sequence,station_code,station_name,legacy_name_code,operational_status,official_map_chainage_km,chainage_datum,coastal_route_km,halt_marked_in_2025_map,platform_faces_verified,platform_bodies_verified,running_lines_verified,loops_verified,sidings_verified,topology_status,chainage_source,chainage_source_date,notes,mapped_platform_faces,mapped_platform_bodies,mapped_numbered_platform_positions,mapped_roads_at_marker_transect,mapped_parallel_running_roads,mapped_connected_loops,mapped_nonloop_sidings,mapped_total_tracks_all_types,mapped_counts_evidence_class,mapped_notes,mapped_snapshot_date,mapped_source_edit_dates,mapped_source_url,mapped_rail_way_ids,mapped_platform_way_ids,mapped_excluded_nonoperational_way_ids,mapped_source_record,map_latitude,map_longitude,mapped_crossing_loop_alignments,mapped_dead_end_extensions_simple_station_only,wikipedia_reported_platforms,wikipedia_reported_tracks,wikipedia_platforms_numeric,wikipedia_tracks_numeric,wikipedia_platform_field_raw,wikipedia_tracks_field_raw,wikipedia_article_url,wikipedia_revision_url,wikipedia_revision_id,wikipedia_revision_timestamp,wikipedia_accessed_date,wikipedia_platform_inline_citation_present,wikipedia_tracks_inline_citation_present,wikipedia_conflict_notes,wikipedia_lookup_status,wikipedia_count_is_current_verified_inventory,wikipedia_display_flag,wikipedia_count_source_class,wikipedia_tracks_source_url,wikipedia_tracks_revision_id,wikipedia_tracks_revision_timestamp,wikipedia_tracks_source_class,iri_reported_platforms,iri_reported_tracks,iri_platform_field_raw,iri_source_url,iri_profile_updated_raw,iri_accessed_date,iri_retrieval_method,iri_count_notes,reported_platform_count,reported_platform_source,reported_platform_display,reported_platform_source_url,reported_count_scope,dated_yard_evidence_count,dated_yard_evidence_json,dated_yard_evidence_scope_note,iri_profile_id,iri_heading_station_code,iri_heading_raw,iri_track_category_raw,iri_reported_running_lines,iri_reported_loops,iri_reported_sidings,iri_profile_update_is_platform_confirmation,iri_numeric_id_and_heading_identity_verified,iri_current_operational_inventory_verified,iri_platform_history_date_raw,iri_history_url,iri_history_findings,wikipedia_comparison,official_chainage_iri_check,yard_totals_iri_check,route_status_assessment,iri_platform_adoption_reason,iri_not_a_current_official_inventory,iri_profile_update_year_explicit,iri_source_reference,iri_search_index_crawl_age_raw,iri_slug_identity_status,iri_source_evidence_file,iri_profile_updated_iso_local,iri_profile_updated_timezone,comparison_wikipedia_platforms,comparison_wikipedia_platform_source,comparison_wikipedia_revision_timestamp,comparison_wikipedia_platform_agreement,iri_explicit_platform_field_update_raw,iri_timeline_evidence_url,iri_platform_count_basis,iri_conflict_notes,satellite_observation_json,satellite_platform_bodies_observed,satellite_body_count_scope,iri_indexed_profile_updated_raw,iri_live_verification_note,iri_indexed_profile_updated_iso_local
1,ERS,Ernakulam Junction,,Listed current by SR2025; no subsequent closure found,0.00,ERS via ALLP,0.00,False,,,,,,Official current yard counts UNVERIFIED; separate mapped observations attached,SR2025,2025-04-01,,6,4,,10,,,,,OSM geometry observed 2026-10-08; NOT current operational certification,Four bodies labelled1;2/3;4/5;6. Ten rail roads cross the station locator transect within180m; six are alongside passenger faces and four are intervening/non-platform roads. Large northeast depot fan extends beyond transect; complete yard/siding total not established. Ignore ERSD platform>3km away.,2026-10-08,2017-08-09T08:34:37Z / 2026-07-12T16:51:30Z,https://www.openstreetmap.org/way/49015814;https://www.openstreetmap.org/way/49015817;https://www.openstreetmap.org/way/86689079;https://www.openstreetmap.org/way/285881579;https://www.openstreetmap.org/way/285881580;https://www.openstreetmap.org/way/285881581;https://www.openstreetmap.org/way/285881583;https://www.openstreetmap.org/way/285881585;https://www.openstreetmap.org/way/483021729;https://www.openstreetmap.org/way/483021730;https://www.openstreetmap.org/way/483021731;https://www.openstreetmap.org/way/483021732;https://www.openstreetmap.org/way/483021733;https://www.openstreetmap.org/way/514137861;https://www.openstreetmap.org/way/514137862;https://www.openstreetmap.org/way/514137864;https://www.openstreetmap.org/way/514137866;https://www.openstreetmap.org/way/514137867;https://www.openstreetmap.org/way/609007655;https://www.openstreetmap.org/way/609008135;https://www.openstreetmap.org/way/640487631;https://www.openstreetmap.org/way/640487634;https://www.openstreetmap.org/way/640487655;https://www.openstreetmap.org/way/640487657;https://www.openstreetmap.org/way/640487660;https://www.openstreetmap.org/way/640487662;https://www.openstreetmap.org/way/640487664;https://www.openstreetmap.org/way/640487666;https://www.openstreetmap.org/way/640487670;https://www.openstreetmap.org/way/640487672;https://www.openstreetmap.org/way/640487677;https://www.openstreetmap.org/way/640487681;https://www.openstreetmap.org/way/640487686;https://www.openstreetmap.org/way/640552551;https://www.openstreetmap.org/way/640552552;https://www.openstreetmap.org/way/640552554;https://www.openstreetmap.org/way/640552557;https://www.openstreetmap.org/way/640552558;https://www.openstreetmap.org/way/640552559;https://www.openstreetmap.org/way/640552563;https://www.openstreetmap.org/way/640552565;https://www.openstreetmap.org/way/640552567;https://www.openstreetmap.org/way/640552568;https://www.openstreetmap.org/way/640552570;https://www.openstreetmap.org/way/640552573;https://www.openstreetmap.org/way/640552575;https://www.openstreetmap.org/way/640552576;https://www.openstreetmap.org/way/640552579;https://www.openstreetmap.org/way/640552581;https://www.openstreetmap.org/way/640552583;https://www.openstreetmap.org/way/640552586;https://www.openstreetmap.org/way/640552588;https://www.openstreetmap.org/way/640552590;https://www.openstreetmap.org/way/640552592;https://www.openstreetmap.org/way/640552594;https://www.openstreetmap.org/way/640552596;https://www.openstreetmap.org/way/640552598;https://www.openstreetmap.org/way/640552600;https://www.openstreetmap.org/way/661604981;https://www.openstreetmap.org/way/743768356;https://www.openstreetmap.org/way/747371312;https://www.openstreetmap.org/way/827738559;https://www.openstreetmap.org/way/827738560;https://www.openstreetmap.org/way/1311408253;https://www.openstreetmap.org/way/1311408254;https://www.openstreetmap.org/way/1312327364;https://www.openstreetmap.org/way/1453149440;https://www.openstreetmap.org/way/1453149441;https://www.openstreetmap.org/way/1453149442;https://www.openstreetmap.org/way/1453154556,49015814;49015817;86689079;285881579;285881580;285881581;285881583;285881585;483021731;514137861;514137862;514137864;514137866;514137867;609007655;609008135;640487631;640487634;640487655;640487657;640487660;640487662;640487664;640487666;640487670;640487672;640487677;640487681;640487686;640552551;640552552;640552554;640552557;640552558;640552559;640552563;640552565;640552567;640552568;640552570;640552573;640552575;640552576;640552579;640552581;640552583;640552586;640552588;640552590;640552592;640552594;640552596;640552598;640552600;661604981;743768356;747371312;827738559;827738560;1311408253;1311408254;1312327364;1453149440;1453149441;1453149442;1453154556,483021729;483021730;483021732;483021733,,northern_observations.json#ERS,9.9690003,76.2909524,,,6,10,6,10,6,10,https://en.wikipedia.org/wiki/Ernakulam_Junction_railway_station,https://en.wikipedia.org/w/index.php?oldid=1376428614,1376428614,2026-09-24T02:35:43Z,2026-10-08,False,False,"No specific conflict identified in this pass. Infobox count is reported, not independently verified as a current engineering inventory.",FOUND,False,,"Wikipedia article infobox, reported secondary figure",,,,,6,NOT_STATED,Number of Platforms: 6,https://indiarailinfo.com/station/map/ernakulam-junction-south-ers/52,Mar 11 2023 (19:40),2026-10-08,Indexed full station profile returned by web search,"Profile platform total explicitly supplied; track category is not a yard-road total. Numerical tracks, loops and sidings are not stated in profile. Profile update date may concern address/category and does not date every field.",6,"India Rail Info profile, fully cross-checked 2026-10-08",6I,https://indiarailinfo.com/station/map/ernakulam-junction-south-ers/52,Reported platform positions; not independently verified current operational inventory,2,"[{""station_code"": ""ERS"", ""evidence_date"": ""2023-02-08"", ""evidence_class"": ""Primary parliamentary answer"", ""scope"": ""Station yard"", ""reported_figures"": ""10 lines, including 6 platform lines"", ""source_url"": ""https://eparlib.sansad.in/bitstream/123456789/1470550/1/AU1047.pdf"", ""accessed_date"": ""2026-10-08"", ""limitations"": ""Official dated inventory; does not locate turnout endpoints or certify no changes after 2023.""}, {""station_code"": ""ERS"", ""evidence_date"": ""2023-02-08"", ""evidence_class"": ""Primary parliamentary answer"", ""scope"": ""Separate Ernakulam coaching depot"", ""reported_figures"": ""5 stabling lines; 3 pit lines"", ""source_url"": ""https://eparlib.sansad.in/bitstream/123456789/1470550/1/AU1047.pdf"", ""accessed_date"": ""2026-10-08"", ""limitations"": ""Depot is a separate facility; do not add to the ten station lines without defining geographical scope.""}]","Evidence is dated and scope-specific. Existing, proposed and separate-depot figures must not be summed into a present station total.",52,ERS,Station code ERS and (6 PFs) read in profile heading; spelling follows source URL,Track: Double Electric-Line,NOT_STATED,NOT_STATED,NOT_STATED,False,True,False,NOT_ESTABLISHED,,No count-specific history date established; profile timestamp not treated as platform update date.,AGREES,Profile does not supply official station-centre chainage; primary SR2025 value retained.,Numeric station tracks/loops/sidings NOT_STATED in inspected profile; no IRI corroboration claimed for Wikipedia totals or mapped counts.,IRI station category double applies to junction context; coastal ERS-AMPA branch remains single baseline with doubling works.,IRI explicit platform total adopted after full-profile cross-check; Wikipedia raw figure retained separately.,True,,,,,,,,,,,,,,,,,,,,,
2,TNU,Tirunettur,Nettoor,CLOSED from2017-07-10,,ERS via ALLP,,False,,,,,,Closed halt; physical remnant platform and historic chainage unresolved,,,Between ERS and KUMM; closure PIB2017TNU; do not plot at invented chainage,,,,1,,,,,OSM geometry observed 2026-10-08; NOT current operational certification,"Officially closed halt in 2017. OSM still labels station; one through track mapped, no platform footprint. OSM station label does not establish passenger operation.",2026-10-08,2021-01-02T15:24:48Z / 2025-06-08T18:54:48Z,https://www.openstreetmap.org/way/96075197;https://www.openstreetmap.org/way/96075219;https://www.openstreetmap.org/way/1189967362;https://www.openstreetmap.org/way/1393344943,96075197;96075219;1189967362,,,northern_observations.json#TNU,9.9342399,76.3085098,,,,,,,,,,,,,,,,Standalone English station article not found under tested title; alternate titles or other-language coverage may exist.,Tested English title missing; aliases/languages may exist,False,,,,,,,1,NOT_STATED,Number of Platforms: 1,https://indiarailinfo.com/station/gallery/videos-pictures-tirunettur-tnu/6542,Apr 26 2020 (18:06),2026-10-08,Indexed full station profile returned by web search,"Profile platform total explicitly supplied; track category is not a yard-road total. Numerical tracks, loops and sidings are not stated in profile. Profile update date may concern address/category and does not date every field.",1,"India Rail Info profile, fully cross-checked 2026-10-08",1I,https://indiarailinfo.com/station/gallery/videos-pictures-tirunettur-tnu/6542,Historical closed station,0,,No additional dated yard inventory recovered in this bounded search.,6542,TNU,Station code TNU and (1 PFs) read in profile heading; spelling follows source URL,Track: Construction - Electric-Line Doubling,NOT_STATED,NOT_STATED,NOT_STATED,False,True,False,NOT_ESTABLISHED,https://indiarailinfo.com/station/timeline/edits-chottanikkara-road-kfe/6542,April2020 update concerns name/address. Historical one-platform profile does not reopen the station closed in2017.,NO_WIKIPEDIA_FIGURE,Profile does not supply official station-centre chainage; primary SR2025 value retained.,Numeric station tracks/loops/sidings NOT_STATED in inspected profile; no IRI corroboration claimed for Wikipedia totals or mapped counts.,IRI construction/doubling category agrees work-in-progress corridor; does not establish second line operational.,IRI explicit platform total adopted after full-profile cross-check; Wikipedia raw figure retained separately.,True,,,,,,,,,,,,,,,,,,,,,
3,KUMM,Kumbalam,,Listed current by SR2025; no subsequent closure found,7.71,ERS via ALLP,7.71,False,,,,,,Official current yard counts UNVERIFIED; separate mapped observations attached,SR2025,2025-04-01,,,,,3,,,,,OSM geometry observed 2026-10-08; NOT current operational certification,"Three parallel long roads within yard; one short auxiliary curved path at south. One small platform-tag polygon1087091821 is only~75m long and incomplete, so full platform body/face count unresolved. No constructed doubling assumed.",2026-10-08,2018-11-04T12:25:17Z / 2022-08-17T22:44:28Z,https://www.openstreetmap.org/way/602468921;https://www.openstreetmap.org/way/640855306;https://www.openstreetmap.org/way/640855307;https://www.openstreetmap.org/way/640855308;https://www.openstreetmap.org/way/1087091821,602468921;640855306;640855307;640855308,1087091821,,northern_observations.json#KUMM,9.9064186,76.3113965,,,,,,,,,,,,,,,,Standalone English station article not found under tested title; alternate titles or other-language coverage may exist.,Tested English title missing; aliases/languages may exist,False,,,,,,,1,NOT_STATED,Number of Platforms: 1,https://indiarailinfo.com/station/map/kumbalam-kumm/6543,"Mar 09 (02:10), year not exposed",2026-10-08,Indexed full station profile returned by web search,"Profile platform total explicitly supplied; track category is not a yard-road total. Numerical tracks, loops and sidings are not stated in profile. Profile update date may concern address/category and does not date every field.",1,"India Rail Info profile, fully cross-checked 2026-10-08",1I,https://indiarailinfo.com/station/map/kumbalam-kumm/6543,Reported platform positions; not independently verified current operational inventory,0,,No additional dated yard inventory recovered in this bounded search.,6543,KUMM,Station code KUMM and (1 PFs) read in profile heading; spelling follows source URL,Track: Construction - Electric-Line Doubling,NOT_STATED,NOT_STATED,NOT_STATED,False,True,False,NOT_ESTABLISHED,,No count-specific history date established; profile timestamp not treated as platform update date.,NO_WIKIPEDIA_FIGURE,Profile does not supply official station-centre chainage; primary SR2025 value retained.,Numeric station tracks/loops/sidings NOT_STATED in inspected profile; no IRI corroboration claimed for Wikipedia totals or mapped counts.,IRI construction/doubling category agrees work-in-progress corridor; does not establish second line operational.,IRI explicit platform total adopted after full-profile cross-check; Wikipedia raw figure retained separately.,True,,,,,,,,,,,,,,,,,,,,,
4,AROR,Aroor,,Listed current by SR2025; no subsequent closure found,12.81,ERS via ALLP,12.81,True,,,,,,Official current yard counts UNVERIFIED; separate mapped observations attached,SR2025,2025-04-01,,,,,1,,,,,OSM geometry observed 2026-10-08; NOT current operational certification,One through track and station building at corrected location. Platform absent from OSM. Original datameet/GeoNames locator1.4km north rejected; corrected stationnode5038554142.,2026-10-08,2021-01-02T15:24:44Z / 2023-11-24T11:38:55Z,https://www.openstreetmap.org/way/618847522;https://www.openstreetmap.org/way/618847523;https://www.openstreetmap.org/way/618851874,618847522;618847523;618851874,,,northern_observations.json#AROR,9.8668,76.2996,,,,,,,,,,,,,,,,Standalone English station article not found under tested title; alternate titles or other-language coverage may exist.,Tested English title missing; aliases/languages may exist,False,,,,,,,1,NOT_STATED,Number of Platforms: 1,https://indiarailinfo.com/station/map/aroor-halt-aror/6544,"Mar 09 (02:22), year not exposed",2026-10-08,Indexed full station profile returned by web search,"Profile platform total explicitly supplied; track category is not a yard-road total. Numerical tracks, loops and sidings are not stated in profile. Profile update date may concern address/category and does not date every field.",1,"India Rail Info profile, fully cross-checked 2026-10-08",1I,https://indiarailinfo.com/station/map/aroor-halt-aror/6544,Reported platform positions; not independently verified current operational inventory,0,,No additional dated yard inventory recovered in this bounded search.,6544,AROR,Station code AROR and (1 PFs) read in profile heading; spelling follows source URL,Track: Construction - Electric-Line Doubling,NOT_STATED,NOT_STATED,NOT_STATED,False,True,False,NOT_ESTABLISHED,,No count-specific history date established; profile timestamp not treated as platform update date.,NO_WIKIPEDIA_FIGURE,Profile does not supply official station-centre chainage; primary SR2025 value retained.,Numeric station tracks/loops/sidings NOT_STATED in inspected profile; no IRI corroboration claimed for Wikipedia totals or mapped counts.,IRI construction/doubling category agrees work-in-progress corridor; does not establish second line operational.,IRI explicit platform total adopted after full-profile cross-check; Wikipedia raw figure retained separately.,True,,,,,,,,,,,,,,,,,,,,,
5,EZP,Ezhupunna,,Listed current by SR2025; no subsequent closure found,18.23,ERS via ALLP,18.23,True,,,,,,Official current yard counts UNVERIFIED; separate mapped observations attached,SR2025,2025-04-01,,,,,1,,,,,OSM geometry observed 2026-10-08; NOT current operational certification,One through track mapped at halt. No platform footprint; cannot infer zero platforms.,2026-10-08,2023-11-24T06:57:43Z / 2023-11-24T06:57:43Z,https://www.openstreetmap.org/way/53023780,53023780,,,northern_observations.json#EZP,9.8199115,76.3021676,,,,,,,,,,,,,,,,Standalone English station article not found under tested title; alternate titles or other-language coverage may exist.,Tested English title missing; aliases/languages may exist,False,,,,,,,1,NOT_STATED,Number of Platforms: 1,https://indiarailinfo.com/station/map/6545,"Mar 23 (02:59), year not exposed",2026-10-08,Indexed full station profile returned by web search,"Profile platform total explicitly supplied; track category is not a yard-road total. Numerical tracks, loops and sidings are not stated in profile. Profile update date may concern address/category and does not date every field.",1,"India Rail Info profile, fully cross-checked 2026-10-08",1I,https://indiarailinfo.com/station/map/6545,Reported platform positions; not independently verified current operational inventory,0,,No additional dated yard inventory recovered in this bounded search.,6545,EZP,Station code EZP and (1 PFs) read in profile heading; spelling follows source URL,Track: Construction - Electric-Line Doubling,NOT_STATED,NOT_STATED,NOT_STATED,False,True,False,2013-07-02 20:46,https://indiarailinfo.com/station/timeline/edits-cherthala-sherthalai-srtl/6545,"Explicit platform entry says1. Recent March23 profile edit is Name & Address, not platform confirmation.",NO_WIKIPEDIA_FIGURE,Profile does not supply official station-centre chainage; primary SR2025 value retained.,Numeric station tracks/loops/sidings NOT_STATED in inspected profile; no IRI corroboration claimed for Wikipedia totals or mapped counts.,IRI construction/doubling category agrees work-in-progress corridor; does not establish second line operational.,IRI explicit platform total adopted after full-profile cross-check; Wikipedia raw figure retained separately.,True,,,,,,,,,,,,,,,,,,,,,
6,TUVR,Turavur,,Listed current by SR2025; no subsequent closure found,23.30,ERS via ALLP,23.30,False,,,,,,Official current yard counts UNVERIFIED; separate mapped observations attached,SR2025,2025-04-01,,,,,3,,,,,OSM geometry observed 2026-10-08; NOT current operational certification,Three long parallel roads; outer two tagged siding but geometrically both-ended crossing loops. Short south auxiliary path and north/south trap/neck extensions also mapped. Platform footprints absent; nearby busplatform excluded.,2026-10-08,2018-11-04T12:25:17Z / 2025-11-24T08:40:10Z,https://www.openstreetmap.org/way/619253921;https://www.openstreetmap.org/way/620304883;https://www.openstreetmap.org/way/640855309;https://www.openstreetmap.org/way/640855310;https://www.openstreetmap.org/way/640855311;https://www.openstreetmap.org/way/640855312;https://www.openstreetmap.org/way/640855313,619253921;640855309;640855310;640855311;640855312;640855313,,,northern_observations.json#TUVR,9.7749279,76.3102752,,,2,3,2,3,2,3,https://en.wikipedia.org/wiki/Thuravoor_railway_station,https://en.wikipedia.org/w/index.php?oldid=1370999246,1370999246,2026-08-24T02:43:49Z,2026-10-08,False,False,"No specific conflict identified in this pass. Infobox count is reported, not independently verified as a current engineering inventory.",FOUND,False,,"Wikipedia article infobox, reported secondary figure",,,,,2,NOT_STATED,Number of Platforms: 2,https://indiarailinfo.com/station/map/turavur-tuvr/436,Jun 27 2025 (15:53),2026-10-08,Indexed full station profile returned by web search,"Profile platform total explicitly supplied; track category is not a yard-road total. Numerical tracks, loops and sidings are not stated in profile. Profile update date may concern address/category and does not date every field.",2,"India Rail Info profile, fully cross-checked 2026-10-08",2I,https://indiarailinfo.com/station/map/turavur-tuvr/436,Reported platform positions; not independently verified current operational inventory,0,,No additional dated yard inventory recovered in this bounded search.,436,TUVR,Station code TUVR and (2 PFs) read in profile heading; spelling follows source URL,Track: Construction - Electric-Line Doubling,NOT_STATED,NOT_STATED,NOT_STATED,False,True,False,NOT_ESTABLISHED,,No count-specific history date established; profile timestamp not treated as platform update date.,AGREES,Profile does not supply official station-centre chainage; primary SR2025 value retained.,Numeric station tracks/loops/sidings NOT_STATED in inspected profile; no IRI corroboration claimed for Wikipedia totals or mapped counts.,IRI construction/doubling category agrees work-in-progress corridor; does not establish second line operational.,IRI explicit platform total adopted after full-profile cross-check; Wikipedia raw figure retained separately.,True,,,,,,,,,,,,,,,,,,,,,
7,VAY,Vayalar,,Listed current by SR2025; no subsequent closure found,26.97,ERS via ALLP,26.97,True,,,,,,Official current yard counts UNVERIFIED; separate mapped observations attached,SR2025,2025-04-01,,,,,1,,,,,OSM geometry observed 2026-10-08; NOT current operational certification,One through track mapped at halt. No platform footprint.,2026-10-08,2021-01-02T15:24:39Z / 2025-03-09T14:07:14Z,https://www.openstreetmap.org/way/619253920;https://www.openstreetmap.org/way/620877837;https://www.openstreetmap.org/way/621229125,619253920;620877837;621229125,,,northern_observations.json#VAY,9.7420079,76.3119626,,,,,,,,,,,,,,,,Standalone English station article not found under tested title; alternate titles or other-language coverage may exist.,Tested English title missing; aliases/languages may exist,False,,,,,,,1,NOT_STATED,Number of Platforms: 1,https://srv23.indiarailinfo.com/station/map/vayalar-vay/6546,NOT_EXPOSED,2026-10-08,Indexed full station profile returned by web search,"Profile platform total explicitly supplied; track category is not a yard-road total. Numerical tracks, loops and sidings are not stated in profile. Profile update date may concern address/category and does not date every field.",1,"India Rail Info profile, fully cross-checked 2026-10-08",1I,https://srv23.indiarailinfo.com/station/map/vayalar-vay/6546,Reported platform positions; not independently verified current operational inventory,0,,No additional dated yard inventory recovered in this bounded search.,6546,VAY,Station code VAY and (1 PFs) read in profile heading; spelling follows source URL,Track: Construction - Electric-Line Doubling,NOT_STATED,NOT_STATED,NOT_STATED,False,True,False,NOT_ESTABLISHED,,No count-specific history date established; profile timestamp not treated as platform update date.,NO_WIKIPEDIA_FIGURE,Profile does not supply official station-centre chainage; primary SR2025 value retained.,Numeric station tracks/loops/sidings NOT_STATED in inspected profile; no IRI corroboration claimed for Wikipedia totals or mapped counts.,IRI construction/doubling category agrees work-in-progress corridor; does not establish second line operational.,IRI explicit platform total adopted after full-profile cross-check; Wikipedia raw figure retained separately.,True,,,,,,,,,,,,,,,,,,,,,
8,SRTL,Cherthala,,Listed current by SR2025; no subsequent closure found,33.31,ERS via ALLP,33.31,False,,,,,,Official current yard counts UNVERIFIED; separate mapped observations attached,SR2025,2025-04-01,,,,,4,,,,,OSM geometry observed 2026-10-08; NOT current operational certification,"Four roads intersect local station transect: main route, two long outer loop-like roads and an additional western yard road. Additional western dead-end spur and end trap/neck extensions mapped. Platform footprints absent; operational line purposes unverified.",2026-10-08,2018-11-04T12:59:35Z / 2025-02-17T07:33:28Z,https://www.openstreetmap.org/way/53021635;https://www.openstreetmap.org/way/97246730;https://www.openstreetmap.org/way/640865716;https://www.openstreetmap.org/way/640865717;https://www.openstreetmap.org/way/640865718;https://www.openstreetmap.org/way/640865719;https://www.openstreetmap.org/way/640865720;https://www.openstreetmap.org/way/640865721,53021635;97246730;640865716;640865717;640865718;640865719;640865720;640865721,,,northern_observations.json#SRTL,9.6912036,76.3257168,,,3,5,3,5,3,5,https://en.wikipedia.org/wiki/Cherthala_railway_station,https://en.wikipedia.org/w/index.php?oldid=1370893279,1370893279,2026-08-23T16:34:52Z,2026-10-08,False,False,"No specific conflict identified in this pass. Infobox count is reported, not independently verified as a current engineering inventory.",FOUND,False,,"Wikipedia article infobox, reported secondary figure",,,,,3,NOT_STATED,Number of Platforms: 3,https://indiarailinfo.com/station/map/tiruvizha-trvz/53,Jun 27 2025 (15:52),2026-10-08,Indexed full station profile returned by web search,"Profile platform total explicitly supplied; track category is not a yard-road total. Numerical tracks, loops and sidings are not stated in profile. Profile update date may concern address/category and does not date every field.",3,"India Rail Info profile, fully cross-checked 2026-10-08",3I,https://indiarailinfo.com/station/map/tiruvizha-trvz/53,Reported platform positions; not independently verified current operational inventory,0,,No additional dated yard inventory recovered in this bounded search.,53,SRTL,Station code SRTL and (3 PFs) read in profile heading; spelling follows source URL,Track: Construction - Electric-Line Doubling,NOT_STATED,NOT_STATED,NOT_STATED,False,True,False,NOT_ESTABLISHED,,No count-specific history date established; profile timestamp not treated as platform update date.,AGREES,Profile does not supply official station-centre chainage; primary SR2025 value retained.,Numeric station tracks/loops/sidings NOT_STATED in inspected profile; no IRI corroboration claimed for Wikipedia totals or mapped counts.,IRI construction/doubling category agrees work-in-progress corridor; does not establish second line operational.,IRI explicit platform total adopted after full-profile cross-check; Wikipedia raw figure retained separately.,True,,,,,,,,,,,,,,,,,,,,,
9,TRVZ,Tiruvizha,,Listed current by SR2025; no subsequent closure found,39.13,ERS via ALLP,39.13,True,,,,,,Official current yard counts UNVERIFIED; separate mapped observations attached,SR2025,2025-04-01,,,,,1,,,,,OSM geometry observed 2026-10-08; NOT current operational certification,One through track. Platform-tagged polygon1226986966 looks like a short station building/covered-footprint rather than full passenger platform; full body/face count unresolved.,2026-10-08,2025-02-17T07:33:28Z / 2025-07-21T22:29:08Z,https://www.openstreetmap.org/way/97246730;https://www.openstreetmap.org/way/1096624374;https://www.openstreetmap.org/way/1226986966,97246730,1226986966,,northern_observations.json#TRVZ,9.6424476,76.3263927,,,,,,,,,,,,,,,,Standalone English station article not found under tested title; alternate titles or other-language coverage may exist.,Tested English title missing; aliases/languages may exist,False,,,,,,,1,NOT_STATED,Number of Platforms: 1,https://indiarailinfo.com/station/map/tiruvizha-trvz/7214,Dec 06 2024 (20:53),2026-10-08,Indexed full station profile returned by web search,"Profile platform total explicitly supplied; track category is not a yard-road total. Numerical tracks, loops and sidings are not stated in profile. Profile update date may concern address/category and does not date every field.",1,"India Rail Info profile, fully cross-checked 2026-10-08",1I,https://indiarailinfo.com/station/map/tiruvizha-trvz/7214,Reported platform positions; not independently verified current operational inventory,0,,No additional dated yard inventory recovered in this bounded search.,7214,TRVZ,Station code TRVZ and (1 PFs) read in profile heading; spelling follows source URL,Track: Construction - Electric-Line Doubling,NOT_STATED,NOT_STATED,NOT_STATED,False,True,False,NOT_ESTABLISHED,,No count-specific history date established; profile timestamp not treated as platform update date.,NO_WIKIPEDIA_FIGURE,Profile does not supply official station-centre chainage; primary SR2025 value retained.,Numeric station tracks/loops/sidings NOT_STATED in inspected profile; no IRI corroboration claimed for Wikipedia totals or mapped counts.,IRI construction/doubling category agrees work-in-progress corridor; does not establish second line operational.,IRI explicit platform total adopted after full-profile cross-check; Wikipedia raw figure retained separately.,True,,,,,,,,,,,,,,,,,,,,,
10,MAKM,Mararikulam,,Listed current by SR2025; no subsequent closure found,44.23,ERS via ALLP,44.23,False,,,,,,Official current yard counts UNVERIFIED; separate mapped observations attached,SR2025,2025-04-01,,1,1,,3,,,,,OSM geometry observed 2026-10-08; NOT current operational certification,"One clear sideplatform ref1(way798274551). Stationbuilding798274550 also taggedplatform but excluded to avoid double counting. Three long parallel roads; two outer roads taggedsidings but both-ended. Short southern auxiliaryloop, north refuge spur and south trap extension mapped. Actual current second platform not established.",2026-10-08,2018-11-04T12:59:36Z / 2025-11-10T19:23:30Z,https://www.openstreetmap.org/way/97246730;https://www.openstreetmap.org/way/640865722;https://www.openstreetmap.org/way/640865723;https://www.openstreetmap.org/way/640865724;https://www.openstreetmap.org/way/640865725;https://www.openstreetmap.org/way/640865726;https://www.openstreetmap.org/way/798274550;https://www.openstreetmap.org/way/798274551,97246730;640865722;640865723;640865724;640865725;640865726,798274550;798274551,,northern_observations.json#MAKM,9.5977041,76.3180189,,,2,2,2,2,2,2,https://en.wikipedia.org/wiki/Mararikulam_railway_station,https://en.wikipedia.org/w/index.php?oldid=1371195631,1371195631,2026-08-25T03:44:58Z,2026-10-08,False,False,"Internal conflict: infobox reports 2 platforms and 2 tracks; layout text says 3 rail lines with only 1 platform-access line. OSM maps one clear platform body and three long roads. Retain 2 as Wikipedia-reported, mark disputed.",FOUND,False,*,"Wikipedia article infobox, reported secondary figure",,,,,2,NOT_STATED,Number of Platforms: 2,https://d.indiarailinfo.com/station/map/mararikkulam-makm/1784,Jun 27 2025 (15:55),2026-10-08,Indexed full station profile returned by web search,"Profile platform total explicitly supplied; track category is not a yard-road total. Numerical tracks, loops and sidings are not stated in profile. Profile update date may concern address/category and does not date every field.",2,"India Rail Info profile, fully cross-checked 2026-10-08",2I*,https://d.indiarailinfo.com/station/map/mararikkulam-makm/1784,Reported platform positions; not independently verified current operational inventory,0,,No additional dated yard inventory recovered in this bounded search.,1784,MAKM,Station code MAKM and (2 PFs) read in profile heading; spelling follows source URL,Track: Construction - Electric-Line Doubling,NOT_STATED,NOT_STATED,NOT_STATED,False,True,False,2021-11-23 15:17,https://indiarailinfo.com/station/timeline/edits-alappuzha-alleppey-allp/1784,"History shows platform count 1 to 2. Entry4640430 is marked Duplicate, so it records community history rather than independent field confirmation.",AGREES,Profile does not supply official station-centre chainage; primary SR2025 value retained.,Numeric station tracks/loops/sidings NOT_STATED in inspected profile; no IRI corroboration claimed for Wikipedia totals or mapped counts.,IRI construction/doubling category agrees work-in-progress corridor; does not establish second line operational.,IRI explicit platform total adopted after full-profile cross-check; Wikipedia raw figure retained separately.,True,,,,,,,,,,,,,,,,,,,,,
11,KAVR,Kalavur,,Listed current by SR2025; no subsequent closure found,47.58,ERS via ALLP,47.58,True,,,,,,Official current yard counts UNVERIFIED; separate mapped observations attached,SR2025,2025-04-01,,,,,1,,,,,OSM geometry observed 2026-10-08; NOT current operational certification,One through track mapped at halt. No platform footprint.,2026-10-08,2025-02-17T07:33:28Z / 2025-02-17T07:33:28Z,https://www.openstreetmap.org/way/97246730,97246730,,,northern_observations.json#KAVR,9.5679922,76.3185589,,,,,,,,,,,,,,,,Standalone English station article not found under tested title; alternate titles or other-language coverage may exist.,Tested English title missing; aliases/languages may exist,False,,,,,,,1,NOT_STATED,Number of Platforms: 1,https://indiarailinfo.com/station/map/turavur-tuvr/6547,"Mar 10 (01:53), year not exposed",2026-10-08,Indexed full station profile returned by web search,"Profile platform total explicitly supplied; track category is not a yard-road total. Numerical tracks, loops and sidings are not stated in profile. Profile update date may concern address/category and does not date every field.",1,"India Rail Info profile, fully cross-checked 2026-10-08",1I,https://indiarailinfo.com/station/map/turavur-tuvr/6547,Reported platform positions; not independently verified current operational inventory,0,,No additional dated yard inventory recovered in this bounded search.,6547,KAVR,Station code KAVR and (1 PFs) read in profile heading; spelling follows source URL,Track: Construction - Electric-Line Doubling,NOT_STATED,NOT_STATED,NOT_STATED,False,True,False,NOT_ESTABLISHED,,No count-specific history date established; profile timestamp not treated as platform update date.,NO_WIKIPEDIA_FIGURE,Profile does not supply official station-centre chainage; primary SR2025 value retained.,Numeric station tracks/loops/sidings NOT_STATED in inspected profile; no IRI corroboration claimed for Wikipedia totals or mapped counts.,IRI construction/doubling category agrees work-in-progress corridor; does not establish second line operational.,IRI explicit platform total adopted after full-profile cross-check; Wikipedia raw figure retained separately.,True,,,,,,,,,,,,,,,,,,,,,
12,TMPY,Tumboli,,Listed current by SR2025; no subsequent closure found,53.00,ERS via ALLP,53.00,True,,,,,,Official current yard counts UNVERIFIED; separate mapped observations attached,SR2025,2025-04-01,,,,,1,,,,,OSM geometry observed 2026-10-08; NOT current operational certification,One through track mapped at halt. No platform footprint.,2026-10-08,2025-02-17T07:33:28Z / 2025-02-17T07:33:28Z,https://www.openstreetmap.org/way/97246730,97246730,,,northern_observations.json#TMPY,9.5190995,76.3218993,,,,,,,,,,,,,,,,Standalone English station article not found under tested title; alternate titles or other-language coverage may exist.,Tested English title missing; aliases/languages may exist,False,,,,,,,1,NOT_STATED,Number of Platforms: 1,https://m.indiarailinfo.com/station/map/tumboli-tmpy/6548,Oct 01 2024 (19:10),2026-10-08,Indexed full station profile returned by web search,"Profile platform total explicitly supplied; track category is not a yard-road total. Numerical tracks, loops and sidings are not stated in profile. Profile update date may concern address/category and does not date every field.",1,"India Rail Info profile, fully cross-checked 2026-10-08",1I,https://m.indiarailinfo.com/station/map/tumboli-tmpy/6548,Reported platform positions; not independently verified current operational inventory,0,,No additional dated yard inventory recovered in this bounded search.,6548,TMPY,Station code TMPY and (1 PFs) read in profile heading; spelling follows source URL,Track: Construction - Electric-Line Doubling,NOT_STATED,NOT_STATED,NOT_STATED,False,True,False,NOT_ESTABLISHED,,No count-specific history date established; profile timestamp not treated as platform update date.,NO_WIKIPEDIA_FIGURE,Profile does not supply official station-centre chainage; primary SR2025 value retained.,Numeric station tracks/loops/sidings NOT_STATED in inspected profile; no IRI corroboration claimed for Wikipedia totals or mapped counts.,IRI construction/doubling category agrees work-in-progress corridor; does not establish second line operational.,IRI explicit platform total adopted after full-profile cross-check; Wikipedia raw figure retained separately.,True,,,,,,,,,,,,,,,,,,,,,
13,ALLP,Alappuzha,,Listed current by SR2025; no subsequent closure found,57.00,ERS via ALLP,57.00,False,,,,,,Official current yard counts UNVERIFIED; separate mapped observations attached,SR2025,2025-04-01,,3,2,,6,,,,,OSM geometry observed 2026-10-08; NOT current operational certification,Body 1 ref1; islandbody 2 refs2&3. Three passenger-adjacent roads plus three west-side serviceyard paths cross locator transect; one service path shorter than full yard. Service neck extends far south; total yardroad count depends on treatment of that continuation. South serviceway has passenger_lines=2 despite single physical geometry; do not count this tag as tracks.,2026-10-08,2018-11-04T15:21:43Z / 2024-08-27T03:18:47Z,https://www.openstreetmap.org/way/519388781;https://www.openstreetmap.org/way/632741076;https://www.openstreetmap.org/way/632741099;https://www.openstreetmap.org/way/632741103;https://www.openstreetmap.org/way/632741104;https://www.openstreetmap.org/way/632741106;https://www.openstreetmap.org/way/632741107;https://www.openstreetmap.org/way/640907583;https://www.openstreetmap.org/way/640907584;https://www.openstreetmap.org/way/640907585;https://www.openstreetmap.org/way/640907586;https://www.openstreetmap.org/way/640907587;https://www.openstreetmap.org/way/649481297;https://www.openstreetmap.org/way/649481298;https://www.openstreetmap.org/way/1114826164,519388781;632741076;632741099;632741103;632741104;632741106;632741107;640907583;640907584;640907585;640907586;640907587;1114826164,649481297;649481298,,northern_observations.json#ALLP,9.4846528,76.3223403,,,3 ( 4 th Platform is Under Construction ),6,3,6,3 ( 4 th Platform is Under Construction ),6,https://en.wikipedia.org/wiki/Alappuzha_railway_station,https://en.wikipedia.org/w/index.php?oldid=1376888425,1376888425,2026-09-26T20:13:32Z,2026-10-08,False,False,"Infobox reports 3 platforms with a fourth under construction; displayed current reported count is 3, never 4. Six tracks reported. OSM shows 3 faces on 2 bodies.",FOUND,False,*,"Wikipedia article infobox, reported secondary figure",,,,,3,NOT_STATED,Number of Platforms: 3,https://indiarailinfo.com/station/map/alappuzha-alleppey-allp/54,Sep 27 2025 (19:00),2026-10-08,Indexed full station profile returned by web search,"Profile platform total explicitly supplied; track category is not a yard-road total. Numerical tracks, loops and sidings are not stated in profile. Profile update date may concern address/category and does not date every field.",3,"India Rail Info profile, fully cross-checked 2026-10-08",3I*,https://indiarailinfo.com/station/map/alappuzha-alleppey-allp/54,Reported platform positions; not independently verified current operational inventory,1,"[{""station_code"": ""ALLP"", ""evidence_date"": ""2022-07-17"", ""evidence_class"": ""IRI community compilation claiming RTI source"", ""scope"": ""Maintenance facility"", ""reported_figures"": ""1 pit line"", ""source_url"": ""https://srv23.indiarailinfo.com/blog/post/5416065"", ""accessed_date"": ""2026-10-08"", ""limitations"": ""Original RTI response not recovered; historical reported inventory.""}]","Evidence is dated and scope-specific. Existing, proposed and separate-depot figures must not be summed into a present station total.",54,ALLP,Station code ALLP and (3 PFs) read in profile heading; spelling follows source URL,Track: Construction - Electric-Line Doubling,NOT_STATED,NOT_STATED,NOT_STATED,False,True,False,"Jun 01 (13:13), year not exposed",https://indiarailinfo.com/station/timeline/edits-alappuzha-alleppey-allp/54,"Attempted count3 to5 (entry9193977) was immediately reverted5 to3 (entry9193979); comment calls attempted change wrong. Adopt current profile3, exclude reverted5.",AGREES,Profile does not supply official station-centre chainage; primary SR2025 value retained.,Numeric station tracks/loops/sidings NOT_STATED in inspected profile; no IRI corroboration claimed for Wikipedia totals or mapped counts.,IRI construction/doubling category agrees work-in-progress corridor; does not establish second line operational.,IRI explicit platform total adopted after full-profile cross-check; Wikipedia raw figure retained separately.,True,,,,,,,,,,,,,,,,,,,,,
14,PNPR,Punnapra,,Listed current by SR2025; no subsequent closure found,64.07,ERS via ALLP,64.07,True,,,,,,Official current yard counts UNVERIFIED; separate mapped observations attached,SR2025,2025-04-01,,,,,1,,,,,OSM geometry observed 2026-10-08; NOT current operational certification,"One through track; platform footprint absent. Corrected OSM node3296422361 at9.4233973,76.3419377 uses alternate PUPR; officialstation code PNPR. Datameet PNPR point3km north rejected.",2026-10-08,2025-12-27T10:26:09Z / 2025-12-27T10:26:09Z,https://www.openstreetmap.org/way/618707708,618707708,,,northern_observations.json#PNPR,9.4234,76.34194,,,,,,,,,,,,,,,,Standalone English station article not found under tested title; alternate titles or other-language coverage may exist.,Tested English title missing; aliases/languages may exist,False,,,,,,,1,NOT_STATED,Number of Platforms: 1,https://indiarailinfo.com/station/map/tiruvizha-trvz/7373,Oct 02 2024 (22:58),2026-10-08,Indexed full station profile returned by web search,"Profile platform total explicitly supplied; track category is not a yard-road total. Numerical tracks, loops and sidings are not stated in profile. Profile update date may concern address/category and does not date every field.",1,"India Rail Info profile, fully cross-checked 2026-10-08",1I,https://indiarailinfo.com/station/map/tiruvizha-trvz/7373,Reported platform positions; not independently verified current operational inventory,0,,No additional dated yard inventory recovered in this bounded search.,7373,PNPR,Station code PNPR and (1 PFs) read in profile heading; spelling follows source URL,Track: Construction - Electric-Line Doubling,NOT_STATED,NOT_STATED,NOT_STATED,False,True,False,NOT_ESTABLISHED,,No count-specific history date established; profile timestamp not treated as platform update date.,NO_WIKIPEDIA_FIGURE,Profile does not supply official station-centre chainage; primary SR2025 value retained.,Numeric station tracks/loops/sidings NOT_STATED in inspected profile; no IRI corroboration claimed for Wikipedia totals or mapped counts.,IRI construction/doubling category agrees work-in-progress corridor; does not establish second line operational.,IRI explicit platform total adopted after full-profile cross-check; Wikipedia raw figure retained separately.,True,,,,,,,,,,,,,,,,,,,,,
15,AMPA,Ambalappuzha,,Listed current by SR2025; no subsequent closure found,69.16,ERS via ALLP,69.16,False,,,,,,Official current yard counts UNVERIFIED; separate mapped observations attached,SR2025,2025-04-01,,3,2,,4,,,,,OSM geometry observed 2026-10-08; NOT current operational certification,"One west-side body and one islandbody imply3 track-adjacent faces. Four parallel roads through yard including outer east-side serviceyard road; additional west-side dead-end goods/yard spur and north/south trap/neck ends. North single-line and south double-line geometries visible, but no official turnout chainage established.",2026-10-08,2018-11-04T15:21:43Z / 2025-12-27T10:26:09Z,https://www.openstreetmap.org/way/618707708;https://www.openstreetmap.org/way/640907588;https://www.openstreetmap.org/way/640907590;https://www.openstreetmap.org/way/640907591;https://www.openstreetmap.org/way/640907594;https://www.openstreetmap.org/way/640907595;https://www.openstreetmap.org/way/1034298611;https://www.openstreetmap.org/way/1034298614;https://www.openstreetmap.org/way/1034298617;https://www.openstreetmap.org/way/1034298618;https://www.openstreetmap.org/way/1034621340;https://www.openstreetmap.org/way/1034621341,618707708;640907588;640907590;640907591;640907594;640907595;1034298611;1034298614;1034298617;1034298618,1034621340;1034621341,,northern_observations.json#AMPA,9.3862866,76.3627219,,,3,5,3,5,3,5,https://en.wikipedia.org/wiki/Ambalappuzha_railway_station,https://en.wikipedia.org/w/index.php?oldid=1376667113,1376667113,2026-09-25T15:17:46Z,2026-10-08,False,False,"Infobox reports 3 platforms and 5 tracks. Layout prose appears copied from Alappuzha, naming that other station and its escalators; it does not independently corroborate Ambalappuzha.",FOUND,False,*,"Wikipedia article infobox, reported secondary figure",,,,,3,NOT_STATED,Number of Platforms: 3,https://indiarailinfo.com/station/map/ambalappuzha-ampa/55,Sep 18 2024 (00:09),2026-10-08,Indexed full station profile returned by web search,"Profile platform total explicitly supplied; track category is not a yard-road total. Numerical tracks, loops and sidings are not stated in profile. Profile update date may concern address/category and does not date every field.",3,"India Rail Info profile, fully cross-checked 2026-10-08",3I,https://indiarailinfo.com/station/map/ambalappuzha-ampa/55,Reported platform positions; not independently verified current operational inventory,0,,No additional dated yard inventory recovered in this bounded search.,55,AMPA,Station code AMPA and (3 PFs) read in profile heading; spelling follows source URL,Track: Construction - Electric-Line Doubling,NOT_STATED,NOT_STATED,NOT_STATED,False,True,False,NOT_ESTABLISHED,,No count-specific history date established; profile timestamp not treated as platform update date.,AGREES,Profile does not supply official station-centre chainage; primary SR2025 value retained.,Numeric station tracks/loops/sidings NOT_STATED in inspected profile; no IRI corroboration claimed for Wikipedia totals or mapped counts.,Boundary station: IRI construction/doubling label coexists with completed double line south to HAD; no exact turnout boundary supplied.,IRI explicit platform total adopted after full-profile cross-check; Wikipedia raw figure retained separately.,True,,,,,,,,,,,,,,,,,,,,,
16,TZH,Takazhi,,Listed current by SR2025; no subsequent closure found,74.84,ERS via ALLP,74.84,True,,,,,,Official current yard counts UNVERIFIED; separate mapped observations attached,SR2025,2025-04-01,2025 system map prints TZHI; official2025 station list confirms TZH,2,2,,2,,,,,OSM geometry observed 2026-10-08; NOT current operational certification,Two sideplatform bodies beside two continuous main tracks; no extra track mapped within inspected station bounding box.,2026-10-08,2022-02-22T20:38:37Z / 2022-02-23T21:30:14Z,https://www.openstreetmap.org/way/619910178;https://www.openstreetmap.org/way/619910190;https://www.openstreetmap.org/way/619910191;https://www.openstreetmap.org/way/619980222;https://www.openstreetmap.org/way/619980232;https://www.openstreetmap.org/way/623159339;https://www.openstreetmap.org/way/1034621335;https://www.openstreetmap.org/way/1034621338,619910178;619910190;619910191;619980222;619980232;1034621335,623159339;1034621338,,northern_observations.json#TZH,9.3707291,76.4091501,,,1,2,1,2,1,2,https://en.wikipedia.org/wiki/Thakazhy_railway_station,https://en.wikipedia.org/w/index.php?oldid=1362202623,1362202623,2026-07-02T13:51:00Z,2026-10-08,False,False,Article reports1platform/2tracks but OSM maps2sideplatforms. InfoboxstationcodeTKZ conflicts with bodyTZH; officialTZH retained. Count disputed by mappedgeometry.,FOUND,False,*,"Wikipedia station article infobox, reported secondary figure",,,,,2,NOT_STATED,Number of Platforms: 2,https://d.indiarailinfo.com/station/map/takazhi-tzh/9793,Dec 06 2024 (21:09),2026-10-08,Indexed full station profile returned by web search,"Profile platform total explicitly supplied; track category is not a yard-road total. Numerical tracks, loops and sidings are not stated in profile. Profile update date may concern address/category and does not date every field.",2,"India Rail Info profile, fully cross-checked 2026-10-08",2I*,https://d.indiarailinfo.com/station/map/takazhi-tzh/9793,Reported platform positions; not independently verified current operational inventory,0,,No additional dated yard inventory recovered in this bounded search.,9793,TZH,Station code TZH and (2 PFs) read in profile heading; spelling follows source URL,Track: Double Electric-Line,NOT_STATED,NOT_STATED,NOT_STATED,False,True,False,2024-06-22 07:59,https://indiarailinfo.com/station/timeline/edits-ambalappuzha-ampa/9793,Platform count explicitly changed from 1 to 2; entry6625866/blog6102727. Matches two OSM side platforms.,DISAGREES,Profile does not supply official station-centre chainage; primary SR2025 value retained.,Numeric station tracks/loops/sidings NOT_STATED in inspected profile; no IRI corroboration claimed for Wikipedia totals or mapped counts.,IRI double-line category agrees primary named-section baseline; not a complete yard inventory.,IRI count-specific 2024 change1 to2 plus two mapped side platforms supports adopting2 over Wikipedia1.,True,,,,,,,,,,,,,,,,"{""station_code"": ""TZH"", ""provider"": ""Google Maps satellite, cloud browser visually inspected"", ""accessed_date"": ""2026-10-08"", ""imagery_acquisition_date"": ""NOT_EXPOSED"", ""coordinates"": ""9.3706091,76.4082796"", ""observation"": ""Two opposing side platforms with shelter structures and footbridge across two parallel running tracks."", ""implication"": ""Corroborates IRI2 and dated June2024 count change; imagery alone does not certify current operational status."", ""source_url"": ""https://www.google.com/maps/search/Takazhi+railway+station/@9.3706091,76.4082796,224m/data=!3m1!1e3?entry=ttu&g_ep=EgoyMDI2MTAwNS4wIKXMDSoASAFQAw%3D%3D""}",2,Visible developed platform bodies; incomplete or undated imagery does not certify current operation.,,,
17,KVTA,Karuvatta,,Listed current by SR2025; no subsequent closure found,81.49,ERS via ALLP,81.49,True,,,,,,Official current yard counts UNVERIFIED; separate mapped observations attached,SR2025,2025-04-01,,2,2,,2,,,,,OSM geometry observed 2026-10-08; NOT current operational certification,Two sideplatform bodies beside two continuous main tracks; no extra track mapped within inspected station bounding box.,2026-10-08,2022-02-24T20:58:24Z / 2025-05-27T22:33:36Z,https://www.openstreetmap.org/way/467777629;https://www.openstreetmap.org/way/1034621330;https://www.openstreetmap.org/way/1034910485;https://www.openstreetmap.org/way/1034910486,467777629;1034621330,1034910485;1034910486,,northern_observations.json#KVTA,9.3166262,76.4311191,,,,,,,,,,,,,,,,Standalone English station article not found under tested title; alternate titles or other-language coverage may exist.,Tested English title missing; aliases/languages may exist,False,,,,,,,2,NOT_STATED,Number of Platforms: 2,https://d.indiarailinfo.com/station/map/karuvatta-halt-kvta/6540,Sep 22 2024 (09:15),2026-10-08,Indexed full station profile returned by web search,"Profile platform total explicitly supplied; track category is not a yard-road total. Numerical tracks, loops and sidings are not stated in profile. Profile update date may concern address/category and does not date every field.",2,"India Rail Info profile, fully cross-checked 2026-10-08",2I,https://d.indiarailinfo.com/station/map/karuvatta-halt-kvta/6540,Reported platform positions; not independently verified current operational inventory,0,,No additional dated yard inventory recovered in this bounded search.,6540,KVTA,Station code KVTA and (2 PFs) read in profile heading; spelling follows source URL,Track: Double Electric-Line,NOT_STATED,NOT_STATED,NOT_STATED,False,True,False,NOT_ESTABLISHED,,No count-specific history date established; profile timestamp not treated as platform update date.,NO_WIKIPEDIA_FIGURE,Profile does not supply official station-centre chainage; primary SR2025 value retained.,Numeric station tracks/loops/sidings NOT_STATED in inspected profile; no IRI corroboration claimed for Wikipedia totals or mapped counts.,IRI double-line category agrees primary named-section baseline; not a complete yard inventory.,IRI explicit platform total adopted after full-profile cross-check; Wikipedia raw figure retained separately.,True,,,,,,,,,,,,,,,,,,,,,
18,HAD,Haripad,,Listed current by SR2025; no subsequent closure found,87.30,ERS via ALLP,87.30,False,,,,,,Official current yard counts UNVERIFIED; separate mapped observations attached,SR2025,2025-04-01,,,,,4,,,,,OSM geometry observed 2026-10-08; NOT current operational certification,Two continuousmain tracks +two long outer loop-like roads; northwest dead-end yard spur and short trap extensions mapped. Platform footprints absent.,2026-10-08,2018-11-04T15:21:43Z / 2025-11-24T08:40:10Z,https://www.openstreetmap.org/way/467777629;https://www.openstreetmap.org/way/520216267;https://www.openstreetmap.org/way/640907596;https://www.openstreetmap.org/way/640907597;https://www.openstreetmap.org/way/640907598;https://www.openstreetmap.org/way/640907599;https://www.openstreetmap.org/way/640907600;https://www.openstreetmap.org/way/640907601;https://www.openstreetmap.org/way/640907602;https://www.openstreetmap.org/way/640907603;https://www.openstreetmap.org/way/640907604;https://www.openstreetmap.org/way/640907605;https://www.openstreetmap.org/way/1034621330;https://www.openstreetmap.org/way/1278186313,467777629;520216267;640907596;640907597;640907598;640907599;640907600;640907601;640907602;640907603;640907604;640907605;1034621330,,,northern_observations.json#HAD,9.2777001,76.4631904,,,2,4,2,4,2,4,https://en.wikipedia.org/wiki/Haripad_railway_station,https://en.wikipedia.org/w/index.php?oldid=1371001349,1371001349,2026-08-24T02:50:49Z,2026-10-08,False,False,Wikipedia currently reports 2 platforms and 4 tracks. No platform bodies mapped in inspected OSM; completeness cannot be cross-checked from that source.,FOUND,False,*,"Wikipedia article infobox, reported secondary figure",,,,,2,NOT_STATED,Number of Platforms: 2,https://indiarailinfo.com/station/map/harippad-had/56,Jul 16 2025 (17:19),2026-10-08,Indexed full station profile returned by web search,"Profile platform total explicitly supplied; track category is not a yard-road total. Numerical tracks, loops and sidings are not stated in profile. Profile update date may concern address/category and does not date every field.",2,"India Rail Info profile, fully cross-checked 2026-10-08",2I,https://indiarailinfo.com/station/map/harippad-had/56,Reported platform positions; not independently verified current operational inventory,0,,No additional dated yard inventory recovered in this bounded search.,56,HAD,Station code HAD and (2 PFs) read in profile heading; spelling follows source URL,Track: Double Electric-Line,NOT_STATED,NOT_STATED,NOT_STATED,False,True,False,NOT_ESTABLISHED,,No count-specific history date established; profile timestamp not treated as platform update date.,AGREES,Profile does not supply official station-centre chainage; primary SR2025 value retained.,Numeric station tracks/loops/sidings NOT_STATED in inspected profile; no IRI corroboration claimed for Wikipedia totals or mapped counts.,IRI double-line category agrees primary named-section baseline; not a complete yard inventory.,IRI explicit platform total adopted after full-profile cross-check; Wikipedia raw figure retained separately.,True,,,,,,,,,,,,,,,,,,,,,
19,CHPD,Cheppad,,Listed current by SR2025; no subsequent closure found,92.58,ERS via ALLP,92.58,False,,,,,,Official current yard counts UNVERIFIED; separate mapped observations attached,SR2025,2025-04-01,,,,,4,,,,,OSM geometry observed 2026-10-08; NOT current operational certification,Two main tracks plus one long west loop and shorter western auxiliary yardroad crossing locator transect. Additional crossover and trapextension geometry. Platform footprints absent.,2026-10-08,2018-11-04T15:21:44Z / 2025-11-24T08:40:10Z,https://www.openstreetmap.org/way/175569539;https://www.openstreetmap.org/way/520216267;https://www.openstreetmap.org/way/640907606;https://www.openstreetmap.org/way/640907607;https://www.openstreetmap.org/way/640907608;https://www.openstreetmap.org/way/640907609;https://www.openstreetmap.org/way/640907610;https://www.openstreetmap.org/way/640907611;https://www.openstreetmap.org/way/640907612;https://www.openstreetmap.org/way/1034621330,175569539;520216267;640907606;640907607;640907608;640907609;640907610;640907611;640907612;1034621330,,,northern_observations.json#CHPD,9.2330076,76.4768113,,,,,,,,,,,,,,,,Standalone English station article not found under tested title; alternate titles or other-language coverage may exist.,Tested English title missing; aliases/languages may exist,False,,,,,,,3,NOT_STATED,Number of Platforms: 3,https://indiarailinfo.com/station/blog/cheppad-halt-chpd/6541,NOT_EXPOSED,2026-10-08,Indexed full station profile returned by web search,"Profile platform total explicitly supplied; track category is not a yard-road total. Numerical tracks, loops and sidings are not stated in profile. Profile update date may concern address/category and does not date every field.",3,"India Rail Info profile, fully cross-checked 2026-10-08",3I,https://indiarailinfo.com/station/blog/cheppad-halt-chpd/6541,Reported platform positions; not independently verified current operational inventory,0,,No additional dated yard inventory recovered in this bounded search.,6541,CHPD,Station code CHPD and (3 PFs) read in profile heading; spelling follows source URL,Track: Double Electric-Line,NOT_STATED,NOT_STATED,NOT_STATED,False,True,False,NOT_ESTABLISHED,,No count-specific history date established; profile timestamp not treated as platform update date.,NO_WIKIPEDIA_FIGURE,Profile does not supply official station-centre chainage; primary SR2025 value retained.,Numeric station tracks/loops/sidings NOT_STATED in inspected profile; no IRI corroboration claimed for Wikipedia totals or mapped counts.,IRI double-line category agrees primary named-section baseline; not a complete yard inventory.,IRI explicit platform total adopted after full-profile cross-check; Wikipedia raw figure retained separately.,True,,,,,,,,,,,,,,,,,,,,,
20,KYJ,Kayamkulam Junction,,Listed current by SR2025; no subsequent closure found,100.34,ERS via ALLP,100.34,False,,,,,,Official current yard counts UNVERIFIED; separate mapped observations attached,SR2025,2025-04-01,Dual chainage: 100.34 via Alappuzha; 114.66 via Kottayam. Conversion anchor.,5,3,,6,,,,,OSM geometry observed 2026-10-08; NOT current operational certification,"Three bodies: western sidebody plus two islandbodies gives5 adjacentfaces. Middle island refs2;3 and eastern4;5; western side body wrongly repeats2;3 rather than1, so numbering is unresolved there. Six parallel station roads; one outsideeastisland has no platform face. Numerous throat crossovers/neck extensions not extra long roads.",2026-10-08,2018-08-23T10:48:27Z / 2026-07-09T15:19:18Z,https://www.openstreetmap.org/way/178708239;https://www.openstreetmap.org/way/273481410;https://www.openstreetmap.org/way/520212087;https://www.openstreetmap.org/way/520212088;https://www.openstreetmap.org/way/608426664;https://www.openstreetmap.org/way/608429017;https://www.openstreetmap.org/way/619142867;https://www.openstreetmap.org/way/619142868;https://www.openstreetmap.org/way/619142870;https://www.openstreetmap.org/way/620173327;https://www.openstreetmap.org/way/620173334;https://www.openstreetmap.org/way/640935823;https://www.openstreetmap.org/way/640935828;https://www.openstreetmap.org/way/640935829;https://www.openstreetmap.org/way/640935831;https://www.openstreetmap.org/way/640935833;https://www.openstreetmap.org/way/640935835;https://www.openstreetmap.org/way/640935837;https://www.openstreetmap.org/way/640935839;https://www.openstreetmap.org/way/640935841;https://www.openstreetmap.org/way/640935843;https://www.openstreetmap.org/way/640935845;https://www.openstreetmap.org/way/640935847;https://www.openstreetmap.org/way/661604977;https://www.openstreetmap.org/way/661604985;https://www.openstreetmap.org/way/827738561;https://www.openstreetmap.org/way/827738562;https://www.openstreetmap.org/way/827738563;https://www.openstreetmap.org/way/827738564;https://www.openstreetmap.org/way/827739544;https://www.openstreetmap.org/way/827854367;https://www.openstreetmap.org/way/827854368;https://www.openstreetmap.org/way/827854369,178708239;520212087;520212088;608426664;608429017;619142867;619142868;619142870;620173327;620173334;640935823;640935828;640935829;640935831;640935833;640935835;640935837;640935839;640935841;640935843;640935845;640935847;661604977;661604985;827738561;827738562;827738563;827738564;827739544;827854367,273481410;827854368;827854369,,northern_observations.json#KYJ,9.1813015,76.5121004,,,5,6,5,6,5,6,https://en.wikipedia.org/wiki/Kayamkulam_Junction_railway_station,https://en.wikipedia.org/w/index.php?oldid=1371201897,1371201897,2026-08-25T04:26:26Z,2026-10-08,False,False,"No specific conflict identified in this pass. Infobox count is reported, not independently verified as a current engineering inventory.",FOUND,False,,"Wikipedia article infobox, reported secondary figure",,,,,5,NOT_STATED,Number of Platforms: 5,https://m.indiarailinfo.com/station/map/57,Jan 16 2023 (11:07),2026-10-08,Indexed full station profile returned by web search,"Profile platform total explicitly supplied; track category is not a yard-road total. Numerical tracks, loops and sidings are not stated in profile. Profile update date may concern address/category and does not date every field.",5,"India Rail Info profile, fully cross-checked 2026-10-08",5I,https://m.indiarailinfo.com/station/map/57,Reported platform positions; not independently verified current operational inventory,0,,No additional dated yard inventory recovered in this bounded search.,57,KYJ,Station code KYJ and (5 PFs) read in profile heading; spelling follows source URL,Track: Double Electric-Line,NOT_STATED,NOT_STATED,NOT_STATED,False,True,False,NOT_ESTABLISHED,,No count-specific history date established; profile timestamp not treated as platform update date.,AGREES,Profile does not supply official station-centre chainage; primary SR2025 value retained.,Numeric station tracks/loops/sidings NOT_STATED in inspected profile; no IRI corroboration claimed for Wikipedia totals or mapped counts.,IRI double-line category agrees primary named-section baseline; not a complete yard inventory.,IRI explicit platform total adopted after full-profile cross-check; Wikipedia raw figure retained separately.,True,,,,,,,,,,,,,,,,,,,,,
21,OCR,Ochira,,Listed current by SR2025; no subsequent closure found,120.56,ERS via KTYM then KYJ,106.24,False,,,,,,Official current yard counts UNVERIFIED; separate mapped observations attached,SR2025,2025-04-01,,,,,,4,2,1,5,OSM geometry observed 2026-10-08; NOT current operational certification,Two connected outer loops and one southern dead-end extension. Three very short platform-tagged polygons resemble shelters/entrance fragments; rejected as complete platform bodies.,2026-10-08,2018-11-06T07:01:29Z / 2024-09-30T03:11:03Z,"https://api.openstreetmap.org/api/0.6/map?bbox=76.5165760,9.1230230,76.5345760,9.1410230",178708239;619142868;641467871;641467872;641467873,981111056;981111057;981111058,,middle_observations.json#OCR,9.1318373,76.5251596,,,2,4,2,4,2,4,https://en.wikipedia.org/wiki/Ochira_railway_station,https://en.wikipedia.org/w/index.php?oldid=1376863846,1376863846,2026-09-26T17:44:44Z,2026-10-08,False,False,"No specific conflict identified in this pass. Infobox count is reported, not independently verified as a current engineering inventory.",FOUND,False,,"Wikipedia article infobox, reported secondary figure",,,,,2,NOT_STATED,Number of Platforms: 2,https://d.indiarailinfo.com/station/map/ochira-ocr/6536,Jul 29 2020 (22:01),2026-10-08,Indexed full station profile returned by web search,"Number of Platforms is the profile's stated platform total. Track: Double Electric-Line is a section category, not a count of all tracks within station limits. Numerical station running-line, loop, siding and total-track counts are not stated in the inspected profile. Profile update date is not assumed to date the platform figure.",2,"India Rail Info profile, fully cross-checked 2026-10-08",2I,https://d.indiarailinfo.com/station/map/ochira-ocr/6536,Reported platform positions; not independently verified current operational inventory,0,,No additional dated yard inventory recovered in this bounded search.,6536,OCR,OCR/Ochira (2 PFs),Track: Double Electric-Line,NOT_STATED,NOT_STATED,NOT_STATED,False,True,False,NOT_ESTABLISHED,,No count-specific history date established; profile timestamp not treated as platform update date.,AGREES,Profile does not supply official station-centre chainage; primary SR2025 value retained.,Numeric station tracks/loops/sidings NOT_STATED in inspected profile; no IRI corroboration claimed for Wikipedia totals or mapped counts.,IRI double-line category agrees primary named-section baseline; not a complete yard inventory.,IRI explicit platform total adopted after full-profile cross-check; Wikipedia raw figure retained separately.,True,2020,turn209search2,4 months ago,Heading and numeric ID agree; no contradictory named slug selected,sources/iri_middle_batch1_2026-10-08.txt,2020-07-29T22:01,NOT_EXPOSED,2,https://en.wikipedia.org/w/index.php?oldid=1376863846,2026-09-26T17:44:44Z,AGREES,NOT_RECOVERED,NOT_REVIEWED_SEPARATELY,IRI Number of Platforms field; do not automatically equate to platform bodies or uninterrupted boarding faces,No numeric Wikipedia platform discrepancy found in the existing register.,,,,,,
22,KPY,Karunagapalli,,Listed current by SR2025; no subsequent closure found,128.25,ERS via KTYM then KYJ,113.93,False,,,,,,Official current yard counts UNVERIFIED; separate mapped observations attached,SR2025,2025-04-01,,,,,,4,2,,,OSM geometry observed 2026-10-08; NOT current operational certification,Two main roads and two connected outer loops visible; industrial spurs and several stubs mapped. Total siding inventory unresolved; platform geometry absent.,2026-10-08,2018-11-06T07:01:29Z / 2025-11-24T08:40:10Z,"https://api.openstreetmap.org/api/0.6/map?bbox=76.5350230,9.0562680,76.5530230,9.0742680",178708239;419996691;450044453;546893499;546893500;641467874;641467875;641467876;641467877;641467878;641467879;641467880;641467881;641467882;641478844;641478855;661604986;808639278;808639279,,,middle_observations.json#KPY,9.0652253,76.5446447,,,3,5,3,5,3,5,https://en.wikipedia.org/wiki/Karunagappalli_railway_station,https://en.wikipedia.org/w/index.php?oldid=1373087863,1373087863,2026-09-04T00:24:13Z,2026-10-08,False,False,"No specific conflict identified in this pass. Infobox count is reported, not independently verified as a current engineering inventory.",FOUND,False,,"Wikipedia article infobox, reported secondary figure",,,,,3,NOT_STATED,Number of Platforms: 3,https://indiarailinfo.com/station/map/karunagappalli-kpy/570,Oct 04 2024 (22:33),2026-10-08,Indexed full station profile returned by web search,"Number of Platforms is the profile's stated platform total. Track: Double Electric-Line is a section category, not a count of all tracks within station limits. Numerical station running-line, loop, siding and total-track counts are not stated in the inspected profile. Profile update date is not assumed to date the platform figure.",3,"India Rail Info profile, fully cross-checked 2026-10-08",3I,https://indiarailinfo.com/station/map/karunagappalli-kpy/570,Reported platform positions; not independently verified current operational inventory,0,,No additional dated yard inventory recovered in this bounded search.,570,KPY,KPY/Karunagappalli (3 PFs),Track: Double Electric-Line,NOT_STATED,NOT_STATED,NOT_STATED,False,True,False,NOT_ESTABLISHED,,No count-specific history date established; profile timestamp not treated as platform update date.,AGREES,Profile does not supply official station-centre chainage; primary SR2025 value retained.,Numeric station tracks/loops/sidings NOT_STATED in inspected profile; no IRI corroboration claimed for Wikipedia totals or mapped counts.,IRI double-line category agrees primary named-section baseline; not a complete yard inventory.,IRI explicit platform total adopted after full-profile cross-check; Wikipedia raw figure retained separately.,True,2024,turn209search1,4 months ago,Heading and numeric ID agree; no contradictory named slug selected,sources/iri_middle_batch1_2026-10-08.txt,2024-10-04T22:33,NOT_EXPOSED,3,https://en.wikipedia.org/w/index.php?oldid=1373087863,2026-09-04T00:24:13Z,AGREES,NOT_RECOVERED,NOT_REVIEWED_SEPARATELY,IRI Number of Platforms field; do not automatically equate to platform bodies or uninterrupted boarding faces,No numeric Wikipedia platform discrepancy found in the existing register.,,,,,,
23,STKT,Sasthankotta,,Listed current by SR2025; no subsequent closure found,135.91,ERS via KTYM then KYJ,121.59,False,,,,,,Official current yard counts UNVERIFIED; separate mapped observations attached,SR2025,2025-04-01,,,,,,4,2,0,4,OSM geometry observed 2026-10-08; NOT current operational certification,"Two main roads and two connected outer loops visible. No platform geometry. Zero sidings means none separately mapped, not certified absence.",2026-10-08,2018-11-06T07:57:16Z / 2024-03-28T13:19:13Z,"https://api.openstreetmap.org/api/0.6/map?bbox=76.5898829,9.0233103,76.6078829,9.0413103",641478846;641478848;641478851;641478853;808639272;808639274,,,middle_observations.json#STKT,9.0314647,76.6009828,,,2,4,2,4,2,4,https://en.wikipedia.org/wiki/Sasthamkotta_railway_station,https://en.wikipedia.org/w/index.php?oldid=1370896931,1370896931,2026-08-23T16:50:22Z,2026-10-08,False,False,"No specific conflict identified in this pass. Infobox count is reported, not independently verified as a current engineering inventory.",FOUND,False,,"Wikipedia article infobox, reported secondary figure",,,,,2,NOT_STATED,Number of Platforms: 2,https://d.indiarailinfo.com/station/map/sasthankotta-stkt/2763,Sep 22 2024 (09:14),2026-10-08,Indexed full station profile returned by web search,"Number of Platforms is the profile's stated platform total. Track: Double Electric-Line is a section category, not a count of all tracks within station limits. Numerical station running-line, loop, siding and total-track counts are not stated in the inspected profile. Profile update date is not assumed to date the platform figure.",2,"India Rail Info profile, fully cross-checked 2026-10-08",2I,https://d.indiarailinfo.com/station/map/sasthankotta-stkt/2763,Reported platform positions; not independently verified current operational inventory,0,,No additional dated yard inventory recovered in this bounded search.,2763,STKT,STKT/Sasthankotta (2 PFs),Track: Double Electric-Line,NOT_STATED,NOT_STATED,NOT_STATED,False,True,False,NOT_ESTABLISHED,,No count-specific history date established; profile timestamp not treated as platform update date.,AGREES,Profile does not supply official station-centre chainage; primary SR2025 value retained.,Numeric station tracks/loops/sidings NOT_STATED in inspected profile; no IRI corroboration claimed for Wikipedia totals or mapped counts.,IRI double-line category agrees primary named-section baseline; not a complete yard inventory.,IRI explicit platform total adopted after full-profile cross-check; Wikipedia raw figure retained separately.,True,2024,turn209search3,4 months ago,Heading and numeric ID agree; no contradictory named slug selected,sources/iri_middle_batch1_2026-10-08.txt,2024-09-22T09:14,NOT_EXPOSED,2,https://en.wikipedia.org/w/index.php?oldid=1370896931,2026-08-23T16:50:22Z,AGREES,NOT_RECOVERED,NOT_REVIEWED_SEPARATELY,IRI Number of Platforms field; do not automatically equate to platform bodies or uninterrupted boarding faces,No numeric Wikipedia platform discrepancy found in the existing register.,,,,,,
24,MQO,Munroturuttu,,Listed current by SR2025; no subsequent closure found,140.43,ERS via KTYM then KYJ,126.11,True,,,,,,Official current yard counts UNVERIFIED; separate mapped observations attached,SR2025,2025-04-01,,2,2,2,,2,0,0,2,OSM geometry observed 2026-10-08; NOT current operational certification,Two side platform outlines along two main roads. No loops or separate sidings mapped.,2026-10-08,2018-06-15T20:06:49Z / 2025-10-31T05:49:30Z,"https://api.openstreetmap.org/api/0.6/map?bbox=76.6029084,8.9859978,76.6209084,9.0039978",331666081;547319893;617379922;617379923;617379924;617379925;617379939;617379940;661604987;661604988;661604989;661604990,598192044;598192045,,middle_observations.json#MQO,8.9945309,76.6115842,,,2,2,2,2,2,2,https://en.wikipedia.org/wiki/Munroturuttu_railway_station,https://en.wikipedia.org/w/index.php?oldid=1376920840,1376920840,2026-09-27T00:32:02Z,2026-10-08,False,False,"No specific conflict identified in this pass. Infobox count is reported, not independently verified as a current engineering inventory.",FOUND,False,,"Wikipedia article infobox, reported secondary figure",,,,,2,NOT_STATED,Number of Platforms: 2,https://indiarailinfo.com/station/map/munroturuttu-mqo/2781,May 29 2020 (12:28),2026-10-08,Indexed full station profile returned by web search,"Number of Platforms is the profile's stated platform total. Track: Double Electric-Line is a section category, not a count of all tracks within station limits. Numerical station running-line, loop, siding and total-track counts are not stated in the inspected profile. Profile update date is not assumed to date the platform figure.",2,"India Rail Info profile, fully cross-checked 2026-10-08",2I,https://indiarailinfo.com/station/map/munroturuttu-mqo/2781,Reported platform positions; not independently verified current operational inventory,0,,No additional dated yard inventory recovered in this bounded search.,2781,MQO,MQO/Munroturuttu (2 PFs),Track: Double Electric-Line,NOT_STATED,NOT_STATED,NOT_STATED,False,True,False,NOT_ESTABLISHED,,No count-specific history date established; profile timestamp not treated as platform update date.,AGREES,Profile does not supply official station-centre chainage; primary SR2025 value retained.,Numeric station tracks/loops/sidings NOT_STATED in inspected profile; no IRI corroboration claimed for Wikipedia totals or mapped counts.,IRI double-line category agrees primary named-section baseline; not a complete yard inventory.,IRI explicit platform total adopted after full-profile cross-check; Wikipedia raw figure retained separately.,True,2020,turn209search0,4 months ago,Heading and numeric ID agree; no contradictory named slug selected,sources/iri_middle_batch1_2026-10-08.txt,2020-05-29T12:28,NOT_EXPOSED,2,https://en.wikipedia.org/w/index.php?oldid=1376920840,2026-09-27T00:32:02Z,AGREES,NOT_RECOVERED,NOT_REVIEWED_SEPARATELY,IRI Number of Platforms field; do not automatically equate to platform bodies or uninterrupted boarding faces,No numeric Wikipedia platform discrepancy found in the existing register.,,,,,,
25,PRND,Perinad,,Listed current by SR2025; no subsequent closure found,146.31,ERS via KTYM then KYJ,131.99,False,,,,,,Official current yard counts UNVERIFIED; separate mapped observations attached,SR2025,2025-04-01,,,2,,,4,2,0,4,OSM geometry observed 2026-10-08; NOT current operational certification,Four parallel connected roads at station. Two platform outlines mapped; opposite-side/island face usage cannot be established from tags and alignment alone. Crossover excluded from siding count.,2026-10-08,2017-12-14T07:40:10Z / 2025-11-22T05:13:26Z,"https://api.openstreetmap.org/api/0.6/map?bbox=76.6113410,8.9389160,76.6293410,8.9569160",331666080;519646416;519646419;546758556;546758557;661604991;827739545,546758561;546758562,,middle_observations.json#PRND,8.9486074,76.6206762,,,2,4,2,4,2,4,https://en.wikipedia.org/wiki/Perinad_railway_station,https://en.wikipedia.org/w/index.php?oldid=1370811459,1370811459,2026-08-23T05:31:04Z,2026-10-08,False,False,"No specific conflict identified in this pass. Infobox count is reported, not independently verified as a current engineering inventory.",FOUND,False,,"Wikipedia article infobox, reported secondary figure",,,,,2,NOT_STATED,Number of Platforms: 2,https://indiarailinfo.com/station/map/perinad-prnd/6537,Jul 29 2020 (22:04),2026-10-08,Indexed full station profile returned by web search,"Number of Platforms is the profile's stated platform total. Track: Double Electric-Line is a section category, not a count of all tracks within station limits. Numerical station running-line, loop, siding and total-track counts are not stated in the inspected profile. Profile update date is not assumed to date the platform figure.",2,"India Rail Info profile, fully cross-checked 2026-10-08",2I,https://indiarailinfo.com/station/map/perinad-prnd/6537,Reported platform positions; not independently verified current operational inventory,0,,No additional dated yard inventory recovered in this bounded search.,6537,PRND,PRND/Perinad (2 PFs),Track: Double Electric-Line,NOT_STATED,NOT_STATED,NOT_STATED,False,True,False,NOT_ESTABLISHED,,No count-specific history date established; profile timestamp not treated as platform update date.,AGREES,Profile does not supply official station-centre chainage; primary SR2025 value retained.,Numeric station tracks/loops/sidings NOT_STATED in inspected profile; no IRI corroboration claimed for Wikipedia totals or mapped counts.,IRI double-line category agrees primary named-section baseline; not a complete yard inventory.,IRI explicit platform total adopted after full-profile cross-check; Wikipedia raw figure retained separately.,True,2020,turn210search1,4 months ago,Heading and numeric ID agree; no contradictory named slug selected,sources/iri_middle_batch2_2026-10-08.txt,2020-07-29T22:04,NOT_EXPOSED,2,https://en.wikipedia.org/w/index.php?oldid=1370811459,2026-08-23T05:31:04Z,AGREES,NOT_RECOVERED,NOT_REVIEWED_SEPARATELY,IRI Number of Platforms field; do not automatically equate to platform bodies or uninterrupted boarding faces,No numeric Wikipedia platform discrepancy found in the existing register.,,,,,,
26,QLN,Kollam Junction,,Listed current by SR2025; no subsequent closure found,155.50,ERS via KTYM then KYJ,141.18,False,,,,,,Official current yard counts UNVERIFIED; separate mapped observations attached,SR2025,2025-04-01,,,3,6,,,,,,OSM geometry observed 2026-10-08; NOT current operational certification,"Complex junction and service yard. Platform polygons refs 4;5, 2;3, 1;1A denote six numbered positions on three bodies. A mapped track named Platform Number 1B and shared long body make physical face total uncertain. Goods roads, MEMU-side yard and FCI spurs present; exact operational classification and inventory unresolved.",2026-10-08,2018-01-04T12:35:09Z / 2026-07-09T15:19:18Z,"https://api.openstreetmap.org/api/0.6/map?bbox=76.5847530,8.8745860,76.6087530,8.8985860",70655547;100989373;101010835;101010836;101048963;242026931;242026932;242027358;242027571;242027823;242028206;242028390;242028579;242028648;242028799;242028856;242028968;361727088;519646401;550863733;550863734;550863735;608428999;608429001;632923352;632923353;632923354;632923355;632923356;632923357;632923358;632923359;661604997;827738556;827738557;827739546;827739547;916892584;1452780012;1452780013;1452780014;1452780015;1452780016;1452780017,269265765;269266249;269272657,,middle_observations.json#QLN,8.8862192,76.5954829,,,"6 (1A,1,2,3,4,5)",17,6,17,"6 (1A,1,2,3,4,5)",17,https://en.wikipedia.org/wiki/Kollam_Junction_railway_station,https://en.wikipedia.org/w/index.php?oldid=1376697868,1376697868,2026-09-25T18:50:05Z,2026-10-08,False,False,"Six numbered platform positions explicitly listed as 1A,1,2,3,4,5. This is not automatically six uninterrupted physical boarding edges; OSM maps 3 platform bodies.",FOUND,False,*,"Wikipedia article infobox, reported secondary figure",,,,,6,NOT_STATED,Number of Platforms: 6,https://indiarailinfo.com/station/map/58?a=1,Sep 10 2024 (20:41),2026-10-08,Indexed full station profile returned by web search,"Number of Platforms is the profile's stated platform total. Track: Double Electric-Line is a section category, not a count of all tracks within station limits. Numerical station running-line, loop, siding and total-track counts are not stated in the inspected profile. Profile update date is not assumed to date the platform figure. Wikipedia enumerates six platform positions (1A,1,2,3,4,5); IRI total agrees but does not itself establish six separate physical platform bodies or uninterrupted edges.",6,"India Rail Info profile, fully cross-checked 2026-10-08",6I,https://indiarailinfo.com/station/map/58?a=1,Reported platform positions; not independently verified current operational inventory,0,,No additional dated yard inventory recovered in this bounded search.,58,QLN,QLN/Kollam Junction (Quilon) (6 PFs),Track: Double Electric-Line,NOT_STATED,NOT_STATED,NOT_STATED,False,True,False,NOT_ESTABLISHED,,No count-specific history date established; profile timestamp not treated as platform update date.,AGREES,Profile does not supply official station-centre chainage; primary SR2025 value retained.,Numeric station tracks/loops/sidings NOT_STATED in inspected profile; no IRI corroboration claimed for Wikipedia totals or mapped counts.,IRI double-line category agrees primary named-section baseline; not a complete yard inventory.,IRI explicit platform total adopted after full-profile cross-check; Wikipedia raw figure retained separately.,True,2024,turn210search3,4 months ago,Heading and numeric ID agree; no contradictory named slug selected,sources/iri_middle_batch2_2026-10-08.txt,2024-09-10T20:41,NOT_EXPOSED,6,https://en.wikipedia.org/w/index.php?oldid=1376697868,2026-09-25T18:50:05Z,AGREES,NOT_RECOVERED,NOT_REVIEWED_SEPARATELY,IRI Number of Platforms field; do not automatically equate to platform bodies or uninterrupted boarding faces,No numeric Wikipedia platform discrepancy found in the existing register.,,,,,,
27,IRP,Iravipuram,,Listed current by SR2025; no subsequent closure found,159.92,ERS via KTYM then KYJ,145.60,True,,,,,,Official current yard counts UNVERIFIED; separate mapped observations attached,SR2025,2025-04-01,,2,2,2,,2,0,0,2,OSM geometry observed 2026-10-08; NOT current operational certification,"Two side platforms, two main roads, no loops or separate sidings mapped.",2026-10-08,2017-06-30T03:44:44Z / 2025-11-21T11:06:18Z,"https://api.openstreetmap.org/api/0.6/map?bbox=76.6140590,8.8579480,76.6320590,8.8759480",101048963;608428999,256808986;256808987,,middle_observations.json#IRP,8.8667939,76.6247345,,,2,2,2,2,2,2,https://en.wikipedia.org/wiki/Eravipuram_railway_station,https://en.wikipedia.org/w/index.php?oldid=1370914859,1370914859,2026-08-23T18:07:34Z,2026-10-08,False,False,"No specific conflict identified in this pass. Infobox count is reported, not independently verified as a current engineering inventory.",FOUND,False,,"Wikipedia article infobox, reported secondary figure",,,,,2,NOT_STATED,Number of Platforms: 2,https://indiarailinfo.com/station/map/3522,Sep 22 2024 (11:26),2026-10-08,Indexed full station profile returned by web search,"Number of Platforms is the profile's stated platform total. Track: Double Electric-Line is a section category, not a count of all tracks within station limits. Numerical station running-line, loop, siding and total-track counts are not stated in the inspected profile. Profile update date is not assumed to date the platform figure.",2,"India Rail Info profile, fully cross-checked 2026-10-08",2I,https://indiarailinfo.com/station/map/3522,Reported platform positions; not independently verified current operational inventory,0,,No additional dated yard inventory recovered in this bounded search.,3522,IRP,IRP/Iravipuram (2 PFs),Track: Double Electric-Line,NOT_STATED,NOT_STATED,NOT_STATED,False,True,False,NOT_ESTABLISHED,,No count-specific history date established; profile timestamp not treated as platform update date.,AGREES,Profile does not supply official station-centre chainage; primary SR2025 value retained.,Numeric station tracks/loops/sidings NOT_STATED in inspected profile; no IRI corroboration claimed for Wikipedia totals or mapped counts.,IRI double-line category agrees primary named-section baseline; not a complete yard inventory.,IRI explicit platform total adopted after full-profile cross-check; Wikipedia raw figure retained separately.,True,2024,turn210search2,5 months ago,Heading and numeric ID agree; no contradictory named slug selected,sources/iri_middle_batch2_2026-10-08.txt,2024-09-22T11:26,NOT_EXPOSED,2,https://en.wikipedia.org/w/index.php?oldid=1370914859,2026-08-23T18:07:34Z,AGREES,NOT_RECOVERED,NOT_REVIEWED_SEPARATELY,IRI Number of Platforms field; do not automatically equate to platform bodies or uninterrupted boarding faces,No numeric Wikipedia platform discrepancy found in the existing register.,,,,,,
28,MYY,Mayyanad,,Listed current by SR2025; no subsequent closure found,164.25,ERS via KTYM then KYJ,149.93,True,,,,,,Official current yard counts UNVERIFIED; separate mapped observations attached,SR2025,2025-04-01,,,,,,2,0,0,2,OSM geometry observed 2026-10-08; NOT current operational certification,Two main roads mapped; platform geometry absent. No loops or separate sidings mapped.,2026-10-08,2025-11-21T11:06:18Z / 2025-11-21T11:06:18Z,"https://api.openstreetmap.org/api/0.6/map?bbox=76.6383310,8.8287590,76.6563310,8.8467590",101048963;608428999,,,middle_observations.json#MYY,8.8380291,76.6476808,,,2,2,2,2,2,2,https://en.wikipedia.org/wiki/Mayyanad_railway_station,https://en.wikipedia.org/w/index.php?oldid=1376811754,1376811754,2026-09-26T10:22:42Z,2026-10-08,False,False,"No specific conflict identified in this pass. Infobox count is reported, not independently verified as a current engineering inventory.",FOUND,False,,"Wikipedia article infobox, reported secondary figure",,,,,2,NOT_STATED,Number of Platforms: 2,https://indiarailinfo.com/station/map/mayyanad-myy/2767,Sep 22 2024 (12:18),2026-10-08,Indexed full station profile returned by web search,"Number of Platforms is the profile's stated platform total. Track: Double Electric-Line is a section category, not a count of all tracks within station limits. Numerical station running-line, loop, siding and total-track counts are not stated in the inspected profile. Profile update date is not assumed to date the platform figure.",2,"India Rail Info profile, fully cross-checked 2026-10-08",2I,https://indiarailinfo.com/station/map/mayyanad-myy/2767,Reported platform positions; not independently verified current operational inventory,0,,No additional dated yard inventory recovered in this bounded search.,2767,MYY,MYY/Mayyanad (2 PFs),Track: Double Electric-Line,NOT_STATED,NOT_STATED,NOT_STATED,False,True,False,NOT_ESTABLISHED,,No count-specific history date established; profile timestamp not treated as platform update date.,AGREES,Profile does not supply official station-centre chainage; primary SR2025 value retained.,Numeric station tracks/loops/sidings NOT_STATED in inspected profile; no IRI corroboration claimed for Wikipedia totals or mapped counts.,IRI double-line category agrees primary named-section baseline; not a complete yard inventory.,IRI explicit platform total adopted after full-profile cross-check; Wikipedia raw figure retained separately.,True,2024,turn210search0,5 months ago,Heading and numeric ID agree; no contradictory named slug selected,sources/iri_middle_batch2_2026-10-08.txt,2024-09-22T12:18,NOT_EXPOSED,2,https://en.wikipedia.org/w/index.php?oldid=1376811754,2026-09-26T10:22:42Z,AGREES,NOT_RECOVERED,NOT_REVIEWED_SEPARATELY,IRI Number of Platforms field; do not automatically equate to platform bodies or uninterrupted boarding faces,No numeric Wikipedia platform discrepancy found in the existing register.,,,,,,
29,PVU,Paravur,,Listed current by SR2025; no subsequent closure found,167.82,ERS via KTYM then KYJ,153.50,False,,,,,,Official current yard counts UNVERIFIED; separate mapped observations attached,SR2025,2025-04-01,,,,,,4,2,,,OSM geometry observed 2026-10-08; NOT current operational certification,Two main roads and two connected loops; an extra yard track and end stubs visible. Exact siding inventory unresolved; platform geometry absent.,2026-10-08,2018-07-16T18:39:03Z / 2025-11-24T08:40:10Z,"https://api.openstreetmap.org/api/0.6/map?bbox=76.6592380,8.8067580,76.6772380,8.8247580",101048983;378516712;519426841;519426845;519426849;608428996;608428998;641573556;641573557;641573558;641573559;641573560;641573561;827738558,,,middle_observations.json#PVU,8.8151309,76.6693434,,,3,5,3,5,3,5,https://en.wikipedia.org/wiki/Paravur_railway_station,https://en.wikipedia.org/w/index.php?oldid=1376799028,1376799028,2026-09-26T07:51:10Z,2026-10-08,False,False,"No specific conflict identified in this pass. Infobox count is reported, not independently verified as a current engineering inventory.",FOUND,False,,"Wikipedia article infobox, reported secondary figure",,,,,3,NOT_STATED,Number of Platforms: 3,https://indiarailinfo.com/station/map/paravur-pvu/1014,Sep 22 2024 (09:13),2026-10-08,Indexed full station profile returned by web search,"Number of Platforms is the profile's stated platform total. Track: Double Electric-Line is a section category, not a count of all tracks within station limits. Numerical station running-line, loop, siding and total-track counts are not stated in the inspected profile. Profile update date is not assumed to date the platform figure.",3,"India Rail Info profile, fully cross-checked 2026-10-08",3I,https://indiarailinfo.com/station/map/paravur-pvu/1014,Reported platform positions; not independently verified current operational inventory,0,,No additional dated yard inventory recovered in this bounded search.,1014,PVU,PVU/Paravur (3 PFs),Track: Double Electric-Line,NOT_STATED,NOT_STATED,NOT_STATED,False,True,False,NOT_ESTABLISHED,,No count-specific history date established; profile timestamp not treated as platform update date.,AGREES,Profile does not supply official station-centre chainage; primary SR2025 value retained.,Numeric station tracks/loops/sidings NOT_STATED in inspected profile; no IRI corroboration claimed for Wikipedia totals or mapped counts.,IRI double-line category agrees primary named-section baseline; not a complete yard inventory.,IRI explicit platform total adopted after full-profile cross-check; Wikipedia raw figure retained separately.,True,2024,turn212search0,4 months ago,Heading and numeric ID agree; no contradictory named slug selected,sources/iri_middle_batch3_2026-10-08.txt,2024-09-22T09:13,NOT_EXPOSED,3,https://en.wikipedia.org/w/index.php?oldid=1376799028,2026-09-26T07:51:10Z,AGREES,NOT_RECOVERED,NOT_REVIEWED_SEPARATELY,IRI Number of Platforms field; do not automatically equate to platform bodies or uninterrupted boarding faces,No numeric Wikipedia platform discrepancy found in the existing register.,,,,,,
30,KFI,Kappil,,Listed current by SR2025; no subsequent closure found,172.35,ERS via KTYM then KYJ,158.03,True,,,,,,Official current yard counts UNVERIFIED; separate mapped observations attached,SR2025,2025-04-01,,,,,,2,0,0,2,OSM geometry observed 2026-10-08; NOT current operational certification,Two main roads mapped; platform geometry absent. No loops or separate sidings mapped.,2026-10-08,2020-07-18T23:45:53Z / 2022-06-16T10:53:58Z,"https://api.openstreetmap.org/api/0.6/map?bbox=76.6706300,8.7704350,76.6886300,8.7884350",236119109;519646394;608428993;608428995,,,middle_observations.json#KFI,8.7795558,76.6792879,,,2,2,2,2,2,2,https://en.wikipedia.org/wiki/Kappil_railway_station,https://en.wikipedia.org/w/index.php?oldid=1371200140,1371200140,2026-08-25T04:15:01Z,2026-10-08,False,False,"No specific conflict identified in this pass. Infobox count is reported, not independently verified as a current engineering inventory.",FOUND,False,,"Wikipedia article infobox, reported secondary figure",,,,,2,NOT_STATED,Number of Platforms: 2,https://indiarailinfo.com/station/map/kadakavur-kvu/3523,Sep 22 2024 (12:19),2026-10-08,Indexed full station profile returned by web search,"Number of Platforms is the profile's stated platform total. Track: Double Electric-Line is a section category, not a count of all tracks within station limits. Numerical station running-line, loop, siding and total-track counts are not stated in the inspected profile. Profile update date is not assumed to date the platform figure.",2,"India Rail Info profile, fully cross-checked 2026-10-08",2I,https://indiarailinfo.com/station/map/kadakavur-kvu/3523,Reported platform positions; not independently verified current operational inventory,0,,No additional dated yard inventory recovered in this bounded search.,3523,KFI,KFI/Kappil (2 PFs),Track: Double Electric-Line,NOT_STATED,NOT_STATED,NOT_STATED,False,True,False,NOT_ESTABLISHED,,No count-specific history date established; profile timestamp not treated as platform update date.,AGREES,Profile does not supply official station-centre chainage; primary SR2025 value retained.,Numeric station tracks/loops/sidings NOT_STATED in inspected profile; no IRI corroboration claimed for Wikipedia totals or mapped counts.,IRI double-line category agrees primary named-section baseline; not a complete yard inventory.,IRI explicit platform total adopted after full-profile cross-check; Wikipedia raw figure retained separately.,True,2024,turn212search1,6 months ago,"URL slug names Kadakavur/KVU, but heading and numeric profile ID explicitly identify KFI",sources/iri_middle_batch3_2026-10-08.txt,2024-09-22T12:19,NOT_EXPOSED,2,https://en.wikipedia.org/w/index.php?oldid=1371200140,2026-08-25T04:15:01Z,AGREES,Oct 09 2013 (22:29),https://indiarailinfo.com/station/timeline/edits-varkala-sivagiri-vak/3523,IRI Number of Platforms field; do not automatically equate to platform bodies or uninterrupted boarding faces,No numeric Wikipedia platform discrepancy found in the existing register.,,,,,,
31,EVA,Edavai,,Listed current by SR2025; no subsequent closure found,175.20,ERS via KTYM then KYJ,160.88,False,,,,,,Official current yard counts UNVERIFIED; separate mapped observations attached,SR2025,2025-04-01,,,,,,2,0,0,2,OSM geometry observed 2026-10-08; NOT current operational certification,Two main roads mapped; platform geometry absent. No loops or separate sidings mapped.,2026-10-08,2018-08-17T09:17:14Z / 2022-06-16T10:53:58Z,"https://api.openstreetmap.org/api/0.6/map?bbox=76.6884770,8.7538830,76.7064770,8.7718830",236119109;608428993;617584064;617584065;617584066;617584067,,,middle_observations.json#EVA,8.7633333,76.6974939,,,,,,,,,,,,,,,,Standalone English station article not found under tested title; alternate titles or other-language coverage may exist.,Tested English title missing; aliases/languages may exist,False,,,,,,,2,NOT_STATED,Number of Platforms: 2,https://indiarailinfo.com/station/map/kadakavur-kvu/3524,Jul 31 2023 (01:29),2026-10-08,Indexed full station profile returned by web search,"Number of Platforms is the profile's stated platform total. Track: Double Electric-Line is a section category, not a count of all tracks within station limits. Numerical station running-line, loop, siding and total-track counts are not stated in the inspected profile. Profile update date is not assumed to date the platform figure.",2,"India Rail Info profile, fully cross-checked 2026-10-08",2I,https://indiarailinfo.com/station/map/kadakavur-kvu/3524,Reported platform positions; not independently verified current operational inventory,0,,No additional dated yard inventory recovered in this bounded search.,3524,EVA,EVA/Edavai (2 PFs),Track: Double Electric-Line,NOT_STATED,NOT_STATED,NOT_STATED,False,True,False,NOT_ESTABLISHED,,No count-specific history date established; profile timestamp not treated as platform update date.,NO_WIKIPEDIA_FIGURE,Profile does not supply official station-centre chainage; primary SR2025 value retained.,Numeric station tracks/loops/sidings NOT_STATED in inspected profile; no IRI corroboration claimed for Wikipedia totals or mapped counts.,IRI double-line category agrees primary named-section baseline; not a complete yard inventory.,IRI explicit platform total adopted after full-profile cross-check; Wikipedia raw figure retained separately.,True,2023,turn212search3,6 months ago,"URL slug names Kadakavur/KVU, but heading and numeric profile ID explicitly identify EVA",sources/iri_middle_batch3_2026-10-08.txt,2023-07-31T01:29,NOT_EXPOSED,NOT_STATED,NOT_FOUND,NOT_FOUND,NO_NUMERIC_WIKIPEDIA_PLATFORM_FIGURE,NOT_RECOVERED,NOT_REVIEWED_SEPARATELY,IRI Number of Platforms field; do not automatically equate to platform bodies or uninterrupted boarding faces,Existing Wikipedia register has no numeric platform count to compare.,,,,,,
32,VAK,Varkala Sivagiri,,Listed current by SR2025; no subsequent closure found,178.98,ERS via KTYM then KYJ,164.66,False,,,,,,Official current yard counts UNVERIFIED; separate mapped observations attached,SR2025,2025-04-01,,,2,,,4,2,,,OSM geometry observed 2026-10-08; NOT current operational certification,"Two main roads and two outer loops with several end stubs. Two platform polygons refs 1 and2; eastern polygon intersects mapped track, so face inventory not inferred from imperfect alignment. Siding total unresolved.",2026-10-08,2017-08-10T06:48:12Z / 2026-07-09T15:19:18Z,"https://api.openstreetmap.org/api/0.6/map?bbox=76.7138720,8.7317320,76.7318720,8.7497320",236119111;514398896;514398898;514398901;514398903;514398904;608428990;608428994;617584065;617584067;641573562;641573563;641573564;641573565;641573566;820369256;820369257;820369258,1536886969;1536886989,,middle_observations.json#VAK,8.7406369,76.723134,,,3,5,3,5,3,5,https://en.wikipedia.org/wiki/Varkala_Sivagiri_railway_station,https://en.wikipedia.org/w/index.php?oldid=1371011384,1371011384,2026-08-24T03:31:08Z,2026-10-08,False,False,"No specific conflict identified in this pass. Infobox count is reported, not independently verified as a current engineering inventory.",FOUND,False,,"Wikipedia article infobox, reported secondary figure",,,,,3,NOT_STATED,Number of Platforms: 3,https://indiarailinfo.com/station/map/varkala-sivagiri-vak/569,Sep 11 2024 (02:11),2026-10-08,Indexed full station profile returned by web search,"Number of Platforms is the profile's stated platform total. Track: Double Electric-Line is a section category, not a count of all tracks within station limits. Numerical station running-line, loop, siding and total-track counts are not stated in the inspected profile. Profile update date is not assumed to date the platform figure.",3,"India Rail Info profile, fully cross-checked 2026-10-08",3I,https://indiarailinfo.com/station/map/varkala-sivagiri-vak/569,Reported platform positions; not independently verified current operational inventory,0,,No additional dated yard inventory recovered in this bounded search.,569,VAK,VAK/Varkala Sivagiri (3 PFs),Track: Double Electric-Line,NOT_STATED,NOT_STATED,NOT_STATED,False,True,False,NOT_ESTABLISHED,,No count-specific history date established; profile timestamp not treated as platform update date.,AGREES,Profile does not supply official station-centre chainage; primary SR2025 value retained.,Numeric station tracks/loops/sidings NOT_STATED in inspected profile; no IRI corroboration claimed for Wikipedia totals or mapped counts.,IRI double-line category agrees primary named-section baseline; not a complete yard inventory.,IRI explicit platform total adopted after full-profile cross-check; Wikipedia raw figure retained separately.,True,2024,turn212search2,4 months ago,Heading and numeric ID agree; no contradictory named slug selected,sources/iri_middle_batch3_2026-10-08.txt,2024-09-11T02:11,NOT_EXPOSED,3,https://en.wikipedia.org/w/index.php?oldid=1371011384,2026-08-24T03:31:08Z,AGREES,NOT_RECOVERED,NOT_REVIEWED_SEPARATELY,IRI Number of Platforms field; do not automatically equate to platform bodies or uninterrupted boarding faces,No numeric Wikipedia platform discrepancy found in the existing register.,,,,,,
33,AMY,Akathumuri,,Listed current by SR2025; no subsequent closure found,185.43,ERS via KTYM then KYJ,171.11,True,,,,,,Official current yard counts UNVERIFIED; separate mapped observations attached,SR2025,2025-04-01,,,,,,2,0,0,2,OSM geometry observed 2026-10-08; NOT current operational certification,Two main roads mapped; platform geometry absent. No loops or separate sidings mapped.,2026-10-08,2018-07-16T18:39:01Z / 2020-07-18T23:45:53Z,"https://api.openstreetmap.org/api/0.6/map?bbox=76.7497920,8.6913100,76.7677920,8.7093100",148462098;148462101;514385383;608428985;608428986;608428987,,,middle_observations.json#AMY,8.7006789,76.7585521,,,2,2,2,2,2,2,https://en.wikipedia.org/wiki/Akathumuri_railway_station,https://en.wikipedia.org/w/index.php?oldid=1370763412,1370763412,2026-08-22T23:57:51Z,2026-10-08,False,False,"No specific conflict identified in this pass. Infobox count is reported, not independently verified as a current engineering inventory.",FOUND,False,,"Wikipedia article infobox, reported secondary figure",,,,,2,NOT_STATED,Number of Platforms: 2,https://d.indiarailinfo.com/station/map/akathumuri-amy/3525,Mar 23 (02:57),2026-10-08,Indexed full station profile returned by web search,"Number of Platforms is the profile's stated platform total. Track: Double Electric-Line is a section category, not a count of all tracks within station limits. Numerical station running-line, loop, siding and total-track counts are not stated in the inspected profile. Profile update date is not assumed to date the platform figure. The returned update date omits a year; no exact year is inferred.",2,"India Rail Info profile, fully cross-checked 2026-10-08",2I,https://d.indiarailinfo.com/station/map/akathumuri-amy/3525,Reported platform positions; not independently verified current operational inventory,0,,No additional dated yard inventory recovered in this bounded search.,3525,AMY,AMY/Akathumuri (2 PFs),Track: Double Electric-Line,NOT_STATED,NOT_STATED,NOT_STATED,False,True,False,NOT_ESTABLISHED,,No count-specific history date established; profile timestamp not treated as platform update date.,AGREES,Profile does not supply official station-centre chainage; primary SR2025 value retained.,Numeric station tracks/loops/sidings NOT_STATED in inspected profile; no IRI corroboration claimed for Wikipedia totals or mapped counts.,IRI double-line category agrees primary named-section baseline; not a complete yard inventory.,IRI explicit platform total adopted after full-profile cross-check; Wikipedia raw figure retained separately.,True,,turn213search5,4 months ago,Heading and numeric ID agree; no contradictory named slug selected,sources/iri_middle_batch4_2026-10-08.txt,,NOT_EXPOSED,2,https://en.wikipedia.org/w/index.php?oldid=1370763412,2026-08-22T23:57:51Z,AGREES,NOT_RECOVERED,https://indiarailinfo.com/station/timeline/edits-perunguzhi-pgz/3525,IRI Number of Platforms field; do not automatically equate to platform bodies or uninterrupted boarding faces,No numeric Wikipedia platform discrepancy found in the existing register.,,,,,,
34,KVU,Kadakavur,,Listed current by SR2025; no subsequent closure found,188.19,ERS via KTYM then KYJ,173.87,False,,,,,,Official current yard counts UNVERIFIED; separate mapped observations attached,SR2025,2025-04-01,,,1,,,4,2,,,OSM geometry observed 2026-10-08; NOT current operational certification,"Two main roads and two outer connected loops with end extensions. Only one island-like platform polygon mapped, platform inventory incomplete.",2026-10-08,2017-08-10T05:37:57Z / 2020-07-18T23:45:53Z,"https://api.openstreetmap.org/api/0.6/map?bbox=76.7576720,8.6700780,76.7756720,8.6880780",514385379;514385380;514385381;514385383;608428984;641627315;641627317;661604992,514385382,,middle_observations.json#KVU,8.6786987,76.7676427,,,3,4,3,4,3,4,https://en.wikipedia.org/wiki/Kadakkavoor_railway_station,https://en.wikipedia.org/w/index.php?oldid=1376741290,1376741290,2026-09-26T00:09:55Z,2026-10-08,False,False,"No specific conflict identified in this pass. Infobox count is reported, not independently verified as a current engineering inventory. Track figure supplied separately by the city rail table; station infobox did not state tracks. Planned construction count is excluded.",FOUND,False,*,"Wikipedia article infobox, reported secondary figure",https://en.wikipedia.org/w/index.php?title=Thiruvananthapuram&oldid=1379039524#Rail,1379039524,2026-10-07T15:12:00Z,City rail table (not station infobox),3,NOT_STATED,Number of Platforms: 3,https://indiarailinfo.com/station/map/kadakavur-kvu/1013,Mar 27 (09:03),2026-10-08,Indexed full station profile returned by web search,"Number of Platforms is the profile's stated platform total. Track: Double Electric-Line is a section category, not a count of all tracks within station limits. Numerical station running-line, loop, siding and total-track counts are not stated in the inspected profile. Profile update date is not assumed to date the platform figure. The returned update date omits a year; no exact year is inferred.",3,"India Rail Info profile, fully cross-checked 2026-10-08",3I,https://indiarailinfo.com/station/map/kadakavur-kvu/1013,Reported platform positions; not independently verified current operational inventory,0,,No additional dated yard inventory recovered in this bounded search.,1013,KVU,KVU/Kadakavur (3 PFs),Track: Double Electric-Line,NOT_STATED,NOT_STATED,NOT_STATED,False,True,False,NOT_ESTABLISHED,,No count-specific history date established; profile timestamp not treated as platform update date.,AGREES,Profile does not supply official station-centre chainage; primary SR2025 value retained.,Numeric station tracks/loops/sidings NOT_STATED in inspected profile; no IRI corroboration claimed for Wikipedia totals or mapped counts.,IRI double-line category agrees primary named-section baseline; not a complete yard inventory.,IRI explicit platform total adopted after full-profile cross-check; Wikipedia raw figure retained separately.,True,,turn213search1,4 months ago,Heading and numeric ID agree; no contradictory named slug selected,sources/iri_middle_batch4_2026-10-08.txt,,NOT_EXPOSED,3,https://en.wikipedia.org/w/index.php?oldid=1376741290,2026-09-26T00:09:55Z,AGREES,NOT_RECOVERED,NOT_REVIEWED_SEPARATELY,IRI Number of Platforms field; do not automatically equate to platform bodies or uninterrupted boarding faces,No numeric Wikipedia platform discrepancy found in the existing register.,,,,,,
35,CRY,Chirayinkeezh,,Listed current by SR2025; no subsequent closure found,191.25,ERS via KTYM then KYJ,176.93,False,,,,,,Official current yard counts UNVERIFIED; separate mapped observations attached,SR2025,2025-04-01,,,,,,2,0,0,2,OSM geometry observed 2026-10-08; NOT current operational certification,Two main roads mapped; platform geometry absent. No loops or separate sidings mapped.,2026-10-08,2021-01-12T17:57:42Z / 2026-08-11T06:59:21Z,"https://api.openstreetmap.org/api/0.6/map?bbox=76.7763703,8.6493379,76.7943703,8.6673379",738434644;738434645;738434649;894664081;965152734;965152735;965152736;965152737;965152745;965152746;965152747;965152748,,,middle_observations.json#CRY,8.6595556,76.7855551,,,2,2,2,2,2,2,https://en.wikipedia.org/wiki/Chirayinkeezhu_railway_station,https://en.wikipedia.org/w/index.php?oldid=1370894752,1370894752,2026-08-23T16:41:08Z,2026-10-08,False,False,"No specific conflict identified in this pass. Infobox count is reported, not independently verified as a current engineering inventory.",FOUND,False,,"Wikipedia article infobox, reported secondary figure",,,,,2,NOT_STATED,Number of Platforms: 2,https://indiarailinfo.com/station/map/1012,Jul 31 2023 (01:27),2026-10-08,Indexed full station profile returned by web search,"Number of Platforms is the profile's stated platform total. Track: Double Electric-Line is a section category, not a count of all tracks within station limits. Numerical station running-line, loop, siding and total-track counts are not stated in the inspected profile. Profile update date is not assumed to date the platform figure.",2,"India Rail Info profile, fully cross-checked 2026-10-08",2I,https://indiarailinfo.com/station/map/1012,Reported platform positions; not independently verified current operational inventory,0,,No additional dated yard inventory recovered in this bounded search.,1012,CRY,CRY/Chirayinkeezhu (2 PFs),Track: Double Electric-Line,NOT_STATED,NOT_STATED,NOT_STATED,False,True,False,NOT_ESTABLISHED,,No count-specific history date established; profile timestamp not treated as platform update date.,AGREES,Profile does not supply official station-centre chainage; primary SR2025 value retained.,Numeric station tracks/loops/sidings NOT_STATED in inspected profile; no IRI corroboration claimed for Wikipedia totals or mapped counts.,IRI double-line category agrees primary named-section baseline; not a complete yard inventory.,IRI explicit platform total adopted after full-profile cross-check; Wikipedia raw figure retained separately.,True,2023,turn213search0,4 months ago,Heading and numeric ID agree; no contradictory named slug selected,sources/iri_middle_batch4_2026-10-08.txt,2023-07-31T01:27,NOT_EXPOSED,2,https://en.wikipedia.org/w/index.php?oldid=1370894752,2026-08-23T16:41:08Z,AGREES,Sep 18 2013 (11:56),https://indiarailinfo.com/station/timeline/edits-thiruvananthapuram-north-kochuveli-tvcn/1012,IRI Number of Platforms field; do not automatically equate to platform bodies or uninterrupted boarding faces,No numeric Wikipedia platform discrepancy found in the existing register.,,,,,,
36,PGZ,Perunguzhi,,Listed current by SR2025; no subsequent closure found,195.29,ERS via KTYM then KYJ,180.97,True,,,,,,Official current yard counts UNVERIFIED; separate mapped observations attached,SR2025,2025-04-01,,,,,,2,0,0,2,OSM geometry observed 2026-10-08; NOT current operational certification,Two main roads mapped; platform geometry absent. No loops or separate sidings mapped.,2026-10-08,2025-04-17T08:41:30Z / 2026-07-20T06:27:21Z,"https://api.openstreetmap.org/api/0.6/map?bbox=76.7992110,8.6225610,76.8172110,8.6405610",796439515;965152762,,954581495,middle_observations.json#PGZ,8.6317315,76.8081619,,,,,,,,,,,,,,,,Standalone English station article not found under tested title; alternate titles or other-language coverage may exist.,Tested English title missing; aliases/languages may exist,False,,,,,,,2,NOT_STATED,Number of Platforms: 2,https://indiarailinfo.com/station/map/3526,Oct 05 2024 (09:30),2026-10-08,Indexed full station profile returned by web search,"Number of Platforms is the profile's stated platform total. Track: Double Electric-Line is a section category, not a count of all tracks within station limits. Numerical station running-line, loop, siding and total-track counts are not stated in the inspected profile. Profile update date is not assumed to date the platform figure.",2,"India Rail Info profile, fully cross-checked 2026-10-08",2I,https://indiarailinfo.com/station/map/3526,Reported platform positions; not independently verified current operational inventory,0,,No additional dated yard inventory recovered in this bounded search.,3526,PGZ,PGZ/Perunguzhi (2 PFs),Track: Double Electric-Line,NOT_STATED,NOT_STATED,NOT_STATED,False,True,False,NOT_ESTABLISHED,,No count-specific history date established; profile timestamp not treated as platform update date.,NO_WIKIPEDIA_FIGURE,Profile does not supply official station-centre chainage; primary SR2025 value retained.,Numeric station tracks/loops/sidings NOT_STATED in inspected profile; no IRI corroboration claimed for Wikipedia totals or mapped counts.,IRI double-line category agrees primary named-section baseline; not a complete yard inventory.,IRI explicit platform total adopted after full-profile cross-check; Wikipedia raw figure retained separately.,True,2024,turn213search2,4 months ago,Heading and numeric ID agree; no contradictory named slug selected,sources/iri_middle_batch4_2026-10-08.txt,2024-10-05T09:30,NOT_EXPOSED,NOT_STATED,NOT_FOUND,NOT_FOUND,NO_NUMERIC_WIKIPEDIA_PLATFORM_FIGURE,Feb 19 2014 (20:21),https://indiarailinfo.com/station/timeline/edits-thiruvananthapuram-north-kochuveli-tvcn/3526,IRI Number of Platforms field; do not automatically equate to platform bodies or uninterrupted boarding faces,Existing Wikipedia register has no numeric platform count to compare.,,,,,,
37,MQU,Murukkampuzha,,Listed current by SR2025; no subsequent closure found,198.70,ERS via KTYM then KYJ,184.38,False,,,,,,Official current yard counts UNVERIFIED; separate mapped observations attached,SR2025,2025-04-01,,2,2,2,,3,1,1,4,OSM geometry observed 2026-10-08; NOT current operational certification,Two main roads plus western connected loop and southern dead-end extension. Two outer-side platform polygons. Proposed standard-gauge Silver Line excluded from existing rail inventory.,2026-10-08,2018-11-06T16:30:15Z / 2026-07-20T06:27:21Z,"https://api.openstreetmap.org/api/0.6/map?bbox=76.8212450,8.6046300,76.8392450,8.6226300",90772767;608428982;641627321;641627322;641627325;796439515;796439516;827889067;827889068;965152762;1536886962,1409282832;1409282833,954581495,middle_observations.json#MQU,8.6131373,76.8304901,,,,,,,,,,,,,,,,Standalone English station article not found under tested title; alternate titles or other-language coverage may exist.,Tested English title missing; aliases/languages may exist,False,,,,,,,2,NOT_STATED,Number of Platforms: 2,https://d.indiarailinfo.com/station/map/murukkampuzha-mqu/2782,Oct 04 2024 (19:13),2026-10-08,Indexed full station profile returned by web search,"Number of Platforms is the profile's stated platform total. Track: Double Electric-Line is a section category, not a count of all tracks within station limits. Numerical station running-line, loop, siding and total-track counts are not stated in the inspected profile. Profile update date is not assumed to date the platform figure.",2,"India Rail Info profile, fully cross-checked 2026-10-08",2I,https://d.indiarailinfo.com/station/map/murukkampuzha-mqu/2782,Reported platform positions; not independently verified current operational inventory,0,,No additional dated yard inventory recovered in this bounded search.,2782,MQU,MQU/Murukkampuzha (2 PFs),Track: Double Electric-Line,NOT_STATED,NOT_STATED,NOT_STATED,False,True,False,NOT_ESTABLISHED,,No count-specific history date established; profile timestamp not treated as platform update date.,NO_WIKIPEDIA_FIGURE,Profile does not supply official station-centre chainage; primary SR2025 value retained.,Numeric station tracks/loops/sidings NOT_STATED in inspected profile; no IRI corroboration claimed for Wikipedia totals or mapped counts.,IRI double-line category agrees primary named-section baseline; not a complete yard inventory.,IRI explicit platform total adopted after full-profile cross-check; Wikipedia raw figure retained separately.,True,2024,turn215search2,4 months ago,Heading and numeric ID agree; no contradictory named slug selected,sources/iri_middle_batch5_2026-10-08.txt,2024-10-04T19:13,NOT_EXPOSED,NOT_STATED,NOT_FOUND,NOT_FOUND,NO_NUMERIC_WIKIPEDIA_PLATFORM_FIGURE,NOT_RECOVERED,NOT_REVIEWED_SEPARATELY,IRI Number of Platforms field; do not automatically equate to platform bodies or uninterrupted boarding faces,Existing Wikipedia register has no numeric platform count to compare.,,,,,,
38,KXP,Kaniyapuram,,Listed current by SR2025; no subsequent closure found,202.59,ERS via KTYM then KYJ,188.27,True,,,,,,Official current yard counts UNVERIFIED; separate mapped observations attached,SR2025,2025-04-01,,,,,,2,0,0,2,OSM geometry observed 2026-10-08; NOT current operational certification,Two main roads mapped; platform geometry absent. Proposed Silver Line and proposed metro excluded.,2026-10-08,2026-01-06T10:54:07Z / 2026-07-20T06:27:21Z,"https://api.openstreetmap.org/api/0.6/map?bbox=76.8454820,8.5786120,76.8634820,8.5966120",90772767;608428982,,851795110;954581495,middle_observations.json#KXP,8.5874032,76.854403,,,2,,2,,2,,https://en.wikipedia.org/wiki/Thiruvananthapuram#Rail,https://en.wikipedia.org/w/index.php?title=Thiruvananthapuram&oldid=1379039524#Rail,1379039524,2026-10-07T15:12:00Z,2026-10-08,False,False,"Cityrailtable reports2platforms,trackcellblank; OSMplatformfootprintsabsent.",FOUND,False,*,"Wikipedia city article rail table, reported secondary figure",,,,,2,NOT_STATED,Number of Platforms: 2,https://indiarailinfo.com/station/map/kadakavur-kvu/3527,Jul 31 2023 (01:25),2026-10-08,Indexed full station profile returned by web search,"Number of Platforms is the profile's stated platform total. Track: Double Electric-Line is a section category, not a count of all tracks within station limits. Numerical station running-line, loop, siding and total-track counts are not stated in the inspected profile. Profile update date is not assumed to date the platform figure.",2,"India Rail Info profile, fully cross-checked 2026-10-08",2I,https://indiarailinfo.com/station/map/kadakavur-kvu/3527,Reported platform positions; not independently verified current operational inventory,0,,No additional dated yard inventory recovered in this bounded search.,3527,KXP,KXP/Kaniyapuram (2 PFs),Track: Double Electric-Line,NOT_STATED,NOT_STATED,NOT_STATED,False,True,False,NOT_ESTABLISHED,,No count-specific history date established; profile timestamp not treated as platform update date.,AGREES,Profile does not supply official station-centre chainage; primary SR2025 value retained.,Numeric station tracks/loops/sidings NOT_STATED in inspected profile; no IRI corroboration claimed for Wikipedia totals or mapped counts.,IRI double-line category agrees primary named-section baseline; not a complete yard inventory.,IRI explicit platform total adopted after full-profile cross-check; Wikipedia raw figure retained separately.,True,2023,turn215search3,6 months ago,"URL slug names Kadakavur/KVU, but heading and numeric profile ID explicitly identify KXP",sources/iri_middle_batch5_2026-10-08.txt,2023-07-31T01:25,NOT_EXPOSED,2,https://en.wikipedia.org/w/index.php?title=Thiruvananthapuram&oldid=1379039524#Rail,2026-10-07T15:12:00Z,AGREES,Feb 19 2014 (20:22),https://indiarailinfo.com/station/timeline/edits-thiruvananthapuram-north-kochuveli-tvcn/3527,IRI Number of Platforms field; do not automatically equate to platform bodies or uninterrupted boarding faces,No numeric Wikipedia platform discrepancy found in the existing register.,,,,,,
39,KZK,Kazhakuttam,,Listed current by SR2025; no subsequent closure found,206.61,ERS via KTYM then KYJ,192.29,False,,,,,,Official current yard counts UNVERIFIED; separate mapped observations attached,SR2025,2025-04-01,,,,,,4,2,,,OSM geometry observed 2026-10-08; NOT current operational certification,"Two main roads and two outer connected loops, industrial spurs and end stubs. Siding total unresolved; platform geometry absent. Proposed Silver Line excluded.",2026-10-08,2018-11-06T16:30:15Z / 2026-07-20T06:27:21Z,"https://api.openstreetmap.org/api/0.6/map?bbox=76.8632350,8.5468480,76.8812350,8.5648480",90772767;98623852;98623876;98623887;608428982;641627329;641627331;641627334;641627336;641627338;641627339,,954581495,middle_observations.json#KZK,8.556815,76.8727534,,,3,4,3,4,3,4,https://en.wikipedia.org/wiki/Thiruvananthapuram#Rail,https://en.wikipedia.org/w/index.php?title=Thiruvananthapuram&oldid=1379039524#Rail,1379039524,2026-10-07T15:12:00Z,2026-10-08,False,False,Cityrailtable reports3platforms/4tracks; OSMplatformfootprintsabsent.,FOUND,False,*,"Wikipedia city article rail table, reported secondary figure",,,,,3,NOT_STATED,Number of Platforms: 3,https://indiarailinfo.com/station/map/kazhakkuttam-kzk/2764,Jun 22 2024 (17:58),2026-10-08,Indexed full station profile returned by web search,"Number of Platforms is the profile's stated platform total. Track: Double Electric-Line is a section category, not a count of all tracks within station limits. Numerical station running-line, loop, siding and total-track counts are not stated in the inspected profile. Profile update date is not assumed to date the platform figure.",3,"India Rail Info profile, fully cross-checked 2026-10-08",3I,https://indiarailinfo.com/station/map/kazhakkuttam-kzk/2764,Reported platform positions; not independently verified current operational inventory,0,,No additional dated yard inventory recovered in this bounded search.,2764,KZK,KZK/Kazhakkuttam (3 PFs),Track: Double Electric-Line,NOT_STATED,NOT_STATED,NOT_STATED,False,True,False,NOT_ESTABLISHED,,No count-specific history date established; profile timestamp not treated as platform update date.,AGREES,Profile does not supply official station-centre chainage; primary SR2025 value retained.,Numeric station tracks/loops/sidings NOT_STATED in inspected profile; no IRI corroboration claimed for Wikipedia totals or mapped counts.,IRI double-line category agrees primary named-section baseline; not a complete yard inventory.,IRI explicit platform total adopted after full-profile cross-check; Wikipedia raw figure retained separately.,True,2024,turn215search4,4 months ago,Heading and numeric ID agree; no contradictory named slug selected,sources/iri_middle_batch5_2026-10-08.txt,2024-06-22T17:58,NOT_EXPOSED,3,https://en.wikipedia.org/w/index.php?title=Thiruvananthapuram&oldid=1379039524#Rail,2026-10-07T15:12:00Z,AGREES,NOT_RECOVERED,NOT_REVIEWED_SEPARATELY,IRI Number of Platforms field; do not automatically equate to platform bodies or uninterrupted boarding faces,No numeric Wikipedia platform discrepancy found in the existing register.,,,,,,
40,VELI,Veli,,Listed current by SR2025; no subsequent closure found,210.80,ERS via KTYM then KYJ,196.48,True,,,,,,Official current yard counts UNVERIFIED; separate mapped observations attached,SR2025,2025-04-01,2025 map prints VE; current passenger code VELI requires official reconciliation,,1,,,2,0,0,2,OSM geometry observed 2026-10-08; NOT current operational certification,"Only platform1 outline mapped; platform inventory incomplete. Crossover is northward approach toward TVCN, not a station siding. Proposed Silver Line excluded.",2026-10-08,2018-11-06T16:30:25Z / 2026-07-09T05:00:08Z,"https://api.openstreetmap.org/api/0.6/map?bbox=76.8739192,8.5135365,76.8919192,8.5315365",90772756;90772767;236967348;315266850;608428982;762403625;762403627,1133473137,1464569646,middle_observations.json#VELI,8.5228086,76.8827792,,,3,4,3,4,3,4,https://en.wikipedia.org/wiki/Thiruvananthapuram#Rail,https://en.wikipedia.org/w/index.php?title=Thiruvananthapuram&oldid=1379039524#Rail,1379039524,2026-10-07T15:12:00Z,2026-10-08,False,False,Cityrailtable reports3platforms/4tracks; OSMmaps2mainroads andonepartialplatform. Needs independentcorroboration; do not treat as confirmedcurrentinventory.,FOUND,False,*,"Wikipedia city article rail table, reported secondary figure",,,,,1,NOT_STATED,Number of Platforms: 1,https://indiarailinfo.com/station/map/3528#st,"Jun 29 (22:12), year not exposed",2026-10-08,Live profile visually read in cloud browser; indexed full text also retained,"Number of Platforms is the profile's stated platform total. Track: Double Electric-Line is a section category, not a count of all tracks within station limits. Numerical station running-line, loop, siding and total-track counts are not stated in the inspected profile. Profile update date is not assumed to date the platform figure.",1,"India Rail Info profile, fully cross-checked 2026-10-08",1I*,https://indiarailinfo.com/station/map/3528#st,Reported platform positions; not independently verified current operational inventory,0,,No additional dated yard inventory recovered in this bounded search.,3528,VELI,VELI/Veli (1 PFs),Track: Double Electric-Line,NOT_STATED,NOT_STATED,NOT_STATED,False,True,False,NOT_ESTABLISHED,,No count-specific history date established; profile timestamp not treated as platform update date.,DISAGREES,Profile does not supply official station-centre chainage; primary SR2025 value retained.,Numeric station tracks/loops/sidings NOT_STATED in inspected profile; no IRI corroboration claimed for Wikipedia totals or mapped counts.,IRI double-line category agrees primary named-section baseline; not a complete yard inventory.,IRI station-specific1 preferred over Wikipedia city-table3; OSM and inspected Google satellite show one clear developed side platform. Imagery acquisition date and operational completeness unresolved; conflict retained.,True,,turn215search6,4 months ago,Heading and numeric ID agree; no contradictory named slug selected,sources/iri_middle_batch5_2026-10-08.txt,,NOT_EXPOSED,3,https://en.wikipedia.org/w/index.php?title=Thiruvananthapuram&oldid=1379039524#Rail,2026-10-07T15:12:00Z,CONFLICT,NOT_RECOVERED,https://indiarailinfo.com/station/timeline/edits-thiruvananthapuram-south-nemom-nem/3528,IRI Number of Platforms field; do not automatically equate to platform bodies or uninterrupted boarding faces,"Live profile confirms1, updatedJun29 with year not exposed. Earlier indexed September2024 timestamp was an address/category edit. Wikipedia city-table3 remains disputed; no count-specific update date established.","{""station_code"": ""VELI"", ""provider"": ""Google Maps satellite, cloud browser visually inspected"", ""accessed_date"": ""2026-10-08"", ""imagery_acquisition_date"": ""NOT_EXPOSED"", ""coordinates"": ""8.5228564,76.882369"", ""observation"": ""Two parallel running alignments and one clearly developed western-side platform beside station building. Eastern margin insufficiently distinct to certify another platform."", ""implication"": ""Qualitatively supports IRI1 over Wikipedia city-table3, but not an operational inventory certificate."", ""source_url"": ""https://www.google.com/maps/place/Veli+Railway+Station/@8.5228564,76.882369,112m/data=!3m1!1e3!4m10!1m2!2m1!1sVeli+railway+station!3m6!1s0x3b05bd7aacf53dd5:0x4dde21df3cc2dcf2!8m2!3d8.5228404!4d76.8827158!15sChRWZWxpIHJhaWx3YXkgc3RhdGlvbloWIhR2ZWxpIHJhaWx3YXkgc3RhdGlvbpIBEHJhaWx3YXlfc2VydmljZXOaAURDaTlEUVVsUlFVTnZaRU5vZEhsalJqbHZUMjAwZVU1dFdqWk5iazE1Vm14a1NtUkdhR3RTUmxaTFdWaEJlRlJGUlJBQuABAPoBBAhUEC8!16s%2Fg%2F11vprf7h23?entry=ttu&g_ep=EgoyMDI2MTAwNS4wIKXMDSoASAFQAw%3D%3D""}",1,Visible developed platform bodies; incomplete or undated imagery does not certify current operation.,Sep 22 2024 (12:19),Live profile confirms1platform and Double Electric-Line. Embedded map remained blank after one reload. New profile timestamp not assumed count-specific.,2024-09-22T12:19
41,TVCN,Thiruvananthapuram North,KCVL / Kochuveli,Listed current by SR2025; no subsequent closure found,213.74,ERS via KTYM then KYJ,199.42,False,,,,,,Official current yard counts UNVERIFIED; separate mapped observations attached,SR2025,2025-04-01,,6,4,6,,,,,,OSM geometry observed 2026-10-08; NOT current operational certification,"Four platform bodies refs1,2;3,4;5,6 give six distinct mapped faces. Yard and stabling/pit roads present, but exact track classification/inventory unresolved. Extra footway-tagged platform way1409254309 is not counted as a fifth body. Proposed Silver Line excluded.",2026-10-08,2018-11-06T16:30:16Z / 2026-07-09T05:00:08Z,"https://api.openstreetmap.org/api/0.6/map?bbox=76.8841000,8.4972540,76.9081000,8.5212540",90772756;90772767;98623858;236967348;315266850;427081232;427081233;519426852;608428982;641627341;641627345;641627347;641627350;641627352;641627355;641627357;641627360;641627362;641627364;641627366;641627368;762403625;762403627;1011066125;1011066126;1534226864,427081226;427081231;519426843;519426847;1409254309,1464569645;1464569646,middle_observations.json#TVCN,8.5103341,76.8970471,,,6,13,6,13,6,13,https://en.wikipedia.org/wiki/Thiruvananthapuram_North_railway_station,https://en.wikipedia.org/w/index.php?oldid=1371326616,1371326616,2026-08-25T22:40:55Z,2026-10-08,False,False,Infobox reports 6 platforms and 13 tracks. Article discusses future expansion to 10 platforms; planned figure is not counted.,FOUND,False,*,"Wikipedia article infobox, reported secondary figure",,,,,6,NOT_STATED,Number of Platforms: 6,https://indiarailinfo.com/station/map/thiruvananthapuram-north-kochuveli-tvcn/1009,Sep 20 2025 (22:15),2026-10-08,Indexed full station profile returned by web search,"Number of Platforms is the profile's stated platform total. Track: Double Electric-Line is a section category, not a count of all tracks within station limits. Numerical station running-line, loop, siding and total-track counts are not stated in the inspected profile. Profile update date is not assumed to date the platform figure.",6,"India Rail Info profile, fully cross-checked 2026-10-08",6I,https://indiarailinfo.com/station/map/thiruvananthapuram-north-kochuveli-tvcn/1009,Reported platform positions; not independently verified current operational inventory,1,"[{""station_code"": ""TVCN"", ""evidence_date"": ""2026-08-09"", ""evidence_class"": ""News quoting railway plans"", ""scope"": ""Future final-phase works"", ""reported_figures"": ""2 additional stabling lines; 1 additional pit line"", ""source_url"": ""https://timesofindia.indiatimes.com/city/thiruvananthapuram/kochuveli-station-set-for-final-phase-of-master-plan/amp_articleshow/133058289.cms"", ""accessed_date"": ""2026-10-08"", ""limitations"": ""Proposed/tendering additions, excluded from existing totals.""}]","Evidence is dated and scope-specific. Existing, proposed and separate-depot figures must not be summed into a present station total.",1009,TVCN,TVCN/Thiruvananthapuram North (Kochuveli) (6 PFs),Track: Double Electric-Line,NOT_STATED,NOT_STATED,NOT_STATED,False,True,False,NOT_ESTABLISHED,,No count-specific history date established; profile timestamp not treated as platform update date.,AGREES,Profile does not supply official station-centre chainage; primary SR2025 value retained.,Numeric station tracks/loops/sidings NOT_STATED in inspected profile; no IRI corroboration claimed for Wikipedia totals or mapped counts.,IRI double-line category agrees primary named-section baseline; not a complete yard inventory.,IRI explicit platform total adopted after full-profile cross-check; Wikipedia raw figure retained separately.,True,2025,turn216search1,4 months ago,Heading and numeric ID agree; no contradictory named slug selected,sources/iri_middle_batch6_2026-10-08.txt,2025-09-20T22:15,NOT_EXPOSED,6,https://en.wikipedia.org/w/index.php?oldid=1371326616,2026-08-25T22:40:55Z,AGREES,NOT_RECOVERED,NOT_REVIEWED_SEPARATELY,IRI Number of Platforms field; do not automatically equate to platform bodies or uninterrupted boarding faces,No numeric Wikipedia platform discrepancy found in the existing register.,,,,,,
42,TVP,Thiruvananthapuram Pettah,,Listed current by SR2025; no subsequent closure found,217.49,ERS via KTYM then KYJ,203.17,False,,,,,,Official current yard counts UNVERIFIED; separate mapped observations attached,SR2025,2025-04-01,,2,2,2,,2,0,0,2,OSM geometry observed 2026-10-08; NOT current operational certification,Two side platforms on the two main roads. No loops or separate sidings mapped.,2026-10-08,2022-07-26T18:43:22Z / 2026-07-08T10:08:07Z,"https://api.openstreetmap.org/api/0.6/map?bbox=76.9226730,8.4855240,76.9406730,8.5035240",385040650;608428979,1081587507;1081587508,,middle_observations.json#TVP,8.4950282,76.9317754,,,2,2,2,2,2,2,https://en.wikipedia.org/wiki/Thiruvananthapuram_Pettah_railway_station,https://en.wikipedia.org/w/index.php?oldid=1371326624,1371326624,2026-08-25T22:40:56Z,2026-10-08,False,False,"No specific conflict identified in this pass. Infobox count is reported, not independently verified as a current engineering inventory.",FOUND,False,,"Wikipedia article infobox, reported secondary figure",,,,,2,NOT_STATED,Number of Platforms: 2,https://d.indiarailinfo.com/station/map/2532?a=1,May 13 2023 (13:10),2026-10-08,Indexed full station profile returned by web search,"Number of Platforms is the profile's stated platform total. Track: Double Electric-Line is a section category, not a count of all tracks within station limits. Numerical station running-line, loop, siding and total-track counts are not stated in the inspected profile. Profile update date is not assumed to date the platform figure.",2,"India Rail Info profile, fully cross-checked 2026-10-08",2I,https://d.indiarailinfo.com/station/map/2532?a=1,Reported platform positions; not independently verified current operational inventory,0,,No additional dated yard inventory recovered in this bounded search.,2532,TVP,TVP/Thiruvananthapuram Pettah (2 PFs),Track: Double Electric-Line,NOT_STATED,NOT_STATED,NOT_STATED,False,True,False,NOT_ESTABLISHED,,No count-specific history date established; profile timestamp not treated as platform update date.,AGREES,Profile does not supply official station-centre chainage; primary SR2025 value retained.,Numeric station tracks/loops/sidings NOT_STATED in inspected profile; no IRI corroboration claimed for Wikipedia totals or mapped counts.,IRI double-line category agrees primary named-section baseline; not a complete yard inventory.,IRI explicit platform total adopted after full-profile cross-check; Wikipedia raw figure retained separately.,True,2023,turn221search0,4 months ago,Heading and numeric ID agree; no contradictory named slug selected,sources/iri_middle_batch7_2026-10-08.txt,2023-05-13T13:10,NOT_EXPOSED,2,https://en.wikipedia.org/w/index.php?oldid=1371326624,2026-08-25T22:40:56Z,AGREES,NOT_RECOVERED,NOT_REVIEWED_SEPARATELY,IRI Number of Platforms field; do not automatically equate to platform bodies or uninterrupted boarding faces,No numeric Wikipedia platform discrepancy found in the existing register.,,,,,,
43,TVC,Thiruvananthapuram Central,,Listed current by SR2025; no subsequent closure found,219.98,ERS via KTYM then KYJ,205.66,False,,,,,,Official current yard counts UNVERIFIED; separate mapped observations attached,SR2025,2025-04-01,,5,3,5,,,,,,OSM geometry observed 2026-10-08; NOT current operational certification,"Three platform bodies: west4/5, middle2/3, east unnumbered side body, totaling five mapped faces. Complex coach-care and yard roads; exact loop/siding/track inventory unresolved. Proposed metro excluded.",2026-10-08,2018-11-07T12:37:03Z / 2026-07-08T10:08:07Z,"https://api.openstreetmap.org/api/0.6/map?bbox=76.94321,8.478679000000001,76.95920999999998,8.494679",385040650;404118735;404118736;404118737;404118738;608428979;641650009;641650010;641650011;641650012;641650014;641650015;641650016;641650017;641863868;641863869;641863870;641863871;641863872;641863873;641863874;641863875;641863876;641863877;641863878;641863879;641863880;641863881;641863882;641863883;641863884;641863885;641863886;641863887;641863888;661604994;661604998;669062978;669062979;818130829;818130830;818130831;818130832;818130833;827854391;827854395;827854396;1311408246;1311408266,404118734;404118740;921797273,851795110,middle_observations.json#TVC,8.4870167,76.9526408,,,5,16,5,16,5,16,https://en.wikipedia.org/wiki/Thiruvananthapuram_Central_railway_station,https://en.wikipedia.org/w/index.php?oldid=1371439179,1371439179,2026-08-26T12:51:10Z,2026-10-08,False,False,"No specific conflict identified in this pass. Infobox count is reported, not independently verified as a current engineering inventory.",FOUND,False,,"Wikipedia article infobox, reported secondary figure",,,,,5,NOT_STATED,Number of Platforms: 5,https://indiarailinfo.com/station/map/thiruvananthapuram-central-trivandrum-tvc/59,Apr 11 (07:53),2026-10-08,Indexed full station profile returned by web search,"Number of Platforms is the profile's stated platform total. Track: Double Electric-Line is a section category, not a count of all tracks within station limits. Numerical station running-line, loop, siding and total-track counts are not stated in the inspected profile. Profile update date is not assumed to date the platform figure. The returned update date omits a year; no exact year is inferred.",5,"India Rail Info profile, fully cross-checked 2026-10-08",5I,https://indiarailinfo.com/station/map/thiruvananthapuram-central-trivandrum-tvc/59,Reported platform positions; not independently verified current operational inventory,2,"[{""station_code"": ""TVC"", ""evidence_date"": ""2015-2016 reporting year"", ""evidence_class"": ""Primary Southern Railway annual report"", ""scope"": ""Carriage watering works"", ""reported_figures"": ""Road pairs 12/13 and 14/15 identified"", ""source_url"": ""https://sr.indianrailways.gov.in/cris/uploads/files/1688799706975-gm%20report%202015%2016.pdf"", ""accessed_date"": ""2026-10-08"", ""limitations"": ""Road identities historically supported; does not establish complete track total or correspondence to current OSM roads.""}, {""station_code"": ""TVC"", ""evidence_date"": ""2024-11-07"", ""evidence_class"": ""News report"", ""scope"": ""Maintenance yard"", ""reported_figures"": ""5 pit lines"", ""source_url"": ""https://timesofindia.indiatimes.com/city/thiruvananthapuram/thiruvananthapuram-railway-stations-face-cuts-fewer-trains-expected-after-pit-line-decrease/amp_articleshow/115060420.cms"", ""accessed_date"": ""2026-10-08"", ""limitations"": ""Dated reported existing count; total sidings and stabling unresolved.""}]","Evidence is dated and scope-specific. Existing, proposed and separate-depot figures must not be summed into a present station total.",59,TVC,TVC/Thiruvananthapuram Central (Trivandrum) (5 PFs),Track: Double Electric-Line,NOT_STATED,NOT_STATED,NOT_STATED,False,True,False,NOT_ESTABLISHED,,No count-specific history date established; profile timestamp not treated as platform update date.,AGREES,Profile does not supply official station-centre chainage; primary SR2025 value retained.,Numeric station tracks/loops/sidings NOT_STATED in inspected profile; no IRI corroboration claimed for Wikipedia totals or mapped counts.,"Boundary station: IRI double category agrees north toward QLN, not proof south toward ERL is doubled.",IRI explicit platform total adopted after full-profile cross-check; Wikipedia raw figure retained separately.,True,,turn216search0,4 months ago,Heading and numeric ID agree; no contradictory named slug selected,sources/iri_middle_batch6_2026-10-08.txt,,NOT_EXPOSED,5,https://en.wikipedia.org/w/index.php?oldid=1371439179,2026-08-26T12:51:10Z,AGREES,NOT_RECOVERED,NOT_REVIEWED_SEPARATELY,IRI Number of Platforms field; do not automatically equate to platform bodies or uninterrupted boarding faces,No numeric Wikipedia platform discrepancy found in the existing register.,,,,,,
44,TVCS,Thiruvananthapuram South,NEM / Nemom,Listed current by SR2025; no subsequent closure found,227.70,ERS via KTYM then KYJ,213.38,False,,,,,,Official current yard counts UNVERIFIED; separate mapped observations attached,SR2025,2025-04-01,,,,,2,,,,,OSM geometry observed 2026-10-08; NOT current operational certification,Two mapped rail roads through station area: one main alignment and a connected loop with short dead-end extensions at both ends. No platform geometry mapped. Terminal redevelopment may have added unrecorded roads/platforms; do not use as 2026 operational total.,2026-10-08,2018-11-08T04:29:32Z / 2025-03-13T06:48:30Z,"https://api.openstreetmap.org/api/0.6/map?bbox=77.0006930,8.4462330,77.0186930,8.4642330",397808851;642058763;642058764;642058765,,,south_observations.json#TVCS,8.4538721,77.0104923,1,2,2,3,2,3,2,3 (12*) ; * Indicates currently under construction,https://en.wikipedia.org/wiki/Thiruvananthapuram_South_railway_station,https://en.wikipedia.org/w/index.php?oldid=1376454705,1376454705,2026-09-24T06:13:01Z,2026-10-08,False,False,Infobox reports 2 platforms. Separate body proposal for 5 platforms is future development and not counted. Old NEM code on Wikipedia does not override official TVCS code. Track figure supplied separately by the city rail table; station infobox did not state tracks. Planned construction count is excluded.,FOUND,False,*,"Wikipedia article infobox, reported secondary figure",https://en.wikipedia.org/w/index.php?title=Thiruvananthapuram&oldid=1379039524#Rail,1379039524,2026-10-07T15:12:00Z,City rail table (not station infobox),2,NOT_STATED,Number of Platforms: 2,https://indiarailinfo.com/station/rfclub/railfan-club-thiruvananthapuram-south-nemom-tvcs/4790,Oct 18 2024 (09:01),2026-10-08,Indexed full station profile returned by web search,"Profile platform total explicitly supplied; track category is not a yard-road total. Numerical tracks, loops and sidings are not stated in profile. Profile update date may concern address/category and does not date every field.",2,"India Rail Info profile, fully cross-checked 2026-10-08",2I*,https://indiarailinfo.com/station/rfclub/railfan-club-thiruvananthapuram-south-nemom-tvcs/4790,Reported platform positions; not independently verified current operational inventory,1,"[{""station_code"": ""TVCS"", ""evidence_date"": ""2024-04 publication path"", ""evidence_class"": ""Primary Kerala SIA citing Southern Railway"", ""scope"": ""Works done versus proposed terminal"", ""reported_figures"": ""Works done on platforms 1,2,3; proposed 2 pit, 1 stabling and 2 sick lines"", ""source_url"": ""https://cmd.kerala.gov.in/wp-content/uploads/2024/04/Nemom-Terminal-English-Report-Final.pdf"", ""accessed_date"": ""2026-10-08"", ""limitations"": ""Works done does not establish commissioning of all three platform positions. Does not supersede reported operating count2. Plan km227.900 differs from SR2025 centre227.70: retain distinct plan reference, not route anchor.""}]","Evidence is dated and scope-specific. Existing, proposed and separate-depot figures must not be summed into a present station total.",4790,TVCS,Station code TVCS and (2 PFs) read in profile heading; spelling follows source URL,Track: Construction - Electric-Line Doubling,NOT_STATED,NOT_STATED,NOT_STATED,False,True,False,NOT_ESTABLISHED,,No count-specific history date established; profile timestamp not treated as platform update date.,AGREES,Profile does not supply official station-centre chainage; primary SR2025 value retained.,Numeric station tracks/loops/sidings NOT_STATED in inspected profile; no IRI corroboration claimed for Wikipedia totals or mapped counts.,IRI construction/doubling category agrees work-in-progress corridor; does not establish second line operational.,IRI explicit platform total adopted after full-profile cross-check; Wikipedia raw figure retained separately.,True,,,,,,,,,,,,,,,,,,,,,
45,BRAM,Balaramapuram,,Listed current by SR2025; no subsequent closure found,233.21,ERS via KTYM then KYJ,218.89,True,,,,,,Official current yard counts UNVERIFIED; separate mapped observations attached,SR2025,2025-04-01,,1,1,,1,,,,,OSM geometry observed 2026-10-08; NOT current operational certification,One mapped main rail alignment and one side-platform polygon. Proposed Vizhinjam freight link is explicitly railway=proposed and excluded. No mapped loop; current doubling/port works not inferred complete.,2026-10-08,2021-01-02T21:18:53Z / 2023-10-25T06:26:14Z,"https://api.openstreetmap.org/api/0.6/map?bbox=77.0423209,8.4211075,77.0603209,8.4391075",385040651;397808847;548373998;548373999,566006171,566006169,south_observations.json#BRAM,8.429903,77.0519047,0,0,1,,1,,1,,https://en.wikipedia.org/wiki/Thiruvananthapuram#Rail,https://en.wikipedia.org/w/index.php?title=Thiruvananthapuram&oldid=1379039524#Rail,1379039524,2026-10-07T15:12:00Z,2026-10-08,False,False,"Cityrailtable reports1platform,trackcellblank; matches one mappedsideplatform.",FOUND,False,*,"Wikipedia city article rail table, reported secondary figure",,,,,1,NOT_STATED,Number of Platforms: 1,https://indiarailinfo.com/station/map/thiruvananthapuram-central-trivandrum-tvc/3529,Sep 07 2024 (14:55),2026-10-08,Indexed full station profile returned by web search,"Profile platform total explicitly supplied; track category is not a yard-road total. Numerical tracks, loops and sidings are not stated in profile. Profile update date may concern address/category and does not date every field.",1,"India Rail Info profile, fully cross-checked 2026-10-08",1I,https://indiarailinfo.com/station/map/thiruvananthapuram-central-trivandrum-tvc/3529,Reported platform positions; not independently verified current operational inventory,0,,No additional dated yard inventory recovered in this bounded search.,3529,BRAM,Station code BRAM and (1 PFs) read in profile heading; spelling follows source URL,Track: Construction - Electric-Line Doubling,NOT_STATED,NOT_STATED,NOT_STATED,False,True,False,NOT_ESTABLISHED,,No count-specific history date established; profile timestamp not treated as platform update date.,AGREES,Profile does not supply official station-centre chainage; primary SR2025 value retained.,Numeric station tracks/loops/sidings NOT_STATED in inspected profile; no IRI corroboration claimed for Wikipedia totals or mapped counts.,IRI construction/doubling category agrees work-in-progress corridor; does not establish second line operational.,IRI explicit platform total adopted after full-profile cross-check; Wikipedia raw figure retained separately.,True,,,,,,,,,,,,,,,,,,,,,
46,NYY,Neyyattinkara,,Listed current by SR2025; no subsequent closure found,237.08,ERS via KTYM then KYJ,222.76,False,,,,,,Official current yard counts UNVERIFIED; separate mapped observations attached,SR2025,2025-04-01,,,,,2,,,,,OSM geometry observed 2026-10-08; NOT current operational certification,One main and one crossing-loop alignment at station centre; an additional short connected branch on loop south end creates a local third road. No platform geometry. Siding service tags are not operating classifications.,2026-10-08,2018-11-08T04:29:33Z / 2022-06-22T05:59:03Z,"https://api.openstreetmap.org/api/0.6/map?bbox=77.0721100,8.4014100,77.0901100,8.4194100",385040651;642058766;642058767,,,south_observations.json#NYY,8.4100639,77.0816275,1,0,2,2,2,2,2,2,https://en.wikipedia.org/wiki/Neyyattinkara_railway_station,https://en.wikipedia.org/w/index.php?oldid=1370959079,1370959079,2026-08-23T22:51:46Z,2026-10-08,False,False,Infobox reports 2 platforms and 2 tracks; article notes weak inline sourcing. Ongoing doubling/redevelopment can make an uncited count stale.,FOUND,False,*,"Wikipedia article infobox, reported secondary figure",,,,,2,NOT_STATED,Number of Platforms: 2,https://indiarailinfo.com/station/map/neyyattinkara-nyy/804,Sep 22 2024 (12:18),2026-10-08,Indexed full station profile returned by web search,"Profile platform total explicitly supplied; track category is not a yard-road total. Numerical tracks, loops and sidings are not stated in profile. Profile update date may concern address/category and does not date every field.",2,"India Rail Info profile, fully cross-checked 2026-10-08",2I,https://indiarailinfo.com/station/map/neyyattinkara-nyy/804,Reported platform positions; not independently verified current operational inventory,0,,No additional dated yard inventory recovered in this bounded search.,804,NYY,Station code NYY and (2 PFs) read in profile heading; spelling follows source URL,Track: Construction - Electric-Line Doubling,NOT_STATED,NOT_STATED,NOT_STATED,False,True,False,NOT_ESTABLISHED,,No count-specific history date established; profile timestamp not treated as platform update date.,AGREES,Profile does not supply official station-centre chainage; primary SR2025 value retained.,Numeric station tracks/loops/sidings NOT_STATED in inspected profile; no IRI corroboration claimed for Wikipedia totals or mapped counts.,IRI construction/doubling category agrees work-in-progress corridor; does not establish second line operational.,IRI explicit platform total adopted after full-profile cross-check; Wikipedia raw figure retained separately.,True,,,,,,,,,,,,,,,,,,,,,
47,AMVA,Amaravila,,Listed current by SR2025; no subsequent closure found,240.00,ERS via KTYM then KYJ,225.68,True,,,,,,Official current yard counts UNVERIFIED; separate mapped observations attached,SR2025,2025-04-01,,,,,1,,,,,OSM geometry observed 2026-10-08; NOT current operational certification,One mapped main alignment; no platform objects. Absence of platform polygons does not mean zero platforms. Bridge split ways constitute one physical road.,2026-10-08,2021-01-02T21:21:11Z / 2025-12-17T11:55:07Z,"https://api.openstreetmap.org/api/0.6/map?bbox=77.0913620,8.3881090,77.1093620,8.4061090",31546483;385040649,,,south_observations.json#AMVA,8.3965301,77.1006206,0,0,,,,,,,,,,,,,,Standalone English station article not found under tested title; alternate titles or other-language coverage may exist.,Tested English title missing; aliases/languages may exist,False,,,,,,,1,NOT_STATED,Number of Platforms: 1,https://indiarailinfo.com/station/blog/thiruvananthapuram-south-nemom-nem/4791,Oct 02 2024 (22:58),2026-10-08,Indexed full station profile returned by web search,"Profile platform total explicitly supplied; track category is not a yard-road total. Numerical tracks, loops and sidings are not stated in profile. Profile update date may concern address/category and does not date every field.",1,"India Rail Info profile, fully cross-checked 2026-10-08",1I,https://indiarailinfo.com/station/blog/thiruvananthapuram-south-nemom-nem/4791,Reported platform positions; not independently verified current operational inventory,0,,No additional dated yard inventory recovered in this bounded search.,4791,AMVA,Station code AMVA and (1 PFs) read in profile heading; spelling follows source URL,Track: Construction - Electric-Line Doubling,NOT_STATED,NOT_STATED,NOT_STATED,False,True,False,NOT_ESTABLISHED,,No count-specific history date established; profile timestamp not treated as platform update date.,NO_WIKIPEDIA_FIGURE,Profile does not supply official station-centre chainage; primary SR2025 value retained.,Numeric station tracks/loops/sidings NOT_STATED in inspected profile; no IRI corroboration claimed for Wikipedia totals or mapped counts.,IRI construction/doubling category agrees work-in-progress corridor; does not establish second line operational.,IRI explicit platform total adopted after full-profile cross-check; Wikipedia raw figure retained separately.,True,,,,,,,,,,,,,,,,,,,,,
48,DAVM,Dhanuvachapuram,,Listed current by SR2025; no subsequent closure found,243.50,ERS via KTYM then KYJ,229.18,True,,,,,,Official current yard counts UNVERIFIED; separate mapped observations attached,SR2025,2025-04-01,,,,,1,,,,,OSM geometry observed 2026-10-08; NOT current operational certification,"One mapped main alignment; no platform polygons. Source mainline last edited December 2025, not evidence of 2026 commissioning.",2026-10-08,2025-12-17T11:55:07Z / 2025-12-17T11:55:07Z,"https://api.openstreetmap.org/api/0.6/map?bbox=77.1153520,8.3698020,77.1333520,8.3878020",31546483,,,south_observations.json#DAVM,8.3783066,77.1258416,0,0,,,,,,,,,,,,,,Standalone English station article not found under tested title; alternate titles or other-language coverage may exist.,Tested English title missing; aliases/languages may exist,False,,,,,,,2,NOT_STATED,Number of Platforms: 2,https://indiarailinfo.com/station/map/2774,NOT_EXPOSED,2026-10-08,Indexed full station profile returned by web search,"Profile platform total explicitly supplied; track category is not a yard-road total. Numerical tracks, loops and sidings are not stated in profile. Profile update date may concern address/category and does not date every field.",2,"India Rail Info profile, fully cross-checked 2026-10-08",2I,https://indiarailinfo.com/station/map/2774,Reported platform positions; not independently verified current operational inventory,0,,No additional dated yard inventory recovered in this bounded search.,2774,DAVM,Station code DAVM and (2 PFs) read in profile heading; spelling follows source URL,Track: Construction - Electric-Line Doubling,NOT_STATED,NOT_STATED,NOT_STATED,False,True,False,2016-03-15 16:40,https://indiarailinfo.com/station/timeline/edits-dhanuvachapuram-davm/2774,"Explicit platform-count entry says2, predating recent doubling. Do not infer this count was created by 2026 construction.",NO_WIKIPEDIA_FIGURE,Profile does not supply official station-centre chainage; primary SR2025 value retained.,Numeric station tracks/loops/sidings NOT_STATED in inspected profile; no IRI corroboration claimed for Wikipedia totals or mapped counts.,IRI construction/doubling category agrees work-in-progress corridor; does not establish second line operational.,IRI explicit platform total adopted after full-profile cross-check; Wikipedia raw figure retained separately.,True,,,,,,,,,,,,,,,,,,,,,
49,PASA,Parassala,,Listed current by SR2025; no subsequent closure found,249.56,ERS via KTYM then KYJ,235.24,False,,,,,,Official current yard counts UNVERIFIED; separate mapped observations attached,SR2025,2025-04-01,,,,,2,,,,,OSM geometry observed 2026-10-08; NOT current operational certification,One mapped main alignment and connected crossing loop with two short dead-end extensions. No platform objects. Do not count three OSM siding ways as three roads.,2026-10-08,2018-11-08T04:29:33Z / 2025-12-17T11:55:07Z,"https://api.openstreetmap.org/api/0.6/map?bbox=77.1564897,8.3308400,77.1744897,8.3488400",31546483;547346149;642058768;642058769;642058770,,,south_observations.json#PASA,8.3397236,77.165665,1,2,2,2,2,2,2,2,https://en.wikipedia.org/wiki/Parassala_railway_station,https://en.wikipedia.org/w/index.php?oldid=1376791810,1376791810,2026-09-26T06:40:11Z,2026-10-08,False,False,"No specific conflict identified in this pass. Infobox count is reported, not independently verified as a current engineering inventory.",FOUND,False,,"Wikipedia article infobox, reported secondary figure",,,,,2,NOT_STATED,Number of Platforms: 2,https://indiarailinfo.com/station/map/parassala-pasa/1011,Sep 07 2024 (14:55),2026-10-08,Indexed full station profile returned by web search,"Profile platform total explicitly supplied; track category is not a yard-road total. Numerical tracks, loops and sidings are not stated in profile. Profile update date may concern address/category and does not date every field.",2,"India Rail Info profile, fully cross-checked 2026-10-08",2I,https://indiarailinfo.com/station/map/parassala-pasa/1011,Reported platform positions; not independently verified current operational inventory,0,,No additional dated yard inventory recovered in this bounded search.,1011,PASA,Station code PASA and (2 PFs) read in profile heading; spelling follows source URL,Track: Construction - Electric-Line Doubling,NOT_STATED,NOT_STATED,NOT_STATED,False,True,False,NOT_ESTABLISHED,,No count-specific history date established; profile timestamp not treated as platform update date.,AGREES,Profile does not supply official station-centre chainage; primary SR2025 value retained.,Numeric station tracks/loops/sidings NOT_STATED in inspected profile; no IRI corroboration claimed for Wikipedia totals or mapped counts.,IRI construction/doubling category agrees work-in-progress corridor; does not establish second line operational.,IRI explicit platform total adopted after full-profile cross-check; Wikipedia raw figure retained separately.,True,,,,,,,,,,,,,,,,,,,,,
50,KZTW,Kulitturai West,,Listed current by SR2025; no subsequent closure found,254.73,ERS via KTYM then KYJ,240.41,True,,,,,,Official current yard counts UNVERIFIED; separate mapped observations attached,SR2025,2025-04-01,,,,,1,,,,,OSM geometry observed 2026-10-08; NOT current operational certification,"One mapped main alignment, divided into bridge/non-bridge ways. No platform objects. Seven ways are not seven tracks.",2026-10-08,2021-01-02T17:50:38Z / 2021-01-02T21:40:27Z,"https://api.openstreetmap.org/api/0.6/map?bbox=77.2007920,8.3147340,77.2187920,8.3327340",146626683;256000172;256000173;547346150;547434722;547434723;547434725,,,south_observations.json#KZTW,8.323969,77.2087877,0,0,,,,,,,,,,,,,,Standalone English station article not found under tested title; alternate titles or other-language coverage may exist.,Tested English title missing; aliases/languages may exist,False,,,,,,,1,NOT_STATED,Number of Platforms: 1,https://d.indiarailinfo.com/station/map/2775,Sep 07 2024 (15:04),2026-10-08,Indexed full station profile returned by web search,"Profile platform total explicitly supplied; track category is not a yard-road total. Numerical tracks, loops and sidings are not stated in profile. Profile update date may concern address/category and does not date every field.",1,"India Rail Info profile, fully cross-checked 2026-10-08",1I,https://d.indiarailinfo.com/station/map/2775,Reported platform positions; not independently verified current operational inventory,0,,No additional dated yard inventory recovered in this bounded search.,2775,KZTW,Station code KZTW and (1 PFs) read in profile heading; spelling follows source URL,Track: Construction - Electric-Line Doubling,NOT_STATED,NOT_STATED,NOT_STATED,False,True,False,NOT_ESTABLISHED,,No count-specific history date established; profile timestamp not treated as platform update date.,NO_WIKIPEDIA_FIGURE,Profile does not supply official station-centre chainage; primary SR2025 value retained.,Numeric station tracks/loops/sidings NOT_STATED in inspected profile; no IRI corroboration claimed for Wikipedia totals or mapped counts.,IRI construction/doubling category agrees work-in-progress corridor; does not establish second line operational.,IRI explicit platform total adopted after full-profile cross-check; Wikipedia raw figure retained separately.,True,,,,,,,,,,,,,,,,,,,,,
51,KZT,Kulitturai,,Listed current by SR2025; no subsequent closure found,257.87,ERS via KTYM then KYJ,243.55,False,,,,,,Official current yard counts UNVERIFIED; separate mapped observations attached,SR2025,2025-04-01,,,,,2,,,,,OSM geometry observed 2026-10-08; NOT current operational certification,Two mapped roads at station marker; short additional connected yard branch creates three locally north of marker. No platform geometry. Exact operational road use unresolved.,2026-10-08,2018-11-08T04:29:33Z / 2023-01-11T07:24:26Z,"https://api.openstreetmap.org/api/0.6/map?bbox=77.2098170,8.2933480,77.2278170,8.3113480",146626681;547434724;547434725;642058771;642058772,,,south_observations.json#KZT,8.3013061,77.2186619,1,0,2,2,2,2,2,2,https://en.wikipedia.org/wiki/Kuzhithura_railway_station,https://en.wikipedia.org/w/index.php?title=Kuzhithura_railway_station&oldid=1371323899,1371323899,2026-08-25T22:27:00Z,2026-10-08,False,False,Article title uses Kuzhithura; body uses Kuzhithurai and official register uses Kulitturai. Earlier exact-title lookup missed this alias. Infobox and body report 2 platforms; infobox reports 2 tracks. IRI independently reports 2 platforms.,FOUND,False,*,"Wikipedia article infobox, reported secondary figure",,,,,2,NOT_STATED,Number of Platforms: 2,https://indiarailinfo.com/station/map/803?a=1,Jan 16 2023 (11:08),2026-10-08,Indexed full station profile returned by web search,"Profile platform total explicitly supplied; track category is not a yard-road total. Numerical tracks, loops and sidings are not stated in profile. Profile update date may concern address/category and does not date every field.",2,"India Rail Info profile, fully cross-checked 2026-10-08",2I,https://indiarailinfo.com/station/map/803?a=1,Reported platform positions; not independently verified current operational inventory,0,,No additional dated yard inventory recovered in this bounded search.,803,KZT,Station code KZT and (2 PFs) read in profile heading; spelling follows source URL,Track: Construction - Electric-Line Doubling,NOT_STATED,NOT_STATED,NOT_STATED,False,True,False,NOT_ESTABLISHED,,No count-specific history date established; profile timestamp not treated as platform update date.,AGREES,Profile does not supply official station-centre chainage; primary SR2025 value retained.,Numeric station tracks/loops/sidings NOT_STATED in inspected profile; no IRI corroboration claimed for Wikipedia totals or mapped counts.,IRI construction/doubling category agrees work-in-progress corridor; does not establish second line operational.,IRI explicit platform total adopted after full-profile cross-check; Wikipedia raw figure retained separately.,True,,,,,,,,,,,,,,,,,,,,,
52,PYD,Palliyadi,,Listed current by SR2025; no subsequent closure found,264.11,ERS via KTYM then KYJ,249.79,True,,,,,,Official current yard counts UNVERIFIED; separate mapped observations attached,SR2025,2025-04-01,,,,,1,,,,,OSM geometry observed 2026-10-08; NOT current operational certification,One mapped main alignment; no platform objects. Do not infer current platform count from absence of mapping.,2026-10-08,2024-10-01T03:16:22Z / 2024-10-01T03:16:22Z,"https://api.openstreetmap.org/api/0.6/map?bbox=77.2506830,8.2561500,77.2686830,8.2741500",206074319,,,south_observations.json#PYD,8.2658289,77.2593995,0,0,,,,,,,,,,,,,,Standalone English station article not found under tested title; alternate titles or other-language coverage may exist.,Tested English title missing; aliases/languages may exist,False,,,,,,,1,NOT_STATED,Number of Platforms: 1,https://d.indiarailinfo.com/station/map/palliyadi-pyd/2776,Oct 01 2024 (19:10),2026-10-08,Indexed full station profile returned by web search,"Profile platform total explicitly supplied; track category is not a yard-road total. Numerical tracks, loops and sidings are not stated in profile. Profile update date may concern address/category and does not date every field.",1,"India Rail Info profile, fully cross-checked 2026-10-08",1I,https://d.indiarailinfo.com/station/map/palliyadi-pyd/2776,Reported platform positions; not independently verified current operational inventory,0,,No additional dated yard inventory recovered in this bounded search.,2776,PYD,Station code PYD and (1 PFs) read in profile heading; spelling follows source URL,Track: Construction - Electric-Line Doubling,NOT_STATED,NOT_STATED,NOT_STATED,False,True,False,2015-11-04 21:05,https://indiarailinfo.com/station/timeline/edits-nagercoil-town-njt/2776,"Platform entry says1, marked duplicate; profile October2024 edit concerns address/category.",NO_WIKIPEDIA_FIGURE,Profile does not supply official station-centre chainage; primary SR2025 value retained.,Numeric station tracks/loops/sidings NOT_STATED in inspected profile; no IRI corroboration claimed for Wikipedia totals or mapped counts.,IRI construction/doubling category agrees work-in-progress corridor; does not establish second line operational.,IRI explicit platform total adopted after full-profile cross-check; Wikipedia raw figure retained separately.,True,,,,,,,,,,,,,,,,,,,,,
53,ERL,Eraniel,,Listed current by SR2025; no subsequent closure found,272.62,ERS via KTYM then KYJ,258.30,False,,,,,,Official current yard counts UNVERIFIED; separate mapped observations attached,SR2025,2025-04-01,,2,2,,2,,,,,OSM geometry observed 2026-10-08; NOT current operational certification,"Two normal railway=rail roads at station marker, short southern dead-end yard siding, two side-platform polygons. Separate third alignment tagged railway=construction is excluded. Mapping predates reported March 2026 doubling and is not current operational total.",2026-10-08,2020-09-23T16:31:34Z / 2025-12-17T11:41:33Z,"https://api.openstreetmap.org/api/0.6/map?bbox=77.2991610,8.2035490,77.3171610,8.2215490",256075026;256080323;547326373;642058773;642058774,850565293;850565294,1180712994;1180712997,south_observations.json#ERL,8.213429,77.3076322,1,1,2,2,2,2,2,2,https://en.wikipedia.org/wiki/Eraniel_railway_station,https://en.wikipedia.org/w/index.php?oldid=1376686764,1376686764,2026-09-25T17:37:53Z,2026-10-08,False,False,Infobox reports 2 platforms and 2 tracks. Reported March2026 doubling and older OSM construction tags mean current post-remodelling inventory needs checking.,FOUND,False,*,"Wikipedia article infobox, reported secondary figure",,,,,2,NOT_STATED,Number of Platforms: 2,https://indiarailinfo.com/station/map/eraniel-erl/802,Sep 02 2024 (00:03),2026-10-08,Indexed full station profile returned by web search,"Profile platform total explicitly supplied; track category is not a yard-road total. Numerical tracks, loops and sidings are not stated in profile. Profile update date may concern address/category and does not date every field.",2,"India Rail Info profile, fully cross-checked 2026-10-08",2I*,https://indiarailinfo.com/station/map/eraniel-erl/802,Reported platform positions; not independently verified current operational inventory,0,,No additional dated yard inventory recovered in this bounded search.,802,ERL,Station code ERL and (2 PFs) read in profile heading; spelling follows source URL,Track: Double Electric-Line,NOT_STATED,NOT_STATED,NOT_STATED,False,True,False,NOT_ESTABLISHED,,No count-specific history date established; profile timestamp not treated as platform update date.,AGREES,Profile does not supply official station-centre chainage; primary SR2025 value retained.,Numeric station tracks/loops/sidings NOT_STATED in inspected profile; no IRI corroboration claimed for Wikipedia totals or mapped counts.,"IRI Double Electric-Line supports southern doubled-section reporting, but supplies no commissioning date or exact changeover chainage.",IRI explicit platform total adopted after full-profile cross-check; Wikipedia raw figure retained separately.,True,,,,,,,,,,,,,,,,,,,,,
54,VRLR,Viranialur,,Listed current by SR2025; no subsequent closure found,280.07,ERS via KTYM then KYJ,265.75,True,,,,,,Official current yard counts UNVERIFIED; separate mapped observations attached,SR2025,2025-04-01,,,,,1,,,,,OSM geometry observed 2026-10-08; NOT current operational certification,One normal rail alignment plus parallel railway=construction alignment. No platform polygons. December 2025 construction tag may be stale after reported March 2026 commissioning; current double-line status requires later official evidence.,2026-10-08,2025-10-02T05:31:37Z / 2025-12-17T11:41:33Z,"https://api.openstreetmap.org/api/0.6/map?bbox=77.3596992,8.1856449,77.3776992,8.2036449",256080322,,1180712994,south_observations.json#VRLR,8.1941814,77.3680219,0,0,1,1,1,1,1,1,https://en.wikipedia.org/wiki/Viranialur_railway_station,https://en.wikipedia.org/w/index.php?oldid=1362203851,1362203851,2026-07-02T13:59:00Z,2026-10-08,False,False,Infoboxandbody report1platform/1track. Likely older than reported2026doubling; retain reportedfigure with conflictflag.,FOUND,False,*,"Wikipedia station article infobox, reported secondary figure",,,,,1,NOT_STATED,Number of Platforms: 1,https://d.indiarailinfo.com/station/map/virani-alur-vrlr/4792,Oct 01 2024 (19:10),2026-10-08,Indexed full station profile returned by web search,"Profile platform total explicitly supplied; track category is not a yard-road total. Numerical tracks, loops and sidings are not stated in profile. Profile update date may concern address/category and does not date every field.",1,"India Rail Info profile, fully cross-checked 2026-10-08",1I*,https://d.indiarailinfo.com/station/map/virani-alur-vrlr/4792,Reported platform positions; not independently verified current operational inventory,0,,No additional dated yard inventory recovered in this bounded search.,4792,VRLR,Station code VRLR and (1 PFs) read in profile heading; spelling follows source URL,Track: Double Electric-Line,NOT_STATED,NOT_STATED,NOT_STATED,False,True,False,NOT_ESTABLISHED,https://indiarailinfo.com/station/timeline/edits-eraniel-erl/4792,October2024 profile timestamp is Name & Address edit. Current indexed profile says Double Electric-Line but one platform; platform inventory after doubling unresolved.,AGREES,Profile does not supply official station-centre chainage; primary SR2025 value retained.,Numeric station tracks/loops/sidings NOT_STATED in inspected profile; no IRI corroboration claimed for Wikipedia totals or mapped counts.,"IRI Double Electric-Line supports southern doubled-section reporting, but supplies no commissioning date or exact changeover chainage.","IRI and Wikipedia report1, but Google satellite visibly shows2 platform bodies. Keep reported1 with explicit physical-layout conflict; current operational face count unresolved.",True,,,,,,,,,,,,,,,,"{""station_code"": ""VRLR"", ""provider"": ""Google Maps satellite, cloud browser visually inspected"", ""accessed_date"": ""2026-10-08"", ""imagery_acquisition_date"": ""NOT_EXPOSED"", ""coordinates"": ""8.1943709,77.3671142"", ""observation"": ""Two opposing side-platform bodies, each with multiple shelter roofs, linked by footbridge across two parallel track alignments. Station place identity explicitly VRLR."", ""implication"": ""IRI and Wikipedia report1, apparently stale for physical built layout. Two visible bodies do not establish both commissioned."", ""source_url"": ""https://www.google.com/maps/place/Virani+Alur/@8.1943709,77.3671142,225m/data=!3m1!1e3!4m6!3m5!1s0x3b04fa02c4748933:0x7b4185fa9dfc38b!8m2!3d8.1943656!4d77.3678545!16s%2Fm%2F0fp_k5k?entry=ttu&g_ep=EgoyMDI2MTAwNS4wIKXMDSoASAFQAw%3D%3D""}",2,Visible developed platform bodies; incomplete or undated imagery does not certify current operation.,,,
55,NJT,Nagercoil Town,,Listed current by SR2025; no subsequent closure found,285.99,ERS via KTYM then KYJ,271.67,False,,,,,,Official current yard counts UNVERIFIED; separate mapped observations attached,SR2025,2025-04-01,,,2,,1,,,,,OSM geometry observed 2026-10-08; NOT current operational certification,"One normal rail alignment and a second tagged railway=construction, with two long platform bodies on opposite sides. One normal-rail-adjacent face and one construction-side face in mapped geometry; do not report two current operational platforms without evidence. Both geometry and tagging predate 2026 commissioning.",2026-10-08,2023-06-09T16:54:51Z / 2025-12-17T11:41:33Z,"https://api.openstreetmap.org/api/0.6/map?bbox=77.4104318,8.1905718,77.4284318,8.2085718",256080322,383031394;1180712996,1180712994,south_observations.json#NJT,8.1996884,77.4202391,0,0,3,3,3,3,3,3,https://en.wikipedia.org/wiki/Nagercoil_Town_railway_station,https://en.wikipedia.org/w/index.php?oldid=1370954565,1370954565,2026-08-23T22:29:25Z,2026-10-08,False,False,"Internal conflict: infobox reports 3 platforms and 3 tracks, while body says only one platform. Display 3 as the infobox-reported count, flagged disputed. OSM records two bodies, one adjoining older construction-tagged geometry.",FOUND,False,*,"Wikipedia article infobox, reported secondary figure",,,,,3,NOT_STATED,Number of Platforms: 3,https://indiarailinfo.com/station/map/nagercoil-town-njt/4793,Jun 19 2024 (14:40),2026-10-08,Indexed full station profile returned by web search,"Profile platform total explicitly supplied; track category is not a yard-road total. Numerical tracks, loops and sidings are not stated in profile. Profile update date may concern address/category and does not date every field.",3,"India Rail Info profile, fully cross-checked 2026-10-08",3I*,https://indiarailinfo.com/station/map/nagercoil-town-njt/4793,Reported platform positions; not independently verified current operational inventory,0,,No additional dated yard inventory recovered in this bounded search.,4793,NJT,Station code NJT and (3 PFs) read in profile heading; spelling follows source URL,Track: Double Electric-Line,NOT_STATED,NOT_STATED,NOT_STATED,False,True,False,2024-03-31 15:03,https://indiarailinfo.com/blog/post/6014946,"Platform count explicitly changed 2 to 3, after 1 to 2 on 2023-08-13. Older Wikipedia prose saying one is stale relative to this sequence.",AGREES,Profile does not supply official station-centre chainage; primary SR2025 value retained.,Numeric station tracks/loops/sidings NOT_STATED in inspected profile; no IRI corroboration claimed for Wikipedia totals or mapped counts.,"IRI Double Electric-Line supports southern doubled-section reporting, but supplies no commissioning date or exact changeover chainage.",IRI explicit platform total adopted after full-profile cross-check; Wikipedia raw figure retained separately.,True,,,,,,,,,,,,,,,,"{""station_code"": ""NJT"", ""provider"": ""Google Maps satellite, cloud browser visually inspected"", ""accessed_date"": ""2026-10-08"", ""imagery_acquisition_date"": ""NOT_EXPOSED"", ""coordinates"": ""8.1999573,77.4193037"", ""observation"": ""Southern side platform beside station building and northern island platform, with alignments serving three faces, linked by footbridge."", ""implication"": ""Visually consistent with IRI3 and its2024 platform-count edit; no commissioning date inferred."", ""source_url"": ""https://www.google.com/maps/place/8%C2%B011'59.8%22N+77%C2%B025'12.2%22E/@8.1999573,77.4193037,225m/data=!3m1!1e3!4m4!3m3!8m2!3d8.199952!4d77.420044?entry=ttu&g_ep=EgoyMDI2MTAwNS4wIKXMDSoASAFQAw%3D%3D""}",2,Visible developed platform bodies; incomplete or undated imagery does not certify current operation.,,,
56,NCJ,Nagercoil Junction,,Listed current by SR2025; no subsequent closure found,291.03,ERS via KTYM then KYJ,276.71,False,,,,,,Official current yard counts UNVERIFIED; separate mapped observations attached,SR2025,2025-04-01,,4,2,,13,,,,,OSM geometry observed 2026-10-08; NOT current operational certification,"Complex mapped yard: 13 railway=rail centreline crossings at entrance-marker transect and 15 at +100 m, including yard/service roads, not an official station-line total. Two platform bodies depict main side/bay arrangement plus island; four historical platform positions inferred with separate 1A bay evidence. Several short sidings lie outside central transect. Approach construction tags are stale relative to official 2025 NJT-CAPE dedication; current 2026 remodelling totals unresolved.",2026-10-08,2018-11-08T04:29:33Z / 2025-12-17T11:41:33Z,"https://api.openstreetmap.org/api/0.6/map?bbox=77.4314700,8.1618500,77.4554700,8.1858500",96235911;96235954;96236013;96236046;256080322;383031399;383031401;383031403;514385386;514385387;514385388;514385389;514385390;514385391;642058776;642058777;642058778;642058779;642058780;642058781;642058782;642058783;642061244;642061245;642061246;642061247;992276367;992276368;992276369;992488427;1180712998;1239339982;1294719458;1302623380;1302623382;1302623383;1344797413;1434793650;1434794786;1434794787;1434794788;1434794789;1434794790;1434795154;1434795155;1434795156;1434795158;1434795159,514385384;514385385,1180712994,south_observations.json#NCJ,8.174535,77.4438789,,,4,12,4,12,4<ref>{{cite web |title=54 Departures from Nagercoil SR/Southern Zone - Railway Enquiry |url=https://indiarailinfo.com/departures/801?bedroll=undefined& |website=indiarailinfo.com |access-date=30 March 2024}}</ref>,12,https://en.wikipedia.org/wiki/Nagercoil_Junction_railway_station,https://en.wikipedia.org/w/index.php?oldid=1370954564,1370954564,2026-08-23T22:29:23Z,2026-10-08,True,False,Infobox reports 4 platforms and 12 tracks. Body mixes historic2015 depot counts and stale single-line description toward TVC. Those claims do not override primary NJT-NCJ doubling evidence.,FOUND,False,*,"Wikipedia article infobox, reported secondary figure",,,,,4,NOT_STATED,Number of Platforms: 4,https://indiarailinfo.com/station/map/nagercoil-junction-ncj/801,Sep 18 2024 (16:22),2026-10-08,Indexed full station profile returned by web search,"Profile platform total explicitly supplied; track category is not a yard-road total. Numerical tracks, loops and sidings are not stated in profile. Profile update date may concern address/category and does not date every field.",4,"India Rail Info profile, fully cross-checked 2026-10-08",4I*,https://indiarailinfo.com/station/map/nagercoil-junction-ncj/801,Reported platform positions; not independently verified current operational inventory,3,"[{""station_code"": ""NCJ"", ""evidence_date"": ""Undated; 2026 upload title; 2024 plan reference"", ""evidence_class"": ""Third-party public preview of Southern Railway/RVNL sanction annexure"", ""scope"": ""existing facilities"", ""reported_figures"": ""{\""passenger_roads\"": 9, \""passenger_road_labels\"": \""1 through 8 plus 1A\"", \""pit_lines\"": 5, \""ERR_lines\"": 2, \""spur_lines\"": 1, \""tower_wagon_lines\"": 1, \""bypass_lines\"": 1, \""goods_lines\"": 2, \""sick_lines\"": 2, \""wheel_lines\"": 1, \""shunting_necks\"": 1, \""platform_bodies\"": 2, \""platform_body_types\"": \""one single-face high-level platform and one island high-level platform\"", \""numbered_platform_positions\"": \""not explicitly enumerated\""}"", ""source_url"": ""https://www.scribd.com/document/1044869637/NCJ-Annexure-a-2026"", ""accessed_date"": ""2026-10-08"", ""limitations"": ""Authentication, document issue date and implementation stage unresolved. Platform figures are bodies, not numbered positions. No numerical chainages or coordinate diagram visible in the three-page preview; point labels and lettered locations only.""}, {""station_code"": ""NCJ"", ""evidence_date"": ""Undated; 2026 upload title; 2024 plan reference"", ""evidence_class"": ""Third-party public preview of Southern Railway/RVNL sanction annexure"", ""scope"": ""proposed facilities"", ""reported_figures"": ""{\""passenger_roads\"": 7, \""passenger_road_labels\"": \""1 through 6 plus 1A\"", \""pit_lines\"": 5, \""stabling_lines\"": 9, \""bypass_lines\"": 2, \""ERR_lines\"": 2, \""spur_lines\"": 1, \""goods_lines\"": 2, \""wheel_lines\"": 1, \""track_machine_lines\"": 1, \""toilet_lines\"": 1, \""sick_lines\"": 4, \""shunting_necks\"": 2, \""platform_bodies\"": 3, \""platform_body_types\"": \""one single-face high-level platform and two island high-level platforms\""}"", ""source_url"": ""https://www.scribd.com/document/1044869637/NCJ-Annexure-a-2026"", ""accessed_date"": ""2026-10-08"", ""limitations"": ""Authentication, document issue date and implementation stage unresolved. Platform figures are bodies, not numbered positions. No numerical chainages or coordinate diagram visible in the three-page preview; point labels and lettered locations only.""}, {""station_code"": ""NCJ"", ""evidence_date"": ""2026-09-07"", ""evidence_class"": ""News interview with railway official"", ""scope"": ""Proposed yard expansion"", ""reported_figures"": ""9 new stabling lines; new platform positions 4 and 5"", ""source_url"": ""https://indianexpress.com/article/india/tamil-nadus-nagercoil-railway-station-to-get-9-new-lines-to-handle-more-trains-10866856/lite/"", ""accessed_date"": ""2026-10-08"", ""limitations"": ""Corroborates scope of proposed annexure stage, not completion.""}]","Evidence is dated and scope-specific. Existing, proposed and separate-depot figures must not be summed into a present station total.",801,NCJ,Station code NCJ and (4 PFs) read in profile heading; spelling follows source URL,Track: Double Electric-Line,NOT_STATED,NOT_STATED,NOT_STATED,False,True,False,NOT_ESTABLISHED,,No count-specific history date established; profile timestamp not treated as platform update date.,AGREES,Profile does not supply official station-centre chainage; primary SR2025 value retained.,Numeric station tracks/loops/sidings NOT_STATED in inspected profile; no IRI corroboration claimed for Wikipedia totals or mapped counts.,"IRI Double Electric-Line supports southern doubled-section reporting, but supplies no commissioning date or exact changeover chainage.",IRI explicit platform total adopted after full-profile cross-check; Wikipedia raw figure retained separately.,True,,,,,,,,,,,,,,,,,,,,,
