Blender 4.3.2
Read blend: "/workspace/shared/icf-detail/icf_detail_v02/3A/ICF_3A_master.blend"
Fra:1 Mem:476.05M (Peak 476.05M) | Time:00:00.70 | Mem:0.00M, Peak:0.00M | Scene, ViewLayer | Synchronizing object | Floor steel undertray
Fra:1 Mem:476.05M (Peak 476.05M) | Time:00:00.70 | Mem:0.00M, Peak:0.00M | Scene, ViewLayer | Synchronizing object | Welded solebar channel
Fra:1 Mem:476.06M (Peak 476.06M) | Time:00:00.70 | Mem:0.00M, Peak:0.00M | Scene, ViewLayer | Synchronizing object | Welded solebar channel.001
Fra:1 Mem:476.06M (Peak 476.06M) | Time:00:00.70 | Mem:0.00M, Peak:0.00M | Scene, ViewLayer | Synchronizing object | Body floor transverse bearer.001
Fra:1 Mem:476.07M (Peak 476.07M) | Time:00:00.70 | Mem:0.00M, Peak:0.00M | Scene, ViewLayer | Synchronizing object | Body floor transverse bearer.002
Fra:1 Mem:476.07M (Peak 476.07M) | Time:00:00.70 | Mem:0.00M, Peak:0.00M | Scene, ViewLayer | Synchronizing object | Body floor transverse bearer.003
Fra:1 Mem:476.07M (Peak 476.07M) | Time:00:00.70 | Mem:0.00M, Peak:0.00M | Scene, ViewLayer | Synchronizing object | Body floor transverse bearer.004
Fra:1 Mem:476.08M (Peak 476.08M) | Time:00:00.70 | Mem:0.00M, Peak:0.00M | Scene, ViewLayer | Synchronizing object | Body floor transverse bearer.005
Fra:1 Mem:476.08M (Peak 476.08M) | Time:00:00.70 | Mem:0.00M, Peak:0.00M | Scene, ViewLayer | Synchronizing object | Body floor transverse bearer.006
Fra:1 Mem:476.08M (Peak 476.08M) | Time:00:00.70 | Mem:0.00M, Peak:0.00M | Scene, ViewLayer | Synchronizing object | Body floor transverse bearer.007
Fra:1 Mem:476.08M (Peak 476.08M) | Time:00:00.70 | Mem:0.00M, Peak:0.00M | Scene, ViewLayer | Synchronizing object | Body floor transverse bearer.009
Fra:1 Mem:476.08M (Peak 476.08M) | Time:00:00.70 | Mem:0.00M, Peak:0.00M | Scene, ViewLayer | Synchronizing object | Body floor transverse bearer.010
Fra:1 Mem:476.08M (Peak 476.08M) | Time:00:00.70 | Mem:0.00M, Peak:0.00M | Scene, ViewLayer | Synchronizing object | Body floor transverse bearer.011
Fra:1 Mem:476.08M (Peak 476.08M) | Time:00:00.70 | Mem:0.00M, Peak:0.00M | Scene, ViewLayer | Synchronizing object | Body floor transverse bearer.012
Fra:1 Mem:476.09M (Peak 476.09M) | Time:00:00.70 | Mem:0.00M, Peak:0.00M | Scene, ViewLayer | Synchronizing object | Body floor transverse bearer.013
Fra:1 Mem:476.09M (Peak 476.09M) | Time:00:00.70 | Mem:0.00M, Peak:0.00M | Scene, ViewLayer | Synchronizing object | Body floor transverse bearer.014
Fra:1 Mem:476.09M (Peak 476.09M) | Time:00:00.70 | Mem:0.00M, Peak:0.00M | Scene, ViewLayer | Synchronizing object | Body floor transverse bearer.015
Fra:1 Mem:476.09M (Peak 476.09M) | Time:00:00.70 | Mem:0.00M, Peak:0.00M | Scene, ViewLayer | Synchronizing object | Body floor transverse bearer.016
Fra:1 Mem:476.09M (Peak 476.09M) | Time:00:00.70 | Mem:0.00M, Peak:0.00M | Scene, ViewLayer | Synchronizing object | Body floor transverse bearer.017
Fra:1 Mem:476.09M (Peak 476.09M) | Time:00:00.70 | Mem:0.00M, Peak:0.00M | Scene, ViewLayer | Synchronizing object | Body floor transverse bearer.018
Fra:1 Mem:476.09M (Peak 476.09M) | Time:00:00.70 | Mem:0.00M, Peak:0.00M | Scene, ViewLayer | Synchronizing object | Body floor transverse bearer.019
Fra:1 Mem:476.09M (Peak 476.09M) | Time:00:00.70 | Mem:0.00M, Peak:0.00M | Scene, ViewLayer | Synchronizing object | Body floor transverse bearer.020
Fra:1 Mem:476.10M (Peak 476.10M) | Time:00:00.70 | Mem:0.00M, Peak:0.00M | Scene, ViewLayer | Synchronizing object | Body floor transverse bearer.021
Fra:1 Mem:476.10M (Peak 476.10M) | Time:00:00.70 | Mem:0.00M, Peak:0.00M | Scene, ViewLayer | Synchronizing object | Body floor transverse bearer.022
Fra:1 Mem:476.10M (Peak 476.10M) | Time:00:00.70 | Mem:0.00M, Peak:0.00M | Scene, ViewLayer | Synchronizing object | Body floor transverse bearer.024
Fra:1 Mem:476.10M (Peak 476.10M) | Time:00:00.70 | Mem:0.00M, Peak:0.00M | Scene, ViewLayer | Synchronizing object | Body floor transverse bearer.025
Fra:1 Mem:476.10M (Peak 476.10M) | Time:00:00.70 | Mem:0.00M, Peak:0.00M | Scene, ViewLayer | Synchronizing object | Pressed bodyside skin
Fra:1 Mem:476.10M (Peak 476.10M) | Time:00:00.70 | Mem:0.00M, Peak:0.00M | Scene, ViewLayer | Synchronizing object | Lined bodyside aperture panel
Fra:1 Mem:476.11M (Peak 476.11M) | Time:00:00.70 | Mem:0.00M, Peak:0.00M | Scene, ViewLayer | Synchronizing object | Pressed bodyside skin.001
Fra:1 Mem:476.11M (Peak 476.11M) | Time:00:00.70 | Mem:0.00M, Peak:0.00M | Scene, ViewLayer | Synchronizing object | Lined bodyside aperture panel.002
Fra:1 Mem:476.11M (Peak 476.11M) | Time:00:00.70 | Mem:0.00M, Peak:0.00M | Scene, ViewLayer | Synchronizing object | Pressed bodyside skin.003
Fra:1 Mem:476.11M (Peak 476.11M) | Time:00:00.70 | Mem:0.00M, Peak:0.00M | Scene, ViewLayer | Synchronizing object | Lined bodyside aperture panel.003
Fra:1 Mem:476.11M (Peak 476.11M) | Time:00:00.70 | Mem:0.00M, Peak:0.00M | Scene, ViewLayer | Synchronizing object | Pressed bodyside skin.004
Fra:1 Mem:476.11M (Peak 476.11M) | Time:00:00.70 | Mem:0.00M, Peak:0.00M | Scene, ViewLayer | Synchronizing object | Lined bodyside aperture panel.004
Fra:1 Mem:476.12M (Peak 476.12M) | Time:00:00.70 | Mem:0.00M, Peak:0.00M | Scene, ViewLayer | Synchronizing object | Pressed bodyside skin.005
Fra:1 Mem:476.12M (Peak 476.12M) | Time:00:00.70 | Mem:0.00M, Peak:0.00M | Scene, ViewLayer | Synchronizing object | Lined bodyside aperture panel.005
Fra:1 Mem:476.12M (Peak 476.12M) | Time:00:00.70 | Mem:0.00M, Peak:0.00M | Scene, ViewLayer | Synchronizing object | Pressed bodyside skin.006
Fra:1 Mem:476.12M (Peak 476.12M) | Time:00:00.70 | Mem:0.00M, Peak:0.00M | Scene, ViewLayer | Synchronizing object | Lined bodyside aperture panel.006
Fra:1 Mem:476.12M (Peak 476.12M) | Time:00:00.70 | Mem:0.00M, Peak:0.00M | Scene, ViewLayer | Synchronizing object | Pressed bodyside skin.007
Fra:1 Mem:476.12M (Peak 476.12M) | Time:00:00.70 | Mem:0.00M, Peak:0.00M | Scene, ViewLayer | Synchronizing object | Lined bodyside aperture panel.007
Fra:1 Mem:476.13M (Peak 476.13M) | Time:00:00.70 | Mem:0.00M, Peak:0.00M | Scene, ViewLayer | Synchronizing object | Pressed bodyside skin.008
Fra:1 Mem:476.13M (Peak 476.13M) | Time:00:00.70 | Mem:0.00M, Peak:0.00M | Scene, ViewLayer | Synchronizing object | Lined bodyside aperture panel.008
Fra:1 Mem:476.13M (Peak 476.13M) | Time:00:00.70 | Mem:0.00M, Peak:0.00M | Scene, ViewLayer | Synchronizing object | Pressed bodyside skin.009
Fra:1 Mem:476.13M (Peak 476.13M) | Time:00:00.70 | Mem:0.00M, Peak:0.00M | Scene, ViewLayer | Synchronizing object | Pressed bodyside skin.010
Fra:1 Mem:476.13M (Peak 476.13M) | Time:00:00.70 | Mem:0.00M, Peak:0.00M | Scene, ViewLayer | Synchronizing object | Lined bodyside aperture panel.010
Fra:1 Mem:476.13M (Peak 476.13M) | Time:00:00.70 | Mem:0.00M, Peak:0.00M | Scene, ViewLayer | Synchronizing object | Pressed bodyside skin.011
Fra:1 Mem:476.14M (Peak 476.14M) | Time:00:00.70 | Mem:0.00M, Peak:0.00M | Scene, ViewLayer | Synchronizing object | Lined bodyside aperture panel.011
Fra:1 Mem:476.14M (Peak 476.14M) | Time:00:00.70 | Mem:0.00M, Peak:0.00M | Scene, ViewLayer | Synchronizing object | Pressed bodyside skin.012
Fra:1 Mem:476.14M (Peak 476.14M) | Time:00:00.70 | Mem:0.00M, Peak:0.00M | Scene, ViewLayer | Synchronizing object | Pressed bodyside skin.013
Fra:1 Mem:476.14M (Peak 476.14M) | Time:00:00.70 | Mem:0.00M, Peak:0.00M | Scene, ViewLayer | Synchronizing object | Lined bodyside aperture panel.013
Fra:1 Mem:476.14M (Peak 476.14M) | Time:00:00.70 | Mem:0.00M, Peak:0.00M | Scene, ViewLayer | Synchronizing object | Pressed bodyside skin.014
Fra:1 Mem:476.14M (Peak 476.14M) | Time:00:00.70 | Mem:0.00M, Peak:0.00M | Scene, ViewLayer | Synchronizing object | Lined bodyside aperture panel.014
Fra:1 Mem:476.15M (Peak 476.15M) | Time:00:00.70 | Mem:0.00M, Peak:0.00M | Scene, ViewLayer | Synchronizing object | Pressed bodyside skin.015
Fra:1 Mem:476.15M (Peak 476.15M) | Time:00:00.70 | Mem:0.00M, Peak:0.00M | Scene, ViewLayer | Synchronizing object | Lined bodyside aperture panel.015
Fra:1 Mem:476.15M (Peak 476.15M) | Time:00:00.70 | Mem:0.00M, Peak:0.00M | Scene, ViewLayer | Synchronizing object | Pressed bodyside skin.016
Fra:1 Mem:476.15M (Peak 476.15M) | Time:00:00.70 | Mem:0.00M, Peak:0.00M | Scene, ViewLayer | Synchronizing object | Pressed bodyside skin.017
Fra:1 Mem:476.15M (Peak 476.15M) | Time:00:00.70 | Mem:0.00M, Peak:0.00M | Scene, ViewLayer | Synchronizing object | Lined bodyside aperture panel.017
Fra:1 Mem:476.15M (Peak 476.15M) | Time:00:00.70 | Mem:0.00M, Peak:0.00M | Scene, ViewLayer | Synchronizing object | Pressed bodyside skin.018
Fra:1 Mem:476.16M (Peak 476.16M) | Time:00:00.70 | Mem:0.00M, Peak:0.00M | Scene, ViewLayer | Synchronizing object | Lined bodyside aperture panel.018
Fra:1 Mem:476.16M (Peak 476.16M) | Time:00:00.70 | Mem:0.00M, Peak:0.00M | Scene, ViewLayer | Synchronizing object | Pressed bodyside skin.019
Fra:1 Mem:476.16M (Peak 476.16M) | Time:00:00.70 | Mem:0.00M, Peak:0.00M | Scene, ViewLayer | Synchronizing object | Lined bodyside aperture panel.019
Fra:1 Mem:476.16M (Peak 476.16M) | Time:00:00.70 | Mem:0.00M, Peak:0.00M | Scene, ViewLayer | Synchronizing object | Pressed bodyside skin.020
Fra:1 Mem:476.16M (Peak 476.16M) | Time:00:00.70 | Mem:0.00M, Peak:0.00M | Scene, ViewLayer | Synchronizing object | Lined bodyside aperture panel.020
Fra:1 Mem:476.16M (Peak 476.16M) | Time:00:00.70 | Mem:0.00M, Peak:0.00M | Scene, ViewLayer | Synchronizing object | Pressed bodyside skin.021
Fra:1 Mem:476.16M (Peak 476.16M) | Time:00:00.70 | Mem:0.00M, Peak:0.00M | Scene, ViewLayer | Synchronizing object | Lined bodyside aperture panel.021
Fra:1 Mem:476.16M (Peak 476.16M) | Time:00:00.70 | Mem:0.00M, Peak:0.00M | Scene, ViewLayer | Synchronizing object | Pressed bodyside skin.022
Fra:1 Mem:476.16M (Peak 476.16M) | Time:00:00.70 | Mem:0.00M, Peak:0.00M | Scene, ViewLayer | Synchronizing object | Lined bodyside aperture panel.022
Fra:1 Mem:476.17M (Peak 476.17M) | Time:00:00.70 | Mem:0.00M, Peak:0.00M | Scene, ViewLayer | Synchronizing object | Pressed bodyside skin.023
Fra:1 Mem:476.17M (Peak 476.17M) | Time:00:00.70 | Mem:0.00M, Peak:0.00M | Scene, ViewLayer | Synchronizing object | Lined bodyside aperture panel.023
Fra:1 Mem:476.17M (Peak 476.17M) | Time:00:00.70 | Mem:0.00M, Peak:0.00M | Scene, ViewLayer | Synchronizing object | Pressed bodyside skin.024
Fra:1 Mem:476.17M (Peak 476.17M) | Time:00:00.70 | Mem:0.00M, Peak:0.00M | Scene, ViewLayer | Synchronizing object | Lined bodyside aperture panel.024
Fra:1 Mem:476.17M (Peak 476.17M) | Time:00:00.70 | Mem:0.00M, Peak:0.00M | Scene, ViewLayer | Synchronizing object | Pressed bodyside skin.025
Fra:1 Mem:476.17M (Peak 476.17M) | Time:00:00.70 | Mem:0.00M, Peak:0.00M | Scene, ViewLayer | Synchronizing object | Lined bodyside aperture panel.025
Fra:1 Mem:476.17M (Peak 476.17M) | Time:00:00.70 | Mem:0.00M, Peak:0.00M | Scene, ViewLayer | Synchronizing object | Pressed bodyside skin.026
Fra:1 Mem:476.17M (Peak 476.17M) | Time:00:00.70 | Mem:0.00M, Peak:0.00M | Scene, ViewLayer | Synchronizing object | Lined bodyside aperture panel.026
Fra:1 Mem:476.18M (Peak 476.18M) | Time:00:00.70 | Mem:0.00M, Peak:0.00M | Scene, ViewLayer | Synchronizing object | Pressed bodyside skin.027
Fra:1 Mem:476.18M (Peak 476.18M) | Time:00:00.70 | Mem:0.00M, Peak:0.00M | Scene, ViewLayer | Synchronizing object | Lined bodyside aperture panel.027
Fra:1 Mem:476.18M (Peak 476.18M) | Time:00:00.70 | Mem:0.00M, Peak:0.00M | Scene, ViewLayer | Synchronizing object | Pressed bodyside skin.028
Fra:1 Mem:476.18M (Peak 476.18M) | Time:00:00.70 | Mem:0.00M, Peak:0.00M | Scene, ViewLayer | Synchronizing object | Lined bodyside aperture panel.028
Fra:1 Mem:476.18M (Peak 476.18M) | Time:00:00.70 | Mem:0.00M, Peak:0.00M | Scene, ViewLayer | Synchronizing object | Pressed bodyside skin.029
Fra:1 Mem:476.18M (Peak 476.18M) | Time:00:00.70 | Mem:0.00M, Peak:0.00M | Scene, ViewLayer | Synchronizing object | Lined bodyside aperture panel.029
Fra:1 Mem:476.18M (Peak 476.18M) | Time:00:00.70 | Mem:0.00M, Peak:0.00M | Scene, ViewLayer | Synchronizing object | Pressed bodyside skin.030
Fra:1 Mem:476.18M (Peak 476.18M) | Time:00:00.70 | Mem:0.00M, Peak:0.00M | Scene, ViewLayer | Synchronizing object | Lined bodyside aperture panel.030
Fra:1 Mem:476.19M (Peak 476.19M) | Time:00:00.70 | Mem:0.00M, Peak:0.00M | Scene, ViewLayer | Synchronizing object | Lined bodyside aperture panel.031
Fra:1 Mem:476.19M (Peak 476.19M) | Time:00:00.70 | Mem:0.00M, Peak:0.00M | Scene, ViewLayer | Synchronizing object | Pressed bodyside skin.032
Fra:1 Mem:476.19M (Peak 476.19M) | Time:00:00.70 | Mem:0.00M, Peak:0.00M | Scene, ViewLayer | Synchronizing object | Pressed bodyside skin.033
Fra:1 Mem:476.19M (Peak 476.19M) | Time:00:00.70 | Mem:0.00M, Peak:0.00M | Scene, ViewLayer | Synchronizing object | Lined bodyside aperture panel.033
Fra:1 Mem:476.19M (Peak 476.19M) | Time:00:00.70 | Mem:0.00M, Peak:0.00M | Scene, ViewLayer | Synchronizing object | Pressed bodyside skin.034
Fra:1 Mem:476.19M (Peak 476.19M) | Time:00:00.70 | Mem:0.00M, Peak:0.00M | Scene, ViewLayer | Synchronizing object | Pressed bodyside skin.035
Fra:1 Mem:476.20M (Peak 476.20M) | Time:00:00.70 | Mem:0.00M, Peak:0.00M | Scene, ViewLayer | Synchronizing object | Lined bodyside aperture panel.035
Fra:1 Mem:476.20M (Peak 476.20M) | Time:00:00.70 | Mem:0.00M, Peak:0.00M | Scene, ViewLayer | Synchronizing object | Pressed bodyside skin.036
Fra:1 Mem:476.20M (Peak 476.20M) | Time:00:00.70 | Mem:0.00M, Peak:0.00M | Scene, ViewLayer | Synchronizing object | Lined bodyside aperture panel.036
Fra:1 Mem:476.20M (Peak 476.20M) | Time:00:00.70 | Mem:0.00M, Peak:0.00M | Scene, ViewLayer | Synchronizing object | Pressed bodyside skin.037
Fra:1 Mem:476.20M (Peak 476.20M) | Time:00:00.70 | Mem:0.00M, Peak:0.00M | Scene, ViewLayer | Synchronizing object | Lined bodyside aperture panel.037
Fra:1 Mem:476.20M (Peak 476.20M) | Time:00:00.70 | Mem:0.00M, Peak:0.00M | Scene, ViewLayer | Synchronizing object | Lined bodyside aperture panel.038
Fra:1 Mem:476.21M (Peak 476.21M) | Time:00:00.70 | Mem:0.00M, Peak:0.00M | Scene, ViewLayer | Synchronizing object | Pressed bodyside skin.039
Fra:1 Mem:476.21M (Peak 476.21M) | Time:00:00.70 | Mem:0.00M, Peak:0.00M | Scene, ViewLayer | Synchronizing object | Pressed bodyside skin.040
Fra:1 Mem:476.21M (Peak 476.21M) | Time:00:00.70 | Mem:0.00M, Peak:0.00M | Scene, ViewLayer | Synchronizing object | Lined bodyside aperture panel.040
Fra:1 Mem:476.21M (Peak 476.21M) | Time:00:00.70 | Mem:0.00M, Peak:0.00M | Scene, ViewLayer | Synchronizing object | Pressed bodyside skin.041
Fra:1 Mem:476.21M (Peak 476.21M) | Time:00:00.70 | Mem:0.00M, Peak:0.00M | Scene, ViewLayer | Synchronizing object | Lined bodyside aperture panel.041
Fra:1 Mem:476.22M (Peak 476.22M) | Time:00:00.70 | Mem:0.00M, Peak:0.00M | Scene, ViewLayer | Synchronizing object | Lined bodyside aperture panel.042
Fra:1 Mem:476.22M (Peak 476.22M) | Time:00:00.70 | Mem:0.00M, Peak:0.00M | Scene, ViewLayer | Synchronizing object | Pressed bodyside skin.043
Fra:1 Mem:476.22M (Peak 476.22M) | Time:00:00.70 | Mem:0.00M, Peak:0.00M | Scene, ViewLayer | Synchronizing object | Lined bodyside aperture panel.043
Fra:1 Mem:476.22M (Peak 476.22M) | Time:00:00.70 | Mem:0.00M, Peak:0.00M | Scene, ViewLayer | Synchronizing object | Lined bodyside aperture panel.044
Fra:1 Mem:476.22M (Peak 476.22M) | Time:00:00.70 | Mem:0.00M, Peak:0.00M | Scene, ViewLayer | Synchronizing object | Lined bodyside aperture panel.045
Fra:1 Mem:476.22M (Peak 476.22M) | Time:00:00.70 | Mem:0.00M, Peak:0.00M | Scene, ViewLayer | Synchronizing object | Pressed bodyside skin.046
Fra:1 Mem:476.23M (Peak 476.23M) | Time:00:00.70 | Mem:0.00M, Peak:0.00M | Scene, ViewLayer | Synchronizing object | Lined bodyside aperture panel.046
Fra:1 Mem:476.23M (Peak 476.23M) | Time:00:00.70 | Mem:0.00M, Peak:0.00M | Scene, ViewLayer | Synchronizing object | Pressed bodyside skin.047
Fra:1 Mem:476.23M (Peak 476.23M) | Time:00:00.70 | Mem:0.00M, Peak:0.00M | Scene, ViewLayer | Synchronizing object | Lined bodyside aperture panel.047
Fra:1 Mem:476.23M (Peak 476.23M) | Time:00:00.70 | Mem:0.00M, Peak:0.00M | Scene, ViewLayer | Synchronizing object | Pressed bodyside skin.048
Fra:1 Mem:476.23M (Peak 476.23M) | Time:00:00.70 | Mem:0.00M, Peak:0.00M | Scene, ViewLayer | Synchronizing object | Lined bodyside aperture panel.048
Fra:1 Mem:476.23M (Peak 476.23M) | Time:00:00.70 | Mem:0.00M, Peak:0.00M | Scene, ViewLayer | Synchronizing object | Pressed bodyside skin.049
Fra:1 Mem:476.24M (Peak 476.24M) | Time:00:00.70 | Mem:0.00M, Peak:0.00M | Scene, ViewLayer | Synchronizing object | Lined bodyside aperture panel.049
Fra:1 Mem:476.24M (Peak 476.24M) | Time:00:00.70 | Mem:0.00M, Peak:0.00M | Scene, ViewLayer | Synchronizing object | Pressed bodyside skin.050
Fra:1 Mem:476.24M (Peak 476.24M) | Time:00:00.70 | Mem:0.00M, Peak:0.00M | Scene, ViewLayer | Synchronizing object | Lined bodyside aperture panel.050
Fra:1 Mem:476.24M (Peak 476.24M) | Time:00:00.70 | Mem:0.00M, Peak:0.00M | Scene, ViewLayer | Synchronizing object | Lined bodyside aperture panel.051
Fra:1 Mem:476.24M (Peak 476.24M) | Time:00:00.70 | Mem:0.00M, Peak:0.00M | Scene, ViewLayer | Synchronizing object | Pressed bodyside skin.052
Fra:1 Mem:476.24M (Peak 476.24M) | Time:00:00.70 | Mem:0.00M, Peak:0.00M | Scene, ViewLayer | Synchronizing object | Lined bodyside aperture panel.052
Fra:1 Mem:476.24M (Peak 476.24M) | Time:00:00.70 | Mem:0.00M, Peak:0.00M | Scene, ViewLayer | Synchronizing object | Lined bodyside aperture panel.053
Fra:1 Mem:476.24M (Peak 476.24M) | Time:00:00.70 | Mem:0.00M, Peak:0.00M | Scene, ViewLayer | Synchronizing object | Pressed bodyside skin.054
Fra:1 Mem:476.25M (Peak 476.25M) | Time:00:00.70 | Mem:0.00M, Peak:0.00M | Scene, ViewLayer | Synchronizing object | Lined bodyside aperture panel.054
Fra:1 Mem:476.25M (Peak 476.25M) | Time:00:00.70 | Mem:0.00M, Peak:0.00M | Scene, ViewLayer | Synchronizing object | Pressed bodyside skin.055
Fra:1 Mem:476.25M (Peak 476.25M) | Time:00:00.70 | Mem:0.00M, Peak:0.00M | Scene, ViewLayer | Synchronizing object | Lined bodyside aperture panel.055
Fra:1 Mem:476.25M (Peak 476.25M) | Time:00:00.70 | Mem:0.00M, Peak:0.00M | Scene, ViewLayer | Synchronizing object | Pressed bodyside skin.056
Fra:1 Mem:476.25M (Peak 476.25M) | Time:00:00.70 | Mem:0.00M, Peak:0.00M | Scene, ViewLayer | Synchronizing object | Lined bodyside aperture panel.056
Fra:1 Mem:476.25M (Peak 476.25M) | Time:00:00.70 | Mem:0.00M, Peak:0.00M | Scene, ViewLayer | Synchronizing object | Pressed bodyside skin.057
Fra:1 Mem:476.25M (Peak 476.25M) | Time:00:00.70 | Mem:0.00M, Peak:0.00M | Scene, ViewLayer | Synchronizing object | Lined bodyside aperture panel.057
Fra:1 Mem:476.26M (Peak 476.26M) | Time:00:00.70 | Mem:0.00M, Peak:0.00M | Scene, ViewLayer | Synchronizing object | Pressed bodyside skin.058
Fra:1 Mem:476.26M (Peak 476.26M) | Time:00:00.70 | Mem:0.00M, Peak:0.00M | Scene, ViewLayer | Synchronizing object | Pressed bodyside skin.059
Fra:1 Mem:476.26M (Peak 476.26M) | Time:00:00.70 | Mem:0.00M, Peak:0.00M | Scene, ViewLayer | Synchronizing object | Lined bodyside aperture panel.059
Fra:1 Mem:476.26M (Peak 476.26M) | Time:00:00.70 | Mem:0.00M, Peak:0.00M | Scene, ViewLayer | Synchronizing object | Lined bodyside aperture panel.060
Fra:1 Mem:476.27M (Peak 476.27M) | Time:00:00.70 | Mem:0.00M, Peak:0.00M | Scene, ViewLayer | Synchronizing object | Pressed bodyside skin.061
Fra:1 Mem:476.27M (Peak 476.27M) | Time:00:00.70 | Mem:0.00M, Peak:0.00M | Scene, ViewLayer | Synchronizing object | Lined bodyside aperture panel.061
Fra:1 Mem:476.27M (Peak 476.27M) | Time:00:00.70 | Mem:0.00M, Peak:0.00M | Scene, ViewLayer | Synchronizing object | Lined bodyside aperture panel.062
Fra:1 Mem:476.27M (Peak 476.27M) | Time:00:00.70 | Mem:0.00M, Peak:0.00M | Scene, ViewLayer | Synchronizing object | Pressed bodyside skin.063
Fra:1 Mem:476.27M (Peak 476.27M) | Time:00:00.70 | Mem:0.00M, Peak:0.00M | Scene, ViewLayer | Synchronizing object | Lined bodyside aperture panel.063
Fra:1 Mem:476.27M (Peak 476.27M) | Time:00:00.70 | Mem:0.00M, Peak:0.00M | Scene, ViewLayer | Synchronizing object | Pressed bodyside skin.064
Fra:1 Mem:476.27M (Peak 476.27M) | Time:00:00.70 | Mem:0.00M, Peak:0.00M | Scene, ViewLayer | Synchronizing object | Pressed bodyside skin.065
Fra:1 Mem:476.28M (Peak 476.28M) | Time:00:00.70 | Mem:0.00M, Peak:0.00M | Scene, ViewLayer | Synchronizing object | Lined bodyside aperture panel.065
Fra:1 Mem:476.28M (Peak 476.28M) | Time:00:00.70 | Mem:0.00M, Peak:0.00M | Scene, ViewLayer | Synchronizing object | Lined bodyside aperture panel.066
Fra:1 Mem:476.28M (Peak 476.28M) | Time:00:00.70 | Mem:0.00M, Peak:0.00M | Scene, ViewLayer | Synchronizing object | Pressed bodyside skin.067
Fra:1 Mem:476.28M (Peak 476.28M) | Time:00:00.70 | Mem:0.00M, Peak:0.00M | Scene, ViewLayer | Synchronizing object | Lined bodyside aperture panel.067
Fra:1 Mem:476.28M (Peak 476.28M) | Time:00:00.70 | Mem:0.00M, Peak:0.00M | Scene, ViewLayer | Synchronizing object | Pressed bodyside skin.068
Fra:1 Mem:476.28M (Peak 476.28M) | Time:00:00.70 | Mem:0.00M, Peak:0.00M | Scene, ViewLayer | Synchronizing object | Pressed bodyside skin.069
Fra:1 Mem:476.29M (Peak 476.29M) | Time:00:00.70 | Mem:0.00M, Peak:0.00M | Scene, ViewLayer | Synchronizing object | Lined bodyside aperture panel.069
Fra:1 Mem:476.29M (Peak 476.29M) | Time:00:00.70 | Mem:0.00M, Peak:0.00M | Scene, ViewLayer | Synchronizing object | Pressed bodyside skin.070
Fra:1 Mem:476.29M (Peak 476.29M) | Time:00:00.70 | Mem:0.00M, Peak:0.00M | Scene, ViewLayer | Synchronizing object | Lined bodyside aperture panel.070
Fra:1 Mem:476.29M (Peak 476.29M) | Time:00:00.70 | Mem:0.00M, Peak:0.00M | Scene, ViewLayer | Synchronizing object | Pressed bodyside skin.071
Fra:1 Mem:476.29M (Peak 476.29M) | Time:00:00.70 | Mem:0.00M, Peak:0.00M | Scene, ViewLayer | Synchronizing object | Lined bodyside aperture panel.071
Fra:1 Mem:476.29M (Peak 476.29M) | Time:00:00.70 | Mem:0.00M, Peak:0.00M | Scene, ViewLayer | Synchronizing object | Lined bodyside aperture panel.072
Fra:1 Mem:476.30M (Peak 476.30M) | Time:00:00.70 | Mem:0.00M, Peak:0.00M | Scene, ViewLayer | Synchronizing object | Pressed bodyside skin.073
Fra:1 Mem:476.30M (Peak 476.30M) | Time:00:00.70 | Mem:0.00M, Peak:0.00M | Scene, ViewLayer | Synchronizing object | Lined bodyside aperture panel.073
Fra:1 Mem:476.30M (Peak 476.30M) | Time:00:00.70 | Mem:0.00M, Peak:0.00M | Scene, ViewLayer | Synchronizing object | Lined bodyside aperture panel.074
Fra:1 Mem:476.30M (Peak 476.30M) | Time:00:00.70 | Mem:0.00M, Peak:0.00M | Scene, ViewLayer | Synchronizing object | Pressed bodyside skin.075
Fra:1 Mem:476.30M (Peak 476.30M) | Time:00:00.70 | Mem:0.00M, Peak:0.00M | Scene, ViewLayer | Synchronizing object | Lined bodyside aperture panel.075
Fra:1 Mem:476.30M (Peak 476.30M) | Time:00:00.70 | Mem:0.00M, Peak:0.00M | Scene, ViewLayer | Synchronizing object | Pressed bodyside skin.076
Fra:1 Mem:476.30M (Peak 476.30M) | Time:00:00.70 | Mem:0.00M, Peak:0.00M | Scene, ViewLayer | Synchronizing object | Pressed bodyside skin.077
Fra:1 Mem:476.31M (Peak 476.31M) | Time:00:00.70 | Mem:0.00M, Peak:0.00M | Scene, ViewLayer | Synchronizing object | Lined bodyside aperture panel.077
Fra:1 Mem:476.31M (Peak 476.31M) | Time:00:00.70 | Mem:0.00M, Peak:0.00M | Scene, ViewLayer | Synchronizing object | Pressed bodyside skin.078
Fra:1 Mem:476.31M (Peak 476.31M) | Time:00:00.70 | Mem:0.00M, Peak:0.00M | Scene, ViewLayer | Synchronizing object | Lined bodyside aperture panel.078
Fra:1 Mem:476.31M (Peak 476.31M) | Time:00:00.70 | Mem:0.00M, Peak:0.00M | Scene, ViewLayer | Synchronizing object | Pressed bodyside skin.079
Fra:1 Mem:476.31M (Peak 476.31M) | Time:00:00.70 | Mem:0.00M, Peak:0.00M | Scene, ViewLayer | Synchronizing object | Lined bodyside aperture panel.079
Fra:1 Mem:476.31M (Peak 476.31M) | Time:00:00.70 | Mem:0.00M, Peak:0.00M | Scene, ViewLayer | Synchronizing object | Pressed bodyside skin.080
Fra:1 Mem:476.31M (Peak 476.31M) | Time:00:00.70 | Mem:0.00M, Peak:0.00M | Scene, ViewLayer | Synchronizing object | Lined bodyside aperture panel.080
Fra:1 Mem:476.32M (Peak 476.32M) | Time:00:00.70 | Mem:0.00M, Peak:0.00M | Scene, ViewLayer | Synchronizing object | Lined bodyside aperture panel.081
Fra:1 Mem:476.32M (Peak 476.32M) | Time:00:00.70 | Mem:0.00M, Peak:0.00M | Scene, ViewLayer | Synchronizing object | Pressed bodyside skin.082
Fra:1 Mem:476.32M (Peak 476.32M) | Time:00:00.70 | Mem:0.00M, Peak:0.00M | Scene, ViewLayer | Synchronizing object | Lined bodyside aperture panel.082
Fra:1 Mem:476.32M (Peak 476.32M) | Time:00:00.70 | Mem:0.00M, Peak:0.00M | Scene, ViewLayer | Synchronizing object | Lined bodyside aperture panel.083
Fra:1 Mem:476.32M (Peak 476.32M) | Time:00:00.70 | Mem:0.00M, Peak:0.00M | Scene, ViewLayer | Synchronizing object | Pressed bodyside skin.084
Fra:1 Mem:476.33M (Peak 476.33M) | Time:00:00.70 | Mem:0.00M, Peak:0.00M | Scene, ViewLayer | Synchronizing object | Lined bodyside aperture panel.084
Fra:1 Mem:476.33M (Peak 476.33M) | Time:00:00.70 | Mem:0.00M, Peak:0.00M | Scene, ViewLayer | Synchronizing object | Pressed bodyside skin.085
Fra:1 Mem:476.33M (Peak 476.33M) | Time:00:00.70 | Mem:0.00M, Peak:0.00M | Scene, ViewLayer | Synchronizing object | Lined bodyside aperture panel.085
Fra:1 Mem:476.33M (Peak 476.33M) | Time:00:00.70 | Mem:0.00M, Peak:0.00M | Scene, ViewLayer | Synchronizing object | Pressed bodyside skin.086
Fra:1 Mem:476.33M (Peak 476.33M) | Time:00:00.70 | Mem:0.00M, Peak:0.00M | Scene, ViewLayer | Synchronizing object | Lined bodyside aperture panel.086
Fra:1 Mem:476.33M (Peak 476.33M) | Time:00:00.70 | Mem:0.00M, Peak:0.00M | Scene, ViewLayer | Synchronizing object | Pressed bodyside skin.087
Fra:1 Mem:476.33M (Peak 476.33M) | Time:00:00.70 | Mem:0.00M, Peak:0.00M | Scene, ViewLayer | Synchronizing object | Lined bodyside aperture panel.087
Fra:1 Mem:476.33M (Peak 476.33M) | Time:00:00.70 | Mem:0.00M, Peak:0.00M | Scene, ViewLayer | Synchronizing object | Pressed bodyside skin.088
Fra:1 Mem:476.34M (Peak 476.34M) | Time:00:00.70 | Mem:0.00M, Peak:0.00M | Scene, ViewLayer | Synchronizing object | Lined bodyside aperture panel.088
Fra:1 Mem:476.34M (Peak 476.34M) | Time:00:00.70 | Mem:0.00M, Peak:0.00M | Scene, ViewLayer | Synchronizing object | Pressed bodyside skin.089
Fra:1 Mem:476.34M (Peak 476.34M) | Time:00:00.70 | Mem:0.00M, Peak:0.00M | Scene, ViewLayer | Synchronizing object | Lined bodyside aperture panel.089
Fra:1 Mem:476.34M (Peak 476.34M) | Time:00:00.70 | Mem:0.00M, Peak:0.00M | Scene, ViewLayer | Synchronizing object | Pressed bodyside skin.090
Fra:1 Mem:476.34M (Peak 476.34M) | Time:00:00.70 | Mem:0.00M, Peak:0.00M | Scene, ViewLayer | Synchronizing object | Lined bodyside aperture panel.090
Fra:1 Mem:476.34M (Peak 476.34M) | Time:00:00.70 | Mem:0.00M, Peak:0.00M | Scene, ViewLayer | Synchronizing object | Pressed bodyside skin.091
Fra:1 Mem:476.34M (Peak 476.34M) | Time:00:00.70 | Mem:0.00M, Peak:0.00M | Scene, ViewLayer | Synchronizing object | Lined bodyside aperture panel.091
Fra:1 Mem:476.35M (Peak 476.35M) | Time:00:00.70 | Mem:0.00M, Peak:0.00M | Scene, ViewLayer | Synchronizing object | Pressed bodyside skin.092
Fra:1 Mem:476.35M (Peak 476.35M) | Time:00:00.70 | Mem:0.00M, Peak:0.00M | Scene, ViewLayer | Synchronizing object | Lined bodyside aperture panel.092
Fra:1 Mem:476.35M (Peak 476.35M) | Time:00:00.70 | Mem:0.00M, Peak:0.00M | Scene, ViewLayer | Synchronizing object | Pressed bodyside skin.093
Fra:1 Mem:476.35M (Peak 476.35M) | Time:00:00.70 | Mem:0.00M, Peak:0.00M | Scene, ViewLayer | Synchronizing object | Lined bodyside aperture panel.093
Fra:1 Mem:476.35M (Peak 476.35M) | Time:00:00.70 | Mem:0.00M, Peak:0.00M | Scene, ViewLayer | Synchronizing object | Pressed bodyside skin.094
Fra:1 Mem:476.35M (Peak 476.35M) | Time:00:00.70 | Mem:0.00M, Peak:0.00M | Scene, ViewLayer | Synchronizing object | Lined bodyside aperture panel.094
Fra:1 Mem:476.35M (Peak 476.35M) | Time:00:00.70 | Mem:0.00M, Peak:0.00M | Scene, ViewLayer | Synchronizing object | Pressed bodyside skin.095
Fra:1 Mem:476.35M (Peak 476.35M) | Time:00:00.70 | Mem:0.00M, Peak:0.00M | Scene, ViewLayer | Synchronizing object | Lined bodyside aperture panel.095
Fra:1 Mem:476.36M (Peak 476.36M) | Time:00:00.70 | Mem:0.00M, Peak:0.00M | Scene, ViewLayer | Synchronizing object | Pressed bodyside skin.096
Fra:1 Mem:476.36M (Peak 476.36M) | Time:00:00.70 | Mem:0.00M, Peak:0.00M | Scene, ViewLayer | Synchronizing object | Lined bodyside aperture panel.096
Fra:1 Mem:476.36M (Peak 476.36M) | Time:00:00.70 | Mem:0.00M, Peak:0.00M | Scene, ViewLayer | Synchronizing object | Pressed bodyside skin.097
Fra:1 Mem:476.36M (Peak 476.36M) | Time:00:00.70 | Mem:0.00M, Peak:0.00M | Scene, ViewLayer | Synchronizing object | Lined bodyside aperture panel.097
Fra:1 Mem:476.36M (Peak 476.36M) | Time:00:00.70 | Mem:0.00M, Peak:0.00M | Scene, ViewLayer | Synchronizing object | Pressed bodyside skin.098
Fra:1 Mem:476.36M (Peak 476.36M) | Time:00:00.70 | Mem:0.00M, Peak:0.00M | Scene, ViewLayer | Synchronizing object | Lined bodyside aperture panel.098
Fra:1 Mem:476.36M (Peak 476.36M) | Time:00:00.70 | Mem:0.00M, Peak:0.00M | Scene, ViewLayer | Synchronizing object | Pressed bodyside skin.099
Fra:1 Mem:476.37M (Peak 476.37M) | Time:00:00.70 | Mem:0.00M, Peak:0.00M | Scene, ViewLayer | Synchronizing object | Lined bodyside aperture panel.099
Fra:1 Mem:476.37M (Peak 476.37M) | Time:00:00.70 | Mem:0.00M, Peak:0.00M | Scene, ViewLayer | Synchronizing object | Pressed bodyside skin.100
Fra:1 Mem:476.37M (Peak 476.37M) | Time:00:00.70 | Mem:0.00M, Peak:0.00M | Scene, ViewLayer | Synchronizing object | Lined bodyside aperture panel.100
Fra:1 Mem:476.37M (Peak 476.37M) | Time:00:00.70 | Mem:0.00M, Peak:0.00M | Scene, ViewLayer | Synchronizing object | Pressed bodyside skin.101
Fra:1 Mem:476.37M (Peak 476.37M) | Time:00:00.70 | Mem:0.00M, Peak:0.00M | Scene, ViewLayer | Synchronizing object | Lined bodyside aperture panel.101
Fra:1 Mem:476.37M (Peak 476.37M) | Time:00:00.70 | Mem:0.00M, Peak:0.00M | Scene, ViewLayer | Synchronizing object | Pressed bodyside skin.102
Fra:1 Mem:476.37M (Peak 476.37M) | Time:00:00.70 | Mem:0.00M, Peak:0.00M | Scene, ViewLayer | Synchronizing object | Lined bodyside aperture panel.102
Fra:1 Mem:476.37M (Peak 476.37M) | Time:00:00.70 | Mem:0.00M, Peak:0.00M | Scene, ViewLayer | Synchronizing object | Pressed bodyside skin.103
Fra:1 Mem:476.38M (Peak 476.38M) | Time:00:00.70 | Mem:0.00M, Peak:0.00M | Scene, ViewLayer | Synchronizing object | Lined bodyside aperture panel.103
Fra:1 Mem:476.38M (Peak 476.38M) | Time:00:00.70 | Mem:0.00M, Peak:0.00M | Scene, ViewLayer | Synchronizing object | Pressed bodyside skin.104
Fra:1 Mem:476.38M (Peak 476.38M) | Time:00:00.70 | Mem:0.00M, Peak:0.00M | Scene, ViewLayer | Synchronizing object | Lined bodyside aperture panel.104
Fra:1 Mem:476.38M (Peak 476.38M) | Time:00:00.70 | Mem:0.00M, Peak:0.00M | Scene, ViewLayer | Synchronizing object | Pressed bodyside skin.105
Fra:1 Mem:476.38M (Peak 476.38M) | Time:00:00.70 | Mem:0.00M, Peak:0.00M | Scene, ViewLayer | Synchronizing object | Lined bodyside aperture panel.105
Fra:1 Mem:476.38M (Peak 476.38M) | Time:00:00.70 | Mem:0.00M, Peak:0.00M | Scene, ViewLayer | Synchronizing object | Pressed bodyside skin.106
Fra:1 Mem:476.38M (Peak 476.38M) | Time:00:00.70 | Mem:0.00M, Peak:0.00M | Scene, ViewLayer | Synchronizing object | Lined bodyside aperture panel.106
Fra:1 Mem:476.39M (Peak 476.39M) | Time:00:00.70 | Mem:0.00M, Peak:0.00M | Scene, ViewLayer | Synchronizing object | Pressed bodyside skin.107
Fra:1 Mem:476.39M (Peak 476.39M) | Time:00:00.70 | Mem:0.00M, Peak:0.00M | Scene, ViewLayer | Synchronizing object | Lined bodyside aperture panel.107
Fra:1 Mem:476.39M (Peak 476.39M) | Time:00:00.70 | Mem:0.00M, Peak:0.00M | Scene, ViewLayer | Synchronizing object | Pressed bodyside skin.108
Fra:1 Mem:476.39M (Peak 476.39M) | Time:00:00.70 | Mem:0.00M, Peak:0.00M | Scene, ViewLayer | Synchronizing object | Lined bodyside aperture panel.108
Fra:1 Mem:476.39M (Peak 476.39M) | Time:00:00.70 | Mem:0.00M, Peak:0.00M | Scene, ViewLayer | Synchronizing object | Pressed bodyside skin.109
Fra:1 Mem:476.39M (Peak 476.39M) | Time:00:00.70 | Mem:0.00M, Peak:0.00M | Scene, ViewLayer | Synchronizing object | Lined bodyside aperture panel.109
Fra:1 Mem:476.39M (Peak 476.39M) | Time:00:00.70 | Mem:0.00M, Peak:0.00M | Scene, ViewLayer | Synchronizing object | Pressed bodyside skin.110
Fra:1 Mem:476.39M (Peak 476.39M) | Time:00:00.70 | Mem:0.00M, Peak:0.00M | Scene, ViewLayer | Synchronizing object | Lined bodyside aperture panel.110
Fra:1 Mem:476.40M (Peak 476.40M) | Time:00:00.70 | Mem:0.00M, Peak:0.00M | Scene, ViewLayer | Synchronizing object | Pressed bodyside skin.111
Fra:1 Mem:476.40M (Peak 476.40M) | Time:00:00.70 | Mem:0.00M, Peak:0.00M | Scene, ViewLayer | Synchronizing object | Lined bodyside aperture panel.111
Fra:1 Mem:476.40M (Peak 476.40M) | Time:00:00.70 | Mem:0.00M, Peak:0.00M | Scene, ViewLayer | Synchronizing object | Pressed bodyside skin.112
Fra:1 Mem:476.40M (Peak 476.40M) | Time:00:00.70 | Mem:0.00M, Peak:0.00M | Scene, ViewLayer | Synchronizing object | Lined bodyside aperture panel.112
Fra:1 Mem:476.40M (Peak 476.40M) | Time:00:00.70 | Mem:0.00M, Peak:0.00M | Scene, ViewLayer | Synchronizing object | Pressed bodyside skin.113
Fra:1 Mem:476.41M (Peak 476.41M) | Time:00:00.70 | Mem:0.00M, Peak:0.00M | Scene, ViewLayer | Synchronizing object | Lined bodyside aperture panel.113
Fra:1 Mem:476.41M (Peak 476.41M) | Time:00:00.70 | Mem:0.00M, Peak:0.00M | Scene, ViewLayer | Synchronizing object | Pressed bodyside skin.114
Fra:1 Mem:476.41M (Peak 476.41M) | Time:00:00.70 | Mem:0.00M, Peak:0.00M | Scene, ViewLayer | Synchronizing object | Lined bodyside aperture panel.114
Fra:1 Mem:476.41M (Peak 476.41M) | Time:00:00.70 | Mem:0.00M, Peak:0.00M | Scene, ViewLayer | Synchronizing object | Pressed bodyside skin.115
Fra:1 Mem:476.41M (Peak 476.41M) | Time:00:00.70 | Mem:0.00M, Peak:0.00M | Scene, ViewLayer | Synchronizing object | Lined bodyside aperture panel.115
Fra:1 Mem:476.41M (Peak 476.41M) | Time:00:00.70 | Mem:0.00M, Peak:0.00M | Scene, ViewLayer | Synchronizing object | Pressed bodyside skin.116
Fra:1 Mem:476.41M (Peak 476.41M) | Time:00:00.70 | Mem:0.00M, Peak:0.00M | Scene, ViewLayer | Synchronizing object | Pressed bodyside skin.117
Fra:1 Mem:476.42M (Peak 476.42M) | Time:00:00.70 | Mem:0.00M, Peak:0.00M | Scene, ViewLayer | Synchronizing object | Lined bodyside aperture panel.117
Fra:1 Mem:476.42M (Peak 476.42M) | Time:00:00.70 | Mem:0.00M, Peak:0.00M | Scene, ViewLayer | Synchronizing object | Lined bodyside aperture panel.118
Fra:1 Mem:476.42M (Peak 476.42M) | Time:00:00.70 | Mem:0.00M, Peak:0.00M | Scene, ViewLayer | Synchronizing object | Pressed bodyside skin.119
Fra:1 Mem:476.42M (Peak 476.42M) | Time:00:00.70 | Mem:0.00M, Peak:0.00M | Scene, ViewLayer | Synchronizing object | Lined bodyside aperture panel.119
Fra:1 Mem:476.42M (Peak 476.42M) | Time:00:00.70 | Mem:0.00M, Peak:0.00M | Scene, ViewLayer | Synchronizing object | Pressed bodyside skin.120
Fra:1 Mem:476.42M (Peak 476.42M) | Time:00:00.70 | Mem:0.00M, Peak:0.00M | Scene, ViewLayer | Synchronizing object | Lined bodyside aperture panel.120
Fra:1 Mem:476.43M (Peak 476.43M) | Time:00:00.70 | Mem:0.00M, Peak:0.00M | Scene, ViewLayer | Synchronizing object | Pressed bodyside skin.121
Fra:1 Mem:476.43M (Peak 476.43M) | Time:00:00.70 | Mem:0.00M, Peak:0.00M | Scene, ViewLayer | Synchronizing object | Lined bodyside aperture panel.121
Fra:1 Mem:476.43M (Peak 476.43M) | Time:00:00.70 | Mem:0.00M, Peak:0.00M | Scene, ViewLayer | Synchronizing object | Pressed bodyside skin.122
Fra:1 Mem:476.43M (Peak 476.43M) | Time:00:00.70 | Mem:0.00M, Peak:0.00M | Scene, ViewLayer | Synchronizing object | Lined bodyside aperture panel.122
Fra:1 Mem:476.43M (Peak 476.43M) | Time:00:00.70 | Mem:0.00M, Peak:0.00M | Scene, ViewLayer | Synchronizing object | Pressed bodyside skin.123
Fra:1 Mem:476.43M (Peak 476.43M) | Time:00:00.70 | Mem:0.00M, Peak:0.00M | Scene, ViewLayer | Synchronizing object | Lined bodyside aperture panel.123
Fra:1 Mem:476.43M (Peak 476.43M) | Time:00:00.70 | Mem:0.00M, Peak:0.00M | Scene, ViewLayer | Synchronizing object | Pressed bodyside skin.124
Fra:1 Mem:476.44M (Peak 476.44M) | Time:00:00.70 | Mem:0.00M, Peak:0.00M | Scene, ViewLayer | Synchronizing object | Lined bodyside aperture panel.124
Fra:1 Mem:476.44M (Peak 476.44M) | Time:00:00.70 | Mem:0.00M, Peak:0.00M | Scene, ViewLayer | Synchronizing object | Pressed bodyside skin.125
Fra:1 Mem:476.44M (Peak 476.44M) | Time:00:00.70 | Mem:0.00M, Peak:0.00M | Scene, ViewLayer | Synchronizing object | Lined bodyside aperture panel.125
Fra:1 Mem:476.44M (Peak 476.44M) | Time:00:00.70 | Mem:0.00M, Peak:0.00M | Scene, ViewLayer | Synchronizing object | Pressed bodyside skin.126
Fra:1 Mem:476.44M (Peak 476.44M) | Time:00:00.70 | Mem:0.00M, Peak:0.00M | Scene, ViewLayer | Synchronizing object | Lined bodyside aperture panel.126
Fra:1 Mem:476.44M (Peak 476.44M) | Time:00:00.70 | Mem:0.00M, Peak:0.00M | Scene, ViewLayer | Synchronizing object | Pressed bodyside skin.127
Fra:1 Mem:476.44M (Peak 476.44M) | Time:00:00.70 | Mem:0.00M, Peak:0.00M | Scene, ViewLayer | Synchronizing object | Lined bodyside aperture panel.127
Fra:1 Mem:476.44M (Peak 476.44M) | Time:00:00.70 | Mem:0.00M, Peak:0.00M | Scene, ViewLayer | Synchronizing object | Pressed bodyside skin.128
Fra:1 Mem:476.45M (Peak 476.45M) | Time:00:00.70 | Mem:0.00M, Peak:0.00M | Scene, ViewLayer | Synchronizing object | Lined bodyside aperture panel.128
Fra:1 Mem:476.45M (Peak 476.45M) | Time:00:00.70 | Mem:0.00M, Peak:0.00M | Scene, ViewLayer | Synchronizing object | Pressed bodyside skin.129
Fra:1 Mem:476.45M (Peak 476.45M) | Time:00:00.70 | Mem:0.00M, Peak:0.00M | Scene, ViewLayer | Synchronizing object | Lined bodyside aperture panel.129
Fra:1 Mem:476.45M (Peak 476.45M) | Time:00:00.70 | Mem:0.00M, Peak:0.00M | Scene, ViewLayer | Synchronizing object | Pressed bodyside skin.130
Fra:1 Mem:476.45M (Peak 476.45M) | Time:00:00.70 | Mem:0.00M, Peak:0.00M | Scene, ViewLayer | Synchronizing object | Lined bodyside aperture panel.130
Fra:1 Mem:476.45M (Peak 476.45M) | Time:00:00.70 | Mem:0.00M, Peak:0.00M | Scene, ViewLayer | Synchronizing object | Pressed bodyside skin.131
Fra:1 Mem:476.45M (Peak 476.45M) | Time:00:00.70 | Mem:0.00M, Peak:0.00M | Scene, ViewLayer | Synchronizing object | Lined bodyside aperture panel.131
Fra:1 Mem:476.46M (Peak 476.46M) | Time:00:00.70 | Mem:0.00M, Peak:0.00M | Scene, ViewLayer | Synchronizing object | Pressed bodyside skin.132
Fra:1 Mem:476.46M (Peak 476.46M) | Time:00:00.70 | Mem:0.00M, Peak:0.00M | Scene, ViewLayer | Synchronizing object | Lined bodyside aperture panel.132
Fra:1 Mem:476.46M (Peak 476.46M) | Time:00:00.70 | Mem:0.00M, Peak:0.00M | Scene, ViewLayer | Synchronizing object | Pressed bodyside skin.133
Fra:1 Mem:476.46M (Peak 476.46M) | Time:00:00.70 | Mem:0.00M, Peak:0.00M | Scene, ViewLayer | Synchronizing object | Lined bodyside aperture panel.133
Fra:1 Mem:476.46M (Peak 476.46M) | Time:00:00.70 | Mem:0.00M, Peak:0.00M | Scene, ViewLayer | Synchronizing object | Pressed bodyside skin.134
Fra:1 Mem:476.46M (Peak 476.46M) | Time:00:00.70 | Mem:0.00M, Peak:0.00M | Scene, ViewLayer | Synchronizing object | Lined bodyside aperture panel.134
Fra:1 Mem:476.46M (Peak 476.46M) | Time:00:00.70 | Mem:0.00M, Peak:0.00M | Scene, ViewLayer | Synchronizing object | Pressed bodyside skin.135
Fra:1 Mem:476.46M (Peak 476.46M) | Time:00:00.70 | Mem:0.00M, Peak:0.00M | Scene, ViewLayer | Synchronizing object | Lined bodyside aperture panel.135
Fra:1 Mem:476.47M (Peak 476.47M) | Time:00:00.70 | Mem:0.00M, Peak:0.00M | Scene, ViewLayer | Synchronizing object | Pressed bodyside skin.136
Fra:1 Mem:476.47M (Peak 476.47M) | Time:00:00.70 | Mem:0.00M, Peak:0.00M | Scene, ViewLayer | Synchronizing object | Lined bodyside aperture panel.136
Fra:1 Mem:476.47M (Peak 476.47M) | Time:00:00.70 | Mem:0.00M, Peak:0.00M | Scene, ViewLayer | Synchronizing object | Pressed bodyside skin.137
Fra:1 Mem:476.47M (Peak 476.47M) | Time:00:00.70 | Mem:0.00M, Peak:0.00M | Scene, ViewLayer | Synchronizing object | Lined bodyside aperture panel.137
Fra:1 Mem:476.47M (Peak 476.47M) | Time:00:00.70 | Mem:0.00M, Peak:0.00M | Scene, ViewLayer | Synchronizing object | Pressed bodyside skin.138
Fra:1 Mem:476.47M (Peak 476.47M) | Time:00:00.70 | Mem:0.00M, Peak:0.00M | Scene, ViewLayer | Synchronizing object | Lined bodyside aperture panel.138
Fra:1 Mem:476.47M (Peak 476.47M) | Time:00:00.70 | Mem:0.00M, Peak:0.00M | Scene, ViewLayer | Synchronizing object | Pressed bodyside skin.139
Fra:1 Mem:476.47M (Peak 476.47M) | Time:00:00.70 | Mem:0.00M, Peak:0.00M | Scene, ViewLayer | Synchronizing object | Lined bodyside aperture panel.139
Fra:1 Mem:476.48M (Peak 476.48M) | Time:00:00.70 | Mem:0.00M, Peak:0.00M | Scene, ViewLayer | Synchronizing object | Pressed bodyside skin.140
Fra:1 Mem:476.48M (Peak 476.48M) | Time:00:00.70 | Mem:0.00M, Peak:0.00M | Scene, ViewLayer | Synchronizing object | Lined bodyside aperture panel.140
Fra:1 Mem:476.48M (Peak 476.48M) | Time:00:00.70 | Mem:0.00M, Peak:0.00M | Scene, ViewLayer | Synchronizing object | Pressed bodyside skin.141
Fra:1 Mem:476.48M (Peak 476.48M) | Time:00:00.70 | Mem:0.00M, Peak:0.00M | Scene, ViewLayer | Synchronizing object | Lined bodyside aperture panel.141
Fra:1 Mem:476.48M (Peak 476.48M) | Time:00:00.70 | Mem:0.00M, Peak:0.00M | Scene, ViewLayer | Synchronizing object | Pressed bodyside skin.142
Fra:1 Mem:476.48M (Peak 476.48M) | Time:00:00.70 | Mem:0.00M, Peak:0.00M | Scene, ViewLayer | Synchronizing object | Lined bodyside aperture panel.142
Fra:1 Mem:476.48M (Peak 476.48M) | Time:00:00.70 | Mem:0.00M, Peak:0.00M | Scene, ViewLayer | Synchronizing object | Pressed bodyside skin.143
Fra:1 Mem:476.49M (Peak 476.49M) | Time:00:00.70 | Mem:0.00M, Peak:0.00M | Scene, ViewLayer | Synchronizing object | Lined bodyside aperture panel.143
Fra:1 Mem:476.49M (Peak 476.49M) | Time:00:00.70 | Mem:0.00M, Peak:0.00M | Scene, ViewLayer | Synchronizing object | Pressed bodyside skin.144
Fra:1 Mem:476.49M (Peak 476.49M) | Time:00:00.70 | Mem:0.00M, Peak:0.00M | Scene, ViewLayer | Synchronizing object | Lined bodyside aperture panel.144
Fra:1 Mem:476.49M (Peak 476.49M) | Time:00:00.70 | Mem:0.00M, Peak:0.00M | Scene, ViewLayer | Synchronizing object | Pressed bodyside skin.145
Fra:1 Mem:476.49M (Peak 476.49M) | Time:00:00.70 | Mem:0.00M, Peak:0.00M | Scene, ViewLayer | Synchronizing object | Lined bodyside aperture panel.145
Fra:1 Mem:476.49M (Peak 476.49M) | Time:00:00.70 | Mem:0.00M, Peak:0.00M | Scene, ViewLayer | Synchronizing object | Pressed bodyside skin.146
Fra:1 Mem:476.49M (Peak 476.49M) | Time:00:00.70 | Mem:0.00M, Peak:0.00M | Scene, ViewLayer | Synchronizing object | Lined bodyside aperture panel.146
Fra:1 Mem:476.49M (Peak 476.49M) | Time:00:00.70 | Mem:0.00M, Peak:0.00M | Scene, ViewLayer | Synchronizing object | Pressed bodyside skin.147
Fra:1 Mem:476.50M (Peak 476.50M) | Time:00:00.70 | Mem:0.00M, Peak:0.00M | Scene, ViewLayer | Synchronizing object | Lined bodyside aperture panel.147
Fra:1 Mem:476.50M (Peak 476.50M) | Time:00:00.70 | Mem:0.00M, Peak:0.00M | Scene, ViewLayer | Synchronizing object | Pressed bodyside skin.148
Fra:1 Mem:476.50M (Peak 476.50M) | Time:00:00.70 | Mem:0.00M, Peak:0.00M | Scene, ViewLayer | Synchronizing object | Lined bodyside aperture panel.148
Fra:1 Mem:476.50M (Peak 476.50M) | Time:00:00.70 | Mem:0.00M, Peak:0.00M | Scene, ViewLayer | Synchronizing object | Pressed bodyside skin.149
Fra:1 Mem:476.50M (Peak 476.50M) | Time:00:00.70 | Mem:0.00M, Peak:0.00M | Scene, ViewLayer | Synchronizing object | Lined bodyside aperture panel.149
Fra:1 Mem:476.50M (Peak 476.50M) | Time:00:00.70 | Mem:0.00M, Peak:0.00M | Scene, ViewLayer | Synchronizing object | Pressed bodyside skin.150
Fra:1 Mem:476.50M (Peak 476.50M) | Time:00:00.70 | Mem:0.00M, Peak:0.00M | Scene, ViewLayer | Synchronizing object | Lined bodyside aperture panel.150
Fra:1 Mem:476.51M (Peak 476.51M) | Time:00:00.70 | Mem:0.00M, Peak:0.00M | Scene, ViewLayer | Synchronizing object | Pressed bodyside skin.151
Fra:1 Mem:476.51M (Peak 476.51M) | Time:00:00.70 | Mem:0.00M, Peak:0.00M | Scene, ViewLayer | Synchronizing object | Lined bodyside aperture panel.151
Fra:1 Mem:476.51M (Peak 476.51M) | Time:00:00.70 | Mem:0.00M, Peak:0.00M | Scene, ViewLayer | Synchronizing object | Pressed bodyside skin.152
Fra:1 Mem:476.51M (Peak 476.51M) | Time:00:00.70 | Mem:0.00M, Peak:0.00M | Scene, ViewLayer | Synchronizing object | Lined bodyside aperture panel.152
Fra:1 Mem:476.51M (Peak 476.51M) | Time:00:00.70 | Mem:0.00M, Peak:0.00M | Scene, ViewLayer | Synchronizing object | Pressed bodyside skin.153
Fra:1 Mem:476.51M (Peak 476.51M) | Time:00:00.70 | Mem:0.00M, Peak:0.00M | Scene, ViewLayer | Synchronizing object | Lined bodyside aperture panel.153
Fra:1 Mem:476.51M (Peak 476.51M) | Time:00:00.70 | Mem:0.00M, Peak:0.00M | Scene, ViewLayer | Synchronizing object | Pressed bodyside skin.154
Fra:1 Mem:476.51M (Peak 476.51M) | Time:00:00.70 | Mem:0.00M, Peak:0.00M | Scene, ViewLayer | Synchronizing object | Lined bodyside aperture panel.154
Fra:1 Mem:476.52M (Peak 476.52M) | Time:00:00.70 | Mem:0.00M, Peak:0.00M | Scene, ViewLayer | Synchronizing object | Pressed bodyside skin.155
Fra:1 Mem:476.52M (Peak 476.52M) | Time:00:00.70 | Mem:0.00M, Peak:0.00M | Scene, ViewLayer | Synchronizing object | Lined bodyside aperture panel.155
Fra:1 Mem:476.52M (Peak 476.52M) | Time:00:00.70 | Mem:0.00M, Peak:0.00M | Scene, ViewLayer | Synchronizing object | Pressed bodyside skin.156
Fra:1 Mem:476.52M (Peak 476.52M) | Time:00:00.70 | Mem:0.00M, Peak:0.00M | Scene, ViewLayer | Synchronizing object | Lined bodyside aperture panel.156
Fra:1 Mem:476.52M (Peak 476.52M) | Time:00:00.70 | Mem:0.00M, Peak:0.00M | Scene, ViewLayer | Synchronizing object | Lined bodyside aperture panel.157
Fra:1 Mem:476.52M (Peak 476.52M) | Time:00:00.70 | Mem:0.00M, Peak:0.00M | Scene, ViewLayer | Synchronizing object | Pressed bodyside skin.158
Fra:1 Mem:476.52M (Peak 476.52M) | Time:00:00.70 | Mem:0.00M, Peak:0.00M | Scene, ViewLayer | Synchronizing object | Lined bodyside aperture panel.158
Fra:1 Mem:476.52M (Peak 476.52M) | Time:00:00.70 | Mem:0.00M, Peak:0.00M | Scene, ViewLayer | Synchronizing object | Pressed bodyside skin.159
Fra:1 Mem:476.53M (Peak 476.53M) | Time:00:00.70 | Mem:0.00M, Peak:0.00M | Scene, ViewLayer | Synchronizing object | Lined bodyside aperture panel.159
Fra:1 Mem:476.53M (Peak 476.53M) | Time:00:00.70 | Mem:0.00M, Peak:0.00M | Scene, ViewLayer | Synchronizing object | Pressed bodyside skin.160
Fra:1 Mem:476.53M (Peak 476.53M) | Time:00:00.70 | Mem:0.00M, Peak:0.00M | Scene, ViewLayer | Synchronizing object | Lined bodyside aperture panel.160
Fra:1 Mem:476.53M (Peak 476.53M) | Time:00:00.70 | Mem:0.00M, Peak:0.00M | Scene, ViewLayer | Synchronizing object | Pressed bodyside skin.161
Fra:1 Mem:476.53M (Peak 476.53M) | Time:00:00.70 | Mem:0.00M, Peak:0.00M | Scene, ViewLayer | Synchronizing object | Lined bodyside aperture panel.161
Fra:1 Mem:476.53M (Peak 476.53M) | Time:00:00.70 | Mem:0.00M, Peak:0.00M | Scene, ViewLayer | Synchronizing object | Pressed bodyside skin.162
Fra:1 Mem:476.54M (Peak 476.54M) | Time:00:00.70 | Mem:0.00M, Peak:0.00M | Scene, ViewLayer | Synchronizing object | Lined bodyside aperture panel.162
Fra:1 Mem:476.54M (Peak 476.54M) | Time:00:00.70 | Mem:0.00M, Peak:0.00M | Scene, ViewLayer | Synchronizing object | Pressed bodyside skin.163
Fra:1 Mem:476.54M (Peak 476.54M) | Time:00:00.70 | Mem:0.00M, Peak:0.00M | Scene, ViewLayer | Synchronizing object | Lined bodyside aperture panel.163
Fra:1 Mem:476.54M (Peak 476.54M) | Time:00:00.70 | Mem:0.00M, Peak:0.00M | Scene, ViewLayer | Synchronizing object | Bodyside roof rain gutter
Fra:1 Mem:476.54M (Peak 476.54M) | Time:00:00.70 | Mem:0.00M, Peak:0.00M | Scene, ViewLayer | Synchronizing object | Floor skin rolled seam
Fra:1 Mem:476.56M (Peak 476.56M) | Time:00:00.70 | Mem:0.00M, Peak:0.00M | Scene, ViewLayer | Synchronizing object | Rounded body aperture corner
Fra:1 Mem:476.56M (Peak 476.56M) | Time:00:00.70 | Mem:0.00M, Peak:0.00M | Scene, ViewLayer | Synchronizing object | Pressed window aperture corner infill
Fra:1 Mem:476.57M (Peak 476.57M) | Time:00:00.70 | Mem:0.00M, Peak:0.00M | Scene, ViewLayer | Synchronizing object | Window pressed reveal return
Fra:1 Mem:476.58M (Peak 476.58M) | Time:00:00.70 | Mem:0.00M, Peak:0.00M | Scene, ViewLayer | Synchronizing object | Continuous EPDM glazing gasket
Fra:1 Mem:476.59M (Peak 476.59M) | Time:00:00.70 | Mem:0.00M, Peak:0.00M | Scene, ViewLayer | Synchronizing object | Anodised window frame extrusion
Fra:1 Mem:476.63M (Peak 476.63M) | Time:00:00.70 | Mem:0.00M, Peak:0.00M | Scene, ViewLayer | Synchronizing object | Sealed tinted passenger pane
Fra:1 Mem:476.64M (Peak 476.64M) | Time:00:00.70 | Mem:0.00M, Peak:0.00M | Scene, ViewLayer | Synchronizing object | Interior rounded window sill
Fra:1 Mem:476.64M (Peak 476.64M) | Time:00:00.70 | Mem:0.00M, Peak:0.00M | Scene, ViewLayer | Synchronizing object | Berth range stencil
Fra:1 Mem:476.65M (Peak 476.65M) | Time:00:00.70 | Mem:0.00M, Peak:0.00M | Scene, ViewLayer | Synchronizing object | Rounded body aperture corner.001
Fra:1 Mem:476.66M (Peak 476.66M) | Time:00:00.70 | Mem:0.00M, Peak:0.00M | Scene, ViewLayer | Synchronizing object | Pressed window aperture corner infill.001
Fra:1 Mem:476.72M (Peak 476.72M) | Time:00:00.70 | Mem:0.00M, Peak:0.00M | Scene, ViewLayer | Synchronizing object | Window pressed reveal return.001
Fra:1 Mem:476.73M (Peak 476.73M) | Time:00:00.70 | Mem:0.00M, Peak:0.00M | Scene, ViewLayer | Synchronizing object | Continuous EPDM glazing gasket.001
Fra:1 Mem:476.76M (Peak 476.76M) | Time:00:00.70 | Mem:0.00M, Peak:0.00M | Scene, ViewLayer | Synchronizing object | Anodised window frame extrusion.001
Fra:1 Mem:476.77M (Peak 476.77M) | Time:00:00.70 | Mem:0.00M, Peak:0.00M | Scene, ViewLayer | Synchronizing object | Sealed tinted passenger pane.001
Fra:1 Mem:476.78M (Peak 476.78M) | Time:00:00.70 | Mem:0.00M, Peak:0.00M | Scene, ViewLayer | Synchronizing object | Interior rounded window sill.001
Fra:1 Mem:476.80M (Peak 476.80M) | Time:00:00.70 | Mem:0.00M, Peak:0.00M | Scene, ViewLayer | Synchronizing object | Emergency window stencil
Fra:1 Mem:476.80M (Peak 476.80M) | Time:00:00.70 | Mem:0.00M, Peak:0.00M | Scene, ViewLayer | Synchronizing object | Emergency red release indicator
Fra:1 Mem:476.83M (Peak 476.83M) | Time:00:00.70 | Mem:0.00M, Peak:0.00M | Scene, ViewLayer | Synchronizing object | Emergency red release indicator.001
Fra:1 Mem:476.87M (Peak 476.87M) | Time:00:00.70 | Mem:0.00M, Peak:0.00M | Scene, ViewLayer | Synchronizing object | Berth range stencil.001
Fra:1 Mem:476.91M (Peak 476.91M) | Time:00:00.70 | Mem:0.00M, Peak:0.00M | Scene, ViewLayer | Synchronizing object | Rounded body aperture corner.002
Fra:1 Mem:477.02M (Peak 477.02M) | Time:00:00.70 | Mem:0.00M, Peak:0.00M | Scene, ViewLayer | Synchronizing object | Pressed window aperture corner infill.002
Fra:1 Mem:477.04M (Peak 477.04M) | Time:00:00.70 | Mem:0.00M, Peak:0.00M | Scene, ViewLayer | Synchronizing object | Window pressed reveal return.002
Fra:1 Mem:477.05M (Peak 477.05M) | Time:00:00.70 | Mem:0.00M, Peak:0.00M | Scene, ViewLayer | Synchronizing object | Continuous EPDM glazing gasket.002
Fra:1 Mem:477.07M (Peak 477.07M) | Time:00:00.70 | Mem:0.00M, Peak:0.00M | Scene, ViewLayer | Synchronizing object | Anodised window frame extrusion.002
Fra:1 Mem:477.10M (Peak 477.10M) | Time:00:00.70 | Mem:0.00M, Peak:0.00M | Scene, ViewLayer | Synchronizing object | Sealed tinted passenger pane.002
Fra:1 Mem:477.11M (Peak 477.11M) | Time:00:00.70 | Mem:0.00M, Peak:0.00M | Scene, ViewLayer | Synchronizing object | Interior rounded window sill.002
Fra:1 Mem:477.13M (Peak 477.13M) | Time:00:00.70 | Mem:0.00M, Peak:0.00M | Scene, ViewLayer | Synchronizing object | Berth range stencil.002
Fra:1 Mem:477.13M (Peak 477.13M) | Time:00:00.70 | Mem:0.00M, Peak:0.00M | Scene, ViewLayer | Synchronizing object | Rounded body aperture corner.003
Fra:1 Mem:477.18M (Peak 477.18M) | Time:00:00.70 | Mem:0.00M, Peak:0.00M | Scene, ViewLayer | Synchronizing object | Pressed window aperture corner infill.003
Fra:1 Mem:477.19M (Peak 477.19M) | Time:00:00.70 | Mem:0.00M, Peak:0.00M | Scene, ViewLayer | Synchronizing object | Window pressed reveal return.003
Fra:1 Mem:477.19M (Peak 477.19M) | Time:00:00.70 | Mem:0.00M, Peak:0.00M | Scene, ViewLayer | Synchronizing object | Continuous EPDM glazing gasket.003
Fra:1 Mem:477.22M (Peak 477.22M) | Time:00:00.70 | Mem:0.00M, Peak:0.00M | Scene, ViewLayer | Synchronizing object | Anodised window frame extrusion.003
Fra:1 Mem:477.26M (Peak 477.26M) | Time:00:00.70 | Mem:0.00M, Peak:0.00M | Scene, ViewLayer | Synchronizing object | Sealed tinted passenger pane.003
Fra:1 Mem:477.27M (Peak 477.27M) | Time:00:00.70 | Mem:0.00M, Peak:0.00M | Scene, ViewLayer | Synchronizing object | Interior rounded window sill.003
Fra:1 Mem:477.27M (Peak 477.27M) | Time:00:00.70 | Mem:0.00M, Peak:0.00M | Scene, ViewLayer | Synchronizing object | Rounded body aperture corner.004
Fra:1 Mem:477.32M (Peak 477.32M) | Time:00:00.70 | Mem:0.00M, Peak:0.00M | Scene, ViewLayer | Synchronizing object | Pressed window aperture corner infill.004
Fra:1 Mem:477.34M (Peak 477.34M) | Time:00:00.71 | Mem:0.00M, Peak:0.00M | Scene, ViewLayer | Synchronizing object | Window pressed reveal return.004
Fra:1 Mem:477.37M (Peak 477.37M) | Time:00:00.71 | Mem:0.00M, Peak:0.00M | Scene, ViewLayer | Synchronizing object | Continuous EPDM glazing gasket.004
Fra:1 Mem:477.41M (Peak 477.41M) | Time:00:00.71 | Mem:0.00M, Peak:0.00M | Scene, ViewLayer | Synchronizing object | Anodised window frame extrusion.004
Fra:1 Mem:477.45M (Peak 477.45M) | Time:00:00.71 | Mem:0.00M, Peak:0.00M | Scene, ViewLayer | Synchronizing object | Sealed tinted passenger pane.004
Fra:1 Mem:477.47M (Peak 477.47M) | Time:00:00.71 | Mem:0.00M, Peak:0.00M | Scene, ViewLayer | Synchronizing object | Interior rounded window sill.004
Fra:1 Mem:477.48M (Peak 477.48M) | Time:00:00.71 | Mem:0.00M, Peak:0.00M | Scene, ViewLayer | Synchronizing object | Berth range stencil.004
Fra:1 Mem:477.48M (Peak 477.48M) | Time:00:00.71 | Mem:0.00M, Peak:0.00M | Scene, ViewLayer | Synchronizing object | Rounded body aperture corner.005
Fra:1 Mem:477.57M (Peak 477.57M) | Time:00:00.71 | Mem:0.00M, Peak:0.00M | Scene, ViewLayer | Synchronizing object | Pressed window aperture corner infill.005
Fra:1 Mem:477.58M (Peak 477.58M) | Time:00:00.71 | Mem:0.00M, Peak:0.00M | Scene, ViewLayer | Synchronizing object | Window pressed reveal return.005
Fra:1 Mem:477.59M (Peak 477.59M) | Time:00:00.71 | Mem:0.00M, Peak:0.00M | Scene, ViewLayer | Synchronizing object | Continuous EPDM glazing gasket.005
Fra:1 Mem:477.65M (Peak 477.65M) | Time:00:00.71 | Mem:0.00M, Peak:0.00M | Scene, ViewLayer | Synchronizing object | Anodised window frame extrusion.005
Fra:1 Mem:477.65M (Peak 477.65M) | Time:00:00.71 | Mem:0.00M, Peak:0.00M | Scene, ViewLayer | Synchronizing object | Sealed tinted passenger pane.005
Fra:1 Mem:477.67M (Peak 477.67M) | Time:00:00.71 | Mem:0.00M, Peak:0.00M | Scene, ViewLayer | Synchronizing object | Interior rounded window sill.005
Fra:1 Mem:477.69M (Peak 477.69M) | Time:00:00.71 | Mem:0.00M, Peak:0.00M | Scene, ViewLayer | Synchronizing object | Berth range stencil.005
Fra:1 Mem:477.72M (Peak 477.72M) | Time:00:00.71 | Mem:0.00M, Peak:0.00M | Scene, ViewLayer | Synchronizing object | Rounded body aperture corner.006
Fra:1 Mem:477.77M (Peak 477.77M) | Time:00:00.71 | Mem:0.00M, Peak:0.00M | Scene, ViewLayer | Synchronizing object | Pressed window aperture corner infill.006
Fra:1 Mem:477.79M (Peak 477.79M) | Time:00:00.71 | Mem:0.00M, Peak:0.00M | Scene, ViewLayer | Synchronizing object | Window pressed reveal return.006
Fra:1 Mem:477.80M (Peak 477.80M) | Time:00:00.71 | Mem:0.00M, Peak:0.00M | Scene, ViewLayer | Synchronizing object | Continuous EPDM glazing gasket.006
Fra:1 Mem:477.82M (Peak 477.82M) | Time:00:00.71 | Mem:0.00M, Peak:0.00M | Scene, ViewLayer | Synchronizing object | Anodised window frame extrusion.006
Fra:1 Mem:477.85M (Peak 477.85M) | Time:00:00.71 | Mem:0.00M, Peak:0.00M | Scene, ViewLayer | Synchronizing object | Sealed tinted passenger pane.006
Fra:1 Mem:477.86M (Peak 477.86M) | Time:00:00.71 | Mem:0.00M, Peak:0.00M | Scene, ViewLayer | Synchronizing object | Interior rounded window sill.006
Fra:1 Mem:477.87M (Peak 477.87M) | Time:00:00.71 | Mem:0.00M, Peak:0.00M | Scene, ViewLayer | Synchronizing object | Emergency window stencil.001
Fra:1 Mem:477.90M (Peak 477.90M) | Time:00:00.71 | Mem:0.00M, Peak:0.00M | Scene, ViewLayer | Synchronizing object | Emergency red release indicator.002
Fra:1 Mem:477.96M (Peak 477.96M) | Time:00:00.71 | Mem:0.00M, Peak:0.00M | Scene, ViewLayer | Synchronizing object | Emergency red release indicator.003
Fra:1 Mem:477.99M (Peak 477.99M) | Time:00:00.71 | Mem:0.00M, Peak:0.00M | Scene, ViewLayer | Synchronizing object | Berth range stencil.006
Fra:1 Mem:478.03M (Peak 478.03M) | Time:00:00.71 | Mem:0.00M, Peak:0.00M | Scene, ViewLayer | Synchronizing object | Rounded body aperture corner.007
Fra:1 Mem:478.07M (Peak 478.07M) | Time:00:00.71 | Mem:0.00M, Peak:0.00M | Scene, ViewLayer | Synchronizing object | Pressed window aperture corner infill.007
Fra:1 Mem:478.12M (Peak 478.12M) | Time:00:00.71 | Mem:0.00M, Peak:0.00M | Scene, ViewLayer | Synchronizing object | Window pressed reveal return.007
Fra:1 Mem:478.14M (Peak 478.14M) | Time:00:00.71 | Mem:0.00M, Peak:0.00M | Scene, ViewLayer | Synchronizing object | Continuous EPDM glazing gasket.007
Fra:1 Mem:478.18M (Peak 478.18M) | Time:00:00.71 | Mem:0.00M, Peak:0.00M | Scene, ViewLayer | Synchronizing object | Anodised window frame extrusion.007
Fra:1 Mem:478.24M (Peak 478.24M) | Time:00:00.71 | Mem:0.00M, Peak:0.00M | Scene, ViewLayer | Synchronizing object | Sealed tinted passenger pane.007
Fra:1 Mem:478.23M (Peak 478.24M) | Time:00:00.71 | Mem:0.00M, Peak:0.00M | Scene, ViewLayer | Synchronizing object | Interior rounded window sill.007
Fra:1 Mem:478.25M (Peak 478.25M) | Time:00:00.71 | Mem:0.00M, Peak:0.00M | Scene, ViewLayer | Synchronizing object | Berth range stencil.007
Fra:1 Mem:478.26M (Peak 478.26M) | Time:00:00.71 | Mem:0.00M, Peak:0.00M | Scene, ViewLayer | Synchronizing object | Entrance aperture steel return
Fra:1 Mem:478.29M (Peak 478.29M) | Time:00:00.71 | Mem:0.00M, Peak:0.00M | Scene, ViewLayer | Synchronizing object | Entrance door weatherseal
Fra:1 Mem:478.32M (Peak 478.32M) | Time:00:00.71 | Mem:0.00M, Peak:0.00M | Scene, ViewLayer | Synchronizing object | Entrance pressed steel door panel
Fra:1 Mem:478.33M (Peak 478.33M) | Time:00:00.71 | Mem:0.00M, Peak:0.00M | Scene, ViewLayer | Synchronizing object | Entrance pressed steel door panel.001
Fra:1 Mem:478.36M (Peak 478.36M) | Time:00:00.71 | Mem:0.00M, Peak:0.00M | Scene, ViewLayer | Synchronizing object | Entrance glazed opening side rail
Fra:1 Mem:478.36M (Peak 478.36M) | Time:00:00.71 | Mem:0.00M, Peak:0.00M | Scene, ViewLayer | Synchronizing object | Entrance glazed opening side rail.001
Fra:1 Mem:478.37M (Peak 478.37M) | Time:00:00.71 | Mem:0.00M, Peak:0.00M | Scene, ViewLayer | Synchronizing object | Door window band lower paint strip
Fra:1 Mem:478.37M (Peak 478.37M) | Time:00:00.71 | Mem:0.00M, Peak:0.00M | Scene, ViewLayer | Synchronizing object | Door window band upper paint strip
Fra:1 Mem:478.38M (Peak 478.38M) | Time:00:00.71 | Mem:0.00M, Peak:0.00M | Scene, ViewLayer | Synchronizing object | Entrance window gasket
Fra:1 Mem:478.38M (Peak 478.38M) | Time:00:00.71 | Mem:0.00M, Peak:0.00M | Scene, ViewLayer | Synchronizing object | Entrance clear door glazing
Fra:1 Mem:478.40M (Peak 478.40M) | Time:00:00.71 | Mem:0.00M, Peak:0.00M | Scene, ViewLayer | Synchronizing object | Pressed door lower panel bead
Fra:1 Mem:478.44M (Peak 478.44M) | Time:00:00.71 | Mem:0.00M, Peak:0.00M | Scene, ViewLayer | Synchronizing object | Pressed door lower panel bead.001
Fra:1 Mem:478.45M (Peak 478.45M) | Time:00:00.71 | Mem:0.00M, Peak:0.00M | Scene, ViewLayer | Synchronizing object | Door hinge knuckle
Fra:1 Mem:478.46M (Peak 478.46M) | Time:00:00.71 | Mem:0.00M, Peak:0.00M | Scene, ViewLayer | Synchronizing object | Door hinge plate
Fra:1 Mem:478.46M (Peak 478.46M) | Time:00:00.71 | Mem:0.00M, Peak:0.00M | Scene, ViewLayer | Synchronizing object | Door hinge plate.001
Fra:1 Mem:478.47M (Peak 478.47M) | Time:00:00.71 | Mem:0.00M, Peak:0.00M | Scene, ViewLayer | Synchronizing object | Door hinge knuckle.001
Fra:1 Mem:478.48M (Peak 478.48M) | Time:00:00.71 | Mem:0.00M, Peak:0.00M | Scene, ViewLayer | Synchronizing object | Door hinge plate.002
Fra:1 Mem:478.48M (Peak 478.48M) | Time:00:00.71 | Mem:0.00M, Peak:0.00M | Scene, ViewLayer | Synchronizing object | Door hinge plate.003
Fra:1 Mem:478.50M (Peak 478.50M) | Time:00:00.71 | Mem:0.00M, Peak:0.00M | Scene, ViewLayer | Synchronizing object | Door hinge knuckle.002
Fra:1 Mem:478.50M (Peak 478.50M) | Time:00:00.71 | Mem:0.00M, Peak:0.00M | Scene, ViewLayer | Synchronizing object | Door hinge plate.004
Fra:1 Mem:478.51M (Peak 478.51M) | Time:00:00.71 | Mem:0.00M, Peak:0.00M | Scene, ViewLayer | Synchronizing object | Door hinge plate.005
Fra:1 Mem:478.52M (Peak 478.52M) | Time:00:00.71 | Mem:0.00M, Peak:0.00M | Scene, ViewLayer | Synchronizing object | Door polished pull
Fra:1 Mem:478.53M (Peak 478.53M) | Time:00:00.71 | Mem:0.00M, Peak:0.00M | Scene, ViewLayer | Synchronizing object | Door handle mounting boss
Fra:1 Mem:478.53M (Peak 478.53M) | Time:00:00.71 | Mem:0.00M, Peak:0.00M | Scene, ViewLayer | Synchronizing object | Door handle mounting boss.001
Fra:1 Mem:478.54M (Peak 478.54M) | Time:00:00.71 | Mem:0.00M, Peak:0.00M | Scene, ViewLayer | Synchronizing object | Door lock escutcheon
Fra:1 Mem:478.54M (Peak 478.54M) | Time:00:00.71 | Mem:0.00M, Peak:0.00M | Scene, ViewLayer | Synchronizing object | Door key slot
Fra:1 Mem:478.54M (Peak 478.54M) | Time:00:00.71 | Mem:0.00M, Peak:0.00M | Scene, ViewLayer | Synchronizing object | Bent entrance stainless grabrail
Fra:1 Mem:478.55M (Peak 478.55M) | Time:00:00.71 | Mem:0.00M, Peak:0.00M | Scene, ViewLayer | Synchronizing object | Grabrail mounting pad
Fra:1 Mem:478.56M (Peak 478.56M) | Time:00:00.71 | Mem:0.00M, Peak:0.00M | Scene, ViewLayer | Synchronizing object | Grabrail mounting pad.001
Fra:1 Mem:478.57M (Peak 478.57M) | Time:00:00.71 | Mem:0.00M, Peak:0.00M | Scene, ViewLayer | Synchronizing object | Bent entrance stainless grabrail.001
Fra:1 Mem:478.57M (Peak 478.57M) | Time:00:00.71 | Mem:0.00M, Peak:0.00M | Scene, ViewLayer | Synchronizing object | Grabrail mounting pad.002
Fra:1 Mem:478.58M (Peak 478.58M) | Time:00:00.71 | Mem:0.00M, Peak:0.00M | Scene, ViewLayer | Synchronizing object | Grabrail mounting pad.003
Fra:1 Mem:478.58M (Peak 478.58M) | Time:00:00.71 | Mem:0.00M, Peak:0.00M | Scene, ViewLayer | Synchronizing object | Entrance ladder perforated tread
Fra:1 Mem:478.59M (Peak 478.59M) | Time:00:00.71 | Mem:0.00M, Peak:0.00M | Scene, ViewLayer | Synchronizing object | Entry tread raised antislip ridge
Fra:1 Mem:478.60M (Peak 478.60M) | Time:00:00.71 | Mem:0.00M, Peak:0.00M | Scene, ViewLayer | Synchronizing object | Entry tread raised antislip ridge.001
Fra:1 Mem:478.61M (Peak 478.61M) | Time:00:00.71 | Mem:0.00M, Peak:0.00M | Scene, ViewLayer | Synchronizing object | Entry tread raised antislip ridge.002
Fra:1 Mem:478.62M (Peak 478.62M) | Time:00:00.71 | Mem:0.00M, Peak:0.00M | Scene, ViewLayer | Synchronizing object | Entry tread raised antislip ridge.003
Fra:1 Mem:478.63M (Peak 478.63M) | Time:00:00.71 | Mem:0.00M, Peak:0.00M | Scene, ViewLayer | Synchronizing object | Entry tread raised antislip ridge.004
Fra:1 Mem:478.63M (Peak 478.63M) | Time:00:00.71 | Mem:0.00M, Peak:0.00M | Scene, ViewLayer | Synchronizing object | Entry tread raised antislip ridge.005
Fra:1 Mem:478.65M (Peak 478.65M) | Time:00:00.71 | Mem:0.00M, Peak:0.00M | Scene, ViewLayer | Synchronizing object | Entry tread raised antislip ridge.006
Fra:1 Mem:478.65M (Peak 478.65M) | Time:00:00.71 | Mem:0.00M, Peak:0.00M | Scene, ViewLayer | Synchronizing object | Entry tread raised antislip ridge.007
Fra:1 Mem:478.67M (Peak 478.67M) | Time:00:00.71 | Mem:0.00M, Peak:0.00M | Scene, ViewLayer | Synchronizing object | Entry tread raised antislip ridge.008
Fra:1 Mem:478.67M (Peak 478.67M) | Time:00:00.71 | Mem:0.00M, Peak:0.00M | Scene, ViewLayer | Synchronizing object | Entry tread raised antislip ridge.009
Fra:1 Mem:478.67M (Peak 478.67M) | Time:00:00.71 | Mem:0.00M, Peak:0.00M | Scene, ViewLayer | Synchronizing object | Entry tread raised antislip ridge.010
Fra:1 Mem:478.69M (Peak 478.69M) | Time:00:00.71 | Mem:0.00M, Peak:0.00M | Scene, ViewLayer | Synchronizing object | Entry tread raised antislip ridge.011
Fra:1 Mem:478.69M (Peak 478.69M) | Time:00:00.71 | Mem:0.00M, Peak:0.00M | Scene, ViewLayer | Synchronizing object | Entry tread raised antislip ridge.012
Fra:1 Mem:478.71M (Peak 478.71M) | Time:00:00.71 | Mem:0.00M, Peak:0.00M | Scene, ViewLayer | Synchronizing object | Entry tread raised antislip ridge.013
Fra:1 Mem:478.71M (Peak 478.71M) | Time:00:00.71 | Mem:0.00M, Peak:0.00M | Scene, ViewLayer | Synchronizing object | Entry tread raised antislip ridge.014
Fra:1 Mem:478.72M (Peak 478.72M) | Time:00:00.71 | Mem:0.00M, Peak:0.00M | Scene, ViewLayer | Synchronizing object | Entrance ladder perforated tread.001
Fra:1 Mem:478.73M (Peak 478.73M) | Time:00:00.71 | Mem:0.00M, Peak:0.00M | Scene, ViewLayer | Synchronizing object | Entry tread raised antislip ridge.015
Fra:1 Mem:478.74M (Peak 478.74M) | Time:00:00.71 | Mem:0.00M, Peak:0.00M | Scene, ViewLayer | Synchronizing object | Entry tread raised antislip ridge.016
Fra:1 Mem:478.74M (Peak 478.74M) | Time:00:00.71 | Mem:0.00M, Peak:0.00M | Scene, ViewLayer | Synchronizing object | Entry tread raised antislip ridge.017
Fra:1 Mem:478.76M (Peak 478.76M) | Time:00:00.71 | Mem:0.00M, Peak:0.00M | Scene, ViewLayer | Synchronizing object | Entry tread raised antislip ridge.018
Fra:1 Mem:478.77M (Peak 478.77M) | Time:00:00.71 | Mem:0.00M, Peak:0.00M | Scene, ViewLayer | Synchronizing object | Entry tread raised antislip ridge.019
Fra:1 Mem:478.77M (Peak 478.77M) | Time:00:00.71 | Mem:0.00M, Peak:0.00M | Scene, ViewLayer | Synchronizing object | Entry tread raised antislip ridge.020
Fra:1 Mem:478.78M (Peak 478.78M) | Time:00:00.71 | Mem:0.00M, Peak:0.00M | Scene, ViewLayer | Synchronizing object | Entry tread raised antislip ridge.021
Fra:1 Mem:478.80M (Peak 478.80M) | Time:00:00.71 | Mem:0.00M, Peak:0.00M | Scene, ViewLayer | Synchronizing object | Entry tread raised antislip ridge.022
Fra:1 Mem:478.80M (Peak 478.80M) | Time:00:00.71 | Mem:0.00M, Peak:0.00M | Scene, ViewLayer | Synchronizing object | Entry tread raised antislip ridge.024
Fra:1 Mem:478.82M (Peak 478.82M) | Time:00:00.71 | Mem:0.00M, Peak:0.00M | Scene, ViewLayer | Synchronizing object | Entry tread raised antislip ridge.025
Fra:1 Mem:478.83M (Peak 478.83M) | Time:00:00.71 | Mem:0.00M, Peak:0.00M | Scene, ViewLayer | Synchronizing object | Entry tread raised antislip ridge.027
Fra:1 Mem:478.84M (Peak 478.84M) | Time:00:00.71 | Mem:0.00M, Peak:0.00M | Scene, ViewLayer | Synchronizing object | Entry tread raised antislip ridge.028
Fra:1 Mem:478.86M (Peak 478.86M) | Time:00:00.71 | Mem:0.00M, Peak:0.00M | Scene, ViewLayer | Synchronizing object | Entry tread raised antislip ridge.029
Fra:1 Mem:478.86M (Peak 478.86M) | Time:00:00.71 | Mem:0.00M, Peak:0.00M | Scene, ViewLayer | Synchronizing object | Entrance ladder perforated tread.002
Fra:1 Mem:478.86M (Peak 478.86M) | Time:00:00.71 | Mem:0.00M, Peak:0.00M | Scene, ViewLayer | Synchronizing object | Entry tread raised antislip ridge.030
Fra:1 Mem:478.88M (Peak 478.88M) | Time:00:00.71 | Mem:0.00M, Peak:0.00M | Scene, ViewLayer | Synchronizing object | Entry tread raised antislip ridge.031
Fra:1 Mem:478.88M (Peak 478.88M) | Time:00:00.71 | Mem:0.00M, Peak:0.00M | Scene, ViewLayer | Synchronizing object | Entry tread raised antislip ridge.032
Fra:1 Mem:478.89M (Peak 478.89M) | Time:00:00.71 | Mem:0.00M, Peak:0.00M | Scene, ViewLayer | Synchronizing object | Entry tread raised antislip ridge.033
Fra:1 Mem:478.91M (Peak 478.91M) | Time:00:00.71 | Mem:0.00M, Peak:0.00M | Scene, ViewLayer | Synchronizing object | Entry tread raised antislip ridge.034
Fra:1 Mem:478.91M (Peak 478.91M) | Time:00:00.71 | Mem:0.00M, Peak:0.00M | Scene, ViewLayer | Synchronizing object | Entry tread raised antislip ridge.036
Fra:1 Mem:478.93M (Peak 478.93M) | Time:00:00.71 | Mem:0.00M, Peak:0.00M | Scene, ViewLayer | Synchronizing object | Entry tread raised antislip ridge.037
Fra:1 Mem:478.93M (Peak 478.93M) | Time:00:00.71 | Mem:0.00M, Peak:0.00M | Scene, ViewLayer | Synchronizing object | Entry tread raised antislip ridge.039
Fra:1 Mem:478.95M (Peak 478.95M) | Time:00:00.71 | Mem:0.00M, Peak:0.00M | Scene, ViewLayer | Synchronizing object | Entry tread raised antislip ridge.040
Fra:1 Mem:478.97M (Peak 478.97M) | Time:00:00.71 | Mem:0.00M, Peak:0.00M | Scene, ViewLayer | Synchronizing object | Entry tread raised antislip ridge.041
Fra:1 Mem:478.97M (Peak 478.97M) | Time:00:00.71 | Mem:0.00M, Peak:0.00M | Scene, ViewLayer | Synchronizing object | Entry tread raised antislip ridge.042
Fra:1 Mem:478.98M (Peak 478.98M) | Time:00:00.71 | Mem:0.00M, Peak:0.00M | Scene, ViewLayer | Synchronizing object | Entry tread raised antislip ridge.044
Fra:1 Mem:478.99M (Peak 478.99M) | Time:00:00.71 | Mem:0.00M, Peak:0.00M | Scene, ViewLayer | Synchronizing object | Entrance ladder perforated tread.003
Fra:1 Mem:479.01M (Peak 479.01M) | Time:00:00.71 | Mem:0.00M, Peak:0.00M | Scene, ViewLayer | Synchronizing object | Entry tread raised antislip ridge.045
Fra:1 Mem:479.01M (Peak 479.01M) | Time:00:00.71 | Mem:0.00M, Peak:0.00M | Scene, ViewLayer | Synchronizing object | Entry tread raised antislip ridge.047
Fra:1 Mem:479.03M (Peak 479.03M) | Time:00:00.71 | Mem:0.00M, Peak:0.00M | Scene, ViewLayer | Synchronizing object | Entry tread raised antislip ridge.048
Fra:1 Mem:479.05M (Peak 479.05M) | Time:00:00.71 | Mem:0.00M, Peak:0.00M | Scene, ViewLayer | Synchronizing object | Entry tread raised antislip ridge.049
Fra:1 Mem:479.05M (Peak 479.05M) | Time:00:00.71 | Mem:0.00M, Peak:0.00M | Scene, ViewLayer | Synchronizing object | Entry tread raised antislip ridge.051
Fra:1 Mem:479.07M (Peak 479.07M) | Time:00:00.71 | Mem:0.00M, Peak:0.00M | Scene, ViewLayer | Synchronizing object | Entry tread raised antislip ridge.052
Fra:1 Mem:479.07M (Peak 479.07M) | Time:00:00.71 | Mem:0.00M, Peak:0.00M | Scene, ViewLayer | Synchronizing object | Entry tread raised antislip ridge.053
Fra:1 Mem:479.09M (Peak 479.09M) | Time:00:00.71 | Mem:0.00M, Peak:0.00M | Scene, ViewLayer | Synchronizing object | Entry tread raised antislip ridge.054
Fra:1 Mem:479.09M (Peak 479.09M) | Time:00:00.71 | Mem:0.00M, Peak:0.00M | Scene, ViewLayer | Synchronizing object | Entry tread raised antislip ridge.055
Fra:1 Mem:479.09M (Peak 479.09M) | Time:00:00.71 | Mem:0.00M, Peak:0.00M | Scene, ViewLayer | Synchronizing object | Entry tread raised antislip ridge.056
Fra:1 Mem:479.11M (Peak 479.11M) | Time:00:00.71 | Mem:0.00M, Peak:0.00M | Scene, ViewLayer | Synchronizing object | Entry tread raised antislip ridge.057
Fra:1 Mem:479.12M (Peak 479.12M) | Time:00:00.71 | Mem:0.00M, Peak:0.00M | Scene, ViewLayer | Synchronizing object | Entry tread raised antislip ridge.058
Fra:1 Mem:479.12M (Peak 479.12M) | Time:00:00.71 | Mem:0.00M, Peak:0.00M | Scene, ViewLayer | Synchronizing object | Entry tread raised antislip ridge.059
Fra:1 Mem:479.14M (Peak 479.14M) | Time:00:00.71 | Mem:0.00M, Peak:0.00M | Scene, ViewLayer | Synchronizing object | Entrance ladder angle stringer
Fra:1 Mem:479.14M (Peak 479.14M) | Time:00:00.71 | Mem:0.00M, Peak:0.00M | Scene, ViewLayer | Synchronizing object | Entrance ladder angle stringer.001
Fra:1 Mem:479.15M (Peak 479.15M) | Time:00:00.71 | Mem:0.00M, Peak:0.00M | Scene, ViewLayer | Synchronizing object | Door instruction
Fra:1 Mem:479.17M (Peak 479.17M) | Time:00:00.71 | Mem:0.00M, Peak:0.00M | Scene, ViewLayer | Synchronizing object | Entry lettering
Fra:1 Mem:479.18M (Peak 479.18M) | Time:00:00.71 | Mem:0.00M, Peak:0.00M | Scene, ViewLayer | Synchronizing object | Entrance aperture steel return.001
Fra:1 Mem:479.21M (Peak 479.21M) | Time:00:00.71 | Mem:0.00M, Peak:0.00M | Scene, ViewLayer | Synchronizing object | Entrance door weatherseal.001
Fra:1 Mem:479.26M (Peak 479.26M) | Time:00:00.71 | Mem:0.00M, Peak:0.00M | Scene, ViewLayer | Synchronizing object | Entrance pressed steel door panel.002
Fra:1 Mem:479.26M (Peak 479.26M) | Time:00:00.71 | Mem:0.00M, Peak:0.00M | Scene, ViewLayer | Synchronizing object | Entrance pressed steel door panel.003
Fra:1 Mem:479.26M (Peak 479.26M) | Time:00:00.71 | Mem:0.00M, Peak:0.00M | Scene, ViewLayer | Synchronizing object | Entrance glazed opening side rail.002
Fra:1 Mem:479.29M (Peak 479.29M) | Time:00:00.71 | Mem:0.00M, Peak:0.00M | Scene, ViewLayer | Synchronizing object | Entrance glazed opening side rail.003
Fra:1 Mem:479.29M (Peak 479.29M) | Time:00:00.71 | Mem:0.00M, Peak:0.00M | Scene, ViewLayer | Synchronizing object | Door window band lower paint strip.001
Fra:1 Mem:479.29M (Peak 479.29M) | Time:00:00.71 | Mem:0.00M, Peak:0.00M | Scene, ViewLayer | Synchronizing object | Door window band upper paint strip.001
Fra:1 Mem:479.30M (Peak 479.30M) | Time:00:00.71 | Mem:0.00M, Peak:0.00M | Scene, ViewLayer | Synchronizing object | Entrance window gasket.001
Fra:1 Mem:479.30M (Peak 479.30M) | Time:00:00.71 | Mem:0.00M, Peak:0.00M | Scene, ViewLayer | Synchronizing object | Entrance clear door glazing.001
Fra:1 Mem:479.30M (Peak 479.30M) | Time:00:00.71 | Mem:0.00M, Peak:0.00M | Scene, ViewLayer | Synchronizing object | Pressed door lower panel bead.002
Fra:1 Mem:479.35M (Peak 479.35M) | Time:00:00.71 | Mem:0.00M, Peak:0.00M | Scene, ViewLayer | Synchronizing object | Pressed door lower panel bead.003
Fra:1 Mem:479.35M (Peak 479.35M) | Time:00:00.71 | Mem:0.00M, Peak:0.00M | Scene, ViewLayer | Synchronizing object | Door hinge knuckle.003
Fra:1 Mem:479.38M (Peak 479.38M) | Time:00:00.71 | Mem:0.00M, Peak:0.00M | Scene, ViewLayer | Synchronizing object | Door hinge plate.006
Fra:1 Mem:479.38M (Peak 479.38M) | Time:00:00.71 | Mem:0.00M, Peak:0.00M | Scene, ViewLayer | Synchronizing object | Door hinge plate.007
Fra:1 Mem:479.40M (Peak 479.40M) | Time:00:00.71 | Mem:0.00M, Peak:0.00M | Scene, ViewLayer | Synchronizing object | Door hinge knuckle.004
Fra:1 Mem:479.40M (Peak 479.40M) | Time:00:00.71 | Mem:0.00M, Peak:0.00M | Scene, ViewLayer | Synchronizing object | Door hinge plate.008
Fra:1 Mem:479.40M (Peak 479.40M) | Time:00:00.71 | Mem:0.00M, Peak:0.00M | Scene, ViewLayer | Synchronizing object | Door hinge plate.009
Fra:1 Mem:479.41M (Peak 479.41M) | Time:00:00.71 | Mem:0.00M, Peak:0.00M | Scene, ViewLayer | Synchronizing object | Door hinge knuckle.005
Fra:1 Mem:479.42M (Peak 479.42M) | Time:00:00.71 | Mem:0.00M, Peak:0.00M | Scene, ViewLayer | Synchronizing object | Door hinge plate.010
Fra:1 Mem:479.43M (Peak 479.43M) | Time:00:00.71 | Mem:0.00M, Peak:0.00M | Scene, ViewLayer | Synchronizing object | Door hinge plate.011
Fra:1 Mem:479.43M (Peak 479.43M) | Time:00:00.71 | Mem:0.00M, Peak:0.00M | Scene, ViewLayer | Synchronizing object | Door handle mounting boss.002
Fra:1 Mem:479.44M (Peak 479.44M) | Time:00:00.71 | Mem:0.00M, Peak:0.00M | Scene, ViewLayer | Synchronizing object | Door handle mounting boss.003
Fra:1 Mem:479.45M (Peak 479.45M) | Time:00:00.71 | Mem:0.00M, Peak:0.00M | Scene, ViewLayer | Synchronizing object | Door lock escutcheon.001
Fra:1 Mem:479.46M (Peak 479.46M) | Time:00:00.71 | Mem:0.00M, Peak:0.00M | Scene, ViewLayer | Synchronizing object | Door key slot.001
Fra:1 Mem:479.46M (Peak 479.46M) | Time:00:00.71 | Mem:0.00M, Peak:0.00M | Scene, ViewLayer | Synchronizing object | Bent entrance stainless grabrail.002
Fra:1 Mem:479.47M (Peak 479.47M) | Time:00:00.71 | Mem:0.00M, Peak:0.00M | Scene, ViewLayer | Synchronizing object | Grabrail mounting pad.004
Fra:1 Mem:479.47M (Peak 479.47M) | Time:00:00.71 | Mem:0.00M, Peak:0.00M | Scene, ViewLayer | Synchronizing object | Grabrail mounting pad.005
Fra:1 Mem:479.48M (Peak 479.48M) | Time:00:00.71 | Mem:0.00M, Peak:0.00M | Scene, ViewLayer | Synchronizing object | Bent entrance stainless grabrail.003
Fra:1 Mem:479.49M (Peak 479.49M) | Time:00:00.71 | Mem:0.00M, Peak:0.00M | Scene, ViewLayer | Synchronizing object | Grabrail mounting pad.006
Fra:1 Mem:479.49M (Peak 479.49M) | Time:00:00.71 | Mem:0.00M, Peak:0.00M | Scene, ViewLayer | Synchronizing object | Grabrail mounting pad.007
Fra:1 Mem:479.50M (Peak 479.50M) | Time:00:00.71 | Mem:0.00M, Peak:0.00M | Scene, ViewLayer | Synchronizing object | Entrance ladder perforated tread.004
Fra:1 Mem:479.51M (Peak 479.51M) | Time:00:00.71 | Mem:0.00M, Peak:0.00M | Scene, ViewLayer | Synchronizing object | Entry tread raised antislip ridge.060
Fra:1 Mem:479.52M (Peak 479.52M) | Time:00:00.71 | Mem:0.00M, Peak:0.00M | Scene, ViewLayer | Synchronizing object | Entry tread raised antislip ridge.061
Fra:1 Mem:479.53M (Peak 479.53M) | Time:00:00.71 | Mem:0.00M, Peak:0.00M | Scene, ViewLayer | Synchronizing object | Entry tread raised antislip ridge.062
Fra:1 Mem:479.53M (Peak 479.53M) | Time:00:00.71 | Mem:0.00M, Peak:0.00M | Scene, ViewLayer | Synchronizing object | Entry tread raised antislip ridge.063
Fra:1 Mem:479.55M (Peak 479.55M) | Time:00:00.71 | Mem:0.00M, Peak:0.00M | Scene, ViewLayer | Synchronizing object | Entry tread raised antislip ridge.064
Fra:1 Mem:479.55M (Peak 479.55M) | Time:00:00.71 | Mem:0.00M, Peak:0.00M | Scene, ViewLayer | Synchronizing object | Entry tread raised antislip ridge.065
Fra:1 Mem:479.57M (Peak 479.57M) | Time:00:00.71 | Mem:0.00M, Peak:0.00M | Scene, ViewLayer | Synchronizing object | Entry tread raised antislip ridge.066
Fra:1 Mem:479.57M (Peak 479.57M) | Time:00:00.71 | Mem:0.00M, Peak:0.00M | Scene, ViewLayer | Synchronizing object | Entry tread raised antislip ridge.067
Fra:1 Mem:479.57M (Peak 479.57M) | Time:00:00.71 | Mem:0.00M, Peak:0.00M | Scene, ViewLayer | Synchronizing object | Entry tread raised antislip ridge.068
Fra:1 Mem:479.59M (Peak 479.59M) | Time:00:00.71 | Mem:0.00M, Peak:0.00M | Scene, ViewLayer | Synchronizing object | Entry tread raised antislip ridge.069
Fra:1 Mem:479.59M (Peak 479.59M) | Time:00:00.71 | Mem:0.00M, Peak:0.00M | Scene, ViewLayer | Synchronizing object | Entry tread raised antislip ridge.070
Fra:1 Mem:479.60M (Peak 479.60M) | Time:00:00.71 | Mem:0.00M, Peak:0.00M | Scene, ViewLayer | Synchronizing object | Entry tread raised antislip ridge.071
Fra:1 Mem:479.62M (Peak 479.62M) | Time:00:00.71 | Mem:0.00M, Peak:0.00M | Scene, ViewLayer | Synchronizing object | Entry tread raised antislip ridge.072
Fra:1 Mem:479.62M (Peak 479.62M) | Time:00:00.71 | Mem:0.00M, Peak:0.00M | Scene, ViewLayer | Synchronizing object | Entry tread raised antislip ridge.074
Fra:1 Mem:479.64M (Peak 479.64M) | Time:00:00.71 | Mem:0.00M, Peak:0.00M | Scene, ViewLayer | Synchronizing object | Entrance ladder perforated tread.005
Fra:1 Mem:479.64M (Peak 479.64M) | Time:00:00.71 | Mem:0.00M, Peak:0.00M | Scene, ViewLayer | Synchronizing object | Entry tread raised antislip ridge.075
Fra:1 Mem:479.66M (Peak 479.66M) | Time:00:00.71 | Mem:0.00M, Peak:0.00M | Scene, ViewLayer | Synchronizing object | Entry tread raised antislip ridge.076
Fra:1 Mem:479.67M (Peak 479.67M) | Time:00:00.71 | Mem:0.00M, Peak:0.00M | Scene, ViewLayer | Synchronizing object | Entry tread raised antislip ridge.077
Fra:1 Mem:479.67M (Peak 479.67M) | Time:00:00.71 | Mem:0.00M, Peak:0.00M | Scene, ViewLayer | Synchronizing object | Entry tread raised antislip ridge.078
Fra:1 Mem:479.68M (Peak 479.68M) | Time:00:00.71 | Mem:0.00M, Peak:0.00M | Scene, ViewLayer | Synchronizing object | Entry tread raised antislip ridge.079
Fra:1 Mem:479.69M (Peak 479.69M) | Time:00:00.71 | Mem:0.00M, Peak:0.00M | Scene, ViewLayer | Synchronizing object | Entry tread raised antislip ridge.080
Fra:1 Mem:479.69M (Peak 479.69M) | Time:00:00.71 | Mem:0.00M, Peak:0.00M | Scene, ViewLayer | Synchronizing object | Entry tread raised antislip ridge.081
Fra:1 Mem:479.71M (Peak 479.71M) | Time:00:00.71 | Mem:0.00M, Peak:0.00M | Scene, ViewLayer | Synchronizing object | Entry tread raised antislip ridge.082
Fra:1 Mem:479.71M (Peak 479.71M) | Time:00:00.71 | Mem:0.00M, Peak:0.00M | Scene, ViewLayer | Synchronizing object | Entry tread raised antislip ridge.083
Fra:1 Mem:479.72M (Peak 479.72M) | Time:00:00.71 | Mem:0.00M, Peak:0.00M | Scene, ViewLayer | Synchronizing object | Entry tread raised antislip ridge.084
Fra:1 Mem:479.73M (Peak 479.73M) | Time:00:00.71 | Mem:0.00M, Peak:0.00M | Scene, ViewLayer | Synchronizing object | Entry tread raised antislip ridge.085
Fra:1 Mem:479.73M (Peak 479.73M) | Time:00:00.71 | Mem:0.00M, Peak:0.00M | Scene, ViewLayer | Synchronizing object | Entry tread raised antislip ridge.086
Fra:1 Mem:479.75M (Peak 479.75M) | Time:00:00.71 | Mem:0.00M, Peak:0.00M | Scene, ViewLayer | Synchronizing object | Entry tread raised antislip ridge.087
Fra:1 Mem:479.75M (Peak 479.75M) | Time:00:00.71 | Mem:0.00M, Peak:0.00M | Scene, ViewLayer | Synchronizing object | Entry tread raised antislip ridge.089
Fra:1 Mem:479.78M (Peak 479.78M) | Time:00:00.71 | Mem:0.00M, Peak:0.00M | Scene, ViewLayer | Synchronizing object | Entrance ladder perforated tread.006
Fra:1 Mem:479.78M (Peak 479.78M) | Time:00:00.71 | Mem:0.00M, Peak:0.00M | Scene, ViewLayer | Synchronizing object | Entry tread raised antislip ridge.090
Fra:1 Mem:479.79M (Peak 479.79M) | Time:00:00.71 | Mem:0.00M, Peak:0.00M | Scene, ViewLayer | Synchronizing object | Entry tread raised antislip ridge.091
Fra:1 Mem:479.80M (Peak 479.80M) | Time:00:00.71 | Mem:0.00M, Peak:0.00M | Scene, ViewLayer | Synchronizing object | Entry tread raised antislip ridge.092
Fra:1 Mem:479.81M (Peak 479.81M) | Time:00:00.71 | Mem:0.00M, Peak:0.00M | Scene, ViewLayer | Synchronizing object | Entry tread raised antislip ridge.093
Fra:1 Mem:479.82M (Peak 479.82M) | Time:00:00.71 | Mem:0.00M, Peak:0.00M | Scene, ViewLayer | Synchronizing object | Entry tread raised antislip ridge.094
Fra:1 Mem:479.82M (Peak 479.82M) | Time:00:00.71 | Mem:0.00M, Peak:0.00M | Scene, ViewLayer | Synchronizing object | Entry tread raised antislip ridge.095
Fra:1 Mem:479.84M (Peak 479.84M) | Time:00:00.71 | Mem:0.00M, Peak:0.00M | Scene, ViewLayer | Synchronizing object | Entry tread raised antislip ridge.096
Fra:1 Mem:479.85M (Peak 479.85M) | Time:00:00.71 | Mem:0.00M, Peak:0.00M | Scene, ViewLayer | Synchronizing object | Entry tread raised antislip ridge.097
Fra:1 Mem:479.85M (Peak 479.85M) | Time:00:00.71 | Mem:0.00M, Peak:0.00M | Scene, ViewLayer | Synchronizing object | Entry tread raised antislip ridge.098
Fra:1 Mem:479.86M (Peak 479.86M) | Time:00:00.71 | Mem:0.00M, Peak:0.00M | Scene, ViewLayer | Synchronizing object | Entry tread raised antislip ridge.099
Fra:1 Mem:479.87M (Peak 479.87M) | Time:00:00.71 | Mem:0.00M, Peak:0.00M | Scene, ViewLayer | Synchronizing object | Entry tread raised antislip ridge.100
Fra:1 Mem:479.88M (Peak 479.88M) | Time:00:00.71 | Mem:0.00M, Peak:0.00M | Scene, ViewLayer | Synchronizing object | Entry tread raised antislip ridge.101
Fra:1 Mem:479.89M (Peak 479.89M) | Time:00:00.71 | Mem:0.00M, Peak:0.00M | Scene, ViewLayer | Synchronizing object | Entry tread raised antislip ridge.102
Fra:1 Mem:479.90M (Peak 479.90M) | Time:00:00.71 | Mem:0.00M, Peak:0.00M | Scene, ViewLayer | Synchronizing object | Entry tread raised antislip ridge.103
Fra:1 Mem:479.90M (Peak 479.90M) | Time:00:00.71 | Mem:0.00M, Peak:0.00M | Scene, ViewLayer | Synchronizing object | Entry tread raised antislip ridge.104
Fra:1 Mem:479.91M (Peak 479.91M) | Time:00:00.71 | Mem:0.00M, Peak:0.00M | Scene, ViewLayer | Synchronizing object | Entrance ladder perforated tread.007
Fra:1 Mem:479.91M (Peak 479.91M) | Time:00:00.71 | Mem:0.00M, Peak:0.00M | Scene, ViewLayer | Synchronizing object | Entry tread raised antislip ridge.105
Fra:1 Mem:479.93M (Peak 479.93M) | Time:00:00.71 | Mem:0.00M, Peak:0.00M | Scene, ViewLayer | Synchronizing object | Entry tread raised antislip ridge.106
Fra:1 Mem:479.94M (Peak 479.94M) | Time:00:00.71 | Mem:0.00M, Peak:0.00M | Scene, ViewLayer | Synchronizing object | Entry tread raised antislip ridge.107
Fra:1 Mem:479.95M (Peak 479.95M) | Time:00:00.71 | Mem:0.00M, Peak:0.00M | Scene, ViewLayer | Synchronizing object | Entry tread raised antislip ridge.108
Fra:1 Mem:479.95M (Peak 479.95M) | Time:00:00.71 | Mem:0.00M, Peak:0.00M | Scene, ViewLayer | Synchronizing object | Entry tread raised antislip ridge.109
Fra:1 Mem:479.96M (Peak 479.96M) | Time:00:00.71 | Mem:0.00M, Peak:0.00M | Scene, ViewLayer | Synchronizing object | Entry tread raised antislip ridge.110
Fra:1 Mem:479.97M (Peak 479.97M) | Time:00:00.71 | Mem:0.00M, Peak:0.00M | Scene, ViewLayer | Synchronizing object | Entry tread raised antislip ridge.111
Fra:1 Mem:479.98M (Peak 479.98M) | Time:00:00.71 | Mem:0.00M, Peak:0.00M | Scene, ViewLayer | Synchronizing object | Entry tread raised antislip ridge.112
Fra:1 Mem:479.99M (Peak 479.99M) | Time:00:00.71 | Mem:0.00M, Peak:0.00M | Scene, ViewLayer | Synchronizing object | Entry tread raised antislip ridge.113
Fra:1 Mem:479.99M (Peak 479.99M) | Time:00:00.71 | Mem:0.00M, Peak:0.00M | Scene, ViewLayer | Synchronizing object | Entry tread raised antislip ridge.115
Fra:1 Mem:480.01M (Peak 480.01M) | Time:00:00.71 | Mem:0.00M, Peak:0.00M | Scene, ViewLayer | Synchronizing object | Entry tread raised antislip ridge.116
Fra:1 Mem:480.01M (Peak 480.01M) | Time:00:00.71 | Mem:0.00M, Peak:0.00M | Scene, ViewLayer | Synchronizing object | Entry tread raised antislip ridge.117
Fra:1 Mem:480.03M (Peak 480.03M) | Time:00:00.71 | Mem:0.00M, Peak:0.00M | Scene, ViewLayer | Synchronizing object | Entry tread raised antislip ridge.118
Fra:1 Mem:480.03M (Peak 480.03M) | Time:00:00.71 | Mem:0.00M, Peak:0.00M | Scene, ViewLayer | Synchronizing object | Entry tread raised antislip ridge.119
Fra:1 Mem:480.05M (Peak 480.05M) | Time:00:00.71 | Mem:0.00M, Peak:0.00M | Scene, ViewLayer | Synchronizing object | Entrance ladder angle stringer.002
Fra:1 Mem:480.05M (Peak 480.05M) | Time:00:00.71 | Mem:0.00M, Peak:0.00M | Scene, ViewLayer | Synchronizing object | Entrance ladder angle stringer.003
Fra:1 Mem:480.06M (Peak 480.06M) | Time:00:00.71 | Mem:0.00M, Peak:0.00M | Scene, ViewLayer | Synchronizing object | Door instruction.001
Fra:1 Mem:480.08M (Peak 480.08M) | Time:00:00.71 | Mem:0.00M, Peak:0.00M | Scene, ViewLayer | Synchronizing object | Entry lettering.001
Fra:1 Mem:480.10M (Peak 480.10M) | Time:00:00.71 | Mem:0.00M, Peak:0.00M | Scene, ViewLayer | Synchronizing object | Toilet window black gasket
Fra:1 Mem:480.17M (Peak 480.17M) | Time:00:00.71 | Mem:0.00M, Peak:0.00M | Scene, ViewLayer | Synchronizing object | Obscure toilet glass
Fra:1 Mem:480.17M (Peak 480.17M) | Time:00:00.71 | Mem:0.00M, Peak:0.00M | Scene, ViewLayer | Synchronizing object | Toilet window external bar
Fra:1 Mem:480.18M (Peak 480.18M) | Time:00:00.71 | Mem:0.00M, Peak:0.00M | Scene, ViewLayer | Synchronizing object | Toilet window external bar.001
Fra:1 Mem:480.18M (Peak 480.18M) | Time:00:00.71 | Mem:0.00M, Peak:0.00M | Scene, ViewLayer | Synchronizing object | Toilet window external bar.002
Fra:1 Mem:480.19M (Peak 480.19M) | Time:00:00.71 | Mem:0.00M, Peak:0.00M | Scene, ViewLayer | Synchronizing object | Toilet window external bar.003
Fra:1 Mem:480.19M (Peak 480.19M) | Time:00:00.71 | Mem:0.00M, Peak:0.00M | Scene, ViewLayer | Synchronizing object | Toilet window black gasket.001
Fra:1 Mem:480.20M (Peak 480.20M) | Time:00:00.71 | Mem:0.00M, Peak:0.00M | Scene, ViewLayer | Synchronizing object | Obscure toilet glass.001
Fra:1 Mem:480.22M (Peak 480.22M) | Time:00:00.71 | Mem:0.00M, Peak:0.00M | Scene, ViewLayer | Synchronizing object | Toilet window external bar.004
Fra:1 Mem:480.23M (Peak 480.23M) | Time:00:00.71 | Mem:0.00M, Peak:0.00M | Scene, ViewLayer | Synchronizing object | Toilet window external bar.005
Fra:1 Mem:480.23M (Peak 480.23M) | Time:00:00.71 | Mem:0.00M, Peak:0.00M | Scene, ViewLayer | Synchronizing object | Toilet window external bar.006
Fra:1 Mem:480.23M (Peak 480.23M) | Time:00:00.71 | Mem:0.00M, Peak:0.00M | Scene, ViewLayer | Synchronizing object | Toilet window external bar.007
Fra:1 Mem:480.23M (Peak 480.23M) | Time:00:00.71 | Mem:0.00M, Peak:0.00M | Scene, ViewLayer | Synchronizing object | Hindi class painted marking
Fra:1 Mem:480.25M (Peak 480.25M) | Time:00:00.71 | Mem:0.00M, Peak:0.00M | Scene, ViewLayer | Synchronizing object | Coach number illustrative
Fra:1 Mem:480.41M (Peak 480.41M) | Time:00:00.71 | Mem:0.00M, Peak:0.00M | Scene, ViewLayer | Synchronizing object | Zone initials
Fra:1 Mem:480.48M (Peak 480.48M) | Time:00:00.71 | Mem:0.00M, Peak:0.00M | Scene, ViewLayer | Synchronizing object | Yellow destination board
Fra:1 Mem:480.49M (Peak 480.49M) | Time:00:00.71 | Mem:0.00M, Peak:0.00M | Scene, ViewLayer | Synchronizing object | Route destination legend
Fra:1 Mem:480.49M (Peak 480.49M) | Time:00:00.71 | Mem:0.00M, Peak:0.00M | Scene, ViewLayer | Synchronizing object | Destination board mounting bracket
Fra:1 Mem:480.55M (Peak 480.55M) | Time:00:00.71 | Mem:0.00M, Peak:0.00M | Scene, ViewLayer | Synchronizing object | Destination board mounting bracket.001
Fra:1 Mem:480.60M (Peak 480.60M) | Time:00:00.71 | Mem:0.00M, Peak:0.00M | Scene, ViewLayer | Synchronizing object | Destination board fixing screw
Fra:1 Mem:480.63M (Peak 480.63M) | Time:00:00.71 | Mem:0.00M, Peak:0.00M | Scene, ViewLayer | Synchronizing object | Destination board fixing screw.001
Fra:1 Mem:480.62M (Peak 480.63M) | Time:00:00.71 | Mem:0.00M, Peak:0.00M | Scene, ViewLayer | Synchronizing object | Destination board fixing screw.002
Fra:1 Mem:480.62M (Peak 480.63M) | Time:00:00.71 | Mem:0.00M, Peak:0.00M | Scene, ViewLayer | Synchronizing object | Destination board fixing screw.003
Fra:1 Mem:480.62M (Peak 480.63M) | Time:00:00.71 | Mem:0.00M, Peak:0.00M | Scene, ViewLayer | Synchronizing object | Coach position plate
Fra:1 Mem:480.63M (Peak 480.63M) | Time:00:00.71 | Mem:0.00M, Peak:0.00M | Scene, ViewLayer | Synchronizing object | Coach position character
Fra:1 Mem:480.66M (Peak 480.66M) | Time:00:00.71 | Mem:0.00M, Peak:0.00M | Scene, ViewLayer | Synchronizing object | Technical maintenance stencil
Fra:1 Mem:480.70M (Peak 480.70M) | Time:00:00.71 | Mem:0.00M, Peak:0.00M | Scene, ViewLayer | Synchronizing object | Technical maintenance stencil.001
Fra:1 Mem:480.79M (Peak 480.79M) | Time:00:00.71 | Mem:0.00M, Peak:0.00M | Scene, ViewLayer | Synchronizing object | Pneumatic release stencil
Fra:1 Mem:481.04M (Peak 481.04M) | Time:00:00.71 | Mem:0.00M, Peak:0.00M | Scene, ViewLayer | Synchronizing object | Rounded end corner pressed skin
Fra:1 Mem:481.04M (Peak 481.04M) | Time:00:00.71 | Mem:0.00M, Peak:0.00M | Scene, ViewLayer | Synchronizing object | Rounded end corner pressed skin.001
Fra:1 Mem:481.04M (Peak 481.04M) | Time:00:00.71 | Mem:0.00M, Peak:0.00M | Scene, ViewLayer | Synchronizing object | Rounded end corner pressed skin.002
Fra:1 Mem:481.06M (Peak 481.06M) | Time:00:00.71 | Mem:0.00M, Peak:0.00M | Scene, ViewLayer | Synchronizing object | Rounded end corner pressed skin.003
Fra:1 Mem:481.11M (Peak 481.11M) | Time:00:00.71 | Mem:0.00M, Peak:0.00M | Scene, ViewLayer | Synchronizing object | Rounded end corner pressed skin.004
Fra:1 Mem:481.11M (Peak 481.11M) | Time:00:00.71 | Mem:0.00M, Peak:0.00M | Scene, ViewLayer | Synchronizing object | Pressed bodyside skin.164
Fra:1 Mem:481.10M (Peak 481.11M) | Time:00:00.71 | Mem:0.00M, Peak:0.00M | Scene, ViewLayer | Synchronizing object | Lined bodyside aperture panel.164
Fra:1 Mem:481.10M (Peak 481.11M) | Time:00:00.71 | Mem:0.00M, Peak:0.00M | Scene, ViewLayer | Synchronizing object | Pressed bodyside skin.165
Fra:1 Mem:481.10M (Peak 481.11M) | Time:00:00.71 | Mem:0.00M, Peak:0.00M | Scene, ViewLayer | Synchronizing object | Lined bodyside aperture panel.165
Fra:1 Mem:481.10M (Peak 481.11M) | Time:00:00.71 | Mem:0.00M, Peak:0.00M | Scene, ViewLayer | Synchronizing object | Pressed bodyside skin.166
Fra:1 Mem:481.10M (Peak 481.11M) | Time:00:00.71 | Mem:0.00M, Peak:0.00M | Scene, ViewLayer | Synchronizing object | Lined bodyside aperture panel.166
Fra:1 Mem:481.10M (Peak 481.11M) | Time:00:00.71 | Mem:0.00M, Peak:0.00M | Scene, ViewLayer | Synchronizing object | Pressed bodyside skin.167
Fra:1 Mem:481.10M (Peak 481.11M) | Time:00:00.71 | Mem:0.00M, Peak:0.00M | Scene, ViewLayer | Synchronizing object | Lined bodyside aperture panel.167
Fra:1 Mem:481.10M (Peak 481.11M) | Time:00:00.71 | Mem:0.00M, Peak:0.00M | Scene, ViewLayer | Synchronizing object | Pressed bodyside skin.168
Fra:1 Mem:481.10M (Peak 481.11M) | Time:00:00.71 | Mem:0.00M, Peak:0.00M | Scene, ViewLayer | Synchronizing object | Lined bodyside aperture panel.168
Fra:1 Mem:481.11M (Peak 481.11M) | Time:00:00.71 | Mem:0.00M, Peak:0.00M | Scene, ViewLayer | Synchronizing object | Pressed bodyside skin.169
Fra:1 Mem:481.11M (Peak 481.11M) | Time:00:00.71 | Mem:0.00M, Peak:0.00M | Scene, ViewLayer | Synchronizing object | Pressed bodyside skin.170
Fra:1 Mem:481.11M (Peak 481.11M) | Time:00:00.71 | Mem:0.00M, Peak:0.00M | Scene, ViewLayer | Synchronizing object | Lined bodyside aperture panel.170
Fra:1 Mem:481.11M (Peak 481.11M) | Time:00:00.71 | Mem:0.00M, Peak:0.00M | Scene, ViewLayer | Synchronizing object | Lined bodyside aperture panel.171
Fra:1 Mem:481.12M (Peak 481.12M) | Time:00:00.71 | Mem:0.00M, Peak:0.00M | Scene, ViewLayer | Synchronizing object | Pressed bodyside skin.172
Fra:1 Mem:481.12M (Peak 481.12M) | Time:00:00.71 | Mem:0.00M, Peak:0.00M | Scene, ViewLayer | Synchronizing object | Pressed bodyside skin.173
Fra:1 Mem:481.12M (Peak 481.12M) | Time:00:00.71 | Mem:0.00M, Peak:0.00M | Scene, ViewLayer | Synchronizing object | Lined bodyside aperture panel.173
Fra:1 Mem:481.12M (Peak 481.12M) | Time:00:00.71 | Mem:0.00M, Peak:0.00M | Scene, ViewLayer | Synchronizing object | Pressed bodyside skin.174
Fra:1 Mem:481.12M (Peak 481.12M) | Time:00:00.71 | Mem:0.00M, Peak:0.00M | Scene, ViewLayer | Synchronizing object | Lined bodyside aperture panel.174
Fra:1 Mem:481.12M (Peak 481.12M) | Time:00:00.71 | Mem:0.00M, Peak:0.00M | Scene, ViewLayer | Synchronizing object | Pressed bodyside skin.175
Fra:1 Mem:481.12M (Peak 481.12M) | Time:00:00.71 | Mem:0.00M, Peak:0.00M | Scene, ViewLayer | Synchronizing object | Pressed bodyside skin.176
Fra:1 Mem:481.13M (Peak 481.13M) | Time:00:00.71 | Mem:0.00M, Peak:0.00M | Scene, ViewLayer | Synchronizing object | Lined bodyside aperture panel.176
Fra:1 Mem:481.13M (Peak 481.13M) | Time:00:00.71 | Mem:0.00M, Peak:0.00M | Scene, ViewLayer | Synchronizing object | Pressed bodyside skin.177
Fra:1 Mem:481.13M (Peak 481.13M) | Time:00:00.71 | Mem:0.00M, Peak:0.00M | Scene, ViewLayer | Synchronizing object | Lined bodyside aperture panel.177
Fra:1 Mem:481.13M (Peak 481.13M) | Time:00:00.71 | Mem:0.00M, Peak:0.00M | Scene, ViewLayer | Synchronizing object | Lined bodyside aperture panel.178
Fra:1 Mem:481.13M (Peak 481.13M) | Time:00:00.71 | Mem:0.00M, Peak:0.00M | Scene, ViewLayer | Synchronizing object | Pressed bodyside skin.179
Fra:1 Mem:481.13M (Peak 481.13M) | Time:00:00.71 | Mem:0.00M, Peak:0.00M | Scene, ViewLayer | Synchronizing object | Lined bodyside aperture panel.179
Fra:1 Mem:481.13M (Peak 481.13M) | Time:00:00.71 | Mem:0.00M, Peak:0.00M | Scene, ViewLayer | Synchronizing object | Pressed bodyside skin.180
Fra:1 Mem:481.13M (Peak 481.13M) | Time:00:00.71 | Mem:0.00M, Peak:0.00M | Scene, ViewLayer | Synchronizing object | Lined bodyside aperture panel.180
Fra:1 Mem:481.14M (Peak 481.14M) | Time:00:00.71 | Mem:0.00M, Peak:0.00M | Scene, ViewLayer | Synchronizing object | Pressed bodyside skin.181
Fra:1 Mem:481.14M (Peak 481.14M) | Time:00:00.71 | Mem:0.00M, Peak:0.00M | Scene, ViewLayer | Synchronizing object | Lined bodyside aperture panel.181
Fra:1 Mem:481.14M (Peak 481.14M) | Time:00:00.71 | Mem:0.00M, Peak:0.00M | Scene, ViewLayer | Synchronizing object | Pressed bodyside skin.182
Fra:1 Mem:481.14M (Peak 481.14M) | Time:00:00.71 | Mem:0.00M, Peak:0.00M | Scene, ViewLayer | Synchronizing object | Lined bodyside aperture panel.182
Fra:1 Mem:481.14M (Peak 481.14M) | Time:00:00.71 | Mem:0.00M, Peak:0.00M | Scene, ViewLayer | Synchronizing object | Pressed bodyside skin.183
Fra:1 Mem:481.14M (Peak 481.14M) | Time:00:00.71 | Mem:0.00M, Peak:0.00M | Scene, ViewLayer | Synchronizing object | Lined bodyside aperture panel.183
Fra:1 Mem:481.14M (Peak 481.14M) | Time:00:00.71 | Mem:0.00M, Peak:0.00M | Scene, ViewLayer | Synchronizing object | Pressed bodyside skin.184
Fra:1 Mem:481.14M (Peak 481.14M) | Time:00:00.71 | Mem:0.00M, Peak:0.00M | Scene, ViewLayer | Synchronizing object | Lined bodyside aperture panel.184
Fra:1 Mem:481.15M (Peak 481.15M) | Time:00:00.71 | Mem:0.00M, Peak:0.00M | Scene, ViewLayer | Synchronizing object | Pressed bodyside skin.185
Fra:1 Mem:481.15M (Peak 481.15M) | Time:00:00.71 | Mem:0.00M, Peak:0.00M | Scene, ViewLayer | Synchronizing object | Lined bodyside aperture panel.185
Fra:1 Mem:481.15M (Peak 481.15M) | Time:00:00.71 | Mem:0.00M, Peak:0.00M | Scene, ViewLayer | Synchronizing object | Pressed bodyside skin.186
Fra:1 Mem:481.15M (Peak 481.15M) | Time:00:00.71 | Mem:0.00M, Peak:0.00M | Scene, ViewLayer | Synchronizing object | Lined bodyside aperture panel.186
Fra:1 Mem:481.15M (Peak 481.15M) | Time:00:00.71 | Mem:0.00M, Peak:0.00M | Scene, ViewLayer | Synchronizing object | Pressed bodyside skin.187
Fra:1 Mem:481.15M (Peak 481.15M) | Time:00:00.71 | Mem:0.00M, Peak:0.00M | Scene, ViewLayer | Synchronizing object | Lined bodyside aperture panel.187
Fra:1 Mem:481.15M (Peak 481.15M) | Time:00:00.71 | Mem:0.00M, Peak:0.00M | Scene, ViewLayer | Synchronizing object | Pressed bodyside skin.188
Fra:1 Mem:481.15M (Peak 481.15M) | Time:00:00.71 | Mem:0.00M, Peak:0.00M | Scene, ViewLayer | Synchronizing object | Lined bodyside aperture panel.188
Fra:1 Mem:481.16M (Peak 481.16M) | Time:00:00.71 | Mem:0.00M, Peak:0.00M | Scene, ViewLayer | Synchronizing object | Pressed bodyside skin.189
Fra:1 Mem:481.16M (Peak 481.16M) | Time:00:00.71 | Mem:0.00M, Peak:0.00M | Scene, ViewLayer | Synchronizing object | Lined bodyside aperture panel.189
Fra:1 Mem:481.16M (Peak 481.16M) | Time:00:00.71 | Mem:0.00M, Peak:0.00M | Scene, ViewLayer | Synchronizing object | Pressed bodyside skin.190
Fra:1 Mem:481.16M (Peak 481.16M) | Time:00:00.71 | Mem:0.00M, Peak:0.00M | Scene, ViewLayer | Synchronizing object | Lined bodyside aperture panel.190
Fra:1 Mem:481.16M (Peak 481.16M) | Time:00:00.71 | Mem:0.00M, Peak:0.00M | Scene, ViewLayer | Synchronizing object | Lined bodyside aperture panel.191
Fra:1 Mem:481.16M (Peak 481.16M) | Time:00:00.71 | Mem:0.00M, Peak:0.00M | Scene, ViewLayer | Synchronizing object | Pressed bodyside skin.192
Fra:1 Mem:481.17M (Peak 481.17M) | Time:00:00.71 | Mem:0.00M, Peak:0.00M | Scene, ViewLayer | Synchronizing object | Lined bodyside aperture panel.192
Fra:1 Mem:481.17M (Peak 481.17M) | Time:00:00.71 | Mem:0.00M, Peak:0.00M | Scene, ViewLayer | Synchronizing object | Pressed bodyside skin.193
Fra:1 Mem:481.17M (Peak 481.17M) | Time:00:00.71 | Mem:0.00M, Peak:0.00M | Scene, ViewLayer | Synchronizing object | Lined bodyside aperture panel.193
Fra:1 Mem:481.17M (Peak 481.17M) | Time:00:00.71 | Mem:0.00M, Peak:0.00M | Scene, ViewLayer | Synchronizing object | Pressed bodyside skin.194
Fra:1 Mem:481.17M (Peak 481.17M) | Time:00:00.71 | Mem:0.00M, Peak:0.00M | Scene, ViewLayer | Synchronizing object | Lined bodyside aperture panel.194
Fra:1 Mem:481.17M (Peak 481.17M) | Time:00:00.71 | Mem:0.00M, Peak:0.00M | Scene, ViewLayer | Synchronizing object | Pressed bodyside skin.195
Fra:1 Mem:481.17M (Peak 481.17M) | Time:00:00.71 | Mem:0.00M, Peak:0.00M | Scene, ViewLayer | Synchronizing object | Pressed bodyside skin.196
Fra:1 Mem:481.18M (Peak 481.18M) | Time:00:00.71 | Mem:0.00M, Peak:0.00M | Scene, ViewLayer | Synchronizing object | Lined bodyside aperture panel.196
Fra:1 Mem:481.18M (Peak 481.18M) | Time:00:00.71 | Mem:0.00M, Peak:0.00M | Scene, ViewLayer | Synchronizing object | Pressed bodyside skin.197
Fra:1 Mem:481.18M (Peak 481.18M) | Time:00:00.71 | Mem:0.00M, Peak:0.00M | Scene, ViewLayer | Synchronizing object | Pressed bodyside skin.198
Fra:1 Mem:481.18M (Peak 481.18M) | Time:00:00.71 | Mem:0.00M, Peak:0.00M | Scene, ViewLayer | Synchronizing object | Lined bodyside aperture panel.198
Fra:1 Mem:481.18M (Peak 481.18M) | Time:00:00.71 | Mem:0.00M, Peak:0.00M | Scene, ViewLayer | Synchronizing object | Pressed bodyside skin.199
Fra:1 Mem:481.18M (Peak 481.18M) | Time:00:00.71 | Mem:0.00M, Peak:0.00M | Scene, ViewLayer | Synchronizing object | Lined bodyside aperture panel.199
Fra:1 Mem:481.19M (Peak 481.19M) | Time:00:00.71 | Mem:0.00M, Peak:0.00M | Scene, ViewLayer | Synchronizing object | Pressed bodyside skin.200
Fra:1 Mem:481.19M (Peak 481.19M) | Time:00:00.71 | Mem:0.00M, Peak:0.00M | Scene, ViewLayer | Synchronizing object | Lined bodyside aperture panel.200
Fra:1 Mem:481.19M (Peak 481.19M) | Time:00:00.71 | Mem:0.00M, Peak:0.00M | Scene, ViewLayer | Synchronizing object | Pressed bodyside skin.201
Fra:1 Mem:481.19M (Peak 481.19M) | Time:00:00.71 | Mem:0.00M, Peak:0.00M | Scene, ViewLayer | Synchronizing object | Pressed bodyside skin.202
Fra:1 Mem:481.19M (Peak 481.19M) | Time:00:00.71 | Mem:0.00M, Peak:0.00M | Scene, ViewLayer | Synchronizing object | Lined bodyside aperture panel.202
Fra:1 Mem:481.19M (Peak 481.19M) | Time:00:00.71 | Mem:0.00M, Peak:0.00M | Scene, ViewLayer | Synchronizing object | Pressed bodyside skin.203
Fra:1 Mem:481.20M (Peak 481.20M) | Time:00:00.71 | Mem:0.00M, Peak:0.00M | Scene, ViewLayer | Synchronizing object | Lined bodyside aperture panel.203
Fra:1 Mem:481.20M (Peak 481.20M) | Time:00:00.71 | Mem:0.00M, Peak:0.00M | Scene, ViewLayer | Synchronizing object | Lined bodyside aperture panel.204
Fra:1 Mem:481.20M (Peak 481.20M) | Time:00:00.71 | Mem:0.00M, Peak:0.00M | Scene, ViewLayer | Synchronizing object | Pressed bodyside skin.205
Fra:1 Mem:481.20M (Peak 481.20M) | Time:00:00.71 | Mem:0.00M, Peak:0.00M | Scene, ViewLayer | Synchronizing object | Pressed bodyside skin.206
Fra:1 Mem:481.20M (Peak 481.20M) | Time:00:00.71 | Mem:0.00M, Peak:0.00M | Scene, ViewLayer | Synchronizing object | Lined bodyside aperture panel.206
Fra:1 Mem:481.20M (Peak 481.20M) | Time:00:00.71 | Mem:0.00M, Peak:0.00M | Scene, ViewLayer | Synchronizing object | Pressed bodyside skin.207
Fra:1 Mem:481.21M (Peak 481.21M) | Time:00:00.71 | Mem:0.00M, Peak:0.00M | Scene, ViewLayer | Synchronizing object | Lined bodyside aperture panel.207
Fra:1 Mem:481.21M (Peak 481.21M) | Time:00:00.71 | Mem:0.00M, Peak:0.00M | Scene, ViewLayer | Synchronizing object | Lined bodyside aperture panel.208
Fra:1 Mem:481.21M (Peak 481.21M) | Time:00:00.71 | Mem:0.00M, Peak:0.00M | Scene, ViewLayer | Synchronizing object | Pressed bodyside skin.209
Fra:1 Mem:481.21M (Peak 481.21M) | Time:00:00.71 | Mem:0.00M, Peak:0.00M | Scene, ViewLayer | Synchronizing object | Pressed bodyside skin.210
Fra:1 Mem:481.21M (Peak 481.21M) | Time:00:00.71 | Mem:0.00M, Peak:0.00M | Scene, ViewLayer | Synchronizing object | Lined bodyside aperture panel.210
Fra:1 Mem:481.21M (Peak 481.21M) | Time:00:00.71 | Mem:0.00M, Peak:0.00M | Scene, ViewLayer | Synchronizing object | Lined bodyside aperture panel.211
Fra:1 Mem:481.22M (Peak 481.22M) | Time:00:00.71 | Mem:0.00M, Peak:0.00M | Scene, ViewLayer | Synchronizing object | Pressed bodyside skin.212
Fra:1 Mem:481.22M (Peak 481.22M) | Time:00:00.71 | Mem:0.00M, Peak:0.00M | Scene, ViewLayer | Synchronizing object | Lined bodyside aperture panel.212
Fra:1 Mem:481.22M (Peak 481.22M) | Time:00:00.71 | Mem:0.00M, Peak:0.00M | Scene, ViewLayer | Synchronizing object | Pressed bodyside skin.213
Fra:1 Mem:481.22M (Peak 481.22M) | Time:00:00.71 | Mem:0.00M, Peak:0.00M | Scene, ViewLayer | Synchronizing object | Lined bodyside aperture panel.213
Fra:1 Mem:481.22M (Peak 481.22M) | Time:00:00.71 | Mem:0.00M, Peak:0.00M | Scene, ViewLayer | Synchronizing object | Pressed bodyside skin.214
Fra:1 Mem:481.22M (Peak 481.22M) | Time:00:00.71 | Mem:0.00M, Peak:0.00M | Scene, ViewLayer | Synchronizing object | Lined bodyside aperture panel.214
Fra:1 Mem:481.22M (Peak 481.22M) | Time:00:00.71 | Mem:0.00M, Peak:0.00M | Scene, ViewLayer | Synchronizing object | Pressed bodyside skin.215
Fra:1 Mem:481.23M (Peak 481.23M) | Time:00:00.71 | Mem:0.00M, Peak:0.00M | Scene, ViewLayer | Synchronizing object | Lined bodyside aperture panel.215
Fra:1 Mem:481.23M (Peak 481.23M) | Time:00:00.71 | Mem:0.00M, Peak:0.00M | Scene, ViewLayer | Synchronizing object | Lined bodyside aperture panel.216
Fra:1 Mem:481.23M (Peak 481.23M) | Time:00:00.71 | Mem:0.00M, Peak:0.00M | Scene, ViewLayer | Synchronizing object | Pressed bodyside skin.217
Fra:1 Mem:481.23M (Peak 481.23M) | Time:00:00.71 | Mem:0.00M, Peak:0.00M | Scene, ViewLayer | Synchronizing object | Pressed bodyside skin.218
Fra:1 Mem:481.23M (Peak 481.23M) | Time:00:00.71 | Mem:0.00M, Peak:0.00M | Scene, ViewLayer | Synchronizing object | Lined bodyside aperture panel.218
Fra:1 Mem:481.23M (Peak 481.23M) | Time:00:00.71 | Mem:0.00M, Peak:0.00M | Scene, ViewLayer | Synchronizing object | Pressed bodyside skin.219
Fra:1 Mem:481.23M (Peak 481.23M) | Time:00:00.71 | Mem:0.00M, Peak:0.00M | Scene, ViewLayer | Synchronizing object | Pressed bodyside skin.220
Fra:1 Mem:481.24M (Peak 481.24M) | Time:00:00.71 | Mem:0.00M, Peak:0.00M | Scene, ViewLayer | Synchronizing object | Lined bodyside aperture panel.220
Fra:1 Mem:481.24M (Peak 481.24M) | Time:00:00.71 | Mem:0.00M, Peak:0.00M | Scene, ViewLayer | Synchronizing object | Pressed bodyside skin.221
Fra:1 Mem:481.24M (Peak 481.24M) | Time:00:00.71 | Mem:0.00M, Peak:0.00M | Scene, ViewLayer | Synchronizing object | Pressed bodyside skin.222
Fra:1 Mem:481.24M (Peak 481.24M) | Time:00:00.71 | Mem:0.00M, Peak:0.00M | Scene, ViewLayer | Synchronizing object | Lined bodyside aperture panel.222
Fra:1 Mem:481.24M (Peak 481.24M) | Time:00:00.71 | Mem:0.00M, Peak:0.00M | Scene, ViewLayer | Synchronizing object | Pressed bodyside skin.223
Fra:1 Mem:481.24M (Peak 481.24M) | Time:00:00.71 | Mem:0.00M, Peak:0.00M | Scene, ViewLayer | Synchronizing object | Lined bodyside aperture panel.223
Fra:1 Mem:481.25M (Peak 481.25M) | Time:00:00.71 | Mem:0.00M, Peak:0.00M | Scene, ViewLayer | Synchronizing object | Pressed bodyside skin.224
Fra:1 Mem:481.25M (Peak 481.25M) | Time:00:00.71 | Mem:0.00M, Peak:0.00M | Scene, ViewLayer | Synchronizing object | Lined bodyside aperture panel.224
Fra:1 Mem:481.25M (Peak 481.25M) | Time:00:00.71 | Mem:0.00M, Peak:0.00M | Scene, ViewLayer | Synchronizing object | Pressed bodyside skin.225
Fra:1 Mem:481.25M (Peak 481.25M) | Time:00:00.71 | Mem:0.00M, Peak:0.00M | Scene, ViewLayer | Synchronizing object | Lined bodyside aperture panel.225
Fra:1 Mem:481.25M (Peak 481.25M) | Time:00:00.71 | Mem:0.00M, Peak:0.00M | Scene, ViewLayer | Synchronizing object | Pressed bodyside skin.226
Fra:1 Mem:481.25M (Peak 481.25M) | Time:00:00.71 | Mem:0.00M, Peak:0.00M | Scene, ViewLayer | Synchronizing object | Lined bodyside aperture panel.226
Fra:1 Mem:481.25M (Peak 481.25M) | Time:00:00.71 | Mem:0.00M, Peak:0.00M | Scene, ViewLayer | Synchronizing object | Lined bodyside aperture panel.227
Fra:1 Mem:481.26M (Peak 481.26M) | Time:00:00.71 | Mem:0.00M, Peak:0.00M | Scene, ViewLayer | Synchronizing object | Pressed bodyside skin.228
Fra:1 Mem:481.26M (Peak 481.26M) | Time:00:00.71 | Mem:0.00M, Peak:0.00M | Scene, ViewLayer | Synchronizing object | Pressed bodyside skin.229
Fra:1 Mem:481.26M (Peak 481.26M) | Time:00:00.71 | Mem:0.00M, Peak:0.00M | Scene, ViewLayer | Synchronizing object | Lined bodyside aperture panel.229
Fra:1 Mem:481.26M (Peak 481.26M) | Time:00:00.71 | Mem:0.00M, Peak:0.00M | Scene, ViewLayer | Synchronizing object | Pressed bodyside skin.230
Fra:1 Mem:481.26M (Peak 481.26M) | Time:00:00.71 | Mem:0.00M, Peak:0.00M | Scene, ViewLayer | Synchronizing object | Lined bodyside aperture panel.230
Fra:1 Mem:481.26M (Peak 481.26M) | Time:00:00.71 | Mem:0.00M, Peak:0.00M | Scene, ViewLayer | Synchronizing object | Pressed bodyside skin.231
Fra:1 Mem:481.26M (Peak 481.26M) | Time:00:00.71 | Mem:0.00M, Peak:0.00M | Scene, ViewLayer | Synchronizing object | Pressed bodyside skin.232
Fra:1 Mem:481.27M (Peak 481.27M) | Time:00:00.71 | Mem:0.00M, Peak:0.00M | Scene, ViewLayer | Synchronizing object | Lined bodyside aperture panel.232
Fra:1 Mem:481.27M (Peak 481.27M) | Time:00:00.71 | Mem:0.00M, Peak:0.00M | Scene, ViewLayer | Synchronizing object | Pressed bodyside skin.233
Fra:1 Mem:481.27M (Peak 481.27M) | Time:00:00.71 | Mem:0.00M, Peak:0.00M | Scene, ViewLayer | Synchronizing object | Lined bodyside aperture panel.233
Fra:1 Mem:481.27M (Peak 481.27M) | Time:00:00.71 | Mem:0.00M, Peak:0.00M | Scene, ViewLayer | Synchronizing object | Lined bodyside aperture panel.234
Fra:1 Mem:481.27M (Peak 481.27M) | Time:00:00.71 | Mem:0.00M, Peak:0.00M | Scene, ViewLayer | Synchronizing object | Pressed bodyside skin.235
Fra:1 Mem:481.27M (Peak 481.27M) | Time:00:00.71 | Mem:0.00M, Peak:0.00M | Scene, ViewLayer | Synchronizing object | Pressed bodyside skin.236
Fra:1 Mem:481.28M (Peak 481.28M) | Time:00:00.71 | Mem:0.00M, Peak:0.00M | Scene, ViewLayer | Synchronizing object | Lined bodyside aperture panel.236
Fra:1 Mem:481.28M (Peak 481.28M) | Time:00:00.71 | Mem:0.00M, Peak:0.00M | Scene, ViewLayer | Synchronizing object | Pressed bodyside skin.237
Fra:1 Mem:481.28M (Peak 481.28M) | Time:00:00.71 | Mem:0.00M, Peak:0.00M | Scene, ViewLayer | Synchronizing object | Lined bodyside aperture panel.237
Fra:1 Mem:481.28M (Peak 481.28M) | Time:00:00.71 | Mem:0.00M, Peak:0.00M | Scene, ViewLayer | Synchronizing object | Pressed bodyside skin.238
Fra:1 Mem:481.28M (Peak 481.28M) | Time:00:00.71 | Mem:0.00M, Peak:0.00M | Scene, ViewLayer | Synchronizing object | Lined bodyside aperture panel.238
Fra:1 Mem:481.28M (Peak 481.28M) | Time:00:00.71 | Mem:0.00M, Peak:0.00M | Scene, ViewLayer | Synchronizing object | Pressed bodyside skin.239
Fra:1 Mem:481.29M (Peak 481.29M) | Time:00:00.71 | Mem:0.00M, Peak:0.00M | Scene, ViewLayer | Synchronizing object | Lined bodyside aperture panel.239
Fra:1 Mem:481.29M (Peak 481.29M) | Time:00:00.71 | Mem:0.00M, Peak:0.00M | Scene, ViewLayer | Synchronizing object | Pressed bodyside skin.240
Fra:1 Mem:481.29M (Peak 481.29M) | Time:00:00.71 | Mem:0.00M, Peak:0.00M | Scene, ViewLayer | Synchronizing object | Lined bodyside aperture panel.240
Fra:1 Mem:481.29M (Peak 481.29M) | Time:00:00.71 | Mem:0.00M, Peak:0.00M | Scene, ViewLayer | Synchronizing object | Lined bodyside aperture panel.241
Fra:1 Mem:481.29M (Peak 481.29M) | Time:00:00.71 | Mem:0.00M, Peak:0.00M | Scene, ViewLayer | Synchronizing object | Pressed bodyside skin.242
Fra:1 Mem:481.29M (Peak 481.29M) | Time:00:00.71 | Mem:0.00M, Peak:0.00M | Scene, ViewLayer | Synchronizing object | Lined bodyside aperture panel.242
Fra:1 Mem:481.29M (Peak 481.29M) | Time:00:00.71 | Mem:0.00M, Peak:0.00M | Scene, ViewLayer | Synchronizing object | Pressed bodyside skin.243
Fra:1 Mem:481.29M (Peak 481.29M) | Time:00:00.71 | Mem:0.00M, Peak:0.00M | Scene, ViewLayer | Synchronizing object | Pressed bodyside skin.244
Fra:1 Mem:481.30M (Peak 481.30M) | Time:00:00.71 | Mem:0.00M, Peak:0.00M | Scene, ViewLayer | Synchronizing object | Lined bodyside aperture panel.244
Fra:1 Mem:481.30M (Peak 481.30M) | Time:00:00.71 | Mem:0.00M, Peak:0.00M | Scene, ViewLayer | Synchronizing object | Pressed bodyside skin.245
Fra:1 Mem:481.30M (Peak 481.30M) | Time:00:00.71 | Mem:0.00M, Peak:0.00M | Scene, ViewLayer | Synchronizing object | Lined bodyside aperture panel.245
Fra:1 Mem:481.30M (Peak 481.30M) | Time:00:00.71 | Mem:0.00M, Peak:0.00M | Scene, ViewLayer | Synchronizing object | Pressed bodyside skin.246
Fra:1 Mem:481.30M (Peak 481.30M) | Time:00:00.71 | Mem:0.00M, Peak:0.00M | Scene, ViewLayer | Synchronizing object | Lined bodyside aperture panel.246
Fra:1 Mem:481.30M (Peak 481.30M) | Time:00:00.71 | Mem:0.00M, Peak:0.00M | Scene, ViewLayer | Synchronizing object | Pressed bodyside skin.247
Fra:1 Mem:481.31M (Peak 481.31M) | Time:00:00.71 | Mem:0.00M, Peak:0.00M | Scene, ViewLayer | Synchronizing object | Lined bodyside aperture panel.247
Fra:1 Mem:481.31M (Peak 481.31M) | Time:00:00.71 | Mem:0.00M, Peak:0.00M | Scene, ViewLayer | Synchronizing object | Pressed bodyside skin.248
Fra:1 Mem:481.31M (Peak 481.31M) | Time:00:00.71 | Mem:0.00M, Peak:0.00M | Scene, ViewLayer | Synchronizing object | Lined bodyside aperture panel.248
Fra:1 Mem:481.31M (Peak 481.31M) | Time:00:00.71 | Mem:0.00M, Peak:0.00M | Scene, ViewLayer | Synchronizing object | Pressed bodyside skin.249
Fra:1 Mem:481.31M (Peak 481.31M) | Time:00:00.71 | Mem:0.00M, Peak:0.00M | Scene, ViewLayer | Synchronizing object | Lined bodyside aperture panel.249
Fra:1 Mem:481.31M (Peak 481.31M) | Time:00:00.71 | Mem:0.00M, Peak:0.00M | Scene, ViewLayer | Synchronizing object | Pressed bodyside skin.250
Fra:1 Mem:481.31M (Peak 481.31M) | Time:00:00.71 | Mem:0.00M, Peak:0.00M | Scene, ViewLayer | Synchronizing object | Lined bodyside aperture panel.250
Fra:1 Mem:481.31M (Peak 481.31M) | Time:00:00.71 | Mem:0.00M, Peak:0.00M | Scene, ViewLayer | Synchronizing object | Pressed bodyside skin.251
Fra:1 Mem:481.31M (Peak 481.31M) | Time:00:00.71 | Mem:0.00M, Peak:0.00M | Scene, ViewLayer | Synchronizing object | Lined bodyside aperture panel.251
Fra:1 Mem:481.32M (Peak 481.32M) | Time:00:00.71 | Mem:0.00M, Peak:0.00M | Scene, ViewLayer | Synchronizing object | Pressed bodyside skin.252
Fra:1 Mem:481.32M (Peak 481.32M) | Time:00:00.71 | Mem:0.00M, Peak:0.00M | Scene, ViewLayer | Synchronizing object | Lined bodyside aperture panel.252
Fra:1 Mem:481.32M (Peak 481.32M) | Time:00:00.71 | Mem:0.00M, Peak:0.00M | Scene, ViewLayer | Synchronizing object | Lined bodyside aperture panel.253
Fra:1 Mem:481.32M (Peak 481.32M) | Time:00:00.71 | Mem:0.00M, Peak:0.00M | Scene, ViewLayer | Synchronizing object | Pressed bodyside skin.254
Fra:1 Mem:481.32M (Peak 481.32M) | Time:00:00.71 | Mem:0.00M, Peak:0.00M | Scene, ViewLayer | Synchronizing object | Lined bodyside aperture panel.254
Fra:1 Mem:481.32M (Peak 481.32M) | Time:00:00.71 | Mem:0.00M, Peak:0.00M | Scene, ViewLayer | Synchronizing object | Lined bodyside aperture panel.255
Fra:1 Mem:481.33M (Peak 481.33M) | Time:00:00.71 | Mem:0.00M, Peak:0.00M | Scene, ViewLayer | Synchronizing object | Pressed bodyside skin.256
Fra:1 Mem:481.33M (Peak 481.33M) | Time:00:00.71 | Mem:0.00M, Peak:0.00M | Scene, ViewLayer | Synchronizing object | Lined bodyside aperture panel.256
Fra:1 Mem:481.33M (Peak 481.33M) | Time:00:00.71 | Mem:0.00M, Peak:0.00M | Scene, ViewLayer | Synchronizing object | Pressed bodyside skin.257
Fra:1 Mem:481.33M (Peak 481.33M) | Time:00:00.71 | Mem:0.00M, Peak:0.00M | Scene, ViewLayer | Synchronizing object | Lined bodyside aperture panel.257
Fra:1 Mem:481.33M (Peak 481.33M) | Time:00:00.71 | Mem:0.00M, Peak:0.00M | Scene, ViewLayer | Synchronizing object | Lined bodyside aperture panel.258
Fra:1 Mem:481.33M (Peak 481.33M) | Time:00:00.71 | Mem:0.00M, Peak:0.00M | Scene, ViewLayer | Synchronizing object | Pressed bodyside skin.259
Fra:1 Mem:481.34M (Peak 481.34M) | Time:00:00.71 | Mem:0.00M, Peak:0.00M | Scene, ViewLayer | Synchronizing object | Lined bodyside aperture panel.259
Fra:1 Mem:481.34M (Peak 481.34M) | Time:00:00.71 | Mem:0.00M, Peak:0.00M | Scene, ViewLayer | Synchronizing object | Pressed bodyside skin.260
Fra:1 Mem:481.34M (Peak 481.34M) | Time:00:00.71 | Mem:0.00M, Peak:0.00M | Scene, ViewLayer | Synchronizing object | Pressed bodyside skin.261
Fra:1 Mem:481.34M (Peak 481.34M) | Time:00:00.71 | Mem:0.00M, Peak:0.00M | Scene, ViewLayer | Synchronizing object | Lined bodyside aperture panel.261
Fra:1 Mem:481.34M (Peak 481.34M) | Time:00:00.71 | Mem:0.00M, Peak:0.00M | Scene, ViewLayer | Synchronizing object | Pressed bodyside skin.262
Fra:1 Mem:481.34M (Peak 481.34M) | Time:00:00.71 | Mem:0.00M, Peak:0.00M | Scene, ViewLayer | Synchronizing object | Lined bodyside aperture panel.262
Fra:1 Mem:481.34M (Peak 481.34M) | Time:00:00.71 | Mem:0.00M, Peak:0.00M | Scene, ViewLayer | Synchronizing object | Pressed bodyside skin.263
Fra:1 Mem:481.35M (Peak 481.35M) | Time:00:00.71 | Mem:0.00M, Peak:0.00M | Scene, ViewLayer | Synchronizing object | Lined bodyside aperture panel.263
Fra:1 Mem:481.35M (Peak 481.35M) | Time:00:00.71 | Mem:0.00M, Peak:0.00M | Scene, ViewLayer | Synchronizing object | Lined bodyside aperture panel.264
Fra:1 Mem:481.35M (Peak 481.35M) | Time:00:00.71 | Mem:0.00M, Peak:0.00M | Scene, ViewLayer | Synchronizing object | Pressed bodyside skin.265
Fra:1 Mem:481.35M (Peak 481.35M) | Time:00:00.71 | Mem:0.00M, Peak:0.00M | Scene, ViewLayer | Synchronizing object | Lined bodyside aperture panel.265
Fra:1 Mem:481.35M (Peak 481.35M) | Time:00:00.71 | Mem:0.00M, Peak:0.00M | Scene, ViewLayer | Synchronizing object | Pressed bodyside skin.266
Fra:1 Mem:481.35M (Peak 481.35M) | Time:00:00.71 | Mem:0.00M, Peak:0.00M | Scene, ViewLayer | Synchronizing object | Lined bodyside aperture panel.266
Fra:1 Mem:481.35M (Peak 481.35M) | Time:00:00.71 | Mem:0.00M, Peak:0.00M | Scene, ViewLayer | Synchronizing object | Lined bodyside aperture panel.267
Fra:1 Mem:481.36M (Peak 481.36M) | Time:00:00.71 | Mem:0.00M, Peak:0.00M | Scene, ViewLayer | Synchronizing object | Pressed bodyside skin.268
Fra:1 Mem:481.36M (Peak 481.36M) | Time:00:00.71 | Mem:0.00M, Peak:0.00M | Scene, ViewLayer | Synchronizing object | Lined bodyside aperture panel.268
Fra:1 Mem:481.36M (Peak 481.36M) | Time:00:00.71 | Mem:0.00M, Peak:0.00M | Scene, ViewLayer | Synchronizing object | Lined bodyside aperture panel.269
Fra:1 Mem:481.36M (Peak 481.36M) | Time:00:00.71 | Mem:0.00M, Peak:0.00M | Scene, ViewLayer | Synchronizing object | Pressed bodyside skin.270
Fra:1 Mem:481.36M (Peak 481.36M) | Time:00:00.71 | Mem:0.00M, Peak:0.00M | Scene, ViewLayer | Synchronizing object | Lined bodyside aperture panel.270
Fra:1 Mem:481.36M (Peak 481.36M) | Time:00:00.71 | Mem:0.00M, Peak:0.00M | Scene, ViewLayer | Synchronizing object | Pressed bodyside skin.271
Fra:1 Mem:481.37M (Peak 481.37M) | Time:00:00.71 | Mem:0.00M, Peak:0.00M | Scene, ViewLayer | Synchronizing object | Pressed bodyside skin.272
Fra:1 Mem:481.37M (Peak 481.37M) | Time:00:00.71 | Mem:0.00M, Peak:0.00M | Scene, ViewLayer | Synchronizing object | Lined bodyside aperture panel.272
Fra:1 Mem:481.38M (Peak 481.38M) | Time:00:00.71 | Mem:0.00M, Peak:0.00M | Scene, ViewLayer | Synchronizing object | Lined bodyside aperture panel.273
Fra:1 Mem:481.39M (Peak 481.39M) | Time:00:00.71 | Mem:0.00M, Peak:0.00M | Scene, ViewLayer | Synchronizing object | Pressed bodyside skin.274
Fra:1 Mem:481.39M (Peak 481.39M) | Time:00:00.71 | Mem:0.00M, Peak:0.00M | Scene, ViewLayer | Synchronizing object | Pressed bodyside skin.275
Fra:1 Mem:481.39M (Peak 481.39M) | Time:00:00.71 | Mem:0.00M, Peak:0.00M | Scene, ViewLayer | Synchronizing object | Lined bodyside aperture panel.275
Fra:1 Mem:481.39M (Peak 481.39M) | Time:00:00.71 | Mem:0.00M, Peak:0.00M | Scene, ViewLayer | Synchronizing object | Lined bodyside aperture panel.276
Fra:1 Mem:481.39M (Peak 481.39M) | Time:00:00.71 | Mem:0.00M, Peak:0.00M | Scene, ViewLayer | Synchronizing object | Pressed bodyside skin.277
Fra:1 Mem:481.40M (Peak 481.40M) | Time:00:00.71 | Mem:0.00M, Peak:0.00M | Scene, ViewLayer | Synchronizing object | Lined bodyside aperture panel.277
Fra:1 Mem:481.40M (Peak 481.40M) | Time:00:00.71 | Mem:0.00M, Peak:0.00M | Scene, ViewLayer | Synchronizing object | Pressed bodyside skin.278
Fra:1 Mem:481.40M (Peak 481.40M) | Time:00:00.71 | Mem:0.00M, Peak:0.00M | Scene, ViewLayer | Synchronizing object | Lined bodyside aperture panel.278
Fra:1 Mem:481.40M (Peak 481.40M) | Time:00:00.71 | Mem:0.00M, Peak:0.00M | Scene, ViewLayer | Synchronizing object | Pressed bodyside skin.279
Fra:1 Mem:481.40M (Peak 481.40M) | Time:00:00.71 | Mem:0.00M, Peak:0.00M | Scene, ViewLayer | Synchronizing object | Lined bodyside aperture panel.279
Fra:1 Mem:481.40M (Peak 481.40M) | Time:00:00.71 | Mem:0.00M, Peak:0.00M | Scene, ViewLayer | Synchronizing object | Pressed bodyside skin.280
Fra:1 Mem:481.40M (Peak 481.40M) | Time:00:00.71 | Mem:0.00M, Peak:0.00M | Scene, ViewLayer | Synchronizing object | Lined bodyside aperture panel.280
Fra:1 Mem:481.40M (Peak 481.40M) | Time:00:00.71 | Mem:0.00M, Peak:0.00M | Scene, ViewLayer | Synchronizing object | Pressed bodyside skin.281
Fra:1 Mem:481.41M (Peak 481.41M) | Time:00:00.71 | Mem:0.00M, Peak:0.00M | Scene, ViewLayer | Synchronizing object | Lined bodyside aperture panel.281
Fra:1 Mem:481.41M (Peak 481.41M) | Time:00:00.71 | Mem:0.00M, Peak:0.00M | Scene, ViewLayer | Synchronizing object | Pressed bodyside skin.282
Fra:1 Mem:481.41M (Peak 481.41M) | Time:00:00.71 | Mem:0.00M, Peak:0.00M | Scene, ViewLayer | Synchronizing object | Pressed bodyside skin.283
Fra:1 Mem:481.41M (Peak 481.41M) | Time:00:00.71 | Mem:0.00M, Peak:0.00M | Scene, ViewLayer | Synchronizing object | Lined bodyside aperture panel.283
Fra:1 Mem:481.41M (Peak 481.41M) | Time:00:00.71 | Mem:0.00M, Peak:0.00M | Scene, ViewLayer | Synchronizing object | Lined bodyside aperture panel.284
Fra:1 Mem:481.41M (Peak 481.41M) | Time:00:00.71 | Mem:0.00M, Peak:0.00M | Scene, ViewLayer | Synchronizing object | Pressed bodyside skin.285
Fra:1 Mem:481.41M (Peak 481.41M) | Time:00:00.71 | Mem:0.00M, Peak:0.00M | Scene, ViewLayer | Synchronizing object | Lined bodyside aperture panel.285
Fra:1 Mem:481.42M (Peak 481.42M) | Time:00:00.71 | Mem:0.00M, Peak:0.00M | Scene, ViewLayer | Synchronizing object | Lined bodyside aperture panel.286
Fra:1 Mem:481.42M (Peak 481.42M) | Time:00:00.71 | Mem:0.00M, Peak:0.00M | Scene, ViewLayer | Synchronizing object | Pressed bodyside skin.287
Fra:1 Mem:481.42M (Peak 481.42M) | Time:00:00.71 | Mem:0.00M, Peak:0.00M | Scene, ViewLayer | Synchronizing object | Lined bodyside aperture panel.287
Fra:1 Mem:481.42M (Peak 481.42M) | Time:00:00.71 | Mem:0.00M, Peak:0.00M | Scene, ViewLayer | Synchronizing object | Pressed bodyside skin.288
Fra:1 Mem:481.42M (Peak 481.42M) | Time:00:00.71 | Mem:0.00M, Peak:0.00M | Scene, ViewLayer | Synchronizing object | Lined bodyside aperture panel.288
Fra:1 Mem:481.42M (Peak 481.42M) | Time:00:00.71 | Mem:0.00M, Peak:0.00M | Scene, ViewLayer | Synchronizing object | Lined bodyside aperture panel.289
Fra:1 Mem:481.43M (Peak 481.43M) | Time:00:00.71 | Mem:0.00M, Peak:0.00M | Scene, ViewLayer | Synchronizing object | Pressed bodyside skin.290
Fra:1 Mem:481.43M (Peak 481.43M) | Time:00:00.71 | Mem:0.00M, Peak:0.00M | Scene, ViewLayer | Synchronizing object | Lined bodyside aperture panel.290
Fra:1 Mem:481.43M (Peak 481.43M) | Time:00:00.71 | Mem:0.00M, Peak:0.00M | Scene, ViewLayer | Synchronizing object | Pressed bodyside skin.291
Fra:1 Mem:481.43M (Peak 481.43M) | Time:00:00.71 | Mem:0.00M, Peak:0.00M | Scene, ViewLayer | Synchronizing object | Lined bodyside aperture panel.291
Fra:1 Mem:481.43M (Peak 481.43M) | Time:00:00.71 | Mem:0.00M, Peak:0.00M | Scene, ViewLayer | Synchronizing object | Lined bodyside aperture panel.292
Fra:1 Mem:481.43M (Peak 481.43M) | Time:00:00.71 | Mem:0.00M, Peak:0.00M | Scene, ViewLayer | Synchronizing object | Pressed bodyside skin.293
Fra:1 Mem:481.43M (Peak 481.43M) | Time:00:00.71 | Mem:0.00M, Peak:0.00M | Scene, ViewLayer | Synchronizing object | Lined bodyside aperture panel.293
Fra:1 Mem:481.44M (Peak 481.44M) | Time:00:00.71 | Mem:0.00M, Peak:0.00M | Scene, ViewLayer | Synchronizing object | Pressed bodyside skin.294
Fra:1 Mem:481.44M (Peak 481.44M) | Time:00:00.71 | Mem:0.00M, Peak:0.00M | Scene, ViewLayer | Synchronizing object | Lined bodyside aperture panel.294
Fra:1 Mem:481.44M (Peak 481.44M) | Time:00:00.71 | Mem:0.00M, Peak:0.00M | Scene, ViewLayer | Synchronizing object | Pressed bodyside skin.295
Fra:1 Mem:481.44M (Peak 481.44M) | Time:00:00.71 | Mem:0.00M, Peak:0.00M | Scene, ViewLayer | Synchronizing object | Lined bodyside aperture panel.295
Fra:1 Mem:481.44M (Peak 481.44M) | Time:00:00.71 | Mem:0.00M, Peak:0.00M | Scene, ViewLayer | Synchronizing object | Pressed bodyside skin.296
Fra:1 Mem:481.44M (Peak 481.44M) | Time:00:00.71 | Mem:0.00M, Peak:0.00M | Scene, ViewLayer | Synchronizing object | Pressed bodyside skin.297
Fra:1 Mem:481.45M (Peak 481.45M) | Time:00:00.71 | Mem:0.00M, Peak:0.00M | Scene, ViewLayer | Synchronizing object | Lined bodyside aperture panel.297
Fra:1 Mem:481.45M (Peak 481.45M) | Time:00:00.71 | Mem:0.00M, Peak:0.00M | Scene, ViewLayer | Synchronizing object | Lined bodyside aperture panel.298
Fra:1 Mem:481.45M (Peak 481.45M) | Time:00:00.71 | Mem:0.00M, Peak:0.00M | Scene, ViewLayer | Synchronizing object | Pressed bodyside skin.299
Fra:1 Mem:481.45M (Peak 481.45M) | Time:00:00.71 | Mem:0.00M, Peak:0.00M | Scene, ViewLayer | Synchronizing object | Lined bodyside aperture panel.299
Fra:1 Mem:481.45M (Peak 481.45M) | Time:00:00.71 | Mem:0.00M, Peak:0.00M | Scene, ViewLayer | Synchronizing object | Lined bodyside aperture panel.300
Fra:1 Mem:481.45M (Peak 481.45M) | Time:00:00.71 | Mem:0.00M, Peak:0.00M | Scene, ViewLayer | Synchronizing object | Pressed bodyside skin.301
Fra:1 Mem:481.45M (Peak 481.45M) | Time:00:00.71 | Mem:0.00M, Peak:0.00M | Scene, ViewLayer | Synchronizing object | Lined bodyside aperture panel.301
Fra:1 Mem:481.46M (Peak 481.46M) | Time:00:00.71 | Mem:0.00M, Peak:0.00M | Scene, ViewLayer | Synchronizing object | Pressed bodyside skin.302
Fra:1 Mem:481.46M (Peak 481.46M) | Time:00:00.71 | Mem:0.00M, Peak:0.00M | Scene, ViewLayer | Synchronizing object | Lined bodyside aperture panel.302
Fra:1 Mem:481.46M (Peak 481.46M) | Time:00:00.71 | Mem:0.00M, Peak:0.00M | Scene, ViewLayer | Synchronizing object | Pressed bodyside skin.303
Fra:1 Mem:481.46M (Peak 481.46M) | Time:00:00.71 | Mem:0.00M, Peak:0.00M | Scene, ViewLayer | Synchronizing object | Lined bodyside aperture panel.303
Fra:1 Mem:481.46M (Peak 481.46M) | Time:00:00.71 | Mem:0.00M, Peak:0.00M | Scene, ViewLayer | Synchronizing object | Pressed bodyside skin.304
Fra:1 Mem:481.46M (Peak 481.46M) | Time:00:00.71 | Mem:0.00M, Peak:0.00M | Scene, ViewLayer | Synchronizing object | Lined bodyside aperture panel.304
Fra:1 Mem:481.46M (Peak 481.46M) | Time:00:00.71 | Mem:0.00M, Peak:0.00M | Scene, ViewLayer | Synchronizing object | Pressed bodyside skin.305
Fra:1 Mem:481.46M (Peak 481.46M) | Time:00:00.71 | Mem:0.00M, Peak:0.00M | Scene, ViewLayer | Synchronizing object | Lined bodyside aperture panel.305
Fra:1 Mem:481.47M (Peak 481.47M) | Time:00:00.71 | Mem:0.00M, Peak:0.00M | Scene, ViewLayer | Synchronizing object | Pressed bodyside skin.306
Fra:1 Mem:481.47M (Peak 481.47M) | Time:00:00.71 | Mem:0.00M, Peak:0.00M | Scene, ViewLayer | Synchronizing object | Lined bodyside aperture panel.306
Fra:1 Mem:481.47M (Peak 481.47M) | Time:00:00.71 | Mem:0.00M, Peak:0.00M | Scene, ViewLayer | Synchronizing object | Pressed bodyside skin.307
Fra:1 Mem:481.47M (Peak 481.47M) | Time:00:00.71 | Mem:0.00M, Peak:0.00M | Scene, ViewLayer | Synchronizing object | Lined bodyside aperture panel.307
Fra:1 Mem:481.47M (Peak 481.47M) | Time:00:00.71 | Mem:0.00M, Peak:0.00M | Scene, ViewLayer | Synchronizing object | Pressed bodyside skin.308
Fra:1 Mem:481.47M (Peak 481.47M) | Time:00:00.71 | Mem:0.00M, Peak:0.00M | Scene, ViewLayer | Synchronizing object | Pressed bodyside skin.309
Fra:1 Mem:481.48M (Peak 481.48M) | Time:00:00.71 | Mem:0.00M, Peak:0.00M | Scene, ViewLayer | Synchronizing object | Lined bodyside aperture panel.309
Fra:1 Mem:481.48M (Peak 481.48M) | Time:00:00.71 | Mem:0.00M, Peak:0.00M | Scene, ViewLayer | Synchronizing object | Pressed bodyside skin.310
Fra:1 Mem:481.48M (Peak 481.48M) | Time:00:00.71 | Mem:0.00M, Peak:0.00M | Scene, ViewLayer | Synchronizing object | Lined bodyside aperture panel.310
Fra:1 Mem:481.48M (Peak 481.48M) | Time:00:00.71 | Mem:0.00M, Peak:0.00M | Scene, ViewLayer | Synchronizing object | Pressed bodyside skin.311
Fra:1 Mem:481.48M (Peak 481.48M) | Time:00:00.71 | Mem:0.00M, Peak:0.00M | Scene, ViewLayer | Synchronizing object | Lined bodyside aperture panel.311
Fra:1 Mem:481.48M (Peak 481.48M) | Time:00:00.71 | Mem:0.00M, Peak:0.00M | Scene, ViewLayer | Synchronizing object | Pressed bodyside skin.312
Fra:1 Mem:481.48M (Peak 481.48M) | Time:00:00.71 | Mem:0.00M, Peak:0.00M | Scene, ViewLayer | Synchronizing object | Lined bodyside aperture panel.312
Fra:1 Mem:481.49M (Peak 481.49M) | Time:00:00.71 | Mem:0.00M, Peak:0.00M | Scene, ViewLayer | Synchronizing object | Lined bodyside aperture panel.313
Fra:1 Mem:481.49M (Peak 481.49M) | Time:00:00.71 | Mem:0.00M, Peak:0.00M | Scene, ViewLayer | Synchronizing object | Pressed bodyside skin.314
Fra:1 Mem:481.49M (Peak 481.49M) | Time:00:00.71 | Mem:0.00M, Peak:0.00M | Scene, ViewLayer | Synchronizing object | Lined bodyside aperture panel.314
Fra:1 Mem:481.49M (Peak 481.49M) | Time:00:00.71 | Mem:0.00M, Peak:0.00M | Scene, ViewLayer | Synchronizing object | Pressed bodyside skin.315
Fra:1 Mem:481.49M (Peak 481.49M) | Time:00:00.71 | Mem:0.00M, Peak:0.00M | Scene, ViewLayer | Synchronizing object | Pressed bodyside skin.316
Fra:1 Mem:481.49M (Peak 481.49M) | Time:00:00.71 | Mem:0.00M, Peak:0.00M | Scene, ViewLayer | Synchronizing object | Lined bodyside aperture panel.316
Fra:1 Mem:481.49M (Peak 481.49M) | Time:00:00.71 | Mem:0.00M, Peak:0.00M | Scene, ViewLayer | Synchronizing object | Pressed bodyside skin.317
Fra:1 Mem:481.50M (Peak 481.50M) | Time:00:00.71 | Mem:0.00M, Peak:0.00M | Scene, ViewLayer | Synchronizing object | Lined bodyside aperture panel.317
Fra:1 Mem:481.50M (Peak 481.50M) | Time:00:00.71 | Mem:0.00M, Peak:0.00M | Scene, ViewLayer | Synchronizing object | Pressed bodyside skin.318
Fra:1 Mem:481.50M (Peak 481.50M) | Time:00:00.71 | Mem:0.00M, Peak:0.00M | Scene, ViewLayer | Synchronizing object | Pressed bodyside skin.319
Fra:1 Mem:481.50M (Peak 481.50M) | Time:00:00.71 | Mem:0.00M, Peak:0.00M | Scene, ViewLayer | Synchronizing object | Lined bodyside aperture panel.319
Fra:1 Mem:481.50M (Peak 481.50M) | Time:00:00.71 | Mem:0.00M, Peak:0.00M | Scene, ViewLayer | Synchronizing object | Pressed bodyside skin.320
Fra:1 Mem:481.50M (Peak 481.50M) | Time:00:00.71 | Mem:0.00M, Peak:0.00M | Scene, ViewLayer | Synchronizing object | Pressed bodyside skin.321
Fra:1 Mem:481.51M (Peak 481.51M) | Time:00:00.71 | Mem:0.00M, Peak:0.00M | Scene, ViewLayer | Synchronizing object | Lined bodyside aperture panel.321
Fra:1 Mem:481.51M (Peak 481.51M) | Time:00:00.71 | Mem:0.00M, Peak:0.00M | Scene, ViewLayer | Synchronizing object | Pressed bodyside skin.322
Fra:1 Mem:481.51M (Peak 481.51M) | Time:00:00.71 | Mem:0.00M, Peak:0.00M | Scene, ViewLayer | Synchronizing object | Lined bodyside aperture panel.322
Fra:1 Mem:481.51M (Peak 481.51M) | Time:00:00.71 | Mem:0.00M, Peak:0.00M | Scene, ViewLayer | Synchronizing object | Lined bodyside aperture panel.323
Fra:1 Mem:481.51M (Peak 481.51M) | Time:00:00.71 | Mem:0.00M, Peak:0.00M | Scene, ViewLayer | Synchronizing object | Pressed bodyside skin.324
Fra:1 Mem:481.51M (Peak 481.51M) | Time:00:00.71 | Mem:0.00M, Peak:0.00M | Scene, ViewLayer | Synchronizing object | Pressed bodyside skin.325
Fra:1 Mem:481.52M (Peak 481.52M) | Time:00:00.71 | Mem:0.00M, Peak:0.00M | Scene, ViewLayer | Synchronizing object | Lined bodyside aperture panel.325
Fra:1 Mem:481.52M (Peak 481.52M) | Time:00:00.71 | Mem:0.00M, Peak:0.00M | Scene, ViewLayer | Synchronizing object | Lined bodyside aperture panel.326
Fra:1 Mem:481.52M (Peak 481.52M) | Time:00:00.71 | Mem:0.00M, Peak:0.00M | Scene, ViewLayer | Synchronizing object | Pressed bodyside skin.327
Fra:1 Mem:481.52M (Peak 481.52M) | Time:00:00.71 | Mem:0.00M, Peak:0.00M | Scene, ViewLayer | Synchronizing object | Bodyside roof rain gutter.001
Fra:1 Mem:481.52M (Peak 481.52M) | Time:00:00.71 | Mem:0.00M, Peak:0.00M | Scene, ViewLayer | Synchronizing object | Floor skin rolled seam.001
Fra:1 Mem:481.53M (Peak 481.53M) | Time:00:00.71 | Mem:0.00M, Peak:0.00M | Scene, ViewLayer | Synchronizing object | Rounded body aperture corner.008
Fra:1 Mem:481.53M (Peak 481.53M) | Time:00:00.71 | Mem:0.00M, Peak:0.00M | Scene, ViewLayer | Synchronizing object | Pressed window aperture corner infill.008
Fra:1 Mem:481.55M (Peak 481.55M) | Time:00:00.71 | Mem:0.00M, Peak:0.00M | Scene, ViewLayer | Synchronizing object | Window pressed reveal return.008
Fra:1 Mem:481.57M (Peak 481.57M) | Time:00:00.71 | Mem:0.00M, Peak:0.00M | Scene, ViewLayer | Synchronizing object | Continuous EPDM glazing gasket.008
Fra:1 Mem:481.57M (Peak 481.57M) | Time:00:00.71 | Mem:0.00M, Peak:0.00M | Scene, ViewLayer | Synchronizing object | Anodised window frame extrusion.008
Fra:1 Mem:481.58M (Peak 481.58M) | Time:00:00.71 | Mem:0.00M, Peak:0.00M | Scene, ViewLayer | Synchronizing object | Sealed tinted passenger pane.008
Fra:1 Mem:481.62M (Peak 481.62M) | Time:00:00.71 | Mem:0.00M, Peak:0.00M | Scene, ViewLayer | Synchronizing object | Interior rounded window sill.008
Fra:1 Mem:481.63M (Peak 481.63M) | Time:00:00.71 | Mem:0.00M, Peak:0.00M | Scene, ViewLayer | Synchronizing object | Berth range stencil.008
Fra:1 Mem:481.63M (Peak 481.63M) | Time:00:00.71 | Mem:0.00M, Peak:0.00M | Scene, ViewLayer | Synchronizing object | Rounded body aperture corner.009
Fra:1 Mem:481.64M (Peak 481.64M) | Time:00:00.71 | Mem:0.00M, Peak:0.00M | Scene, ViewLayer | Synchronizing object | Pressed window aperture corner infill.009
Fra:1 Mem:481.70M (Peak 481.70M) | Time:00:00.71 | Mem:0.00M, Peak:0.00M | Scene, ViewLayer | Synchronizing object | Window pressed reveal return.009
Fra:1 Mem:481.71M (Peak 481.71M) | Time:00:00.71 | Mem:0.00M, Peak:0.00M | Scene, ViewLayer | Synchronizing object | Continuous EPDM glazing gasket.009
Fra:1 Mem:481.72M (Peak 481.72M) | Time:00:00.71 | Mem:0.00M, Peak:0.00M | Scene, ViewLayer | Synchronizing object | Anodised window frame extrusion.009
Fra:1 Mem:481.76M (Peak 481.76M) | Time:00:00.71 | Mem:0.00M, Peak:0.00M | Scene, ViewLayer | Synchronizing object | Sealed tinted passenger pane.009
Fra:1 Mem:481.77M (Peak 481.77M) | Time:00:00.71 | Mem:0.00M, Peak:0.00M | Scene, ViewLayer | Synchronizing object | Interior rounded window sill.009
Fra:1 Mem:481.78M (Peak 481.78M) | Time:00:00.71 | Mem:0.00M, Peak:0.00M | Scene, ViewLayer | Synchronizing object | Emergency window stencil.002
Fra:1 Mem:481.81M (Peak 481.81M) | Time:00:00.71 | Mem:0.00M, Peak:0.00M | Scene, ViewLayer | Synchronizing object | Emergency red release indicator.004
Fra:1 Mem:481.81M (Peak 481.81M) | Time:00:00.71 | Mem:0.00M, Peak:0.00M | Scene, ViewLayer | Synchronizing object | Emergency red release indicator.005
Fra:1 Mem:481.88M (Peak 481.88M) | Time:00:00.71 | Mem:0.00M, Peak:0.00M | Scene, ViewLayer | Synchronizing object | Berth range stencil.009
Fra:1 Mem:481.94M (Peak 481.94M) | Time:00:00.71 | Mem:0.00M, Peak:0.00M | Scene, ViewLayer | Synchronizing object | Rounded body aperture corner.010
Fra:1 Mem:482.01M (Peak 482.01M) | Time:00:00.71 | Mem:0.00M, Peak:0.00M | Scene, ViewLayer | Synchronizing object | Pressed window aperture corner infill.010
Fra:1 Mem:482.03M (Peak 482.03M) | Time:00:00.71 | Mem:0.00M, Peak:0.00M | Scene, ViewLayer | Synchronizing object | Window pressed reveal return.010
Fra:1 Mem:482.03M (Peak 482.03M) | Time:00:00.71 | Mem:0.00M, Peak:0.00M | Scene, ViewLayer | Synchronizing object | Continuous EPDM glazing gasket.010
Fra:1 Mem:482.07M (Peak 482.07M) | Time:00:00.71 | Mem:0.00M, Peak:0.00M | Scene, ViewLayer | Synchronizing object | Anodised window frame extrusion.010
Fra:1 Mem:482.07M (Peak 482.07M) | Time:00:00.71 | Mem:0.00M, Peak:0.00M | Scene, ViewLayer | Synchronizing object | Sealed tinted passenger pane.010
Fra:1 Mem:482.11M (Peak 482.11M) | Time:00:00.71 | Mem:0.00M, Peak:0.00M | Scene, ViewLayer | Synchronizing object | Interior rounded window sill.010
Fra:1 Mem:482.12M (Peak 482.12M) | Time:00:00.71 | Mem:0.00M, Peak:0.00M | Scene, ViewLayer | Synchronizing object | Berth range stencil.010
Fra:1 Mem:482.16M (Peak 482.16M) | Time:00:00.71 | Mem:0.00M, Peak:0.00M | Scene, ViewLayer | Synchronizing object | Rounded body aperture corner.011
Fra:1 Mem:482.18M (Peak 482.18M) | Time:00:00.71 | Mem:0.00M, Peak:0.00M | Scene, ViewLayer | Synchronizing object | Pressed window aperture corner infill.011
Fra:1 Mem:482.19M (Peak 482.19M) | Time:00:00.71 | Mem:0.00M, Peak:0.00M | Scene, ViewLayer | Synchronizing object | Window pressed reveal return.011
Fra:1 Mem:482.19M (Peak 482.19M) | Time:00:00.71 | Mem:0.00M, Peak:0.00M | Scene, ViewLayer | Synchronizing object | Continuous EPDM glazing gasket.011
Fra:1 Mem:482.21M (Peak 482.21M) | Time:00:00.71 | Mem:0.00M, Peak:0.00M | Scene, ViewLayer | Synchronizing object | Anodised window frame extrusion.011
Fra:1 Mem:482.24M (Peak 482.24M) | Time:00:00.71 | Mem:0.00M, Peak:0.00M | Scene, ViewLayer | Synchronizing object | Sealed tinted passenger pane.011
Fra:1 Mem:482.26M (Peak 482.26M) | Time:00:00.71 | Mem:0.00M, Peak:0.00M | Scene, ViewLayer | Synchronizing object | Interior rounded window sill.011
Fra:1 Mem:482.26M (Peak 482.26M) | Time:00:00.71 | Mem:0.00M, Peak:0.00M | Scene, ViewLayer | Synchronizing object | Berth range stencil.011
Fra:1 Mem:482.28M (Peak 482.28M) | Time:00:00.71 | Mem:0.00M, Peak:0.00M | Scene, ViewLayer | Synchronizing object | Rounded body aperture corner.012
Fra:1 Mem:482.28M (Peak 482.28M) | Time:00:00.71 | Mem:0.00M, Peak:0.00M | Scene, ViewLayer | Synchronizing object | Pressed window aperture corner infill.012
Fra:1 Mem:482.37M (Peak 482.37M) | Time:00:00.71 | Mem:0.00M, Peak:0.00M | Scene, ViewLayer | Synchronizing object | Window pressed reveal return.012
Fra:1 Mem:482.37M (Peak 482.37M) | Time:00:00.71 | Mem:0.00M, Peak:0.00M | Scene, ViewLayer | Synchronizing object | Continuous EPDM glazing gasket.012
Fra:1 Mem:482.41M (Peak 482.41M) | Time:00:00.71 | Mem:0.00M, Peak:0.00M | Scene, ViewLayer | Synchronizing object | Anodised window frame extrusion.012
Fra:1 Mem:482.44M (Peak 482.44M) | Time:00:00.71 | Mem:0.00M, Peak:0.00M | Scene, ViewLayer | Synchronizing object | Sealed tinted passenger pane.012
Fra:1 Mem:482.45M (Peak 482.45M) | Time:00:00.71 | Mem:0.00M, Peak:0.00M | Scene, ViewLayer | Synchronizing object | Interior rounded window sill.012
Fra:1 Mem:482.46M (Peak 482.46M) | Time:00:00.71 | Mem:0.00M, Peak:0.00M | Scene, ViewLayer | Synchronizing object | Berth range stencil.012
Fra:1 Mem:482.49M (Peak 482.49M) | Time:00:00.71 | Mem:0.00M, Peak:0.00M | Scene, ViewLayer | Synchronizing object | Rounded body aperture corner.013
Fra:1 Mem:482.58M (Peak 482.58M) | Time:00:00.71 | Mem:0.00M, Peak:0.00M | Scene, ViewLayer | Synchronizing object | Pressed window aperture corner infill.013
Fra:1 Mem:482.59M (Peak 482.59M) | Time:00:00.71 | Mem:0.00M, Peak:0.00M | Scene, ViewLayer | Synchronizing object | Window pressed reveal return.013
Fra:1 Mem:482.60M (Peak 482.60M) | Time:00:00.71 | Mem:0.00M, Peak:0.00M | Scene, ViewLayer | Synchronizing object | Continuous EPDM glazing gasket.013
Fra:1 Mem:482.63M (Peak 482.63M) | Time:00:00.71 | Mem:0.00M, Peak:0.00M | Scene, ViewLayer | Synchronizing object | Anodised window frame extrusion.013
Fra:1 Mem:482.67M (Peak 482.67M) | Time:00:00.71 | Mem:0.00M, Peak:0.00M | Scene, ViewLayer | Synchronizing object | Sealed tinted passenger pane.013
Fra:1 Mem:482.68M (Peak 482.68M) | Time:00:00.71 | Mem:0.00M, Peak:0.00M | Scene, ViewLayer | Synchronizing object | Interior rounded window sill.013
Fra:1 Mem:482.69M (Peak 482.69M) | Time:00:00.71 | Mem:0.00M, Peak:0.00M | Scene, ViewLayer | Synchronizing object | Berth range stencil.013
Fra:1 Mem:482.70M (Peak 482.70M) | Time:00:00.71 | Mem:0.00M, Peak:0.00M | Scene, ViewLayer | Synchronizing object | Rounded body aperture corner.014
Fra:1 Mem:482.72M (Peak 482.72M) | Time:00:00.71 | Mem:0.00M, Peak:0.00M | Scene, ViewLayer | Synchronizing object | Pressed window aperture corner infill.014
Fra:1 Mem:482.77M (Peak 482.77M) | Time:00:00.71 | Mem:0.00M, Peak:0.00M | Scene, ViewLayer | Synchronizing object | Window pressed reveal return.014
Fra:1 Mem:482.77M (Peak 482.77M) | Time:00:00.71 | Mem:0.00M, Peak:0.00M | Scene, ViewLayer | Synchronizing object | Continuous EPDM glazing gasket.014
Fra:1 Mem:482.80M (Peak 482.80M) | Time:00:00.71 | Mem:0.00M, Peak:0.00M | Scene, ViewLayer | Synchronizing object | Anodised window frame extrusion.014
Fra:1 Mem:482.82M (Peak 482.82M) | Time:00:00.71 | Mem:0.00M, Peak:0.00M | Scene, ViewLayer | Synchronizing object | Sealed tinted passenger pane.014
Fra:1 Mem:482.85M (Peak 482.85M) | Time:00:00.71 | Mem:0.00M, Peak:0.00M | Scene, ViewLayer | Synchronizing object | Interior rounded window sill.014
Fra:1 Mem:482.85M (Peak 482.85M) | Time:00:00.71 | Mem:0.00M, Peak:0.00M | Scene, ViewLayer | Synchronizing object | Emergency window stencil.003
Fra:1 Mem:482.85M (Peak 482.85M) | Time:00:00.71 | Mem:0.00M, Peak:0.00M | Scene, ViewLayer | Synchronizing object | Emergency red release indicator.006
Fra:1 Mem:482.89M (Peak 482.89M) | Time:00:00.71 | Mem:0.00M, Peak:0.00M | Scene, ViewLayer | Synchronizing object | Emergency red release indicator.007
Fra:1 Mem:482.89M (Peak 482.89M) | Time:00:00.71 | Mem:0.00M, Peak:0.00M | Scene, ViewLayer | Synchronizing object | Berth range stencil.014
Fra:1 Mem:482.97M (Peak 482.97M) | Time:00:00.71 | Mem:0.00M, Peak:0.00M | Scene, ViewLayer | Synchronizing object | Rounded body aperture corner.015
Fra:1 Mem:483.10M (Peak 483.10M) | Time:00:00.71 | Mem:0.00M, Peak:0.00M | Scene, ViewLayer | Synchronizing object | Pressed window aperture corner infill.015
Fra:1 Mem:483.11M (Peak 483.11M) | Time:00:00.71 | Mem:0.00M, Peak:0.00M | Scene, ViewLayer | Synchronizing object | Window pressed reveal return.015
Fra:1 Mem:483.13M (Peak 483.13M) | Time:00:00.71 | Mem:0.00M, Peak:0.00M | Scene, ViewLayer | Synchronizing object | Continuous EPDM glazing gasket.015
Fra:1 Mem:483.16M (Peak 483.16M) | Time:00:00.71 | Mem:0.00M, Peak:0.00M | Scene, ViewLayer | Synchronizing object | Anodised window frame extrusion.015
Fra:1 Mem:483.18M (Peak 483.18M) | Time:00:00.71 | Mem:0.00M, Peak:0.00M | Scene, ViewLayer | Synchronizing object | Sealed tinted passenger pane.015
Fra:1 Mem:483.21M (Peak 483.21M) | Time:00:00.71 | Mem:0.00M, Peak:0.00M | Scene, ViewLayer | Synchronizing object | Interior rounded window sill.015
Fra:1 Mem:483.22M (Peak 483.22M) | Time:00:00.71 | Mem:0.00M, Peak:0.00M | Scene, ViewLayer | Synchronizing object | Berth range stencil.015
Fra:1 Mem:483.25M (Peak 483.25M) | Time:00:00.71 | Mem:0.00M, Peak:0.00M | Scene, ViewLayer | Synchronizing object | Entrance aperture steel return.002
Fra:1 Mem:483.29M (Peak 483.29M) | Time:00:00.71 | Mem:0.00M, Peak:0.00M | Scene, ViewLayer | Synchronizing object | Entrance door weatherseal.002
Fra:1 Mem:483.28M (Peak 483.29M) | Time:00:00.71 | Mem:0.00M, Peak:0.00M | Scene, ViewLayer | Synchronizing object | Entrance pressed steel door panel.004
Fra:1 Mem:483.31M (Peak 483.31M) | Time:00:00.71 | Mem:0.00M, Peak:0.00M | Scene, ViewLayer | Synchronizing object | Entrance pressed steel door panel.005
Fra:1 Mem:483.32M (Peak 483.32M) | Time:00:00.71 | Mem:0.00M, Peak:0.00M | Scene, ViewLayer | Synchronizing object | Entrance glazed opening side rail.004
Fra:1 Mem:483.33M (Peak 483.33M) | Time:00:00.71 | Mem:0.00M, Peak:0.00M | Scene, ViewLayer | Synchronizing object | Entrance glazed opening side rail.005
Fra:1 Mem:483.34M (Peak 483.34M) | Time:00:00.71 | Mem:0.00M, Peak:0.00M | Scene, ViewLayer | Synchronizing object | Door window band lower paint strip.002
Fra:1 Mem:483.35M (Peak 483.35M) | Time:00:00.71 | Mem:0.00M, Peak:0.00M | Scene, ViewLayer | Synchronizing object | Door window band upper paint strip.002
Fra:1 Mem:483.35M (Peak 483.35M) | Time:00:00.71 | Mem:0.00M, Peak:0.00M | Scene, ViewLayer | Synchronizing object | Entrance window gasket.002
Fra:1 Mem:483.35M (Peak 483.35M) | Time:00:00.71 | Mem:0.00M, Peak:0.00M | Scene, ViewLayer | Synchronizing object | Entrance clear door glazing.002
Fra:1 Mem:483.38M (Peak 483.38M) | Time:00:00.71 | Mem:0.00M, Peak:0.00M | Scene, ViewLayer | Synchronizing object | Pressed door lower panel bead.004
Fra:1 Mem:483.39M (Peak 483.39M) | Time:00:00.71 | Mem:0.00M, Peak:0.00M | Scene, ViewLayer | Synchronizing object | Pressed door lower panel bead.005
Fra:1 Mem:483.42M (Peak 483.42M) | Time:00:00.71 | Mem:0.00M, Peak:0.00M | Scene, ViewLayer | Synchronizing object | Door hinge knuckle.006
Fra:1 Mem:483.43M (Peak 483.43M) | Time:00:00.71 | Mem:0.00M, Peak:0.00M | Scene, ViewLayer | Synchronizing object | Door hinge plate.012
Fra:1 Mem:483.43M (Peak 483.43M) | Time:00:00.71 | Mem:0.00M, Peak:0.00M | Scene, ViewLayer | Synchronizing object | Door hinge plate.013
Fra:1 Mem:483.45M (Peak 483.45M) | Time:00:00.71 | Mem:0.00M, Peak:0.00M | Scene, ViewLayer | Synchronizing object | Door hinge knuckle.007
Fra:1 Mem:483.45M (Peak 483.45M) | Time:00:00.71 | Mem:0.00M, Peak:0.00M | Scene, ViewLayer | Synchronizing object | Door hinge plate.014
Fra:1 Mem:483.46M (Peak 483.46M) | Time:00:00.71 | Mem:0.00M, Peak:0.00M | Scene, ViewLayer | Synchronizing object | Door hinge plate.015
Fra:1 Mem:483.47M (Peak 483.47M) | Time:00:00.71 | Mem:0.00M, Peak:0.00M | Scene, ViewLayer | Synchronizing object | Door hinge knuckle.008
Fra:1 Mem:483.48M (Peak 483.48M) | Time:00:00.71 | Mem:0.00M, Peak:0.00M | Scene, ViewLayer | Synchronizing object | Door hinge plate.016
Fra:1 Mem:483.48M (Peak 483.48M) | Time:00:00.71 | Mem:0.00M, Peak:0.00M | Scene, ViewLayer | Synchronizing object | Door polished pull.002
Fra:1 Mem:483.50M (Peak 483.50M) | Time:00:00.71 | Mem:0.00M, Peak:0.00M | Scene, ViewLayer | Synchronizing object | Door handle mounting boss.004
Fra:1 Mem:483.50M (Peak 483.50M) | Time:00:00.71 | Mem:0.00M, Peak:0.00M | Scene, ViewLayer | Synchronizing object | Door handle mounting boss.005
Fra:1 Mem:483.50M (Peak 483.50M) | Time:00:00.71 | Mem:0.00M, Peak:0.00M | Scene, ViewLayer | Synchronizing object | Door lock escutcheon.002
Fra:1 Mem:483.51M (Peak 483.51M) | Time:00:00.71 | Mem:0.00M, Peak:0.00M | Scene, ViewLayer | Synchronizing object | Door key slot.002
Fra:1 Mem:483.51M (Peak 483.51M) | Time:00:00.71 | Mem:0.00M, Peak:0.00M | Scene, ViewLayer | Synchronizing object | Bent entrance stainless grabrail.004
Fra:1 Mem:483.52M (Peak 483.52M) | Time:00:00.71 | Mem:0.00M, Peak:0.00M | Scene, ViewLayer | Synchronizing object | Grabrail mounting pad.008
Fra:1 Mem:483.52M (Peak 483.52M) | Time:00:00.71 | Mem:0.00M, Peak:0.00M | Scene, ViewLayer | Synchronizing object | Grabrail mounting pad.009
Fra:1 Mem:483.54M (Peak 483.54M) | Time:00:00.71 | Mem:0.00M, Peak:0.00M | Scene, ViewLayer | Synchronizing object | Bent entrance stainless grabrail.005
Fra:1 Mem:483.54M (Peak 483.54M) | Time:00:00.71 | Mem:0.00M, Peak:0.00M | Scene, ViewLayer | Synchronizing object | Grabrail mounting pad.011
Fra:1 Mem:483.56M (Peak 483.56M) | Time:00:00.71 | Mem:0.00M, Peak:0.00M | Scene, ViewLayer | Synchronizing object | Entrance ladder perforated tread.008
Fra:1 Mem:483.56M (Peak 483.56M) | Time:00:00.71 | Mem:0.00M, Peak:0.00M | Scene, ViewLayer | Synchronizing object | Entry tread raised antislip ridge.121
Fra:1 Mem:483.59M (Peak 483.59M) | Time:00:00.71 | Mem:0.00M, Peak:0.00M | Scene, ViewLayer | Synchronizing object | Entry tread raised antislip ridge.122
Fra:1 Mem:483.59M (Peak 483.59M) | Time:00:00.71 | Mem:0.00M, Peak:0.00M | Scene, ViewLayer | Synchronizing object | Entry tread raised antislip ridge.123
Fra:1 Mem:483.59M (Peak 483.59M) | Time:00:00.71 | Mem:0.00M, Peak:0.00M | Scene, ViewLayer | Synchronizing object | Entry tread raised antislip ridge.124
Fra:1 Mem:483.61M (Peak 483.61M) | Time:00:00.71 | Mem:0.00M, Peak:0.00M | Scene, ViewLayer | Synchronizing object | Entry tread raised antislip ridge.125
Fra:1 Mem:483.62M (Peak 483.62M) | Time:00:00.71 | Mem:0.00M, Peak:0.00M | Scene, ViewLayer | Synchronizing object | Entry tread raised antislip ridge.126
Fra:1 Mem:483.62M (Peak 483.62M) | Time:00:00.71 | Mem:0.00M, Peak:0.00M | Scene, ViewLayer | Synchronizing object | Entry tread raised antislip ridge.127
Fra:1 Mem:483.64M (Peak 483.64M) | Time:00:00.71 | Mem:0.00M, Peak:0.00M | Scene, ViewLayer | Synchronizing object | Entry tread raised antislip ridge.128
Fra:1 Mem:483.65M (Peak 483.65M) | Time:00:00.71 | Mem:0.00M, Peak:0.00M | Scene, ViewLayer | Synchronizing object | Entry tread raised antislip ridge.129
Fra:1 Mem:483.65M (Peak 483.65M) | Time:00:00.71 | Mem:0.00M, Peak:0.00M | Scene, ViewLayer | Synchronizing object | Entry tread raised antislip ridge.130
Fra:1 Mem:483.66M (Peak 483.66M) | Time:00:00.71 | Mem:0.00M, Peak:0.00M | Scene, ViewLayer | Synchronizing object | Entry tread raised antislip ridge.131
Fra:1 Mem:483.67M (Peak 483.67M) | Time:00:00.71 | Mem:0.00M, Peak:0.00M | Scene, ViewLayer | Synchronizing object | Entry tread raised antislip ridge.133
Fra:1 Mem:483.69M (Peak 483.69M) | Time:00:00.71 | Mem:0.00M, Peak:0.00M | Scene, ViewLayer | Synchronizing object | Entry tread raised antislip ridge.134
Fra:1 Mem:483.69M (Peak 483.69M) | Time:00:00.71 | Mem:0.00M, Peak:0.00M | Scene, ViewLayer | Synchronizing object | Entry tread raised antislip ridge.135
Fra:1 Mem:483.72M (Peak 483.72M) | Time:00:00.71 | Mem:0.00M, Peak:0.00M | Scene, ViewLayer | Synchronizing object | Entry tread raised antislip ridge.136
Fra:1 Mem:483.72M (Peak 483.72M) | Time:00:00.71 | Mem:0.00M, Peak:0.00M | Scene, ViewLayer | Synchronizing object | Entry tread raised antislip ridge.137
Fra:1 Mem:483.72M (Peak 483.72M) | Time:00:00.71 | Mem:0.00M, Peak:0.00M | Scene, ViewLayer | Synchronizing object | Entry tread raised antislip ridge.138
Fra:1 Mem:483.74M (Peak 483.74M) | Time:00:00.71 | Mem:0.00M, Peak:0.00M | Scene, ViewLayer | Synchronizing object | Entry tread raised antislip ridge.139
Fra:1 Mem:483.75M (Peak 483.75M) | Time:00:00.71 | Mem:0.00M, Peak:0.00M | Scene, ViewLayer | Synchronizing object | Entry tread raised antislip ridge.140
Fra:1 Mem:483.75M (Peak 483.75M) | Time:00:00.71 | Mem:0.00M, Peak:0.00M | Scene, ViewLayer | Synchronizing object | Entry tread raised antislip ridge.141
Fra:1 Mem:483.77M (Peak 483.77M) | Time:00:00.71 | Mem:0.00M, Peak:0.00M | Scene, ViewLayer | Synchronizing object | Entry tread raised antislip ridge.142
Fra:1 Mem:483.77M (Peak 483.77M) | Time:00:00.71 | Mem:0.00M, Peak:0.00M | Scene, ViewLayer | Synchronizing object | Entry tread raised antislip ridge.144
Fra:1 Mem:483.79M (Peak 483.79M) | Time:00:00.71 | Mem:0.00M, Peak:0.00M | Scene, ViewLayer | Synchronizing object | Entry tread raised antislip ridge.145
Fra:1 Mem:483.80M (Peak 483.80M) | Time:00:00.71 | Mem:0.00M, Peak:0.00M | Scene, ViewLayer | Synchronizing object | Entry tread raised antislip ridge.146
Fra:1 Mem:483.81M (Peak 483.81M) | Time:00:00.71 | Mem:0.00M, Peak:0.00M | Scene, ViewLayer | Synchronizing object | Entry tread raised antislip ridge.147
Fra:1 Mem:483.81M (Peak 483.81M) | Time:00:00.71 | Mem:0.00M, Peak:0.00M | Scene, ViewLayer | Synchronizing object | Entry tread raised antislip ridge.148
Fra:1 Mem:483.82M (Peak 483.82M) | Time:00:00.71 | Mem:0.00M, Peak:0.00M | Scene, ViewLayer | Synchronizing object | Entry tread raised antislip ridge.149
Fra:1 Mem:483.83M (Peak 483.83M) | Time:00:00.71 | Mem:0.00M, Peak:0.00M | Scene, ViewLayer | Synchronizing object | Entrance ladder perforated tread.010
Fra:1 Mem:483.84M (Peak 483.84M) | Time:00:00.71 | Mem:0.00M, Peak:0.00M | Scene, ViewLayer | Synchronizing object | Entry tread raised antislip ridge.150
Fra:1 Mem:483.85M (Peak 483.85M) | Time:00:00.71 | Mem:0.00M, Peak:0.00M | Scene, ViewLayer | Synchronizing object | Entry tread raised antislip ridge.151
Fra:1 Mem:483.85M (Peak 483.85M) | Time:00:00.71 | Mem:0.00M, Peak:0.00M | Scene, ViewLayer | Synchronizing object | Entry tread raised antislip ridge.152
Fra:1 Mem:483.87M (Peak 483.87M) | Time:00:00.71 | Mem:0.00M, Peak:0.00M | Scene, ViewLayer | Synchronizing object | Entry tread raised antislip ridge.153
Fra:1 Mem:483.87M (Peak 483.87M) | Time:00:00.71 | Mem:0.00M, Peak:0.00M | Scene, ViewLayer | Synchronizing object | Entry tread raised antislip ridge.154
Fra:1 Mem:483.88M (Peak 483.88M) | Time:00:00.71 | Mem:0.00M, Peak:0.00M | Scene, ViewLayer | Synchronizing object | Entry tread raised antislip ridge.155
Fra:1 Mem:483.89M (Peak 483.89M) | Time:00:00.71 | Mem:0.00M, Peak:0.00M | Scene, ViewLayer | Synchronizing object | Entry tread raised antislip ridge.156
Fra:1 Mem:483.89M (Peak 483.89M) | Time:00:00.71 | Mem:0.00M, Peak:0.00M | Scene, ViewLayer | Synchronizing object | Entry tread raised antislip ridge.157
Fra:1 Mem:483.91M (Peak 483.91M) | Time:00:00.71 | Mem:0.00M, Peak:0.00M | Scene, ViewLayer | Synchronizing object | Entry tread raised antislip ridge.158
Fra:1 Mem:483.91M (Peak 483.91M) | Time:00:00.71 | Mem:0.00M, Peak:0.00M | Scene, ViewLayer | Synchronizing object | Entry tread raised antislip ridge.159
Fra:1 Mem:483.92M (Peak 483.92M) | Time:00:00.71 | Mem:0.00M, Peak:0.00M | Scene, ViewLayer | Synchronizing object | Entry tread raised antislip ridge.160
Fra:1 Mem:483.93M (Peak 483.93M) | Time:00:00.71 | Mem:0.00M, Peak:0.00M | Scene, ViewLayer | Synchronizing object | Entry tread raised antislip ridge.161
Fra:1 Mem:483.95M (Peak 483.95M) | Time:00:00.71 | Mem:0.00M, Peak:0.00M | Scene, ViewLayer | Synchronizing object | Entry tread raised antislip ridge.162
Fra:1 Mem:483.95M (Peak 483.95M) | Time:00:00.71 | Mem:0.00M, Peak:0.00M | Scene, ViewLayer | Synchronizing object | Entry tread raised antislip ridge.164
Fra:1 Mem:483.97M (Peak 483.97M) | Time:00:00.71 | Mem:0.00M, Peak:0.00M | Scene, ViewLayer | Synchronizing object | Entrance ladder perforated tread.011
Fra:1 Mem:483.97M (Peak 483.97M) | Time:00:00.71 | Mem:0.00M, Peak:0.00M | Scene, ViewLayer | Synchronizing object | Entry tread raised antislip ridge.166
Fra:1 Mem:484.00M (Peak 484.00M) | Time:00:00.71 | Mem:0.00M, Peak:0.00M | Scene, ViewLayer | Synchronizing object | Entry tread raised antislip ridge.167
Fra:1 Mem:484.00M (Peak 484.00M) | Time:00:00.71 | Mem:0.00M, Peak:0.00M | Scene, ViewLayer | Synchronizing object | Entry tread raised antislip ridge.168
Fra:1 Mem:484.00M (Peak 484.00M) | Time:00:00.71 | Mem:0.00M, Peak:0.00M | Scene, ViewLayer | Synchronizing object | Entry tread raised antislip ridge.169
Fra:1 Mem:484.02M (Peak 484.02M) | Time:00:00.71 | Mem:0.00M, Peak:0.00M | Scene, ViewLayer | Synchronizing object | Entry tread raised antislip ridge.170
Fra:1 Mem:484.02M (Peak 484.02M) | Time:00:00.71 | Mem:0.00M, Peak:0.00M | Scene, ViewLayer | Synchronizing object | Entry tread raised antislip ridge.171
Fra:1 Mem:484.03M (Peak 484.03M) | Time:00:00.71 | Mem:0.00M, Peak:0.00M | Scene, ViewLayer | Synchronizing object | Entry tread raised antislip ridge.172
Fra:1 Mem:484.05M (Peak 484.05M) | Time:00:00.71 | Mem:0.00M, Peak:0.00M | Scene, ViewLayer | Synchronizing object | Entry tread raised antislip ridge.173
Fra:1 Mem:484.05M (Peak 484.05M) | Time:00:00.71 | Mem:0.00M, Peak:0.00M | Scene, ViewLayer | Synchronizing object | Entry tread raised antislip ridge.175
Fra:1 Mem:484.08M (Peak 484.08M) | Time:00:00.71 | Mem:0.00M, Peak:0.00M | Scene, ViewLayer | Synchronizing object | Entry tread raised antislip ridge.176
Fra:1 Mem:484.08M (Peak 484.08M) | Time:00:00.71 | Mem:0.00M, Peak:0.00M | Scene, ViewLayer | Synchronizing object | Entry tread raised antislip ridge.178
Fra:1 Mem:484.09M (Peak 484.09M) | Time:00:00.71 | Mem:0.00M, Peak:0.00M | Scene, ViewLayer | Synchronizing object | Entry tread raised antislip ridge.179
Fra:1 Mem:484.11M (Peak 484.11M) | Time:00:00.71 | Mem:0.00M, Peak:0.00M | Scene, ViewLayer | Synchronizing object | Entrance ladder angle stringer.004
Fra:1 Mem:484.11M (Peak 484.11M) | Time:00:00.71 | Mem:0.00M, Peak:0.00M | Scene, ViewLayer | Synchronizing object | Entrance ladder angle stringer.005
Fra:1 Mem:484.11M (Peak 484.11M) | Time:00:00.71 | Mem:0.00M, Peak:0.00M | Scene, ViewLayer | Synchronizing object | Door instruction.002
Fra:1 Mem:484.15M (Peak 484.15M) | Time:00:00.71 | Mem:0.00M, Peak:0.00M | Scene, ViewLayer | Synchronizing object | Entry lettering.002
Fra:1 Mem:484.16M (Peak 484.16M) | Time:00:00.71 | Mem:0.00M, Peak:0.00M | Scene, ViewLayer | Synchronizing object | Entrance aperture steel return.003
Fra:1 Mem:484.18M (Peak 484.18M) | Time:00:00.71 | Mem:0.00M, Peak:0.00M | Scene, ViewLayer | Synchronizing object | Entrance door weatherseal.003
Fra:1 Mem:484.22M (Peak 484.22M) | Time:00:00.71 | Mem:0.00M, Peak:0.00M | Scene, ViewLayer | Synchronizing object | Entrance pressed steel door panel.006
Fra:1 Mem:484.24M (Peak 484.24M) | Time:00:00.71 | Mem:0.00M, Peak:0.00M | Scene, ViewLayer | Synchronizing object | Entrance pressed steel door panel.007
Fra:1 Mem:484.25M (Peak 484.25M) | Time:00:00.71 | Mem:0.00M, Peak:0.00M | Scene, ViewLayer | Synchronizing object | Entrance glazed opening side rail.006
Fra:1 Mem:484.25M (Peak 484.25M) | Time:00:00.71 | Mem:0.00M, Peak:0.00M | Scene, ViewLayer | Synchronizing object | Entrance glazed opening side rail.007
Fra:1 Mem:484.25M (Peak 484.25M) | Time:00:00.71 | Mem:0.00M, Peak:0.00M | Scene, ViewLayer | Synchronizing object | Door window band lower paint strip.003
Fra:1 Mem:484.27M (Peak 484.27M) | Time:00:00.71 | Mem:0.00M, Peak:0.00M | Scene, ViewLayer | Synchronizing object | Door window band upper paint strip.003
Fra:1 Mem:484.27M (Peak 484.27M) | Time:00:00.71 | Mem:0.00M, Peak:0.00M | Scene, ViewLayer | Synchronizing object | Entrance window gasket.003
Fra:1 Mem:484.27M (Peak 484.27M) | Time:00:00.71 | Mem:0.00M, Peak:0.00M | Scene, ViewLayer | Synchronizing object | Entrance clear door glazing.003
Fra:1 Mem:484.27M (Peak 484.27M) | Time:00:00.71 | Mem:0.00M, Peak:0.00M | Scene, ViewLayer | Synchronizing object | Pressed door lower panel bead.006
Fra:1 Mem:484.32M (Peak 484.32M) | Time:00:00.71 | Mem:0.00M, Peak:0.00M | Scene, ViewLayer | Synchronizing object | Pressed door lower panel bead.007
Fra:1 Mem:484.34M (Peak 484.34M) | Time:00:00.71 | Mem:0.00M, Peak:0.00M | Scene, ViewLayer | Synchronizing object | Door hinge knuckle.009
Fra:1 Mem:484.35M (Peak 484.35M) | Time:00:00.71 | Mem:0.00M, Peak:0.00M | Scene, ViewLayer | Synchronizing object | Door hinge plate.018
Fra:1 Mem:484.35M (Peak 484.35M) | Time:00:00.71 | Mem:0.00M, Peak:0.00M | Scene, ViewLayer | Synchronizing object | Door hinge knuckle.010
Fra:1 Mem:484.37M (Peak 484.37M) | Time:00:00.71 | Mem:0.00M, Peak:0.00M | Scene, ViewLayer | Synchronizing object | Door hinge plate.020
Fra:1 Mem:484.37M (Peak 484.37M) | Time:00:00.71 | Mem:0.00M, Peak:0.00M | Scene, ViewLayer | Synchronizing object | Door hinge knuckle.011
Fra:1 Mem:484.39M (Peak 484.39M) | Time:00:00.71 | Mem:0.00M, Peak:0.00M | Scene, ViewLayer | Synchronizing object | Door hinge plate.022
Fra:1 Mem:484.39M (Peak 484.39M) | Time:00:00.71 | Mem:0.00M, Peak:0.00M | Scene, ViewLayer | Synchronizing object | Door hinge plate.023
Fra:1 Mem:484.41M (Peak 484.41M) | Time:00:00.71 | Mem:0.00M, Peak:0.00M | Scene, ViewLayer | Synchronizing object | Door polished pull.003
Fra:1 Mem:484.43M (Peak 484.43M) | Time:00:00.71 | Mem:0.00M, Peak:0.00M | Scene, ViewLayer | Synchronizing object | Door handle mounting boss.007
Fra:1 Mem:484.43M (Peak 484.43M) | Time:00:00.71 | Mem:0.00M, Peak:0.00M | Scene, ViewLayer | Synchronizing object | Door lock escutcheon.003
Fra:1 Mem:484.43M (Peak 484.43M) | Time:00:00.71 | Mem:0.00M, Peak:0.00M | Scene, ViewLayer | Synchronizing object | Door key slot.003
Fra:1 Mem:484.44M (Peak 484.44M) | Time:00:00.71 | Mem:0.00M, Peak:0.00M | Scene, ViewLayer | Synchronizing object | Bent entrance stainless grabrail.006
Fra:1 Mem:484.44M (Peak 484.44M) | Time:00:00.71 | Mem:0.00M, Peak:0.00M | Scene, ViewLayer | Synchronizing object | Grabrail mounting pad.012
Fra:1 Mem:484.46M (Peak 484.46M) | Time:00:00.71 | Mem:0.00M, Peak:0.00M | Scene, ViewLayer | Synchronizing object | Grabrail mounting pad.013
Fra:1 Mem:484.46M (Peak 484.46M) | Time:00:00.71 | Mem:0.00M, Peak:0.00M | Scene, ViewLayer | Synchronizing object | Bent entrance stainless grabrail.007
Fra:1 Mem:484.47M (Peak 484.47M) | Time:00:00.71 | Mem:0.00M, Peak:0.00M | Scene, ViewLayer | Synchronizing object | Grabrail mounting pad.014
Fra:1 Mem:484.48M (Peak 484.48M) | Time:00:00.71 | Mem:0.00M, Peak:0.00M | Scene, ViewLayer | Synchronizing object | Grabrail mounting pad.015
Fra:1 Mem:484.48M (Peak 484.48M) | Time:00:00.71 | Mem:0.00M, Peak:0.00M | Scene, ViewLayer | Synchronizing object | Entrance ladder perforated tread.012
Fra:1 Mem:484.49M (Peak 484.49M) | Time:00:00.71 | Mem:0.00M, Peak:0.00M | Scene, ViewLayer | Synchronizing object | Entry tread raised antislip ridge.180
Fra:1 Mem:484.50M (Peak 484.50M) | Time:00:00.71 | Mem:0.00M, Peak:0.00M | Scene, ViewLayer | Synchronizing object | Entry tread raised antislip ridge.181
Fra:1 Mem:484.51M (Peak 484.51M) | Time:00:00.71 | Mem:0.00M, Peak:0.00M | Scene, ViewLayer | Synchronizing object | Entry tread raised antislip ridge.182
Fra:1 Mem:484.51M (Peak 484.51M) | Time:00:00.71 | Mem:0.00M, Peak:0.00M | Scene, ViewLayer | Synchronizing object | Entry tread raised antislip ridge.183
Fra:1 Mem:484.53M (Peak 484.53M) | Time:00:00.71 | Mem:0.00M, Peak:0.00M | Scene, ViewLayer | Synchronizing object | Entry tread raised antislip ridge.184
Fra:1 Mem:484.53M (Peak 484.53M) | Time:00:00.71 | Mem:0.00M, Peak:0.00M | Scene, ViewLayer | Synchronizing object | Entry tread raised antislip ridge.186
Fra:1 Mem:484.56M (Peak 484.56M) | Time:00:00.71 | Mem:0.00M, Peak:0.00M | Scene, ViewLayer | Synchronizing object | Entry tread raised antislip ridge.187
Fra:1 Mem:484.56M (Peak 484.56M) | Time:00:00.71 | Mem:0.00M, Peak:0.00M | Scene, ViewLayer | Synchronizing object | Entry tread raised antislip ridge.188
Fra:1 Mem:484.56M (Peak 484.56M) | Time:00:00.71 | Mem:0.00M, Peak:0.00M | Scene, ViewLayer | Synchronizing object | Entry tread raised antislip ridge.189
Fra:1 Mem:484.58M (Peak 484.58M) | Time:00:00.71 | Mem:0.00M, Peak:0.00M | Scene, ViewLayer | Synchronizing object | Entry tread raised antislip ridge.190
Fra:1 Mem:484.59M (Peak 484.59M) | Time:00:00.71 | Mem:0.00M, Peak:0.00M | Scene, ViewLayer | Synchronizing object | Entry tread raised antislip ridge.191
Fra:1 Mem:484.60M (Peak 484.60M) | Time:00:00.71 | Mem:0.00M, Peak:0.00M | Scene, ViewLayer | Synchronizing object | Entry tread raised antislip ridge.192
Fra:1 Mem:484.60M (Peak 484.60M) | Time:00:00.71 | Mem:0.00M, Peak:0.00M | Scene, ViewLayer | Synchronizing object | Entry tread raised antislip ridge.194
Fra:1 Mem:484.62M (Peak 484.62M) | Time:00:00.71 | Mem:0.00M, Peak:0.00M | Scene, ViewLayer | Synchronizing object | Entrance ladder perforated tread.013
Fra:1 Mem:484.62M (Peak 484.62M) | Time:00:00.71 | Mem:0.00M, Peak:0.00M | Scene, ViewLayer | Synchronizing object | Entry tread raised antislip ridge.195
Fra:1 Mem:484.63M (Peak 484.63M) | Time:00:00.71 | Mem:0.00M, Peak:0.00M | Scene, ViewLayer | Synchronizing object | Entry tread raised antislip ridge.196
Fra:1 Mem:484.64M (Peak 484.64M) | Time:00:00.71 | Mem:0.00M, Peak:0.00M | Scene, ViewLayer | Synchronizing object | Entry tread raised antislip ridge.197
Fra:1 Mem:484.65M (Peak 484.65M) | Time:00:00.71 | Mem:0.00M, Peak:0.00M | Scene, ViewLayer | Synchronizing object | Entry tread raised antislip ridge.198
Fra:1 Mem:484.66M (Peak 484.66M) | Time:00:00.71 | Mem:0.00M, Peak:0.00M | Scene, ViewLayer | Synchronizing object | Entry tread raised antislip ridge.199
Fra:1 Mem:484.67M (Peak 484.67M) | Time:00:00.71 | Mem:0.00M, Peak:0.00M | Scene, ViewLayer | Synchronizing object | Entry tread raised antislip ridge.200
Fra:1 Mem:484.67M (Peak 484.67M) | Time:00:00.71 | Mem:0.00M, Peak:0.00M | Scene, ViewLayer | Synchronizing object | Entry tread raised antislip ridge.202
Fra:1 Mem:484.69M (Peak 484.69M) | Time:00:00.71 | Mem:0.00M, Peak:0.00M | Scene, ViewLayer | Synchronizing object | Entry tread raised antislip ridge.203
Fra:1 Mem:484.71M (Peak 484.71M) | Time:00:00.71 | Mem:0.00M, Peak:0.00M | Scene, ViewLayer | Synchronizing object | Entry tread raised antislip ridge.204
Fra:1 Mem:484.71M (Peak 484.71M) | Time:00:00.71 | Mem:0.00M, Peak:0.00M | Scene, ViewLayer | Synchronizing object | Entry tread raised antislip ridge.206
Fra:1 Mem:484.73M (Peak 484.73M) | Time:00:00.71 | Mem:0.00M, Peak:0.00M | Scene, ViewLayer | Synchronizing object | Entry tread raised antislip ridge.207
Fra:1 Mem:484.73M (Peak 484.73M) | Time:00:00.71 | Mem:0.00M, Peak:0.00M | Scene, ViewLayer | Synchronizing object | Entry tread raised antislip ridge.209
Fra:1 Mem:484.76M (Peak 484.76M) | Time:00:00.71 | Mem:0.00M, Peak:0.00M | Scene, ViewLayer | Synchronizing object | Entrance ladder perforated tread.014
Fra:1 Mem:484.76M (Peak 484.76M) | Time:00:00.71 | Mem:0.00M, Peak:0.00M | Scene, ViewLayer | Synchronizing object | Entry tread raised antislip ridge.210
Fra:1 Mem:484.77M (Peak 484.77M) | Time:00:00.71 | Mem:0.00M, Peak:0.00M | Scene, ViewLayer | Synchronizing object | Entry tread raised antislip ridge.211
Fra:1 Mem:484.78M (Peak 484.78M) | Time:00:00.71 | Mem:0.00M, Peak:0.00M | Scene, ViewLayer | Synchronizing object | Entry tread raised antislip ridge.212
Fra:1 Mem:484.79M (Peak 484.79M) | Time:00:00.71 | Mem:0.00M, Peak:0.00M | Scene, ViewLayer | Synchronizing object | Entry tread raised antislip ridge.213
Fra:1 Mem:484.80M (Peak 484.80M) | Time:00:00.71 | Mem:0.00M, Peak:0.00M | Scene, ViewLayer | Synchronizing object | Entry tread raised antislip ridge.214
Fra:1 Mem:484.80M (Peak 484.80M) | Time:00:00.71 | Mem:0.00M, Peak:0.00M | Scene, ViewLayer | Synchronizing object | Entry tread raised antislip ridge.215
Fra:1 Mem:484.81M (Peak 484.81M) | Time:00:00.71 | Mem:0.00M, Peak:0.00M | Scene, ViewLayer | Synchronizing object | Entry tread raised antislip ridge.216
Fra:1 Mem:484.83M (Peak 484.83M) | Time:00:00.71 | Mem:0.00M, Peak:0.00M | Scene, ViewLayer | Synchronizing object | Entry tread raised antislip ridge.217
Fra:1 Mem:484.83M (Peak 484.83M) | Time:00:00.71 | Mem:0.00M, Peak:0.00M | Scene, ViewLayer | Synchronizing object | Entry tread raised antislip ridge.218
Fra:1 Mem:484.83M (Peak 484.83M) | Time:00:00.71 | Mem:0.00M, Peak:0.00M | Scene, ViewLayer | Synchronizing object | Entry tread raised antislip ridge.219
Fra:1 Mem:484.85M (Peak 484.85M) | Time:00:00.71 | Mem:0.00M, Peak:0.00M | Scene, ViewLayer | Synchronizing object | Entry tread raised antislip ridge.220
Fra:1 Mem:484.86M (Peak 484.86M) | Time:00:00.71 | Mem:0.00M, Peak:0.00M | Scene, ViewLayer | Synchronizing object | Entry tread raised antislip ridge.221
Fra:1 Mem:484.86M (Peak 484.86M) | Time:00:00.71 | Mem:0.00M, Peak:0.00M | Scene, ViewLayer | Synchronizing object | Entry tread raised antislip ridge.223
Fra:1 Mem:484.89M (Peak 484.89M) | Time:00:00.71 | Mem:0.00M, Peak:0.00M | Scene, ViewLayer | Synchronizing object | Entry tread raised antislip ridge.224
Fra:1 Mem:484.89M (Peak 484.89M) | Time:00:00.71 | Mem:0.00M, Peak:0.00M | Scene, ViewLayer | Synchronizing object | Entrance ladder perforated tread.015
Fra:1 Mem:484.89M (Peak 484.89M) | Time:00:00.71 | Mem:0.00M, Peak:0.00M | Scene, ViewLayer | Synchronizing object | Entry tread raised antislip ridge.225
Fra:1 Mem:484.91M (Peak 484.91M) | Time:00:00.71 | Mem:0.00M, Peak:0.00M | Scene, ViewLayer | Synchronizing object | Entry tread raised antislip ridge.226
Fra:1 Mem:484.91M (Peak 484.91M) | Time:00:00.71 | Mem:0.00M, Peak:0.00M | Scene, ViewLayer | Synchronizing object | Entry tread raised antislip ridge.228
Fra:1 Mem:484.94M (Peak 484.94M) | Time:00:00.71 | Mem:0.00M, Peak:0.00M | Scene, ViewLayer | Synchronizing object | Entry tread raised antislip ridge.229
Fra:1 Mem:484.94M (Peak 484.94M) | Time:00:00.71 | Mem:0.00M, Peak:0.00M | Scene, ViewLayer | Synchronizing object | Entry tread raised antislip ridge.230
Fra:1 Mem:484.94M (Peak 484.94M) | Time:00:00.71 | Mem:0.00M, Peak:0.00M | Scene, ViewLayer | Synchronizing object | Entry tread raised antislip ridge.231
Fra:1 Mem:484.96M (Peak 484.96M) | Time:00:00.71 | Mem:0.00M, Peak:0.00M | Scene, ViewLayer | Synchronizing object | Entry tread raised antislip ridge.232
Fra:1 Mem:484.97M (Peak 484.97M) | Time:00:00.71 | Mem:0.00M, Peak:0.00M | Scene, ViewLayer | Synchronizing object | Entry tread raised antislip ridge.233
Fra:1 Mem:484.97M (Peak 484.97M) | Time:00:00.71 | Mem:0.00M, Peak:0.00M | Scene, ViewLayer | Synchronizing object | Entry tread raised antislip ridge.234
Fra:1 Mem:484.98M (Peak 484.98M) | Time:00:00.71 | Mem:0.00M, Peak:0.00M | Scene, ViewLayer | Synchronizing object | Entry tread raised antislip ridge.235
Fra:1 Mem:484.99M (Peak 484.99M) | Time:00:00.71 | Mem:0.00M, Peak:0.00M | Scene, ViewLayer | Synchronizing object | Entry tread raised antislip ridge.236
Fra:1 Mem:485.00M (Peak 485.00M) | Time:00:00.71 | Mem:0.00M, Peak:0.00M | Scene, ViewLayer | Synchronizing object | Entry tread raised antislip ridge.237
Fra:1 Mem:485.00M (Peak 485.00M) | Time:00:00.71 | Mem:0.00M, Peak:0.00M | Scene, ViewLayer | Synchronizing object | Entry tread raised antislip ridge.238
Fra:1 Mem:485.01M (Peak 485.01M) | Time:00:00.71 | Mem:0.00M, Peak:0.00M | Scene, ViewLayer | Synchronizing object | Entry tread raised antislip ridge.239
Fra:1 Mem:485.03M (Peak 485.03M) | Time:00:00.71 | Mem:0.00M, Peak:0.00M | Scene, ViewLayer | Synchronizing object | Entrance ladder angle stringer.006
Fra:1 Mem:485.03M (Peak 485.03M) | Time:00:00.71 | Mem:0.00M, Peak:0.00M | Scene, ViewLayer | Synchronizing object | Door instruction.003
Fra:1 Mem:485.08M (Peak 485.08M) | Time:00:00.71 | Mem:0.00M, Peak:0.00M | Scene, ViewLayer | Synchronizing object | Entry lettering.003
Fra:1 Mem:485.08M (Peak 485.08M) | Time:00:00.71 | Mem:0.00M, Peak:0.00M | Scene, ViewLayer | Synchronizing object | Toilet window black gasket.002
Fra:1 Mem:485.14M (Peak 485.14M) | Time:00:00.71 | Mem:0.00M, Peak:0.00M | Scene, ViewLayer | Synchronizing object | Obscure toilet glass.002
Fra:1 Mem:485.16M (Peak 485.16M) | Time:00:00.71 | Mem:0.00M, Peak:0.00M | Scene, ViewLayer | Synchronizing object | Toilet window external bar.008
Fra:1 Mem:485.16M (Peak 485.16M) | Time:00:00.71 | Mem:0.00M, Peak:0.00M | Scene, ViewLayer | Synchronizing object | Toilet window external bar.009
Fra:1 Mem:485.16M (Peak 485.16M) | Time:00:00.71 | Mem:0.00M, Peak:0.00M | Scene, ViewLayer | Synchronizing object | Toilet window external bar.010
Fra:1 Mem:485.17M (Peak 485.17M) | Time:00:00.71 | Mem:0.00M, Peak:0.00M | Scene, ViewLayer | Synchronizing object | Toilet window external bar.011
Fra:1 Mem:485.17M (Peak 485.17M) | Time:00:00.71 | Mem:0.00M, Peak:0.00M | Scene, ViewLayer | Synchronizing object | Toilet window black gasket.003
Fra:1 Mem:485.17M (Peak 485.17M) | Time:00:00.71 | Mem:0.00M, Peak:0.00M | Scene, ViewLayer | Synchronizing object | Obscure toilet glass.003
Fra:1 Mem:485.18M (Peak 485.18M) | Time:00:00.71 | Mem:0.00M, Peak:0.00M | Scene, ViewLayer | Synchronizing object | Toilet window external bar.012
Fra:1 Mem:485.20M (Peak 485.20M) | Time:00:00.71 | Mem:0.00M, Peak:0.00M | Scene, ViewLayer | Synchronizing object | Toilet window external bar.013
Fra:1 Mem:485.20M (Peak 485.20M) | Time:00:00.71 | Mem:0.00M, Peak:0.00M | Scene, ViewLayer | Synchronizing object | Toilet window external bar.014
Fra:1 Mem:485.21M (Peak 485.21M) | Time:00:00.71 | Mem:0.00M, Peak:0.00M | Scene, ViewLayer | Synchronizing object | Toilet window external bar.015
Fra:1 Mem:485.21M (Peak 485.21M) | Time:00:00.71 | Mem:0.00M, Peak:0.00M | Scene, ViewLayer | Synchronizing object | Hindi class painted marking.001
Fra:1 Mem:485.22M (Peak 485.22M) | Time:00:00.71 | Mem:0.00M, Peak:0.00M | Scene, ViewLayer | Synchronizing object | Coach number illustrative.001
Fra:1 Mem:485.34M (Peak 485.34M) | Time:00:00.71 | Mem:0.00M, Peak:0.00M | Scene, ViewLayer | Synchronizing object | Zone initials.001
Fra:1 Mem:485.41M (Peak 485.41M) | Time:00:00.71 | Mem:0.00M, Peak:0.00M | Scene, ViewLayer | Synchronizing object | Yellow destination board.001
Fra:1 Mem:485.43M (Peak 485.43M) | Time:00:00.71 | Mem:0.00M, Peak:0.00M | Scene, ViewLayer | Synchronizing object | Route destination legend.001
Fra:1 Mem:485.56M (Peak 485.56M) | Time:00:00.71 | Mem:0.00M, Peak:0.00M | Scene, ViewLayer | Synchronizing object | Destination board mounting bracket.002
Fra:1 Mem:485.58M (Peak 485.58M) | Time:00:00.71 | Mem:0.00M, Peak:0.00M | Scene, ViewLayer | Synchronizing object | Destination board mounting bracket.003
Fra:1 Mem:485.59M (Peak 485.59M) | Time:00:00.71 | Mem:0.00M, Peak:0.00M | Scene, ViewLayer | Synchronizing object | Destination board fixing screw.004
Fra:1 Mem:485.59M (Peak 485.59M) | Time:00:00.71 | Mem:0.00M, Peak:0.00M | Scene, ViewLayer | Synchronizing object | Destination board fixing screw.005
Fra:1 Mem:485.61M (Peak 485.61M) | Time:00:00.71 | Mem:0.00M, Peak:0.00M | Scene, ViewLayer | Synchronizing object | Destination board fixing screw.006
Fra:1 Mem:485.62M (Peak 485.62M) | Time:00:00.71 | Mem:0.00M, Peak:0.00M | Scene, ViewLayer | Synchronizing object | Destination board fixing screw.007
Fra:1 Mem:485.61M (Peak 485.62M) | Time:00:00.71 | Mem:0.00M, Peak:0.00M | Scene, ViewLayer | Synchronizing object | Coach position plate.001
Fra:1 Mem:485.62M (Peak 485.62M) | Time:00:00.71 | Mem:0.00M, Peak:0.00M | Scene, ViewLayer | Synchronizing object | Coach position character.001
Fra:1 Mem:485.62M (Peak 485.62M) | Time:00:00.71 | Mem:0.00M, Peak:0.00M | Scene, ViewLayer | Synchronizing object | Technical maintenance stencil.002
Fra:1 Mem:485.65M (Peak 485.65M) | Time:00:00.71 | Mem:0.00M, Peak:0.00M | Scene, ViewLayer | Synchronizing object | Technical maintenance stencil.003
Fra:1 Mem:485.85M (Peak 485.85M) | Time:00:00.72 | Mem:0.00M, Peak:0.00M | Scene, ViewLayer | Synchronizing object | Pneumatic release stencil.001
Fra:1 Mem:486.01M (Peak 486.01M) | Time:00:00.72 | Mem:0.00M, Peak:0.00M | Scene, ViewLayer | Synchronizing object | Rounded end corner pressed skin.006
Fra:1 Mem:486.01M (Peak 486.01M) | Time:00:00.72 | Mem:0.00M, Peak:0.00M | Scene, ViewLayer | Synchronizing object | Rounded end corner pressed skin.007
Fra:1 Mem:486.05M (Peak 486.05M) | Time:00:00.72 | Mem:0.00M, Peak:0.00M | Scene, ViewLayer | Synchronizing object | Rounded end corner pressed skin.008
Fra:1 Mem:486.05M (Peak 486.05M) | Time:00:00.72 | Mem:0.00M, Peak:0.00M | Scene, ViewLayer | Synchronizing object | Rounded end corner pressed skin.009
Fra:1 Mem:486.10M (Peak 486.10M) | Time:00:00.72 | Mem:0.00M, Peak:0.00M | Scene, ViewLayer | Synchronizing object | Rounded end corner pressed skin.010
Fra:1 Mem:486.07M (Peak 486.10M) | Time:00:00.72 | Mem:0.00M, Peak:0.00M | Scene, ViewLayer | Synchronizing object | Rounded end corner pressed skin.011
Fra:1 Mem:486.07M (Peak 486.10M) | Time:00:00.72 | Mem:0.00M, Peak:0.00M | Scene, ViewLayer | Synchronizing object | Arched interior ceiling laminate
Fra:1 Mem:486.10M (Peak 486.10M) | Time:00:00.72 | Mem:0.00M, Peak:0.00M | Scene, ViewLayer | Synchronizing object | Roof sheet flush weld
Fra:1 Mem:486.12M (Peak 486.12M) | Time:00:00.72 | Mem:0.00M, Peak:0.00M | Scene, ViewLayer | Synchronizing object | Roof sheet flush weld.001
Fra:1 Mem:486.25M (Peak 486.25M) | Time:00:00.72 | Mem:0.00M, Peak:0.00M | Scene, ViewLayer | Synchronizing object | Roof sheet flush weld.002
Fra:1 Mem:486.25M (Peak 486.25M) | Time:00:00.72 | Mem:0.00M, Peak:0.00M | Scene, ViewLayer | Synchronizing object | Roof sheet flush weld.003
Fra:1 Mem:486.34M (Peak 486.34M) | Time:00:00.72 | Mem:0.00M, Peak:0.00M | Scene, ViewLayer | Synchronizing object | Roof sheet flush weld.004
Fra:1 Mem:486.36M (Peak 486.36M) | Time:00:00.72 | Mem:0.00M, Peak:0.00M | Scene, ViewLayer | Synchronizing object | Roof sheet flush weld.005
Fra:1 Mem:486.42M (Peak 486.42M) | Time:00:00.72 | Mem:0.00M, Peak:0.00M | Scene, ViewLayer | Synchronizing object | Roof sheet flush weld.006
Fra:1 Mem:486.46M (Peak 486.46M) | Time:00:00.72 | Mem:0.00M, Peak:0.00M | Scene, ViewLayer | Synchronizing object | Roof sheet flush weld.007
Fra:1 Mem:486.47M (Peak 486.47M) | Time:00:00.72 | Mem:0.00M, Peak:0.00M | Scene, ViewLayer | Synchronizing object | Roof sheet flush weld.008
Fra:1 Mem:486.50M (Peak 486.50M) | Time:00:00.72 | Mem:0.00M, Peak:0.00M | Scene, ViewLayer | Synchronizing object | Conventional underslung AC internal trunk
Fra:1 Mem:486.52M (Peak 486.52M) | Time:00:00.72 | Mem:0.00M, Peak:0.00M | Scene, ViewLayer | Synchronizing object | AC louvre diffuser backing
Fra:1 Mem:486.52M (Peak 486.52M) | Time:00:00.72 | Mem:0.00M, Peak:0.00M | Scene, ViewLayer | Synchronizing object | AC diffuser directional vane
Fra:1 Mem:486.54M (Peak 486.54M) | Time:00:00.72 | Mem:0.00M, Peak:0.00M | Scene, ViewLayer | Synchronizing object | AC diffuser directional vane.001
Fra:1 Mem:486.54M (Peak 486.54M) | Time:00:00.72 | Mem:0.00M, Peak:0.00M | Scene, ViewLayer | Synchronizing object | AC diffuser directional vane.002
Fra:1 Mem:486.55M (Peak 486.55M) | Time:00:00.72 | Mem:0.00M, Peak:0.00M | Scene, ViewLayer | Synchronizing object | AC diffuser directional vane.003
Fra:1 Mem:486.56M (Peak 486.56M) | Time:00:00.72 | Mem:0.00M, Peak:0.00M | Scene, ViewLayer | Synchronizing object | AC diffuser directional vane.004
Fra:1 Mem:486.57M (Peak 486.57M) | Time:00:00.72 | Mem:0.00M, Peak:0.00M | Scene, ViewLayer | Synchronizing object | AC diffuser directional vane.005
Fra:1 Mem:486.57M (Peak 486.57M) | Time:00:00.72 | Mem:0.00M, Peak:0.00M | Scene, ViewLayer | Synchronizing object | AC diffuser directional vane.006
Fra:1 Mem:486.59M (Peak 486.59M) | Time:00:00.72 | Mem:0.00M, Peak:0.00M | Scene, ViewLayer | Synchronizing object | AC diffuser directional vane.007
Fra:1 Mem:486.59M (Peak 486.59M) | Time:00:00.72 | Mem:0.00M, Peak:0.00M | Scene, ViewLayer | Synchronizing object | AC louvre diffuser backing.001
Fra:1 Mem:486.60M (Peak 486.60M) | Time:00:00.72 | Mem:0.00M, Peak:0.00M | Scene, ViewLayer | Synchronizing object | AC diffuser directional vane.008
Fra:1 Mem:486.61M (Peak 486.61M) | Time:00:00.72 | Mem:0.00M, Peak:0.00M | Scene, ViewLayer | Synchronizing object | AC diffuser directional vane.009
Fra:1 Mem:486.62M (Peak 486.62M) | Time:00:00.72 | Mem:0.00M, Peak:0.00M | Scene, ViewLayer | Synchronizing object | AC diffuser directional vane.011
Fra:1 Mem:486.63M (Peak 486.63M) | Time:00:00.72 | Mem:0.00M, Peak:0.00M | Scene, ViewLayer | Synchronizing object | AC diffuser directional vane.012
Fra:1 Mem:486.64M (Peak 486.64M) | Time:00:00.72 | Mem:0.00M, Peak:0.00M | Scene, ViewLayer | Synchronizing object | AC diffuser directional vane.013
Fra:1 Mem:486.64M (Peak 486.64M) | Time:00:00.72 | Mem:0.00M, Peak:0.00M | Scene, ViewLayer | Synchronizing object | AC diffuser directional vane.014
Fra:1 Mem:486.66M (Peak 486.66M) | Time:00:00.72 | Mem:0.00M, Peak:0.00M | Scene, ViewLayer | Synchronizing object | AC diffuser directional vane.015
Fra:1 Mem:486.66M (Peak 486.66M) | Time:00:00.72 | Mem:0.00M, Peak:0.00M | Scene, ViewLayer | Synchronizing object | AC louvre diffuser backing.002
Fra:1 Mem:486.68M (Peak 486.68M) | Time:00:00.72 | Mem:0.00M, Peak:0.00M | Scene, ViewLayer | Synchronizing object | AC diffuser directional vane.016
Fra:1 Mem:486.68M (Peak 486.68M) | Time:00:00.72 | Mem:0.00M, Peak:0.00M | Scene, ViewLayer | Synchronizing object | AC diffuser directional vane.017
Fra:1 Mem:486.70M (Peak 486.70M) | Time:00:00.72 | Mem:0.00M, Peak:0.00M | Scene, ViewLayer | Synchronizing object | AC diffuser directional vane.018
Fra:1 Mem:486.70M (Peak 486.70M) | Time:00:00.72 | Mem:0.00M, Peak:0.00M | Scene, ViewLayer | Synchronizing object | AC diffuser directional vane.020
Fra:1 Mem:486.71M (Peak 486.71M) | Time:00:00.72 | Mem:0.00M, Peak:0.00M | Scene, ViewLayer | Synchronizing object | AC diffuser directional vane.021
Fra:1 Mem:486.73M (Peak 486.73M) | Time:00:00.72 | Mem:0.00M, Peak:0.00M | Scene, ViewLayer | Synchronizing object | AC diffuser directional vane.022
Fra:1 Mem:486.74M (Peak 486.74M) | Time:00:00.72 | Mem:0.00M, Peak:0.00M | Scene, ViewLayer | Synchronizing object | AC diffuser directional vane.023
Fra:1 Mem:486.75M (Peak 486.75M) | Time:00:00.72 | Mem:0.00M, Peak:0.00M | Scene, ViewLayer | Synchronizing object | AC louvre diffuser backing.003
Fra:1 Mem:486.75M (Peak 486.75M) | Time:00:00.72 | Mem:0.00M, Peak:0.00M | Scene, ViewLayer | Synchronizing object | AC diffuser directional vane.024
Fra:1 Mem:486.77M (Peak 486.77M) | Time:00:00.72 | Mem:0.00M, Peak:0.00M | Scene, ViewLayer | Synchronizing object | AC diffuser directional vane.025
Fra:1 Mem:486.77M (Peak 486.77M) | Time:00:00.72 | Mem:0.00M, Peak:0.00M | Scene, ViewLayer | Synchronizing object | AC diffuser directional vane.026
Fra:1 Mem:486.78M (Peak 486.78M) | Time:00:00.72 | Mem:0.00M, Peak:0.00M | Scene, ViewLayer | Synchronizing object | AC diffuser directional vane.027
Fra:1 Mem:486.78M (Peak 486.78M) | Time:00:00.72 | Mem:0.00M, Peak:0.00M | Scene, ViewLayer | Synchronizing object | AC diffuser directional vane.028
Fra:1 Mem:486.80M (Peak 486.80M) | Time:00:00.72 | Mem:0.00M, Peak:0.00M | Scene, ViewLayer | Synchronizing object | AC diffuser directional vane.029
Fra:1 Mem:486.81M (Peak 486.81M) | Time:00:00.72 | Mem:0.00M, Peak:0.00M | Scene, ViewLayer | Synchronizing object | AC diffuser directional vane.030
Fra:1 Mem:486.81M (Peak 486.81M) | Time:00:00.72 | Mem:0.00M, Peak:0.00M | Scene, ViewLayer | Synchronizing object | AC diffuser directional vane.031
Fra:1 Mem:486.82M (Peak 486.82M) | Time:00:00.72 | Mem:0.00M, Peak:0.00M | Scene, ViewLayer | Synchronizing object | AC louvre diffuser backing.004
Fra:1 Mem:486.83M (Peak 486.83M) | Time:00:00.72 | Mem:0.00M, Peak:0.00M | Scene, ViewLayer | Synchronizing object | AC diffuser directional vane.032
Fra:1 Mem:486.83M (Peak 486.83M) | Time:00:00.72 | Mem:0.00M, Peak:0.00M | Scene, ViewLayer | Synchronizing object | AC diffuser directional vane.033
Fra:1 Mem:486.85M (Peak 486.85M) | Time:00:00.72 | Mem:0.00M, Peak:0.00M | Scene, ViewLayer | Synchronizing object | AC diffuser directional vane.034
Fra:1 Mem:486.85M (Peak 486.85M) | Time:00:00.72 | Mem:0.00M, Peak:0.00M | Scene, ViewLayer | Synchronizing object | AC diffuser directional vane.035
Fra:1 Mem:486.87M (Peak 486.87M) | Time:00:00.72 | Mem:0.00M, Peak:0.00M | Scene, ViewLayer | Synchronizing object | AC diffuser directional vane.036
Fra:1 Mem:486.87M (Peak 486.87M) | Time:00:00.72 | Mem:0.00M, Peak:0.00M | Scene, ViewLayer | Synchronizing object | AC diffuser directional vane.037
Fra:1 Mem:486.88M (Peak 486.88M) | Time:00:00.72 | Mem:0.00M, Peak:0.00M | Scene, ViewLayer | Synchronizing object | AC diffuser directional vane.038
Fra:1 Mem:486.89M (Peak 486.89M) | Time:00:00.72 | Mem:0.00M, Peak:0.00M | Scene, ViewLayer | Synchronizing object | AC diffuser directional vane.039
Fra:1 Mem:486.89M (Peak 486.89M) | Time:00:00.72 | Mem:0.00M, Peak:0.00M | Scene, ViewLayer | Synchronizing object | AC louvre diffuser backing.005
Fra:1 Mem:486.90M (Peak 486.90M) | Time:00:00.72 | Mem:0.00M, Peak:0.00M | Scene, ViewLayer | Synchronizing object | AC diffuser directional vane.040
Fra:1 Mem:486.91M (Peak 486.91M) | Time:00:00.72 | Mem:0.00M, Peak:0.00M | Scene, ViewLayer | Synchronizing object | AC diffuser directional vane.041
Fra:1 Mem:486.92M (Peak 486.92M) | Time:00:00.72 | Mem:0.00M, Peak:0.00M | Scene, ViewLayer | Synchronizing object | AC diffuser directional vane.042
Fra:1 Mem:486.92M (Peak 486.92M) | Time:00:00.72 | Mem:0.00M, Peak:0.00M | Scene, ViewLayer | Synchronizing object | AC diffuser directional vane.043
Fra:1 Mem:486.94M (Peak 486.94M) | Time:00:00.72 | Mem:0.00M, Peak:0.00M | Scene, ViewLayer | Synchronizing object | AC diffuser directional vane.044
Fra:1 Mem:486.94M (Peak 486.94M) | Time:00:00.72 | Mem:0.00M, Peak:0.00M | Scene, ViewLayer | Synchronizing object | AC diffuser directional vane.045
Fra:1 Mem:486.96M (Peak 486.96M) | Time:00:00.72 | Mem:0.00M, Peak:0.00M | Scene, ViewLayer | Synchronizing object | AC diffuser directional vane.046
Fra:1 Mem:486.97M (Peak 486.97M) | Time:00:00.72 | Mem:0.00M, Peak:0.00M | Scene, ViewLayer | Synchronizing object | AC diffuser directional vane.047
Fra:1 Mem:486.97M (Peak 486.97M) | Time:00:00.72 | Mem:0.00M, Peak:0.00M | Scene, ViewLayer | Synchronizing object | AC louvre diffuser backing.006
Fra:1 Mem:486.97M (Peak 486.97M) | Time:00:00.72 | Mem:0.00M, Peak:0.00M | Scene, ViewLayer | Synchronizing object | AC diffuser directional vane.048
Fra:1 Mem:486.99M (Peak 486.99M) | Time:00:00.72 | Mem:0.00M, Peak:0.00M | Scene, ViewLayer | Synchronizing object | AC diffuser directional vane.049
Fra:1 Mem:486.99M (Peak 486.99M) | Time:00:00.72 | Mem:0.00M, Peak:0.00M | Scene, ViewLayer | Synchronizing object | AC diffuser directional vane.051
Fra:1 Mem:487.02M (Peak 487.02M) | Time:00:00.72 | Mem:0.00M, Peak:0.00M | Scene, ViewLayer | Synchronizing object | AC diffuser directional vane.052
Fra:1 Mem:487.02M (Peak 487.02M) | Time:00:00.72 | Mem:0.00M, Peak:0.00M | Scene, ViewLayer | Synchronizing object | AC diffuser directional vane.053
Fra:1 Mem:487.03M (Peak 487.03M) | Time:00:00.72 | Mem:0.00M, Peak:0.00M | Scene, ViewLayer | Synchronizing object | AC diffuser directional vane.054
Fra:1 Mem:487.04M (Peak 487.04M) | Time:00:00.72 | Mem:0.00M, Peak:0.00M | Scene, ViewLayer | Synchronizing object | AC diffuser directional vane.055
Fra:1 Mem:487.05M (Peak 487.05M) | Time:00:00.72 | Mem:0.00M, Peak:0.00M | Scene, ViewLayer | Synchronizing object | AC louvre diffuser backing.007
Fra:1 Mem:487.05M (Peak 487.05M) | Time:00:00.72 | Mem:0.00M, Peak:0.00M | Scene, ViewLayer | Synchronizing object | AC diffuser directional vane.056
Fra:1 Mem:487.07M (Peak 487.07M) | Time:00:00.72 | Mem:0.00M, Peak:0.00M | Scene, ViewLayer | Synchronizing object | AC diffuser directional vane.057
Fra:1 Mem:487.07M (Peak 487.07M) | Time:00:00.72 | Mem:0.00M, Peak:0.00M | Scene, ViewLayer | Synchronizing object | AC diffuser directional vane.058
Fra:1 Mem:487.08M (Peak 487.08M) | Time:00:00.72 | Mem:0.00M, Peak:0.00M | Scene, ViewLayer | Synchronizing object | AC diffuser directional vane.059
Fra:1 Mem:487.09M (Peak 487.09M) | Time:00:00.72 | Mem:0.00M, Peak:0.00M | Scene, ViewLayer | Synchronizing object | AC diffuser directional vane.060
Fra:1 Mem:487.10M (Peak 487.10M) | Time:00:00.72 | Mem:0.00M, Peak:0.00M | Scene, ViewLayer | Synchronizing object | AC diffuser directional vane.061
Fra:1 Mem:487.10M (Peak 487.10M) | Time:00:00.72 | Mem:0.00M, Peak:0.00M | Scene, ViewLayer | Synchronizing object | AC diffuser directional vane.062
Fra:1 Mem:487.12M (Peak 487.12M) | Time:00:00.72 | Mem:0.00M, Peak:0.00M | Scene, ViewLayer | Synchronizing object | AC diffuser directional vane.063
Fra:1 Mem:487.13M (Peak 487.13M) | Time:00:00.72 | Mem:0.00M, Peak:0.00M | Scene, ViewLayer | Synchronizing object | AC louvre diffuser backing.008
Fra:1 Mem:487.13M (Peak 487.13M) | Time:00:00.72 | Mem:0.00M, Peak:0.00M | Scene, ViewLayer | Synchronizing object | AC diffuser directional vane.064
Fra:1 Mem:487.14M (Peak 487.14M) | Time:00:00.72 | Mem:0.00M, Peak:0.00M | Scene, ViewLayer | Synchronizing object | AC diffuser directional vane.065
Fra:1 Mem:487.15M (Peak 487.15M) | Time:00:00.72 | Mem:0.00M, Peak:0.00M | Scene, ViewLayer | Synchronizing object | AC diffuser directional vane.066
Fra:1 Mem:487.15M (Peak 487.15M) | Time:00:00.72 | Mem:0.00M, Peak:0.00M | Scene, ViewLayer | Synchronizing object | AC diffuser directional vane.067
Fra:1 Mem:487.16M (Peak 487.16M) | Time:00:00.72 | Mem:0.00M, Peak:0.00M | Scene, ViewLayer | Synchronizing object | AC diffuser directional vane.068
Fra:1 Mem:487.18M (Peak 487.18M) | Time:00:00.72 | Mem:0.00M, Peak:0.00M | Scene, ViewLayer | Synchronizing object | AC diffuser directional vane.069
Fra:1 Mem:487.18M (Peak 487.18M) | Time:00:00.72 | Mem:0.00M, Peak:0.00M | Scene, ViewLayer | Synchronizing object | AC diffuser directional vane.070
Fra:1 Mem:487.19M (Peak 487.19M) | Time:00:00.72 | Mem:0.00M, Peak:0.00M | Scene, ViewLayer | Synchronizing object | AC louvre diffuser backing.009
Fra:1 Mem:487.21M (Peak 487.21M) | Time:00:00.72 | Mem:0.00M, Peak:0.00M | Scene, ViewLayer | Synchronizing object | AC diffuser directional vane.072
Fra:1 Mem:487.22M (Peak 487.22M) | Time:00:00.72 | Mem:0.00M, Peak:0.00M | Scene, ViewLayer | Synchronizing object | AC diffuser directional vane.073
Fra:1 Mem:487.22M (Peak 487.22M) | Time:00:00.72 | Mem:0.00M, Peak:0.00M | Scene, ViewLayer | Synchronizing object | AC diffuser directional vane.074
Fra:1 Mem:487.23M (Peak 487.23M) | Time:00:00.72 | Mem:0.00M, Peak:0.00M | Scene, ViewLayer | Synchronizing object | AC diffuser directional vane.075
Fra:1 Mem:487.24M (Peak 487.24M) | Time:00:00.72 | Mem:0.00M, Peak:0.00M | Scene, ViewLayer | Synchronizing object | AC diffuser directional vane.076
Fra:1 Mem:487.25M (Peak 487.25M) | Time:00:00.72 | Mem:0.00M, Peak:0.00M | Scene, ViewLayer | Synchronizing object | AC diffuser directional vane.077
Fra:1 Mem:487.26M (Peak 487.26M) | Time:00:00.72 | Mem:0.00M, Peak:0.00M | Scene, ViewLayer | Synchronizing object | AC diffuser directional vane.078
Fra:1 Mem:487.26M (Peak 487.26M) | Time:00:00.72 | Mem:0.00M, Peak:0.00M | Scene, ViewLayer | Synchronizing object | AC diffuser directional vane.079
Fra:1 Mem:487.28M (Peak 487.28M) | Time:00:00.72 | Mem:0.00M, Peak:0.00M | Scene, ViewLayer | Synchronizing object | AC louvre diffuser backing.010
Fra:1 Mem:487.28M (Peak 487.28M) | Time:00:00.72 | Mem:0.00M, Peak:0.00M | Scene, ViewLayer | Synchronizing object | AC diffuser directional vane.080
Fra:1 Mem:487.29M (Peak 487.29M) | Time:00:00.72 | Mem:0.00M, Peak:0.00M | Scene, ViewLayer | Synchronizing object | AC diffuser directional vane.081
Fra:1 Mem:487.30M (Peak 487.30M) | Time:00:00.72 | Mem:0.00M, Peak:0.00M | Scene, ViewLayer | Synchronizing object | AC diffuser directional vane.082
Fra:1 Mem:487.31M (Peak 487.31M) | Time:00:00.72 | Mem:0.00M, Peak:0.00M | Scene, ViewLayer | Synchronizing object | AC diffuser directional vane.084
Fra:1 Mem:487.33M (Peak 487.33M) | Time:00:00.72 | Mem:0.00M, Peak:0.00M | Scene, ViewLayer | Synchronizing object | AC diffuser directional vane.085
Fra:1 Mem:487.33M (Peak 487.33M) | Time:00:00.72 | Mem:0.00M, Peak:0.00M | Scene, ViewLayer | Synchronizing object | AC diffuser directional vane.086
Fra:1 Mem:487.35M (Peak 487.35M) | Time:00:00.72 | Mem:0.00M, Peak:0.00M | Scene, ViewLayer | Synchronizing object | AC diffuser directional vane.087
Fra:1 Mem:487.35M (Peak 487.35M) | Time:00:00.72 | Mem:0.00M, Peak:0.00M | Scene, ViewLayer | Synchronizing object | AC louvre diffuser backing.011
Fra:1 Mem:487.36M (Peak 487.36M) | Time:00:00.72 | Mem:0.00M, Peak:0.00M | Scene, ViewLayer | Synchronizing object | AC diffuser directional vane.088
Fra:1 Mem:487.37M (Peak 487.37M) | Time:00:00.72 | Mem:0.00M, Peak:0.00M | Scene, ViewLayer | Synchronizing object | AC diffuser directional vane.089
Fra:1 Mem:487.37M (Peak 487.37M) | Time:00:00.72 | Mem:0.00M, Peak:0.00M | Scene, ViewLayer | Synchronizing object | AC diffuser directional vane.090
Fra:1 Mem:487.39M (Peak 487.39M) | Time:00:00.72 | Mem:0.00M, Peak:0.00M | Scene, ViewLayer | Synchronizing object | AC diffuser directional vane.091
Fra:1 Mem:487.39M (Peak 487.39M) | Time:00:00.72 | Mem:0.00M, Peak:0.00M | Scene, ViewLayer | Synchronizing object | AC diffuser directional vane.092
Fra:1 Mem:487.39M (Peak 487.39M) | Time:00:00.72 | Mem:0.00M, Peak:0.00M | Scene, ViewLayer | Synchronizing object | AC diffuser directional vane.093
Fra:1 Mem:487.41M (Peak 487.41M) | Time:00:00.72 | Mem:0.00M, Peak:0.00M | Scene, ViewLayer | Synchronizing object | AC diffuser directional vane.094
Fra:1 Mem:487.41M (Peak 487.41M) | Time:00:00.72 | Mem:0.00M, Peak:0.00M | Scene, ViewLayer | Synchronizing object | AC louvre diffuser backing.012
Fra:1 Mem:487.44M (Peak 487.44M) | Time:00:00.72 | Mem:0.00M, Peak:0.00M | Scene, ViewLayer | Synchronizing object | AC diffuser directional vane.096
Fra:1 Mem:487.45M (Peak 487.45M) | Time:00:00.72 | Mem:0.00M, Peak:0.00M | Scene, ViewLayer | Synchronizing object | AC diffuser directional vane.097
Fra:1 Mem:487.45M (Peak 487.45M) | Time:00:00.72 | Mem:0.00M, Peak:0.00M | Scene, ViewLayer | Synchronizing object | AC diffuser directional vane.099
Fra:1 Mem:487.47M (Peak 487.47M) | Time:00:00.72 | Mem:0.00M, Peak:0.00M | Scene, ViewLayer | Synchronizing object | AC diffuser directional vane.100
Fra:1 Mem:487.48M (Peak 487.48M) | Time:00:00.72 | Mem:0.00M, Peak:0.00M | Scene, ViewLayer | Synchronizing object | AC diffuser directional vane.101
Fra:1 Mem:487.48M (Peak 487.48M) | Time:00:00.72 | Mem:0.00M, Peak:0.00M | Scene, ViewLayer | Synchronizing object | AC diffuser directional vane.102
Fra:1 Mem:487.50M (Peak 487.50M) | Time:00:00.72 | Mem:0.00M, Peak:0.00M | Scene, ViewLayer | Synchronizing object | AC diffuser directional vane.103
Fra:1 Mem:487.50M (Peak 487.50M) | Time:00:00.72 | Mem:0.00M, Peak:0.00M | Scene, ViewLayer | Synchronizing object | AC louvre diffuser backing.013
Fra:1 Mem:487.52M (Peak 487.52M) | Time:00:00.72 | Mem:0.00M, Peak:0.00M | Scene, ViewLayer | Synchronizing object | AC diffuser directional vane.105
Fra:1 Mem:487.53M (Peak 487.53M) | Time:00:00.72 | Mem:0.00M, Peak:0.00M | Scene, ViewLayer | Synchronizing object | AC diffuser directional vane.106
Fra:1 Mem:487.53M (Peak 487.53M) | Time:00:00.72 | Mem:0.00M, Peak:0.00M | Scene, ViewLayer | Synchronizing object | AC diffuser directional vane.108
Fra:1 Mem:487.56M (Peak 487.56M) | Time:00:00.72 | Mem:0.00M, Peak:0.00M | Scene, ViewLayer | Synchronizing object | AC diffuser directional vane.109
Fra:1 Mem:487.56M (Peak 487.56M) | Time:00:00.72 | Mem:0.00M, Peak:0.00M | Scene, ViewLayer | Synchronizing object | AC diffuser directional vane.110
Fra:1 Mem:487.56M (Peak 487.56M) | Time:00:00.72 | Mem:0.00M, Peak:0.00M | Scene, ViewLayer | Synchronizing object | AC diffuser directional vane.111
Fra:1 Mem:487.58M (Peak 487.58M) | Time:00:00.72 | Mem:0.00M, Peak:0.00M | Scene, ViewLayer | Synchronizing object | AC louvre diffuser backing.014
Fra:1 Mem:487.58M (Peak 487.58M) | Time:00:00.72 | Mem:0.00M, Peak:0.00M | Scene, ViewLayer | Synchronizing object | AC diffuser directional vane.112
Fra:1 Mem:487.59M (Peak 487.59M) | Time:00:00.72 | Mem:0.00M, Peak:0.00M | Scene, ViewLayer | Synchronizing object | AC diffuser directional vane.113
Fra:1 Mem:487.61M (Peak 487.61M) | Time:00:00.72 | Mem:0.00M, Peak:0.00M | Scene, ViewLayer | Synchronizing object | AC diffuser directional vane.114
Fra:1 Mem:487.61M (Peak 487.61M) | Time:00:00.72 | Mem:0.00M, Peak:0.00M | Scene, ViewLayer | Synchronizing object | AC diffuser directional vane.116
Fra:1 Mem:487.63M (Peak 487.63M) | Time:00:00.72 | Mem:0.00M, Peak:0.00M | Scene, ViewLayer | Synchronizing object | AC diffuser directional vane.117
Fra:1 Mem:487.63M (Peak 487.63M) | Time:00:00.72 | Mem:0.00M, Peak:0.00M | Scene, ViewLayer | Synchronizing object | AC diffuser directional vane.118
Fra:1 Mem:487.64M (Peak 487.64M) | Time:00:00.72 | Mem:0.00M, Peak:0.00M | Scene, ViewLayer | Synchronizing object | AC diffuser directional vane.119
Fra:1 Mem:487.65M (Peak 487.65M) | Time:00:00.72 | Mem:0.00M, Peak:0.00M | Scene, ViewLayer | Synchronizing object | AC louvre diffuser backing.015
Fra:1 Mem:487.66M (Peak 487.66M) | Time:00:00.72 | Mem:0.00M, Peak:0.00M | Scene, ViewLayer | Synchronizing object | AC diffuser directional vane.120
Fra:1 Mem:487.67M (Peak 487.67M) | Time:00:00.72 | Mem:0.00M, Peak:0.00M | Scene, ViewLayer | Synchronizing object | AC diffuser directional vane.121
Fra:1 Mem:487.67M (Peak 487.67M) | Time:00:00.72 | Mem:0.00M, Peak:0.00M | Scene, ViewLayer | Synchronizing object | AC diffuser directional vane.122
Fra:1 Mem:487.69M (Peak 487.69M) | Time:00:00.72 | Mem:0.00M, Peak:0.00M | Scene, ViewLayer | Synchronizing object | AC diffuser directional vane.123
Fra:1 Mem:487.69M (Peak 487.69M) | Time:00:00.72 | Mem:0.00M, Peak:0.00M | Scene, ViewLayer | Synchronizing object | AC diffuser directional vane.124
Fra:1 Mem:487.70M (Peak 487.70M) | Time:00:00.72 | Mem:0.00M, Peak:0.00M | Scene, ViewLayer | Synchronizing object | AC diffuser directional vane.125
Fra:1 Mem:487.71M (Peak 487.71M) | Time:00:00.72 | Mem:0.00M, Peak:0.00M | Scene, ViewLayer | Synchronizing object | AC diffuser directional vane.126
Fra:1 Mem:487.72M (Peak 487.72M) | Time:00:00.72 | Mem:0.00M, Peak:0.00M | Scene, ViewLayer | Synchronizing object | AC diffuser directional vane.127
Fra:1 Mem:487.72M (Peak 487.72M) | Time:00:00.72 | Mem:0.00M, Peak:0.00M | Scene, ViewLayer | Synchronizing object | AC louvre diffuser backing.016
Fra:1 Mem:487.74M (Peak 487.74M) | Time:00:00.72 | Mem:0.00M, Peak:0.00M | Scene, ViewLayer | Synchronizing object | AC diffuser directional vane.128
Fra:1 Mem:487.74M (Peak 487.74M) | Time:00:00.72 | Mem:0.00M, Peak:0.00M | Scene, ViewLayer | Synchronizing object | AC diffuser directional vane.129
Fra:1 Mem:487.75M (Peak 487.75M) | Time:00:00.72 | Mem:0.00M, Peak:0.00M | Scene, ViewLayer | Synchronizing object | AC diffuser directional vane.130
Fra:1 Mem:487.77M (Peak 487.77M) | Time:00:00.72 | Mem:0.00M, Peak:0.00M | Scene, ViewLayer | Synchronizing object | AC diffuser directional vane.131
Fra:1 Mem:487.77M (Peak 487.77M) | Time:00:00.72 | Mem:0.00M, Peak:0.00M | Scene, ViewLayer | Synchronizing object | AC diffuser directional vane.132
Fra:1 Mem:487.77M (Peak 487.77M) | Time:00:00.72 | Mem:0.00M, Peak:0.00M | Scene, ViewLayer | Synchronizing object | AC diffuser directional vane.133
Fra:1 Mem:487.79M (Peak 487.79M) | Time:00:00.72 | Mem:0.00M, Peak:0.00M | Scene, ViewLayer | Synchronizing object | AC diffuser directional vane.134
Fra:1 Mem:487.79M (Peak 487.79M) | Time:00:00.72 | Mem:0.00M, Peak:0.00M | Scene, ViewLayer | Synchronizing object | AC diffuser directional vane.135
Fra:1 Mem:487.80M (Peak 487.80M) | Time:00:00.72 | Mem:0.00M, Peak:0.00M | Scene, ViewLayer | Synchronizing object | AC louvre diffuser backing.017
Fra:1 Mem:487.81M (Peak 487.81M) | Time:00:00.72 | Mem:0.00M, Peak:0.00M | Scene, ViewLayer | Synchronizing object | AC diffuser directional vane.136
Fra:1 Mem:487.82M (Peak 487.82M) | Time:00:00.72 | Mem:0.00M, Peak:0.00M | Scene, ViewLayer | Synchronizing object | AC diffuser directional vane.137
Fra:1 Mem:487.83M (Peak 487.83M) | Time:00:00.72 | Mem:0.00M, Peak:0.00M | Scene, ViewLayer | Synchronizing object | AC diffuser directional vane.138
Fra:1 Mem:487.83M (Peak 487.83M) | Time:00:00.72 | Mem:0.00M, Peak:0.00M | Scene, ViewLayer | Synchronizing object | AC diffuser directional vane.139
Fra:1 Mem:487.85M (Peak 487.85M) | Time:00:00.72 | Mem:0.00M, Peak:0.00M | Scene, ViewLayer | Synchronizing object | AC diffuser directional vane.140
Fra:1 Mem:487.85M (Peak 487.85M) | Time:00:00.72 | Mem:0.00M, Peak:0.00M | Scene, ViewLayer | Synchronizing object | AC diffuser directional vane.141
Fra:1 Mem:487.86M (Peak 487.86M) | Time:00:00.72 | Mem:0.00M, Peak:0.00M | Scene, ViewLayer | Synchronizing object | AC diffuser directional vane.142
Fra:1 Mem:487.87M (Peak 487.87M) | Time:00:00.72 | Mem:0.00M, Peak:0.00M | Scene, ViewLayer | Synchronizing object | AC diffuser directional vane.143
Fra:1 Mem:487.88M (Peak 487.88M) | Time:00:00.72 | Mem:0.00M, Peak:0.00M | Scene, ViewLayer | Synchronizing object | Formed end wall
Fra:1 Mem:487.89M (Peak 487.89M) | Time:00:00.72 | Mem:0.00M, Peak:0.00M | Scene, ViewLayer | Synchronizing object | Formed end wall.001
Fra:1 Mem:487.90M (Peak 487.90M) | Time:00:00.72 | Mem:0.00M, Peak:0.00M | Scene, ViewLayer | Synchronizing object | End wall door header
Fra:1 Mem:487.90M (Peak 487.90M) | Time:00:00.72 | Mem:0.00M, Peak:0.00M | Scene, ViewLayer | Synchronizing object | Domed end cap skin
Fra:1 Mem:487.90M (Peak 487.90M) | Time:00:00.72 | Mem:0.00M, Peak:0.00M | Scene, ViewLayer | Synchronizing object | Yellow end visibility stripe
Fra:1 Mem:487.90M (Peak 487.90M) | Time:00:00.72 | Mem:0.00M, Peak:0.00M | Scene, ViewLayer | Synchronizing object | Yellow end visibility stripe.001
Fra:1 Mem:487.91M (Peak 487.91M) | Time:00:00.72 | Mem:0.00M, Peak:0.00M | Scene, ViewLayer | Synchronizing object | Concertina gangway upright fold
Fra:1 Mem:487.91M (Peak 487.91M) | Time:00:00.72 | Mem:0.00M, Peak:0.00M | Scene, ViewLayer | Synchronizing object | Concertina gangway roof fold
Fra:1 Mem:487.92M (Peak 487.92M) | Time:00:00.72 | Mem:0.00M, Peak:0.00M | Scene, ViewLayer | Synchronizing object | Concertina gangway upright fold.002
Fra:1 Mem:487.93M (Peak 487.93M) | Time:00:00.72 | Mem:0.00M, Peak:0.00M | Scene, ViewLayer | Synchronizing object | Concertina gangway upright fold.003
Fra:1 Mem:487.95M (Peak 487.95M) | Time:00:00.72 | Mem:0.00M, Peak:0.00M | Scene, ViewLayer | Synchronizing object | Concertina gangway upright fold.004
Fra:1 Mem:487.96M (Peak 487.96M) | Time:00:00.72 | Mem:0.00M, Peak:0.00M | Scene, ViewLayer | Synchronizing object | Concertina gangway upright fold.005
Fra:1 Mem:487.97M (Peak 487.97M) | Time:00:00.72 | Mem:0.00M, Peak:0.00M | Scene, ViewLayer | Synchronizing object | Concertina gangway roof fold.002
Fra:1 Mem:487.97M (Peak 487.97M) | Time:00:00.72 | Mem:0.00M, Peak:0.00M | Scene, ViewLayer | Synchronizing object | Concertina gangway upright fold.006
Fra:1 Mem:487.99M (Peak 487.99M) | Time:00:00.72 | Mem:0.00M, Peak:0.00M | Scene, ViewLayer | Synchronizing object | Concertina gangway upright fold.007
Fra:1 Mem:487.99M (Peak 487.99M) | Time:00:00.72 | Mem:0.00M, Peak:0.00M | Scene, ViewLayer | Synchronizing object | Concertina gangway roof fold.003
Fra:1 Mem:488.00M (Peak 488.00M) | Time:00:00.72 | Mem:0.00M, Peak:0.00M | Scene, ViewLayer | Synchronizing object | Concertina gangway upright fold.008
Fra:1 Mem:488.00M (Peak 488.00M) | Time:00:00.72 | Mem:0.00M, Peak:0.00M | Scene, ViewLayer | Synchronizing object | Concertina gangway upright fold.009
Fra:1 Mem:488.02M (Peak 488.02M) | Time:00:00.72 | Mem:0.00M, Peak:0.00M | Scene, ViewLayer | Synchronizing object | Concertina gangway roof fold.004
Fra:1 Mem:488.02M (Peak 488.02M) | Time:00:00.72 | Mem:0.00M, Peak:0.00M | Scene, ViewLayer | Synchronizing object | Concertina gangway upright fold.010
Fra:1 Mem:488.03M (Peak 488.03M) | Time:00:00.72 | Mem:0.00M, Peak:0.00M | Scene, ViewLayer | Synchronizing object | Concertina gangway upright fold.011
Fra:1 Mem:488.04M (Peak 488.04M) | Time:00:00.72 | Mem:0.00M, Peak:0.00M | Scene, ViewLayer | Synchronizing object | Concertina gangway roof fold.005
Fra:1 Mem:488.04M (Peak 488.04M) | Time:00:00.72 | Mem:0.00M, Peak:0.00M | Scene, ViewLayer | Synchronizing object | Concertina gangway upright fold.012
Fra:1 Mem:488.06M (Peak 488.06M) | Time:00:00.72 | Mem:0.00M, Peak:0.00M | Scene, ViewLayer | Synchronizing object | Concertina gangway upright fold.013
Fra:1 Mem:488.06M (Peak 488.06M) | Time:00:00.72 | Mem:0.00M, Peak:0.00M | Scene, ViewLayer | Synchronizing object | Concertina gangway upright fold.014
Fra:1 Mem:488.08M (Peak 488.08M) | Time:00:00.72 | Mem:0.00M, Peak:0.00M | Scene, ViewLayer | Synchronizing object | Concertina gangway upright fold.015
Fra:1 Mem:488.09M (Peak 488.09M) | Time:00:00.72 | Mem:0.00M, Peak:0.00M | Scene, ViewLayer | Synchronizing object | Concertina gangway roof fold.007
Fra:1 Mem:488.09M (Peak 488.09M) | Time:00:00.72 | Mem:0.00M, Peak:0.00M | Scene, ViewLayer | Synchronizing object | Concertina gangway upright fold.016
Fra:1 Mem:488.10M (Peak 488.10M) | Time:00:00.72 | Mem:0.00M, Peak:0.00M | Scene, ViewLayer | Synchronizing object | Concertina gangway upright fold.017
Fra:1 Mem:488.11M (Peak 488.11M) | Time:00:00.72 | Mem:0.00M, Peak:0.00M | Scene, ViewLayer | Synchronizing object | Concertina gangway roof fold.008
Fra:1 Mem:488.11M (Peak 488.11M) | Time:00:00.72 | Mem:0.00M, Peak:0.00M | Scene, ViewLayer | Synchronizing object | Gangway sprung face frame
Fra:1 Mem:488.13M (Peak 488.13M) | Time:00:00.72 | Mem:0.00M, Peak:0.00M | Scene, ViewLayer | Synchronizing object | Gangway sprung face frame.001
Fra:1 Mem:488.13M (Peak 488.13M) | Time:00:00.72 | Mem:0.00M, Peak:0.00M | Scene, ViewLayer | Synchronizing object | Gangway sprung top frame
Fra:1 Mem:488.14M (Peak 488.14M) | Time:00:00.72 | Mem:0.00M, Peak:0.00M | Scene, ViewLayer | Synchronizing object | Bridge plate grip rib
Fra:1 Mem:488.15M (Peak 488.15M) | Time:00:00.72 | Mem:0.00M, Peak:0.00M | Scene, ViewLayer | Synchronizing object | Bridge plate grip rib.002
Fra:1 Mem:488.15M (Peak 488.15M) | Time:00:00.72 | Mem:0.00M, Peak:0.00M | Scene, ViewLayer | Synchronizing object | Bridge plate grip rib.001
Fra:1 Mem:488.16M (Peak 488.16M) | Time:00:00.72 | Mem:0.00M, Peak:0.00M | Scene, ViewLayer | Synchronizing object | Bridge plate grip rib.003
Fra:1 Mem:488.16M (Peak 488.16M) | Time:00:00.72 | Mem:0.00M, Peak:0.00M | Scene, ViewLayer | Synchronizing object | Bridge plate grip rib.005
Fra:1 Mem:488.16M (Peak 488.16M) | Time:00:00.72 | Mem:0.00M, Peak:0.00M | Scene, ViewLayer | Synchronizing object | Bridge plate grip rib.006
Fra:1 Mem:488.16M (Peak 488.16M) | Time:00:00.72 | Mem:0.00M, Peak:0.00M | Scene, ViewLayer | Synchronizing object | Bridge plate grip rib.008
Fra:1 Mem:488.16M (Peak 488.16M) | Time:00:00.72 | Mem:0.00M, Peak:0.00M | Scene, ViewLayer | Synchronizing object | Bridge plate grip rib.009
Fra:1 Mem:488.16M (Peak 488.16M) | Time:00:00.72 | Mem:0.00M, Peak:0.00M | Scene, ViewLayer | Synchronizing object | Bridge plate grip rib.010
Fra:1 Mem:488.17M (Peak 488.17M) | Time:00:00.72 | Mem:0.00M, Peak:0.00M | Scene, ViewLayer | Synchronizing object | Bridge plate grip rib.011
Fra:1 Mem:488.17M (Peak 488.17M) | Time:00:00.72 | Mem:0.00M, Peak:0.00M | Scene, ViewLayer | Synchronizing object | Bridge plate grip rib.012
Fra:1 Mem:488.17M (Peak 488.17M) | Time:00:00.72 | Mem:0.00M, Peak:0.00M | Scene, ViewLayer | Synchronizing object | End sliding door stile
Fra:1 Mem:488.17M (Peak 488.17M) | Time:00:00.72 | Mem:0.00M, Peak:0.00M | Scene, ViewLayer | Synchronizing object | End sliding door stile.001
Fra:1 Mem:488.17M (Peak 488.17M) | Time:00:00.72 | Mem:0.00M, Peak:0.00M | Scene, ViewLayer | Synchronizing object | End sliding door panel
Fra:1 Mem:488.19M (Peak 488.19M) | Time:00:00.72 | Mem:0.00M, Peak:0.00M | Scene, ViewLayer | Synchronizing object | End sliding door panel.001
Fra:1 Mem:488.20M (Peak 488.20M) | Time:00:00.72 | Mem:0.00M, Peak:0.00M | Scene, ViewLayer | Synchronizing object | End door clear window
Fra:1 Mem:488.20M (Peak 488.20M) | Time:00:00.72 | Mem:0.00M, Peak:0.00M | Scene, ViewLayer | Synchronizing object | End glazed door vertical gasket
Fra:1 Mem:488.21M (Peak 488.21M) | Time:00:00.72 | Mem:0.00M, Peak:0.00M | Scene, ViewLayer | Synchronizing object | End glazed door vertical gasket.001
Fra:1 Mem:488.21M (Peak 488.21M) | Time:00:00.72 | Mem:0.00M, Peak:0.00M | Scene, ViewLayer | Synchronizing object | End glazed door horizontal gasket
Fra:1 Mem:488.22M (Peak 488.22M) | Time:00:00.72 | Mem:0.00M, Peak:0.00M | Scene, ViewLayer | Synchronizing object | End glazed door horizontal gasket.001
Fra:1 Mem:488.22M (Peak 488.22M) | Time:00:00.72 | Mem:0.00M, Peak:0.00M | Scene, ViewLayer | Synchronizing object | Vestibule door grab pull
Fra:1 Mem:488.22M (Peak 488.22M) | Time:00:00.72 | Mem:0.00M, Peak:0.00M | Scene, ViewLayer | Synchronizing object | Vestibule door grab pull.001
Fra:1 Mem:488.24M (Peak 488.24M) | Time:00:00.72 | Mem:0.00M, Peak:0.00M | Scene, ViewLayer | Synchronizing object | End marker lamp socket
Fra:1 Mem:488.23M (Peak 488.24M) | Time:00:00.72 | Mem:0.00M, Peak:0.00M | Scene, ViewLayer | Synchronizing object | End red marker reflector
Fra:1 Mem:488.24M (Peak 488.24M) | Time:00:00.72 | Mem:0.00M, Peak:0.00M | Scene, ViewLayer | Synchronizing object | End marker lamp socket.001
Fra:1 Mem:488.24M (Peak 488.24M) | Time:00:00.72 | Mem:0.00M, Peak:0.00M | Scene, ViewLayer | Synchronizing object | End red marker reflector.001
Fra:1 Mem:488.25M (Peak 488.25M) | Time:00:00.72 | Mem:0.00M, Peak:0.00M | Scene, ViewLayer | Synchronizing object | End water fill pipe
Fra:1 Mem:488.26M (Peak 488.26M) | Time:00:00.72 | Mem:0.00M, Peak:0.00M | Scene, ViewLayer | Synchronizing object | Water pipe end wall retaining strap
Fra:1 Mem:488.26M (Peak 488.26M) | Time:00:00.72 | Mem:0.00M, Peak:0.00M | Scene, ViewLayer | Synchronizing object | Water pipe end wall retaining strap.001
Fra:1 Mem:488.28M (Peak 488.28M) | Time:00:00.72 | Mem:0.00M, Peak:0.00M | Scene, ViewLayer | Synchronizing object | Water pipe end wall retaining strap.002
Fra:1 Mem:488.28M (Peak 488.28M) | Time:00:00.72 | Mem:0.00M, Peak:0.00M | Scene, ViewLayer | Synchronizing object | End maintenance grab handle
Fra:1 Mem:488.29M (Peak 488.29M) | Time:00:00.72 | Mem:0.00M, Peak:0.00M | Scene, ViewLayer | Synchronizing object | End maintenance grab handle.001
Fra:1 Mem:488.30M (Peak 488.30M) | Time:00:00.72 | Mem:0.00M, Peak:0.00M | Scene, ViewLayer | Synchronizing object | Formed end wall.002
Fra:1 Mem:488.30M (Peak 488.30M) | Time:00:00.72 | Mem:0.00M, Peak:0.00M | Scene, ViewLayer | Synchronizing object | End wall door header.001
Fra:1 Mem:488.32M (Peak 488.32M) | Time:00:00.72 | Mem:0.00M, Peak:0.00M | Scene, ViewLayer | Synchronizing object | Domed end cap skin.001
Fra:1 Mem:488.32M (Peak 488.32M) | Time:00:00.72 | Mem:0.00M, Peak:0.00M | Scene, ViewLayer | Synchronizing object | Yellow end visibility stripe.002
Fra:1 Mem:488.33M (Peak 488.33M) | Time:00:00.72 | Mem:0.00M, Peak:0.00M | Scene, ViewLayer | Synchronizing object | Yellow end visibility stripe.003
Fra:1 Mem:488.33M (Peak 488.33M) | Time:00:00.72 | Mem:0.00M, Peak:0.00M | Scene, ViewLayer | Synchronizing object | Concertina gangway upright fold.018
Fra:1 Mem:488.33M (Peak 488.33M) | Time:00:00.72 | Mem:0.00M, Peak:0.00M | Scene, ViewLayer | Synchronizing object | Concertina gangway upright fold.019
Fra:1 Mem:488.33M (Peak 488.33M) | Time:00:00.72 | Mem:0.00M, Peak:0.00M | Scene, ViewLayer | Synchronizing object | Concertina gangway roof fold.009
Fra:1 Mem:488.35M (Peak 488.35M) | Time:00:00.72 | Mem:0.00M, Peak:0.00M | Scene, ViewLayer | Synchronizing object | Concertina gangway upright fold.020
Fra:1 Mem:488.35M (Peak 488.35M) | Time:00:00.72 | Mem:0.00M, Peak:0.00M | Scene, ViewLayer | Synchronizing object | Concertina gangway upright fold.021
Fra:1 Mem:488.36M (Peak 488.36M) | Time:00:00.72 | Mem:0.00M, Peak:0.00M | Scene, ViewLayer | Synchronizing object | Concertina gangway roof fold.010
Fra:1 Mem:488.37M (Peak 488.37M) | Time:00:00.72 | Mem:0.00M, Peak:0.00M | Scene, ViewLayer | Synchronizing object | Concertina gangway upright fold.022
Fra:1 Mem:488.38M (Peak 488.38M) | Time:00:00.72 | Mem:0.00M, Peak:0.00M | Scene, ViewLayer | Synchronizing object | Concertina gangway upright fold.023
Fra:1 Mem:488.38M (Peak 488.38M) | Time:00:00.72 | Mem:0.00M, Peak:0.00M | Scene, ViewLayer | Synchronizing object | Concertina gangway upright fold.024
Fra:1 Mem:488.40M (Peak 488.40M) | Time:00:00.72 | Mem:0.00M, Peak:0.00M | Scene, ViewLayer | Synchronizing object | Concertina gangway upright fold.025
Fra:1 Mem:488.41M (Peak 488.41M) | Time:00:00.72 | Mem:0.00M, Peak:0.00M | Scene, ViewLayer | Synchronizing object | Concertina gangway roof fold.012
Fra:1 Mem:488.42M (Peak 488.42M) | Time:00:00.72 | Mem:0.00M, Peak:0.00M | Scene, ViewLayer | Synchronizing object | Concertina gangway upright fold.026
Fra:1 Mem:488.42M (Peak 488.42M) | Time:00:00.72 | Mem:0.00M, Peak:0.00M | Scene, ViewLayer | Synchronizing object | Concertina gangway upright fold.027
Fra:1 Mem:488.43M (Peak 488.43M) | Time:00:00.72 | Mem:0.00M, Peak:0.00M | Scene, ViewLayer | Synchronizing object | Concertina gangway roof fold.013
Fra:1 Mem:488.44M (Peak 488.44M) | Time:00:00.72 | Mem:0.00M, Peak:0.00M | Scene, ViewLayer | Synchronizing object | Concertina gangway upright fold.028
Fra:1 Mem:488.45M (Peak 488.45M) | Time:00:00.72 | Mem:0.00M, Peak:0.00M | Scene, ViewLayer | Synchronizing object | Concertina gangway upright fold.029
Fra:1 Mem:488.46M (Peak 488.46M) | Time:00:00.72 | Mem:0.00M, Peak:0.00M | Scene, ViewLayer | Synchronizing object | Concertina gangway roof fold.014
Fra:1 Mem:488.47M (Peak 488.47M) | Time:00:00.72 | Mem:0.00M, Peak:0.00M | Scene, ViewLayer | Synchronizing object | Concertina gangway upright fold.030
Fra:1 Mem:488.47M (Peak 488.47M) | Time:00:00.72 | Mem:0.00M, Peak:0.00M | Scene, ViewLayer | Synchronizing object | Concertina gangway roof fold.015
Fra:1 Mem:488.49M (Peak 488.49M) | Time:00:00.72 | Mem:0.00M, Peak:0.00M | Scene, ViewLayer | Synchronizing object | Concertina gangway upright fold.032
Fra:1 Mem:488.49M (Peak 488.49M) | Time:00:00.72 | Mem:0.00M, Peak:0.00M | Scene, ViewLayer | Synchronizing object | Concertina gangway roof fold.016
Fra:1 Mem:488.51M (Peak 488.51M) | Time:00:00.72 | Mem:0.00M, Peak:0.00M | Scene, ViewLayer | Synchronizing object | Concertina gangway upright fold.034
Fra:1 Mem:488.52M (Peak 488.52M) | Time:00:00.72 | Mem:0.00M, Peak:0.00M | Scene, ViewLayer | Synchronizing object | Concertina gangway upright fold.035
Fra:1 Mem:488.52M (Peak 488.52M) | Time:00:00.72 | Mem:0.00M, Peak:0.00M | Scene, ViewLayer | Synchronizing object | Concertina gangway roof fold.017
Fra:1 Mem:488.54M (Peak 488.54M) | Time:00:00.72 | Mem:0.00M, Peak:0.00M | Scene, ViewLayer | Synchronizing object | Gangway sprung face frame.002
Fra:1 Mem:488.54M (Peak 488.54M) | Time:00:00.72 | Mem:0.00M, Peak:0.00M | Scene, ViewLayer | Synchronizing object | Gangway sprung face frame.003
Fra:1 Mem:488.55M (Peak 488.55M) | Time:00:00.72 | Mem:0.00M, Peak:0.00M | Scene, ViewLayer | Synchronizing object | Gangway sprung top frame.001
Fra:1 Mem:488.56M (Peak 488.56M) | Time:00:00.72 | Mem:0.00M, Peak:0.00M | Scene, ViewLayer | Synchronizing object | Vestibule bridge plate.001
Fra:1 Mem:488.57M (Peak 488.57M) | Time:00:00.72 | Mem:0.00M, Peak:0.00M | Scene, ViewLayer | Synchronizing object | Bridge plate grip rib.013
Fra:1 Mem:488.57M (Peak 488.57M) | Time:00:00.72 | Mem:0.00M, Peak:0.00M | Scene, ViewLayer | Synchronizing object | Bridge plate grip rib.015
Fra:1 Mem:488.57M (Peak 488.57M) | Time:00:00.72 | Mem:0.00M, Peak:0.00M | Scene, ViewLayer | Synchronizing object | Bridge plate grip rib.016
Fra:1 Mem:488.58M (Peak 488.58M) | Time:00:00.72 | Mem:0.00M, Peak:0.00M | Scene, ViewLayer | Synchronizing object | Bridge plate grip rib.017
Fra:1 Mem:488.58M (Peak 488.58M) | Time:00:00.72 | Mem:0.00M, Peak:0.00M | Scene, ViewLayer | Synchronizing object | Bridge plate grip rib.018
Fra:1 Mem:488.58M (Peak 488.58M) | Time:00:00.72 | Mem:0.00M, Peak:0.00M | Scene, ViewLayer | Synchronizing object | Bridge plate grip rib.019
Fra:1 Mem:488.58M (Peak 488.58M) | Time:00:00.72 | Mem:0.00M, Peak:0.00M | Scene, ViewLayer | Synchronizing object | Bridge plate grip rib.020
Fra:1 Mem:488.58M (Peak 488.58M) | Time:00:00.72 | Mem:0.00M, Peak:0.00M | Scene, ViewLayer | Synchronizing object | Bridge plate grip rib.021
Fra:1 Mem:488.58M (Peak 488.58M) | Time:00:00.72 | Mem:0.00M, Peak:0.00M | Scene, ViewLayer | Synchronizing object | Bridge plate grip rib.022
Fra:1 Mem:488.58M (Peak 488.58M) | Time:00:00.72 | Mem:0.00M, Peak:0.00M | Scene, ViewLayer | Synchronizing object | Bridge plate grip rib.023
Fra:1 Mem:488.58M (Peak 488.58M) | Time:00:00.72 | Mem:0.00M, Peak:0.00M | Scene, ViewLayer | Synchronizing object | Bridge plate grip rib.024
Fra:1 Mem:488.59M (Peak 488.59M) | Time:00:00.72 | Mem:0.00M, Peak:0.00M | Scene, ViewLayer | Synchronizing object | Bridge plate grip rib.025
Fra:1 Mem:488.59M (Peak 488.59M) | Time:00:00.72 | Mem:0.00M, Peak:0.00M | Scene, ViewLayer | Synchronizing object | End sliding door stile.003
Fra:1 Mem:488.59M (Peak 488.59M) | Time:00:00.72 | Mem:0.00M, Peak:0.00M | Scene, ViewLayer | Synchronizing object | End sliding door panel.002
Fra:1 Mem:488.60M (Peak 488.60M) | Time:00:00.72 | Mem:0.00M, Peak:0.00M | Scene, ViewLayer | Synchronizing object | End sliding door panel.003
Fra:1 Mem:488.61M (Peak 488.61M) | Time:00:00.72 | Mem:0.00M, Peak:0.00M | Scene, ViewLayer | Synchronizing object | End door clear window.001
Fra:1 Mem:488.61M (Peak 488.61M) | Time:00:00.72 | Mem:0.00M, Peak:0.00M | Scene, ViewLayer | Synchronizing object | End glazed door vertical gasket.002
Fra:1 Mem:488.62M (Peak 488.62M) | Time:00:00.72 | Mem:0.00M, Peak:0.00M | Scene, ViewLayer | Synchronizing object | End glazed door vertical gasket.003
Fra:1 Mem:488.62M (Peak 488.62M) | Time:00:00.72 | Mem:0.00M, Peak:0.00M | Scene, ViewLayer | Synchronizing object | End glazed door horizontal gasket.002
Fra:1 Mem:488.63M (Peak 488.63M) | Time:00:00.72 | Mem:0.00M, Peak:0.00M | Scene, ViewLayer | Synchronizing object | End glazed door horizontal gasket.003
Fra:1 Mem:488.64M (Peak 488.64M) | Time:00:00.72 | Mem:0.00M, Peak:0.00M | Scene, ViewLayer | Synchronizing object | Vestibule door grab pull.002
Fra:1 Mem:488.64M (Peak 488.64M) | Time:00:00.72 | Mem:0.00M, Peak:0.00M | Scene, ViewLayer | Synchronizing object | Vestibule door grab pull.003
Fra:1 Mem:488.64M (Peak 488.64M) | Time:00:00.72 | Mem:0.00M, Peak:0.00M | Scene, ViewLayer | Synchronizing object | End marker lamp socket.002
Fra:1 Mem:488.65M (Peak 488.65M) | Time:00:00.72 | Mem:0.00M, Peak:0.00M | Scene, ViewLayer | Synchronizing object | End marker lamp socket.003
Fra:1 Mem:488.66M (Peak 488.66M) | Time:00:00.72 | Mem:0.00M, Peak:0.00M | Scene, ViewLayer | Synchronizing object | End red marker reflector.003
Fra:1 Mem:488.67M (Peak 488.67M) | Time:00:00.72 | Mem:0.00M, Peak:0.00M | Scene, ViewLayer | Synchronizing object | End water fill pipe.001
Fra:1 Mem:488.67M (Peak 488.67M) | Time:00:00.72 | Mem:0.00M, Peak:0.00M | Scene, ViewLayer | Synchronizing object | Water pipe end wall retaining strap.003
Fra:1 Mem:488.68M (Peak 488.68M) | Time:00:00.72 | Mem:0.00M, Peak:0.00M | Scene, ViewLayer | Synchronizing object | Water pipe end wall retaining strap.004
Fra:1 Mem:488.70M (Peak 488.70M) | Time:00:00.72 | Mem:0.00M, Peak:0.00M | Scene, ViewLayer | Synchronizing object | Water pipe end wall retaining strap.005
Fra:1 Mem:488.70M (Peak 488.70M) | Time:00:00.72 | Mem:0.00M, Peak:0.00M | Scene, ViewLayer | Synchronizing object | End maintenance grab handle.003
Fra:1 Mem:488.72M (Peak 488.72M) | Time:00:00.72 | Mem:0.00M, Peak:0.00M | Scene, ViewLayer | Synchronizing object | Fabricated sideframe vertical web
Fra:1 Mem:488.72M (Peak 488.72M) | Time:00:00.72 | Mem:0.00M, Peak:0.00M | Scene, ViewLayer | Synchronizing object | Sideframe continuous upper flange
Fra:1 Mem:488.73M (Peak 488.73M) | Time:00:00.72 | Mem:0.00M, Peak:0.00M | Scene, ViewLayer | Synchronizing object | Sideframe lower spring flange
Fra:1 Mem:488.73M (Peak 488.73M) | Time:00:00.72 | Mem:0.00M, Peak:0.00M | Scene, ViewLayer | Synchronizing object | Visible sideframe fillet weld
Fra:1 Mem:488.75M (Peak 488.75M) | Time:00:00.72 | Mem:0.00M, Peak:0.00M | Scene, ViewLayer | Synchronizing object | Sideframe welded vertical stiffener.001
Fra:1 Mem:488.75M (Peak 488.75M) | Time:00:00.72 | Mem:0.00M, Peak:0.00M | Scene, ViewLayer | Synchronizing object | Sideframe welded vertical stiffener.002
Fra:1 Mem:488.77M (Peak 488.77M) | Time:00:00.72 | Mem:0.00M, Peak:0.00M | Scene, ViewLayer | Synchronizing object | Visible sideframe fillet weld.002
Fra:1 Mem:488.77M (Peak 488.77M) | Time:00:00.72 | Mem:0.00M, Peak:0.00M | Scene, ViewLayer | Synchronizing object | Sideframe welded vertical stiffener.003
Fra:1 Mem:488.77M (Peak 488.77M) | Time:00:00.72 | Mem:0.00M, Peak:0.00M | Scene, ViewLayer | Synchronizing object | Sideframe welded vertical stiffener.004
Fra:1 Mem:488.79M (Peak 488.79M) | Time:00:00.72 | Mem:0.00M, Peak:0.00M | Scene, ViewLayer | Synchronizing object | Visible sideframe fillet weld.004
Fra:1 Mem:488.79M (Peak 488.79M) | Time:00:00.72 | Mem:0.00M, Peak:0.00M | Scene, ViewLayer | Synchronizing object | Sideframe welded vertical stiffener.005
Fra:1 Mem:488.79M (Peak 488.79M) | Time:00:00.72 | Mem:0.00M, Peak:0.00M | Scene, ViewLayer | Synchronizing object | Visible sideframe fillet weld.005
Fra:1 Mem:488.80M (Peak 488.80M) | Time:00:00.72 | Mem:0.00M, Peak:0.00M | Scene, ViewLayer | Synchronizing object | Bogie maker plate
Fra:1 Mem:488.80M (Peak 488.80M) | Time:00:00.72 | Mem:0.00M, Peak:0.00M | Scene, ViewLayer | Synchronizing object | Maker plate rivet hex head
Fra:1 Mem:488.81M (Peak 488.81M) | Time:00:00.72 | Mem:0.00M, Peak:0.00M | Scene, ViewLayer | Synchronizing object | Maker plate rivet hex head.001
Fra:1 Mem:488.82M (Peak 488.82M) | Time:00:00.72 | Mem:0.00M, Peak:0.00M | Scene, ViewLayer | Synchronizing object | Fabricated sideframe vertical web.002
Fra:1 Mem:488.82M (Peak 488.82M) | Time:00:00.72 | Mem:0.00M, Peak:0.00M | Scene, ViewLayer | Synchronizing object | Sideframe continuous upper flange.001
Fra:1 Mem:488.82M (Peak 488.82M) | Time:00:00.72 | Mem:0.00M, Peak:0.00M | Scene, ViewLayer | Synchronizing object | Sideframe welded vertical stiffener.006
Fra:1 Mem:488.84M (Peak 488.84M) | Time:00:00.72 | Mem:0.00M, Peak:0.00M | Scene, ViewLayer | Synchronizing object | Visible sideframe fillet weld.006
Fra:1 Mem:488.84M (Peak 488.84M) | Time:00:00.72 | Mem:0.00M, Peak:0.00M | Scene, ViewLayer | Synchronizing object | Sideframe welded vertical stiffener.007
Fra:1 Mem:488.84M (Peak 488.84M) | Time:00:00.72 | Mem:0.00M, Peak:0.00M | Scene, ViewLayer | Synchronizing object | Visible sideframe fillet weld.007
Fra:1 Mem:488.85M (Peak 488.85M) | Time:00:00.72 | Mem:0.00M, Peak:0.00M | Scene, ViewLayer | Synchronizing object | Sideframe welded vertical stiffener.008
Fra:1 Mem:488.86M (Peak 488.86M) | Time:00:00.72 | Mem:0.00M, Peak:0.00M | Scene, ViewLayer | Synchronizing object | Visible sideframe fillet weld.008
Fra:1 Mem:488.86M (Peak 488.86M) | Time:00:00.72 | Mem:0.00M, Peak:0.00M | Scene, ViewLayer | Synchronizing object | Sideframe welded vertical stiffener.009
Fra:1 Mem:488.86M (Peak 488.86M) | Time:00:00.72 | Mem:0.00M, Peak:0.00M | Scene, ViewLayer | Synchronizing object | Visible sideframe fillet weld.009
Fra:1 Mem:488.87M (Peak 488.87M) | Time:00:00.72 | Mem:0.00M, Peak:0.00M | Scene, ViewLayer | Synchronizing object | Sideframe welded vertical stiffener.010
Fra:1 Mem:488.87M (Peak 488.87M) | Time:00:00.72 | Mem:0.00M, Peak:0.00M | Scene, ViewLayer | Synchronizing object | Visible sideframe fillet weld.010
Fra:1 Mem:488.88M (Peak 488.88M) | Time:00:00.72 | Mem:0.00M, Peak:0.00M | Scene, ViewLayer | Synchronizing object | Sideframe welded vertical stiffener.011
Fra:1 Mem:488.88M (Peak 488.88M) | Time:00:00.72 | Mem:0.00M, Peak:0.00M | Scene, ViewLayer | Synchronizing object | Visible sideframe fillet weld.011
Fra:1 Mem:488.89M (Peak 488.89M) | Time:00:00.72 | Mem:0.00M, Peak:0.00M | Scene, ViewLayer | Synchronizing object | Bogie maker plate.001
Fra:1 Mem:488.90M (Peak 488.90M) | Time:00:00.72 | Mem:0.00M, Peak:0.00M | Scene, ViewLayer | Synchronizing object | Maker plate rivet hex head.002
Fra:1 Mem:488.90M (Peak 488.90M) | Time:00:00.72 | Mem:0.00M, Peak:0.00M | Scene, ViewLayer | Synchronizing object | Maker plate rivet hex head.003
Fra:1 Mem:488.90M (Peak 488.90M) | Time:00:00.72 | Mem:0.00M, Peak:0.00M | Scene, ViewLayer | Synchronizing object | Bogie headstock transverse box
Fra:1 Mem:488.91M (Peak 488.91M) | Time:00:00.72 | Mem:0.00M, Peak:0.00M | Scene, ViewLayer | Synchronizing object | Headstock upper flange
Fra:1 Mem:488.92M (Peak 488.92M) | Time:00:00.72 | Mem:0.00M, Peak:0.00M | Scene, ViewLayer | Synchronizing object | Headstock corner gusset
Fra:1 Mem:488.92M (Peak 488.92M) | Time:00:00.72 | Mem:0.00M, Peak:0.00M | Scene, ViewLayer | Synchronizing object | Bogie headstock transverse box.001
Fra:1 Mem:488.94M (Peak 488.94M) | Time:00:00.72 | Mem:0.00M, Peak:0.00M | Scene, ViewLayer | Synchronizing object | Headstock upper flange.001
Fra:1 Mem:488.94M (Peak 488.94M) | Time:00:00.72 | Mem:0.00M, Peak:0.00M | Scene, ViewLayer | Synchronizing object | Headstock corner gusset.002
Fra:1 Mem:488.95M (Peak 488.95M) | Time:00:00.72 | Mem:0.00M, Peak:0.00M | Scene, ViewLayer | Synchronizing object | Headstock corner gusset.003
Fra:1 Mem:488.95M (Peak 488.95M) | Time:00:00.72 | Mem:0.00M, Peak:0.00M | Scene, ViewLayer | Synchronizing object | Transom upper closing flange
Fra:1 Mem:488.95M (Peak 488.95M) | Time:00:00.72 | Mem:0.00M, Peak:0.00M | Scene, ViewLayer | Synchronizing object | Bogie centre transom box.001
Fra:1 Mem:488.98M (Peak 488.98M) | Time:00:00.72 | Mem:0.00M, Peak:0.00M | Scene, ViewLayer | Synchronizing object | Transom upper closing flange.001
Fra:1 Mem:488.98M (Peak 488.98M) | Time:00:00.72 | Mem:0.00M, Peak:0.00M | Scene, ViewLayer | Synchronizing object | Bogie air feed manifold
Fra:1 Mem:488.99M (Peak 488.99M) | Time:00:00.72 | Mem:0.00M, Peak:0.00M | Scene, ViewLayer | Synchronizing object | Bogie feed pipe clip
Fra:1 Mem:488.99M (Peak 488.99M) | Time:00:00.72 | Mem:0.00M, Peak:0.00M | Scene, ViewLayer | Synchronizing object | Bogie feed pipe clip.001
Fra:1 Mem:489.00M (Peak 489.00M) | Time:00:00.72 | Mem:0.00M, Peak:0.00M | Scene, ViewLayer | Synchronizing object | Bogie feed pipe clip.002
Fra:1 Mem:489.01M (Peak 489.01M) | Time:00:00.72 | Mem:0.00M, Peak:0.00M | Scene, ViewLayer | Synchronizing object | Bogie feed pipe clip.004
Fra:1 Mem:489.03M (Peak 489.03M) | Time:00:00.72 | Mem:0.00M, Peak:0.00M | Scene, ViewLayer | Synchronizing object | Bogie feed pipe clip.005
Fra:1 Mem:489.04M (Peak 489.04M) | Time:00:00.72 | Mem:0.00M, Peak:0.00M | Scene, ViewLayer | Synchronizing object | Bogie feed pipe clip.006
Fra:1 Mem:489.04M (Peak 489.04M) | Time:00:00.72 | Mem:0.00M, Peak:0.00M | Scene, ViewLayer | Synchronizing object | Floating bogie bolster main box
Fra:1 Mem:489.05M (Peak 489.05M) | Time:00:00.72 | Mem:0.00M, Peak:0.00M | Scene, ViewLayer | Synchronizing object | Bolster upper flange
Fra:1 Mem:489.05M (Peak 489.05M) | Time:00:00.72 | Mem:0.00M, Peak:0.00M | Scene, ViewLayer | Synchronizing object | Bolster upper flange.001
Fra:1 Mem:489.07M (Peak 489.07M) | Time:00:00.72 | Mem:0.00M, Peak:0.00M | Scene, ViewLayer | Synchronizing object | Bolster spring head seat
Fra:1 Mem:489.07M (Peak 489.07M) | Time:00:00.72 | Mem:0.00M, Peak:0.00M | Scene, ViewLayer | Synchronizing object | Lower spring beam end tray
Fra:1 Mem:489.08M (Peak 489.08M) | Time:00:00.72 | Mem:0.00M, Peak:0.00M | Scene, ViewLayer | Synchronizing object | Bolster spring bottom rubber pad
Fra:1 Mem:489.10M (Peak 489.10M) | Time:00:00.72 | Mem:0.00M, Peak:0.00M | Scene, ViewLayer | Synchronizing object | Bolster spring top seating flange
Fra:1 Mem:489.11M (Peak 489.11M) | Time:00:00.72 | Mem:0.00M, Peak:0.00M | Scene, ViewLayer | Synchronizing object | Secondary 42mm bolster coil
Fra:1 Mem:489.13M (Peak 489.13M) | Time:00:00.72 | Mem:0.00M, Peak:0.00M | Scene, ViewLayer | Synchronizing object | Secondary 42mm bolster coil group mark
Fra:1 Mem:489.19M (Peak 489.19M) | Time:00:00.72 | Mem:0.00M, Peak:0.00M | Scene, ViewLayer | Synchronizing object | Secondary 42mm bolster coil group mark.001
Fra:1 Mem:489.22M (Peak 489.22M) | Time:00:00.72 | Mem:0.00M, Peak:0.00M | Scene, ViewLayer | Synchronizing object | Secondary 42mm bolster coil group mark.002
Fra:1 Mem:489.23M (Peak 489.23M) | Time:00:00.72 | Mem:0.00M, Peak:0.00M | Scene, ViewLayer | Synchronizing object | Secondary 42mm bolster coil group mark.003
Fra:1 Mem:489.24M (Peak 489.24M) | Time:00:00.72 | Mem:0.00M, Peak:0.00M | Scene, ViewLayer | Synchronizing object | Secondary 42mm bolster coil group mark.004
Fra:1 Mem:489.27M (Peak 489.27M) | Time:00:00.72 | Mem:0.00M, Peak:0.00M | Scene, ViewLayer | Synchronizing object | Secondary 42mm bolster coil group mark.005
Fra:1 Mem:489.27M (Peak 489.27M) | Time:00:00.72 | Mem:0.00M, Peak:0.00M | Scene, ViewLayer | Synchronizing object | Secondary 42mm bolster coil group mark.006
Fra:1 Mem:489.27M (Peak 489.27M) | Time:00:00.72 | Mem:0.00M, Peak:0.00M | Scene, ViewLayer | Synchronizing object | Secondary 42mm bolster coil group mark.007
Fra:1 Mem:489.29M (Peak 489.29M) | Time:00:00.72 | Mem:0.00M, Peak:0.00M | Scene, ViewLayer | Synchronizing object | Secondary 42mm bolster coil group mark.008
Fra:1 Mem:489.29M (Peak 489.29M) | Time:00:00.72 | Mem:0.00M, Peak:0.00M | Scene, ViewLayer | Synchronizing object | Secondary 42mm bolster coil group mark.009
Fra:1 Mem:489.29M (Peak 489.29M) | Time:00:00.72 | Mem:0.00M, Peak:0.00M | Scene, ViewLayer | Synchronizing object | Secondary 42mm bolster coil group mark.010
Fra:1 Mem:489.30M (Peak 489.30M) | Time:00:00.72 | Mem:0.00M, Peak:0.00M | Scene, ViewLayer | Synchronizing object | Bolster spring bottom rubber pad.001
Fra:1 Mem:489.30M (Peak 489.30M) | Time:00:00.72 | Mem:0.00M, Peak:0.00M | Scene, ViewLayer | Synchronizing object | Bolster spring top seating flange.001
Fra:1 Mem:489.31M (Peak 489.31M) | Time:00:00.72 | Mem:0.00M, Peak:0.00M | Scene, ViewLayer | Synchronizing object | Secondary 42mm bolster coil.001
Fra:1 Mem:489.34M (Peak 489.34M) | Time:00:00.72 | Mem:0.00M, Peak:0.00M | Scene, ViewLayer | Synchronizing object | Secondary 42mm bolster coil group mark.011
Fra:1 Mem:489.35M (Peak 489.35M) | Time:00:00.72 | Mem:0.00M, Peak:0.00M | Scene, ViewLayer | Synchronizing object | Secondary 42mm bolster coil group mark.012
Fra:1 Mem:489.44M (Peak 489.44M) | Time:00:00.72 | Mem:0.00M, Peak:0.00M | Scene, ViewLayer | Synchronizing object | Secondary 42mm bolster coil group mark.013
Fra:1 Mem:489.49M (Peak 489.49M) | Time:00:00.72 | Mem:0.00M, Peak:0.00M | Scene, ViewLayer | Synchronizing object | Secondary 42mm bolster coil group mark.014
Fra:1 Mem:489.50M (Peak 489.50M) | Time:00:00.72 | Mem:0.00M, Peak:0.00M | Scene, ViewLayer | Synchronizing object | Secondary 42mm bolster coil group mark.015
Fra:1 Mem:489.50M (Peak 489.50M) | Time:00:00.72 | Mem:0.00M, Peak:0.00M | Scene, ViewLayer | Synchronizing object | Secondary 42mm bolster coil group mark.016
Fra:1 Mem:489.51M (Peak 489.51M) | Time:00:00.72 | Mem:0.00M, Peak:0.00M | Scene, ViewLayer | Synchronizing object | Secondary 42mm bolster coil group mark.017
Fra:1 Mem:489.52M (Peak 489.52M) | Time:00:00.72 | Mem:0.00M, Peak:0.00M | Scene, ViewLayer | Synchronizing object | Secondary 42mm bolster coil group mark.018
Fra:1 Mem:489.52M (Peak 489.52M) | Time:00:00.72 | Mem:0.00M, Peak:0.00M | Scene, ViewLayer | Synchronizing object | Secondary 42mm bolster coil group mark.019
Fra:1 Mem:489.53M (Peak 489.53M) | Time:00:00.72 | Mem:0.00M, Peak:0.00M | Scene, ViewLayer | Synchronizing object | Secondary 42mm bolster coil group mark.020
Fra:1 Mem:489.53M (Peak 489.53M) | Time:00:00.72 | Mem:0.00M, Peak:0.00M | Scene, ViewLayer | Synchronizing object | Secondary 42mm bolster coil group mark.021
Fra:1 Mem:489.53M (Peak 489.53M) | Time:00:00.72 | Mem:0.00M, Peak:0.00M | Scene, ViewLayer | Synchronizing object | BSS swing hanger forged link strap
Fra:1 Mem:489.53M (Peak 489.53M) | Time:00:00.72 | Mem:0.00M, Peak:0.00M | Scene, ViewLayer | Synchronizing object | BSS swing hanger forged link eye
Fra:1 Mem:489.57M (Peak 489.57M) | Time:00:00.72 | Mem:0.00M, Peak:0.00M | Scene, ViewLayer | Synchronizing object | BSS swing hanger forged link eye.001
Fra:1 Mem:489.59M (Peak 489.59M) | Time:00:00.72 | Mem:0.00M, Peak:0.00M | Scene, ViewLayer | Synchronizing object | BSS swing hanger forged link strap.001
Fra:1 Mem:489.60M (Peak 489.60M) | Time:00:00.72 | Mem:0.00M, Peak:0.00M | Scene, ViewLayer | Synchronizing object | BSS swing hanger forged link eye.002
Fra:1 Mem:489.62M (Peak 489.62M) | Time:00:00.72 | Mem:0.00M, Peak:0.00M | Scene, ViewLayer | Synchronizing object | BSS swing hanger forged link eye.003
Fra:1 Mem:489.62M (Peak 489.62M) | Time:00:00.72 | Mem:0.00M, Peak:0.00M | Scene, ViewLayer | Synchronizing object | BSS upper hanger pin pin
Fra:1 Mem:489.62M (Peak 489.62M) | Time:00:00.72 | Mem:0.00M, Peak:0.00M | Scene, ViewLayer | Synchronizing object | BSS upper hanger pin retaining washer
Fra:1 Mem:489.62M (Peak 489.62M) | Time:00:00.72 | Mem:0.00M, Peak:0.00M | Scene, ViewLayer | Synchronizing object | BSS upper hanger pin retaining hex head
Fra:1 Mem:489.63M (Peak 489.63M) | Time:00:00.72 | Mem:0.00M, Peak:0.00M | Scene, ViewLayer | Synchronizing object | BSS upper hanger pin retaining washer.001
Fra:1 Mem:489.63M (Peak 489.63M) | Time:00:00.72 | Mem:0.00M, Peak:0.00M | Scene, ViewLayer | Synchronizing object | BSS upper hanger pin retaining hex head.001
Fra:1 Mem:489.63M (Peak 489.63M) | Time:00:00.72 | Mem:0.00M, Peak:0.00M | Scene, ViewLayer | Synchronizing object | BSS lower hanger pin pin
Fra:1 Mem:489.64M (Peak 489.64M) | Time:00:00.72 | Mem:0.00M, Peak:0.00M | Scene, ViewLayer | Synchronizing object | BSS lower hanger pin retaining washer
Fra:1 Mem:489.64M (Peak 489.64M) | Time:00:00.72 | Mem:0.00M, Peak:0.00M | Scene, ViewLayer | Synchronizing object | BSS lower hanger pin retaining hex head
Fra:1 Mem:489.64M (Peak 489.64M) | Time:00:00.72 | Mem:0.00M, Peak:0.00M | Scene, ViewLayer | Synchronizing object | BSS lower hanger pin retaining washer.001
Fra:1 Mem:489.65M (Peak 489.65M) | Time:00:00.72 | Mem:0.00M, Peak:0.00M | Scene, ViewLayer | Synchronizing object | BSS lower hanger pin retaining hex head.001
Fra:1 Mem:489.65M (Peak 489.65M) | Time:00:00.72 | Mem:0.00M, Peak:0.00M | Scene, ViewLayer | Synchronizing object | Spring plank hanger block
Fra:1 Mem:489.66M (Peak 489.66M) | Time:00:00.72 | Mem:0.00M, Peak:0.00M | Scene, ViewLayer | Synchronizing object | BSS swing hanger forged link strap.002
Fra:1 Mem:489.68M (Peak 489.68M) | Time:00:00.72 | Mem:0.00M, Peak:0.00M | Scene, ViewLayer | Synchronizing object | BSS swing hanger forged link eye.004
Fra:1 Mem:489.68M (Peak 489.68M) | Time:00:00.72 | Mem:0.00M, Peak:0.00M | Scene, ViewLayer | Synchronizing object | BSS swing hanger forged link strap.003
Fra:1 Mem:489.68M (Peak 489.68M) | Time:00:00.72 | Mem:0.00M, Peak:0.00M | Scene, ViewLayer | Synchronizing object | BSS swing hanger forged link eye.006
Fra:1 Mem:489.69M (Peak 489.69M) | Time:00:00.72 | Mem:0.00M, Peak:0.00M | Scene, ViewLayer | Synchronizing object | BSS swing hanger forged link eye.007
Fra:1 Mem:489.69M (Peak 489.69M) | Time:00:00.72 | Mem:0.00M, Peak:0.00M | Scene, ViewLayer | Synchronizing object | BSS upper hanger pin pin.001
Fra:1 Mem:489.70M (Peak 489.70M) | Time:00:00.72 | Mem:0.00M, Peak:0.00M | Scene, ViewLayer | Synchronizing object | BSS upper hanger pin retaining washer.002
Fra:1 Mem:489.70M (Peak 489.70M) | Time:00:00.72 | Mem:0.00M, Peak:0.00M | Scene, ViewLayer | Synchronizing object | BSS upper hanger pin retaining hex head.002
Fra:1 Mem:489.71M (Peak 489.71M) | Time:00:00.72 | Mem:0.00M, Peak:0.00M | Scene, ViewLayer | Synchronizing object | BSS upper hanger pin retaining washer.003
Fra:1 Mem:489.71M (Peak 489.71M) | Time:00:00.72 | Mem:0.00M, Peak:0.00M | Scene, ViewLayer | Synchronizing object | BSS upper hanger pin retaining hex head.003
Fra:1 Mem:489.72M (Peak 489.72M) | Time:00:00.72 | Mem:0.00M, Peak:0.00M | Scene, ViewLayer | Synchronizing object | BSS lower hanger pin retaining washer.002
Fra:1 Mem:489.72M (Peak 489.72M) | Time:00:00.72 | Mem:0.00M, Peak:0.00M | Scene, ViewLayer | Synchronizing object | BSS lower hanger pin retaining hex head.002
Fra:1 Mem:489.73M (Peak 489.73M) | Time:00:00.72 | Mem:0.00M, Peak:0.00M | Scene, ViewLayer | Synchronizing object | BSS lower hanger pin retaining washer.003
Fra:1 Mem:489.73M (Peak 489.73M) | Time:00:00.72 | Mem:0.00M, Peak:0.00M | Scene, ViewLayer | Synchronizing object | BSS lower hanger pin retaining hex head.003
Fra:1 Mem:489.74M (Peak 489.74M) | Time:00:00.72 | Mem:0.00M, Peak:0.00M | Scene, ViewLayer | Synchronizing object | BSS hanger block.001
Fra:1 Mem:489.74M (Peak 489.74M) | Time:00:00.72 | Mem:0.00M, Peak:0.00M | Scene, ViewLayer | Synchronizing object | BSS lower hanger pin pin.001
Fra:1 Mem:489.75M (Peak 489.75M) | Time:00:00.72 | Mem:0.00M, Peak:0.00M | Scene, ViewLayer | Synchronizing object | Bolster safety U strap
Fra:1 Mem:489.76M (Peak 489.76M) | Time:00:00.72 | Mem:0.00M, Peak:0.00M | Scene, ViewLayer | Synchronizing object | Bolster safety U strap.001
Fra:1 Mem:489.76M (Peak 489.76M) | Time:00:00.72 | Mem:0.00M, Peak:0.00M | Scene, ViewLayer | Synchronizing object | Vertical secondary hydraulic damper body
Fra:1 Mem:489.76M (Peak 489.76M) | Time:00:00.72 | Mem:0.00M, Peak:0.00M | Scene, ViewLayer | Synchronizing object | Secondary damper polished piston
Fra:1 Mem:489.78M (Peak 489.78M) | Time:00:00.72 | Mem:0.00M, Peak:0.00M | Scene, ViewLayer | Synchronizing object | Secondary damper dust sleeve
Fra:1 Mem:489.78M (Peak 489.78M) | Time:00:00.72 | Mem:0.00M, Peak:0.00M | Scene, ViewLayer | Synchronizing object | Damper eye silent rubber
Fra:1 Mem:489.79M (Peak 489.79M) | Time:00:00.72 | Mem:0.00M, Peak:0.00M | Scene, ViewLayer | Synchronizing object | Secondary damper eye pin pin
Fra:1 Mem:489.80M (Peak 489.80M) | Time:00:00.72 | Mem:0.00M, Peak:0.00M | Scene, ViewLayer | Synchronizing object | Secondary damper eye pin retaining washer
Fra:1 Mem:489.80M (Peak 489.80M) | Time:00:00.72 | Mem:0.00M, Peak:0.00M | Scene, ViewLayer | Synchronizing object | Secondary damper eye pin retaining hex head
Fra:1 Mem:489.80M (Peak 489.80M) | Time:00:00.72 | Mem:0.00M, Peak:0.00M | Scene, ViewLayer | Synchronizing object | Secondary damper eye pin retaining hex head.001
Fra:1 Mem:489.81M (Peak 489.81M) | Time:00:00.72 | Mem:0.00M, Peak:0.00M | Scene, ViewLayer | Synchronizing object | Damper attachment lug
Fra:1 Mem:489.81M (Peak 489.81M) | Time:00:00.72 | Mem:0.00M, Peak:0.00M | Scene, ViewLayer | Synchronizing object | Damper eye silent rubber.001
Fra:1 Mem:489.83M (Peak 489.83M) | Time:00:00.72 | Mem:0.00M, Peak:0.00M | Scene, ViewLayer | Synchronizing object | Secondary damper eye pin pin.001
Fra:1 Mem:489.83M (Peak 489.83M) | Time:00:00.72 | Mem:0.00M, Peak:0.00M | Scene, ViewLayer | Synchronizing object | Secondary damper eye pin retaining washer.002
Fra:1 Mem:489.84M (Peak 489.84M) | Time:00:00.72 | Mem:0.00M, Peak:0.00M | Scene, ViewLayer | Synchronizing object | Secondary damper eye pin retaining hex head.002
Fra:1 Mem:489.84M (Peak 489.84M) | Time:00:00.72 | Mem:0.00M, Peak:0.00M | Scene, ViewLayer | Synchronizing object | Secondary damper eye pin retaining hex head.003
Fra:1 Mem:489.85M (Peak 489.85M) | Time:00:00.72 | Mem:0.00M, Peak:0.00M | Scene, ViewLayer | Synchronizing object | Damper attachment lug.001
Fra:1 Mem:489.85M (Peak 489.85M) | Time:00:00.72 | Mem:0.00M, Peak:0.00M | Scene, ViewLayer | Synchronizing object | Side bearer lubricating oil bath
Fra:1 Mem:489.85M (Peak 489.85M) | Time:00:00.72 | Mem:0.00M, Peak:0.00M | Scene, ViewLayer | Synchronizing object | Side bearer bronze wearing piece
Fra:1 Mem:489.87M (Peak 489.87M) | Time:00:00.72 | Mem:0.00M, Peak:0.00M | Scene, ViewLayer | Synchronizing object | Side bearer dust excluding cover
Fra:1 Mem:489.88M (Peak 489.88M) | Time:00:00.72 | Mem:0.00M, Peak:0.00M | Scene, ViewLayer | Synchronizing object | Body bolster side-bearer attachment
Fra:1 Mem:489.88M (Peak 489.88M) | Time:00:00.72 | Mem:0.00M, Peak:0.00M | Scene, ViewLayer | Synchronizing object | Side bearer oil filler pipe
Fra:1 Mem:489.90M (Peak 489.90M) | Time:00:00.72 | Mem:0.00M, Peak:0.00M | Scene, ViewLayer | Synchronizing object | Side bearer oil filler cap
Fra:1 Mem:489.90M (Peak 489.90M) | Time:00:00.72 | Mem:0.00M, Peak:0.00M | Scene, ViewLayer | Synchronizing object | Bolster diagonal anchor link shank
Fra:1 Mem:489.90M (Peak 489.90M) | Time:00:00.72 | Mem:0.00M, Peak:0.00M | Scene, ViewLayer | Synchronizing object | Anchor link silent block outer housing
Fra:1 Mem:489.91M (Peak 489.91M) | Time:00:00.72 | Mem:0.00M, Peak:0.00M | Scene, ViewLayer | Synchronizing object | Anchor link rubber bush
Fra:1 Mem:489.91M (Peak 489.91M) | Time:00:00.72 | Mem:0.00M, Peak:0.00M | Scene, ViewLayer | Synchronizing object | Anchor link pin retaining washer
Fra:1 Mem:489.93M (Peak 489.93M) | Time:00:00.72 | Mem:0.00M, Peak:0.00M | Scene, ViewLayer | Synchronizing object | Anchor link pin retaining hex head
Fra:1 Mem:489.93M (Peak 489.93M) | Time:00:00.72 | Mem:0.00M, Peak:0.00M | Scene, ViewLayer | Synchronizing object | Anchor link pin retaining hex head.001
Fra:1 Mem:489.93M (Peak 489.93M) | Time:00:00.72 | Mem:0.00M, Peak:0.00M | Scene, ViewLayer | Synchronizing object | Anchor link pin retaining washer.001
Fra:1 Mem:489.93M (Peak 489.93M) | Time:00:00.72 | Mem:0.00M, Peak:0.00M | Scene, ViewLayer | Synchronizing object | Anchor link rubber bush.001
Fra:1 Mem:489.94M (Peak 489.94M) | Time:00:00.72 | Mem:0.00M, Peak:0.00M | Scene, ViewLayer | Synchronizing object | Anchor link pin pin.001
Fra:1 Mem:489.96M (Peak 489.96M) | Time:00:00.72 | Mem:0.00M, Peak:0.00M | Scene, ViewLayer | Synchronizing object | Anchor link pin retaining washer.002
Fra:1 Mem:489.96M (Peak 489.96M) | Time:00:00.72 | Mem:0.00M, Peak:0.00M | Scene, ViewLayer | Synchronizing object | Anchor link pin retaining hex head.002
Fra:1 Mem:489.96M (Peak 489.96M) | Time:00:00.72 | Mem:0.00M, Peak:0.00M | Scene, ViewLayer | Synchronizing object | Anchor link pin retaining washer.003
Fra:1 Mem:489.97M (Peak 489.97M) | Time:00:00.72 | Mem:0.00M, Peak:0.00M | Scene, ViewLayer | Synchronizing object | Anchor link pin retaining hex head.003
Fra:1 Mem:489.97M (Peak 489.97M) | Time:00:00.72 | Mem:0.00M, Peak:0.00M | Scene, ViewLayer | Synchronizing object | Equalising stay rod
Fra:1 Mem:489.97M (Peak 489.97M) | Time:00:00.72 | Mem:0.00M, Peak:0.00M | Scene, ViewLayer | Synchronizing object | Equalising stay pin eye
Fra:1 Mem:489.98M (Peak 489.98M) | Time:00:00.72 | Mem:0.00M, Peak:0.00M | Scene, ViewLayer | Synchronizing object | Equalising stay pin pin
Fra:1 Mem:489.99M (Peak 489.99M) | Time:00:00.72 | Mem:0.00M, Peak:0.00M | Scene, ViewLayer | Synchronizing object | Equalising stay pin retaining washer
Fra:1 Mem:489.99M (Peak 489.99M) | Time:00:00.72 | Mem:0.00M, Peak:0.00M | Scene, ViewLayer | Synchronizing object | Equalising stay pin retaining hex head
Fra:1 Mem:490.00M (Peak 490.00M) | Time:00:00.72 | Mem:0.00M, Peak:0.00M | Scene, ViewLayer | Synchronizing object | Equalising stay pin retaining washer.001
Fra:1 Mem:490.00M (Peak 490.00M) | Time:00:00.72 | Mem:0.00M, Peak:0.00M | Scene, ViewLayer | Synchronizing object | Equalising stay pin eye.001
Fra:1 Mem:490.01M (Peak 490.01M) | Time:00:00.72 | Mem:0.00M, Peak:0.00M | Scene, ViewLayer | Synchronizing object | Equalising stay pin pin.001
Fra:1 Mem:490.01M (Peak 490.01M) | Time:00:00.72 | Mem:0.00M, Peak:0.00M | Scene, ViewLayer | Synchronizing object | Equalising stay pin retaining washer.002
Fra:1 Mem:490.02M (Peak 490.02M) | Time:00:00.72 | Mem:0.00M, Peak:0.00M | Scene, ViewLayer | Synchronizing object | Equalising stay pin retaining hex head.002
Fra:1 Mem:490.02M (Peak 490.02M) | Time:00:00.72 | Mem:0.00M, Peak:0.00M | Scene, ViewLayer | Synchronizing object | Equalising stay pin retaining washer.003
Fra:1 Mem:490.03M (Peak 490.03M) | Time:00:00.72 | Mem:0.00M, Peak:0.00M | Scene, ViewLayer | Synchronizing object | Equalising stay pin retaining hex head.003
Fra:1 Mem:490.03M (Peak 490.03M) | Time:00:00.72 | Mem:0.00M, Peak:0.00M | Scene, ViewLayer | Synchronizing object | Bolster spring head seat.001
Fra:1 Mem:490.03M (Peak 490.03M) | Time:00:00.72 | Mem:0.00M, Peak:0.00M | Scene, ViewLayer | Synchronizing object | Lower spring beam end tray.001
Fra:1 Mem:490.04M (Peak 490.04M) | Time:00:00.72 | Mem:0.00M, Peak:0.00M | Scene, ViewLayer | Synchronizing object | Bolster spring bottom rubber pad.002
Fra:1 Mem:490.06M (Peak 490.06M) | Time:00:00.72 | Mem:0.00M, Peak:0.00M | Scene, ViewLayer | Synchronizing object | Bolster spring top seating flange.002
Fra:1 Mem:490.06M (Peak 490.06M) | Time:00:00.72 | Mem:0.00M, Peak:0.00M | Scene, ViewLayer | Synchronizing object | Secondary 42mm bolster coil.002
Fra:1 Mem:490.09M (Peak 490.09M) | Time:00:00.72 | Mem:0.00M, Peak:0.00M | Scene, ViewLayer | Synchronizing object | Secondary 42mm bolster coil group mark.022
Fra:1 Mem:490.14M (Peak 490.14M) | Time:00:00.72 | Mem:0.00M, Peak:0.00M | Scene, ViewLayer | Synchronizing object | Secondary 42mm bolster coil group mark.023
Fra:1 Mem:490.17M (Peak 490.17M) | Time:00:00.72 | Mem:0.00M, Peak:0.00M | Scene, ViewLayer | Synchronizing object | Secondary 42mm bolster coil group mark.024
Fra:1 Mem:490.19M (Peak 490.19M) | Time:00:00.72 | Mem:0.00M, Peak:0.00M | Scene, ViewLayer | Synchronizing object | Secondary 42mm bolster coil group mark.025
Fra:1 Mem:490.20M (Peak 490.20M) | Time:00:00.72 | Mem:0.00M, Peak:0.00M | Scene, ViewLayer | Synchronizing object | Secondary 42mm bolster coil group mark.026
Fra:1 Mem:490.20M (Peak 490.20M) | Time:00:00.72 | Mem:0.00M, Peak:0.00M | Scene, ViewLayer | Synchronizing object | Secondary 42mm bolster coil group mark.027
Fra:1 Mem:490.23M (Peak 490.23M) | Time:00:00.72 | Mem:0.00M, Peak:0.00M | Scene, ViewLayer | Synchronizing object | Secondary 42mm bolster coil group mark.028
Fra:1 Mem:490.23M (Peak 490.23M) | Time:00:00.72 | Mem:0.00M, Peak:0.00M | Scene, ViewLayer | Synchronizing object | Secondary 42mm bolster coil group mark.029
Fra:1 Mem:490.24M (Peak 490.24M) | Time:00:00.72 | Mem:0.00M, Peak:0.00M | Scene, ViewLayer | Synchronizing object | Secondary 42mm bolster coil group mark.030
Fra:1 Mem:490.25M (Peak 490.25M) | Time:00:00.72 | Mem:0.00M, Peak:0.00M | Scene, ViewLayer | Synchronizing object | Secondary 42mm bolster coil group mark.031
Fra:1 Mem:490.25M (Peak 490.25M) | Time:00:00.72 | Mem:0.00M, Peak:0.00M | Scene, ViewLayer | Synchronizing object | Secondary 42mm bolster coil group mark.032
Fra:1 Mem:490.26M (Peak 490.26M) | Time:00:00.72 | Mem:0.00M, Peak:0.00M | Scene, ViewLayer | Synchronizing object | Bolster spring bottom rubber pad.003
Fra:1 Mem:490.27M (Peak 490.27M) | Time:00:00.72 | Mem:0.00M, Peak:0.00M | Scene, ViewLayer | Synchronizing object | Bolster spring top seating flange.003
Fra:1 Mem:490.29M (Peak 490.29M) | Time:00:00.72 | Mem:0.00M, Peak:0.00M | Scene, ViewLayer | Synchronizing object | Secondary 42mm bolster coil.003
Fra:1 Mem:490.32M (Peak 490.32M) | Time:00:00.72 | Mem:0.00M, Peak:0.00M | Scene, ViewLayer | Synchronizing object | Secondary 42mm bolster coil group mark.033
Fra:1 Mem:490.33M (Peak 490.33M) | Time:00:00.72 | Mem:0.00M, Peak:0.00M | Scene, ViewLayer | Synchronizing object | Secondary 42mm bolster coil group mark.034
Fra:1 Mem:490.41M (Peak 490.41M) | Time:00:00.72 | Mem:0.00M, Peak:0.00M | Scene, ViewLayer | Synchronizing object | Secondary 42mm bolster coil group mark.035
Fra:1 Mem:490.41M (Peak 490.41M) | Time:00:00.72 | Mem:0.00M, Peak:0.00M | Scene, ViewLayer | Synchronizing object | Secondary 42mm bolster coil group mark.036
Fra:1 Mem:490.44M (Peak 490.44M) | Time:00:00.72 | Mem:0.00M, Peak:0.00M | Scene, ViewLayer | Synchronizing object | Secondary 42mm bolster coil group mark.037
Fra:1 Mem:490.46M (Peak 490.46M) | Time:00:00.72 | Mem:0.00M, Peak:0.00M | Scene, ViewLayer | Synchronizing object | Secondary 42mm bolster coil group mark.038
Fra:1 Mem:490.46M (Peak 490.46M) | Time:00:00.72 | Mem:0.00M, Peak:0.00M | Scene, ViewLayer | Synchronizing object | Secondary 42mm bolster coil group mark.039
Fra:1 Mem:490.47M (Peak 490.47M) | Time:00:00.72 | Mem:0.00M, Peak:0.00M | Scene, ViewLayer | Synchronizing object | Secondary 42mm bolster coil group mark.040
Fra:1 Mem:490.48M (Peak 490.48M) | Time:00:00.72 | Mem:0.00M, Peak:0.00M | Scene, ViewLayer | Synchronizing object | Secondary 42mm bolster coil group mark.041
Fra:1 Mem:490.49M (Peak 490.49M) | Time:00:00.72 | Mem:0.00M, Peak:0.00M | Scene, ViewLayer | Synchronizing object | Secondary 42mm bolster coil group mark.042
Fra:1 Mem:490.49M (Peak 490.49M) | Time:00:00.72 | Mem:0.00M, Peak:0.00M | Scene, ViewLayer | Synchronizing object | Secondary 42mm bolster coil group mark.043
Fra:1 Mem:490.51M (Peak 490.51M) | Time:00:00.72 | Mem:0.00M, Peak:0.00M | Scene, ViewLayer | Synchronizing object | BSS swing hanger forged link strap.004
Fra:1 Mem:490.51M (Peak 490.51M) | Time:00:00.72 | Mem:0.00M, Peak:0.00M | Scene, ViewLayer | Synchronizing object | BSS swing hanger forged link eye.008
Fra:1 Mem:490.51M (Peak 490.51M) | Time:00:00.72 | Mem:0.00M, Peak:0.00M | Scene, ViewLayer | Synchronizing object | BSS swing hanger forged link eye.009
Fra:1 Mem:490.53M (Peak 490.53M) | Time:00:00.72 | Mem:0.00M, Peak:0.00M | Scene, ViewLayer | Synchronizing object | BSS swing hanger forged link strap.005
Fra:1 Mem:490.55M (Peak 490.55M) | Time:00:00.72 | Mem:0.00M, Peak:0.00M | Scene, ViewLayer | Synchronizing object | BSS swing hanger forged link eye.010
Fra:1 Mem:490.56M (Peak 490.56M) | Time:00:00.72 | Mem:0.00M, Peak:0.00M | Scene, ViewLayer | Synchronizing object | BSS swing hanger forged link eye.011
Fra:1 Mem:490.54M (Peak 490.56M) | Time:00:00.72 | Mem:0.00M, Peak:0.00M | Scene, ViewLayer | Synchronizing object | BSS upper hanger pin pin.002
Fra:1 Mem:490.54M (Peak 490.56M) | Time:00:00.72 | Mem:0.00M, Peak:0.00M | Scene, ViewLayer | Synchronizing object | BSS upper hanger pin retaining washer.004
Fra:1 Mem:490.55M (Peak 490.56M) | Time:00:00.72 | Mem:0.00M, Peak:0.00M | Scene, ViewLayer | Synchronizing object | BSS upper hanger pin retaining hex head.004
Fra:1 Mem:490.56M (Peak 490.56M) | Time:00:00.72 | Mem:0.00M, Peak:0.00M | Scene, ViewLayer | Synchronizing object | BSS upper hanger pin retaining washer.005
Fra:1 Mem:490.56M (Peak 490.56M) | Time:00:00.72 | Mem:0.00M, Peak:0.00M | Scene, ViewLayer | Synchronizing object | BSS lower hanger pin pin.002
Fra:1 Mem:490.57M (Peak 490.57M) | Time:00:00.72 | Mem:0.00M, Peak:0.00M | Scene, ViewLayer | Synchronizing object | BSS lower hanger pin retaining washer.004
Fra:1 Mem:490.57M (Peak 490.57M) | Time:00:00.72 | Mem:0.00M, Peak:0.00M | Scene, ViewLayer | Synchronizing object | BSS lower hanger pin retaining washer.005
Fra:1 Mem:490.58M (Peak 490.58M) | Time:00:00.72 | Mem:0.00M, Peak:0.00M | Scene, ViewLayer | Synchronizing object | BSS lower hanger pin retaining hex head.005
Fra:1 Mem:490.58M (Peak 490.58M) | Time:00:00.72 | Mem:0.00M, Peak:0.00M | Scene, ViewLayer | Synchronizing object | Spring plank hanger block.002
Fra:1 Mem:490.60M (Peak 490.60M) | Time:00:00.72 | Mem:0.00M, Peak:0.00M | Scene, ViewLayer | Synchronizing object | BSS swing hanger forged link strap.006
Fra:1 Mem:490.60M (Peak 490.60M) | Time:00:00.72 | Mem:0.00M, Peak:0.00M | Scene, ViewLayer | Synchronizing object | BSS swing hanger forged link eye.012
Fra:1 Mem:490.60M (Peak 490.60M) | Time:00:00.72 | Mem:0.00M, Peak:0.00M | Scene, ViewLayer | Synchronizing object | BSS swing hanger forged link strap.007
Fra:1 Mem:490.61M (Peak 490.61M) | Time:00:00.72 | Mem:0.00M, Peak:0.00M | Scene, ViewLayer | Synchronizing object | BSS swing hanger forged link eye.014
Fra:1 Mem:490.62M (Peak 490.62M) | Time:00:00.72 | Mem:0.00M, Peak:0.00M | Scene, ViewLayer | Synchronizing object | BSS swing hanger forged link eye.015
Fra:1 Mem:490.62M (Peak 490.62M) | Time:00:00.72 | Mem:0.00M, Peak:0.00M | Scene, ViewLayer | Synchronizing object | BSS upper hanger pin pin.003
Fra:1 Mem:490.63M (Peak 490.63M) | Time:00:00.72 | Mem:0.00M, Peak:0.00M | Scene, ViewLayer | Synchronizing object | BSS upper hanger pin retaining washer.006
Fra:1 Mem:490.63M (Peak 490.63M) | Time:00:00.72 | Mem:0.00M, Peak:0.00M | Scene, ViewLayer | Synchronizing object | BSS upper hanger pin retaining hex head.006
Fra:1 Mem:490.64M (Peak 490.64M) | Time:00:00.72 | Mem:0.00M, Peak:0.00M | Scene, ViewLayer | Synchronizing object | BSS upper hanger pin retaining washer.007
Fra:1 Mem:490.64M (Peak 490.64M) | Time:00:00.72 | Mem:0.00M, Peak:0.00M | Scene, ViewLayer | Synchronizing object | BSS upper hanger pin retaining hex head.007
Fra:1 Mem:490.65M (Peak 490.65M) | Time:00:00.72 | Mem:0.00M, Peak:0.00M | Scene, ViewLayer | Synchronizing object | BSS lower hanger pin pin.003
Fra:1 Mem:490.65M (Peak 490.65M) | Time:00:00.72 | Mem:0.00M, Peak:0.00M | Scene, ViewLayer | Synchronizing object | BSS lower hanger pin retaining washer.006
Fra:1 Mem:490.65M (Peak 490.65M) | Time:00:00.72 | Mem:0.00M, Peak:0.00M | Scene, ViewLayer | Synchronizing object | BSS lower hanger pin retaining hex head.006
Fra:1 Mem:490.66M (Peak 490.66M) | Time:00:00.72 | Mem:0.00M, Peak:0.00M | Scene, ViewLayer | Synchronizing object | BSS lower hanger pin retaining washer.007
Fra:1 Mem:490.66M (Peak 490.66M) | Time:00:00.72 | Mem:0.00M, Peak:0.00M | Scene, ViewLayer | Synchronizing object | BSS lower hanger pin retaining hex head.007
Fra:1 Mem:490.67M (Peak 490.67M) | Time:00:00.72 | Mem:0.00M, Peak:0.00M | Scene, ViewLayer | Synchronizing object | BSS hanger block.003
Fra:1 Mem:490.68M (Peak 490.68M) | Time:00:00.72 | Mem:0.00M, Peak:0.00M | Scene, ViewLayer | Synchronizing object | Spring plank hanger block.003
Fra:1 Mem:490.68M (Peak 490.68M) | Time:00:00.72 | Mem:0.00M, Peak:0.00M | Scene, ViewLayer | Synchronizing object | Bolster safety U strap.002
Fra:1 Mem:490.69M (Peak 490.69M) | Time:00:00.72 | Mem:0.00M, Peak:0.00M | Scene, ViewLayer | Synchronizing object | Bolster safety U strap.003
Fra:1 Mem:490.69M (Peak 490.69M) | Time:00:00.72 | Mem:0.00M, Peak:0.00M | Scene, ViewLayer | Synchronizing object | Secondary damper polished piston.001
Fra:1 Mem:490.70M (Peak 490.70M) | Time:00:00.72 | Mem:0.00M, Peak:0.00M | Scene, ViewLayer | Synchronizing object | Secondary damper dust sleeve.001
Fra:1 Mem:490.71M (Peak 490.71M) | Time:00:00.72 | Mem:0.00M, Peak:0.00M | Scene, ViewLayer | Synchronizing object | Damper eye silent rubber.002
Fra:1 Mem:490.72M (Peak 490.72M) | Time:00:00.72 | Mem:0.00M, Peak:0.00M | Scene, ViewLayer | Synchronizing object | Secondary damper eye pin pin.002
Fra:1 Mem:490.72M (Peak 490.72M) | Time:00:00.72 | Mem:0.00M, Peak:0.00M | Scene, ViewLayer | Synchronizing object | Secondary damper eye pin retaining washer.004
Fra:1 Mem:490.73M (Peak 490.73M) | Time:00:00.72 | Mem:0.00M, Peak:0.00M | Scene, ViewLayer | Synchronizing object | Secondary damper eye pin retaining hex head.004
Fra:1 Mem:490.73M (Peak 490.73M) | Time:00:00.72 | Mem:0.00M, Peak:0.00M | Scene, ViewLayer | Synchronizing object | Secondary damper eye pin retaining washer.005
Fra:1 Mem:490.73M (Peak 490.73M) | Time:00:00.72 | Mem:0.00M, Peak:0.00M | Scene, ViewLayer | Synchronizing object | Secondary damper eye pin retaining hex head.005
Fra:1 Mem:490.74M (Peak 490.74M) | Time:00:00.72 | Mem:0.00M, Peak:0.00M | Scene, ViewLayer | Synchronizing object | Damper attachment lug.002
Fra:1 Mem:490.74M (Peak 490.74M) | Time:00:00.72 | Mem:0.00M, Peak:0.00M | Scene, ViewLayer | Synchronizing object | Damper eye silent rubber.003
Fra:1 Mem:490.75M (Peak 490.75M) | Time:00:00.72 | Mem:0.00M, Peak:0.00M | Scene, ViewLayer | Synchronizing object | Secondary damper eye pin pin.003
Fra:1 Mem:490.76M (Peak 490.76M) | Time:00:00.72 | Mem:0.00M, Peak:0.00M | Scene, ViewLayer | Synchronizing object | Secondary damper eye pin retaining washer.006
Fra:1 Mem:490.76M (Peak 490.76M) | Time:00:00.72 | Mem:0.00M, Peak:0.00M | Scene, ViewLayer | Synchronizing object | Secondary damper eye pin retaining hex head.006
Fra:1 Mem:490.77M (Peak 490.77M) | Time:00:00.72 | Mem:0.00M, Peak:0.00M | Scene, ViewLayer | Synchronizing object | Secondary damper eye pin retaining washer.007
Fra:1 Mem:490.77M (Peak 490.77M) | Time:00:00.72 | Mem:0.00M, Peak:0.00M | Scene, ViewLayer | Synchronizing object | Secondary damper eye pin retaining hex head.007
Fra:1 Mem:490.77M (Peak 490.77M) | Time:00:00.72 | Mem:0.00M, Peak:0.00M | Scene, ViewLayer | Synchronizing object | Damper attachment lug.003
Fra:1 Mem:490.79M (Peak 490.79M) | Time:00:00.72 | Mem:0.00M, Peak:0.00M | Scene, ViewLayer | Synchronizing object | Side bearer lubricating oil bath.001
Fra:1 Mem:490.79M (Peak 490.79M) | Time:00:00.72 | Mem:0.00M, Peak:0.00M | Scene, ViewLayer | Synchronizing object | Side bearer bronze wearing piece.001
Fra:1 Mem:490.80M (Peak 490.80M) | Time:00:00.72 | Mem:0.00M, Peak:0.00M | Scene, ViewLayer | Synchronizing object | Side bearer dust excluding cover.001
Fra:1 Mem:490.80M (Peak 490.80M) | Time:00:00.72 | Mem:0.00M, Peak:0.00M | Scene, ViewLayer | Synchronizing object | Body bolster side-bearer attachment.001
Fra:1 Mem:490.81M (Peak 490.81M) | Time:00:00.72 | Mem:0.00M, Peak:0.00M | Scene, ViewLayer | Synchronizing object | Side bearer oil filler pipe.001
Fra:1 Mem:490.81M (Peak 490.81M) | Time:00:00.72 | Mem:0.00M, Peak:0.00M | Scene, ViewLayer | Synchronizing object | Side bearer oil filler cap.001
Fra:1 Mem:490.82M (Peak 490.82M) | Time:00:00.72 | Mem:0.00M, Peak:0.00M | Scene, ViewLayer | Synchronizing object | Bolster diagonal anchor link shank.001
Fra:1 Mem:490.82M (Peak 490.82M) | Time:00:00.72 | Mem:0.00M, Peak:0.00M | Scene, ViewLayer | Synchronizing object | Anchor link silent block outer housing.002
Fra:1 Mem:490.83M (Peak 490.83M) | Time:00:00.72 | Mem:0.00M, Peak:0.00M | Scene, ViewLayer | Synchronizing object | Anchor link rubber bush.002
Fra:1 Mem:490.84M (Peak 490.84M) | Time:00:00.72 | Mem:0.00M, Peak:0.00M | Scene, ViewLayer | Synchronizing object | Anchor link pin pin.002
Fra:1 Mem:490.84M (Peak 490.84M) | Time:00:00.72 | Mem:0.00M, Peak:0.00M | Scene, ViewLayer | Synchronizing object | Anchor link pin retaining washer.004
Fra:1 Mem:490.85M (Peak 490.85M) | Time:00:00.72 | Mem:0.00M, Peak:0.00M | Scene, ViewLayer | Synchronizing object | Anchor link pin retaining hex head.004
Fra:1 Mem:490.85M (Peak 490.85M) | Time:00:00.72 | Mem:0.00M, Peak:0.00M | Scene, ViewLayer | Synchronizing object | Anchor link pin retaining washer.005
Fra:1 Mem:490.86M (Peak 490.86M) | Time:00:00.72 | Mem:0.00M, Peak:0.00M | Scene, ViewLayer | Synchronizing object | Anchor link pin retaining hex head.005
Fra:1 Mem:490.86M (Peak 490.86M) | Time:00:00.72 | Mem:0.00M, Peak:0.00M | Scene, ViewLayer | Synchronizing object | Anchor link silent block outer housing.003
Fra:1 Mem:490.86M (Peak 490.86M) | Time:00:00.72 | Mem:0.00M, Peak:0.00M | Scene, ViewLayer | Synchronizing object | Anchor link rubber bush.003
Fra:1 Mem:490.87M (Peak 490.87M) | Time:00:00.72 | Mem:0.00M, Peak:0.00M | Scene, ViewLayer | Synchronizing object | Anchor link pin pin.003
Fra:1 Mem:490.88M (Peak 490.88M) | Time:00:00.72 | Mem:0.00M, Peak:0.00M | Scene, ViewLayer | Synchronizing object | Anchor link pin retaining washer.006
Fra:1 Mem:490.89M (Peak 490.89M) | Time:00:00.72 | Mem:0.00M, Peak:0.00M | Scene, ViewLayer | Synchronizing object | Anchor link pin retaining hex head.006
Fra:1 Mem:490.89M (Peak 490.89M) | Time:00:00.72 | Mem:0.00M, Peak:0.00M | Scene, ViewLayer | Synchronizing object | Anchor link pin retaining washer.007
Fra:1 Mem:490.89M (Peak 490.89M) | Time:00:00.72 | Mem:0.00M, Peak:0.00M | Scene, ViewLayer | Synchronizing object | Anchor link pin retaining hex head.007
Fra:1 Mem:490.90M (Peak 490.90M) | Time:00:00.72 | Mem:0.00M, Peak:0.00M | Scene, ViewLayer | Synchronizing object | Equalising stay rod.001
Fra:1 Mem:490.90M (Peak 490.90M) | Time:00:00.72 | Mem:0.00M, Peak:0.00M | Scene, ViewLayer | Synchronizing object | Equalising stay pin pin.002
Fra:1 Mem:490.91M (Peak 490.91M) | Time:00:00.72 | Mem:0.00M, Peak:0.00M | Scene, ViewLayer | Synchronizing object | Equalising stay pin retaining washer.004
Fra:1 Mem:490.92M (Peak 490.92M) | Time:00:00.72 | Mem:0.00M, Peak:0.00M | Scene, ViewLayer | Synchronizing object | Equalising stay pin retaining hex head.004
Fra:1 Mem:490.94M (Peak 490.94M) | Time:00:00.72 | Mem:0.00M, Peak:0.00M | Scene, ViewLayer | Synchronizing object | Equalising stay pin retaining washer.005
Fra:1 Mem:490.92M (Peak 490.94M) | Time:00:00.72 | Mem:0.00M, Peak:0.00M | Scene, ViewLayer | Synchronizing object | Equalising stay pin retaining hex head.005
Fra:1 Mem:490.93M (Peak 490.94M) | Time:00:00.72 | Mem:0.00M, Peak:0.00M | Scene, ViewLayer | Synchronizing object | Equalising stay pin eye.003
Fra:1 Mem:490.95M (Peak 490.95M) | Time:00:00.72 | Mem:0.00M, Peak:0.00M | Scene, ViewLayer | Synchronizing object | Equalising stay pin pin.003
Fra:1 Mem:490.94M (Peak 490.95M) | Time:00:00.72 | Mem:0.00M, Peak:0.00M | Scene, ViewLayer | Synchronizing object | Equalising stay pin retaining washer.006
Fra:1 Mem:490.95M (Peak 490.95M) | Time:00:00.72 | Mem:0.00M, Peak:0.00M | Scene, ViewLayer | Synchronizing object | Equalising stay pin retaining hex head.006
Fra:1 Mem:490.95M (Peak 490.95M) | Time:00:00.72 | Mem:0.00M, Peak:0.00M | Scene, ViewLayer | Synchronizing object | Equalising stay pin retaining hex head.007
Fra:1 Mem:490.95M (Peak 490.95M) | Time:00:00.72 | Mem:0.00M, Peak:0.00M | Scene, ViewLayer | Synchronizing object | Lower spring cradle transverse channel
Fra:1 Mem:490.96M (Peak 490.96M) | Time:00:00.72 | Mem:0.00M, Peak:0.00M | Scene, ViewLayer | Synchronizing object | Spring cradle transverse stiffener
Fra:1 Mem:490.97M (Peak 490.97M) | Time:00:00.72 | Mem:0.00M, Peak:0.00M | Scene, ViewLayer | Synchronizing object | Spring cradle transverse stiffener.001
Fra:1 Mem:490.98M (Peak 490.98M) | Time:00:00.72 | Mem:0.00M, Peak:0.00M | Scene, ViewLayer | Synchronizing object | Spring cradle transverse stiffener.002
Fra:1 Mem:490.99M (Peak 490.99M) | Time:00:00.72 | Mem:0.00M, Peak:0.00M | Scene, ViewLayer | Synchronizing object | Lower spring cradle transverse channel.001
Fra:1 Mem:491.00M (Peak 491.00M) | Time:00:00.72 | Mem:0.00M, Peak:0.00M | Scene, ViewLayer | Synchronizing object | Spring cradle transverse stiffener.003
Fra:1 Mem:491.01M (Peak 491.01M) | Time:00:00.72 | Mem:0.00M, Peak:0.00M | Scene, ViewLayer | Synchronizing object | Spring cradle transverse stiffener.004
Fra:1 Mem:491.01M (Peak 491.01M) | Time:00:00.72 | Mem:0.00M, Peak:0.00M | Scene, ViewLayer | Synchronizing object | Centre pivot silent block housing
Fra:1 Mem:491.04M (Peak 491.04M) | Time:00:00.72 | Mem:0.00M, Peak:0.00M | Scene, ViewLayer | Synchronizing object | Centre pivot rubber silent block
Fra:1 Mem:491.04M (Peak 491.04M) | Time:00:00.72 | Mem:0.00M, Peak:0.00M | Scene, ViewLayer | Synchronizing object | Centre pivot retaining plate
Fra:1 Mem:491.06M (Peak 491.06M) | Time:00:00.72 | Mem:0.00M, Peak:0.00M | Scene, ViewLayer | Synchronizing object | Centre pivot retaining screw hex head
Fra:1 Mem:491.07M (Peak 491.07M) | Time:00:00.72 | Mem:0.00M, Peak:0.00M | Scene, ViewLayer | Synchronizing object | Centre pivot retaining screw hex head.001
Fra:1 Mem:491.07M (Peak 491.07M) | Time:00:00.72 | Mem:0.00M, Peak:0.00M | Scene, ViewLayer | Synchronizing object | Centre pivot retaining screw hex head.003
Fra:1 Mem:491.07M (Peak 491.07M) | Time:00:00.72 | Mem:0.00M, Peak:0.00M | Scene, ViewLayer | Synchronizing object | Turned stepped solid ICF axle
Fra:1 Mem:491.07M (Peak 491.07M) | Time:00:00.72 | Mem:0.00M, Peak:0.00M | Scene, ViewLayer | Synchronizing object | ICF monobloc 915mm dished wheel
Fra:1 Mem:491.07M (Peak 491.07M) | Time:00:00.72 | Mem:0.00M, Peak:0.00M | Scene, ViewLayer | Synchronizing object | Wheel hub machining line
Fra:1 Mem:491.44M (Peak 491.44M) | Time:00:00.72 | Mem:0.00M, Peak:0.00M | Scene, ViewLayer | Synchronizing object | Wheel rim witness line
Fra:1 Mem:491.49M (Peak 491.49M) | Time:00:00.72 | Mem:0.00M, Peak:0.00M | Scene, ViewLayer | Synchronizing object | Wing-type axlebox casting
Fra:1 Mem:491.52M (Peak 491.52M) | Time:00:00.72 | Mem:0.00M, Peak:0.00M | Scene, ViewLayer | Synchronizing object | Axlebox spherical bearing housing
Fra:1 Mem:491.57M (Peak 491.57M) | Time:00:00.72 | Mem:0.00M, Peak:0.00M | Scene, ViewLayer | Synchronizing object | Axlebox circular gasket
Fra:1 Mem:491.66M (Peak 491.66M) | Time:00:00.72 | Mem:0.00M, Peak:0.00M | Scene, ViewLayer | Synchronizing object | Axlebox bolted front cover
Fra:1 Mem:491.68M (Peak 491.68M) | Time:00:00.72 | Mem:0.00M, Peak:0.00M | Scene, ViewLayer | Synchronizing object | Axlebox centre inspection emboss
Fra:1 Mem:491.69M (Peak 491.69M) | Time:00:00.72 | Mem:0.00M, Peak:0.00M | Scene, ViewLayer | Synchronizing object | Axlebox cover M20 hex head
Fra:1 Mem:491.70M (Peak 491.70M) | Time:00:00.72 | Mem:0.00M, Peak:0.00M | Scene, ViewLayer | Synchronizing object | Axlebox cover M20 hex head.001
Fra:1 Mem:491.70M (Peak 491.70M) | Time:00:00.72 | Mem:0.00M, Peak:0.00M | Scene, ViewLayer | Synchronizing object | Axlebox cover M20 hex head.002
Fra:1 Mem:491.70M (Peak 491.70M) | Time:00:00.72 | Mem:0.00M, Peak:0.00M | Scene, ViewLayer | Synchronizing object | Axlebox cover M20 hex head.003
Fra:1 Mem:491.75M (Peak 491.75M) | Time:00:00.72 | Mem:0.00M, Peak:0.00M | Scene, ViewLayer | Synchronizing object | Axlebox cover M20 hex head.004
Fra:1 Mem:491.75M (Peak 491.75M) | Time:00:00.72 | Mem:0.00M, Peak:0.00M | Scene, ViewLayer | Synchronizing object | Axlebox cover M20 hex head.005
Fra:1 Mem:491.75M (Peak 491.75M) | Time:00:00.72 | Mem:0.00M, Peak:0.00M | Scene, ViewLayer | Synchronizing object | Axlebox crown bump rubber
Fra:1 Mem:491.76M (Peak 491.76M) | Time:00:00.72 | Mem:0.00M, Peak:0.00M | Scene, ViewLayer | Synchronizing object | Axlebox crown stop bracket
Fra:1 Mem:491.77M (Peak 491.77M) | Time:00:00.72 | Mem:0.00M, Peak:0.00M | Scene, ViewLayer | Synchronizing object | Crown clearance stop bolt
Fra:1 Mem:491.80M (Peak 491.80M) | Time:00:00.72 | Mem:0.00M, Peak:0.00M | Scene, ViewLayer | Synchronizing object | Primary lower spring seat cup
Fra:1 Mem:491.85M (Peak 491.85M) | Time:00:00.72 | Mem:0.00M, Peak:0.00M | Scene, ViewLayer | Synchronizing object | Primary isolation rubber pad
Fra:1 Mem:491.85M (Peak 491.85M) | Time:00:00.72 | Mem:0.00M, Peak:0.00M | Scene, ViewLayer | Synchronizing object | Primary dashpot oil cylinder
Fra:1 Mem:491.87M (Peak 491.87M) | Time:00:00.72 | Mem:0.00M, Peak:0.00M | Scene, ViewLayer | Synchronizing object | Telescopic axle guide piston sleeve
Fra:1 Mem:491.87M (Peak 491.87M) | Time:00:00.72 | Mem:0.00M, Peak:0.00M | Scene, ViewLayer | Synchronizing object | Dashpot sealing lip
Fra:1 Mem:491.85M (Peak 491.87M) | Time:00:00.72 | Mem:0.00M, Peak:0.00M | Scene, ViewLayer | Synchronizing object | Primary upper spring seat
Fra:1 Mem:491.86M (Peak 491.87M) | Time:00:00.72 | Mem:0.00M, Peak:0.00M | Scene, ViewLayer | Synchronizing object | Primary 33.5mm helical spring
Fra:1 Mem:491.90M (Peak 491.90M) | Time:00:00.72 | Mem:0.00M, Peak:0.00M | Scene, ViewLayer | Synchronizing object | Primary 33.5mm helical spring group mark
Fra:1 Mem:492.00M (Peak 492.00M) | Time:00:00.72 | Mem:0.00M, Peak:0.00M | Scene, ViewLayer | Synchronizing object | Primary 33.5mm helical spring group mark.001
Fra:1 Mem:492.02M (Peak 492.02M) | Time:00:00.72 | Mem:0.00M, Peak:0.00M | Scene, ViewLayer | Synchronizing object | Primary 33.5mm helical spring group mark.002
Fra:1 Mem:492.02M (Peak 492.02M) | Time:00:00.72 | Mem:0.00M, Peak:0.00M | Scene, ViewLayer | Synchronizing object | Primary 33.5mm helical spring group mark.003
Fra:1 Mem:492.05M (Peak 492.05M) | Time:00:00.72 | Mem:0.00M, Peak:0.00M | Scene, ViewLayer | Synchronizing object | Primary 33.5mm helical spring group mark.004
Fra:1 Mem:492.06M (Peak 492.06M) | Time:00:00.72 | Mem:0.00M, Peak:0.00M | Scene, ViewLayer | Synchronizing object | Primary 33.5mm helical spring group mark.005
Fra:1 Mem:492.06M (Peak 492.06M) | Time:00:00.72 | Mem:0.00M, Peak:0.00M | Scene, ViewLayer | Synchronizing object | Primary 33.5mm helical spring group mark.006
Fra:1 Mem:492.08M (Peak 492.08M) | Time:00:00.72 | Mem:0.00M, Peak:0.00M | Scene, ViewLayer | Synchronizing object | Primary 33.5mm helical spring group mark.007
Fra:1 Mem:492.08M (Peak 492.08M) | Time:00:00.72 | Mem:0.00M, Peak:0.00M | Scene, ViewLayer | Synchronizing object | Primary 33.5mm helical spring group mark.008
Fra:1 Mem:492.09M (Peak 492.09M) | Time:00:00.72 | Mem:0.00M, Peak:0.00M | Scene, ViewLayer | Synchronizing object | Primary 33.5mm helical spring group mark.009
Fra:1 Mem:492.09M (Peak 492.09M) | Time:00:00.72 | Mem:0.00M, Peak:0.00M | Scene, ViewLayer | Synchronizing object | Primary 33.5mm helical spring group mark.010
Fra:1 Mem:492.09M (Peak 492.09M) | Time:00:00.72 | Mem:0.00M, Peak:0.00M | Scene, ViewLayer | Synchronizing object | Primary 33.5mm helical spring group mark.011
Fra:1 Mem:492.10M (Peak 492.10M) | Time:00:00.72 | Mem:0.00M, Peak:0.00M | Scene, ViewLayer | Synchronizing object | Primary 33.5mm helical spring group mark.012
Fra:1 Mem:492.12M (Peak 492.12M) | Time:00:00.72 | Mem:0.00M, Peak:0.00M | Scene, ViewLayer | Synchronizing object | Dashpot oil filling vent screw hex head
Fra:1 Mem:492.16M (Peak 492.16M) | Time:00:00.72 | Mem:0.00M, Peak:0.00M | Scene, ViewLayer | Synchronizing object | Dashpot safety U bolt
Fra:1 Mem:492.14M (Peak 492.16M) | Time:00:00.72 | Mem:0.00M, Peak:0.00M | Scene, ViewLayer | Synchronizing object | Primary lower spring seat cup.001
Fra:1 Mem:492.14M (Peak 492.16M) | Time:00:00.72 | Mem:0.00M, Peak:0.00M | Scene, ViewLayer | Synchronizing object | Primary dashpot oil cylinder.001
Fra:1 Mem:492.17M (Peak 492.17M) | Time:00:00.72 | Mem:0.00M, Peak:0.00M | Scene, ViewLayer | Synchronizing object | Telescopic axle guide piston sleeve.001
Fra:1 Mem:492.17M (Peak 492.17M) | Time:00:00.72 | Mem:0.00M, Peak:0.00M | Scene, ViewLayer | Synchronizing object | Primary upper spring seat.001
Fra:1 Mem:492.21M (Peak 492.21M) | Time:00:00.72 | Mem:0.00M, Peak:0.00M | Scene, ViewLayer | Synchronizing object | Primary 33.5mm helical spring.001
Fra:1 Mem:492.22M (Peak 492.22M) | Time:00:00.72 | Mem:0.00M, Peak:0.00M | Scene, ViewLayer | Synchronizing object | Primary 33.5mm helical spring group mark.014
Fra:1 Mem:492.25M (Peak 492.25M) | Time:00:00.72 | Mem:0.00M, Peak:0.00M | Scene, ViewLayer | Synchronizing object | Primary 33.5mm helical spring group mark.015
Fra:1 Mem:492.33M (Peak 492.33M) | Time:00:00.72 | Mem:0.00M, Peak:0.00M | Scene, ViewLayer | Synchronizing object | Primary 33.5mm helical spring group mark.016
Fra:1 Mem:492.35M (Peak 492.35M) | Time:00:00.72 | Mem:0.00M, Peak:0.00M | Scene, ViewLayer | Synchronizing object | Primary 33.5mm helical spring group mark.017
Fra:1 Mem:492.36M (Peak 492.36M) | Time:00:00.72 | Mem:0.00M, Peak:0.00M | Scene, ViewLayer | Synchronizing object | Primary 33.5mm helical spring group mark.018
Fra:1 Mem:492.38M (Peak 492.38M) | Time:00:00.72 | Mem:0.00M, Peak:0.00M | Scene, ViewLayer | Synchronizing object | Primary 33.5mm helical spring group mark.019
Fra:1 Mem:492.38M (Peak 492.38M) | Time:00:00.72 | Mem:0.00M, Peak:0.00M | Scene, ViewLayer | Synchronizing object | Primary 33.5mm helical spring group mark.020
Fra:1 Mem:492.41M (Peak 492.41M) | Time:00:00.72 | Mem:0.00M, Peak:0.00M | Scene, ViewLayer | Synchronizing object | Primary 33.5mm helical spring group mark.021
Fra:1 Mem:492.42M (Peak 492.42M) | Time:00:00.72 | Mem:0.00M, Peak:0.00M | Scene, ViewLayer | Synchronizing object | Primary 33.5mm helical spring group mark.022
Fra:1 Mem:492.42M (Peak 492.42M) | Time:00:00.72 | Mem:0.00M, Peak:0.00M | Scene, ViewLayer | Synchronizing object | Primary 33.5mm helical spring group mark.023
Fra:1 Mem:492.43M (Peak 492.43M) | Time:00:00.72 | Mem:0.00M, Peak:0.00M | Scene, ViewLayer | Synchronizing object | Primary 33.5mm helical spring group mark.024
Fra:1 Mem:492.44M (Peak 492.44M) | Time:00:00.72 | Mem:0.00M, Peak:0.00M | Scene, ViewLayer | Synchronizing object | Primary 33.5mm helical spring group mark.025
Fra:1 Mem:492.44M (Peak 492.44M) | Time:00:00.72 | Mem:0.00M, Peak:0.00M | Scene, ViewLayer | Synchronizing object | Primary 33.5mm helical spring group mark.026
Fra:1 Mem:492.45M (Peak 492.45M) | Time:00:00.72 | Mem:0.00M, Peak:0.00M | Scene, ViewLayer | Synchronizing object | Primary 33.5mm helical spring group mark.027
Fra:1 Mem:492.45M (Peak 492.45M) | Time:00:00.72 | Mem:0.00M, Peak:0.00M | Scene, ViewLayer | Synchronizing object | Dashpot oil filling vent screw hex head.001
Fra:1 Mem:492.45M (Peak 492.45M) | Time:00:00.72 | Mem:0.00M, Peak:0.00M | Scene, ViewLayer | Synchronizing object | Dashpot safety U bolt.001
Fra:1 Mem:492.48M (Peak 492.48M) | Time:00:00.72 | Mem:0.00M, Peak:0.00M | Scene, ViewLayer | Synchronizing object | Axlebox wing strengthening rib
Fra:1 Mem:492.48M (Peak 492.48M) | Time:00:00.72 | Mem:0.00M, Peak:0.00M | Scene, ViewLayer | Synchronizing object | Axlebox wing strengthening rib.001
Fra:1 Mem:492.48M (Peak 492.48M) | Time:00:00.72 | Mem:0.00M, Peak:0.00M | Scene, ViewLayer | Synchronizing object | ICF monobloc 915mm dished wheel.001
Fra:1 Mem:492.54M (Peak 492.54M) | Time:00:00.72 | Mem:0.00M, Peak:0.00M | Scene, ViewLayer | Synchronizing object | Wheel hub machining line.001
Fra:1 Mem:492.60M (Peak 492.60M) | Time:00:00.72 | Mem:0.00M, Peak:0.00M | Scene, ViewLayer | Synchronizing object | Wheel rim witness line.001
Fra:1 Mem:492.91M (Peak 492.91M) | Time:00:00.72 | Mem:0.00M, Peak:0.00M | Scene, ViewLayer | Synchronizing object | Wing-type axlebox casting.001
Fra:1 Mem:492.92M (Peak 492.92M) | Time:00:00.72 | Mem:0.00M, Peak:0.00M | Scene, ViewLayer | Synchronizing object | Axlebox spherical bearing housing.001
Fra:1 Mem:492.93M (Peak 492.93M) | Time:00:00.72 | Mem:0.00M, Peak:0.00M | Scene, ViewLayer | Synchronizing object | Axlebox circular gasket.001
Fra:1 Mem:493.00M (Peak 493.00M) | Time:00:00.72 | Mem:0.00M, Peak:0.00M | Scene, ViewLayer | Synchronizing object | Axlebox bolted front cover.001
Fra:1 Mem:493.03M (Peak 493.03M) | Time:00:00.72 | Mem:0.00M, Peak:0.00M | Scene, ViewLayer | Synchronizing object | Axlebox centre inspection emboss.001
Fra:1 Mem:493.08M (Peak 493.08M) | Time:00:00.72 | Mem:0.00M, Peak:0.00M | Scene, ViewLayer | Synchronizing object | Axlebox cover M20 hex head.006
Fra:1 Mem:493.09M (Peak 493.09M) | Time:00:00.72 | Mem:0.00M, Peak:0.00M | Scene, ViewLayer | Synchronizing object | Axlebox cover M20 hex head.007
Fra:1 Mem:493.09M (Peak 493.09M) | Time:00:00.72 | Mem:0.00M, Peak:0.00M | Scene, ViewLayer | Synchronizing object | Axlebox cover M20 hex head.008
Fra:1 Mem:493.11M (Peak 493.11M) | Time:00:00.72 | Mem:0.00M, Peak:0.00M | Scene, ViewLayer | Synchronizing object | Axlebox cover M20 hex head.009
Fra:1 Mem:493.12M (Peak 493.12M) | Time:00:00.72 | Mem:0.00M, Peak:0.00M | Scene, ViewLayer | Synchronizing object | Axlebox cover M20 hex head.010
Fra:1 Mem:493.16M (Peak 493.16M) | Time:00:00.72 | Mem:0.00M, Peak:0.00M | Scene, ViewLayer | Synchronizing object | Axlebox cover M20 hex head.011
Fra:1 Mem:493.16M (Peak 493.16M) | Time:00:00.72 | Mem:0.00M, Peak:0.00M | Scene, ViewLayer | Synchronizing object | Axlebox crown bump rubber.001
Fra:1 Mem:493.13M (Peak 493.16M) | Time:00:00.72 | Mem:0.00M, Peak:0.00M | Scene, ViewLayer | Synchronizing object | Axlebox crown stop bracket.001
Fra:1 Mem:493.13M (Peak 493.16M) | Time:00:00.72 | Mem:0.00M, Peak:0.00M | Scene, ViewLayer | Synchronizing object | Crown clearance stop bolt.001
Fra:1 Mem:493.13M (Peak 493.16M) | Time:00:00.72 | Mem:0.00M, Peak:0.00M | Scene, ViewLayer | Synchronizing object | Primary lower spring seat cup.002
Fra:1 Mem:493.15M (Peak 493.16M) | Time:00:00.72 | Mem:0.00M, Peak:0.00M | Scene, ViewLayer | Synchronizing object | Primary isolation rubber pad.002
Fra:1 Mem:493.15M (Peak 493.16M) | Time:00:00.72 | Mem:0.00M, Peak:0.00M | Scene, ViewLayer | Synchronizing object | Primary dashpot oil cylinder.002
Fra:1 Mem:493.15M (Peak 493.16M) | Time:00:00.72 | Mem:0.00M, Peak:0.00M | Scene, ViewLayer | Synchronizing object | Telescopic axle guide piston sleeve.002
Fra:1 Mem:493.17M (Peak 493.17M) | Time:00:00.72 | Mem:0.00M, Peak:0.00M | Scene, ViewLayer | Synchronizing object | Dashpot sealing lip.002
Fra:1 Mem:493.18M (Peak 493.18M) | Time:00:00.72 | Mem:0.00M, Peak:0.00M | Scene, ViewLayer | Synchronizing object | Primary upper spring seat.002
Fra:1 Mem:493.20M (Peak 493.20M) | Time:00:00.72 | Mem:0.00M, Peak:0.00M | Scene, ViewLayer | Synchronizing object | Primary 33.5mm helical spring.002
Fra:1 Mem:493.25M (Peak 493.25M) | Time:00:00.72 | Mem:0.00M, Peak:0.00M | Scene, ViewLayer | Synchronizing object | Primary 33.5mm helical spring group mark.028
Fra:1 Mem:493.32M (Peak 493.32M) | Time:00:00.72 | Mem:0.00M, Peak:0.00M | Scene, ViewLayer | Synchronizing object | Primary 33.5mm helical spring group mark.029
Fra:1 Mem:493.35M (Peak 493.35M) | Time:00:00.72 | Mem:0.00M, Peak:0.00M | Scene, ViewLayer | Synchronizing object | Primary 33.5mm helical spring group mark.030
Fra:1 Mem:493.37M (Peak 493.37M) | Time:00:00.72 | Mem:0.00M, Peak:0.00M | Scene, ViewLayer | Synchronizing object | Primary 33.5mm helical spring group mark.031
Fra:1 Mem:493.37M (Peak 493.37M) | Time:00:00.72 | Mem:0.00M, Peak:0.00M | Scene, ViewLayer | Synchronizing object | Primary 33.5mm helical spring group mark.032
Fra:1 Mem:493.40M (Peak 493.40M) | Time:00:00.72 | Mem:0.00M, Peak:0.00M | Scene, ViewLayer | Synchronizing object | Primary 33.5mm helical spring group mark.033
Fra:1 Mem:493.42M (Peak 493.42M) | Time:00:00.72 | Mem:0.00M, Peak:0.00M | Scene, ViewLayer | Synchronizing object | Primary 33.5mm helical spring group mark.034
Fra:1 Mem:493.42M (Peak 493.42M) | Time:00:00.72 | Mem:0.00M, Peak:0.00M | Scene, ViewLayer | Synchronizing object | Primary 33.5mm helical spring group mark.035
Fra:1 Mem:493.43M (Peak 493.43M) | Time:00:00.72 | Mem:0.00M, Peak:0.00M | Scene, ViewLayer | Synchronizing object | Primary 33.5mm helical spring group mark.036
Fra:1 Mem:493.43M (Peak 493.43M) | Time:00:00.72 | Mem:0.00M, Peak:0.00M | Scene, ViewLayer | Synchronizing object | Primary 33.5mm helical spring group mark.037
Fra:1 Mem:493.43M (Peak 493.43M) | Time:00:00.72 | Mem:0.00M, Peak:0.00M | Scene, ViewLayer | Synchronizing object | Primary 33.5mm helical spring group mark.038
Fra:1 Mem:493.46M (Peak 493.46M) | Time:00:00.72 | Mem:0.00M, Peak:0.00M | Scene, ViewLayer | Synchronizing object | Primary 33.5mm helical spring group mark.039
Fra:1 Mem:493.46M (Peak 493.46M) | Time:00:00.72 | Mem:0.00M, Peak:0.00M | Scene, ViewLayer | Synchronizing object | Primary 33.5mm helical spring group mark.040
Fra:1 Mem:493.46M (Peak 493.46M) | Time:00:00.72 | Mem:0.00M, Peak:0.00M | Scene, ViewLayer | Synchronizing object | Primary 33.5mm helical spring group mark.041
Fra:1 Mem:493.48M (Peak 493.48M) | Time:00:00.72 | Mem:0.00M, Peak:0.00M | Scene, ViewLayer | Synchronizing object | Dashpot oil filling vent screw hex head.002
Fra:1 Mem:493.50M (Peak 493.50M) | Time:00:00.72 | Mem:0.00M, Peak:0.00M | Scene, ViewLayer | Synchronizing object | Dashpot safety U bolt.002
Fra:1 Mem:493.48M (Peak 493.50M) | Time:00:00.72 | Mem:0.00M, Peak:0.00M | Scene, ViewLayer | Synchronizing object | Primary lower spring seat cup.003
Fra:1 Mem:493.49M (Peak 493.50M) | Time:00:00.72 | Mem:0.00M, Peak:0.00M | Scene, ViewLayer | Synchronizing object | Primary isolation rubber pad.003
Fra:1 Mem:493.50M (Peak 493.50M) | Time:00:00.72 | Mem:0.00M, Peak:0.00M | Scene, ViewLayer | Synchronizing object | Telescopic axle guide piston sleeve.003
Fra:1 Mem:493.51M (Peak 493.51M) | Time:00:00.72 | Mem:0.00M, Peak:0.00M | Scene, ViewLayer | Synchronizing object | Dashpot sealing lip.003
Fra:1 Mem:493.54M (Peak 493.54M) | Time:00:00.72 | Mem:0.00M, Peak:0.00M | Scene, ViewLayer | Synchronizing object | Primary upper spring seat.003
Fra:1 Mem:493.56M (Peak 493.56M) | Time:00:00.72 | Mem:0.00M, Peak:0.00M | Scene, ViewLayer | Synchronizing object | Primary 33.5mm helical spring.003
Fra:1 Mem:493.59M (Peak 493.59M) | Time:00:00.72 | Mem:0.00M, Peak:0.00M | Scene, ViewLayer | Synchronizing object | Primary 33.5mm helical spring group mark.042
Fra:1 Mem:493.60M (Peak 493.60M) | Time:00:00.72 | Mem:0.00M, Peak:0.00M | Scene, ViewLayer | Synchronizing object | Primary 33.5mm helical spring group mark.043
Fra:1 Mem:493.61M (Peak 493.61M) | Time:00:00.72 | Mem:0.00M, Peak:0.00M | Scene, ViewLayer | Synchronizing object | Primary 33.5mm helical spring group mark.044
Fra:1 Mem:493.67M (Peak 493.67M) | Time:00:00.72 | Mem:0.00M, Peak:0.00M | Scene, ViewLayer | Synchronizing object | Primary 33.5mm helical spring group mark.045
Fra:1 Mem:493.67M (Peak 493.67M) | Time:00:00.72 | Mem:0.00M, Peak:0.00M | Scene, ViewLayer | Synchronizing object | Primary 33.5mm helical spring group mark.046
Fra:1 Mem:493.70M (Peak 493.70M) | Time:00:00.72 | Mem:0.00M, Peak:0.00M | Scene, ViewLayer | Synchronizing object | Primary 33.5mm helical spring group mark.047
Fra:1 Mem:493.72M (Peak 493.72M) | Time:00:00.72 | Mem:0.00M, Peak:0.00M | Scene, ViewLayer | Synchronizing object | Primary 33.5mm helical spring group mark.048
Fra:1 Mem:493.72M (Peak 493.72M) | Time:00:00.72 | Mem:0.00M, Peak:0.00M | Scene, ViewLayer | Synchronizing object | Primary 33.5mm helical spring group mark.049
Fra:1 Mem:493.73M (Peak 493.73M) | Time:00:00.72 | Mem:0.00M, Peak:0.00M | Scene, ViewLayer | Synchronizing object | Primary 33.5mm helical spring group mark.050
Fra:1 Mem:493.76M (Peak 493.76M) | Time:00:00.72 | Mem:0.00M, Peak:0.00M | Scene, ViewLayer | Synchronizing object | Primary 33.5mm helical spring group mark.051
Fra:1 Mem:493.77M (Peak 493.77M) | Time:00:00.72 | Mem:0.00M, Peak:0.00M | Scene, ViewLayer | Synchronizing object | Primary 33.5mm helical spring group mark.052
Fra:1 Mem:493.76M (Peak 493.77M) | Time:00:00.72 | Mem:0.00M, Peak:0.00M | Scene, ViewLayer | Synchronizing object | Primary 33.5mm helical spring group mark.053
Fra:1 Mem:493.78M (Peak 493.78M) | Time:00:00.72 | Mem:0.00M, Peak:0.00M | Scene, ViewLayer | Synchronizing object | Primary 33.5mm helical spring group mark.054
Fra:1 Mem:493.79M (Peak 493.79M) | Time:00:00.72 | Mem:0.00M, Peak:0.00M | Scene, ViewLayer | Synchronizing object | Primary 33.5mm helical spring group mark.055
Fra:1 Mem:493.79M (Peak 493.79M) | Time:00:00.72 | Mem:0.00M, Peak:0.00M | Scene, ViewLayer | Synchronizing object | Dashpot oil filling vent screw hex head.003
Fra:1 Mem:493.79M (Peak 493.79M) | Time:00:00.72 | Mem:0.00M, Peak:0.00M | Scene, ViewLayer | Synchronizing object | Dashpot safety U bolt.003
Fra:1 Mem:493.80M (Peak 493.80M) | Time:00:00.72 | Mem:0.00M, Peak:0.00M | Scene, ViewLayer | Synchronizing object | Axlebox wing strengthening rib.002
Fra:1 Mem:493.82M (Peak 493.82M) | Time:00:00.72 | Mem:0.00M, Peak:0.00M | Scene, ViewLayer | Synchronizing object | Axlebox wing strengthening rib.003
Fra:1 Mem:493.82M (Peak 493.82M) | Time:00:00.72 | Mem:0.00M, Peak:0.00M | Scene, ViewLayer | Synchronizing object | Turned stepped solid ICF axle.001
Fra:1 Mem:493.83M (Peak 493.83M) | Time:00:00.72 | Mem:0.00M, Peak:0.00M | Scene, ViewLayer | Synchronizing object | ICF monobloc 915mm dished wheel.002
Fra:1 Mem:494.17M (Peak 494.17M) | Time:00:00.72 | Mem:0.00M, Peak:0.00M | Scene, ViewLayer | Synchronizing object | Wheel hub machining line.002
Fra:1 Mem:494.27M (Peak 494.27M) | Time:00:00.72 | Mem:0.00M, Peak:0.00M | Scene, ViewLayer | Synchronizing object | Wheel rim witness line.002
Fra:1 Mem:494.38M (Peak 494.38M) | Time:00:00.72 | Mem:0.00M, Peak:0.00M | Scene, ViewLayer | Synchronizing object | Wing-type axlebox casting.002
Fra:1 Mem:494.41M (Peak 494.41M) | Time:00:00.72 | Mem:0.00M, Peak:0.00M | Scene, ViewLayer | Synchronizing object | Axlebox spherical bearing housing.002
Fra:1 Mem:494.43M (Peak 494.43M) | Time:00:00.72 | Mem:0.00M, Peak:0.00M | Scene, ViewLayer | Synchronizing object | Axlebox circular gasket.002
Fra:1 Mem:494.44M (Peak 494.44M) | Time:00:00.72 | Mem:0.00M, Peak:0.00M | Scene, ViewLayer | Synchronizing object | Axlebox bolted front cover.002
Fra:1 Mem:494.45M (Peak 494.45M) | Time:00:00.72 | Mem:0.00M, Peak:0.00M | Scene, ViewLayer | Synchronizing object | Axlebox centre inspection emboss.002
Fra:1 Mem:494.46M (Peak 494.46M) | Time:00:00.72 | Mem:0.00M, Peak:0.00M | Scene, ViewLayer | Synchronizing object | Axlebox cover M20 hex head.012
Fra:1 Mem:494.50M (Peak 494.50M) | Time:00:00.72 | Mem:0.00M, Peak:0.00M | Scene, ViewLayer | Synchronizing object | Axlebox cover M20 hex head.013
Fra:1 Mem:494.50M (Peak 494.50M) | Time:00:00.72 | Mem:0.00M, Peak:0.00M | Scene, ViewLayer | Synchronizing object | Axlebox cover M20 hex head.014
Fra:1 Mem:494.51M (Peak 494.51M) | Time:00:00.72 | Mem:0.00M, Peak:0.00M | Scene, ViewLayer | Synchronizing object | Axlebox cover M20 hex head.015
Fra:1 Mem:494.51M (Peak 494.51M) | Time:00:00.72 | Mem:0.00M, Peak:0.00M | Scene, ViewLayer | Synchronizing object | Axlebox cover M20 hex head.016
Fra:1 Mem:494.51M (Peak 494.51M) | Time:00:00.72 | Mem:0.00M, Peak:0.00M | Scene, ViewLayer | Synchronizing object | Axlebox cover M20 hex head.017
Fra:1 Mem:494.51M (Peak 494.51M) | Time:00:00.72 | Mem:0.00M, Peak:0.00M | Scene, ViewLayer | Synchronizing object | Axlebox crown bump rubber.002
Fra:1 Mem:494.54M (Peak 494.54M) | Time:00:00.72 | Mem:0.00M, Peak:0.00M | Scene, ViewLayer | Synchronizing object | Axlebox crown stop bracket.002
Fra:1 Mem:494.55M (Peak 494.55M) | Time:00:00.72 | Mem:0.00M, Peak:0.00M | Scene, ViewLayer | Synchronizing object | Crown clearance stop bolt.002
Fra:1 Mem:494.55M (Peak 494.55M) | Time:00:00.72 | Mem:0.00M, Peak:0.00M | Scene, ViewLayer | Synchronizing object | Primary lower spring seat cup.004
Fra:1 Mem:494.60M (Peak 494.60M) | Time:00:00.72 | Mem:0.00M, Peak:0.00M | Scene, ViewLayer | Synchronizing object | Primary isolation rubber pad.004
Fra:1 Mem:494.61M (Peak 494.61M) | Time:00:00.72 | Mem:0.00M, Peak:0.00M | Scene, ViewLayer | Synchronizing object | Primary dashpot oil cylinder.004
Fra:1 Mem:494.63M (Peak 494.63M) | Time:00:00.72 | Mem:0.00M, Peak:0.00M | Scene, ViewLayer | Synchronizing object | Telescopic axle guide piston sleeve.004
Fra:1 Mem:494.63M (Peak 494.63M) | Time:00:00.72 | Mem:0.00M, Peak:0.00M | Scene, ViewLayer | Synchronizing object | Dashpot sealing lip.004
Fra:1 Mem:494.64M (Peak 494.64M) | Time:00:00.72 | Mem:0.00M, Peak:0.00M | Scene, ViewLayer | Synchronizing object | Primary upper spring seat.004
Fra:1 Mem:494.67M (Peak 494.67M) | Time:00:00.72 | Mem:0.00M, Peak:0.00M | Scene, ViewLayer | Synchronizing object | Primary 33.5mm helical spring.004
Fra:1 Mem:494.71M (Peak 494.71M) | Time:00:00.72 | Mem:0.00M, Peak:0.00M | Scene, ViewLayer | Synchronizing object | Primary 33.5mm helical spring group mark.056
Fra:1 Mem:494.73M (Peak 494.73M) | Time:00:00.72 | Mem:0.00M, Peak:0.00M | Scene, ViewLayer | Synchronizing object | Primary 33.5mm helical spring group mark.057
Fra:1 Mem:494.76M (Peak 494.76M) | Time:00:00.72 | Mem:0.00M, Peak:0.00M | Scene, ViewLayer | Synchronizing object | Primary 33.5mm helical spring group mark.058
Fra:1 Mem:494.78M (Peak 494.78M) | Time:00:00.72 | Mem:0.00M, Peak:0.00M | Scene, ViewLayer | Synchronizing object | Primary 33.5mm helical spring group mark.059
Fra:1 Mem:494.80M (Peak 494.80M) | Time:00:00.72 | Mem:0.00M, Peak:0.00M | Scene, ViewLayer | Synchronizing object | Primary 33.5mm helical spring group mark.060
Fra:1 Mem:494.82M (Peak 494.82M) | Time:00:00.72 | Mem:0.00M, Peak:0.00M | Scene, ViewLayer | Synchronizing object | Primary 33.5mm helical spring group mark.061
Fra:1 Mem:494.82M (Peak 494.82M) | Time:00:00.72 | Mem:0.00M, Peak:0.00M | Scene, ViewLayer | Synchronizing object | Primary 33.5mm helical spring group mark.062
Fra:1 Mem:494.82M (Peak 494.82M) | Time:00:00.72 | Mem:0.00M, Peak:0.00M | Scene, ViewLayer | Synchronizing object | Primary 33.5mm helical spring group mark.063
Fra:1 Mem:494.84M (Peak 494.84M) | Time:00:00.72 | Mem:0.00M, Peak:0.00M | Scene, ViewLayer | Synchronizing object | Primary 33.5mm helical spring group mark.064
Fra:1 Mem:494.84M (Peak 494.84M) | Time:00:00.72 | Mem:0.00M, Peak:0.00M | Scene, ViewLayer | Synchronizing object | Primary 33.5mm helical spring group mark.065
Fra:1 Mem:494.85M (Peak 494.85M) | Time:00:00.72 | Mem:0.00M, Peak:0.00M | Scene, ViewLayer | Synchronizing object | Primary 33.5mm helical spring group mark.066
Fra:1 Mem:494.87M (Peak 494.87M) | Time:00:00.72 | Mem:0.00M, Peak:0.00M | Scene, ViewLayer | Synchronizing object | Primary 33.5mm helical spring group mark.067
Fra:1 Mem:494.87M (Peak 494.87M) | Time:00:00.72 | Mem:0.00M, Peak:0.00M | Scene, ViewLayer | Synchronizing object | Primary 33.5mm helical spring group mark.068
Fra:1 Mem:494.88M (Peak 494.88M) | Time:00:00.72 | Mem:0.00M, Peak:0.00M | Scene, ViewLayer | Synchronizing object | Primary 33.5mm helical spring group mark.069
Fra:1 Mem:494.89M (Peak 494.89M) | Time:00:00.72 | Mem:0.00M, Peak:0.00M | Scene, ViewLayer | Synchronizing object | Dashpot oil filling vent screw hex head.004
Fra:1 Mem:494.91M (Peak 494.91M) | Time:00:00.72 | Mem:0.00M, Peak:0.00M | Scene, ViewLayer | Synchronizing object | Dashpot safety U bolt.004
Fra:1 Mem:494.91M (Peak 494.91M) | Time:00:00.72 | Mem:0.00M, Peak:0.00M | Scene, ViewLayer | Synchronizing object | Primary lower spring seat cup.005
Fra:1 Mem:494.90M (Peak 494.91M) | Time:00:00.72 | Mem:0.00M, Peak:0.00M | Scene, ViewLayer | Synchronizing object | Primary isolation rubber pad.005
Fra:1 Mem:494.91M (Peak 494.91M) | Time:00:00.72 | Mem:0.00M, Peak:0.00M | Scene, ViewLayer | Synchronizing object | Primary dashpot oil cylinder.005
Fra:1 Mem:494.92M (Peak 494.92M) | Time:00:00.72 | Mem:0.00M, Peak:0.00M | Scene, ViewLayer | Synchronizing object | Telescopic axle guide piston sleeve.005
Fra:1 Mem:494.94M (Peak 494.94M) | Time:00:00.72 | Mem:0.00M, Peak:0.00M | Scene, ViewLayer | Synchronizing object | Dashpot sealing lip.005
Fra:1 Mem:494.93M (Peak 494.94M) | Time:00:00.72 | Mem:0.00M, Peak:0.00M | Scene, ViewLayer | Synchronizing object | Primary upper spring seat.005
Fra:1 Mem:494.94M (Peak 494.94M) | Time:00:00.72 | Mem:0.00M, Peak:0.00M | Scene, ViewLayer | Synchronizing object | Primary 33.5mm helical spring.005
Fra:1 Mem:495.00M (Peak 495.00M) | Time:00:00.72 | Mem:0.00M, Peak:0.00M | Scene, ViewLayer | Synchronizing object | Primary 33.5mm helical spring group mark.070
Fra:1 Mem:495.10M (Peak 495.10M) | Time:00:00.72 | Mem:0.00M, Peak:0.00M | Scene, ViewLayer | Synchronizing object | Primary 33.5mm helical spring group mark.071
Fra:1 Mem:495.12M (Peak 495.12M) | Time:00:00.72 | Mem:0.00M, Peak:0.00M | Scene, ViewLayer | Synchronizing object | Primary 33.5mm helical spring group mark.072
Fra:1 Mem:495.12M (Peak 495.12M) | Time:00:00.72 | Mem:0.00M, Peak:0.00M | Scene, ViewLayer | Synchronizing object | Primary 33.5mm helical spring group mark.073
Fra:1 Mem:495.13M (Peak 495.13M) | Time:00:00.72 | Mem:0.00M, Peak:0.00M | Scene, ViewLayer | Synchronizing object | Primary 33.5mm helical spring group mark.074
Fra:1 Mem:495.13M (Peak 495.13M) | Time:00:00.72 | Mem:0.00M, Peak:0.00M | Scene, ViewLayer | Synchronizing object | Primary 33.5mm helical spring group mark.075
Fra:1 Mem:495.17M (Peak 495.17M) | Time:00:00.72 | Mem:0.00M, Peak:0.00M | Scene, ViewLayer | Synchronizing object | Primary 33.5mm helical spring group mark.076
Fra:1 Mem:495.17M (Peak 495.17M) | Time:00:00.72 | Mem:0.00M, Peak:0.00M | Scene, ViewLayer | Synchronizing object | Primary 33.5mm helical spring group mark.077
Fra:1 Mem:495.18M (Peak 495.18M) | Time:00:00.72 | Mem:0.00M, Peak:0.00M | Scene, ViewLayer | Synchronizing object | Primary 33.5mm helical spring group mark.078
Fra:1 Mem:495.19M (Peak 495.19M) | Time:00:00.73 | Mem:0.00M, Peak:0.00M | Scene, ViewLayer | Synchronizing object | Primary 33.5mm helical spring group mark.079
Fra:1 Mem:495.19M (Peak 495.19M) | Time:00:00.73 | Mem:0.00M, Peak:0.00M | Scene, ViewLayer | Synchronizing object | Primary 33.5mm helical spring group mark.080
Fra:1 Mem:495.19M (Peak 495.19M) | Time:00:00.73 | Mem:0.00M, Peak:0.00M | Scene, ViewLayer | Synchronizing object | Primary 33.5mm helical spring group mark.081
Fra:1 Mem:495.22M (Peak 495.22M) | Time:00:00.73 | Mem:0.00M, Peak:0.00M | Scene, ViewLayer | Synchronizing object | Primary 33.5mm helical spring group mark.082
Fra:1 Mem:495.22M (Peak 495.22M) | Time:00:00.73 | Mem:0.00M, Peak:0.00M | Scene, ViewLayer | Synchronizing object | Primary 33.5mm helical spring group mark.083
Fra:1 Mem:495.23M (Peak 495.23M) | Time:00:00.73 | Mem:0.00M, Peak:0.00M | Scene, ViewLayer | Synchronizing object | Dashpot oil filling vent screw hex head.005
Fra:1 Mem:495.27M (Peak 495.27M) | Time:00:00.73 | Mem:0.00M, Peak:0.00M | Scene, ViewLayer | Synchronizing object | Dashpot safety U bolt.005
Fra:1 Mem:495.26M (Peak 495.27M) | Time:00:00.73 | Mem:0.00M, Peak:0.00M | Scene, ViewLayer | Synchronizing object | Axlebox wing strengthening rib.004
Fra:1 Mem:495.27M (Peak 495.27M) | Time:00:00.73 | Mem:0.00M, Peak:0.00M | Scene, ViewLayer | Synchronizing object | Axlebox wing strengthening rib.005
Fra:1 Mem:495.25M (Peak 495.27M) | Time:00:00.73 | Mem:0.00M, Peak:0.00M | Scene, ViewLayer | Synchronizing object | ICF monobloc 915mm dished wheel.003
Fra:1 Mem:495.25M (Peak 495.27M) | Time:00:00.73 | Mem:0.00M, Peak:0.00M | Scene, ViewLayer | Synchronizing object | Wheel hub machining line.003
Fra:1 Mem:495.35M (Peak 495.35M) | Time:00:00.73 | Mem:0.00M, Peak:0.00M | Scene, ViewLayer | Synchronizing object | Wheel rim witness line.003
Fra:1 Mem:495.65M (Peak 495.65M) | Time:00:00.73 | Mem:0.00M, Peak:0.00M | Scene, ViewLayer | Synchronizing object | Wing-type axlebox casting.003
Fra:1 Mem:495.65M (Peak 495.65M) | Time:00:00.73 | Mem:0.00M, Peak:0.00M | Scene, ViewLayer | Synchronizing object | Axlebox spherical bearing housing.003
Fra:1 Mem:495.74M (Peak 495.74M) | Time:00:00.73 | Mem:0.00M, Peak:0.00M | Scene, ViewLayer | Synchronizing object | Axlebox circular gasket.003
Fra:1 Mem:495.78M (Peak 495.78M) | Time:00:00.73 | Mem:0.00M, Peak:0.00M | Scene, ViewLayer | Synchronizing object | Axlebox bolted front cover.003
Fra:1 Mem:495.78M (Peak 495.78M) | Time:00:00.73 | Mem:0.00M, Peak:0.00M | Scene, ViewLayer | Synchronizing object | Axlebox centre inspection emboss.003
Fra:1 Mem:495.84M (Peak 495.84M) | Time:00:00.73 | Mem:0.00M, Peak:0.00M | Scene, ViewLayer | Synchronizing object | Axlebox cover M20 hex head.018
Fra:1 Mem:495.84M (Peak 495.84M) | Time:00:00.73 | Mem:0.00M, Peak:0.00M | Scene, ViewLayer | Synchronizing object | Axlebox cover M20 hex head.019
Fra:1 Mem:495.84M (Peak 495.84M) | Time:00:00.73 | Mem:0.00M, Peak:0.00M | Scene, ViewLayer | Synchronizing object | Axlebox cover M20 hex head.020
Fra:1 Mem:495.85M (Peak 495.85M) | Time:00:00.73 | Mem:0.00M, Peak:0.00M | Scene, ViewLayer | Synchronizing object | Axlebox cover M20 hex head.021
Fra:1 Mem:495.85M (Peak 495.85M) | Time:00:00.73 | Mem:0.00M, Peak:0.00M | Scene, ViewLayer | Synchronizing object | Axlebox cover M20 hex head.022
Fra:1 Mem:495.85M (Peak 495.85M) | Time:00:00.73 | Mem:0.00M, Peak:0.00M | Scene, ViewLayer | Synchronizing object | Axlebox cover M20 hex head.023
Fra:1 Mem:495.87M (Peak 495.87M) | Time:00:00.73 | Mem:0.00M, Peak:0.00M | Scene, ViewLayer | Synchronizing object | Axlebox crown bump rubber.003
Fra:1 Mem:495.87M (Peak 495.87M) | Time:00:00.73 | Mem:0.00M, Peak:0.00M | Scene, ViewLayer | Synchronizing object | Axlebox crown stop bracket.003
Fra:1 Mem:495.93M (Peak 495.93M) | Time:00:00.73 | Mem:0.00M, Peak:0.00M | Scene, ViewLayer | Synchronizing object | Crown clearance stop bolt.003
Fra:1 Mem:495.93M (Peak 495.93M) | Time:00:00.73 | Mem:0.00M, Peak:0.00M | Scene, ViewLayer | Synchronizing object | Primary lower spring seat cup.006
Fra:1 Mem:495.94M (Peak 495.94M) | Time:00:00.73 | Mem:0.00M, Peak:0.00M | Scene, ViewLayer | Synchronizing object | Primary isolation rubber pad.006
Fra:1 Mem:495.91M (Peak 495.94M) | Time:00:00.73 | Mem:0.00M, Peak:0.00M | Scene, ViewLayer | Synchronizing object | Primary dashpot oil cylinder.006
Fra:1 Mem:495.91M (Peak 495.94M) | Time:00:00.73 | Mem:0.00M, Peak:0.00M | Scene, ViewLayer | Synchronizing object | Telescopic axle guide piston sleeve.006
Fra:1 Mem:495.92M (Peak 495.94M) | Time:00:00.73 | Mem:0.00M, Peak:0.00M | Scene, ViewLayer | Synchronizing object | Dashpot sealing lip.006
Fra:1 Mem:495.95M (Peak 495.95M) | Time:00:00.73 | Mem:0.00M, Peak:0.00M | Scene, ViewLayer | Synchronizing object | Primary upper spring seat.006
Fra:1 Mem:495.95M (Peak 495.95M) | Time:00:00.73 | Mem:0.00M, Peak:0.00M | Scene, ViewLayer | Synchronizing object | Primary 33.5mm helical spring.006
Fra:1 Mem:496.00M (Peak 496.00M) | Time:00:00.73 | Mem:0.00M, Peak:0.00M | Scene, ViewLayer | Synchronizing object | Primary 33.5mm helical spring group mark.084
Fra:1 Mem:496.08M (Peak 496.08M) | Time:00:00.73 | Mem:0.00M, Peak:0.00M | Scene, ViewLayer | Synchronizing object | Primary 33.5mm helical spring group mark.085
Fra:1 Mem:496.10M (Peak 496.10M) | Time:00:00.73 | Mem:0.00M, Peak:0.00M | Scene, ViewLayer | Synchronizing object | Primary 33.5mm helical spring group mark.086
Fra:1 Mem:496.12M (Peak 496.12M) | Time:00:00.73 | Mem:0.00M, Peak:0.00M | Scene, ViewLayer | Synchronizing object | Primary 33.5mm helical spring group mark.087
Fra:1 Mem:496.12M (Peak 496.12M) | Time:00:00.73 | Mem:0.00M, Peak:0.00M | Scene, ViewLayer | Synchronizing object | Primary 33.5mm helical spring group mark.088
Fra:1 Mem:496.13M (Peak 496.13M) | Time:00:00.73 | Mem:0.00M, Peak:0.00M | Scene, ViewLayer | Synchronizing object | Primary 33.5mm helical spring group mark.089
Fra:1 Mem:496.14M (Peak 496.14M) | Time:00:00.73 | Mem:0.00M, Peak:0.00M | Scene, ViewLayer | Synchronizing object | Primary 33.5mm helical spring group mark.090
Fra:1 Mem:496.16M (Peak 496.16M) | Time:00:00.73 | Mem:0.00M, Peak:0.00M | Scene, ViewLayer | Synchronizing object | Primary 33.5mm helical spring group mark.091
Fra:1 Mem:496.17M (Peak 496.17M) | Time:00:00.73 | Mem:0.00M, Peak:0.00M | Scene, ViewLayer | Synchronizing object | Primary 33.5mm helical spring group mark.092
Fra:1 Mem:496.17M (Peak 496.17M) | Time:00:00.73 | Mem:0.00M, Peak:0.00M | Scene, ViewLayer | Synchronizing object | Primary 33.5mm helical spring group mark.093
Fra:1 Mem:496.19M (Peak 496.19M) | Time:00:00.73 | Mem:0.00M, Peak:0.00M | Scene, ViewLayer | Synchronizing object | Primary 33.5mm helical spring group mark.094
Fra:1 Mem:496.19M (Peak 496.19M) | Time:00:00.73 | Mem:0.00M, Peak:0.00M | Scene, ViewLayer | Synchronizing object | Primary 33.5mm helical spring group mark.095
Fra:1 Mem:496.19M (Peak 496.19M) | Time:00:00.73 | Mem:0.00M, Peak:0.00M | Scene, ViewLayer | Synchronizing object | Primary 33.5mm helical spring group mark.096
Fra:1 Mem:496.20M (Peak 496.20M) | Time:00:00.73 | Mem:0.00M, Peak:0.00M | Scene, ViewLayer | Synchronizing object | Primary 33.5mm helical spring group mark.097
Fra:1 Mem:496.20M (Peak 496.20M) | Time:00:00.73 | Mem:0.00M, Peak:0.00M | Scene, ViewLayer | Synchronizing object | Dashpot oil filling vent screw hex head.006
Fra:1 Mem:496.20M (Peak 496.20M) | Time:00:00.73 | Mem:0.00M, Peak:0.00M | Scene, ViewLayer | Synchronizing object | Dashpot safety U bolt.006
Fra:1 Mem:496.23M (Peak 496.23M) | Time:00:00.73 | Mem:0.00M, Peak:0.00M | Scene, ViewLayer | Synchronizing object | Primary lower spring seat cup.007
Fra:1 Mem:496.24M (Peak 496.24M) | Time:00:00.73 | Mem:0.00M, Peak:0.00M | Scene, ViewLayer | Synchronizing object | Primary isolation rubber pad.007
Fra:1 Mem:496.26M (Peak 496.26M) | Time:00:00.73 | Mem:0.00M, Peak:0.00M | Scene, ViewLayer | Synchronizing object | Primary dashpot oil cylinder.007
Fra:1 Mem:496.29M (Peak 496.29M) | Time:00:00.73 | Mem:0.00M, Peak:0.00M | Scene, ViewLayer | Synchronizing object | Telescopic axle guide piston sleeve.007
Fra:1 Mem:496.29M (Peak 496.29M) | Time:00:00.73 | Mem:0.00M, Peak:0.00M | Scene, ViewLayer | Synchronizing object | Dashpot sealing lip.007
Fra:1 Mem:496.32M (Peak 496.32M) | Time:00:00.73 | Mem:0.00M, Peak:0.00M | Scene, ViewLayer | Synchronizing object | Primary upper spring seat.007
Fra:1 Mem:496.30M (Peak 496.32M) | Time:00:00.73 | Mem:0.00M, Peak:0.00M | Scene, ViewLayer | Synchronizing object | Primary 33.5mm helical spring.007
Fra:1 Mem:496.35M (Peak 496.35M) | Time:00:00.73 | Mem:0.00M, Peak:0.00M | Scene, ViewLayer | Synchronizing object | Primary 33.5mm helical spring group mark.098
Fra:1 Mem:496.36M (Peak 496.36M) | Time:00:00.73 | Mem:0.00M, Peak:0.00M | Scene, ViewLayer | Synchronizing object | Primary 33.5mm helical spring group mark.099
Fra:1 Mem:496.43M (Peak 496.43M) | Time:00:00.73 | Mem:0.00M, Peak:0.00M | Scene, ViewLayer | Synchronizing object | Primary 33.5mm helical spring group mark.100
Fra:1 Mem:496.45M (Peak 496.45M) | Time:00:00.73 | Mem:0.00M, Peak:0.00M | Scene, ViewLayer | Synchronizing object | Primary 33.5mm helical spring group mark.101
Fra:1 Mem:496.45M (Peak 496.45M) | Time:00:00.73 | Mem:0.00M, Peak:0.00M | Scene, ViewLayer | Synchronizing object | Primary 33.5mm helical spring group mark.102
Fra:1 Mem:496.47M (Peak 496.47M) | Time:00:00.73 | Mem:0.00M, Peak:0.00M | Scene, ViewLayer | Synchronizing object | Primary 33.5mm helical spring group mark.103
Fra:1 Mem:496.47M (Peak 496.47M) | Time:00:00.73 | Mem:0.00M, Peak:0.00M | Scene, ViewLayer | Synchronizing object | Primary 33.5mm helical spring group mark.104
Fra:1 Mem:496.49M (Peak 496.49M) | Time:00:00.73 | Mem:0.00M, Peak:0.00M | Scene, ViewLayer | Synchronizing object | Primary 33.5mm helical spring group mark.105
Fra:1 Mem:496.51M (Peak 496.51M) | Time:00:00.73 | Mem:0.00M, Peak:0.00M | Scene, ViewLayer | Synchronizing object | Primary 33.5mm helical spring group mark.106
Fra:1 Mem:496.53M (Peak 496.53M) | Time:00:00.73 | Mem:0.00M, Peak:0.00M | Scene, ViewLayer | Synchronizing object | Primary 33.5mm helical spring group mark.107
Fra:1 Mem:496.53M (Peak 496.53M) | Time:00:00.73 | Mem:0.00M, Peak:0.00M | Scene, ViewLayer | Synchronizing object | Primary 33.5mm helical spring group mark.108
Fra:1 Mem:496.54M (Peak 496.54M) | Time:00:00.73 | Mem:0.00M, Peak:0.00M | Scene, ViewLayer | Synchronizing object | Primary 33.5mm helical spring group mark.109
Fra:1 Mem:496.54M (Peak 496.54M) | Time:00:00.73 | Mem:0.00M, Peak:0.00M | Scene, ViewLayer | Synchronizing object | Primary 33.5mm helical spring group mark.110
Fra:1 Mem:496.54M (Peak 496.54M) | Time:00:00.73 | Mem:0.00M, Peak:0.00M | Scene, ViewLayer | Synchronizing object | Primary 33.5mm helical spring group mark.111
Fra:1 Mem:496.55M (Peak 496.55M) | Time:00:00.73 | Mem:0.00M, Peak:0.00M | Scene, ViewLayer | Synchronizing object | Dashpot oil filling vent screw hex head.007
Fra:1 Mem:496.55M (Peak 496.55M) | Time:00:00.73 | Mem:0.00M, Peak:0.00M | Scene, ViewLayer | Synchronizing object | Dashpot safety U bolt.007
Fra:1 Mem:496.58M (Peak 496.58M) | Time:00:00.73 | Mem:0.00M, Peak:0.00M | Scene, ViewLayer | Synchronizing object | Axlebox wing strengthening rib.006
Fra:1 Mem:496.61M (Peak 496.61M) | Time:00:00.73 | Mem:0.00M, Peak:0.00M | Scene, ViewLayer | Synchronizing object | Brake transverse channel beam
Fra:1 Mem:496.60M (Peak 496.61M) | Time:00:00.73 | Mem:0.00M, Peak:0.00M | Scene, ViewLayer | Synchronizing object | Brake beam tension truss
Fra:1 Mem:496.60M (Peak 496.61M) | Time:00:00.73 | Mem:0.00M, Peak:0.00M | Scene, ViewLayer | Synchronizing object | Curved K-type composition tread brake block
Fra:1 Mem:496.61M (Peak 496.61M) | Time:00:00.73 | Mem:0.00M, Peak:0.00M | Scene, ViewLayer | Synchronizing object | Brake head cast backplate
Fra:1 Mem:496.62M (Peak 496.62M) | Time:00:00.73 | Mem:0.00M, Peak:0.00M | Scene, ViewLayer | Synchronizing object | Brake head shoe retaining pin retaining washer
Fra:1 Mem:496.62M (Peak 496.62M) | Time:00:00.73 | Mem:0.00M, Peak:0.00M | Scene, ViewLayer | Synchronizing object | Brake head shoe retaining pin pin
Fra:1 Mem:496.63M (Peak 496.63M) | Time:00:00.73 | Mem:0.00M, Peak:0.00M | Scene, ViewLayer | Synchronizing object | Brake head shoe retaining pin retaining hex head
Fra:1 Mem:496.63M (Peak 496.63M) | Time:00:00.73 | Mem:0.00M, Peak:0.00M | Scene, ViewLayer | Synchronizing object | Brake head shoe retaining pin retaining washer.001
Fra:1 Mem:496.63M (Peak 496.63M) | Time:00:00.73 | Mem:0.00M, Peak:0.00M | Scene, ViewLayer | Synchronizing object | Brake head shoe retaining pin retaining hex head.001
Fra:1 Mem:496.64M (Peak 496.64M) | Time:00:00.73 | Mem:0.00M, Peak:0.00M | Scene, ViewLayer | Synchronizing object | Brake block suspension hanger strap
Fra:1 Mem:496.64M (Peak 496.64M) | Time:00:00.73 | Mem:0.00M, Peak:0.00M | Scene, ViewLayer | Synchronizing object | Brake block suspension hanger eye
Fra:1 Mem:496.64M (Peak 496.64M) | Time:00:00.73 | Mem:0.00M, Peak:0.00M | Scene, ViewLayer | Synchronizing object | Brake block suspension hanger eye.001
Fra:1 Mem:496.65M (Peak 496.65M) | Time:00:00.73 | Mem:0.00M, Peak:0.00M | Scene, ViewLayer | Synchronizing object | Brake hanger upper pivot pin
Fra:1 Mem:496.66M (Peak 496.66M) | Time:00:00.73 | Mem:0.00M, Peak:0.00M | Scene, ViewLayer | Synchronizing object | Brake hanger upper pivot retaining washer
Fra:1 Mem:496.66M (Peak 496.66M) | Time:00:00.73 | Mem:0.00M, Peak:0.00M | Scene, ViewLayer | Synchronizing object | Brake hanger upper pivot retaining hex head
Fra:1 Mem:496.66M (Peak 496.66M) | Time:00:00.73 | Mem:0.00M, Peak:0.00M | Scene, ViewLayer | Synchronizing object | Brake hanger upper pivot retaining washer.001
Fra:1 Mem:496.67M (Peak 496.67M) | Time:00:00.73 | Mem:0.00M, Peak:0.00M | Scene, ViewLayer | Synchronizing object | Brake hanger upper pivot retaining hex head.001
Fra:1 Mem:496.67M (Peak 496.67M) | Time:00:00.73 | Mem:0.00M, Peak:0.00M | Scene, ViewLayer | Synchronizing object | Brake beam safety wire rope
Fra:1 Mem:496.68M (Peak 496.68M) | Time:00:00.73 | Mem:0.00M, Peak:0.00M | Scene, ViewLayer | Synchronizing object | Brake head cast backplate.001
Fra:1 Mem:496.69M (Peak 496.69M) | Time:00:00.73 | Mem:0.00M, Peak:0.00M | Scene, ViewLayer | Synchronizing object | Brake head shoe retaining pin pin.001
Fra:1 Mem:496.70M (Peak 496.70M) | Time:00:00.73 | Mem:0.00M, Peak:0.00M | Scene, ViewLayer | Synchronizing object | Brake head shoe retaining pin retaining washer.002
Fra:1 Mem:496.70M (Peak 496.70M) | Time:00:00.73 | Mem:0.00M, Peak:0.00M | Scene, ViewLayer | Synchronizing object | Brake head shoe retaining pin retaining hex head.002
Fra:1 Mem:496.71M (Peak 496.71M) | Time:00:00.73 | Mem:0.00M, Peak:0.00M | Scene, ViewLayer | Synchronizing object | Brake head shoe retaining pin retaining washer.003
Fra:1 Mem:496.71M (Peak 496.71M) | Time:00:00.73 | Mem:0.00M, Peak:0.00M | Scene, ViewLayer | Synchronizing object | Brake block suspension hanger strap.001
Fra:1 Mem:496.71M (Peak 496.71M) | Time:00:00.73 | Mem:0.00M, Peak:0.00M | Scene, ViewLayer | Synchronizing object | Brake block suspension hanger eye.002
Fra:1 Mem:496.72M (Peak 496.72M) | Time:00:00.73 | Mem:0.00M, Peak:0.00M | Scene, ViewLayer | Synchronizing object | Brake block suspension hanger eye.003
Fra:1 Mem:496.73M (Peak 496.73M) | Time:00:00.73 | Mem:0.00M, Peak:0.00M | Scene, ViewLayer | Synchronizing object | Brake hanger upper pivot pin.001
Fra:1 Mem:496.73M (Peak 496.73M) | Time:00:00.73 | Mem:0.00M, Peak:0.00M | Scene, ViewLayer | Synchronizing object | Brake hanger upper pivot retaining washer.002
Fra:1 Mem:496.73M (Peak 496.73M) | Time:00:00.73 | Mem:0.00M, Peak:0.00M | Scene, ViewLayer | Synchronizing object | Brake hanger upper pivot retaining hex head.002
Fra:1 Mem:496.75M (Peak 496.75M) | Time:00:00.73 | Mem:0.00M, Peak:0.00M | Scene, ViewLayer | Synchronizing object | Brake hanger upper pivot retaining washer.003
Fra:1 Mem:496.74M (Peak 496.75M) | Time:00:00.73 | Mem:0.00M, Peak:0.00M | Scene, ViewLayer | Synchronizing object | Brake hanger upper pivot retaining hex head.003
Fra:1 Mem:496.75M (Peak 496.75M) | Time:00:00.73 | Mem:0.00M, Peak:0.00M | Scene, ViewLayer | Synchronizing object | Brake beam safety wire rope.001
Fra:1 Mem:496.75M (Peak 496.75M) | Time:00:00.73 | Mem:0.00M, Peak:0.00M | Scene, ViewLayer | Synchronizing object | Brake beam tension truss.002
Fra:1 Mem:496.76M (Peak 496.76M) | Time:00:00.73 | Mem:0.00M, Peak:0.00M | Scene, ViewLayer | Synchronizing object | Brake beam tension truss.003
Fra:1 Mem:496.77M (Peak 496.77M) | Time:00:00.73 | Mem:0.00M, Peak:0.00M | Scene, ViewLayer | Synchronizing object | Curved K-type composition tread brake block.002
Fra:1 Mem:496.77M (Peak 496.77M) | Time:00:00.73 | Mem:0.00M, Peak:0.00M | Scene, ViewLayer | Synchronizing object | Brake head cast backplate.002
Fra:1 Mem:496.77M (Peak 496.77M) | Time:00:00.73 | Mem:0.00M, Peak:0.00M | Scene, ViewLayer | Synchronizing object | Brake head shoe retaining pin pin.002
Fra:1 Mem:496.79M (Peak 496.79M) | Time:00:00.73 | Mem:0.00M, Peak:0.00M | Scene, ViewLayer | Synchronizing object | Brake head shoe retaining pin retaining washer.004
Fra:1 Mem:496.79M (Peak 496.79M) | Time:00:00.73 | Mem:0.00M, Peak:0.00M | Scene, ViewLayer | Synchronizing object | Brake head shoe retaining pin retaining hex head.004
Fra:1 Mem:496.80M (Peak 496.80M) | Time:00:00.73 | Mem:0.00M, Peak:0.00M | Scene, ViewLayer | Synchronizing object | Brake head shoe retaining pin retaining washer.005
Fra:1 Mem:496.80M (Peak 496.80M) | Time:00:00.73 | Mem:0.00M, Peak:0.00M | Scene, ViewLayer | Synchronizing object | Brake head shoe retaining pin retaining hex head.005
Fra:1 Mem:496.80M (Peak 496.80M) | Time:00:00.73 | Mem:0.00M, Peak:0.00M | Scene, ViewLayer | Synchronizing object | Brake block suspension hanger strap.002
Fra:1 Mem:496.81M (Peak 496.81M) | Time:00:00.73 | Mem:0.00M, Peak:0.00M | Scene, ViewLayer | Synchronizing object | Brake block suspension hanger eye.004
Fra:1 Mem:496.81M (Peak 496.81M) | Time:00:00.73 | Mem:0.00M, Peak:0.00M | Scene, ViewLayer | Synchronizing object | Brake hanger upper pivot pin.002
Fra:1 Mem:496.82M (Peak 496.82M) | Time:00:00.73 | Mem:0.00M, Peak:0.00M | Scene, ViewLayer | Synchronizing object | Brake hanger upper pivot retaining washer.004
Fra:1 Mem:496.82M (Peak 496.82M) | Time:00:00.73 | Mem:0.00M, Peak:0.00M | Scene, ViewLayer | Synchronizing object | Brake hanger upper pivot retaining hex head.004
Fra:1 Mem:496.84M (Peak 496.84M) | Time:00:00.73 | Mem:0.00M, Peak:0.00M | Scene, ViewLayer | Synchronizing object | Brake hanger upper pivot retaining washer.005
Fra:1 Mem:496.84M (Peak 496.84M) | Time:00:00.73 | Mem:0.00M, Peak:0.00M | Scene, ViewLayer | Synchronizing object | Brake hanger upper pivot retaining hex head.005
Fra:1 Mem:496.84M (Peak 496.84M) | Time:00:00.73 | Mem:0.00M, Peak:0.00M | Scene, ViewLayer | Synchronizing object | Curved K-type composition tread brake block.003
Fra:1 Mem:496.85M (Peak 496.85M) | Time:00:00.73 | Mem:0.00M, Peak:0.00M | Scene, ViewLayer | Synchronizing object | Brake head cast backplate.003
Fra:1 Mem:496.85M (Peak 496.85M) | Time:00:00.73 | Mem:0.00M, Peak:0.00M | Scene, ViewLayer | Synchronizing object | Brake head shoe retaining pin pin.003
Fra:1 Mem:496.87M (Peak 496.87M) | Time:00:00.73 | Mem:0.00M, Peak:0.00M | Scene, ViewLayer | Synchronizing object | Brake head shoe retaining pin retaining washer.006
Fra:1 Mem:496.87M (Peak 496.87M) | Time:00:00.73 | Mem:0.00M, Peak:0.00M | Scene, ViewLayer | Synchronizing object | Brake head shoe retaining pin retaining hex head.006
Fra:1 Mem:496.87M (Peak 496.87M) | Time:00:00.73 | Mem:0.00M, Peak:0.00M | Scene, ViewLayer | Synchronizing object | Brake head shoe retaining pin retaining washer.007
Fra:1 Mem:496.87M (Peak 496.87M) | Time:00:00.73 | Mem:0.00M, Peak:0.00M | Scene, ViewLayer | Synchronizing object | Brake head shoe retaining pin retaining hex head.007
Fra:1 Mem:496.88M (Peak 496.88M) | Time:00:00.73 | Mem:0.00M, Peak:0.00M | Scene, ViewLayer | Synchronizing object | Brake block suspension hanger strap.003
Fra:1 Mem:496.88M (Peak 496.88M) | Time:00:00.73 | Mem:0.00M, Peak:0.00M | Scene, ViewLayer | Synchronizing object | Brake block suspension hanger eye.006
Fra:1 Mem:496.88M (Peak 496.88M) | Time:00:00.73 | Mem:0.00M, Peak:0.00M | Scene, ViewLayer | Synchronizing object | Brake hanger upper pivot pin.003
Fra:1 Mem:496.90M (Peak 496.90M) | Time:00:00.73 | Mem:0.00M, Peak:0.00M | Scene, ViewLayer | Synchronizing object | Brake hanger upper pivot retaining washer.006
Fra:1 Mem:496.90M (Peak 496.90M) | Time:00:00.73 | Mem:0.00M, Peak:0.00M | Scene, ViewLayer | Synchronizing object | Brake hanger upper pivot retaining hex head.006
Fra:1 Mem:496.90M (Peak 496.90M) | Time:00:00.73 | Mem:0.00M, Peak:0.00M | Scene, ViewLayer | Synchronizing object | Brake hanger upper pivot retaining washer.007
Fra:1 Mem:496.91M (Peak 496.91M) | Time:00:00.73 | Mem:0.00M, Peak:0.00M | Scene, ViewLayer | Synchronizing object | Brake hanger upper pivot retaining hex head.007
Fra:1 Mem:496.91M (Peak 496.91M) | Time:00:00.73 | Mem:0.00M, Peak:0.00M | Scene, ViewLayer | Synchronizing object | Brake beam safety wire rope.003
Fra:1 Mem:496.91M (Peak 496.91M) | Time:00:00.73 | Mem:0.00M, Peak:0.00M | Scene, ViewLayer | Synchronizing object | Brake transverse channel beam.002
Fra:1 Mem:496.92M (Peak 496.92M) | Time:00:00.73 | Mem:0.00M, Peak:0.00M | Scene, ViewLayer | Synchronizing object | Brake beam tension truss.004
Fra:1 Mem:496.92M (Peak 496.92M) | Time:00:00.73 | Mem:0.00M, Peak:0.00M | Scene, ViewLayer | Synchronizing object | Brake beam tension truss.005
Fra:1 Mem:496.93M (Peak 496.93M) | Time:00:00.73 | Mem:0.00M, Peak:0.00M | Scene, ViewLayer | Synchronizing object | Curved K-type composition tread brake block.004
Fra:1 Mem:496.93M (Peak 496.93M) | Time:00:00.73 | Mem:0.00M, Peak:0.00M | Scene, ViewLayer | Synchronizing object | Brake head cast backplate.004
Fra:1 Mem:496.94M (Peak 496.94M) | Time:00:00.73 | Mem:0.00M, Peak:0.00M | Scene, ViewLayer | Synchronizing object | Brake head shoe retaining pin pin.004
Fra:1 Mem:496.95M (Peak 496.95M) | Time:00:00.73 | Mem:0.00M, Peak:0.00M | Scene, ViewLayer | Synchronizing object | Brake head shoe retaining pin retaining washer.008
Fra:1 Mem:496.96M (Peak 496.96M) | Time:00:00.73 | Mem:0.00M, Peak:0.00M | Scene, ViewLayer | Synchronizing object | Brake head shoe retaining pin retaining hex head.008
Fra:1 Mem:496.96M (Peak 496.96M) | Time:00:00.73 | Mem:0.00M, Peak:0.00M | Scene, ViewLayer | Synchronizing object | Brake head shoe retaining pin retaining washer.009
Fra:1 Mem:496.97M (Peak 496.97M) | Time:00:00.73 | Mem:0.00M, Peak:0.00M | Scene, ViewLayer | Synchronizing object | Brake head shoe retaining pin retaining hex head.009
Fra:1 Mem:496.97M (Peak 496.97M) | Time:00:00.73 | Mem:0.00M, Peak:0.00M | Scene, ViewLayer | Synchronizing object | Brake block suspension hanger strap.004
Fra:1 Mem:496.97M (Peak 496.97M) | Time:00:00.73 | Mem:0.00M, Peak:0.00M | Scene, ViewLayer | Synchronizing object | Brake block suspension hanger eye.009
Fra:1 Mem:496.98M (Peak 496.98M) | Time:00:00.73 | Mem:0.00M, Peak:0.00M | Scene, ViewLayer | Synchronizing object | Brake hanger upper pivot pin.004
Fra:1 Mem:496.99M (Peak 496.99M) | Time:00:00.73 | Mem:0.00M, Peak:0.00M | Scene, ViewLayer | Synchronizing object | Brake hanger upper pivot retaining washer.008
Fra:1 Mem:496.99M (Peak 496.99M) | Time:00:00.73 | Mem:0.00M, Peak:0.00M | Scene, ViewLayer | Synchronizing object | Brake hanger upper pivot retaining hex head.008
Fra:1 Mem:496.99M (Peak 496.99M) | Time:00:00.73 | Mem:0.00M, Peak:0.00M | Scene, ViewLayer | Synchronizing object | Brake hanger upper pivot retaining washer.009
Fra:1 Mem:497.00M (Peak 497.00M) | Time:00:00.73 | Mem:0.00M, Peak:0.00M | Scene, ViewLayer | Synchronizing object | Brake hanger upper pivot retaining hex head.009
Fra:1 Mem:497.00M (Peak 497.00M) | Time:00:00.73 | Mem:0.00M, Peak:0.00M | Scene, ViewLayer | Synchronizing object | Brake beam safety wire rope.004
Fra:1 Mem:497.00M (Peak 497.00M) | Time:00:00.73 | Mem:0.00M, Peak:0.00M | Scene, ViewLayer | Synchronizing object | Curved K-type composition tread brake block.005
Fra:1 Mem:497.01M (Peak 497.01M) | Time:00:00.73 | Mem:0.00M, Peak:0.00M | Scene, ViewLayer | Synchronizing object | Brake head cast backplate.005
Fra:1 Mem:497.01M (Peak 497.01M) | Time:00:00.73 | Mem:0.00M, Peak:0.00M | Scene, ViewLayer | Synchronizing object | Brake head shoe retaining pin pin.005
Fra:1 Mem:497.03M (Peak 497.03M) | Time:00:00.73 | Mem:0.00M, Peak:0.00M | Scene, ViewLayer | Synchronizing object | Brake head shoe retaining pin retaining washer.010
Fra:1 Mem:497.03M (Peak 497.03M) | Time:00:00.73 | Mem:0.00M, Peak:0.00M | Scene, ViewLayer | Synchronizing object | Brake head shoe retaining pin retaining hex head.010
Fra:1 Mem:497.03M (Peak 497.03M) | Time:00:00.73 | Mem:0.00M, Peak:0.00M | Scene, ViewLayer | Synchronizing object | Brake head shoe retaining pin retaining washer.011
Fra:1 Mem:497.04M (Peak 497.04M) | Time:00:00.73 | Mem:0.00M, Peak:0.00M | Scene, ViewLayer | Synchronizing object | Brake head shoe retaining pin retaining hex head.011
Fra:1 Mem:497.04M (Peak 497.04M) | Time:00:00.73 | Mem:0.00M, Peak:0.00M | Scene, ViewLayer | Synchronizing object | Brake block suspension hanger strap.005
Fra:1 Mem:497.04M (Peak 497.04M) | Time:00:00.73 | Mem:0.00M, Peak:0.00M | Scene, ViewLayer | Synchronizing object | Brake block suspension hanger eye.010
Fra:1 Mem:497.05M (Peak 497.05M) | Time:00:00.73 | Mem:0.00M, Peak:0.00M | Scene, ViewLayer | Synchronizing object | Brake block suspension hanger eye.011
Fra:1 Mem:497.05M (Peak 497.05M) | Time:00:00.73 | Mem:0.00M, Peak:0.00M | Scene, ViewLayer | Synchronizing object | Brake hanger upper pivot pin.005
Fra:1 Mem:497.06M (Peak 497.06M) | Time:00:00.73 | Mem:0.00M, Peak:0.00M | Scene, ViewLayer | Synchronizing object | Brake hanger upper pivot retaining washer.010
Fra:1 Mem:497.06M (Peak 497.06M) | Time:00:00.73 | Mem:0.00M, Peak:0.00M | Scene, ViewLayer | Synchronizing object | Brake hanger upper pivot retaining hex head.010
Fra:1 Mem:497.07M (Peak 497.07M) | Time:00:00.73 | Mem:0.00M, Peak:0.00M | Scene, ViewLayer | Synchronizing object | Brake hanger upper pivot retaining washer.011
Fra:1 Mem:497.07M (Peak 497.07M) | Time:00:00.73 | Mem:0.00M, Peak:0.00M | Scene, ViewLayer | Synchronizing object | Brake beam safety wire rope.005
Fra:1 Mem:497.07M (Peak 497.07M) | Time:00:00.73 | Mem:0.00M, Peak:0.00M | Scene, ViewLayer | Synchronizing object | Brake transverse channel beam.003
Fra:1 Mem:497.09M (Peak 497.09M) | Time:00:00.73 | Mem:0.00M, Peak:0.00M | Scene, ViewLayer | Synchronizing object | Brake beam tension truss.006
Fra:1 Mem:497.09M (Peak 497.09M) | Time:00:00.73 | Mem:0.00M, Peak:0.00M | Scene, ViewLayer | Synchronizing object | Brake beam tension truss.007
Fra:1 Mem:497.10M (Peak 497.10M) | Time:00:00.73 | Mem:0.00M, Peak:0.00M | Scene, ViewLayer | Synchronizing object | Curved K-type composition tread brake block.006
Fra:1 Mem:497.10M (Peak 497.10M) | Time:00:00.73 | Mem:0.00M, Peak:0.00M | Scene, ViewLayer | Synchronizing object | Brake head shoe retaining pin pin.006
Fra:1 Mem:497.11M (Peak 497.11M) | Time:00:00.73 | Mem:0.00M, Peak:0.00M | Scene, ViewLayer | Synchronizing object | Brake head shoe retaining pin retaining washer.012
Fra:1 Mem:497.12M (Peak 497.12M) | Time:00:00.73 | Mem:0.00M, Peak:0.00M | Scene, ViewLayer | Synchronizing object | Brake head shoe retaining pin retaining hex head.012
Fra:1 Mem:497.13M (Peak 497.13M) | Time:00:00.73 | Mem:0.00M, Peak:0.00M | Scene, ViewLayer | Synchronizing object | Brake head shoe retaining pin retaining washer.013
Fra:1 Mem:497.13M (Peak 497.13M) | Time:00:00.73 | Mem:0.00M, Peak:0.00M | Scene, ViewLayer | Synchronizing object | Brake block suspension hanger strap.006
Fra:1 Mem:497.14M (Peak 497.14M) | Time:00:00.73 | Mem:0.00M, Peak:0.00M | Scene, ViewLayer | Synchronizing object | Brake block suspension hanger eye.012
Fra:1 Mem:497.14M (Peak 497.14M) | Time:00:00.73 | Mem:0.00M, Peak:0.00M | Scene, ViewLayer | Synchronizing object | Brake block suspension hanger eye.013
Fra:1 Mem:497.14M (Peak 497.14M) | Time:00:00.73 | Mem:0.00M, Peak:0.00M | Scene, ViewLayer | Synchronizing object | Brake hanger upper pivot pin.006
Fra:1 Mem:497.15M (Peak 497.15M) | Time:00:00.73 | Mem:0.00M, Peak:0.00M | Scene, ViewLayer | Synchronizing object | Brake hanger upper pivot retaining washer.012
Fra:1 Mem:497.15M (Peak 497.15M) | Time:00:00.73 | Mem:0.00M, Peak:0.00M | Scene, ViewLayer | Synchronizing object | Brake hanger upper pivot retaining hex head.012
Fra:1 Mem:497.16M (Peak 497.16M) | Time:00:00.73 | Mem:0.00M, Peak:0.00M | Scene, ViewLayer | Synchronizing object | Brake hanger upper pivot retaining washer.013
Fra:1 Mem:497.16M (Peak 497.16M) | Time:00:00.73 | Mem:0.00M, Peak:0.00M | Scene, ViewLayer | Synchronizing object | Brake hanger upper pivot retaining hex head.013
Fra:1 Mem:497.17M (Peak 497.17M) | Time:00:00.73 | Mem:0.00M, Peak:0.00M | Scene, ViewLayer | Synchronizing object | Brake beam safety wire rope.006
Fra:1 Mem:497.17M (Peak 497.17M) | Time:00:00.73 | Mem:0.00M, Peak:0.00M | Scene, ViewLayer | Synchronizing object | Curved K-type composition tread brake block.007
Fra:1 Mem:497.17M (Peak 497.17M) | Time:00:00.73 | Mem:0.00M, Peak:0.00M | Scene, ViewLayer | Synchronizing object | Brake head cast backplate.007
Fra:1 Mem:497.18M (Peak 497.18M) | Time:00:00.73 | Mem:0.00M, Peak:0.00M | Scene, ViewLayer | Synchronizing object | Brake head shoe retaining pin pin.007
Fra:1 Mem:497.19M (Peak 497.19M) | Time:00:00.73 | Mem:0.00M, Peak:0.00M | Scene, ViewLayer | Synchronizing object | Brake head shoe retaining pin retaining washer.014
Fra:1 Mem:497.20M (Peak 497.20M) | Time:00:00.73 | Mem:0.00M, Peak:0.00M | Scene, ViewLayer | Synchronizing object | Brake head shoe retaining pin retaining hex head.014
Fra:1 Mem:497.20M (Peak 497.20M) | Time:00:00.73 | Mem:0.00M, Peak:0.00M | Scene, ViewLayer | Synchronizing object | Brake head shoe retaining pin retaining hex head.015
Fra:1 Mem:497.20M (Peak 497.20M) | Time:00:00.73 | Mem:0.00M, Peak:0.00M | Scene, ViewLayer | Synchronizing object | Brake block suspension hanger strap.007
Fra:1 Mem:497.21M (Peak 497.21M) | Time:00:00.73 | Mem:0.00M, Peak:0.00M | Scene, ViewLayer | Synchronizing object | Brake block suspension hanger eye.014
Fra:1 Mem:497.21M (Peak 497.21M) | Time:00:00.73 | Mem:0.00M, Peak:0.00M | Scene, ViewLayer | Synchronizing object | Brake hanger upper pivot pin.007
Fra:1 Mem:497.23M (Peak 497.23M) | Time:00:00.73 | Mem:0.00M, Peak:0.00M | Scene, ViewLayer | Synchronizing object | Brake hanger upper pivot retaining washer.014
Fra:1 Mem:497.23M (Peak 497.23M) | Time:00:00.73 | Mem:0.00M, Peak:0.00M | Scene, ViewLayer | Synchronizing object | Brake hanger upper pivot retaining hex head.014
Fra:1 Mem:497.23M (Peak 497.23M) | Time:00:00.73 | Mem:0.00M, Peak:0.00M | Scene, ViewLayer | Synchronizing object | Brake hanger upper pivot retaining washer.015
Fra:1 Mem:497.24M (Peak 497.24M) | Time:00:00.73 | Mem:0.00M, Peak:0.00M | Scene, ViewLayer | Synchronizing object | Brake hanger upper pivot retaining hex head.015
Fra:1 Mem:497.24M (Peak 497.24M) | Time:00:00.73 | Mem:0.00M, Peak:0.00M | Scene, ViewLayer | Synchronizing object | Brake beam safety wire rope.007
Fra:1 Mem:497.25M (Peak 497.25M) | Time:00:00.73 | Mem:0.00M, Peak:0.00M | Scene, ViewLayer | Synchronizing object | Bogie mounted 8-inch air brake cylinder
Fra:1 Mem:497.25M (Peak 497.25M) | Time:00:00.73 | Mem:0.00M, Peak:0.00M | Scene, ViewLayer | Synchronizing object | Brake cylinder end flange
Fra:1 Mem:497.26M (Peak 497.26M) | Time:00:00.73 | Mem:0.00M, Peak:0.00M | Scene, ViewLayer | Synchronizing object | Brake cylinder piston guide
Fra:1 Mem:497.28M (Peak 497.28M) | Time:00:00.73 | Mem:0.00M, Peak:0.00M | Scene, ViewLayer | Synchronizing object | Brake cylinder piston rod
Fra:1 Mem:497.28M (Peak 497.28M) | Time:00:00.73 | Mem:0.00M, Peak:0.00M | Scene, ViewLayer | Synchronizing object | Brake cylinder flange hex head
Fra:1 Mem:497.28M (Peak 497.28M) | Time:00:00.73 | Mem:0.00M, Peak:0.00M | Scene, ViewLayer | Synchronizing object | Brake cylinder flange hex head.002
Fra:1 Mem:497.30M (Peak 497.30M) | Time:00:00.73 | Mem:0.00M, Peak:0.00M | Scene, ViewLayer | Synchronizing object | Brake cylinder flange hex head.003
Fra:1 Mem:497.28M (Peak 497.30M) | Time:00:00.73 | Mem:0.00M, Peak:0.00M | Scene, ViewLayer | Synchronizing object | Brake cylinder flange hex head.005
Fra:1 Mem:497.29M (Peak 497.30M) | Time:00:00.73 | Mem:0.00M, Peak:0.00M | Scene, ViewLayer | Synchronizing object | Brake cylinder transom support
Fra:1 Mem:497.29M (Peak 497.30M) | Time:00:00.73 | Mem:0.00M, Peak:0.00M | Scene, ViewLayer | Synchronizing object | Brake live lever strap
Fra:1 Mem:497.30M (Peak 497.30M) | Time:00:00.73 | Mem:0.00M, Peak:0.00M | Scene, ViewLayer | Synchronizing object | Brake live lever eye
Fra:1 Mem:497.32M (Peak 497.32M) | Time:00:00.73 | Mem:0.00M, Peak:0.00M | Scene, ViewLayer | Synchronizing object | Brake live lever eye.001
Fra:1 Mem:497.31M (Peak 497.32M) | Time:00:00.73 | Mem:0.00M, Peak:0.00M | Scene, ViewLayer | Synchronizing object | Brake lever fulcrum pin
Fra:1 Mem:497.31M (Peak 497.32M) | Time:00:00.73 | Mem:0.00M, Peak:0.00M | Scene, ViewLayer | Synchronizing object | Brake lever fulcrum retaining washer
Fra:1 Mem:497.32M (Peak 497.32M) | Time:00:00.73 | Mem:0.00M, Peak:0.00M | Scene, ViewLayer | Synchronizing object | Brake lever fulcrum retaining hex head
Fra:1 Mem:497.32M (Peak 497.32M) | Time:00:00.73 | Mem:0.00M, Peak:0.00M | Scene, ViewLayer | Synchronizing object | Brake lever fulcrum retaining washer.001
Fra:1 Mem:497.34M (Peak 497.34M) | Time:00:00.73 | Mem:0.00M, Peak:0.00M | Scene, ViewLayer | Synchronizing object | Brake lever fulcrum retaining hex head.001
Fra:1 Mem:497.33M (Peak 497.34M) | Time:00:00.73 | Mem:0.00M, Peak:0.00M | Scene, ViewLayer | Synchronizing object | Curved brake pull rod
Fra:1 Mem:497.34M (Peak 497.34M) | Time:00:00.73 | Mem:0.00M, Peak:0.00M | Scene, ViewLayer | Synchronizing object | Brake rigging safety cradle
Fra:1 Mem:497.34M (Peak 497.34M) | Time:00:00.73 | Mem:0.00M, Peak:0.00M | Scene, ViewLayer | Synchronizing object | Brake live lever strap.001
Fra:1 Mem:497.35M (Peak 497.35M) | Time:00:00.73 | Mem:0.00M, Peak:0.00M | Scene, ViewLayer | Synchronizing object | Brake live lever eye.002
Fra:1 Mem:497.35M (Peak 497.35M) | Time:00:00.73 | Mem:0.00M, Peak:0.00M | Scene, ViewLayer | Synchronizing object | Brake lever fulcrum pin.001
Fra:1 Mem:497.37M (Peak 497.37M) | Time:00:00.73 | Mem:0.00M, Peak:0.00M | Scene, ViewLayer | Synchronizing object | Brake lever fulcrum retaining washer.002
Fra:1 Mem:497.36M (Peak 497.37M) | Time:00:00.73 | Mem:0.00M, Peak:0.00M | Scene, ViewLayer | Synchronizing object | Brake lever fulcrum retaining washer.003
Fra:1 Mem:497.38M (Peak 497.38M) | Time:00:00.73 | Mem:0.00M, Peak:0.00M | Scene, ViewLayer | Synchronizing object | Brake lever fulcrum retaining hex head.003
Fra:1 Mem:497.38M (Peak 497.38M) | Time:00:00.73 | Mem:0.00M, Peak:0.00M | Scene, ViewLayer | Synchronizing object | Brake rigging safety cradle.001
Fra:1 Mem:497.39M (Peak 497.39M) | Time:00:00.73 | Mem:0.00M, Peak:0.00M | Scene, ViewLayer | Synchronizing object | Brake cross balance spindle
Fra:1 Mem:497.40M (Peak 497.40M) | Time:00:00.73 | Mem:0.00M, Peak:0.00M | Scene, ViewLayer | Synchronizing object | Bogie mounted 8-inch air brake cylinder.001
Fra:1 Mem:497.40M (Peak 497.40M) | Time:00:00.73 | Mem:0.00M, Peak:0.00M | Scene, ViewLayer | Synchronizing object | Brake cylinder end flange.001
Fra:1 Mem:497.41M (Peak 497.41M) | Time:00:00.73 | Mem:0.00M, Peak:0.00M | Scene, ViewLayer | Synchronizing object | Brake cylinder piston guide.001
Fra:1 Mem:497.42M (Peak 497.42M) | Time:00:00.73 | Mem:0.00M, Peak:0.00M | Scene, ViewLayer | Synchronizing object | Brake cylinder piston rod.001
Fra:1 Mem:497.43M (Peak 497.43M) | Time:00:00.73 | Mem:0.00M, Peak:0.00M | Scene, ViewLayer | Synchronizing object | Brake cylinder flange hex head.007
Fra:1 Mem:497.43M (Peak 497.43M) | Time:00:00.73 | Mem:0.00M, Peak:0.00M | Scene, ViewLayer | Synchronizing object | Brake cylinder flange hex head.008
Fra:1 Mem:497.43M (Peak 497.43M) | Time:00:00.73 | Mem:0.00M, Peak:0.00M | Scene, ViewLayer | Synchronizing object | Brake cylinder flange hex head.009
Fra:1 Mem:497.43M (Peak 497.43M) | Time:00:00.73 | Mem:0.00M, Peak:0.00M | Scene, ViewLayer | Synchronizing object | Brake cylinder flange hex head.010
Fra:1 Mem:497.44M (Peak 497.44M) | Time:00:00.73 | Mem:0.00M, Peak:0.00M | Scene, ViewLayer | Synchronizing object | Brake cylinder flange hex head.011
Fra:1 Mem:497.44M (Peak 497.44M) | Time:00:00.73 | Mem:0.00M, Peak:0.00M | Scene, ViewLayer | Synchronizing object | Brake cylinder transom support.001
Fra:1 Mem:497.44M (Peak 497.44M) | Time:00:00.73 | Mem:0.00M, Peak:0.00M | Scene, ViewLayer | Synchronizing object | Brake cylinder air flex hose.001
Fra:1 Mem:497.45M (Peak 497.45M) | Time:00:00.73 | Mem:0.00M, Peak:0.00M | Scene, ViewLayer | Synchronizing object | Brake live lever strap.002
Fra:1 Mem:497.45M (Peak 497.45M) | Time:00:00.73 | Mem:0.00M, Peak:0.00M | Scene, ViewLayer | Synchronizing object | Brake live lever eye.004
Fra:1 Mem:497.47M (Peak 497.47M) | Time:00:00.73 | Mem:0.00M, Peak:0.00M | Scene, ViewLayer | Synchronizing object | Brake lever fulcrum pin.002
Fra:1 Mem:497.46M (Peak 497.47M) | Time:00:00.73 | Mem:0.00M, Peak:0.00M | Scene, ViewLayer | Synchronizing object | Brake lever fulcrum retaining washer.004
Fra:1 Mem:497.48M (Peak 497.48M) | Time:00:00.73 | Mem:0.00M, Peak:0.00M | Scene, ViewLayer | Synchronizing object | Brake lever fulcrum retaining hex head.004
Fra:1 Mem:497.48M (Peak 497.48M) | Time:00:00.73 | Mem:0.00M, Peak:0.00M | Scene, ViewLayer | Synchronizing object | Brake lever fulcrum retaining washer.005
Fra:1 Mem:497.48M (Peak 497.48M) | Time:00:00.73 | Mem:0.00M, Peak:0.00M | Scene, ViewLayer | Synchronizing object | Curved brake pull rod.002
Fra:1 Mem:497.49M (Peak 497.49M) | Time:00:00.73 | Mem:0.00M, Peak:0.00M | Scene, ViewLayer | Synchronizing object | Brake rigging safety cradle.002
Fra:1 Mem:497.49M (Peak 497.49M) | Time:00:00.73 | Mem:0.00M, Peak:0.00M | Scene, ViewLayer | Synchronizing object | Brake live lever strap.003
Fra:1 Mem:497.50M (Peak 497.50M) | Time:00:00.73 | Mem:0.00M, Peak:0.00M | Scene, ViewLayer | Synchronizing object | Brake live lever eye.006
Fra:1 Mem:497.51M (Peak 497.51M) | Time:00:00.73 | Mem:0.00M, Peak:0.00M | Scene, ViewLayer | Synchronizing object | Brake live lever eye.007
Fra:1 Mem:497.51M (Peak 497.51M) | Time:00:00.73 | Mem:0.00M, Peak:0.00M | Scene, ViewLayer | Synchronizing object | Brake lever fulcrum pin.003
Fra:1 Mem:497.51M (Peak 497.51M) | Time:00:00.73 | Mem:0.00M, Peak:0.00M | Scene, ViewLayer | Synchronizing object | Brake lever fulcrum retaining washer.006
Fra:1 Mem:497.52M (Peak 497.52M) | Time:00:00.73 | Mem:0.00M, Peak:0.00M | Scene, ViewLayer | Synchronizing object | Brake lever fulcrum retaining hex head.006
Fra:1 Mem:497.52M (Peak 497.52M) | Time:00:00.73 | Mem:0.00M, Peak:0.00M | Scene, ViewLayer | Synchronizing object | Brake lever fulcrum retaining washer.007
Fra:1 Mem:497.53M (Peak 497.53M) | Time:00:00.73 | Mem:0.00M, Peak:0.00M | Scene, ViewLayer | Synchronizing object | Curved brake pull rod.003
Fra:1 Mem:497.53M (Peak 497.53M) | Time:00:00.73 | Mem:0.00M, Peak:0.00M | Scene, ViewLayer | Synchronizing object | Brake rigging safety cradle.003
Fra:1 Mem:497.54M (Peak 497.54M) | Time:00:00.73 | Mem:0.00M, Peak:0.00M | Scene, ViewLayer | Synchronizing object | Brake cross balance spindle.001
Fra:1 Mem:497.56M (Peak 497.56M) | Time:00:00.73 | Mem:0.00M, Peak:0.00M | Scene, ViewLayer | Synchronizing object | 18kW split-AC self-generating alternator barrel
Fra:1 Mem:497.55M (Peak 497.56M) | Time:00:00.73 | Mem:0.00M, Peak:0.00M | Scene, ViewLayer | Synchronizing object | Alternator bolted end shield
Fra:1 Mem:497.56M (Peak 497.56M) | Time:00:00.73 | Mem:0.00M, Peak:0.00M | Scene, ViewLayer | Synchronizing object | Alternator end shield hex head
Fra:1 Mem:497.58M (Peak 497.58M) | Time:00:00.73 | Mem:0.00M, Peak:0.00M | Scene, ViewLayer | Synchronizing object | Alternator end shield hex head.001
Fra:1 Mem:497.58M (Peak 497.58M) | Time:00:00.73 | Mem:0.00M, Peak:0.00M | Scene, ViewLayer | Synchronizing object | Alternator end shield hex head.002
Fra:1 Mem:497.58M (Peak 497.58M) | Time:00:00.73 | Mem:0.00M, Peak:0.00M | Scene, ViewLayer | Synchronizing object | Alternator end shield hex head.003
Fra:1 Mem:497.58M (Peak 497.58M) | Time:00:00.73 | Mem:0.00M, Peak:0.00M | Scene, ViewLayer | Synchronizing object | Alternator end shield hex head.004
Fra:1 Mem:497.59M (Peak 497.59M) | Time:00:00.73 | Mem:0.00M, Peak:0.00M | Scene, ViewLayer | Synchronizing object | Alternator end shield hex head.005
Fra:1 Mem:497.59M (Peak 497.59M) | Time:00:00.73 | Mem:0.00M, Peak:0.00M | Scene, ViewLayer | Synchronizing object | Alternator end shield hex head.006
Fra:1 Mem:497.59M (Peak 497.59M) | Time:00:00.73 | Mem:0.00M, Peak:0.00M | Scene, ViewLayer | Synchronizing object | Alternator end shield hex head.007
Fra:1 Mem:497.59M (Peak 497.59M) | Time:00:00.73 | Mem:0.00M, Peak:0.00M | Scene, ViewLayer | Synchronizing object | Alternator bolted end shield.001
Fra:1 Mem:497.60M (Peak 497.60M) | Time:00:00.73 | Mem:0.00M, Peak:0.00M | Scene, ViewLayer | Synchronizing object | Alternator end shield hex head.008
Fra:1 Mem:497.60M (Peak 497.60M) | Time:00:00.73 | Mem:0.00M, Peak:0.00M | Scene, ViewLayer | Synchronizing object | Alternator end shield hex head.009
Fra:1 Mem:497.60M (Peak 497.60M) | Time:00:00.73 | Mem:0.00M, Peak:0.00M | Scene, ViewLayer | Synchronizing object | Alternator end shield hex head.010
Fra:1 Mem:497.61M (Peak 497.61M) | Time:00:00.73 | Mem:0.00M, Peak:0.00M | Scene, ViewLayer | Synchronizing object | Alternator end shield hex head.011
Fra:1 Mem:497.61M (Peak 497.61M) | Time:00:00.73 | Mem:0.00M, Peak:0.00M | Scene, ViewLayer | Synchronizing object | Alternator end shield hex head.012
Fra:1 Mem:497.61M (Peak 497.61M) | Time:00:00.73 | Mem:0.00M, Peak:0.00M | Scene, ViewLayer | Synchronizing object | Alternator end shield hex head.013
Fra:1 Mem:497.62M (Peak 497.62M) | Time:00:00.73 | Mem:0.00M, Peak:0.00M | Scene, ViewLayer | Synchronizing object | Alternator end shield hex head.014
Fra:1 Mem:497.62M (Peak 497.62M) | Time:00:00.73 | Mem:0.00M, Peak:0.00M | Scene, ViewLayer | Synchronizing object | Alternator end shield hex head.015
Fra:1 Mem:497.62M (Peak 497.62M) | Time:00:00.73 | Mem:0.00M, Peak:0.00M | Scene, ViewLayer | Synchronizing object | Alternator longitudinal cooling fin
Fra:1 Mem:497.64M (Peak 497.64M) | Time:00:00.73 | Mem:0.00M, Peak:0.00M | Scene, ViewLayer | Synchronizing object | Alternator longitudinal cooling fin.001
Fra:1 Mem:497.62M (Peak 497.64M) | Time:00:00.73 | Mem:0.00M, Peak:0.00M | Scene, ViewLayer | Synchronizing object | Alternator longitudinal cooling fin.003
Fra:1 Mem:497.63M (Peak 497.64M) | Time:00:00.73 | Mem:0.00M, Peak:0.00M | Scene, ViewLayer | Synchronizing object | Alternator longitudinal cooling fin.004
Fra:1 Mem:497.64M (Peak 497.64M) | Time:00:00.73 | Mem:0.00M, Peak:0.00M | Scene, ViewLayer | Synchronizing object | Alternator longitudinal cooling fin.005
Fra:1 Mem:497.63M (Peak 497.64M) | Time:00:00.73 | Mem:0.00M, Peak:0.00M | Scene, ViewLayer | Synchronizing object | Alternator longitudinal cooling fin.007
Fra:1 Mem:497.63M (Peak 497.64M) | Time:00:00.73 | Mem:0.00M, Peak:0.00M | Scene, ViewLayer | Synchronizing object | Alternator longitudinal cooling fin.008
Fra:1 Mem:497.63M (Peak 497.64M) | Time:00:00.73 | Mem:0.00M, Peak:0.00M | Scene, ViewLayer | Synchronizing object | Alternator longitudinal cooling fin.009
Fra:1 Mem:497.63M (Peak 497.64M) | Time:00:00.73 | Mem:0.00M, Peak:0.00M | Scene, ViewLayer | Synchronizing object | Alternator longitudinal cooling fin.010
Fra:1 Mem:497.64M (Peak 497.64M) | Time:00:00.73 | Mem:0.00M, Peak:0.00M | Scene, ViewLayer | Synchronizing object | Alternator longitudinal cooling fin.011
Fra:1 Mem:497.64M (Peak 497.64M) | Time:00:00.73 | Mem:0.00M, Peak:0.00M | Scene, ViewLayer | Synchronizing object | Alternator longitudinal cooling fin.013
Fra:1 Mem:497.64M (Peak 497.64M) | Time:00:00.73 | Mem:0.00M, Peak:0.00M | Scene, ViewLayer | Synchronizing object | Alternator longitudinal cooling fin.014
Fra:1 Mem:497.64M (Peak 497.64M) | Time:00:00.73 | Mem:0.00M, Peak:0.00M | Scene, ViewLayer | Synchronizing object | Alternator longitudinal cooling fin.015
Fra:1 Mem:497.64M (Peak 497.64M) | Time:00:00.73 | Mem:0.00M, Peak:0.00M | Scene, ViewLayer | Synchronizing object | Alternator longitudinal cooling fin.016
Fra:1 Mem:497.65M (Peak 497.65M) | Time:00:00.73 | Mem:0.00M, Peak:0.00M | Scene, ViewLayer | Synchronizing object | Alternator longitudinal cooling fin.017
Fra:1 Mem:497.65M (Peak 497.65M) | Time:00:00.73 | Mem:0.00M, Peak:0.00M | Scene, ViewLayer | Synchronizing object | Alternator field terminal box
Fra:1 Mem:497.65M (Peak 497.65M) | Time:00:00.73 | Mem:0.00M, Peak:0.00M | Scene, ViewLayer | Synchronizing object | Alternator suspension crossbar
Fra:1 Mem:497.67M (Peak 497.67M) | Time:00:00.73 | Mem:0.00M, Peak:0.00M | Scene, ViewLayer | Synchronizing object | Alternator suspension arm strap
Fra:1 Mem:497.67M (Peak 497.67M) | Time:00:00.73 | Mem:0.00M, Peak:0.00M | Scene, ViewLayer | Synchronizing object | Alternator suspension arm eye
Fra:1 Mem:497.67M (Peak 497.67M) | Time:00:00.73 | Mem:0.00M, Peak:0.00M | Scene, ViewLayer | Synchronizing object | Alternator suspension arm eye.001
Fra:1 Mem:497.67M (Peak 497.67M) | Time:00:00.73 | Mem:0.00M, Peak:0.00M | Scene, ViewLayer | Synchronizing object | Alternator suspension pin pin
Fra:1 Mem:497.68M (Peak 497.68M) | Time:00:00.73 | Mem:0.00M, Peak:0.00M | Scene, ViewLayer | Synchronizing object | Alternator suspension pin retaining washer
Fra:1 Mem:497.69M (Peak 497.69M) | Time:00:00.73 | Mem:0.00M, Peak:0.00M | Scene, ViewLayer | Synchronizing object | Alternator suspension pin retaining hex head
Fra:1 Mem:497.69M (Peak 497.69M) | Time:00:00.73 | Mem:0.00M, Peak:0.00M | Scene, ViewLayer | Synchronizing object | Alternator suspension pin retaining washer.001
Fra:1 Mem:497.69M (Peak 497.69M) | Time:00:00.73 | Mem:0.00M, Peak:0.00M | Scene, ViewLayer | Synchronizing object | Alternator suspension pin retaining hex head.001
Fra:1 Mem:497.70M (Peak 497.70M) | Time:00:00.73 | Mem:0.00M, Peak:0.00M | Scene, ViewLayer | Synchronizing object | Alternator suspension arm strap.001
Fra:1 Mem:497.70M (Peak 497.70M) | Time:00:00.73 | Mem:0.00M, Peak:0.00M | Scene, ViewLayer | Synchronizing object | Alternator suspension arm eye.003
Fra:1 Mem:497.71M (Peak 497.71M) | Time:00:00.73 | Mem:0.00M, Peak:0.00M | Scene, ViewLayer | Synchronizing object | Alternator suspension pin pin.001
Fra:1 Mem:497.71M (Peak 497.71M) | Time:00:00.73 | Mem:0.00M, Peak:0.00M | Scene, ViewLayer | Synchronizing object | Alternator suspension pin retaining washer.002
Fra:1 Mem:497.72M (Peak 497.72M) | Time:00:00.73 | Mem:0.00M, Peak:0.00M | Scene, ViewLayer | Synchronizing object | Alternator suspension pin retaining hex head.002
Fra:1 Mem:497.73M (Peak 497.73M) | Time:00:00.73 | Mem:0.00M, Peak:0.00M | Scene, ViewLayer | Synchronizing object | Alternator suspension pin retaining washer.003
Fra:1 Mem:497.73M (Peak 497.73M) | Time:00:00.73 | Mem:0.00M, Peak:0.00M | Scene, ViewLayer | Synchronizing object | Alternator suspension pin retaining hex head.003
Fra:1 Mem:497.73M (Peak 497.73M) | Time:00:00.73 | Mem:0.00M, Peak:0.00M | Scene, ViewLayer | Synchronizing object | Split axle V-belt drive pulley
Fra:1 Mem:497.77M (Peak 497.77M) | Time:00:00.73 | Mem:0.00M, Peak:0.00M | Scene, ViewLayer | Synchronizing object | Alternator V-belt driven pulley
Fra:1 Mem:497.86M (Peak 497.86M) | Time:00:00.73 | Mem:0.00M, Peak:0.00M | Scene, ViewLayer | Synchronizing object | Matched alternator V belt 01
Fra:1 Mem:498.03M (Peak 498.03M) | Time:00:00.73 | Mem:0.00M, Peak:0.00M | Scene, ViewLayer | Synchronizing object | Matched alternator V belt 02
Fra:1 Mem:498.18M (Peak 498.18M) | Time:00:00.73 | Mem:0.00M, Peak:0.00M | Scene, ViewLayer | Synchronizing object | Matched alternator V belt 03
Fra:1 Mem:498.20M (Peak 498.20M) | Time:00:00.73 | Mem:0.00M, Peak:0.00M | Scene, ViewLayer | Synchronizing object | Matched alternator V belt 04
Fra:1 Mem:498.25M (Peak 498.25M) | Time:00:00.73 | Mem:0.00M, Peak:0.00M | Scene, ViewLayer | Synchronizing object | Matched alternator V belt 05
Fra:1 Mem:498.25M (Peak 498.25M) | Time:00:00.73 | Mem:0.00M, Peak:0.00M | Scene, ViewLayer | Synchronizing object | Matched alternator V belt 06
Fra:1 Mem:498.26M (Peak 498.26M) | Time:00:00.73 | Mem:0.00M, Peak:0.00M | Scene, ViewLayer | Synchronizing object | Split axle pulley fixing hex head
Fra:1 Mem:498.28M (Peak 498.28M) | Time:00:00.73 | Mem:0.00M, Peak:0.00M | Scene, ViewLayer | Synchronizing object | Split axle pulley fixing hex head.001
Fra:1 Mem:498.28M (Peak 498.28M) | Time:00:00.73 | Mem:0.00M, Peak:0.00M | Scene, ViewLayer | Synchronizing object | Split axle pulley fixing hex head.002
Fra:1 Mem:498.29M (Peak 498.29M) | Time:00:00.73 | Mem:0.00M, Peak:0.00M | Scene, ViewLayer | Synchronizing object | Split axle pulley fixing hex head.003
Fra:1 Mem:498.29M (Peak 498.29M) | Time:00:00.73 | Mem:0.00M, Peak:0.00M | Scene, ViewLayer | Synchronizing object | Split axle pulley fixing hex head.004
Fra:1 Mem:498.29M (Peak 498.29M) | Time:00:00.73 | Mem:0.00M, Peak:0.00M | Scene, ViewLayer | Synchronizing object | Split axle V-belt drive pulley.001
Fra:1 Mem:498.33M (Peak 498.33M) | Time:00:00.73 | Mem:0.00M, Peak:0.00M | Scene, ViewLayer | Synchronizing object | Alternator V-belt driven pulley.001
Fra:1 Mem:498.36M (Peak 498.36M) | Time:00:00.73 | Mem:0.00M, Peak:0.00M | Scene, ViewLayer | Synchronizing object | Matched alternator V belt 01.001
Fra:1 Mem:498.62M (Peak 498.62M) | Time:00:00.73 | Mem:0.00M, Peak:0.00M | Scene, ViewLayer | Synchronizing object | Matched alternator V belt 02.001
Fra:1 Mem:498.74M (Peak 498.74M) | Time:00:00.73 | Mem:0.00M, Peak:0.00M | Scene, ViewLayer | Synchronizing object | Matched alternator V belt 03.001
Fra:1 Mem:498.78M (Peak 498.78M) | Time:00:00.73 | Mem:0.00M, Peak:0.00M | Scene, ViewLayer | Synchronizing object | Matched alternator V belt 04.001
Fra:1 Mem:498.81M (Peak 498.81M) | Time:00:00.73 | Mem:0.00M, Peak:0.00M | Scene, ViewLayer | Synchronizing object | Matched alternator V belt 05.001
Fra:1 Mem:498.83M (Peak 498.83M) | Time:00:00.73 | Mem:0.00M, Peak:0.00M | Scene, ViewLayer | Synchronizing object | Matched alternator V belt 06.001
Fra:1 Mem:498.83M (Peak 498.83M) | Time:00:00.73 | Mem:0.00M, Peak:0.00M | Scene, ViewLayer | Synchronizing object | Split axle pulley fixing hex head.007
Fra:1 Mem:498.85M (Peak 498.85M) | Time:00:00.73 | Mem:0.00M, Peak:0.00M | Scene, ViewLayer | Synchronizing object | Split axle pulley fixing hex head.008
Fra:1 Mem:498.86M (Peak 498.86M) | Time:00:00.73 | Mem:0.00M, Peak:0.00M | Scene, ViewLayer | Synchronizing object | Split axle pulley fixing hex head.009
Fra:1 Mem:498.86M (Peak 498.86M) | Time:00:00.73 | Mem:0.00M, Peak:0.00M | Scene, ViewLayer | Synchronizing object | Split axle pulley fixing hex head.010
Fra:1 Mem:498.86M (Peak 498.86M) | Time:00:00.73 | Mem:0.00M, Peak:0.00M | Scene, ViewLayer | Synchronizing object | Split axle pulley fixing hex head.011
Fra:1 Mem:498.86M (Peak 498.86M) | Time:00:00.73 | Mem:0.00M, Peak:0.00M | Scene, ViewLayer | Synchronizing object | Alternator tension rod clevis
Fra:1 Mem:498.87M (Peak 498.87M) | Time:00:00.73 | Mem:0.00M, Peak:0.00M | Scene, ViewLayer | Synchronizing object | Alternator tension bracket vertical support
Fra:1 Mem:498.89M (Peak 498.89M) | Time:00:00.73 | Mem:0.00M, Peak:0.00M | Scene, ViewLayer | Synchronizing object | Alternator safety chain link
Fra:1 Mem:498.89M (Peak 498.89M) | Time:00:00.73 | Mem:0.00M, Peak:0.00M | Scene, ViewLayer | Synchronizing object | Alternator safety chain link.001
Fra:1 Mem:498.90M (Peak 498.90M) | Time:00:00.73 | Mem:0.00M, Peak:0.00M | Scene, ViewLayer | Synchronizing object | Alternator safety chain link.002
Fra:1 Mem:498.92M (Peak 498.92M) | Time:00:00.73 | Mem:0.00M, Peak:0.00M | Scene, ViewLayer | Synchronizing object | Alternator safety chain link.003
Fra:1 Mem:498.92M (Peak 498.92M) | Time:00:00.73 | Mem:0.00M, Peak:0.00M | Scene, ViewLayer | Synchronizing object | Alternator safety chain link.005
Fra:1 Mem:498.96M (Peak 498.96M) | Time:00:00.73 | Mem:0.00M, Peak:0.00M | Scene, ViewLayer | Synchronizing object | Alternator safety chain link.006
Fra:1 Mem:498.96M (Peak 498.96M) | Time:00:00.73 | Mem:0.00M, Peak:0.00M | Scene, ViewLayer | Synchronizing object | Alternator safety chain link.008
Fra:1 Mem:498.99M (Peak 498.99M) | Time:00:00.73 | Mem:0.00M, Peak:0.00M | Scene, ViewLayer | Synchronizing object | Alternator safety chain link.009
Fra:1 Mem:499.00M (Peak 499.00M) | Time:00:00.73 | Mem:0.00M, Peak:0.00M | Scene, ViewLayer | Synchronizing object | Alternator safety chain link.010
Fra:1 Mem:499.02M (Peak 499.02M) | Time:00:00.73 | Mem:0.00M, Peak:0.00M | Scene, ViewLayer | Synchronizing object | Alternator safety chain link.011
Fra:1 Mem:499.03M (Peak 499.03M) | Time:00:00.73 | Mem:0.00M, Peak:0.00M | Scene, ViewLayer | Synchronizing object | Alternator safety chain link.012
Fra:1 Mem:499.03M (Peak 499.03M) | Time:00:00.73 | Mem:0.00M, Peak:0.00M | Scene, ViewLayer | Synchronizing object | Alternator safety chain link.013
Fra:1 Mem:499.06M (Peak 499.06M) | Time:00:00.73 | Mem:0.00M, Peak:0.00M | Scene, ViewLayer | Synchronizing object | Alternator safety chain link.014
Fra:1 Mem:499.06M (Peak 499.06M) | Time:00:00.73 | Mem:0.00M, Peak:0.00M | Scene, ViewLayer | Synchronizing object | Alternator safety chain link.015
Fra:1 Mem:499.08M (Peak 499.08M) | Time:00:00.73 | Mem:0.00M, Peak:0.00M | Scene, ViewLayer | Synchronizing object | Alternator safety chain link.016
Fra:1 Mem:499.10M (Peak 499.10M) | Time:00:00.73 | Mem:0.00M, Peak:0.00M | Scene, ViewLayer | Synchronizing object | Alternator safety chain link.017
Fra:1 Mem:499.10M (Peak 499.10M) | Time:00:00.73 | Mem:0.00M, Peak:0.00M | Scene, ViewLayer | Synchronizing object | Alternator safety chain link.018
Fra:1 Mem:499.11M (Peak 499.11M) | Time:00:00.73 | Mem:0.00M, Peak:0.00M | Scene, ViewLayer | Synchronizing object | Alternator safety chain link.019
Fra:1 Mem:499.13M (Peak 499.13M) | Time:00:00.73 | Mem:0.00M, Peak:0.00M | Scene, ViewLayer | Synchronizing object | Fabricated sideframe vertical web.004
Fra:1 Mem:499.13M (Peak 499.13M) | Time:00:00.73 | Mem:0.00M, Peak:0.00M | Scene, ViewLayer | Synchronizing object | Fabricated sideframe vertical web.005
Fra:1 Mem:499.14M (Peak 499.14M) | Time:00:00.73 | Mem:0.00M, Peak:0.00M | Scene, ViewLayer | Synchronizing object | Sideframe continuous upper flange.002
Fra:1 Mem:499.14M (Peak 499.14M) | Time:00:00.73 | Mem:0.00M, Peak:0.00M | Scene, ViewLayer | Synchronizing object | Sideframe welded vertical stiffener.012
Fra:1 Mem:499.16M (Peak 499.16M) | Time:00:00.73 | Mem:0.00M, Peak:0.00M | Scene, ViewLayer | Synchronizing object | Sideframe welded vertical stiffener.013
Fra:1 Mem:499.16M (Peak 499.16M) | Time:00:00.73 | Mem:0.00M, Peak:0.00M | Scene, ViewLayer | Synchronizing object | Visible sideframe fillet weld.013
Fra:1 Mem:499.17M (Peak 499.17M) | Time:00:00.73 | Mem:0.00M, Peak:0.00M | Scene, ViewLayer | Synchronizing object | Sideframe welded vertical stiffener.014
Fra:1 Mem:499.18M (Peak 499.18M) | Time:00:00.73 | Mem:0.00M, Peak:0.00M | Scene, ViewLayer | Synchronizing object | Visible sideframe fillet weld.014
Fra:1 Mem:499.18M (Peak 499.18M) | Time:00:00.73 | Mem:0.00M, Peak:0.00M | Scene, ViewLayer | Synchronizing object | Sideframe welded vertical stiffener.015
Fra:1 Mem:499.18M (Peak 499.18M) | Time:00:00.73 | Mem:0.00M, Peak:0.00M | Scene, ViewLayer | Synchronizing object | Visible sideframe fillet weld.015
Fra:1 Mem:499.19M (Peak 499.19M) | Time:00:00.73 | Mem:0.00M, Peak:0.00M | Scene, ViewLayer | Synchronizing object | Sideframe welded vertical stiffener.016
Fra:1 Mem:499.20M (Peak 499.20M) | Time:00:00.73 | Mem:0.00M, Peak:0.00M | Scene, ViewLayer | Synchronizing object | Visible sideframe fillet weld.016
Fra:1 Mem:499.20M (Peak 499.20M) | Time:00:00.73 | Mem:0.00M, Peak:0.00M | Scene, ViewLayer | Synchronizing object | Sideframe welded vertical stiffener.017
Fra:1 Mem:499.21M (Peak 499.21M) | Time:00:00.73 | Mem:0.00M, Peak:0.00M | Scene, ViewLayer | Synchronizing object | Visible sideframe fillet weld.017
Fra:1 Mem:499.21M (Peak 499.21M) | Time:00:00.73 | Mem:0.00M, Peak:0.00M | Scene, ViewLayer | Synchronizing object | Bogie maker plate.002
Fra:1 Mem:499.21M (Peak 499.21M) | Time:00:00.73 | Mem:0.00M, Peak:0.00M | Scene, ViewLayer | Synchronizing object | Maker plate rivet hex head.005
Fra:1 Mem:499.23M (Peak 499.23M) | Time:00:00.73 | Mem:0.00M, Peak:0.00M | Scene, ViewLayer | Synchronizing object | Fabricated sideframe vertical web.006
Fra:1 Mem:499.23M (Peak 499.23M) | Time:00:00.73 | Mem:0.00M, Peak:0.00M | Scene, ViewLayer | Synchronizing object | Fabricated sideframe vertical web.007
Fra:1 Mem:499.23M (Peak 499.23M) | Time:00:00.73 | Mem:0.00M, Peak:0.00M | Scene, ViewLayer | Synchronizing object | Sideframe continuous upper flange.003
Fra:1 Mem:499.23M (Peak 499.23M) | Time:00:00.73 | Mem:0.00M, Peak:0.00M | Scene, ViewLayer | Synchronizing object | Sideframe lower spring flange.003
Fra:1 Mem:499.24M (Peak 499.24M) | Time:00:00.73 | Mem:0.00M, Peak:0.00M | Scene, ViewLayer | Synchronizing object | Sideframe welded vertical stiffener.018
Fra:1 Mem:499.26M (Peak 499.26M) | Time:00:00.73 | Mem:0.00M, Peak:0.00M | Scene, ViewLayer | Synchronizing object | Visible sideframe fillet weld.018
Fra:1 Mem:499.26M (Peak 499.26M) | Time:00:00.73 | Mem:0.00M, Peak:0.00M | Scene, ViewLayer | Synchronizing object | Sideframe welded vertical stiffener.019
Fra:1 Mem:499.26M (Peak 499.26M) | Time:00:00.73 | Mem:0.00M, Peak:0.00M | Scene, ViewLayer | Synchronizing object | Visible sideframe fillet weld.019
Fra:1 Mem:499.27M (Peak 499.27M) | Time:00:00.73 | Mem:0.00M, Peak:0.00M | Scene, ViewLayer | Synchronizing object | Sideframe welded vertical stiffener.020
Fra:1 Mem:499.27M (Peak 499.27M) | Time:00:00.73 | Mem:0.00M, Peak:0.00M | Scene, ViewLayer | Synchronizing object | Visible sideframe fillet weld.020
Fra:1 Mem:499.28M (Peak 499.28M) | Time:00:00.73 | Mem:0.00M, Peak:0.00M | Scene, ViewLayer | Synchronizing object | Sideframe welded vertical stiffener.021
Fra:1 Mem:499.29M (Peak 499.29M) | Time:00:00.73 | Mem:0.00M, Peak:0.00M | Scene, ViewLayer | Synchronizing object | Visible sideframe fillet weld.021
Fra:1 Mem:499.29M (Peak 499.29M) | Time:00:00.73 | Mem:0.00M, Peak:0.00M | Scene, ViewLayer | Synchronizing object | Sideframe welded vertical stiffener.022
Fra:1 Mem:499.29M (Peak 499.29M) | Time:00:00.73 | Mem:0.00M, Peak:0.00M | Scene, ViewLayer | Synchronizing object | Sideframe welded vertical stiffener.023
Fra:1 Mem:499.31M (Peak 499.31M) | Time:00:00.73 | Mem:0.00M, Peak:0.00M | Scene, ViewLayer | Synchronizing object | Visible sideframe fillet weld.023
Fra:1 Mem:499.31M (Peak 499.31M) | Time:00:00.73 | Mem:0.00M, Peak:0.00M | Scene, ViewLayer | Synchronizing object | Maker plate rivet hex head.006
Fra:1 Mem:499.32M (Peak 499.32M) | Time:00:00.73 | Mem:0.00M, Peak:0.00M | Scene, ViewLayer | Synchronizing object | Maker plate rivet hex head.007
Fra:1 Mem:499.32M (Peak 499.32M) | Time:00:00.73 | Mem:0.00M, Peak:0.00M | Scene, ViewLayer | Synchronizing object | Bogie headstock transverse box.002
Fra:1 Mem:499.33M (Peak 499.33M) | Time:00:00.73 | Mem:0.00M, Peak:0.00M | Scene, ViewLayer | Synchronizing object | Headstock upper flange.002
Fra:1 Mem:499.33M (Peak 499.33M) | Time:00:00.73 | Mem:0.00M, Peak:0.00M | Scene, ViewLayer | Synchronizing object | Headstock corner gusset.005
Fra:1 Mem:499.34M (Peak 499.34M) | Time:00:00.73 | Mem:0.00M, Peak:0.00M | Scene, ViewLayer | Synchronizing object | Headstock upper flange.003
Fra:1 Mem:499.34M (Peak 499.34M) | Time:00:00.73 | Mem:0.00M, Peak:0.00M | Scene, ViewLayer | Synchronizing object | Headstock corner gusset.006
Fra:1 Mem:499.35M (Peak 499.35M) | Time:00:00.73 | Mem:0.00M, Peak:0.00M | Scene, ViewLayer | Synchronizing object | Headstock corner gusset.007
Fra:1 Mem:499.36M (Peak 499.36M) | Time:00:00.73 | Mem:0.00M, Peak:0.00M | Scene, ViewLayer | Synchronizing object | Bogie centre transom box.002
Fra:1 Mem:499.36M (Peak 499.36M) | Time:00:00.73 | Mem:0.00M, Peak:0.00M | Scene, ViewLayer | Synchronizing object | Bogie centre transom box.003
Fra:1 Mem:499.38M (Peak 499.38M) | Time:00:00.73 | Mem:0.00M, Peak:0.00M | Scene, ViewLayer | Synchronizing object | Transom upper closing flange.003
Fra:1 Mem:499.39M (Peak 499.39M) | Time:00:00.73 | Mem:0.00M, Peak:0.00M | Scene, ViewLayer | Synchronizing object | Bogie feed pipe clip.007
Fra:1 Mem:499.41M (Peak 499.41M) | Time:00:00.73 | Mem:0.00M, Peak:0.00M | Scene, ViewLayer | Synchronizing object | Bogie feed pipe clip.008
Fra:1 Mem:499.41M (Peak 499.41M) | Time:00:00.73 | Mem:0.00M, Peak:0.00M | Scene, ViewLayer | Synchronizing object | Bogie feed pipe clip.009
Fra:1 Mem:499.42M (Peak 499.42M) | Time:00:00.73 | Mem:0.00M, Peak:0.00M | Scene, ViewLayer | Synchronizing object | Bogie feed pipe clip.010
Fra:1 Mem:499.43M (Peak 499.43M) | Time:00:00.73 | Mem:0.00M, Peak:0.00M | Scene, ViewLayer | Synchronizing object | Bogie feed pipe clip.011
Fra:1 Mem:499.43M (Peak 499.43M) | Time:00:00.73 | Mem:0.00M, Peak:0.00M | Scene, ViewLayer | Synchronizing object | Bogie feed pipe clip.012
Fra:1 Mem:499.44M (Peak 499.44M) | Time:00:00.73 | Mem:0.00M, Peak:0.00M | Scene, ViewLayer | Synchronizing object | Bogie feed pipe clip.013
Fra:1 Mem:499.46M (Peak 499.46M) | Time:00:00.73 | Mem:0.00M, Peak:0.00M | Scene, ViewLayer | Synchronizing object | Floating bogie bolster main box.001
Fra:1 Mem:499.46M (Peak 499.46M) | Time:00:00.73 | Mem:0.00M, Peak:0.00M | Scene, ViewLayer | Synchronizing object | Bolster upper flange.002
Fra:1 Mem:499.47M (Peak 499.47M) | Time:00:00.73 | Mem:0.00M, Peak:0.00M | Scene, ViewLayer | Synchronizing object | Bolster upper flange.003
Fra:1 Mem:499.48M (Peak 499.48M) | Time:00:00.73 | Mem:0.00M, Peak:0.00M | Scene, ViewLayer | Synchronizing object | Bolster spring head seat.002
Fra:1 Mem:499.48M (Peak 499.48M) | Time:00:00.73 | Mem:0.00M, Peak:0.00M | Scene, ViewLayer | Synchronizing object | Bolster spring bottom rubber pad.004
Fra:1 Mem:499.50M (Peak 499.50M) | Time:00:00.73 | Mem:0.00M, Peak:0.00M | Scene, ViewLayer | Synchronizing object | Bolster spring top seating flange.004
Fra:1 Mem:499.52M (Peak 499.52M) | Time:00:00.73 | Mem:0.00M, Peak:0.00M | Scene, ViewLayer | Synchronizing object | Secondary 42mm bolster coil.004
Fra:1 Mem:499.52M (Peak 499.52M) | Time:00:00.73 | Mem:0.00M, Peak:0.00M | Scene, ViewLayer | Synchronizing object | Secondary 42mm bolster coil group mark.044
Fra:1 Mem:499.55M (Peak 499.55M) | Time:00:00.73 | Mem:0.00M, Peak:0.00M | Scene, ViewLayer | Synchronizing object | Secondary 42mm bolster coil group mark.045
Fra:1 Mem:499.57M (Peak 499.57M) | Time:00:00.73 | Mem:0.00M, Peak:0.00M | Scene, ViewLayer | Synchronizing object | Secondary 42mm bolster coil group mark.046
Fra:1 Mem:499.57M (Peak 499.57M) | Time:00:00.73 | Mem:0.00M, Peak:0.00M | Scene, ViewLayer | Synchronizing object | Secondary 42mm bolster coil group mark.047
Fra:1 Mem:499.63M (Peak 499.63M) | Time:00:00.73 | Mem:0.00M, Peak:0.00M | Scene, ViewLayer | Synchronizing object | Secondary 42mm bolster coil group mark.048
Fra:1 Mem:499.64M (Peak 499.64M) | Time:00:00.73 | Mem:0.00M, Peak:0.00M | Scene, ViewLayer | Synchronizing object | Secondary 42mm bolster coil group mark.049
Fra:1 Mem:499.65M (Peak 499.65M) | Time:00:00.73 | Mem:0.00M, Peak:0.00M | Scene, ViewLayer | Synchronizing object | Secondary 42mm bolster coil group mark.050
Fra:1 Mem:499.66M (Peak 499.66M) | Time:00:00.73 | Mem:0.00M, Peak:0.00M | Scene, ViewLayer | Synchronizing object | Secondary 42mm bolster coil group mark.051
Fra:1 Mem:499.67M (Peak 499.67M) | Time:00:00.73 | Mem:0.00M, Peak:0.00M | Scene, ViewLayer | Synchronizing object | Secondary 42mm bolster coil group mark.052
Fra:1 Mem:499.70M (Peak 499.70M) | Time:00:00.73 | Mem:0.00M, Peak:0.00M | Scene, ViewLayer | Synchronizing object | Secondary 42mm bolster coil group mark.053
Fra:1 Mem:499.70M (Peak 499.70M) | Time:00:00.73 | Mem:0.00M, Peak:0.00M | Scene, ViewLayer | Synchronizing object | Secondary 42mm bolster coil group mark.054
Fra:1 Mem:499.70M (Peak 499.70M) | Time:00:00.73 | Mem:0.00M, Peak:0.00M | Scene, ViewLayer | Synchronizing object | Bolster spring bottom rubber pad.005
Fra:1 Mem:499.70M (Peak 499.70M) | Time:00:00.73 | Mem:0.00M, Peak:0.00M | Scene, ViewLayer | Synchronizing object | Bolster spring top seating flange.005
Fra:1 Mem:499.73M (Peak 499.73M) | Time:00:00.73 | Mem:0.00M, Peak:0.00M | Scene, ViewLayer | Synchronizing object | Secondary 42mm bolster coil.005
Fra:1 Mem:499.75M (Peak 499.75M) | Time:00:00.73 | Mem:0.00M, Peak:0.00M | Scene, ViewLayer | Synchronizing object | Secondary 42mm bolster coil group mark.055
Fra:1 Mem:499.83M (Peak 499.83M) | Time:00:00.73 | Mem:0.00M, Peak:0.00M | Scene, ViewLayer | Synchronizing object | Secondary 42mm bolster coil group mark.056
Fra:1 Mem:499.90M (Peak 499.90M) | Time:00:00.73 | Mem:0.00M, Peak:0.00M | Scene, ViewLayer | Synchronizing object | Secondary 42mm bolster coil group mark.057
Fra:1 Mem:499.91M (Peak 499.91M) | Time:00:00.73 | Mem:0.00M, Peak:0.00M | Scene, ViewLayer | Synchronizing object | Secondary 42mm bolster coil group mark.058
Fra:1 Mem:499.91M (Peak 499.91M) | Time:00:00.73 | Mem:0.00M, Peak:0.00M | Scene, ViewLayer | Synchronizing object | Secondary 42mm bolster coil group mark.059
Fra:1 Mem:499.91M (Peak 499.91M) | Time:00:00.73 | Mem:0.00M, Peak:0.00M | Scene, ViewLayer | Synchronizing object | Secondary 42mm bolster coil group mark.060
Fra:1 Mem:499.91M (Peak 499.91M) | Time:00:00.73 | Mem:0.00M, Peak:0.00M | Scene, ViewLayer | Synchronizing object | Secondary 42mm bolster coil group mark.061
Fra:1 Mem:499.93M (Peak 499.93M) | Time:00:00.73 | Mem:0.00M, Peak:0.00M | Scene, ViewLayer | Synchronizing object | Secondary 42mm bolster coil group mark.062
Fra:1 Mem:499.93M (Peak 499.93M) | Time:00:00.73 | Mem:0.00M, Peak:0.00M | Scene, ViewLayer | Synchronizing object | Secondary 42mm bolster coil group mark.063
Fra:1 Mem:499.94M (Peak 499.94M) | Time:00:00.73 | Mem:0.00M, Peak:0.00M | Scene, ViewLayer | Synchronizing object | Secondary 42mm bolster coil group mark.064
Fra:1 Mem:499.96M (Peak 499.96M) | Time:00:00.73 | Mem:0.00M, Peak:0.00M | Scene, ViewLayer | Synchronizing object | Secondary 42mm bolster coil group mark.065
Fra:1 Mem:499.97M (Peak 499.97M) | Time:00:00.73 | Mem:0.00M, Peak:0.00M | Scene, ViewLayer | Synchronizing object | BSS swing hanger forged link eye.016
Fra:1 Mem:499.98M (Peak 499.98M) | Time:00:00.73 | Mem:0.00M, Peak:0.00M | Scene, ViewLayer | Synchronizing object | BSS swing hanger forged link eye.017
Fra:1 Mem:499.98M (Peak 499.98M) | Time:00:00.73 | Mem:0.00M, Peak:0.00M | Scene, ViewLayer | Synchronizing object | BSS swing hanger forged link strap.009
Fra:1 Mem:499.99M (Peak 499.99M) | Time:00:00.73 | Mem:0.00M, Peak:0.00M | Scene, ViewLayer | Synchronizing object | BSS swing hanger forged link eye.018
Fra:1 Mem:499.99M (Peak 499.99M) | Time:00:00.73 | Mem:0.00M, Peak:0.00M | Scene, ViewLayer | Synchronizing object | BSS swing hanger forged link eye.019
Fra:1 Mem:500.00M (Peak 500.00M) | Time:00:00.73 | Mem:0.00M, Peak:0.00M | Scene, ViewLayer | Synchronizing object | BSS upper hanger pin pin.004
Fra:1 Mem:500.00M (Peak 500.00M) | Time:00:00.73 | Mem:0.00M, Peak:0.00M | Scene, ViewLayer | Synchronizing object | BSS upper hanger pin retaining washer.008
Fra:1 Mem:500.01M (Peak 500.01M) | Time:00:00.73 | Mem:0.00M, Peak:0.00M | Scene, ViewLayer | Synchronizing object | BSS upper hanger pin retaining hex head.008
Fra:1 Mem:500.01M (Peak 500.01M) | Time:00:00.73 | Mem:0.00M, Peak:0.00M | Scene, ViewLayer | Synchronizing object | BSS upper hanger pin retaining washer.009
Fra:1 Mem:500.02M (Peak 500.02M) | Time:00:00.73 | Mem:0.00M, Peak:0.00M | Scene, ViewLayer | Synchronizing object | BSS upper hanger pin retaining hex head.009
Fra:1 Mem:500.02M (Peak 500.02M) | Time:00:00.73 | Mem:0.00M, Peak:0.00M | Scene, ViewLayer | Synchronizing object | BSS lower hanger pin retaining washer.008
Fra:1 Mem:500.03M (Peak 500.03M) | Time:00:00.73 | Mem:0.00M, Peak:0.00M | Scene, ViewLayer | Synchronizing object | BSS lower hanger pin retaining hex head.008
Fra:1 Mem:500.03M (Peak 500.03M) | Time:00:00.73 | Mem:0.00M, Peak:0.00M | Scene, ViewLayer | Synchronizing object | BSS lower hanger pin retaining hex head.009
Fra:1 Mem:500.04M (Peak 500.04M) | Time:00:00.73 | Mem:0.00M, Peak:0.00M | Scene, ViewLayer | Synchronizing object | BSS hanger block.004
Fra:1 Mem:500.04M (Peak 500.04M) | Time:00:00.73 | Mem:0.00M, Peak:0.00M | Scene, ViewLayer | Synchronizing object | BSS swing hanger forged link strap.010
Fra:1 Mem:500.05M (Peak 500.05M) | Time:00:00.73 | Mem:0.00M, Peak:0.00M | Scene, ViewLayer | Synchronizing object | BSS swing hanger forged link eye.020
Fra:1 Mem:500.06M (Peak 500.06M) | Time:00:00.73 | Mem:0.00M, Peak:0.00M | Scene, ViewLayer | Synchronizing object | BSS swing hanger forged link eye.021
Fra:1 Mem:500.07M (Peak 500.07M) | Time:00:00.73 | Mem:0.00M, Peak:0.00M | Scene, ViewLayer | Synchronizing object | BSS swing hanger forged link strap.011
Fra:1 Mem:500.07M (Peak 500.07M) | Time:00:00.73 | Mem:0.00M, Peak:0.00M | Scene, ViewLayer | Synchronizing object | BSS swing hanger forged link eye.022
Fra:1 Mem:500.07M (Peak 500.07M) | Time:00:00.73 | Mem:0.00M, Peak:0.00M | Scene, ViewLayer | Synchronizing object | BSS swing hanger forged link eye.023
Fra:1 Mem:500.08M (Peak 500.08M) | Time:00:00.73 | Mem:0.00M, Peak:0.00M | Scene, ViewLayer | Synchronizing object | BSS upper hanger pin retaining washer.010
Fra:1 Mem:500.11M (Peak 500.11M) | Time:00:00.73 | Mem:0.00M, Peak:0.00M | Scene, ViewLayer | Synchronizing object | BSS upper hanger pin retaining hex head.010
Fra:1 Mem:500.09M (Peak 500.11M) | Time:00:00.73 | Mem:0.00M, Peak:0.00M | Scene, ViewLayer | Synchronizing object | BSS upper hanger pin retaining washer.011
Fra:1 Mem:500.10M (Peak 500.11M) | Time:00:00.73 | Mem:0.00M, Peak:0.00M | Scene, ViewLayer | Synchronizing object | BSS upper hanger pin retaining hex head.011
Fra:1 Mem:500.10M (Peak 500.11M) | Time:00:00.73 | Mem:0.00M, Peak:0.00M | Scene, ViewLayer | Synchronizing object | BSS lower hanger pin pin.005
Fra:1 Mem:500.10M (Peak 500.11M) | Time:00:00.73 | Mem:0.00M, Peak:0.00M | Scene, ViewLayer | Synchronizing object | BSS lower hanger pin retaining washer.010
Fra:1 Mem:500.11M (Peak 500.11M) | Time:00:00.73 | Mem:0.00M, Peak:0.00M | Scene, ViewLayer | Synchronizing object | BSS lower hanger pin retaining hex head.010
Fra:1 Mem:500.11M (Peak 500.11M) | Time:00:00.73 | Mem:0.00M, Peak:0.00M | Scene, ViewLayer | Synchronizing object | BSS lower hanger pin retaining washer.011
Fra:1 Mem:500.12M (Peak 500.12M) | Time:00:00.73 | Mem:0.00M, Peak:0.00M | Scene, ViewLayer | Synchronizing object | BSS lower hanger pin retaining hex head.011
Fra:1 Mem:500.12M (Peak 500.12M) | Time:00:00.73 | Mem:0.00M, Peak:0.00M | Scene, ViewLayer | Synchronizing object | BSS hanger block.005
Fra:1 Mem:500.13M (Peak 500.13M) | Time:00:00.73 | Mem:0.00M, Peak:0.00M | Scene, ViewLayer | Synchronizing object | Spring plank hanger block.005
Fra:1 Mem:500.14M (Peak 500.14M) | Time:00:00.73 | Mem:0.00M, Peak:0.00M | Scene, ViewLayer | Synchronizing object | Bolster safety U strap.004
Fra:1 Mem:500.14M (Peak 500.14M) | Time:00:00.73 | Mem:0.00M, Peak:0.00M | Scene, ViewLayer | Synchronizing object | Bolster safety U strap.005
Fra:1 Mem:500.15M (Peak 500.15M) | Time:00:00.73 | Mem:0.00M, Peak:0.00M | Scene, ViewLayer | Synchronizing object | Vertical secondary hydraulic damper body.002
Fra:1 Mem:500.15M (Peak 500.15M) | Time:00:00.73 | Mem:0.00M, Peak:0.00M | Scene, ViewLayer | Synchronizing object | Secondary damper polished piston.002
Fra:1 Mem:500.16M (Peak 500.16M) | Time:00:00.73 | Mem:0.00M, Peak:0.00M | Scene, ViewLayer | Synchronizing object | Secondary damper dust sleeve.002
Fra:1 Mem:500.16M (Peak 500.16M) | Time:00:00.73 | Mem:0.00M, Peak:0.00M | Scene, ViewLayer | Synchronizing object | Damper eye silent rubber.004
Fra:1 Mem:500.17M (Peak 500.17M) | Time:00:00.73 | Mem:0.00M, Peak:0.00M | Scene, ViewLayer | Synchronizing object | Secondary damper eye pin pin.004
Fra:1 Mem:500.18M (Peak 500.18M) | Time:00:00.73 | Mem:0.00M, Peak:0.00M | Scene, ViewLayer | Synchronizing object | Secondary damper eye pin retaining washer.008
Fra:1 Mem:500.18M (Peak 500.18M) | Time:00:00.73 | Mem:0.00M, Peak:0.00M | Scene, ViewLayer | Synchronizing object | Secondary damper eye pin retaining hex head.008
Fra:1 Mem:500.19M (Peak 500.19M) | Time:00:00.73 | Mem:0.00M, Peak:0.00M | Scene, ViewLayer | Synchronizing object | Secondary damper eye pin retaining washer.009
Fra:1 Mem:500.21M (Peak 500.21M) | Time:00:00.73 | Mem:0.00M, Peak:0.00M | Scene, ViewLayer | Synchronizing object | Secondary damper eye pin retaining hex head.009
Fra:1 Mem:500.20M (Peak 500.21M) | Time:00:00.73 | Mem:0.00M, Peak:0.00M | Scene, ViewLayer | Synchronizing object | Damper attachment lug.004
Fra:1 Mem:500.20M (Peak 500.21M) | Time:00:00.73 | Mem:0.00M, Peak:0.00M | Scene, ViewLayer | Synchronizing object | Damper eye silent rubber.005
Fra:1 Mem:500.21M (Peak 500.21M) | Time:00:00.73 | Mem:0.00M, Peak:0.00M | Scene, ViewLayer | Synchronizing object | Secondary damper eye pin pin.005
Fra:1 Mem:500.21M (Peak 500.21M) | Time:00:00.73 | Mem:0.00M, Peak:0.00M | Scene, ViewLayer | Synchronizing object | Secondary damper eye pin retaining washer.010
Fra:1 Mem:500.21M (Peak 500.21M) | Time:00:00.73 | Mem:0.00M, Peak:0.00M | Scene, ViewLayer | Synchronizing object | Secondary damper eye pin retaining hex head.010
Fra:1 Mem:500.23M (Peak 500.23M) | Time:00:00.73 | Mem:0.00M, Peak:0.00M | Scene, ViewLayer | Synchronizing object | Secondary damper eye pin retaining washer.011
Fra:1 Mem:500.23M (Peak 500.23M) | Time:00:00.73 | Mem:0.00M, Peak:0.00M | Scene, ViewLayer | Synchronizing object | Secondary damper eye pin retaining hex head.011
Fra:1 Mem:500.23M (Peak 500.23M) | Time:00:00.73 | Mem:0.00M, Peak:0.00M | Scene, ViewLayer | Synchronizing object | Damper attachment lug.005
Fra:1 Mem:500.24M (Peak 500.24M) | Time:00:00.73 | Mem:0.00M, Peak:0.00M | Scene, ViewLayer | Synchronizing object | Side bearer lubricating oil bath.002
Fra:1 Mem:500.24M (Peak 500.24M) | Time:00:00.73 | Mem:0.00M, Peak:0.00M | Scene, ViewLayer | Synchronizing object | Side bearer bronze wearing piece.002
Fra:1 Mem:500.25M (Peak 500.25M) | Time:00:00.73 | Mem:0.00M, Peak:0.00M | Scene, ViewLayer | Synchronizing object | Side bearer dust excluding cover.002
Fra:1 Mem:500.27M (Peak 500.27M) | Time:00:00.73 | Mem:0.00M, Peak:0.00M | Scene, ViewLayer | Synchronizing object | Body bolster side-bearer attachment.002
Fra:1 Mem:500.27M (Peak 500.27M) | Time:00:00.73 | Mem:0.00M, Peak:0.00M | Scene, ViewLayer | Synchronizing object | Side bearer oil filler pipe.002
Fra:1 Mem:500.27M (Peak 500.27M) | Time:00:00.73 | Mem:0.00M, Peak:0.00M | Scene, ViewLayer | Synchronizing object | Side bearer oil filler cap.002
Fra:1 Mem:500.28M (Peak 500.28M) | Time:00:00.73 | Mem:0.00M, Peak:0.00M | Scene, ViewLayer | Synchronizing object | Bolster diagonal anchor link shank.002
Fra:1 Mem:500.28M (Peak 500.28M) | Time:00:00.73 | Mem:0.00M, Peak:0.00M | Scene, ViewLayer | Synchronizing object | Anchor link silent block outer housing.004
Fra:1 Mem:500.29M (Peak 500.29M) | Time:00:00.73 | Mem:0.00M, Peak:0.00M | Scene, ViewLayer | Synchronizing object | Anchor link rubber bush.004
Fra:1 Mem:500.30M (Peak 500.30M) | Time:00:00.73 | Mem:0.00M, Peak:0.00M | Scene, ViewLayer | Synchronizing object | Anchor link pin pin.004
Fra:1 Mem:500.30M (Peak 500.30M) | Time:00:00.73 | Mem:0.00M, Peak:0.00M | Scene, ViewLayer | Synchronizing object | Anchor link pin retaining washer.008
Fra:1 Mem:500.31M (Peak 500.31M) | Time:00:00.73 | Mem:0.00M, Peak:0.00M | Scene, ViewLayer | Synchronizing object | Anchor link pin retaining hex head.008
Fra:1 Mem:500.31M (Peak 500.31M) | Time:00:00.73 | Mem:0.00M, Peak:0.00M | Scene, ViewLayer | Synchronizing object | Anchor link pin retaining washer.009
Fra:1 Mem:500.32M (Peak 500.32M) | Time:00:00.73 | Mem:0.00M, Peak:0.00M | Scene, ViewLayer | Synchronizing object | Anchor link pin retaining hex head.009
Fra:1 Mem:500.32M (Peak 500.32M) | Time:00:00.73 | Mem:0.00M, Peak:0.00M | Scene, ViewLayer | Synchronizing object | Anchor link silent block outer housing.005
Fra:1 Mem:500.32M (Peak 500.32M) | Time:00:00.73 | Mem:0.00M, Peak:0.00M | Scene, ViewLayer | Synchronizing object | Anchor link pin pin.005
Fra:1 Mem:500.34M (Peak 500.34M) | Time:00:00.73 | Mem:0.00M, Peak:0.00M | Scene, ViewLayer | Synchronizing object | Anchor link pin retaining washer.010
Fra:1 Mem:500.34M (Peak 500.34M) | Time:00:00.73 | Mem:0.00M, Peak:0.00M | Scene, ViewLayer | Synchronizing object | Anchor link pin retaining washer.011
Fra:1 Mem:500.36M (Peak 500.36M) | Time:00:00.73 | Mem:0.00M, Peak:0.00M | Scene, ViewLayer | Synchronizing object | Anchor link pin retaining hex head.011
Fra:1 Mem:500.36M (Peak 500.36M) | Time:00:00.73 | Mem:0.00M, Peak:0.00M | Scene, ViewLayer | Synchronizing object | Equalising stay rod.002
Fra:1 Mem:500.36M (Peak 500.36M) | Time:00:00.73 | Mem:0.00M, Peak:0.00M | Scene, ViewLayer | Synchronizing object | Equalising stay pin eye.004
Fra:1 Mem:500.36M (Peak 500.36M) | Time:00:00.73 | Mem:0.00M, Peak:0.00M | Scene, ViewLayer | Synchronizing object | Equalising stay pin pin.004
Fra:1 Mem:500.37M (Peak 500.37M) | Time:00:00.73 | Mem:0.00M, Peak:0.00M | Scene, ViewLayer | Synchronizing object | Equalising stay pin retaining washer.008
Fra:1 Mem:500.39M (Peak 500.39M) | Time:00:00.73 | Mem:0.00M, Peak:0.00M | Scene, ViewLayer | Synchronizing object | Equalising stay pin retaining hex head.008
Fra:1 Mem:500.38M (Peak 500.39M) | Time:00:00.73 | Mem:0.00M, Peak:0.00M | Scene, ViewLayer | Synchronizing object | Equalising stay pin retaining washer.009
Fra:1 Mem:500.40M (Peak 500.40M) | Time:00:00.73 | Mem:0.00M, Peak:0.00M | Scene, ViewLayer | Synchronizing object | Equalising stay pin retaining hex head.009
Fra:1 Mem:500.39M (Peak 500.40M) | Time:00:00.73 | Mem:0.00M, Peak:0.00M | Scene, ViewLayer | Synchronizing object | Equalising stay pin eye.005
Fra:1 Mem:500.39M (Peak 500.40M) | Time:00:00.73 | Mem:0.00M, Peak:0.00M | Scene, ViewLayer | Synchronizing object | Equalising stay pin retaining washer.010
Fra:1 Mem:500.41M (Peak 500.41M) | Time:00:00.73 | Mem:0.00M, Peak:0.00M | Scene, ViewLayer | Synchronizing object | Equalising stay pin retaining hex head.010
Fra:1 Mem:500.41M (Peak 500.41M) | Time:00:00.73 | Mem:0.00M, Peak:0.00M | Scene, ViewLayer | Synchronizing object | Equalising stay pin retaining hex head.011
Fra:1 Mem:500.41M (Peak 500.41M) | Time:00:00.73 | Mem:0.00M, Peak:0.00M | Scene, ViewLayer | Synchronizing object | Bolster spring head seat.003
Fra:1 Mem:500.41M (Peak 500.41M) | Time:00:00.73 | Mem:0.00M, Peak:0.00M | Scene, ViewLayer | Synchronizing object | Lower spring beam end tray.003
Fra:1 Mem:500.43M (Peak 500.43M) | Time:00:00.73 | Mem:0.00M, Peak:0.00M | Scene, ViewLayer | Synchronizing object | Bolster spring bottom rubber pad.006
Fra:1 Mem:500.43M (Peak 500.43M) | Time:00:00.73 | Mem:0.00M, Peak:0.00M | Scene, ViewLayer | Synchronizing object | Bolster spring top seating flange.006
Fra:1 Mem:500.44M (Peak 500.44M) | Time:00:00.73 | Mem:0.00M, Peak:0.00M | Scene, ViewLayer | Synchronizing object | Secondary 42mm bolster coil.006
Fra:1 Mem:500.48M (Peak 500.48M) | Time:00:00.73 | Mem:0.00M, Peak:0.00M | Scene, ViewLayer | Synchronizing object | Secondary 42mm bolster coil group mark.066
Fra:1 Mem:500.48M (Peak 500.48M) | Time:00:00.73 | Mem:0.00M, Peak:0.00M | Scene, ViewLayer | Synchronizing object | Secondary 42mm bolster coil group mark.067
Fra:1 Mem:500.48M (Peak 500.48M) | Time:00:00.73 | Mem:0.00M, Peak:0.00M | Scene, ViewLayer | Synchronizing object | Secondary 42mm bolster coil group mark.068
Fra:1 Mem:500.51M (Peak 500.51M) | Time:00:00.73 | Mem:0.00M, Peak:0.00M | Scene, ViewLayer | Synchronizing object | Secondary 42mm bolster coil group mark.069
Fra:1 Mem:500.55M (Peak 500.55M) | Time:00:00.73 | Mem:0.00M, Peak:0.00M | Scene, ViewLayer | Synchronizing object | Secondary 42mm bolster coil group mark.070
Fra:1 Mem:500.57M (Peak 500.57M) | Time:00:00.73 | Mem:0.00M, Peak:0.00M | Scene, ViewLayer | Synchronizing object | Secondary 42mm bolster coil group mark.071
Fra:1 Mem:500.59M (Peak 500.59M) | Time:00:00.73 | Mem:0.00M, Peak:0.00M | Scene, ViewLayer | Synchronizing object | Secondary 42mm bolster coil group mark.072
Fra:1 Mem:500.59M (Peak 500.59M) | Time:00:00.73 | Mem:0.00M, Peak:0.00M | Scene, ViewLayer | Synchronizing object | Secondary 42mm bolster coil group mark.073
Fra:1 Mem:500.59M (Peak 500.59M) | Time:00:00.73 | Mem:0.00M, Peak:0.00M | Scene, ViewLayer | Synchronizing object | Secondary 42mm bolster coil group mark.074
Fra:1 Mem:500.62M (Peak 500.62M) | Time:00:00.73 | Mem:0.00M, Peak:0.00M | Scene, ViewLayer | Synchronizing object | Secondary 42mm bolster coil group mark.075
Fra:1 Mem:500.63M (Peak 500.63M) | Time:00:00.73 | Mem:0.00M, Peak:0.00M | Scene, ViewLayer | Synchronizing object | Secondary 42mm bolster coil group mark.076
Fra:1 Mem:500.64M (Peak 500.64M) | Time:00:00.73 | Mem:0.00M, Peak:0.00M | Scene, ViewLayer | Synchronizing object | Bolster spring bottom rubber pad.007
Fra:1 Mem:500.64M (Peak 500.64M) | Time:00:00.73 | Mem:0.00M, Peak:0.00M | Scene, ViewLayer | Synchronizing object | Bolster spring top seating flange.007
Fra:1 Mem:500.66M (Peak 500.66M) | Time:00:00.73 | Mem:0.00M, Peak:0.00M | Scene, ViewLayer | Synchronizing object | Secondary 42mm bolster coil.007
Fra:1 Mem:500.76M (Peak 500.76M) | Time:00:00.73 | Mem:0.00M, Peak:0.00M | Scene, ViewLayer | Synchronizing object | Secondary 42mm bolster coil group mark.077
Fra:1 Mem:500.79M (Peak 500.79M) | Time:00:00.73 | Mem:0.00M, Peak:0.00M | Scene, ViewLayer | Synchronizing object | Secondary 42mm bolster coil group mark.078
Fra:1 Mem:500.82M (Peak 500.82M) | Time:00:00.73 | Mem:0.00M, Peak:0.00M | Scene, ViewLayer | Synchronizing object | Secondary 42mm bolster coil group mark.079
Fra:1 Mem:500.81M (Peak 500.82M) | Time:00:00.73 | Mem:0.00M, Peak:0.00M | Scene, ViewLayer | Synchronizing object | Secondary 42mm bolster coil group mark.080
Fra:1 Mem:500.81M (Peak 500.82M) | Time:00:00.73 | Mem:0.00M, Peak:0.00M | Scene, ViewLayer | Synchronizing object | Secondary 42mm bolster coil group mark.081
Fra:1 Mem:500.82M (Peak 500.82M) | Time:00:00.73 | Mem:0.00M, Peak:0.00M | Scene, ViewLayer | Synchronizing object | Secondary 42mm bolster coil group mark.082
Fra:1 Mem:500.82M (Peak 500.82M) | Time:00:00.73 | Mem:0.00M, Peak:0.00M | Scene, ViewLayer | Synchronizing object | Secondary 42mm bolster coil group mark.083
Fra:1 Mem:500.83M (Peak 500.83M) | Time:00:00.73 | Mem:0.00M, Peak:0.00M | Scene, ViewLayer | Synchronizing object | Secondary 42mm bolster coil group mark.084
Fra:1 Mem:500.82M (Peak 500.83M) | Time:00:00.73 | Mem:0.00M, Peak:0.00M | Scene, ViewLayer | Synchronizing object | Secondary 42mm bolster coil group mark.085
Fra:1 Mem:500.84M (Peak 500.84M) | Time:00:00.73 | Mem:0.00M, Peak:0.00M | Scene, ViewLayer | Synchronizing object | Secondary 42mm bolster coil group mark.086
Fra:1 Mem:500.86M (Peak 500.86M) | Time:00:00.73 | Mem:0.00M, Peak:0.00M | Scene, ViewLayer | Synchronizing object | Secondary 42mm bolster coil group mark.087
Fra:1 Mem:500.86M (Peak 500.86M) | Time:00:00.73 | Mem:0.00M, Peak:0.00M | Scene, ViewLayer | Synchronizing object | BSS swing hanger forged link strap.012
Fra:1 Mem:500.88M (Peak 500.88M) | Time:00:00.73 | Mem:0.00M, Peak:0.00M | Scene, ViewLayer | Synchronizing object | BSS swing hanger forged link eye.024
Fra:1 Mem:500.88M (Peak 500.88M) | Time:00:00.73 | Mem:0.00M, Peak:0.00M | Scene, ViewLayer | Synchronizing object | BSS swing hanger forged link eye.025
Fra:1 Mem:500.89M (Peak 500.89M) | Time:00:00.73 | Mem:0.00M, Peak:0.00M | Scene, ViewLayer | Synchronizing object | BSS swing hanger forged link strap.013
Fra:1 Mem:500.89M (Peak 500.89M) | Time:00:00.73 | Mem:0.00M, Peak:0.00M | Scene, ViewLayer | Synchronizing object | BSS swing hanger forged link eye.026
Fra:1 Mem:500.89M (Peak 500.89M) | Time:00:00.73 | Mem:0.00M, Peak:0.00M | Scene, ViewLayer | Synchronizing object | BSS swing hanger forged link eye.027
Fra:1 Mem:500.92M (Peak 500.92M) | Time:00:00.73 | Mem:0.00M, Peak:0.00M | Scene, ViewLayer | Synchronizing object | BSS upper hanger pin pin.006
Fra:1 Mem:500.92M (Peak 500.92M) | Time:00:00.73 | Mem:0.00M, Peak:0.00M | Scene, ViewLayer | Synchronizing object | BSS upper hanger pin retaining washer.012
Fra:1 Mem:500.95M (Peak 500.95M) | Time:00:00.73 | Mem:0.00M, Peak:0.00M | Scene, ViewLayer | Synchronizing object | BSS upper hanger pin retaining hex head.012
Fra:1 Mem:500.96M (Peak 500.96M) | Time:00:00.73 | Mem:0.00M, Peak:0.00M | Scene, ViewLayer | Synchronizing object | BSS upper hanger pin retaining washer.013
Fra:1 Mem:500.94M (Peak 500.96M) | Time:00:00.73 | Mem:0.00M, Peak:0.00M | Scene, ViewLayer | Synchronizing object | BSS lower hanger pin pin.006
Fra:1 Mem:500.95M (Peak 500.96M) | Time:00:00.73 | Mem:0.00M, Peak:0.00M | Scene, ViewLayer | Synchronizing object | BSS lower hanger pin retaining washer.012
Fra:1 Mem:500.95M (Peak 500.96M) | Time:00:00.73 | Mem:0.00M, Peak:0.00M | Scene, ViewLayer | Synchronizing object | BSS lower hanger pin retaining washer.013
Fra:1 Mem:500.96M (Peak 500.96M) | Time:00:00.73 | Mem:0.00M, Peak:0.00M | Scene, ViewLayer | Synchronizing object | BSS lower hanger pin retaining hex head.013
Fra:1 Mem:500.97M (Peak 500.97M) | Time:00:00.73 | Mem:0.00M, Peak:0.00M | Scene, ViewLayer | Synchronizing object | BSS hanger block.006
Fra:1 Mem:500.97M (Peak 500.97M) | Time:00:00.73 | Mem:0.00M, Peak:0.00M | Scene, ViewLayer | Synchronizing object | Spring plank hanger block.006
Fra:1 Mem:500.98M (Peak 500.98M) | Time:00:00.73 | Mem:0.00M, Peak:0.00M | Scene, ViewLayer | Synchronizing object | BSS swing hanger forged link strap.014
Fra:1 Mem:500.98M (Peak 500.98M) | Time:00:00.73 | Mem:0.00M, Peak:0.00M | Scene, ViewLayer | Synchronizing object | BSS swing hanger forged link eye.028
Fra:1 Mem:500.99M (Peak 500.99M) | Time:00:00.73 | Mem:0.00M, Peak:0.00M | Scene, ViewLayer | Synchronizing object | BSS swing hanger forged link eye.029
Fra:1 Mem:500.99M (Peak 500.99M) | Time:00:00.73 | Mem:0.00M, Peak:0.00M | Scene, ViewLayer | Synchronizing object | BSS swing hanger forged link strap.015
Fra:1 Mem:501.00M (Peak 501.00M) | Time:00:00.73 | Mem:0.00M, Peak:0.00M | Scene, ViewLayer | Synchronizing object | BSS swing hanger forged link eye.030
Fra:1 Mem:501.00M (Peak 501.00M) | Time:00:00.73 | Mem:0.00M, Peak:0.00M | Scene, ViewLayer | Synchronizing object | BSS swing hanger forged link eye.031
Fra:1 Mem:501.01M (Peak 501.01M) | Time:00:00.73 | Mem:0.00M, Peak:0.00M | Scene, ViewLayer | Synchronizing object | BSS upper hanger pin pin.007
Fra:1 Mem:501.01M (Peak 501.01M) | Time:00:00.73 | Mem:0.00M, Peak:0.00M | Scene, ViewLayer | Synchronizing object | BSS upper hanger pin retaining washer.014
Fra:1 Mem:501.02M (Peak 501.02M) | Time:00:00.73 | Mem:0.00M, Peak:0.00M | Scene, ViewLayer | Synchronizing object | BSS upper hanger pin retaining hex head.014
Fra:1 Mem:501.02M (Peak 501.02M) | Time:00:00.73 | Mem:0.00M, Peak:0.00M | Scene, ViewLayer | Synchronizing object | BSS upper hanger pin retaining washer.015
Fra:1 Mem:501.02M (Peak 501.02M) | Time:00:00.73 | Mem:0.00M, Peak:0.00M | Scene, ViewLayer | Synchronizing object | BSS lower hanger pin pin.007
Fra:1 Mem:501.03M (Peak 501.03M) | Time:00:00.73 | Mem:0.00M, Peak:0.00M | Scene, ViewLayer | Synchronizing object | BSS lower hanger pin retaining washer.014
Fra:1 Mem:501.04M (Peak 501.04M) | Time:00:00.73 | Mem:0.00M, Peak:0.00M | Scene, ViewLayer | Synchronizing object | BSS lower hanger pin retaining hex head.014
Fra:1 Mem:501.04M (Peak 501.04M) | Time:00:00.73 | Mem:0.00M, Peak:0.00M | Scene, ViewLayer | Synchronizing object | BSS lower hanger pin retaining washer.015
Fra:1 Mem:501.05M (Peak 501.05M) | Time:00:00.73 | Mem:0.00M, Peak:0.00M | Scene, ViewLayer | Synchronizing object | BSS lower hanger pin retaining hex head.015
Fra:1 Mem:501.05M (Peak 501.05M) | Time:00:00.73 | Mem:0.00M, Peak:0.00M | Scene, ViewLayer | Synchronizing object | BSS hanger block.007
Fra:1 Mem:501.05M (Peak 501.05M) | Time:00:00.73 | Mem:0.00M, Peak:0.00M | Scene, ViewLayer | Synchronizing object | Bolster safety U strap.006
Fra:1 Mem:501.07M (Peak 501.07M) | Time:00:00.73 | Mem:0.00M, Peak:0.00M | Scene, ViewLayer | Synchronizing object | Bolster safety U strap.007
Fra:1 Mem:501.07M (Peak 501.07M) | Time:00:00.73 | Mem:0.00M, Peak:0.00M | Scene, ViewLayer | Synchronizing object | Vertical secondary hydraulic damper body.003
Fra:1 Mem:501.08M (Peak 501.08M) | Time:00:00.73 | Mem:0.00M, Peak:0.00M | Scene, ViewLayer | Synchronizing object | Secondary damper polished piston.003
Fra:1 Mem:501.08M (Peak 501.08M) | Time:00:00.73 | Mem:0.00M, Peak:0.00M | Scene, ViewLayer | Synchronizing object | Secondary damper dust sleeve.003
Fra:1 Mem:501.10M (Peak 501.10M) | Time:00:00.73 | Mem:0.00M, Peak:0.00M | Scene, ViewLayer | Synchronizing object | Damper eye silent rubber.006
Fra:1 Mem:501.10M (Peak 501.10M) | Time:00:00.73 | Mem:0.00M, Peak:0.00M | Scene, ViewLayer | Synchronizing object | Secondary damper eye pin pin.006
Fra:1 Mem:501.10M (Peak 501.10M) | Time:00:00.73 | Mem:0.00M, Peak:0.00M | Scene, ViewLayer | Synchronizing object | Secondary damper eye pin retaining washer.012
Fra:1 Mem:501.11M (Peak 501.11M) | Time:00:00.73 | Mem:0.00M, Peak:0.00M | Scene, ViewLayer | Synchronizing object | Secondary damper eye pin retaining hex head.012
Fra:1 Mem:501.11M (Peak 501.11M) | Time:00:00.73 | Mem:0.00M, Peak:0.00M | Scene, ViewLayer | Synchronizing object | Secondary damper eye pin retaining washer.013
Fra:1 Mem:501.12M (Peak 501.12M) | Time:00:00.73 | Mem:0.00M, Peak:0.00M | Scene, ViewLayer | Synchronizing object | Secondary damper eye pin retaining hex head.013
Fra:1 Mem:501.12M (Peak 501.12M) | Time:00:00.73 | Mem:0.00M, Peak:0.00M | Scene, ViewLayer | Synchronizing object | Damper attachment lug.006
Fra:1 Mem:501.13M (Peak 501.13M) | Time:00:00.73 | Mem:0.00M, Peak:0.00M | Scene, ViewLayer | Synchronizing object | Secondary damper eye pin pin.007
Fra:1 Mem:501.15M (Peak 501.15M) | Time:00:00.73 | Mem:0.00M, Peak:0.00M | Scene, ViewLayer | Synchronizing object | Secondary damper eye pin retaining washer.014
Fra:1 Mem:501.15M (Peak 501.15M) | Time:00:00.73 | Mem:0.00M, Peak:0.00M | Scene, ViewLayer | Synchronizing object | Secondary damper eye pin retaining hex head.014
Fra:1 Mem:501.15M (Peak 501.15M) | Time:00:00.73 | Mem:0.00M, Peak:0.00M | Scene, ViewLayer | Synchronizing object | Secondary damper eye pin retaining hex head.015
Fra:1 Mem:501.16M (Peak 501.16M) | Time:00:00.73 | Mem:0.00M, Peak:0.00M | Scene, ViewLayer | Synchronizing object | Damper attachment lug.007
Fra:1 Mem:501.16M (Peak 501.16M) | Time:00:00.73 | Mem:0.00M, Peak:0.00M | Scene, ViewLayer | Synchronizing object | Side bearer bronze wearing piece.003
Fra:1 Mem:501.19M (Peak 501.19M) | Time:00:00.73 | Mem:0.00M, Peak:0.00M | Scene, ViewLayer | Synchronizing object | Side bearer dust excluding cover.003
Fra:1 Mem:501.19M (Peak 501.19M) | Time:00:00.73 | Mem:0.00M, Peak:0.00M | Scene, ViewLayer | Synchronizing object | Body bolster side-bearer attachment.003
Fra:1 Mem:501.19M (Peak 501.19M) | Time:00:00.73 | Mem:0.00M, Peak:0.00M | Scene, ViewLayer | Synchronizing object | Side bearer oil filler pipe.003
Fra:1 Mem:501.21M (Peak 501.21M) | Time:00:00.73 | Mem:0.00M, Peak:0.00M | Scene, ViewLayer | Synchronizing object | Side bearer oil filler cap.003
Fra:1 Mem:501.21M (Peak 501.21M) | Time:00:00.73 | Mem:0.00M, Peak:0.00M | Scene, ViewLayer | Synchronizing object | Bolster diagonal anchor link shank.003
Fra:1 Mem:501.22M (Peak 501.22M) | Time:00:00.73 | Mem:0.00M, Peak:0.00M | Scene, ViewLayer | Synchronizing object | Anchor link silent block outer housing.006
Fra:1 Mem:501.22M (Peak 501.22M) | Time:00:00.73 | Mem:0.00M, Peak:0.00M | Scene, ViewLayer | Synchronizing object | Anchor link rubber bush.006
Fra:1 Mem:501.22M (Peak 501.22M) | Time:00:00.73 | Mem:0.00M, Peak:0.00M | Scene, ViewLayer | Synchronizing object | Anchor link pin pin.006
Fra:1 Mem:501.23M (Peak 501.23M) | Time:00:00.73 | Mem:0.00M, Peak:0.00M | Scene, ViewLayer | Synchronizing object | Anchor link pin retaining washer.012
Fra:1 Mem:501.24M (Peak 501.24M) | Time:00:00.73 | Mem:0.00M, Peak:0.00M | Scene, ViewLayer | Synchronizing object | Anchor link pin retaining hex head.012
Fra:1 Mem:501.24M (Peak 501.24M) | Time:00:00.73 | Mem:0.00M, Peak:0.00M | Scene, ViewLayer | Synchronizing object | Anchor link pin retaining washer.013
Fra:1 Mem:501.24M (Peak 501.24M) | Time:00:00.73 | Mem:0.00M, Peak:0.00M | Scene, ViewLayer | Synchronizing object | Anchor link pin retaining hex head.013
Fra:1 Mem:501.25M (Peak 501.25M) | Time:00:00.73 | Mem:0.00M, Peak:0.00M | Scene, ViewLayer | Synchronizing object | Anchor link silent block outer housing.007
Fra:1 Mem:501.25M (Peak 501.25M) | Time:00:00.73 | Mem:0.00M, Peak:0.00M | Scene, ViewLayer | Synchronizing object | Anchor link rubber bush.007
Fra:1 Mem:501.27M (Peak 501.27M) | Time:00:00.73 | Mem:0.00M, Peak:0.00M | Scene, ViewLayer | Synchronizing object | Anchor link pin pin.007
Fra:1 Mem:501.27M (Peak 501.27M) | Time:00:00.73 | Mem:0.00M, Peak:0.00M | Scene, ViewLayer | Synchronizing object | Anchor link pin retaining washer.014
Fra:1 Mem:501.27M (Peak 501.27M) | Time:00:00.73 | Mem:0.00M, Peak:0.00M | Scene, ViewLayer | Synchronizing object | Anchor link pin retaining washer.015
Fra:1 Mem:501.28M (Peak 501.28M) | Time:00:00.73 | Mem:0.00M, Peak:0.00M | Scene, ViewLayer | Synchronizing object | Anchor link pin retaining hex head.015
Fra:1 Mem:501.28M (Peak 501.28M) | Time:00:00.73 | Mem:0.00M, Peak:0.00M | Scene, ViewLayer | Synchronizing object | Equalising stay pin eye.006
Fra:1 Mem:501.29M (Peak 501.29M) | Time:00:00.73 | Mem:0.00M, Peak:0.00M | Scene, ViewLayer | Synchronizing object | Equalising stay pin pin.006
Fra:1 Mem:501.29M (Peak 501.29M) | Time:00:00.73 | Mem:0.00M, Peak:0.00M | Scene, ViewLayer | Synchronizing object | Equalising stay pin retaining washer.012
Fra:1 Mem:501.30M (Peak 501.30M) | Time:00:00.73 | Mem:0.00M, Peak:0.00M | Scene, ViewLayer | Synchronizing object | Equalising stay pin retaining hex head.012
Fra:1 Mem:501.30M (Peak 501.30M) | Time:00:00.73 | Mem:0.00M, Peak:0.00M | Scene, ViewLayer | Synchronizing object | Equalising stay pin retaining washer.013
Fra:1 Mem:501.30M (Peak 501.30M) | Time:00:00.73 | Mem:0.00M, Peak:0.00M | Scene, ViewLayer | Synchronizing object | Equalising stay pin retaining hex head.013
Fra:1 Mem:501.31M (Peak 501.31M) | Time:00:00.73 | Mem:0.00M, Peak:0.00M | Scene, ViewLayer | Synchronizing object | Equalising stay pin eye.007
Fra:1 Mem:501.31M (Peak 501.31M) | Time:00:00.73 | Mem:0.00M, Peak:0.00M | Scene, ViewLayer | Synchronizing object | Equalising stay pin pin.007
Fra:1 Mem:501.32M (Peak 501.32M) | Time:00:00.73 | Mem:0.00M, Peak:0.00M | Scene, ViewLayer | Synchronizing object | Equalising stay pin retaining washer.014
Fra:1 Mem:501.32M (Peak 501.32M) | Time:00:00.73 | Mem:0.00M, Peak:0.00M | Scene, ViewLayer | Synchronizing object | Equalising stay pin retaining hex head.014
Fra:1 Mem:501.33M (Peak 501.33M) | Time:00:00.73 | Mem:0.00M, Peak:0.00M | Scene, ViewLayer | Synchronizing object | Equalising stay pin retaining washer.015
Fra:1 Mem:501.33M (Peak 501.33M) | Time:00:00.73 | Mem:0.00M, Peak:0.00M | Scene, ViewLayer | Synchronizing object | Equalising stay pin retaining hex head.015
Fra:1 Mem:501.34M (Peak 501.34M) | Time:00:00.73 | Mem:0.00M, Peak:0.00M | Scene, ViewLayer | Synchronizing object | Lower spring cradle transverse channel.002
Fra:1 Mem:501.34M (Peak 501.34M) | Time:00:00.73 | Mem:0.00M, Peak:0.00M | Scene, ViewLayer | Synchronizing object | Spring cradle transverse stiffener.006
Fra:1 Mem:501.36M (Peak 501.36M) | Time:00:00.73 | Mem:0.00M, Peak:0.00M | Scene, ViewLayer | Synchronizing object | Spring cradle transverse stiffener.007
Fra:1 Mem:501.36M (Peak 501.36M) | Time:00:00.73 | Mem:0.00M, Peak:0.00M | Scene, ViewLayer | Synchronizing object | Spring cradle transverse stiffener.008
Fra:1 Mem:501.37M (Peak 501.37M) | Time:00:00.73 | Mem:0.00M, Peak:0.00M | Scene, ViewLayer | Synchronizing object | Lower spring cradle transverse channel.003
Fra:1 Mem:501.38M (Peak 501.38M) | Time:00:00.73 | Mem:0.00M, Peak:0.00M | Scene, ViewLayer | Synchronizing object | Spring cradle transverse stiffener.009
Fra:1 Mem:501.39M (Peak 501.39M) | Time:00:00.73 | Mem:0.00M, Peak:0.00M | Scene, ViewLayer | Synchronizing object | Spring cradle transverse stiffener.010
Fra:1 Mem:501.39M (Peak 501.39M) | Time:00:00.73 | Mem:0.00M, Peak:0.00M | Scene, ViewLayer | Synchronizing object | Spring cradle transverse stiffener.011
Fra:1 Mem:501.40M (Peak 501.40M) | Time:00:00.73 | Mem:0.00M, Peak:0.00M | Scene, ViewLayer | Synchronizing object | Centre pivot silent block housing.001
Fra:1 Mem:501.42M (Peak 501.42M) | Time:00:00.73 | Mem:0.00M, Peak:0.00M | Scene, ViewLayer | Synchronizing object | Centre pivot rubber silent block.001
Fra:1 Mem:501.43M (Peak 501.43M) | Time:00:00.73 | Mem:0.00M, Peak:0.00M | Scene, ViewLayer | Synchronizing object | Centre pivot tractive force pin.001
Fra:1 Mem:501.44M (Peak 501.44M) | Time:00:00.73 | Mem:0.00M, Peak:0.00M | Scene, ViewLayer | Synchronizing object | Centre pivot retaining plate.001
Fra:1 Mem:501.45M (Peak 501.45M) | Time:00:00.73 | Mem:0.00M, Peak:0.00M | Scene, ViewLayer | Synchronizing object | Centre pivot retaining screw hex head.004
Fra:1 Mem:501.45M (Peak 501.45M) | Time:00:00.73 | Mem:0.00M, Peak:0.00M | Scene, ViewLayer | Synchronizing object | Centre pivot retaining screw hex head.006
Fra:1 Mem:501.45M (Peak 501.45M) | Time:00:00.73 | Mem:0.00M, Peak:0.00M | Scene, ViewLayer | Synchronizing object | Centre pivot retaining screw hex head.007
Fra:1 Mem:501.45M (Peak 501.45M) | Time:00:00.73 | Mem:0.00M, Peak:0.00M | Scene, ViewLayer | Synchronizing object | Turned stepped solid ICF axle.002
Fra:1 Mem:501.46M (Peak 501.46M) | Time:00:00.73 | Mem:0.00M, Peak:0.00M | Scene, ViewLayer | Synchronizing object | ICF monobloc 915mm dished wheel.004
Fra:1 Mem:501.46M (Peak 501.46M) | Time:00:00.73 | Mem:0.00M, Peak:0.00M | Scene, ViewLayer | Synchronizing object | Wheel hub machining line.004
Fra:1 Mem:501.75M (Peak 501.75M) | Time:00:00.73 | Mem:0.00M, Peak:0.00M | Scene, ViewLayer | Synchronizing object | Wheel rim witness line.004
Fra:1 Mem:501.99M (Peak 501.99M) | Time:00:00.73 | Mem:0.00M, Peak:0.00M | Scene, ViewLayer | Synchronizing object | Wing-type axlebox casting.004
Fra:1 Mem:502.04M (Peak 502.04M) | Time:00:00.73 | Mem:0.00M, Peak:0.00M | Scene, ViewLayer | Synchronizing object | Axlebox spherical bearing housing.004
Fra:1 Mem:502.05M (Peak 502.05M) | Time:00:00.73 | Mem:0.00M, Peak:0.00M | Scene, ViewLayer | Synchronizing object | Axlebox circular gasket.004
Fra:1 Mem:502.05M (Peak 502.05M) | Time:00:00.73 | Mem:0.00M, Peak:0.00M | Scene, ViewLayer | Synchronizing object | Axlebox bolted front cover.004
Fra:1 Mem:502.11M (Peak 502.11M) | Time:00:00.73 | Mem:0.00M, Peak:0.00M | Scene, ViewLayer | Synchronizing object | Axlebox centre inspection emboss.004
Fra:1 Mem:502.12M (Peak 502.12M) | Time:00:00.73 | Mem:0.00M, Peak:0.00M | Scene, ViewLayer | Synchronizing object | Axlebox cover M20 hex head.024
Fra:1 Mem:502.13M (Peak 502.13M) | Time:00:00.73 | Mem:0.00M, Peak:0.00M | Scene, ViewLayer | Synchronizing object | Axlebox cover M20 hex head.026
Fra:1 Mem:502.15M (Peak 502.15M) | Time:00:00.73 | Mem:0.00M, Peak:0.00M | Scene, ViewLayer | Synchronizing object | Axlebox cover M20 hex head.027
Fra:1 Mem:502.15M (Peak 502.15M) | Time:00:00.73 | Mem:0.00M, Peak:0.00M | Scene, ViewLayer | Synchronizing object | Axlebox cover M20 hex head.028
Fra:1 Mem:502.20M (Peak 502.20M) | Time:00:00.73 | Mem:0.00M, Peak:0.00M | Scene, ViewLayer | Synchronizing object | Axlebox cover M20 hex head.029
Fra:1 Mem:502.20M (Peak 502.20M) | Time:00:00.73 | Mem:0.00M, Peak:0.00M | Scene, ViewLayer | Synchronizing object | Axlebox crown bump rubber.004
Fra:1 Mem:502.17M (Peak 502.20M) | Time:00:00.73 | Mem:0.00M, Peak:0.00M | Scene, ViewLayer | Synchronizing object | Axlebox crown stop bracket.004
Fra:1 Mem:502.17M (Peak 502.20M) | Time:00:00.73 | Mem:0.00M, Peak:0.00M | Scene, ViewLayer | Synchronizing object | Crown clearance stop bolt.004
Fra:1 Mem:502.18M (Peak 502.20M) | Time:00:00.73 | Mem:0.00M, Peak:0.00M | Scene, ViewLayer | Synchronizing object | Primary lower spring seat cup.008
Fra:1 Mem:502.18M (Peak 502.20M) | Time:00:00.73 | Mem:0.00M, Peak:0.00M | Scene, ViewLayer | Synchronizing object | Primary isolation rubber pad.008
Fra:1 Mem:502.19M (Peak 502.20M) | Time:00:00.73 | Mem:0.00M, Peak:0.00M | Scene, ViewLayer | Synchronizing object | Primary dashpot oil cylinder.008
Fra:1 Mem:502.20M (Peak 502.20M) | Time:00:00.73 | Mem:0.00M, Peak:0.00M | Scene, ViewLayer | Synchronizing object | Telescopic axle guide piston sleeve.008
Fra:1 Mem:502.21M (Peak 502.21M) | Time:00:00.73 | Mem:0.00M, Peak:0.00M | Scene, ViewLayer | Synchronizing object | Dashpot sealing lip.008
Fra:1 Mem:502.21M (Peak 502.21M) | Time:00:00.73 | Mem:0.00M, Peak:0.00M | Scene, ViewLayer | Synchronizing object | Primary 33.5mm helical spring.008
Fra:1 Mem:502.29M (Peak 502.29M) | Time:00:00.73 | Mem:0.00M, Peak:0.00M | Scene, ViewLayer | Synchronizing object | Primary 33.5mm helical spring group mark.112
Fra:1 Mem:502.36M (Peak 502.36M) | Time:00:00.73 | Mem:0.00M, Peak:0.00M | Scene, ViewLayer | Synchronizing object | Primary 33.5mm helical spring group mark.113
Fra:1 Mem:502.40M (Peak 502.40M) | Time:00:00.73 | Mem:0.00M, Peak:0.00M | Scene, ViewLayer | Synchronizing object | Primary 33.5mm helical spring group mark.114
Fra:1 Mem:502.41M (Peak 502.41M) | Time:00:00.73 | Mem:0.00M, Peak:0.00M | Scene, ViewLayer | Synchronizing object | Primary 33.5mm helical spring group mark.115
Fra:1 Mem:502.43M (Peak 502.43M) | Time:00:00.73 | Mem:0.00M, Peak:0.00M | Scene, ViewLayer | Synchronizing object | Primary 33.5mm helical spring group mark.116
Fra:1 Mem:502.44M (Peak 502.44M) | Time:00:00.73 | Mem:0.00M, Peak:0.00M | Scene, ViewLayer | Synchronizing object | Primary 33.5mm helical spring group mark.117
Fra:1 Mem:502.46M (Peak 502.46M) | Time:00:00.73 | Mem:0.00M, Peak:0.00M | Scene, ViewLayer | Synchronizing object | Primary 33.5mm helical spring group mark.118
Fra:1 Mem:502.48M (Peak 502.48M) | Time:00:00.73 | Mem:0.00M, Peak:0.00M | Scene, ViewLayer | Synchronizing object | Primary 33.5mm helical spring group mark.119
Fra:1 Mem:502.48M (Peak 502.48M) | Time:00:00.73 | Mem:0.00M, Peak:0.00M | Scene, ViewLayer | Synchronizing object | Primary 33.5mm helical spring group mark.120
Fra:1 Mem:502.52M (Peak 502.52M) | Time:00:00.73 | Mem:0.00M, Peak:0.00M | Scene, ViewLayer | Synchronizing object | Primary 33.5mm helical spring group mark.121
Fra:1 Mem:502.52M (Peak 502.52M) | Time:00:00.73 | Mem:0.00M, Peak:0.00M | Scene, ViewLayer | Synchronizing object | Primary 33.5mm helical spring group mark.122
Fra:1 Mem:502.50M (Peak 502.52M) | Time:00:00.73 | Mem:0.00M, Peak:0.00M | Scene, ViewLayer | Synchronizing object | Primary 33.5mm helical spring group mark.123
Fra:1 Mem:502.51M (Peak 502.52M) | Time:00:00.73 | Mem:0.00M, Peak:0.00M | Scene, ViewLayer | Synchronizing object | Primary 33.5mm helical spring group mark.124
Fra:1 Mem:502.51M (Peak 502.52M) | Time:00:00.73 | Mem:0.00M, Peak:0.00M | Scene, ViewLayer | Synchronizing object | Primary 33.5mm helical spring group mark.125
Fra:1 Mem:502.51M (Peak 502.52M) | Time:00:00.73 | Mem:0.00M, Peak:0.00M | Scene, ViewLayer | Synchronizing object | Dashpot oil filling vent screw hex head.008
Fra:1 Mem:502.52M (Peak 502.52M) | Time:00:00.73 | Mem:0.00M, Peak:0.00M | Scene, ViewLayer | Synchronizing object | Dashpot safety U bolt.008
Fra:1 Mem:502.52M (Peak 502.52M) | Time:00:00.73 | Mem:0.00M, Peak:0.00M | Scene, ViewLayer | Synchronizing object | Primary lower spring seat cup.009
Fra:1 Mem:502.53M (Peak 502.53M) | Time:00:00.73 | Mem:0.00M, Peak:0.00M | Scene, ViewLayer | Synchronizing object | Primary isolation rubber pad.009
Fra:1 Mem:502.53M (Peak 502.53M) | Time:00:00.73 | Mem:0.00M, Peak:0.00M | Scene, ViewLayer | Synchronizing object | Primary dashpot oil cylinder.009
Fra:1 Mem:502.55M (Peak 502.55M) | Time:00:00.73 | Mem:0.00M, Peak:0.00M | Scene, ViewLayer | Synchronizing object | Telescopic axle guide piston sleeve.009
Fra:1 Mem:502.56M (Peak 502.56M) | Time:00:00.73 | Mem:0.00M, Peak:0.00M | Scene, ViewLayer | Synchronizing object | Primary upper spring seat.009
Fra:1 Mem:502.57M (Peak 502.57M) | Time:00:00.73 | Mem:0.00M, Peak:0.00M | Scene, ViewLayer | Synchronizing object | Primary 33.5mm helical spring.009
Fra:1 Mem:502.60M (Peak 502.60M) | Time:00:00.73 | Mem:0.00M, Peak:0.00M | Scene, ViewLayer | Synchronizing object | Dashpot sealing lip.009
Fra:1 Mem:502.72M (Peak 502.72M) | Time:00:00.73 | Mem:0.00M, Peak:0.00M | Scene, ViewLayer | Synchronizing object | Primary 33.5mm helical spring group mark.126
Fra:1 Mem:502.74M (Peak 502.74M) | Time:00:00.73 | Mem:0.00M, Peak:0.00M | Scene, ViewLayer | Synchronizing object | Primary 33.5mm helical spring group mark.127
Fra:1 Mem:502.78M (Peak 502.78M) | Time:00:00.73 | Mem:0.00M, Peak:0.00M | Scene, ViewLayer | Synchronizing object | Primary 33.5mm helical spring group mark.128
Fra:1 Mem:502.78M (Peak 502.78M) | Time:00:00.73 | Mem:0.00M, Peak:0.00M | Scene, ViewLayer | Synchronizing object | Primary 33.5mm helical spring group mark.129
Fra:1 Mem:502.79M (Peak 502.79M) | Time:00:00.73 | Mem:0.00M, Peak:0.00M | Scene, ViewLayer | Synchronizing object | Primary 33.5mm helical spring group mark.130
Fra:1 Mem:502.79M (Peak 502.79M) | Time:00:00.73 | Mem:0.00M, Peak:0.00M | Scene, ViewLayer | Synchronizing object | Primary 33.5mm helical spring group mark.131
Fra:1 Mem:502.81M (Peak 502.81M) | Time:00:00.73 | Mem:0.00M, Peak:0.00M | Scene, ViewLayer | Synchronizing object | Primary 33.5mm helical spring group mark.132
Fra:1 Mem:502.81M (Peak 502.81M) | Time:00:00.73 | Mem:0.00M, Peak:0.00M | Scene, ViewLayer | Synchronizing object | Primary 33.5mm helical spring group mark.133
Fra:1 Mem:502.81M (Peak 502.81M) | Time:00:00.73 | Mem:0.00M, Peak:0.00M | Scene, ViewLayer | Synchronizing object | Primary 33.5mm helical spring group mark.134
Fra:1 Mem:502.81M (Peak 502.81M) | Time:00:00.73 | Mem:0.00M, Peak:0.00M | Scene, ViewLayer | Synchronizing object | Primary 33.5mm helical spring group mark.135
Fra:1 Mem:502.84M (Peak 502.84M) | Time:00:00.73 | Mem:0.00M, Peak:0.00M | Scene, ViewLayer | Synchronizing object | Primary 33.5mm helical spring group mark.136
Fra:1 Mem:502.88M (Peak 502.88M) | Time:00:00.73 | Mem:0.00M, Peak:0.00M | Scene, ViewLayer | Synchronizing object | Primary 33.5mm helical spring group mark.137
Fra:1 Mem:502.88M (Peak 502.88M) | Time:00:00.73 | Mem:0.00M, Peak:0.00M | Scene, ViewLayer | Synchronizing object | Primary 33.5mm helical spring group mark.138
Fra:1 Mem:502.86M (Peak 502.88M) | Time:00:00.73 | Mem:0.00M, Peak:0.00M | Scene, ViewLayer | Synchronizing object | Primary 33.5mm helical spring group mark.139
Fra:1 Mem:502.87M (Peak 502.88M) | Time:00:00.73 | Mem:0.00M, Peak:0.00M | Scene, ViewLayer | Synchronizing object | Dashpot oil filling vent screw hex head.009
Fra:1 Mem:502.87M (Peak 502.88M) | Time:00:00.73 | Mem:0.00M, Peak:0.00M | Scene, ViewLayer | Synchronizing object | Dashpot safety U bolt.009
Fra:1 Mem:502.87M (Peak 502.88M) | Time:00:00.73 | Mem:0.00M, Peak:0.00M | Scene, ViewLayer | Synchronizing object | Axlebox wing strengthening rib.009
Fra:1 Mem:502.87M (Peak 502.88M) | Time:00:00.73 | Mem:0.00M, Peak:0.00M | Scene, ViewLayer | Synchronizing object | ICF monobloc 915mm dished wheel.005
Fra:1 Mem:502.94M (Peak 502.94M) | Time:00:00.73 | Mem:0.00M, Peak:0.00M | Scene, ViewLayer | Synchronizing object | Wheel hub machining line.005
Fra:1 Mem:502.94M (Peak 502.94M) | Time:00:00.73 | Mem:0.00M, Peak:0.00M | Scene, ViewLayer | Synchronizing object | Wheel rim witness line.005
Fra:1 Mem:503.28M (Peak 503.28M) | Time:00:00.73 | Mem:0.00M, Peak:0.00M | Scene, ViewLayer | Synchronizing object | Wing-type axlebox casting.005
Fra:1 Mem:503.29M (Peak 503.29M) | Time:00:00.73 | Mem:0.00M, Peak:0.00M | Scene, ViewLayer | Synchronizing object | Axlebox spherical bearing housing.005
Fra:1 Mem:503.36M (Peak 503.36M) | Time:00:00.73 | Mem:0.00M, Peak:0.00M | Scene, ViewLayer | Synchronizing object | Axlebox circular gasket.005
Fra:1 Mem:503.37M (Peak 503.37M) | Time:00:00.73 | Mem:0.00M, Peak:0.00M | Scene, ViewLayer | Synchronizing object | Axlebox bolted front cover.005
Fra:1 Mem:503.40M (Peak 503.40M) | Time:00:00.73 | Mem:0.00M, Peak:0.00M | Scene, ViewLayer | Synchronizing object | Axlebox centre inspection emboss.005
Fra:1 Mem:503.42M (Peak 503.42M) | Time:00:00.73 | Mem:0.00M, Peak:0.00M | Scene, ViewLayer | Synchronizing object | Axlebox cover M20 hex head.030
Fra:1 Mem:503.46M (Peak 503.46M) | Time:00:00.73 | Mem:0.00M, Peak:0.00M | Scene, ViewLayer | Synchronizing object | Axlebox cover M20 hex head.031
Fra:1 Mem:503.47M (Peak 503.47M) | Time:00:00.73 | Mem:0.00M, Peak:0.00M | Scene, ViewLayer | Synchronizing object | Axlebox cover M20 hex head.032
Fra:1 Mem:503.50M (Peak 503.50M) | Time:00:00.73 | Mem:0.00M, Peak:0.00M | Scene, ViewLayer | Synchronizing object | Axlebox cover M20 hex head.033
Fra:1 Mem:503.50M (Peak 503.50M) | Time:00:00.73 | Mem:0.00M, Peak:0.00M | Scene, ViewLayer | Synchronizing object | Axlebox cover M20 hex head.035
Fra:1 Mem:503.55M (Peak 503.55M) | Time:00:00.73 | Mem:0.00M, Peak:0.00M | Scene, ViewLayer | Synchronizing object | Axlebox crown bump rubber.005
Fra:1 Mem:503.52M (Peak 503.55M) | Time:00:00.73 | Mem:0.00M, Peak:0.00M | Scene, ViewLayer | Synchronizing object | Axlebox crown stop bracket.005
Fra:1 Mem:503.52M (Peak 503.55M) | Time:00:00.73 | Mem:0.00M, Peak:0.00M | Scene, ViewLayer | Synchronizing object | Crown clearance stop bolt.005
Fra:1 Mem:503.54M (Peak 503.55M) | Time:00:00.73 | Mem:0.00M, Peak:0.00M | Scene, ViewLayer | Synchronizing object | Primary lower spring seat cup.010
Fra:1 Mem:503.53M (Peak 503.55M) | Time:00:00.73 | Mem:0.00M, Peak:0.00M | Scene, ViewLayer | Synchronizing object | Primary isolation rubber pad.010
Fra:1 Mem:503.53M (Peak 503.55M) | Time:00:00.73 | Mem:0.00M, Peak:0.00M | Scene, ViewLayer | Synchronizing object | Primary dashpot oil cylinder.010
Fra:1 Mem:503.55M (Peak 503.55M) | Time:00:00.73 | Mem:0.00M, Peak:0.00M | Scene, ViewLayer | Synchronizing object | Telescopic axle guide piston sleeve.010
Fra:1 Mem:503.55M (Peak 503.55M) | Time:00:00.73 | Mem:0.00M, Peak:0.00M | Scene, ViewLayer | Synchronizing object | Dashpot sealing lip.010
Fra:1 Mem:503.57M (Peak 503.57M) | Time:00:00.73 | Mem:0.00M, Peak:0.00M | Scene, ViewLayer | Synchronizing object | Primary upper spring seat.010
Fra:1 Mem:503.59M (Peak 503.59M) | Time:00:00.73 | Mem:0.00M, Peak:0.00M | Scene, ViewLayer | Synchronizing object | Primary 33.5mm helical spring.010
Fra:1 Mem:503.63M (Peak 503.63M) | Time:00:00.73 | Mem:0.00M, Peak:0.00M | Scene, ViewLayer | Synchronizing object | Primary 33.5mm helical spring group mark.140
Fra:1 Mem:503.64M (Peak 503.64M) | Time:00:00.73 | Mem:0.00M, Peak:0.00M | Scene, ViewLayer | Synchronizing object | Primary 33.5mm helical spring group mark.141
Fra:1 Mem:503.71M (Peak 503.71M) | Time:00:00.73 | Mem:0.00M, Peak:0.00M | Scene, ViewLayer | Synchronizing object | Primary 33.5mm helical spring group mark.142
Fra:1 Mem:503.74M (Peak 503.74M) | Time:00:00.73 | Mem:0.00M, Peak:0.00M | Scene, ViewLayer | Synchronizing object | Primary 33.5mm helical spring group mark.143
Fra:1 Mem:503.75M (Peak 503.75M) | Time:00:00.73 | Mem:0.00M, Peak:0.00M | Scene, ViewLayer | Synchronizing object | Primary 33.5mm helical spring group mark.144
Fra:1 Mem:503.76M (Peak 503.76M) | Time:00:00.73 | Mem:0.00M, Peak:0.00M | Scene, ViewLayer | Synchronizing object | Primary 33.5mm helical spring group mark.145
Fra:1 Mem:503.79M (Peak 503.79M) | Time:00:00.73 | Mem:0.00M, Peak:0.00M | Scene, ViewLayer | Synchronizing object | Primary 33.5mm helical spring group mark.146
Fra:1 Mem:503.80M (Peak 503.80M) | Time:00:00.73 | Mem:0.00M, Peak:0.00M | Scene, ViewLayer | Synchronizing object | Primary 33.5mm helical spring group mark.147
Fra:1 Mem:503.80M (Peak 503.80M) | Time:00:00.73 | Mem:0.00M, Peak:0.00M | Scene, ViewLayer | Synchronizing object | Primary 33.5mm helical spring group mark.148
Fra:1 Mem:503.80M (Peak 503.80M) | Time:00:00.73 | Mem:0.00M, Peak:0.00M | Scene, ViewLayer | Synchronizing object | Primary 33.5mm helical spring group mark.149
Fra:1 Mem:503.80M (Peak 503.80M) | Time:00:00.73 | Mem:0.00M, Peak:0.00M | Scene, ViewLayer | Synchronizing object | Primary 33.5mm helical spring group mark.150
Fra:1 Mem:503.83M (Peak 503.83M) | Time:00:00.73 | Mem:0.00M, Peak:0.00M | Scene, ViewLayer | Synchronizing object | Primary 33.5mm helical spring group mark.151
Fra:1 Mem:503.83M (Peak 503.83M) | Time:00:00.74 | Mem:0.00M, Peak:0.00M | Scene, ViewLayer | Synchronizing object | Primary 33.5mm helical spring group mark.152
Fra:1 Mem:503.83M (Peak 503.83M) | Time:00:00.74 | Mem:0.00M, Peak:0.00M | Scene, ViewLayer | Synchronizing object | Primary 33.5mm helical spring group mark.153
Fra:1 Mem:503.85M (Peak 503.85M) | Time:00:00.74 | Mem:0.00M, Peak:0.00M | Scene, ViewLayer | Synchronizing object | Dashpot oil filling vent screw hex head.010
Fra:1 Mem:503.86M (Peak 503.86M) | Time:00:00.74 | Mem:0.00M, Peak:0.00M | Scene, ViewLayer | Synchronizing object | Dashpot safety U bolt.010
Fra:1 Mem:503.86M (Peak 503.86M) | Time:00:00.74 | Mem:0.00M, Peak:0.00M | Scene, ViewLayer | Synchronizing object | Primary lower spring seat cup.011
Fra:1 Mem:503.90M (Peak 503.90M) | Time:00:00.74 | Mem:0.00M, Peak:0.00M | Scene, ViewLayer | Synchronizing object | Primary isolation rubber pad.011
Fra:1 Mem:503.91M (Peak 503.91M) | Time:00:00.74 | Mem:0.00M, Peak:0.00M | Scene, ViewLayer | Synchronizing object | Primary dashpot oil cylinder.011
Fra:1 Mem:503.92M (Peak 503.92M) | Time:00:00.74 | Mem:0.00M, Peak:0.00M | Scene, ViewLayer | Synchronizing object | Telescopic axle guide piston sleeve.011
Fra:1 Mem:503.91M (Peak 503.92M) | Time:00:00.74 | Mem:0.00M, Peak:0.00M | Scene, ViewLayer | Synchronizing object | Dashpot sealing lip.011
Fra:1 Mem:503.92M (Peak 503.92M) | Time:00:00.74 | Mem:0.00M, Peak:0.00M | Scene, ViewLayer | Synchronizing object | Primary upper spring seat.011
Fra:1 Mem:503.94M (Peak 503.94M) | Time:00:00.74 | Mem:0.00M, Peak:0.00M | Scene, ViewLayer | Synchronizing object | Primary 33.5mm helical spring.011
Fra:1 Mem:503.99M (Peak 503.99M) | Time:00:00.74 | Mem:0.00M, Peak:0.00M | Scene, ViewLayer | Synchronizing object | Primary 33.5mm helical spring group mark.154
Fra:1 Mem:504.06M (Peak 504.06M) | Time:00:00.74 | Mem:0.00M, Peak:0.00M | Scene, ViewLayer | Synchronizing object | Primary 33.5mm helical spring group mark.155
Fra:1 Mem:504.10M (Peak 504.10M) | Time:00:00.74 | Mem:0.00M, Peak:0.00M | Scene, ViewLayer | Synchronizing object | Primary 33.5mm helical spring group mark.156
Fra:1 Mem:504.10M (Peak 504.10M) | Time:00:00.74 | Mem:0.00M, Peak:0.00M | Scene, ViewLayer | Synchronizing object | Primary 33.5mm helical spring group mark.157
Fra:1 Mem:504.11M (Peak 504.11M) | Time:00:00.74 | Mem:0.00M, Peak:0.00M | Scene, ViewLayer | Synchronizing object | Primary 33.5mm helical spring group mark.158
Fra:1 Mem:504.12M (Peak 504.12M) | Time:00:00.74 | Mem:0.00M, Peak:0.00M | Scene, ViewLayer | Synchronizing object | Primary 33.5mm helical spring group mark.159
Fra:1 Mem:504.14M (Peak 504.14M) | Time:00:00.74 | Mem:0.00M, Peak:0.00M | Scene, ViewLayer | Synchronizing object | Primary 33.5mm helical spring group mark.160
Fra:1 Mem:504.14M (Peak 504.14M) | Time:00:00.74 | Mem:0.00M, Peak:0.00M | Scene, ViewLayer | Synchronizing object | Primary 33.5mm helical spring group mark.161
Fra:1 Mem:504.15M (Peak 504.15M) | Time:00:00.74 | Mem:0.00M, Peak:0.00M | Scene, ViewLayer | Synchronizing object | Primary 33.5mm helical spring group mark.162
Fra:1 Mem:504.16M (Peak 504.16M) | Time:00:00.74 | Mem:0.00M, Peak:0.00M | Scene, ViewLayer | Synchronizing object | Primary 33.5mm helical spring group mark.163
Fra:1 Mem:504.17M (Peak 504.17M) | Time:00:00.74 | Mem:0.00M, Peak:0.00M | Scene, ViewLayer | Synchronizing object | Primary 33.5mm helical spring group mark.164
Fra:1 Mem:504.18M (Peak 504.18M) | Time:00:00.74 | Mem:0.00M, Peak:0.00M | Scene, ViewLayer | Synchronizing object | Primary 33.5mm helical spring group mark.165
Fra:1 Mem:504.18M (Peak 504.18M) | Time:00:00.74 | Mem:0.00M, Peak:0.00M | Scene, ViewLayer | Synchronizing object | Primary 33.5mm helical spring group mark.166
Fra:1 Mem:504.18M (Peak 504.18M) | Time:00:00.74 | Mem:0.00M, Peak:0.00M | Scene, ViewLayer | Synchronizing object | Primary 33.5mm helical spring group mark.167
Fra:1 Mem:504.19M (Peak 504.19M) | Time:00:00.74 | Mem:0.00M, Peak:0.00M | Scene, ViewLayer | Synchronizing object | Dashpot oil filling vent screw hex head.011
Fra:1 Mem:504.19M (Peak 504.19M) | Time:00:00.74 | Mem:0.00M, Peak:0.00M | Scene, ViewLayer | Synchronizing object | Dashpot safety U bolt.011
Fra:1 Mem:504.22M (Peak 504.22M) | Time:00:00.74 | Mem:0.00M, Peak:0.00M | Scene, ViewLayer | Synchronizing object | Axlebox wing strengthening rib.010
Fra:1 Mem:504.22M (Peak 504.22M) | Time:00:00.74 | Mem:0.00M, Peak:0.00M | Scene, ViewLayer | Synchronizing object | Axlebox wing strengthening rib.011
Fra:1 Mem:504.23M (Peak 504.23M) | Time:00:00.74 | Mem:0.00M, Peak:0.00M | Scene, ViewLayer | Synchronizing object | Turned stepped solid ICF axle.003
Fra:1 Mem:504.23M (Peak 504.23M) | Time:00:00.74 | Mem:0.00M, Peak:0.00M | Scene, ViewLayer | Synchronizing object | ICF monobloc 915mm dished wheel.006
Fra:1 Mem:504.35M (Peak 504.35M) | Time:00:00.74 | Mem:0.00M, Peak:0.00M | Scene, ViewLayer | Synchronizing object | Wheel hub machining line.006
Fra:1 Mem:504.63M (Peak 504.63M) | Time:00:00.74 | Mem:0.00M, Peak:0.00M | Scene, ViewLayer | Synchronizing object | Wheel rim witness line.006
Fra:1 Mem:504.70M (Peak 504.70M) | Time:00:00.74 | Mem:0.00M, Peak:0.00M | Scene, ViewLayer | Synchronizing object | Wing-type axlebox casting.006
Fra:1 Mem:504.77M (Peak 504.77M) | Time:00:00.74 | Mem:0.00M, Peak:0.00M | Scene, ViewLayer | Synchronizing object | Axlebox spherical bearing housing.006
Fra:1 Mem:504.80M (Peak 504.80M) | Time:00:00.74 | Mem:0.00M, Peak:0.00M | Scene, ViewLayer | Synchronizing object | Axlebox circular gasket.006
Fra:1 Mem:504.82M (Peak 504.82M) | Time:00:00.74 | Mem:0.00M, Peak:0.00M | Scene, ViewLayer | Synchronizing object | Axlebox bolted front cover.006
Fra:1 Mem:504.82M (Peak 504.82M) | Time:00:00.74 | Mem:0.00M, Peak:0.00M | Scene, ViewLayer | Synchronizing object | Axlebox centre inspection emboss.006
Fra:1 Mem:504.86M (Peak 504.86M) | Time:00:00.74 | Mem:0.00M, Peak:0.00M | Scene, ViewLayer | Synchronizing object | Axlebox cover M20 hex head.036
Fra:1 Mem:504.86M (Peak 504.86M) | Time:00:00.74 | Mem:0.00M, Peak:0.00M | Scene, ViewLayer | Synchronizing object | Axlebox cover M20 hex head.037
Fra:1 Mem:504.86M (Peak 504.86M) | Time:00:00.74 | Mem:0.00M, Peak:0.00M | Scene, ViewLayer | Synchronizing object | Axlebox cover M20 hex head.038
Fra:1 Mem:504.86M (Peak 504.86M) | Time:00:00.74 | Mem:0.00M, Peak:0.00M | Scene, ViewLayer | Synchronizing object | Axlebox cover M20 hex head.039
Fra:1 Mem:504.87M (Peak 504.87M) | Time:00:00.74 | Mem:0.00M, Peak:0.00M | Scene, ViewLayer | Synchronizing object | Axlebox cover M20 hex head.040
Fra:1 Mem:504.87M (Peak 504.87M) | Time:00:00.74 | Mem:0.00M, Peak:0.00M | Scene, ViewLayer | Synchronizing object | Axlebox cover M20 hex head.041
Fra:1 Mem:504.91M (Peak 504.91M) | Time:00:00.74 | Mem:0.00M, Peak:0.00M | Scene, ViewLayer | Synchronizing object | Axlebox crown bump rubber.006
Fra:1 Mem:504.92M (Peak 504.92M) | Time:00:00.74 | Mem:0.00M, Peak:0.00M | Scene, ViewLayer | Synchronizing object | Axlebox crown stop bracket.006
Fra:1 Mem:504.92M (Peak 504.92M) | Time:00:00.74 | Mem:0.00M, Peak:0.00M | Scene, ViewLayer | Synchronizing object | Crown clearance stop bolt.006
Fra:1 Mem:504.95M (Peak 504.95M) | Time:00:00.74 | Mem:0.00M, Peak:0.00M | Scene, ViewLayer | Synchronizing object | Primary lower spring seat cup.012
Fra:1 Mem:505.01M (Peak 505.01M) | Time:00:00.74 | Mem:0.00M, Peak:0.00M | Scene, ViewLayer | Synchronizing object | Primary isolation rubber pad.012
Fra:1 Mem:505.01M (Peak 505.01M) | Time:00:00.74 | Mem:0.00M, Peak:0.00M | Scene, ViewLayer | Synchronizing object | Primary dashpot oil cylinder.012
Fra:1 Mem:504.98M (Peak 505.01M) | Time:00:00.74 | Mem:0.00M, Peak:0.00M | Scene, ViewLayer | Synchronizing object | Telescopic axle guide piston sleeve.012
Fra:1 Mem:504.98M (Peak 505.01M) | Time:00:00.74 | Mem:0.00M, Peak:0.00M | Scene, ViewLayer | Synchronizing object | Dashpot sealing lip.012
Fra:1 Mem:505.00M (Peak 505.01M) | Time:00:00.74 | Mem:0.00M, Peak:0.00M | Scene, ViewLayer | Synchronizing object | Primary upper spring seat.012
Fra:1 Mem:505.02M (Peak 505.02M) | Time:00:00.74 | Mem:0.00M, Peak:0.00M | Scene, ViewLayer | Synchronizing object | Primary 33.5mm helical spring.012
Fra:1 Mem:505.07M (Peak 505.07M) | Time:00:00.74 | Mem:0.00M, Peak:0.00M | Scene, ViewLayer | Synchronizing object | Primary 33.5mm helical spring group mark.168
Fra:1 Mem:505.16M (Peak 505.16M) | Time:00:00.74 | Mem:0.00M, Peak:0.00M | Scene, ViewLayer | Synchronizing object | Primary 33.5mm helical spring group mark.169
Fra:1 Mem:505.17M (Peak 505.17M) | Time:00:00.74 | Mem:0.00M, Peak:0.00M | Scene, ViewLayer | Synchronizing object | Primary 33.5mm helical spring group mark.170
Fra:1 Mem:505.18M (Peak 505.18M) | Time:00:00.74 | Mem:0.00M, Peak:0.00M | Scene, ViewLayer | Synchronizing object | Primary 33.5mm helical spring group mark.171
Fra:1 Mem:505.19M (Peak 505.19M) | Time:00:00.74 | Mem:0.00M, Peak:0.00M | Scene, ViewLayer | Synchronizing object | Primary 33.5mm helical spring group mark.172
Fra:1 Mem:505.19M (Peak 505.19M) | Time:00:00.74 | Mem:0.00M, Peak:0.00M | Scene, ViewLayer | Synchronizing object | Primary 33.5mm helical spring group mark.173
Fra:1 Mem:505.23M (Peak 505.23M) | Time:00:00.74 | Mem:0.00M, Peak:0.00M | Scene, ViewLayer | Synchronizing object | Primary 33.5mm helical spring group mark.174
Fra:1 Mem:505.23M (Peak 505.23M) | Time:00:00.74 | Mem:0.00M, Peak:0.00M | Scene, ViewLayer | Synchronizing object | Primary 33.5mm helical spring group mark.175
Fra:1 Mem:505.23M (Peak 505.23M) | Time:00:00.74 | Mem:0.00M, Peak:0.00M | Scene, ViewLayer | Synchronizing object | Primary 33.5mm helical spring group mark.176
Fra:1 Mem:505.24M (Peak 505.24M) | Time:00:00.74 | Mem:0.00M, Peak:0.00M | Scene, ViewLayer | Synchronizing object | Primary 33.5mm helical spring group mark.177
Fra:1 Mem:505.24M (Peak 505.24M) | Time:00:00.74 | Mem:0.00M, Peak:0.00M | Scene, ViewLayer | Synchronizing object | Primary 33.5mm helical spring group mark.178
Fra:1 Mem:505.26M (Peak 505.26M) | Time:00:00.74 | Mem:0.00M, Peak:0.00M | Scene, ViewLayer | Synchronizing object | Primary 33.5mm helical spring group mark.179
Fra:1 Mem:505.26M (Peak 505.26M) | Time:00:00.74 | Mem:0.00M, Peak:0.00M | Scene, ViewLayer | Synchronizing object | Primary 33.5mm helical spring group mark.180
Fra:1 Mem:505.27M (Peak 505.27M) | Time:00:00.74 | Mem:0.00M, Peak:0.00M | Scene, ViewLayer | Synchronizing object | Primary 33.5mm helical spring group mark.181
Fra:1 Mem:505.29M (Peak 505.29M) | Time:00:00.74 | Mem:0.00M, Peak:0.00M | Scene, ViewLayer | Synchronizing object | Dashpot oil filling vent screw hex head.012
Fra:1 Mem:505.29M (Peak 505.29M) | Time:00:00.74 | Mem:0.00M, Peak:0.00M | Scene, ViewLayer | Synchronizing object | Dashpot safety U bolt.012
Fra:1 Mem:505.31M (Peak 505.31M) | Time:00:00.74 | Mem:0.00M, Peak:0.00M | Scene, ViewLayer | Synchronizing object | Primary lower spring seat cup.013
Fra:1 Mem:505.33M (Peak 505.33M) | Time:00:00.74 | Mem:0.00M, Peak:0.00M | Scene, ViewLayer | Synchronizing object | Primary isolation rubber pad.013
Fra:1 Mem:505.33M (Peak 505.33M) | Time:00:00.74 | Mem:0.00M, Peak:0.00M | Scene, ViewLayer | Synchronizing object | Primary dashpot oil cylinder.013
Fra:1 Mem:505.33M (Peak 505.33M) | Time:00:00.74 | Mem:0.00M, Peak:0.00M | Scene, ViewLayer | Synchronizing object | Dashpot sealing lip.013
Fra:1 Mem:505.37M (Peak 505.37M) | Time:00:00.74 | Mem:0.00M, Peak:0.00M | Scene, ViewLayer | Synchronizing object | Primary upper spring seat.013
Fra:1 Mem:505.39M (Peak 505.39M) | Time:00:00.74 | Mem:0.00M, Peak:0.00M | Scene, ViewLayer | Synchronizing object | Primary 33.5mm helical spring.013
Fra:1 Mem:505.42M (Peak 505.42M) | Time:00:00.74 | Mem:0.00M, Peak:0.00M | Scene, ViewLayer | Synchronizing object | Primary 33.5mm helical spring group mark.182
Fra:1 Mem:505.43M (Peak 505.43M) | Time:00:00.74 | Mem:0.00M, Peak:0.00M | Scene, ViewLayer | Synchronizing object | Primary 33.5mm helical spring group mark.183
Fra:1 Mem:505.49M (Peak 505.49M) | Time:00:00.74 | Mem:0.00M, Peak:0.00M | Scene, ViewLayer | Synchronizing object | Primary 33.5mm helical spring group mark.184
Fra:1 Mem:505.50M (Peak 505.50M) | Time:00:00.74 | Mem:0.00M, Peak:0.00M | Scene, ViewLayer | Synchronizing object | Primary 33.5mm helical spring group mark.185
Fra:1 Mem:505.52M (Peak 505.52M) | Time:00:00.74 | Mem:0.00M, Peak:0.00M | Scene, ViewLayer | Synchronizing object | Primary 33.5mm helical spring group mark.186
Fra:1 Mem:505.54M (Peak 505.54M) | Time:00:00.74 | Mem:0.00M, Peak:0.00M | Scene, ViewLayer | Synchronizing object | Primary 33.5mm helical spring group mark.187
Fra:1 Mem:505.57M (Peak 505.57M) | Time:00:00.74 | Mem:0.00M, Peak:0.00M | Scene, ViewLayer | Synchronizing object | Primary 33.5mm helical spring group mark.188
Fra:1 Mem:505.58M (Peak 505.58M) | Time:00:00.74 | Mem:0.00M, Peak:0.00M | Scene, ViewLayer | Synchronizing object | Primary 33.5mm helical spring group mark.189
Fra:1 Mem:505.59M (Peak 505.59M) | Time:00:00.74 | Mem:0.00M, Peak:0.00M | Scene, ViewLayer | Synchronizing object | Primary 33.5mm helical spring group mark.190
Fra:1 Mem:505.59M (Peak 505.59M) | Time:00:00.74 | Mem:0.00M, Peak:0.00M | Scene, ViewLayer | Synchronizing object | Primary 33.5mm helical spring group mark.191
Fra:1 Mem:505.60M (Peak 505.60M) | Time:00:00.74 | Mem:0.00M, Peak:0.00M | Scene, ViewLayer | Synchronizing object | Primary 33.5mm helical spring group mark.192
Fra:1 Mem:505.61M (Peak 505.61M) | Time:00:00.74 | Mem:0.00M, Peak:0.00M | Scene, ViewLayer | Synchronizing object | Primary 33.5mm helical spring group mark.193
Fra:1 Mem:505.61M (Peak 505.61M) | Time:00:00.74 | Mem:0.00M, Peak:0.00M | Scene, ViewLayer | Synchronizing object | Primary 33.5mm helical spring group mark.194
Fra:1 Mem:505.65M (Peak 505.65M) | Time:00:00.74 | Mem:0.00M, Peak:0.00M | Scene, ViewLayer | Synchronizing object | Primary 33.5mm helical spring group mark.195
Fra:1 Mem:505.64M (Peak 505.65M) | Time:00:00.74 | Mem:0.00M, Peak:0.00M | Scene, ViewLayer | Synchronizing object | Dashpot oil filling vent screw hex head.013
Fra:1 Mem:505.65M (Peak 505.65M) | Time:00:00.74 | Mem:0.00M, Peak:0.00M | Scene, ViewLayer | Synchronizing object | Dashpot safety U bolt.013
Fra:1 Mem:505.68M (Peak 505.68M) | Time:00:00.74 | Mem:0.00M, Peak:0.00M | Scene, ViewLayer | Synchronizing object | Axlebox wing strengthening rib.012
Fra:1 Mem:505.68M (Peak 505.68M) | Time:00:00.74 | Mem:0.00M, Peak:0.00M | Scene, ViewLayer | Synchronizing object | Axlebox wing strengthening rib.013
Fra:1 Mem:505.68M (Peak 505.68M) | Time:00:00.74 | Mem:0.00M, Peak:0.00M | Scene, ViewLayer | Synchronizing object | ICF monobloc 915mm dished wheel.007
Fra:1 Mem:505.72M (Peak 505.72M) | Time:00:00.74 | Mem:0.00M, Peak:0.00M | Scene, ViewLayer | Synchronizing object | Wheel hub machining line.007
Fra:1 Mem:505.81M (Peak 505.81M) | Time:00:00.74 | Mem:0.00M, Peak:0.00M | Scene, ViewLayer | Synchronizing object | Wheel rim witness line.007
Fra:1 Mem:506.07M (Peak 506.07M) | Time:00:00.74 | Mem:0.00M, Peak:0.00M | Scene, ViewLayer | Synchronizing object | Wing-type axlebox casting.007
Fra:1 Mem:506.09M (Peak 506.09M) | Time:00:00.74 | Mem:0.00M, Peak:0.00M | Scene, ViewLayer | Synchronizing object | Axlebox spherical bearing housing.007
Fra:1 Mem:506.16M (Peak 506.16M) | Time:00:00.74 | Mem:0.00M, Peak:0.00M | Scene, ViewLayer | Synchronizing object | Axlebox circular gasket.007
Fra:1 Mem:506.16M (Peak 506.16M) | Time:00:00.74 | Mem:0.00M, Peak:0.00M | Scene, ViewLayer | Synchronizing object | Axlebox bolted front cover.007
Fra:1 Mem:506.18M (Peak 506.18M) | Time:00:00.74 | Mem:0.00M, Peak:0.00M | Scene, ViewLayer | Synchronizing object | Axlebox centre inspection emboss.007
Fra:1 Mem:506.19M (Peak 506.19M) | Time:00:00.74 | Mem:0.00M, Peak:0.00M | Scene, ViewLayer | Synchronizing object | Axlebox cover M20 hex head.042
Fra:1 Mem:506.20M (Peak 506.20M) | Time:00:00.74 | Mem:0.00M, Peak:0.00M | Scene, ViewLayer | Synchronizing object | Axlebox cover M20 hex head.043
Fra:1 Mem:506.18M (Peak 506.20M) | Time:00:00.74 | Mem:0.00M, Peak:0.00M | Scene, ViewLayer | Synchronizing object | Axlebox cover M20 hex head.044
Fra:1 Mem:506.22M (Peak 506.22M) | Time:00:00.74 | Mem:0.00M, Peak:0.00M | Scene, ViewLayer | Synchronizing object | Axlebox cover M20 hex head.045
Fra:1 Mem:506.22M (Peak 506.22M) | Time:00:00.74 | Mem:0.00M, Peak:0.00M | Scene, ViewLayer | Synchronizing object | Axlebox cover M20 hex head.046
Fra:1 Mem:506.23M (Peak 506.23M) | Time:00:00.74 | Mem:0.00M, Peak:0.00M | Scene, ViewLayer | Synchronizing object | Axlebox cover M20 hex head.047
Fra:1 Mem:506.23M (Peak 506.23M) | Time:00:00.74 | Mem:0.00M, Peak:0.00M | Scene, ViewLayer | Synchronizing object | Axlebox crown bump rubber.007
Fra:1 Mem:506.24M (Peak 506.24M) | Time:00:00.74 | Mem:0.00M, Peak:0.00M | Scene, ViewLayer | Synchronizing object | Axlebox crown stop bracket.007
Fra:1 Mem:506.24M (Peak 506.24M) | Time:00:00.74 | Mem:0.00M, Peak:0.00M | Scene, ViewLayer | Synchronizing object | Crown clearance stop bolt.007
Fra:1 Mem:506.29M (Peak 506.29M) | Time:00:00.74 | Mem:0.00M, Peak:0.00M | Scene, ViewLayer | Synchronizing object | Primary lower spring seat cup.014
Fra:1 Mem:506.30M (Peak 506.30M) | Time:00:00.74 | Mem:0.00M, Peak:0.00M | Scene, ViewLayer | Synchronizing object | Primary isolation rubber pad.014
Fra:1 Mem:506.31M (Peak 506.31M) | Time:00:00.74 | Mem:0.00M, Peak:0.00M | Scene, ViewLayer | Synchronizing object | Primary dashpot oil cylinder.014
Fra:1 Mem:506.31M (Peak 506.31M) | Time:00:00.74 | Mem:0.00M, Peak:0.00M | Scene, ViewLayer | Synchronizing object | Telescopic axle guide piston sleeve.014
Fra:1 Mem:506.33M (Peak 506.33M) | Time:00:00.74 | Mem:0.00M, Peak:0.00M | Scene, ViewLayer | Synchronizing object | Dashpot sealing lip.014
Fra:1 Mem:506.34M (Peak 506.34M) | Time:00:00.74 | Mem:0.00M, Peak:0.00M | Scene, ViewLayer | Synchronizing object | Primary upper spring seat.014
Fra:1 Mem:506.37M (Peak 506.37M) | Time:00:00.74 | Mem:0.00M, Peak:0.00M | Scene, ViewLayer | Synchronizing object | Primary 33.5mm helical spring.014
Fra:1 Mem:506.48M (Peak 506.48M) | Time:00:00.74 | Mem:0.00M, Peak:0.00M | Scene, ViewLayer | Synchronizing object | Primary 33.5mm helical spring group mark.196
Fra:1 Mem:506.57M (Peak 506.57M) | Time:00:00.74 | Mem:0.00M, Peak:0.00M | Scene, ViewLayer | Synchronizing object | Primary 33.5mm helical spring group mark.197
Fra:1 Mem:506.55M (Peak 506.57M) | Time:00:00.74 | Mem:0.00M, Peak:0.00M | Scene, ViewLayer | Synchronizing object | Primary 33.5mm helical spring group mark.198
Fra:1 Mem:506.58M (Peak 506.58M) | Time:00:00.74 | Mem:0.00M, Peak:0.00M | Scene, ViewLayer | Synchronizing object | Primary 33.5mm helical spring group mark.199
Fra:1 Mem:506.58M (Peak 506.58M) | Time:00:00.74 | Mem:0.00M, Peak:0.00M | Scene, ViewLayer | Synchronizing object | Primary 33.5mm helical spring group mark.200
Fra:1 Mem:506.59M (Peak 506.59M) | Time:00:00.74 | Mem:0.00M, Peak:0.00M | Scene, ViewLayer | Synchronizing object | Primary 33.5mm helical spring group mark.201
Fra:1 Mem:506.60M (Peak 506.60M) | Time:00:00.74 | Mem:0.00M, Peak:0.00M | Scene, ViewLayer | Synchronizing object | Primary 33.5mm helical spring group mark.202
Fra:1 Mem:506.60M (Peak 506.60M) | Time:00:00.74 | Mem:0.00M, Peak:0.00M | Scene, ViewLayer | Synchronizing object | Primary 33.5mm helical spring group mark.203
Fra:1 Mem:506.61M (Peak 506.61M) | Time:00:00.74 | Mem:0.00M, Peak:0.00M | Scene, ViewLayer | Synchronizing object | Primary 33.5mm helical spring group mark.204
Fra:1 Mem:506.61M (Peak 506.61M) | Time:00:00.74 | Mem:0.00M, Peak:0.00M | Scene, ViewLayer | Synchronizing object | Primary 33.5mm helical spring group mark.205
Fra:1 Mem:506.63M (Peak 506.63M) | Time:00:00.74 | Mem:0.00M, Peak:0.00M | Scene, ViewLayer | Synchronizing object | Primary 33.5mm helical spring group mark.206
Fra:1 Mem:506.64M (Peak 506.64M) | Time:00:00.74 | Mem:0.00M, Peak:0.00M | Scene, ViewLayer | Synchronizing object | Primary 33.5mm helical spring group mark.207
Fra:1 Mem:506.67M (Peak 506.67M) | Time:00:00.74 | Mem:0.00M, Peak:0.00M | Scene, ViewLayer | Synchronizing object | Primary 33.5mm helical spring group mark.208
Fra:1 Mem:506.68M (Peak 506.68M) | Time:00:00.74 | Mem:0.00M, Peak:0.00M | Scene, ViewLayer | Synchronizing object | Primary 33.5mm helical spring group mark.209
Fra:1 Mem:506.66M (Peak 506.68M) | Time:00:00.74 | Mem:0.00M, Peak:0.00M | Scene, ViewLayer | Synchronizing object | Dashpot oil filling vent screw hex head.014
Fra:1 Mem:506.66M (Peak 506.68M) | Time:00:00.74 | Mem:0.00M, Peak:0.00M | Scene, ViewLayer | Synchronizing object | Dashpot safety U bolt.014
Fra:1 Mem:506.66M (Peak 506.68M) | Time:00:00.74 | Mem:0.00M, Peak:0.00M | Scene, ViewLayer | Synchronizing object | Primary isolation rubber pad.015
Fra:1 Mem:506.67M (Peak 506.68M) | Time:00:00.74 | Mem:0.00M, Peak:0.00M | Scene, ViewLayer | Synchronizing object | Primary dashpot oil cylinder.015
Fra:1 Mem:506.70M (Peak 506.70M) | Time:00:00.74 | Mem:0.00M, Peak:0.00M | Scene, ViewLayer | Synchronizing object | Telescopic axle guide piston sleeve.015
Fra:1 Mem:506.70M (Peak 506.70M) | Time:00:00.74 | Mem:0.00M, Peak:0.00M | Scene, ViewLayer | Synchronizing object | Primary upper spring seat.015
Fra:1 Mem:506.74M (Peak 506.74M) | Time:00:00.74 | Mem:0.00M, Peak:0.00M | Scene, ViewLayer | Synchronizing object | Primary 33.5mm helical spring.015
Fra:1 Mem:506.75M (Peak 506.75M) | Time:00:00.74 | Mem:0.00M, Peak:0.00M | Scene, ViewLayer | Synchronizing object | Primary 33.5mm helical spring group mark.210
Fra:1 Mem:506.78M (Peak 506.78M) | Time:00:00.74 | Mem:0.00M, Peak:0.00M | Scene, ViewLayer | Synchronizing object | Primary 33.5mm helical spring group mark.211
Fra:1 Mem:506.86M (Peak 506.86M) | Time:00:00.74 | Mem:0.00M, Peak:0.00M | Scene, ViewLayer | Synchronizing object | Primary 33.5mm helical spring group mark.212
Fra:1 Mem:506.89M (Peak 506.89M) | Time:00:00.74 | Mem:0.00M, Peak:0.00M | Scene, ViewLayer | Synchronizing object | Primary 33.5mm helical spring group mark.213
Fra:1 Mem:506.90M (Peak 506.90M) | Time:00:00.74 | Mem:0.00M, Peak:0.00M | Scene, ViewLayer | Synchronizing object | Primary 33.5mm helical spring group mark.214
Fra:1 Mem:506.90M (Peak 506.90M) | Time:00:00.74 | Mem:0.00M, Peak:0.00M | Scene, ViewLayer | Synchronizing object | Primary 33.5mm helical spring group mark.215
Fra:1 Mem:506.95M (Peak 506.95M) | Time:00:00.74 | Mem:0.00M, Peak:0.00M | Scene, ViewLayer | Synchronizing object | Primary 33.5mm helical spring group mark.216
Fra:1 Mem:506.94M (Peak 506.95M) | Time:00:00.74 | Mem:0.00M, Peak:0.00M | Scene, ViewLayer | Synchronizing object | Primary 33.5mm helical spring group mark.217
Fra:1 Mem:506.94M (Peak 506.95M) | Time:00:00.74 | Mem:0.00M, Peak:0.00M | Scene, ViewLayer | Synchronizing object | Primary 33.5mm helical spring group mark.218
Fra:1 Mem:506.95M (Peak 506.95M) | Time:00:00.74 | Mem:0.00M, Peak:0.00M | Scene, ViewLayer | Synchronizing object | Primary 33.5mm helical spring group mark.219
Fra:1 Mem:506.96M (Peak 506.96M) | Time:00:00.74 | Mem:0.00M, Peak:0.00M | Scene, ViewLayer | Synchronizing object | Primary 33.5mm helical spring group mark.220
Fra:1 Mem:506.97M (Peak 506.97M) | Time:00:00.74 | Mem:0.00M, Peak:0.00M | Scene, ViewLayer | Synchronizing object | Primary 33.5mm helical spring group mark.221
Fra:1 Mem:506.97M (Peak 506.97M) | Time:00:00.74 | Mem:0.00M, Peak:0.00M | Scene, ViewLayer | Synchronizing object | Primary 33.5mm helical spring group mark.222
Fra:1 Mem:506.99M (Peak 506.99M) | Time:00:00.74 | Mem:0.00M, Peak:0.00M | Scene, ViewLayer | Synchronizing object | Primary 33.5mm helical spring group mark.223
Fra:1 Mem:507.01M (Peak 507.01M) | Time:00:00.74 | Mem:0.00M, Peak:0.00M | Scene, ViewLayer | Synchronizing object | Dashpot oil filling vent screw hex head.015
Fra:1 Mem:507.01M (Peak 507.01M) | Time:00:00.74 | Mem:0.00M, Peak:0.00M | Scene, ViewLayer | Synchronizing object | Dashpot safety U bolt.015
Fra:1 Mem:507.01M (Peak 507.01M) | Time:00:00.74 | Mem:0.00M, Peak:0.00M | Scene, ViewLayer | Synchronizing object | Axlebox wing strengthening rib.014
Fra:1 Mem:507.02M (Peak 507.02M) | Time:00:00.74 | Mem:0.00M, Peak:0.00M | Scene, ViewLayer | Synchronizing object | Axlebox wing strengthening rib.015
Fra:1 Mem:507.02M (Peak 507.02M) | Time:00:00.74 | Mem:0.00M, Peak:0.00M | Scene, ViewLayer | Synchronizing object | Brake transverse channel beam.004
Fra:1 Mem:507.03M (Peak 507.03M) | Time:00:00.74 | Mem:0.00M, Peak:0.00M | Scene, ViewLayer | Synchronizing object | Brake beam tension truss.008
Fra:1 Mem:507.03M (Peak 507.03M) | Time:00:00.74 | Mem:0.00M, Peak:0.00M | Scene, ViewLayer | Synchronizing object | Brake beam tension truss.009
Fra:1 Mem:507.04M (Peak 507.04M) | Time:00:00.74 | Mem:0.00M, Peak:0.00M | Scene, ViewLayer | Synchronizing object | Curved K-type composition tread brake block.008
Fra:1 Mem:507.04M (Peak 507.04M) | Time:00:00.74 | Mem:0.00M, Peak:0.00M | Scene, ViewLayer | Synchronizing object | Brake head cast backplate.008
Fra:1 Mem:507.12M (Peak 507.12M) | Time:00:00.74 | Mem:0.00M, Peak:0.00M | Scene, ViewLayer | Synchronizing object | Brake head shoe retaining pin pin.008
Fra:1 Mem:507.12M (Peak 507.12M) | Time:00:00.74 | Mem:0.00M, Peak:0.00M | Scene, ViewLayer | Synchronizing object | Brake head shoe retaining pin retaining washer.016
Fra:1 Mem:507.13M (Peak 507.13M) | Time:00:00.74 | Mem:0.00M, Peak:0.00M | Scene, ViewLayer | Synchronizing object | Brake head shoe retaining pin retaining hex head.016
Fra:1 Mem:507.13M (Peak 507.13M) | Time:00:00.74 | Mem:0.00M, Peak:0.00M | Scene, ViewLayer | Synchronizing object | Brake head shoe retaining pin retaining hex head.017
Fra:1 Mem:507.14M (Peak 507.14M) | Time:00:00.74 | Mem:0.00M, Peak:0.00M | Scene, ViewLayer | Synchronizing object | Brake block suspension hanger strap.008
Fra:1 Mem:507.14M (Peak 507.14M) | Time:00:00.74 | Mem:0.00M, Peak:0.00M | Scene, ViewLayer | Synchronizing object | Brake block suspension hanger eye.016
Fra:1 Mem:507.14M (Peak 507.14M) | Time:00:00.74 | Mem:0.00M, Peak:0.00M | Scene, ViewLayer | Synchronizing object | Brake hanger upper pivot pin.008
Fra:1 Mem:507.16M (Peak 507.16M) | Time:00:00.74 | Mem:0.00M, Peak:0.00M | Scene, ViewLayer | Synchronizing object | Brake hanger upper pivot retaining washer.016
Fra:1 Mem:507.16M (Peak 507.16M) | Time:00:00.74 | Mem:0.00M, Peak:0.00M | Scene, ViewLayer | Synchronizing object | Brake hanger upper pivot retaining hex head.016
Fra:1 Mem:507.17M (Peak 507.17M) | Time:00:00.74 | Mem:0.00M, Peak:0.00M | Scene, ViewLayer | Synchronizing object | Brake hanger upper pivot retaining washer.017
Fra:1 Mem:507.17M (Peak 507.17M) | Time:00:00.74 | Mem:0.00M, Peak:0.00M | Scene, ViewLayer | Synchronizing object | Brake hanger upper pivot retaining hex head.017
Fra:1 Mem:507.17M (Peak 507.17M) | Time:00:00.74 | Mem:0.00M, Peak:0.00M | Scene, ViewLayer | Synchronizing object | Brake beam safety wire rope.008
Fra:1 Mem:507.18M (Peak 507.18M) | Time:00:00.74 | Mem:0.00M, Peak:0.00M | Scene, ViewLayer | Synchronizing object | Curved K-type composition tread brake block.009
Fra:1 Mem:507.18M (Peak 507.18M) | Time:00:00.74 | Mem:0.00M, Peak:0.00M | Scene, ViewLayer | Synchronizing object | Brake head cast backplate.009
Fra:1 Mem:507.19M (Peak 507.19M) | Time:00:00.74 | Mem:0.00M, Peak:0.00M | Scene, ViewLayer | Synchronizing object | Brake head shoe retaining pin pin.009
Fra:1 Mem:507.20M (Peak 507.20M) | Time:00:00.74 | Mem:0.00M, Peak:0.00M | Scene, ViewLayer | Synchronizing object | Brake head shoe retaining pin retaining washer.018
Fra:1 Mem:507.20M (Peak 507.20M) | Time:00:00.74 | Mem:0.00M, Peak:0.00M | Scene, ViewLayer | Synchronizing object | Brake head shoe retaining pin retaining hex head.018
Fra:1 Mem:507.21M (Peak 507.21M) | Time:00:00.74 | Mem:0.00M, Peak:0.00M | Scene, ViewLayer | Synchronizing object | Brake head shoe retaining pin retaining washer.019
Fra:1 Mem:507.21M (Peak 507.21M) | Time:00:00.74 | Mem:0.00M, Peak:0.00M | Scene, ViewLayer | Synchronizing object | Brake head shoe retaining pin retaining hex head.019
Fra:1 Mem:507.21M (Peak 507.21M) | Time:00:00.74 | Mem:0.00M, Peak:0.00M | Scene, ViewLayer | Synchronizing object | Brake block suspension hanger strap.009
Fra:1 Mem:507.22M (Peak 507.22M) | Time:00:00.74 | Mem:0.00M, Peak:0.00M | Scene, ViewLayer | Synchronizing object | Brake block suspension hanger eye.018
Fra:1 Mem:507.22M (Peak 507.22M) | Time:00:00.74 | Mem:0.00M, Peak:0.00M | Scene, ViewLayer | Synchronizing object | Brake hanger upper pivot pin.009
Fra:1 Mem:507.24M (Peak 507.24M) | Time:00:00.74 | Mem:0.00M, Peak:0.00M | Scene, ViewLayer | Synchronizing object | Brake hanger upper pivot retaining washer.018
Fra:1 Mem:507.24M (Peak 507.24M) | Time:00:00.74 | Mem:0.00M, Peak:0.00M | Scene, ViewLayer | Synchronizing object | Brake hanger upper pivot retaining washer.019
Fra:1 Mem:507.25M (Peak 507.25M) | Time:00:00.74 | Mem:0.00M, Peak:0.00M | Scene, ViewLayer | Synchronizing object | Brake hanger upper pivot retaining hex head.019
Fra:1 Mem:507.25M (Peak 507.25M) | Time:00:00.74 | Mem:0.00M, Peak:0.00M | Scene, ViewLayer | Synchronizing object | Brake beam safety wire rope.009
Fra:1 Mem:507.25M (Peak 507.25M) | Time:00:00.74 | Mem:0.00M, Peak:0.00M | Scene, ViewLayer | Synchronizing object | Brake transverse channel beam.005
Fra:1 Mem:507.26M (Peak 507.26M) | Time:00:00.74 | Mem:0.00M, Peak:0.00M | Scene, ViewLayer | Synchronizing object | Brake beam tension truss.010
Fra:1 Mem:507.26M (Peak 507.26M) | Time:00:00.74 | Mem:0.00M, Peak:0.00M | Scene, ViewLayer | Synchronizing object | Brake beam tension truss.011
Fra:1 Mem:507.27M (Peak 507.27M) | Time:00:00.74 | Mem:0.00M, Peak:0.00M | Scene, ViewLayer | Synchronizing object | Curved K-type composition tread brake block.010
Fra:1 Mem:507.28M (Peak 507.28M) | Time:00:00.74 | Mem:0.00M, Peak:0.00M | Scene, ViewLayer | Synchronizing object | Brake head cast backplate.010
Fra:1 Mem:507.28M (Peak 507.28M) | Time:00:00.74 | Mem:0.00M, Peak:0.00M | Scene, ViewLayer | Synchronizing object | Brake head shoe retaining pin pin.010
Fra:1 Mem:507.28M (Peak 507.28M) | Time:00:00.74 | Mem:0.00M, Peak:0.00M | Scene, ViewLayer | Synchronizing object | Brake head shoe retaining pin retaining washer.020
Fra:1 Mem:507.29M (Peak 507.29M) | Time:00:00.74 | Mem:0.00M, Peak:0.00M | Scene, ViewLayer | Synchronizing object | Brake head shoe retaining pin retaining hex head.020
Fra:1 Mem:507.29M (Peak 507.29M) | Time:00:00.74 | Mem:0.00M, Peak:0.00M | Scene, ViewLayer | Synchronizing object | Brake head shoe retaining pin retaining washer.021
Fra:1 Mem:507.30M (Peak 507.30M) | Time:00:00.74 | Mem:0.00M, Peak:0.00M | Scene, ViewLayer | Synchronizing object | Brake head shoe retaining pin retaining hex head.021
Fra:1 Mem:507.30M (Peak 507.30M) | Time:00:00.74 | Mem:0.00M, Peak:0.00M | Scene, ViewLayer | Synchronizing object | Brake block suspension hanger strap.010
Fra:1 Mem:507.30M (Peak 507.30M) | Time:00:00.74 | Mem:0.00M, Peak:0.00M | Scene, ViewLayer | Synchronizing object | Brake block suspension hanger eye.020
Fra:1 Mem:507.32M (Peak 507.32M) | Time:00:00.74 | Mem:0.00M, Peak:0.00M | Scene, ViewLayer | Synchronizing object | Brake block suspension hanger eye.021
Fra:1 Mem:507.32M (Peak 507.32M) | Time:00:00.74 | Mem:0.00M, Peak:0.00M | Scene, ViewLayer | Synchronizing object | Brake hanger upper pivot pin.010
Fra:1 Mem:507.32M (Peak 507.32M) | Time:00:00.74 | Mem:0.00M, Peak:0.00M | Scene, ViewLayer | Synchronizing object | Brake hanger upper pivot retaining washer.020
Fra:1 Mem:507.33M (Peak 507.33M) | Time:00:00.74 | Mem:0.00M, Peak:0.00M | Scene, ViewLayer | Synchronizing object | Brake hanger upper pivot retaining hex head.020
Fra:1 Mem:507.33M (Peak 507.33M) | Time:00:00.74 | Mem:0.00M, Peak:0.00M | Scene, ViewLayer | Synchronizing object | Brake hanger upper pivot retaining washer.021
Fra:1 Mem:507.34M (Peak 507.34M) | Time:00:00.74 | Mem:0.00M, Peak:0.00M | Scene, ViewLayer | Synchronizing object | Brake hanger upper pivot retaining hex head.021
Fra:1 Mem:507.34M (Peak 507.34M) | Time:00:00.74 | Mem:0.00M, Peak:0.00M | Scene, ViewLayer | Synchronizing object | Brake beam safety wire rope.010
Fra:1 Mem:507.34M (Peak 507.34M) | Time:00:00.74 | Mem:0.00M, Peak:0.00M | Scene, ViewLayer | Synchronizing object | Curved K-type composition tread brake block.011
Fra:1 Mem:507.35M (Peak 507.35M) | Time:00:00.74 | Mem:0.00M, Peak:0.00M | Scene, ViewLayer | Synchronizing object | Brake head cast backplate.011
Fra:1 Mem:507.36M (Peak 507.36M) | Time:00:00.74 | Mem:0.00M, Peak:0.00M | Scene, ViewLayer | Synchronizing object | Brake head shoe retaining pin pin.011
Fra:1 Mem:507.37M (Peak 507.37M) | Time:00:00.74 | Mem:0.00M, Peak:0.00M | Scene, ViewLayer | Synchronizing object | Brake head shoe retaining pin retaining hex head.022
Fra:1 Mem:507.38M (Peak 507.38M) | Time:00:00.74 | Mem:0.00M, Peak:0.00M | Scene, ViewLayer | Synchronizing object | Brake head shoe retaining pin retaining washer.023
Fra:1 Mem:507.38M (Peak 507.38M) | Time:00:00.74 | Mem:0.00M, Peak:0.00M | Scene, ViewLayer | Synchronizing object | Brake block suspension hanger strap.011
Fra:1 Mem:507.38M (Peak 507.38M) | Time:00:00.74 | Mem:0.00M, Peak:0.00M | Scene, ViewLayer | Synchronizing object | Brake block suspension hanger eye.022
Fra:1 Mem:507.39M (Peak 507.39M) | Time:00:00.74 | Mem:0.00M, Peak:0.00M | Scene, ViewLayer | Synchronizing object | Brake block suspension hanger eye.023
Fra:1 Mem:507.39M (Peak 507.39M) | Time:00:00.74 | Mem:0.00M, Peak:0.00M | Scene, ViewLayer | Synchronizing object | Brake hanger upper pivot pin.011
Fra:1 Mem:507.40M (Peak 507.40M) | Time:00:00.74 | Mem:0.00M, Peak:0.00M | Scene, ViewLayer | Synchronizing object | Brake hanger upper pivot retaining washer.022
Fra:1 Mem:507.40M (Peak 507.40M) | Time:00:00.74 | Mem:0.00M, Peak:0.00M | Scene, ViewLayer | Synchronizing object | Brake hanger upper pivot retaining hex head.022
Fra:1 Mem:507.41M (Peak 507.41M) | Time:00:00.74 | Mem:0.00M, Peak:0.00M | Scene, ViewLayer | Synchronizing object | Brake hanger upper pivot retaining washer.023
Fra:1 Mem:507.43M (Peak 507.43M) | Time:00:00.74 | Mem:0.00M, Peak:0.00M | Scene, ViewLayer | Synchronizing object | Brake hanger upper pivot retaining hex head.023
Fra:1 Mem:507.42M (Peak 507.43M) | Time:00:00.74 | Mem:0.00M, Peak:0.00M | Scene, ViewLayer | Synchronizing object | Brake beam safety wire rope.011
Fra:1 Mem:507.42M (Peak 507.43M) | Time:00:00.74 | Mem:0.00M, Peak:0.00M | Scene, ViewLayer | Synchronizing object | Brake transverse channel beam.006
Fra:1 Mem:507.42M (Peak 507.43M) | Time:00:00.74 | Mem:0.00M, Peak:0.00M | Scene, ViewLayer | Synchronizing object | Brake beam tension truss.012
Fra:1 Mem:507.43M (Peak 507.43M) | Time:00:00.74 | Mem:0.00M, Peak:0.00M | Scene, ViewLayer | Synchronizing object | Brake beam tension truss.013
Fra:1 Mem:507.44M (Peak 507.44M) | Time:00:00.74 | Mem:0.00M, Peak:0.00M | Scene, ViewLayer | Synchronizing object | Brake head cast backplate.012
Fra:1 Mem:507.44M (Peak 507.44M) | Time:00:00.74 | Mem:0.00M, Peak:0.00M | Scene, ViewLayer | Synchronizing object | Brake head shoe retaining pin pin.012
Fra:1 Mem:507.46M (Peak 507.46M) | Time:00:00.74 | Mem:0.00M, Peak:0.00M | Scene, ViewLayer | Synchronizing object | Brake head shoe retaining pin retaining washer.024
Fra:1 Mem:507.47M (Peak 507.47M) | Time:00:00.74 | Mem:0.00M, Peak:0.00M | Scene, ViewLayer | Synchronizing object | Brake head shoe retaining pin retaining hex head.024
Fra:1 Mem:507.47M (Peak 507.47M) | Time:00:00.74 | Mem:0.00M, Peak:0.00M | Scene, ViewLayer | Synchronizing object | Brake head shoe retaining pin retaining washer.025
Fra:1 Mem:507.49M (Peak 507.49M) | Time:00:00.74 | Mem:0.00M, Peak:0.00M | Scene, ViewLayer | Synchronizing object | Brake head shoe retaining pin retaining hex head.025
Fra:1 Mem:507.48M (Peak 507.49M) | Time:00:00.74 | Mem:0.00M, Peak:0.00M | Scene, ViewLayer | Synchronizing object | Brake block suspension hanger strap.012
Fra:1 Mem:507.48M (Peak 507.49M) | Time:00:00.74 | Mem:0.00M, Peak:0.00M | Scene, ViewLayer | Synchronizing object | Brake block suspension hanger eye.024
Fra:1 Mem:507.48M (Peak 507.49M) | Time:00:00.74 | Mem:0.00M, Peak:0.00M | Scene, ViewLayer | Synchronizing object | Brake block suspension hanger eye.025
Fra:1 Mem:507.48M (Peak 507.49M) | Time:00:00.74 | Mem:0.00M, Peak:0.00M | Scene, ViewLayer | Synchronizing object | Brake hanger upper pivot pin.012
Fra:1 Mem:507.50M (Peak 507.50M) | Time:00:00.74 | Mem:0.00M, Peak:0.00M | Scene, ViewLayer | Synchronizing object | Brake hanger upper pivot retaining washer.024
Fra:1 Mem:507.50M (Peak 507.50M) | Time:00:00.74 | Mem:0.00M, Peak:0.00M | Scene, ViewLayer | Synchronizing object | Brake hanger upper pivot retaining hex head.024
Fra:1 Mem:507.52M (Peak 507.52M) | Time:00:00.74 | Mem:0.00M, Peak:0.00M | Scene, ViewLayer | Synchronizing object | Brake hanger upper pivot retaining washer.025
Fra:1 Mem:507.51M (Peak 507.52M) | Time:00:00.74 | Mem:0.00M, Peak:0.00M | Scene, ViewLayer | Synchronizing object | Brake hanger upper pivot retaining hex head.025
Fra:1 Mem:507.51M (Peak 507.52M) | Time:00:00.74 | Mem:0.00M, Peak:0.00M | Scene, ViewLayer | Synchronizing object | Brake beam safety wire rope.012
Fra:1 Mem:507.51M (Peak 507.52M) | Time:00:00.74 | Mem:0.00M, Peak:0.00M | Scene, ViewLayer | Synchronizing object | Curved K-type composition tread brake block.013
Fra:1 Mem:507.52M (Peak 507.52M) | Time:00:00.74 | Mem:0.00M, Peak:0.00M | Scene, ViewLayer | Synchronizing object | Brake head cast backplate.013
Fra:1 Mem:507.53M (Peak 507.53M) | Time:00:00.74 | Mem:0.00M, Peak:0.00M | Scene, ViewLayer | Synchronizing object | Brake head shoe retaining pin pin.013
Fra:1 Mem:507.53M (Peak 507.53M) | Time:00:00.74 | Mem:0.00M, Peak:0.00M | Scene, ViewLayer | Synchronizing object | Brake head shoe retaining pin retaining washer.026
Fra:1 Mem:507.55M (Peak 507.55M) | Time:00:00.74 | Mem:0.00M, Peak:0.00M | Scene, ViewLayer | Synchronizing object | Brake head shoe retaining pin retaining hex head.026
Fra:1 Mem:507.55M (Peak 507.55M) | Time:00:00.74 | Mem:0.00M, Peak:0.00M | Scene, ViewLayer | Synchronizing object | Brake head shoe retaining pin retaining washer.027
Fra:1 Mem:507.55M (Peak 507.55M) | Time:00:00.74 | Mem:0.00M, Peak:0.00M | Scene, ViewLayer | Synchronizing object | Brake block suspension hanger strap.013
Fra:1 Mem:507.56M (Peak 507.56M) | Time:00:00.74 | Mem:0.00M, Peak:0.00M | Scene, ViewLayer | Synchronizing object | Brake block suspension hanger eye.026
Fra:1 Mem:507.56M (Peak 507.56M) | Time:00:00.74 | Mem:0.00M, Peak:0.00M | Scene, ViewLayer | Synchronizing object | Brake block suspension hanger eye.027
Fra:1 Mem:507.57M (Peak 507.57M) | Time:00:00.74 | Mem:0.00M, Peak:0.00M | Scene, ViewLayer | Synchronizing object | Brake hanger upper pivot pin.013
Fra:1 Mem:507.57M (Peak 507.57M) | Time:00:00.74 | Mem:0.00M, Peak:0.00M | Scene, ViewLayer | Synchronizing object | Brake hanger upper pivot retaining washer.026
Fra:1 Mem:507.57M (Peak 507.57M) | Time:00:00.74 | Mem:0.00M, Peak:0.00M | Scene, ViewLayer | Synchronizing object | Brake hanger upper pivot retaining hex head.026
Fra:1 Mem:507.58M (Peak 507.58M) | Time:00:00.74 | Mem:0.00M, Peak:0.00M | Scene, ViewLayer | Synchronizing object | Brake hanger upper pivot retaining washer.027
Fra:1 Mem:507.58M (Peak 507.58M) | Time:00:00.74 | Mem:0.00M, Peak:0.00M | Scene, ViewLayer | Synchronizing object | Brake hanger upper pivot retaining hex head.027
Fra:1 Mem:507.59M (Peak 507.59M) | Time:00:00.74 | Mem:0.00M, Peak:0.00M | Scene, ViewLayer | Synchronizing object | Brake beam safety wire rope.013
Fra:1 Mem:507.59M (Peak 507.59M) | Time:00:00.74 | Mem:0.00M, Peak:0.00M | Scene, ViewLayer | Synchronizing object | Brake transverse channel beam.007
Fra:1 Mem:507.59M (Peak 507.59M) | Time:00:00.74 | Mem:0.00M, Peak:0.00M | Scene, ViewLayer | Synchronizing object | Brake beam tension truss.015
Fra:1 Mem:507.61M (Peak 507.61M) | Time:00:00.74 | Mem:0.00M, Peak:0.00M | Scene, ViewLayer | Synchronizing object | Curved K-type composition tread brake block.014
Fra:1 Mem:507.61M (Peak 507.61M) | Time:00:00.74 | Mem:0.00M, Peak:0.00M | Scene, ViewLayer | Synchronizing object | Brake head cast backplate.014
Fra:1 Mem:507.62M (Peak 507.62M) | Time:00:00.74 | Mem:0.00M, Peak:0.00M | Scene, ViewLayer | Synchronizing object | Brake head shoe retaining pin pin.014
Fra:1 Mem:507.63M (Peak 507.63M) | Time:00:00.74 | Mem:0.00M, Peak:0.00M | Scene, ViewLayer | Synchronizing object | Brake head shoe retaining pin retaining washer.028
Fra:1 Mem:507.64M (Peak 507.64M) | Time:00:00.74 | Mem:0.00M, Peak:0.00M | Scene, ViewLayer | Synchronizing object | Brake head shoe retaining pin retaining hex head.028
Fra:1 Mem:507.64M (Peak 507.64M) | Time:00:00.74 | Mem:0.00M, Peak:0.00M | Scene, ViewLayer | Synchronizing object | Brake head shoe retaining pin retaining washer.029
Fra:1 Mem:507.64M (Peak 507.64M) | Time:00:00.74 | Mem:0.00M, Peak:0.00M | Scene, ViewLayer | Synchronizing object | Brake head shoe retaining pin retaining hex head.029
Fra:1 Mem:507.64M (Peak 507.64M) | Time:00:00.74 | Mem:0.00M, Peak:0.00M | Scene, ViewLayer | Synchronizing object | Brake block suspension hanger strap.014
Fra:1 Mem:507.65M (Peak 507.65M) | Time:00:00.74 | Mem:0.00M, Peak:0.00M | Scene, ViewLayer | Synchronizing object | Brake block suspension hanger eye.028
Fra:1 Mem:507.65M (Peak 507.65M) | Time:00:00.74 | Mem:0.00M, Peak:0.00M | Scene, ViewLayer | Synchronizing object | Brake hanger upper pivot pin.014
Fra:1 Mem:507.66M (Peak 507.66M) | Time:00:00.74 | Mem:0.00M, Peak:0.00M | Scene, ViewLayer | Synchronizing object | Brake hanger upper pivot retaining washer.028
Fra:1 Mem:507.66M (Peak 507.66M) | Time:00:00.74 | Mem:0.00M, Peak:0.00M | Scene, ViewLayer | Synchronizing object | Brake hanger upper pivot retaining hex head.028
Fra:1 Mem:507.67M (Peak 507.67M) | Time:00:00.74 | Mem:0.00M, Peak:0.00M | Scene, ViewLayer | Synchronizing object | Brake hanger upper pivot retaining washer.029
Fra:1 Mem:507.68M (Peak 507.68M) | Time:00:00.74 | Mem:0.00M, Peak:0.00M | Scene, ViewLayer | Synchronizing object | Brake hanger upper pivot retaining hex head.029
Fra:1 Mem:507.68M (Peak 507.68M) | Time:00:00.74 | Mem:0.00M, Peak:0.00M | Scene, ViewLayer | Synchronizing object | Brake beam safety wire rope.014
Fra:1 Mem:507.68M (Peak 507.68M) | Time:00:00.74 | Mem:0.00M, Peak:0.00M | Scene, ViewLayer | Synchronizing object | Curved K-type composition tread brake block.015
Fra:1 Mem:507.69M (Peak 507.69M) | Time:00:00.74 | Mem:0.00M, Peak:0.00M | Scene, ViewLayer | Synchronizing object | Brake head cast backplate.015
Fra:1 Mem:507.69M (Peak 507.69M) | Time:00:00.74 | Mem:0.00M, Peak:0.00M | Scene, ViewLayer | Synchronizing object | Brake head shoe retaining pin retaining washer.030
Fra:1 Mem:507.71M (Peak 507.71M) | Time:00:00.74 | Mem:0.00M, Peak:0.00M | Scene, ViewLayer | Synchronizing object | Brake head shoe retaining pin retaining hex head.030
Fra:1 Mem:507.71M (Peak 507.71M) | Time:00:00.74 | Mem:0.00M, Peak:0.00M | Scene, ViewLayer | Synchronizing object | Brake head shoe retaining pin retaining washer.031
Fra:1 Mem:507.71M (Peak 507.71M) | Time:00:00.74 | Mem:0.00M, Peak:0.00M | Scene, ViewLayer | Synchronizing object | Brake head shoe retaining pin retaining hex head.031
Fra:1 Mem:507.72M (Peak 507.72M) | Time:00:00.74 | Mem:0.00M, Peak:0.00M | Scene, ViewLayer | Synchronizing object | Brake block suspension hanger strap.015
Fra:1 Mem:507.72M (Peak 507.72M) | Time:00:00.74 | Mem:0.00M, Peak:0.00M | Scene, ViewLayer | Synchronizing object | Brake block suspension hanger eye.030
Fra:1 Mem:507.73M (Peak 507.73M) | Time:00:00.74 | Mem:0.00M, Peak:0.00M | Scene, ViewLayer | Synchronizing object | Brake block suspension hanger eye.031
Fra:1 Mem:507.73M (Peak 507.73M) | Time:00:00.74 | Mem:0.00M, Peak:0.00M | Scene, ViewLayer | Synchronizing object | Brake hanger upper pivot pin.015
Fra:1 Mem:507.74M (Peak 507.74M) | Time:00:00.74 | Mem:0.00M, Peak:0.00M | Scene, ViewLayer | Synchronizing object | Brake hanger upper pivot retaining washer.030
Fra:1 Mem:507.74M (Peak 507.74M) | Time:00:00.74 | Mem:0.00M, Peak:0.00M | Scene, ViewLayer | Synchronizing object | Brake hanger upper pivot retaining hex head.030
Fra:1 Mem:507.74M (Peak 507.74M) | Time:00:00.74 | Mem:0.00M, Peak:0.00M | Scene, ViewLayer | Synchronizing object | Brake hanger upper pivot retaining washer.031
Fra:1 Mem:507.75M (Peak 507.75M) | Time:00:00.74 | Mem:0.00M, Peak:0.00M | Scene, ViewLayer | Synchronizing object | Brake hanger upper pivot retaining hex head.031
Fra:1 Mem:507.75M (Peak 507.75M) | Time:00:00.74 | Mem:0.00M, Peak:0.00M | Scene, ViewLayer | Synchronizing object | Brake beam safety wire rope.015
Fra:1 Mem:507.76M (Peak 507.76M) | Time:00:00.74 | Mem:0.00M, Peak:0.00M | Scene, ViewLayer | Synchronizing object | Bogie mounted 8-inch air brake cylinder.002
Fra:1 Mem:507.76M (Peak 507.76M) | Time:00:00.74 | Mem:0.00M, Peak:0.00M | Scene, ViewLayer | Synchronizing object | Brake cylinder end flange.002
Fra:1 Mem:507.77M (Peak 507.77M) | Time:00:00.74 | Mem:0.00M, Peak:0.00M | Scene, ViewLayer | Synchronizing object | Brake cylinder piston guide.002
Fra:1 Mem:507.78M (Peak 507.78M) | Time:00:00.74 | Mem:0.00M, Peak:0.00M | Scene, ViewLayer | Synchronizing object | Brake cylinder piston rod.002
Fra:1 Mem:507.79M (Peak 507.79M) | Time:00:00.74 | Mem:0.00M, Peak:0.00M | Scene, ViewLayer | Synchronizing object | Brake cylinder flange hex head.012
Fra:1 Mem:507.79M (Peak 507.79M) | Time:00:00.74 | Mem:0.00M, Peak:0.00M | Scene, ViewLayer | Synchronizing object | Brake cylinder flange hex head.013
Fra:1 Mem:507.79M (Peak 507.79M) | Time:00:00.74 | Mem:0.00M, Peak:0.00M | Scene, ViewLayer | Synchronizing object | Brake cylinder flange hex head.014
Fra:1 Mem:507.80M (Peak 507.80M) | Time:00:00.74 | Mem:0.00M, Peak:0.00M | Scene, ViewLayer | Synchronizing object | Brake cylinder flange hex head.015
Fra:1 Mem:507.80M (Peak 507.80M) | Time:00:00.74 | Mem:0.00M, Peak:0.00M | Scene, ViewLayer | Synchronizing object | Brake cylinder flange hex head.016
Fra:1 Mem:507.80M (Peak 507.80M) | Time:00:00.74 | Mem:0.00M, Peak:0.00M | Scene, ViewLayer | Synchronizing object | Brake cylinder transom support.002
Fra:1 Mem:507.80M (Peak 507.80M) | Time:00:00.74 | Mem:0.00M, Peak:0.00M | Scene, ViewLayer | Synchronizing object | Brake cylinder air flex hose.002
Fra:1 Mem:507.82M (Peak 507.82M) | Time:00:00.74 | Mem:0.00M, Peak:0.00M | Scene, ViewLayer | Synchronizing object | Brake live lever strap.004
Fra:1 Mem:507.82M (Peak 507.82M) | Time:00:00.74 | Mem:0.00M, Peak:0.00M | Scene, ViewLayer | Synchronizing object | Brake live lever eye.008
Fra:1 Mem:507.83M (Peak 507.83M) | Time:00:00.74 | Mem:0.00M, Peak:0.00M | Scene, ViewLayer | Synchronizing object | Brake lever fulcrum retaining washer.008
Fra:1 Mem:507.83M (Peak 507.83M) | Time:00:00.74 | Mem:0.00M, Peak:0.00M | Scene, ViewLayer | Synchronizing object | Brake lever fulcrum retaining hex head.008
Fra:1 Mem:507.84M (Peak 507.84M) | Time:00:00.74 | Mem:0.00M, Peak:0.00M | Scene, ViewLayer | Synchronizing object | Brake lever fulcrum retaining washer.009
Fra:1 Mem:507.84M (Peak 507.84M) | Time:00:00.74 | Mem:0.00M, Peak:0.00M | Scene, ViewLayer | Synchronizing object | Curved brake pull rod.004
Fra:1 Mem:507.86M (Peak 507.86M) | Time:00:00.74 | Mem:0.00M, Peak:0.00M | Scene, ViewLayer | Synchronizing object | Brake rigging safety cradle.004
Fra:1 Mem:507.86M (Peak 507.86M) | Time:00:00.74 | Mem:0.00M, Peak:0.00M | Scene, ViewLayer | Synchronizing object | Brake live lever strap.005
Fra:1 Mem:507.86M (Peak 507.86M) | Time:00:00.74 | Mem:0.00M, Peak:0.00M | Scene, ViewLayer | Synchronizing object | Brake live lever eye.010
Fra:1 Mem:507.87M (Peak 507.87M) | Time:00:00.74 | Mem:0.00M, Peak:0.00M | Scene, ViewLayer | Synchronizing object | Brake live lever eye.011
Fra:1 Mem:507.87M (Peak 507.87M) | Time:00:00.74 | Mem:0.00M, Peak:0.00M | Scene, ViewLayer | Synchronizing object | Brake lever fulcrum pin.005
Fra:1 Mem:507.88M (Peak 507.88M) | Time:00:00.74 | Mem:0.00M, Peak:0.00M | Scene, ViewLayer | Synchronizing object | Brake lever fulcrum retaining washer.010
Fra:1 Mem:507.88M (Peak 507.89M) | Time:00:00.74 | Mem:0.00M, Peak:0.00M | Scene, ViewLayer | Synchronizing object | Brake lever fulcrum retaining hex head.010
Fra:1 Mem:507.89M (Peak 507.89M) | Time:00:00.74 | Mem:0.00M, Peak:0.00M | Scene, ViewLayer | Synchronizing object | Brake lever fulcrum retaining washer.011
Fra:1 Mem:507.89M (Peak 507.89M) | Time:00:00.74 | Mem:0.00M, Peak:0.00M | Scene, ViewLayer | Synchronizing object | Brake lever fulcrum retaining hex head.011
Fra:1 Mem:507.90M (Peak 507.90M) | Time:00:00.74 | Mem:0.00M, Peak:0.00M | Scene, ViewLayer | Synchronizing object | Curved brake pull rod.005
Fra:1 Mem:507.90M (Peak 507.90M) | Time:00:00.74 | Mem:0.00M, Peak:0.00M | Scene, ViewLayer | Synchronizing object | Brake cross balance spindle.002
Fra:1 Mem:507.91M (Peak 507.91M) | Time:00:00.74 | Mem:0.00M, Peak:0.00M | Scene, ViewLayer | Synchronizing object | Bogie mounted 8-inch air brake cylinder.003
Fra:1 Mem:507.92M (Peak 507.92M) | Time:00:00.74 | Mem:0.00M, Peak:0.00M | Scene, ViewLayer | Synchronizing object | Brake cylinder end flange.003
Fra:1 Mem:507.94M (Peak 507.94M) | Time:00:00.74 | Mem:0.00M, Peak:0.00M | Scene, ViewLayer | Synchronizing object | Brake cylinder piston guide.003
Fra:1 Mem:507.96M (Peak 507.96M) | Time:00:00.74 | Mem:0.00M, Peak:0.00M | Scene, ViewLayer | Synchronizing object | Brake cylinder flange hex head.018
Fra:1 Mem:507.95M (Peak 507.96M) | Time:00:00.74 | Mem:0.00M, Peak:0.00M | Scene, ViewLayer | Synchronizing object | Brake cylinder flange hex head.019
Fra:1 Mem:507.95M (Peak 507.96M) | Time:00:00.74 | Mem:0.00M, Peak:0.00M | Scene, ViewLayer | Synchronizing object | Brake cylinder flange hex head.020
Fra:1 Mem:507.95M (Peak 507.96M) | Time:00:00.74 | Mem:0.00M, Peak:0.00M | Scene, ViewLayer | Synchronizing object | Brake cylinder flange hex head.022
Fra:1 Mem:507.96M (Peak 507.96M) | Time:00:00.74 | Mem:0.00M, Peak:0.00M | Scene, ViewLayer | Synchronizing object | Brake cylinder flange hex head.023
Fra:1 Mem:507.96M (Peak 507.96M) | Time:00:00.74 | Mem:0.00M, Peak:0.00M | Scene, ViewLayer | Synchronizing object | Brake cylinder transom support.003
Fra:1 Mem:507.96M (Peak 507.96M) | Time:00:00.74 | Mem:0.00M, Peak:0.00M | Scene, ViewLayer | Synchronizing object | Brake cylinder air flex hose.003
Fra:1 Mem:507.97M (Peak 507.97M) | Time:00:00.74 | Mem:0.00M, Peak:0.00M | Scene, ViewLayer | Synchronizing object | Brake live lever strap.006
Fra:1 Mem:507.98M (Peak 507.98M) | Time:00:00.74 | Mem:0.00M, Peak:0.00M | Scene, ViewLayer | Synchronizing object | Brake live lever eye.012
Fra:1 Mem:507.98M (Peak 507.98M) | Time:00:00.74 | Mem:0.00M, Peak:0.00M | Scene, ViewLayer | Synchronizing object | Brake live lever eye.013
Fra:1 Mem:507.98M (Peak 507.98M) | Time:00:00.74 | Mem:0.00M, Peak:0.00M | Scene, ViewLayer | Synchronizing object | Brake lever fulcrum pin.006
Fra:1 Mem:507.99M (Peak 507.99M) | Time:00:00.74 | Mem:0.00M, Peak:0.00M | Scene, ViewLayer | Synchronizing object | Brake lever fulcrum retaining washer.012
Fra:1 Mem:508.00M (Peak 508.00M) | Time:00:00.74 | Mem:0.00M, Peak:0.00M | Scene, ViewLayer | Synchronizing object | Brake lever fulcrum retaining hex head.012
Fra:1 Mem:508.00M (Peak 508.00M) | Time:00:00.74 | Mem:0.00M, Peak:0.00M | Scene, ViewLayer | Synchronizing object | Brake lever fulcrum retaining washer.013
Fra:1 Mem:508.00M (Peak 508.00M) | Time:00:00.74 | Mem:0.00M, Peak:0.00M | Scene, ViewLayer | Synchronizing object | Brake lever fulcrum retaining hex head.013
Fra:1 Mem:508.01M (Peak 508.01M) | Time:00:00.74 | Mem:0.00M, Peak:0.00M | Scene, ViewLayer | Synchronizing object | Curved brake pull rod.006
Fra:1 Mem:508.01M (Peak 508.01M) | Time:00:00.74 | Mem:0.00M, Peak:0.00M | Scene, ViewLayer | Synchronizing object | Brake rigging safety cradle.006
Fra:1 Mem:508.02M (Peak 508.02M) | Time:00:00.74 | Mem:0.00M, Peak:0.00M | Scene, ViewLayer | Synchronizing object | Brake live lever strap.007
Fra:1 Mem:508.02M (Peak 508.02M) | Time:00:00.74 | Mem:0.00M, Peak:0.00M | Scene, ViewLayer | Synchronizing object | Brake live lever eye.014
Fra:1 Mem:508.03M (Peak 508.03M) | Time:00:00.74 | Mem:0.00M, Peak:0.00M | Scene, ViewLayer | Synchronizing object | Brake live lever eye.015
Fra:1 Mem:508.03M (Peak 508.03M) | Time:00:00.74 | Mem:0.00M, Peak:0.00M | Scene, ViewLayer | Synchronizing object | Brake lever fulcrum pin.007
Fra:1 Mem:508.04M (Peak 508.04M) | Time:00:00.74 | Mem:0.00M, Peak:0.00M | Scene, ViewLayer | Synchronizing object | Brake lever fulcrum retaining washer.014
Fra:1 Mem:508.04M (Peak 508.04M) | Time:00:00.74 | Mem:0.00M, Peak:0.00M | Scene, ViewLayer | Synchronizing object | Brake lever fulcrum retaining hex head.014
Fra:1 Mem:508.05M (Peak 508.05M) | Time:00:00.74 | Mem:0.00M, Peak:0.00M | Scene, ViewLayer | Synchronizing object | Brake lever fulcrum retaining washer.015
Fra:1 Mem:508.05M (Peak 508.05M) | Time:00:00.74 | Mem:0.00M, Peak:0.00M | Scene, ViewLayer | Synchronizing object | Brake lever fulcrum retaining hex head.015
Fra:1 Mem:508.05M (Peak 508.05M) | Time:00:00.74 | Mem:0.00M, Peak:0.00M | Scene, ViewLayer | Synchronizing object | Curved brake pull rod.007
Fra:1 Mem:508.06M (Peak 508.06M) | Time:00:00.74 | Mem:0.00M, Peak:0.00M | Scene, ViewLayer | Synchronizing object | Brake rigging safety cradle.007
Fra:1 Mem:508.06M (Peak 508.06M) | Time:00:00.74 | Mem:0.00M, Peak:0.00M | Scene, ViewLayer | Synchronizing object | 18kW split-AC self-generating alternator barrel.001
Fra:1 Mem:508.09M (Peak 508.09M) | Time:00:00.74 | Mem:0.00M, Peak:0.00M | Scene, ViewLayer | Synchronizing object | Alternator bolted end shield.002
Fra:1 Mem:508.09M (Peak 508.09M) | Time:00:00.74 | Mem:0.00M, Peak:0.00M | Scene, ViewLayer | Synchronizing object | Alternator end shield hex head.016
Fra:1 Mem:508.09M (Peak 508.09M) | Time:00:00.74 | Mem:0.00M, Peak:0.00M | Scene, ViewLayer | Synchronizing object | Alternator end shield hex head.017
Fra:1 Mem:508.10M (Peak 508.10M) | Time:00:00.74 | Mem:0.00M, Peak:0.00M | Scene, ViewLayer | Synchronizing object | Alternator end shield hex head.018
Fra:1 Mem:508.10M (Peak 508.10M) | Time:00:00.74 | Mem:0.00M, Peak:0.00M | Scene, ViewLayer | Synchronizing object | Alternator end shield hex head.020
Fra:1 Mem:508.11M (Peak 508.11M) | Time:00:00.74 | Mem:0.00M, Peak:0.00M | Scene, ViewLayer | Synchronizing object | Alternator end shield hex head.021
Fra:1 Mem:508.11M (Peak 508.11M) | Time:00:00.74 | Mem:0.00M, Peak:0.00M | Scene, ViewLayer | Synchronizing object | Alternator end shield hex head.022
Fra:1 Mem:508.11M (Peak 508.11M) | Time:00:00.74 | Mem:0.00M, Peak:0.00M | Scene, ViewLayer | Synchronizing object | Alternator end shield hex head.023
Fra:1 Mem:508.11M (Peak 508.11M) | Time:00:00.74 | Mem:0.00M, Peak:0.00M | Scene, ViewLayer | Synchronizing object | Alternator end shield hex head.024
Fra:1 Mem:508.12M (Peak 508.12M) | Time:00:00.74 | Mem:0.00M, Peak:0.00M | Scene, ViewLayer | Synchronizing object | Alternator end shield hex head.025
Fra:1 Mem:508.13M (Peak 508.13M) | Time:00:00.74 | Mem:0.00M, Peak:0.00M | Scene, ViewLayer | Synchronizing object | Alternator end shield hex head.026
Fra:1 Mem:508.13M (Peak 508.13M) | Time:00:00.74 | Mem:0.00M, Peak:0.00M | Scene, ViewLayer | Synchronizing object | Alternator end shield hex head.027
Fra:1 Mem:508.14M (Peak 508.14M) | Time:00:00.74 | Mem:0.00M, Peak:0.00M | Scene, ViewLayer | Synchronizing object | Alternator end shield hex head.029
Fra:1 Mem:508.14M (Peak 508.14M) | Time:00:00.74 | Mem:0.00M, Peak:0.00M | Scene, ViewLayer | Synchronizing object | Alternator end shield hex head.030
Fra:1 Mem:508.14M (Peak 508.14M) | Time:00:00.74 | Mem:0.00M, Peak:0.00M | Scene, ViewLayer | Synchronizing object | Alternator end shield hex head.031
Fra:1 Mem:508.15M (Peak 508.15M) | Time:00:00.74 | Mem:0.00M, Peak:0.00M | Scene, ViewLayer | Synchronizing object | Alternator longitudinal cooling fin.018
Fra:1 Mem:508.15M (Peak 508.15M) | Time:00:00.74 | Mem:0.00M, Peak:0.00M | Scene, ViewLayer | Synchronizing object | Alternator longitudinal cooling fin.020
Fra:1 Mem:508.15M (Peak 508.15M) | Time:00:00.74 | Mem:0.00M, Peak:0.00M | Scene, ViewLayer | Synchronizing object | Alternator longitudinal cooling fin.021
Fra:1 Mem:508.17M (Peak 508.17M) | Time:00:00.74 | Mem:0.00M, Peak:0.00M | Scene, ViewLayer | Synchronizing object | Alternator longitudinal cooling fin.022
Fra:1 Mem:508.15M (Peak 508.17M) | Time:00:00.74 | Mem:0.00M, Peak:0.00M | Scene, ViewLayer | Synchronizing object | Alternator longitudinal cooling fin.023
Fra:1 Mem:508.16M (Peak 508.17M) | Time:00:00.74 | Mem:0.00M, Peak:0.00M | Scene, ViewLayer | Synchronizing object | Alternator longitudinal cooling fin.024
Fra:1 Mem:508.16M (Peak 508.17M) | Time:00:00.74 | Mem:0.00M, Peak:0.00M | Scene, ViewLayer | Synchronizing object | Alternator longitudinal cooling fin.026
Fra:1 Mem:508.16M (Peak 508.17M) | Time:00:00.74 | Mem:0.00M, Peak:0.00M | Scene, ViewLayer | Synchronizing object | Alternator longitudinal cooling fin.027
Fra:1 Mem:508.16M (Peak 508.17M) | Time:00:00.74 | Mem:0.00M, Peak:0.00M | Scene, ViewLayer | Synchronizing object | Alternator longitudinal cooling fin.028
Fra:1 Mem:508.16M (Peak 508.17M) | Time:00:00.74 | Mem:0.00M, Peak:0.00M | Scene, ViewLayer | Synchronizing object | Alternator longitudinal cooling fin.029
Fra:1 Mem:508.16M (Peak 508.17M) | Time:00:00.74 | Mem:0.00M, Peak:0.00M | Scene, ViewLayer | Synchronizing object | Alternator longitudinal cooling fin.031
Fra:1 Mem:508.17M (Peak 508.17M) | Time:00:00.74 | Mem:0.00M, Peak:0.00M | Scene, ViewLayer | Synchronizing object | Alternator longitudinal cooling fin.032
Fra:1 Mem:508.17M (Peak 508.17M) | Time:00:00.74 | Mem:0.00M, Peak:0.00M | Scene, ViewLayer | Synchronizing object | Alternator longitudinal cooling fin.034
Fra:1 Mem:508.19M (Peak 508.19M) | Time:00:00.74 | Mem:0.00M, Peak:0.00M | Scene, ViewLayer | Synchronizing object | Alternator longitudinal cooling fin.035
Fra:1 Mem:508.17M (Peak 508.19M) | Time:00:00.74 | Mem:0.00M, Peak:0.00M | Scene, ViewLayer | Synchronizing object | Alternator field terminal box.001
Fra:1 Mem:508.18M (Peak 508.19M) | Time:00:00.74 | Mem:0.00M, Peak:0.00M | Scene, ViewLayer | Synchronizing object | Alternator flexible cable.001
Fra:1 Mem:508.18M (Peak 508.19M) | Time:00:00.74 | Mem:0.00M, Peak:0.00M | Scene, ViewLayer | Synchronizing object | Alternator suspension crossbar.001
Fra:1 Mem:508.19M (Peak 508.19M) | Time:00:00.74 | Mem:0.00M, Peak:0.00M | Scene, ViewLayer | Synchronizing object | Alternator suspension arm strap.002
Fra:1 Mem:508.20M (Peak 508.20M) | Time:00:00.74 | Mem:0.00M, Peak:0.00M | Scene, ViewLayer | Synchronizing object | Alternator suspension arm eye.004
Fra:1 Mem:508.20M (Peak 508.20M) | Time:00:00.74 | Mem:0.00M, Peak:0.00M | Scene, ViewLayer | Synchronizing object | Alternator suspension arm eye.005
Fra:1 Mem:508.20M (Peak 508.20M) | Time:00:00.74 | Mem:0.00M, Peak:0.00M | Scene, ViewLayer | Synchronizing object | Alternator suspension pin pin.002
Fra:1 Mem:508.21M (Peak 508.21M) | Time:00:00.74 | Mem:0.00M, Peak:0.00M | Scene, ViewLayer | Synchronizing object | Alternator suspension pin retaining washer.004
Fra:1 Mem:508.22M (Peak 508.22M) | Time:00:00.74 | Mem:0.00M, Peak:0.00M | Scene, ViewLayer | Synchronizing object | Alternator suspension pin retaining hex head.004
Fra:1 Mem:508.22M (Peak 508.22M) | Time:00:00.74 | Mem:0.00M, Peak:0.00M | Scene, ViewLayer | Synchronizing object | Alternator suspension pin retaining washer.005
Fra:1 Mem:508.24M (Peak 508.24M) | Time:00:00.74 | Mem:0.00M, Peak:0.00M | Scene, ViewLayer | Synchronizing object | Alternator suspension pin retaining hex head.005
Fra:1 Mem:508.23M (Peak 508.24M) | Time:00:00.74 | Mem:0.00M, Peak:0.00M | Scene, ViewLayer | Synchronizing object | Alternator suspension arm strap.003
Fra:1 Mem:508.23M (Peak 508.24M) | Time:00:00.74 | Mem:0.00M, Peak:0.00M | Scene, ViewLayer | Synchronizing object | Alternator suspension arm eye.006
Fra:1 Mem:508.24M (Peak 508.24M) | Time:00:00.74 | Mem:0.00M, Peak:0.00M | Scene, ViewLayer | Synchronizing object | Alternator suspension arm eye.007
Fra:1 Mem:508.24M (Peak 508.24M) | Time:00:00.74 | Mem:0.00M, Peak:0.00M | Scene, ViewLayer | Synchronizing object | Alternator suspension pin retaining washer.006
Fra:1 Mem:508.25M (Peak 508.25M) | Time:00:00.74 | Mem:0.00M, Peak:0.00M | Scene, ViewLayer | Synchronizing object | Alternator suspension pin retaining hex head.006
Fra:1 Mem:508.26M (Peak 508.26M) | Time:00:00.74 | Mem:0.00M, Peak:0.00M | Scene, ViewLayer | Synchronizing object | Alternator suspension pin retaining washer.007
Fra:1 Mem:508.26M (Peak 508.26M) | Time:00:00.74 | Mem:0.00M, Peak:0.00M | Scene, ViewLayer | Synchronizing object | Split axle V-belt drive pulley.002
Fra:1 Mem:508.27M (Peak 508.27M) | Time:00:00.74 | Mem:0.00M, Peak:0.00M | Scene, ViewLayer | Synchronizing object | Alternator V-belt driven pulley.002
Fra:1 Mem:508.27M (Peak 508.27M) | Time:00:00.74 | Mem:0.00M, Peak:0.00M | Scene, ViewLayer | Synchronizing object | Matched alternator V belt 01.002
Fra:1 Mem:508.54M (Peak 508.54M) | Time:00:00.74 | Mem:0.00M, Peak:0.00M | Scene, ViewLayer | Synchronizing object | Matched alternator V belt 02.002
Fra:1 Mem:508.64M (Peak 508.64M) | Time:00:00.74 | Mem:0.00M, Peak:0.00M | Scene, ViewLayer | Synchronizing object | Matched alternator V belt 03.002
Fra:1 Mem:508.69M (Peak 508.69M) | Time:00:00.74 | Mem:0.00M, Peak:0.00M | Scene, ViewLayer | Synchronizing object | Matched alternator V belt 04.002
Fra:1 Mem:508.71M (Peak 508.71M) | Time:00:00.74 | Mem:0.00M, Peak:0.00M | Scene, ViewLayer | Synchronizing object | Matched alternator V belt 05.002
Fra:1 Mem:508.79M (Peak 508.79M) | Time:00:00.74 | Mem:0.00M, Peak:0.00M | Scene, ViewLayer | Synchronizing object | Matched alternator V belt 06.002
Fra:1 Mem:508.82M (Peak 508.82M) | Time:00:00.74 | Mem:0.00M, Peak:0.00M | Scene, ViewLayer | Synchronizing object | Split axle pulley fixing hex head.012
Fra:1 Mem:508.83M (Peak 508.83M) | Time:00:00.74 | Mem:0.00M, Peak:0.00M | Scene, ViewLayer | Synchronizing object | Split axle pulley fixing hex head.014
Fra:1 Mem:508.83M (Peak 508.83M) | Time:00:00.74 | Mem:0.00M, Peak:0.00M | Scene, ViewLayer | Synchronizing object | Split axle pulley fixing hex head.015
Fra:1 Mem:508.83M (Peak 508.83M) | Time:00:00.74 | Mem:0.00M, Peak:0.00M | Scene, ViewLayer | Synchronizing object | Split axle pulley fixing hex head.016
Fra:1 Mem:508.84M (Peak 508.84M) | Time:00:00.74 | Mem:0.00M, Peak:0.00M | Scene, ViewLayer | Synchronizing object | Split axle pulley fixing hex head.017
Fra:1 Mem:508.84M (Peak 508.84M) | Time:00:00.74 | Mem:0.00M, Peak:0.00M | Scene, ViewLayer | Synchronizing object | Alternator V-belt driven pulley.003
Fra:1 Mem:508.87M (Peak 508.87M) | Time:00:00.74 | Mem:0.00M, Peak:0.00M | Scene, ViewLayer | Synchronizing object | Matched alternator V belt 01.003
Fra:1 Mem:509.10M (Peak 509.10M) | Time:00:00.74 | Mem:0.00M, Peak:0.00M | Scene, ViewLayer | Synchronizing object | Matched alternator V belt 02.003
Fra:1 Mem:509.21M (Peak 509.21M) | Time:00:00.74 | Mem:0.00M, Peak:0.00M | Scene, ViewLayer | Synchronizing object | Matched alternator V belt 03.003
Fra:1 Mem:509.26M (Peak 509.26M) | Time:00:00.74 | Mem:0.00M, Peak:0.00M | Scene, ViewLayer | Synchronizing object | Matched alternator V belt 04.003
Fra:1 Mem:509.37M (Peak 509.37M) | Time:00:00.74 | Mem:0.00M, Peak:0.00M | Scene, ViewLayer | Synchronizing object | Matched alternator V belt 05.003
Fra:1 Mem:509.39M (Peak 509.39M) | Time:00:00.74 | Mem:0.00M, Peak:0.00M | Scene, ViewLayer | Synchronizing object | Matched alternator V belt 06.003
Fra:1 Mem:509.37M (Peak 509.39M) | Time:00:00.74 | Mem:0.00M, Peak:0.00M | Scene, ViewLayer | Synchronizing object | Split axle pulley fixing hex head.018
Fra:1 Mem:509.39M (Peak 509.39M) | Time:00:00.74 | Mem:0.00M, Peak:0.00M | Scene, ViewLayer | Synchronizing object | Split axle pulley fixing hex head.019
Fra:1 Mem:509.40M (Peak 509.40M) | Time:00:00.74 | Mem:0.00M, Peak:0.00M | Scene, ViewLayer | Synchronizing object | Split axle pulley fixing hex head.020
Fra:1 Mem:509.40M (Peak 509.40M) | Time:00:00.74 | Mem:0.00M, Peak:0.00M | Scene, ViewLayer | Synchronizing object | Split axle pulley fixing hex head.021
Fra:1 Mem:509.41M (Peak 509.41M) | Time:00:00.74 | Mem:0.00M, Peak:0.00M | Scene, ViewLayer | Synchronizing object | Split axle pulley fixing hex head.022
Fra:1 Mem:509.42M (Peak 509.42M) | Time:00:00.74 | Mem:0.00M, Peak:0.00M | Scene, ViewLayer | Synchronizing object | Split axle pulley fixing hex head.023
Fra:1 Mem:509.41M (Peak 509.42M) | Time:00:00.74 | Mem:0.00M, Peak:0.00M | Scene, ViewLayer | Synchronizing object | Alternator spring tension screw.001
Fra:1 Mem:509.41M (Peak 509.42M) | Time:00:00.74 | Mem:0.00M, Peak:0.00M | Scene, ViewLayer | Synchronizing object | Alternator tension rod clevis.001
Fra:1 Mem:509.42M (Peak 509.42M) | Time:00:00.74 | Mem:0.00M, Peak:0.00M | Scene, ViewLayer | Synchronizing object | Alternator tension bracket vertical support.001
Fra:1 Mem:509.42M (Peak 509.42M) | Time:00:00.74 | Mem:0.00M, Peak:0.00M | Scene, ViewLayer | Synchronizing object | Alternator safety chain link.020
Fra:1 Mem:509.44M (Peak 509.44M) | Time:00:00.74 | Mem:0.00M, Peak:0.00M | Scene, ViewLayer | Synchronizing object | Alternator safety chain link.021
Fra:1 Mem:509.44M (Peak 509.44M) | Time:00:00.74 | Mem:0.00M, Peak:0.00M | Scene, ViewLayer | Synchronizing object | Alternator safety chain link.022
Fra:1 Mem:509.46M (Peak 509.46M) | Time:00:00.74 | Mem:0.00M, Peak:0.00M | Scene, ViewLayer | Synchronizing object | Alternator safety chain link.023
Fra:1 Mem:509.47M (Peak 509.47M) | Time:00:00.74 | Mem:0.00M, Peak:0.00M | Scene, ViewLayer | Synchronizing object | Alternator safety chain link.024
Fra:1 Mem:509.48M (Peak 509.48M) | Time:00:00.74 | Mem:0.00M, Peak:0.00M | Scene, ViewLayer | Synchronizing object | Alternator safety chain link.025
Fra:1 Mem:509.49M (Peak 509.49M) | Time:00:00.74 | Mem:0.00M, Peak:0.00M | Scene, ViewLayer | Synchronizing object | Alternator safety chain link.026
Fra:1 Mem:509.51M (Peak 509.51M) | Time:00:00.74 | Mem:0.00M, Peak:0.00M | Scene, ViewLayer | Synchronizing object | Alternator safety chain link.027
Fra:1 Mem:509.51M (Peak 509.51M) | Time:00:00.74 | Mem:0.00M, Peak:0.00M | Scene, ViewLayer | Synchronizing object | Alternator safety chain link.028
Fra:1 Mem:509.53M (Peak 509.53M) | Time:00:00.74 | Mem:0.00M, Peak:0.00M | Scene, ViewLayer | Synchronizing object | Alternator safety chain link.029
Fra:1 Mem:509.55M (Peak 509.55M) | Time:00:00.74 | Mem:0.00M, Peak:0.00M | Scene, ViewLayer | Synchronizing object | Alternator safety chain link.030
Fra:1 Mem:509.57M (Peak 509.57M) | Time:00:00.74 | Mem:0.00M, Peak:0.00M | Scene, ViewLayer | Synchronizing object | Alternator safety chain link.031
Fra:1 Mem:509.57M (Peak 509.57M) | Time:00:00.74 | Mem:0.00M, Peak:0.00M | Scene, ViewLayer | Synchronizing object | Alternator safety chain link.033
Fra:1 Mem:509.61M (Peak 509.61M) | Time:00:00.74 | Mem:0.00M, Peak:0.00M | Scene, ViewLayer | Synchronizing object | Alternator safety chain link.034
Fra:1 Mem:509.61M (Peak 509.61M) | Time:00:00.74 | Mem:0.00M, Peak:0.00M | Scene, ViewLayer | Synchronizing object | Alternator safety chain link.036
Fra:1 Mem:509.64M (Peak 509.64M) | Time:00:00.74 | Mem:0.00M, Peak:0.00M | Scene, ViewLayer | Synchronizing object | Alternator safety chain link.037
Fra:1 Mem:509.65M (Peak 509.65M) | Time:00:00.74 | Mem:0.00M, Peak:0.00M | Scene, ViewLayer | Synchronizing object | Alternator safety chain link.038
Fra:1 Mem:509.65M (Peak 509.65M) | Time:00:00.74 | Mem:0.00M, Peak:0.00M | Scene, ViewLayer | Synchronizing object | Alternator safety chain link.039
Fra:1 Mem:509.68M (Peak 509.68M) | Time:00:00.74 | Mem:0.00M, Peak:0.00M | Scene, ViewLayer | Synchronizing object | Battery box enclosure
Fra:1 Mem:509.69M (Peak 509.69M) | Time:00:00.74 | Mem:0.00M, Peak:0.00M | Scene, ViewLayer | Synchronizing object | Battery box service panel
Fra:1 Mem:509.69M (Peak 509.69M) | Time:00:00.74 | Mem:0.00M, Peak:0.00M | Scene, ViewLayer | Synchronizing object | Battery box exposed hinge
Fra:1 Mem:509.70M (Peak 509.70M) | Time:00:00.74 | Mem:0.00M, Peak:0.00M | Scene, ViewLayer | Synchronizing object | Battery box exposed hinge.001
Fra:1 Mem:509.71M (Peak 509.71M) | Time:00:00.74 | Mem:0.00M, Peak:0.00M | Scene, ViewLayer | Synchronizing object | Battery box lifting handle
Fra:1 Mem:509.71M (Peak 509.71M) | Time:00:00.74 | Mem:0.00M, Peak:0.00M | Scene, ViewLayer | Synchronizing object | Battery box turn latch
Fra:1 Mem:509.73M (Peak 509.73M) | Time:00:00.74 | Mem:0.00M, Peak:0.00M | Scene, ViewLayer | Synchronizing object | Battery box ventilation louver
Fra:1 Mem:509.73M (Peak 509.73M) | Time:00:00.74 | Mem:0.00M, Peak:0.00M | Scene, ViewLayer | Synchronizing object | Battery box ventilation louver.001
Fra:1 Mem:509.73M (Peak 509.73M) | Time:00:00.74 | Mem:0.00M, Peak:0.00M | Scene, ViewLayer | Synchronizing object | Battery box ventilation louver.002
Fra:1 Mem:509.75M (Peak 509.75M) | Time:00:00.74 | Mem:0.00M, Peak:0.00M | Scene, ViewLayer | Synchronizing object | Battery box ventilation louver.003
Fra:1 Mem:509.75M (Peak 509.75M) | Time:00:00.74 | Mem:0.00M, Peak:0.00M | Scene, ViewLayer | Synchronizing object | Battery box panel captive bolt hex head
Fra:1 Mem:509.76M (Peak 509.76M) | Time:00:00.74 | Mem:0.00M, Peak:0.00M | Scene, ViewLayer | Synchronizing object | Battery box panel captive bolt hex head.001
Fra:1 Mem:509.77M (Peak 509.77M) | Time:00:00.74 | Mem:0.00M, Peak:0.00M | Scene, ViewLayer | Synchronizing object | Battery box service panel.001
Fra:1 Mem:509.77M (Peak 509.77M) | Time:00:00.74 | Mem:0.00M, Peak:0.00M | Scene, ViewLayer | Synchronizing object | Battery box exposed hinge.003
Fra:1 Mem:509.79M (Peak 509.79M) | Time:00:00.74 | Mem:0.00M, Peak:0.00M | Scene, ViewLayer | Synchronizing object | Battery box lifting handle.001
Fra:1 Mem:509.80M (Peak 509.80M) | Time:00:00.74 | Mem:0.00M, Peak:0.00M | Scene, ViewLayer | Synchronizing object | Battery box turn latch.001
Fra:1 Mem:509.80M (Peak 509.80M) | Time:00:00.74 | Mem:0.00M, Peak:0.00M | Scene, ViewLayer | Synchronizing object | Battery box ventilation louver.004
Fra:1 Mem:509.81M (Peak 509.81M) | Time:00:00.74 | Mem:0.00M, Peak:0.00M | Scene, ViewLayer | Synchronizing object | Battery box ventilation louver.005
Fra:1 Mem:509.82M (Peak 509.82M) | Time:00:00.74 | Mem:0.00M, Peak:0.00M | Scene, ViewLayer | Synchronizing object | Battery box ventilation louver.006
Fra:1 Mem:509.82M (Peak 509.82M) | Time:00:00.74 | Mem:0.00M, Peak:0.00M | Scene, ViewLayer | Synchronizing object | Battery box ventilation louver.007
Fra:1 Mem:509.83M (Peak 509.83M) | Time:00:00.74 | Mem:0.00M, Peak:0.00M | Scene, ViewLayer | Synchronizing object | Battery box panel captive bolt hex head.002
Fra:1 Mem:509.84M (Peak 509.84M) | Time:00:00.74 | Mem:0.00M, Peak:0.00M | Scene, ViewLayer | Synchronizing object | Battery box panel captive bolt hex head.003
Fra:1 Mem:509.85M (Peak 509.85M) | Time:00:00.74 | Mem:0.00M, Peak:0.00M | Scene, ViewLayer | Synchronizing object | Battery box service panel.002
Fra:1 Mem:509.85M (Peak 509.85M) | Time:00:00.74 | Mem:0.00M, Peak:0.00M | Scene, ViewLayer | Synchronizing object | Battery box exposed hinge.004
Fra:1 Mem:509.85M (Peak 509.85M) | Time:00:00.74 | Mem:0.00M, Peak:0.00M | Scene, ViewLayer | Synchronizing object | Battery box exposed hinge.005
Fra:1 Mem:509.87M (Peak 509.87M) | Time:00:00.74 | Mem:0.00M, Peak:0.00M | Scene, ViewLayer | Synchronizing object | Battery box lifting handle.002
Fra:1 Mem:509.87M (Peak 509.87M) | Time:00:00.74 | Mem:0.00M, Peak:0.00M | Scene, ViewLayer | Synchronizing object | Battery box turn latch.002
Fra:1 Mem:509.88M (Peak 509.88M) | Time:00:00.74 | Mem:0.00M, Peak:0.00M | Scene, ViewLayer | Synchronizing object | Battery box ventilation louver.008
Fra:1 Mem:509.89M (Peak 509.89M) | Time:00:00.74 | Mem:0.00M, Peak:0.00M | Scene, ViewLayer | Synchronizing object | Battery box ventilation louver.009
Fra:1 Mem:509.89M (Peak 509.89M) | Time:00:00.74 | Mem:0.00M, Peak:0.00M | Scene, ViewLayer | Synchronizing object | Battery box ventilation louver.010
Fra:1 Mem:509.91M (Peak 509.91M) | Time:00:00.74 | Mem:0.00M, Peak:0.00M | Scene, ViewLayer | Synchronizing object | Battery box ventilation louver.011
Fra:1 Mem:509.91M (Peak 509.91M) | Time:00:00.74 | Mem:0.00M, Peak:0.00M | Scene, ViewLayer | Synchronizing object | Battery box panel captive bolt hex head.004
Fra:1 Mem:509.92M (Peak 509.92M) | Time:00:00.74 | Mem:0.00M, Peak:0.00M | Scene, ViewLayer | Synchronizing object | Battery box panel captive bolt hex head.005
Fra:1 Mem:509.92M (Peak 509.92M) | Time:00:00.74 | Mem:0.00M, Peak:0.00M | Scene, ViewLayer | Synchronizing object | Battery box exposed hinge.006
Fra:1 Mem:509.92M (Peak 509.92M) | Time:00:00.74 | Mem:0.00M, Peak:0.00M | Scene, ViewLayer | Synchronizing object | Battery box exposed hinge.007
Fra:1 Mem:509.93M (Peak 509.93M) | Time:00:00.74 | Mem:0.00M, Peak:0.00M | Scene, ViewLayer | Synchronizing object | Battery box lifting handle.003
Fra:1 Mem:509.95M (Peak 509.95M) | Time:00:00.74 | Mem:0.00M, Peak:0.00M | Scene, ViewLayer | Synchronizing object | Battery box turn latch.003
Fra:1 Mem:509.95M (Peak 509.95M) | Time:00:00.74 | Mem:0.00M, Peak:0.00M | Scene, ViewLayer | Synchronizing object | Battery box ventilation louver.013
Fra:1 Mem:509.98M (Peak 509.98M) | Time:00:00.74 | Mem:0.00M, Peak:0.00M | Scene, ViewLayer | Synchronizing object | Battery box ventilation louver.014
Fra:1 Mem:509.99M (Peak 509.99M) | Time:00:00.74 | Mem:0.00M, Peak:0.00M | Scene, ViewLayer | Synchronizing object | Battery box ventilation louver.015
Fra:1 Mem:509.99M (Peak 509.99M) | Time:00:00.74 | Mem:0.00M, Peak:0.00M | Scene, ViewLayer | Synchronizing object | Battery box panel captive bolt hex head.006
Fra:1 Mem:509.99M (Peak 509.99M) | Time:00:00.74 | Mem:0.00M, Peak:0.00M | Scene, ViewLayer | Synchronizing object | Battery box panel captive bolt hex head.007
Fra:1 Mem:510.00M (Peak 510.00M) | Time:00:00.74 | Mem:0.00M, Peak:0.00M | Scene, ViewLayer | Synchronizing object | Battery box hanger channel
Fra:1 Mem:510.00M (Peak 510.00M) | Time:00:00.74 | Mem:0.00M, Peak:0.00M | Scene, ViewLayer | Synchronizing object | Battery box lower cradle
Fra:1 Mem:510.01M (Peak 510.01M) | Time:00:00.74 | Mem:0.00M, Peak:0.00M | Scene, ViewLayer | Synchronizing object | Battery box hanger channel.001
Fra:1 Mem:510.02M (Peak 510.02M) | Time:00:00.74 | Mem:0.00M, Peak:0.00M | Scene, ViewLayer | Synchronizing object | Battery box lower cradle.001
Fra:1 Mem:510.04M (Peak 510.04M) | Time:00:00.74 | Mem:0.00M, Peak:0.00M | Scene, ViewLayer | Synchronizing object | Battery box data plate
Fra:1 Mem:510.04M (Peak 510.04M) | Time:00:00.74 | Mem:0.00M, Peak:0.00M | Scene, ViewLayer | Synchronizing object | Battery box service panel.004
Fra:1 Mem:510.05M (Peak 510.05M) | Time:00:00.74 | Mem:0.00M, Peak:0.00M | Scene, ViewLayer | Synchronizing object | Battery box exposed hinge.008
Fra:1 Mem:510.06M (Peak 510.06M) | Time:00:00.74 | Mem:0.00M, Peak:0.00M | Scene, ViewLayer | Synchronizing object | Battery box exposed hinge.009
Fra:1 Mem:510.07M (Peak 510.07M) | Time:00:00.74 | Mem:0.00M, Peak:0.00M | Scene, ViewLayer | Synchronizing object | Battery box lifting handle.004
Fra:1 Mem:510.08M (Peak 510.08M) | Time:00:00.74 | Mem:0.00M, Peak:0.00M | Scene, ViewLayer | Synchronizing object | Battery box turn latch.004
Fra:1 Mem:510.08M (Peak 510.08M) | Time:00:00.74 | Mem:0.00M, Peak:0.00M | Scene, ViewLayer | Synchronizing object | Battery box ventilation louver.016
Fra:1 Mem:510.09M (Peak 510.09M) | Time:00:00.74 | Mem:0.00M, Peak:0.00M | Scene, ViewLayer | Synchronizing object | Battery box ventilation louver.017
Fra:1 Mem:510.10M (Peak 510.10M) | Time:00:00.74 | Mem:0.00M, Peak:0.00M | Scene, ViewLayer | Synchronizing object | Battery box ventilation louver.018
Fra:1 Mem:510.11M (Peak 510.11M) | Time:00:00.74 | Mem:0.00M, Peak:0.00M | Scene, ViewLayer | Synchronizing object | Battery box ventilation louver.019
Fra:1 Mem:510.11M (Peak 510.11M) | Time:00:00.74 | Mem:0.00M, Peak:0.00M | Scene, ViewLayer | Synchronizing object | Battery box panel captive bolt hex head.008
Fra:1 Mem:510.12M (Peak 510.12M) | Time:00:00.74 | Mem:0.00M, Peak:0.00M | Scene, ViewLayer | Synchronizing object | Battery box panel captive bolt hex head.009
Fra:1 Mem:510.12M (Peak 510.12M) | Time:00:00.74 | Mem:0.00M, Peak:0.00M | Scene, ViewLayer | Synchronizing object | Battery box service panel.005
Fra:1 Mem:510.14M (Peak 510.14M) | Time:00:00.74 | Mem:0.00M, Peak:0.00M | Scene, ViewLayer | Synchronizing object | Battery box exposed hinge.010
Fra:1 Mem:510.15M (Peak 510.15M) | Time:00:00.74 | Mem:0.00M, Peak:0.00M | Scene, ViewLayer | Synchronizing object | Battery box exposed hinge.011
Fra:1 Mem:510.15M (Peak 510.15M) | Time:00:00.74 | Mem:0.00M, Peak:0.00M | Scene, ViewLayer | Synchronizing object | Battery box turn latch.005
Fra:1 Mem:510.17M (Peak 510.17M) | Time:00:00.74 | Mem:0.00M, Peak:0.00M | Scene, ViewLayer | Synchronizing object | Battery box ventilation louver.020
Fra:1 Mem:510.17M (Peak 510.17M) | Time:00:00.74 | Mem:0.00M, Peak:0.00M | Scene, ViewLayer | Synchronizing object | Battery box ventilation louver.021
Fra:1 Mem:510.18M (Peak 510.18M) | Time:00:00.74 | Mem:0.00M, Peak:0.00M | Scene, ViewLayer | Synchronizing object | Battery box ventilation louver.022
Fra:1 Mem:510.20M (Peak 510.20M) | Time:00:00.74 | Mem:0.00M, Peak:0.00M | Scene, ViewLayer | Synchronizing object | Battery box ventilation louver.023
Fra:1 Mem:510.20M (Peak 510.20M) | Time:00:00.74 | Mem:0.00M, Peak:0.00M | Scene, ViewLayer | Synchronizing object | Battery box panel captive bolt hex head.010
Fra:1 Mem:510.21M (Peak 510.21M) | Time:00:00.74 | Mem:0.00M, Peak:0.00M | Scene, ViewLayer | Synchronizing object | Battery box panel captive bolt hex head.011
Fra:1 Mem:510.21M (Peak 510.21M) | Time:00:00.74 | Mem:0.00M, Peak:0.00M | Scene, ViewLayer | Synchronizing object | Battery box service panel.006
Fra:1 Mem:510.21M (Peak 510.21M) | Time:00:00.74 | Mem:0.00M, Peak:0.00M | Scene, ViewLayer | Synchronizing object | Battery box exposed hinge.012
Fra:1 Mem:510.22M (Peak 510.22M) | Time:00:00.74 | Mem:0.00M, Peak:0.00M | Scene, ViewLayer | Synchronizing object | Battery box exposed hinge.013
Fra:1 Mem:510.23M (Peak 510.23M) | Time:00:00.74 | Mem:0.00M, Peak:0.00M | Scene, ViewLayer | Synchronizing object | Battery box lifting handle.006
Fra:1 Mem:510.24M (Peak 510.24M) | Time:00:00.74 | Mem:0.00M, Peak:0.00M | Scene, ViewLayer | Synchronizing object | Battery box turn latch.006
Fra:1 Mem:510.25M (Peak 510.25M) | Time:00:00.74 | Mem:0.00M, Peak:0.00M | Scene, ViewLayer | Synchronizing object | Battery box ventilation louver.024
Fra:1 Mem:510.25M (Peak 510.25M) | Time:00:00.74 | Mem:0.00M, Peak:0.00M | Scene, ViewLayer | Synchronizing object | Battery box ventilation louver.025
Fra:1 Mem:510.27M (Peak 510.27M) | Time:00:00.74 | Mem:0.00M, Peak:0.00M | Scene, ViewLayer | Synchronizing object | Battery box ventilation louver.026
Fra:1 Mem:510.27M (Peak 510.27M) | Time:00:00.74 | Mem:0.00M, Peak:0.00M | Scene, ViewLayer | Synchronizing object | Battery box ventilation louver.027
Fra:1 Mem:510.27M (Peak 510.27M) | Time:00:00.74 | Mem:0.00M, Peak:0.00M | Scene, ViewLayer | Synchronizing object | Battery box panel captive bolt hex head.012
Fra:1 Mem:510.29M (Peak 510.29M) | Time:00:00.74 | Mem:0.00M, Peak:0.00M | Scene, ViewLayer | Synchronizing object | Battery box panel captive bolt hex head.013
Fra:1 Mem:510.29M (Peak 510.29M) | Time:00:00.74 | Mem:0.00M, Peak:0.00M | Scene, ViewLayer | Synchronizing object | Battery box exposed hinge.014
Fra:1 Mem:510.30M (Peak 510.30M) | Time:00:00.74 | Mem:0.00M, Peak:0.00M | Scene, ViewLayer | Synchronizing object | Battery box exposed hinge.015
Fra:1 Mem:510.31M (Peak 510.31M) | Time:00:00.74 | Mem:0.00M, Peak:0.00M | Scene, ViewLayer | Synchronizing object | Battery box lifting handle.007
Fra:1 Mem:510.31M (Peak 510.31M) | Time:00:00.74 | Mem:0.00M, Peak:0.00M | Scene, ViewLayer | Synchronizing object | Battery box turn latch.007
Fra:1 Mem:510.33M (Peak 510.33M) | Time:00:00.74 | Mem:0.00M, Peak:0.00M | Scene, ViewLayer | Synchronizing object | Battery box ventilation louver.028
Fra:1 Mem:510.33M (Peak 510.33M) | Time:00:00.74 | Mem:0.00M, Peak:0.00M | Scene, ViewLayer | Synchronizing object | Battery box ventilation louver.029
Fra:1 Mem:510.34M (Peak 510.34M) | Time:00:00.74 | Mem:0.00M, Peak:0.00M | Scene, ViewLayer | Synchronizing object | Battery box ventilation louver.030
Fra:1 Mem:510.35M (Peak 510.35M) | Time:00:00.74 | Mem:0.00M, Peak:0.00M | Scene, ViewLayer | Synchronizing object | Battery box ventilation louver.031
Fra:1 Mem:510.36M (Peak 510.36M) | Time:00:00.74 | Mem:0.00M, Peak:0.00M | Scene, ViewLayer | Synchronizing object | Battery box panel captive bolt hex head.014
Fra:1 Mem:510.36M (Peak 510.36M) | Time:00:00.74 | Mem:0.00M, Peak:0.00M | Scene, ViewLayer | Synchronizing object | Battery box panel captive bolt hex head.015
Fra:1 Mem:510.36M (Peak 510.36M) | Time:00:00.74 | Mem:0.00M, Peak:0.00M | Scene, ViewLayer | Synchronizing object | Battery box hanger channel.002
Fra:1 Mem:510.37M (Peak 510.37M) | Time:00:00.74 | Mem:0.00M, Peak:0.00M | Scene, ViewLayer | Synchronizing object | Battery box lower cradle.002
Fra:1 Mem:510.37M (Peak 510.37M) | Time:00:00.74 | Mem:0.00M, Peak:0.00M | Scene, ViewLayer | Synchronizing object | Battery box hanger channel.003
Fra:1 Mem:510.39M (Peak 510.39M) | Time:00:00.74 | Mem:0.00M, Peak:0.00M | Scene, ViewLayer | Synchronizing object | Battery box lower cradle.003
Fra:1 Mem:510.40M (Peak 510.40M) | Time:00:00.74 | Mem:0.00M, Peak:0.00M | Scene, ViewLayer | Synchronizing object | Battery box data plate.001
Fra:1 Mem:510.40M (Peak 510.40M) | Time:00:00.74 | Mem:0.00M, Peak:0.00M | Scene, ViewLayer | Synchronizing object | Rectifier regulator unit enclosure
Fra:1 Mem:510.41M (Peak 510.41M) | Time:00:00.74 | Mem:0.00M, Peak:0.00M | Scene, ViewLayer | Synchronizing object | Rectifier regulator unit service panel
Fra:1 Mem:510.42M (Peak 510.42M) | Time:00:00.74 | Mem:0.00M, Peak:0.00M | Scene, ViewLayer | Synchronizing object | Rectifier regulator unit exposed hinge
Fra:1 Mem:510.43M (Peak 510.43M) | Time:00:00.74 | Mem:0.00M, Peak:0.00M | Scene, ViewLayer | Synchronizing object | Rectifier regulator unit exposed hinge.001
Fra:1 Mem:510.44M (Peak 510.44M) | Time:00:00.74 | Mem:0.00M, Peak:0.00M | Scene, ViewLayer | Synchronizing object | Rectifier regulator unit lifting handle
Fra:1 Mem:510.45M (Peak 510.45M) | Time:00:00.74 | Mem:0.00M, Peak:0.00M | Scene, ViewLayer | Synchronizing object | Rectifier regulator unit turn latch
Fra:1 Mem:510.46M (Peak 510.46M) | Time:00:00.74 | Mem:0.00M, Peak:0.00M | Scene, ViewLayer | Synchronizing object | Rectifier regulator unit ventilation louver
Fra:1 Mem:510.46M (Peak 510.46M) | Time:00:00.74 | Mem:0.00M, Peak:0.00M | Scene, ViewLayer | Synchronizing object | Rectifier regulator unit ventilation louver.001
Fra:1 Mem:510.46M (Peak 510.46M) | Time:00:00.74 | Mem:0.00M, Peak:0.00M | Scene, ViewLayer | Synchronizing object | Rectifier regulator unit ventilation louver.002
Fra:1 Mem:510.48M (Peak 510.48M) | Time:00:00.74 | Mem:0.00M, Peak:0.00M | Scene, ViewLayer | Synchronizing object | Rectifier regulator unit ventilation louver.003
Fra:1 Mem:510.48M (Peak 510.48M) | Time:00:00.74 | Mem:0.00M, Peak:0.00M | Scene, ViewLayer | Synchronizing object | Rectifier regulator unit panel captive bolt hex head
Fra:1 Mem:510.49M (Peak 510.49M) | Time:00:00.74 | Mem:0.00M, Peak:0.00M | Scene, ViewLayer | Synchronizing object | Rectifier regulator unit panel captive bolt hex head.001
Fra:1 Mem:510.50M (Peak 510.50M) | Time:00:00.74 | Mem:0.00M, Peak:0.00M | Scene, ViewLayer | Synchronizing object | Rectifier regulator unit service panel.001
Fra:1 Mem:510.50M (Peak 510.50M) | Time:00:00.74 | Mem:0.00M, Peak:0.00M | Scene, ViewLayer | Synchronizing object | Rectifier regulator unit exposed hinge.002
Fra:1 Mem:510.50M (Peak 510.50M) | Time:00:00.74 | Mem:0.00M, Peak:0.00M | Scene, ViewLayer | Synchronizing object | Rectifier regulator unit exposed hinge.003
Fra:1 Mem:510.52M (Peak 510.52M) | Time:00:00.74 | Mem:0.00M, Peak:0.00M | Scene, ViewLayer | Synchronizing object | Rectifier regulator unit lifting handle.001
Fra:1 Mem:510.53M (Peak 510.53M) | Time:00:00.74 | Mem:0.00M, Peak:0.00M | Scene, ViewLayer | Synchronizing object | Rectifier regulator unit turn latch.001
Fra:1 Mem:510.53M (Peak 510.53M) | Time:00:00.74 | Mem:0.00M, Peak:0.00M | Scene, ViewLayer | Synchronizing object | Rectifier regulator unit ventilation louver.005
Fra:1 Mem:510.54M (Peak 510.54M) | Time:00:00.74 | Mem:0.00M, Peak:0.00M | Scene, ViewLayer | Synchronizing object | Rectifier regulator unit ventilation louver.006
Fra:1 Mem:510.56M (Peak 510.56M) | Time:00:00.74 | Mem:0.00M, Peak:0.00M | Scene, ViewLayer | Synchronizing object | Rectifier regulator unit ventilation louver.007
Fra:1 Mem:510.56M (Peak 510.56M) | Time:00:00.74 | Mem:0.00M, Peak:0.00M | Scene, ViewLayer | Synchronizing object | Rectifier regulator unit panel captive bolt hex head.002
Fra:1 Mem:510.57M (Peak 510.57M) | Time:00:00.74 | Mem:0.00M, Peak:0.00M | Scene, ViewLayer | Synchronizing object | Rectifier regulator unit panel captive bolt hex head.003
Fra:1 Mem:510.57M (Peak 510.57M) | Time:00:00.74 | Mem:0.00M, Peak:0.00M | Scene, ViewLayer | Synchronizing object | Rectifier regulator unit hanger channel
Fra:1 Mem:510.57M (Peak 510.57M) | Time:00:00.74 | Mem:0.00M, Peak:0.00M | Scene, ViewLayer | Synchronizing object | Rectifier regulator unit lower cradle
Fra:1 Mem:510.59M (Peak 510.59M) | Time:00:00.74 | Mem:0.00M, Peak:0.00M | Scene, ViewLayer | Synchronizing object | Rectifier regulator unit hanger channel.001
Fra:1 Mem:510.60M (Peak 510.60M) | Time:00:00.74 | Mem:0.00M, Peak:0.00M | Scene, ViewLayer | Synchronizing object | Rectifier regulator unit lower cradle.001
Fra:1 Mem:510.60M (Peak 510.60M) | Time:00:00.74 | Mem:0.00M, Peak:0.00M | Scene, ViewLayer | Synchronizing object | Rectifier regulator unit data plate
Fra:1 Mem:510.62M (Peak 510.62M) | Time:00:00.74 | Mem:0.00M, Peak:0.00M | Scene, ViewLayer | Synchronizing object | Train lighting junction box enclosure
Fra:1 Mem:510.62M (Peak 510.62M) | Time:00:00.74 | Mem:0.00M, Peak:0.00M | Scene, ViewLayer | Synchronizing object | Train lighting junction box service panel
Fra:1 Mem:510.63M (Peak 510.63M) | Time:00:00.74 | Mem:0.00M, Peak:0.00M | Scene, ViewLayer | Synchronizing object | Train lighting junction box exposed hinge
Fra:1 Mem:510.64M (Peak 510.64M) | Time:00:00.74 | Mem:0.00M, Peak:0.00M | Scene, ViewLayer | Synchronizing object | Train lighting junction box exposed hinge.001
Fra:1 Mem:510.65M (Peak 510.65M) | Time:00:00.74 | Mem:0.00M, Peak:0.00M | Scene, ViewLayer | Synchronizing object | Train lighting junction box lifting handle
Fra:1 Mem:510.66M (Peak 510.66M) | Time:00:00.74 | Mem:0.00M, Peak:0.00M | Scene, ViewLayer | Synchronizing object | Train lighting junction box turn latch
Fra:1 Mem:510.66M (Peak 510.66M) | Time:00:00.74 | Mem:0.00M, Peak:0.00M | Scene, ViewLayer | Synchronizing object | Train lighting junction box panel captive bolt hex head
Fra:1 Mem:510.67M (Peak 510.67M) | Time:00:00.74 | Mem:0.00M, Peak:0.00M | Scene, ViewLayer | Synchronizing object | Train lighting junction box panel captive bolt hex head.001
Fra:1 Mem:510.67M (Peak 510.67M) | Time:00:00.74 | Mem:0.00M, Peak:0.00M | Scene, ViewLayer | Synchronizing object | Train lighting junction box hanger channel
Fra:1 Mem:510.68M (Peak 510.68M) | Time:00:00.74 | Mem:0.00M, Peak:0.00M | Scene, ViewLayer | Synchronizing object | Train lighting junction box lower cradle
Fra:1 Mem:510.69M (Peak 510.69M) | Time:00:00.74 | Mem:0.00M, Peak:0.00M | Scene, ViewLayer | Synchronizing object | Train lighting junction box hanger channel.001
Fra:1 Mem:510.69M (Peak 510.69M) | Time:00:00.74 | Mem:0.00M, Peak:0.00M | Scene, ViewLayer | Synchronizing object | Train lighting junction box lower cradle.001
Fra:1 Mem:510.71M (Peak 510.71M) | Time:00:00.74 | Mem:0.00M, Peak:0.00M | Scene, ViewLayer | Synchronizing object | Train lighting junction box data plate
Fra:1 Mem:510.71M (Peak 510.71M) | Time:00:00.74 | Mem:0.00M, Peak:0.00M | Scene, ViewLayer | Synchronizing object | Auxiliary air reservoir
Fra:1 Mem:510.71M (Peak 510.71M) | Time:00:00.74 | Mem:0.00M, Peak:0.00M | Scene, ViewLayer | Synchronizing object | Auxiliary air reservoir retaining strap
Fra:1 Mem:510.76M (Peak 510.76M) | Time:00:00.74 | Mem:0.00M, Peak:0.00M | Scene, ViewLayer | Synchronizing object | Auxiliary air reservoir hanging bracket
Fra:1 Mem:510.79M (Peak 510.79M) | Time:00:00.74 | Mem:0.00M, Peak:0.00M | Scene, ViewLayer | Synchronizing object | Auxiliary air reservoir hanging bracket.001
Fra:1 Mem:510.81M (Peak 510.81M) | Time:00:00.74 | Mem:0.00M, Peak:0.00M | Scene, ViewLayer | Synchronizing object | Auxiliary air reservoir retaining strap.001
Fra:1 Mem:510.81M (Peak 510.81M) | Time:00:00.74 | Mem:0.00M, Peak:0.00M | Scene, ViewLayer | Synchronizing object | Auxiliary air reservoir hanging bracket.002
Fra:1 Mem:510.82M (Peak 510.82M) | Time:00:00.74 | Mem:0.00M, Peak:0.00M | Scene, ViewLayer | Synchronizing object | Auxiliary air reservoir hanging bracket.003
Fra:1 Mem:510.86M (Peak 510.86M) | Time:00:00.74 | Mem:0.00M, Peak:0.00M | Scene, ViewLayer | Synchronizing object | Auxiliary air reservoir drain cock
Fra:1 Mem:510.86M (Peak 510.86M) | Time:00:00.74 | Mem:0.00M, Peak:0.00M | Scene, ViewLayer | Synchronizing object | Auxiliary air reservoir drain handle
Fra:1 Mem:510.87M (Peak 510.87M) | Time:00:00.74 | Mem:0.00M, Peak:0.00M | Scene, ViewLayer | Synchronizing object | Control reservoir
Fra:1 Mem:510.88M (Peak 510.88M) | Time:00:00.74 | Mem:0.00M, Peak:0.00M | Scene, ViewLayer | Synchronizing object | Control reservoir retaining strap
Fra:1 Mem:510.89M (Peak 510.89M) | Time:00:00.74 | Mem:0.00M, Peak:0.00M | Scene, ViewLayer | Synchronizing object | Control reservoir hanging bracket
Fra:1 Mem:510.96M (Peak 510.96M) | Time:00:00.74 | Mem:0.00M, Peak:0.00M | Scene, ViewLayer | Synchronizing object | Control reservoir hanging bracket.001
Fra:1 Mem:510.96M (Peak 510.96M) | Time:00:00.74 | Mem:0.00M, Peak:0.00M | Scene, ViewLayer | Synchronizing object | Control reservoir retaining strap.001
Fra:1 Mem:510.99M (Peak 510.99M) | Time:00:00.74 | Mem:0.00M, Peak:0.00M | Scene, ViewLayer | Synchronizing object | Control reservoir hanging bracket.002
Fra:1 Mem:511.00M (Peak 511.00M) | Time:00:00.74 | Mem:0.00M, Peak:0.00M | Scene, ViewLayer | Synchronizing object | Control reservoir hanging bracket.003
Fra:1 Mem:511.02M (Peak 511.02M) | Time:00:00.74 | Mem:0.00M, Peak:0.00M | Scene, ViewLayer | Synchronizing object | Control reservoir drain cock
Fra:1 Mem:511.03M (Peak 511.03M) | Time:00:00.74 | Mem:0.00M, Peak:0.00M | Scene, ViewLayer | Synchronizing object | Control reservoir drain handle
Fra:1 Mem:511.04M (Peak 511.04M) | Time:00:00.74 | Mem:0.00M, Peak:0.00M | Scene, ViewLayer | Synchronizing object | Distributor valve mounting bracket
Fra:1 Mem:511.04M (Peak 511.04M) | Time:00:00.74 | Mem:0.00M, Peak:0.00M | Scene, ViewLayer | Synchronizing object | Distributor valve cast body
Fra:1 Mem:511.04M (Peak 511.04M) | Time:00:00.74 | Mem:0.00M, Peak:0.00M | Scene, ViewLayer | Synchronizing object | Distributor valve diaphragm cover
Fra:1 Mem:511.07M (Peak 511.07M) | Time:00:00.74 | Mem:0.00M, Peak:0.00M | Scene, ViewLayer | Synchronizing object | Distributor cover bolt hex head
Fra:1 Mem:511.07M (Peak 511.07M) | Time:00:00.74 | Mem:0.00M, Peak:0.00M | Scene, ViewLayer | Synchronizing object | Distributor cover bolt hex head.001
Fra:1 Mem:511.08M (Peak 511.08M) | Time:00:00.74 | Mem:0.00M, Peak:0.00M | Scene, ViewLayer | Synchronizing object | Distributor cover bolt hex head.002
Fra:1 Mem:511.07M (Peak 511.08M) | Time:00:00.74 | Mem:0.00M, Peak:0.00M | Scene, ViewLayer | Synchronizing object | Distributor cover bolt hex head.003
Fra:1 Mem:511.07M (Peak 511.08M) | Time:00:00.74 | Mem:0.00M, Peak:0.00M | Scene, ViewLayer | Synchronizing object | Distributor cover bolt hex head.005
Fra:1 Mem:511.08M (Peak 511.08M) | Time:00:00.74 | Mem:0.00M, Peak:0.00M | Scene, ViewLayer | Synchronizing object | Brake manual release rod
Fra:1 Mem:511.08M (Peak 511.08M) | Time:00:00.74 | Mem:0.00M, Peak:0.00M | Scene, ViewLayer | Synchronizing object | Manual brake release pull ring
Fra:1 Mem:511.08M (Peak 511.08M) | Time:00:00.74 | Mem:0.00M, Peak:0.00M | Scene, ViewLayer | Synchronizing object | Continuous brake pipe
Fra:1 Mem:511.11M (Peak 511.11M) | Time:00:00.74 | Mem:0.00M, Peak:0.00M | Scene, ViewLayer | Synchronizing object | Train pipe saddle clip
Fra:1 Mem:511.11M (Peak 511.11M) | Time:00:00.74 | Mem:0.00M, Peak:0.00M | Scene, ViewLayer | Synchronizing object | Train pipe threaded union
Fra:1 Mem:511.12M (Peak 511.12M) | Time:00:00.74 | Mem:0.00M, Peak:0.00M | Scene, ViewLayer | Synchronizing object | Train pipe saddle clip.001
Fra:1 Mem:511.12M (Peak 511.12M) | Time:00:00.74 | Mem:0.00M, Peak:0.00M | Scene, ViewLayer | Synchronizing object | Train pipe saddle clip.002
Fra:1 Mem:511.14M (Peak 511.14M) | Time:00:00.74 | Mem:0.00M, Peak:0.00M | Scene, ViewLayer | Synchronizing object | Train pipe threaded union.002
Fra:1 Mem:511.14M (Peak 511.14M) | Time:00:00.74 | Mem:0.00M, Peak:0.00M | Scene, ViewLayer | Synchronizing object | Train pipe saddle clip.003
Fra:1 Mem:511.15M (Peak 511.15M) | Time:00:00.74 | Mem:0.00M, Peak:0.00M | Scene, ViewLayer | Synchronizing object | Train pipe saddle clip.004
Fra:1 Mem:511.16M (Peak 511.16M) | Time:00:00.74 | Mem:0.00M, Peak:0.00M | Scene, ViewLayer | Synchronizing object | Train pipe threaded union.004
Fra:1 Mem:511.17M (Peak 511.17M) | Time:00:00.74 | Mem:0.00M, Peak:0.00M | Scene, ViewLayer | Synchronizing object | Train pipe saddle clip.005
Fra:1 Mem:511.17M (Peak 511.17M) | Time:00:00.74 | Mem:0.00M, Peak:0.00M | Scene, ViewLayer | Synchronizing object | Train pipe threaded union.005
Fra:1 Mem:511.18M (Peak 511.18M) | Time:00:00.74 | Mem:0.00M, Peak:0.00M | Scene, ViewLayer | Synchronizing object | Train pipe saddle clip.006
Fra:1 Mem:511.19M (Peak 511.19M) | Time:00:00.74 | Mem:0.00M, Peak:0.00M | Scene, ViewLayer | Synchronizing object | Train pipe threaded union.006
Fra:1 Mem:511.19M (Peak 511.19M) | Time:00:00.74 | Mem:0.00M, Peak:0.00M | Scene, ViewLayer | Synchronizing object | Continuous feed pipe
Fra:1 Mem:511.20M (Peak 511.20M) | Time:00:00.74 | Mem:0.00M, Peak:0.00M | Scene, ViewLayer | Synchronizing object | Train pipe threaded union.007
Fra:1 Mem:511.20M (Peak 511.20M) | Time:00:00.74 | Mem:0.00M, Peak:0.00M | Scene, ViewLayer | Synchronizing object | Train pipe saddle clip.008
Fra:1 Mem:511.22M (Peak 511.22M) | Time:00:00.74 | Mem:0.00M, Peak:0.00M | Scene, ViewLayer | Synchronizing object | Train pipe threaded union.008
Fra:1 Mem:511.22M (Peak 511.22M) | Time:00:00.74 | Mem:0.00M, Peak:0.00M | Scene, ViewLayer | Synchronizing object | Train pipe saddle clip.009
Fra:1 Mem:511.22M (Peak 511.22M) | Time:00:00.74 | Mem:0.00M, Peak:0.00M | Scene, ViewLayer | Synchronizing object | Train pipe saddle clip.010
Fra:1 Mem:511.24M (Peak 511.24M) | Time:00:00.74 | Mem:0.00M, Peak:0.00M | Scene, ViewLayer | Synchronizing object | Train pipe threaded union.010
Fra:1 Mem:511.24M (Peak 511.24M) | Time:00:00.74 | Mem:0.00M, Peak:0.00M | Scene, ViewLayer | Synchronizing object | Train pipe saddle clip.011
Fra:1 Mem:511.25M (Peak 511.25M) | Time:00:00.74 | Mem:0.00M, Peak:0.00M | Scene, ViewLayer | Synchronizing object | Train pipe saddle clip.012
Fra:1 Mem:511.25M (Peak 511.25M) | Time:00:00.74 | Mem:0.00M, Peak:0.00M | Scene, ViewLayer | Synchronizing object | Train pipe threaded union.012
Fra:1 Mem:511.26M (Peak 511.26M) | Time:00:00.74 | Mem:0.00M, Peak:0.00M | Scene, ViewLayer | Synchronizing object | Train pipe saddle clip.013
Fra:1 Mem:511.27M (Peak 511.27M) | Time:00:00.74 | Mem:0.00M, Peak:0.00M | Scene, ViewLayer | Synchronizing object | Train pipe threaded union.013
Fra:1 Mem:511.27M (Peak 511.27M) | Time:00:00.74 | Mem:0.00M, Peak:0.00M | Scene, ViewLayer | Synchronizing object | Body to bogie flexible brake feed
Fra:1 Mem:511.28M (Peak 511.28M) | Time:00:00.74 | Mem:0.00M, Peak:0.00M | Scene, ViewLayer | Synchronizing object | Body to bogie flexible brake feed.001
Fra:1 Mem:511.28M (Peak 511.28M) | Time:00:00.74 | Mem:0.00M, Peak:0.00M | Scene, ViewLayer | Synchronizing object | Underframe pneumatic equipment pipe
Fra:1 Mem:511.28M (Peak 511.28M) | Time:00:00.74 | Mem:0.00M, Peak:0.00M | Scene, ViewLayer | Synchronizing object | Underframe pneumatic equipment pipe.001
Fra:1 Mem:511.29M (Peak 511.29M) | Time:00:00.74 | Mem:0.00M, Peak:0.00M | Scene, ViewLayer | Synchronizing object | Underframe pneumatic equipment pipe.002
Fra:1 Mem:511.30M (Peak 511.30M) | Time:00:00.74 | Mem:0.00M, Peak:0.00M | Scene, ViewLayer | Synchronizing object | Main insulated lighting cable conduit
Fra:1 Mem:511.30M (Peak 511.30M) | Time:00:00.74 | Mem:0.00M, Peak:0.00M | Scene, ViewLayer | Synchronizing object | Battery terminal cable
Fra:1 Mem:511.31M (Peak 511.31M) | Time:00:00.74 | Mem:0.00M, Peak:0.00M | Scene, ViewLayer | Synchronizing object | Battery terminal cable.001
Fra:1 Mem:511.31M (Peak 511.31M) | Time:00:00.74 | Mem:0.00M, Peak:0.00M | Scene, ViewLayer | Synchronizing object | Battery terminal cable.002
Fra:1 Mem:511.31M (Peak 511.31M) | Time:00:00.74 | Mem:0.00M, Peak:0.00M | Scene, ViewLayer | Synchronizing object | Under-slung AC condenser enclosure
Fra:1 Mem:511.32M (Peak 511.32M) | Time:00:00.74 | Mem:0.00M, Peak:0.00M | Scene, ViewLayer | Synchronizing object | Under-slung AC condenser service panel
Fra:1 Mem:511.33M (Peak 511.33M) | Time:00:00.74 | Mem:0.00M, Peak:0.00M | Scene, ViewLayer | Synchronizing object | Under-slung AC condenser exposed hinge
Fra:1 Mem:511.34M (Peak 511.34M) | Time:00:00.74 | Mem:0.00M, Peak:0.00M | Scene, ViewLayer | Synchronizing object | Under-slung AC condenser exposed hinge.001
Fra:1 Mem:511.35M (Peak 511.35M) | Time:00:00.74 | Mem:0.00M, Peak:0.00M | Scene, ViewLayer | Synchronizing object | Under-slung AC condenser lifting handle
Fra:1 Mem:511.35M (Peak 511.35M) | Time:00:00.74 | Mem:0.00M, Peak:0.00M | Scene, ViewLayer | Synchronizing object | Under-slung AC condenser ventilation louver
Fra:1 Mem:511.38M (Peak 511.38M) | Time:00:00.74 | Mem:0.00M, Peak:0.00M | Scene, ViewLayer | Synchronizing object | Under-slung AC condenser ventilation louver.001
Fra:1 Mem:511.38M (Peak 511.38M) | Time:00:00.74 | Mem:0.00M, Peak:0.00M | Scene, ViewLayer | Synchronizing object | Under-slung AC condenser ventilation louver.002
Fra:1 Mem:511.38M (Peak 511.38M) | Time:00:00.74 | Mem:0.00M, Peak:0.00M | Scene, ViewLayer | Synchronizing object | Under-slung AC condenser ventilation louver.003
Fra:1 Mem:511.40M (Peak 511.40M) | Time:00:00.74 | Mem:0.00M, Peak:0.00M | Scene, ViewLayer | Synchronizing object | Under-slung AC condenser panel captive bolt hex head
Fra:1 Mem:511.40M (Peak 511.40M) | Time:00:00.74 | Mem:0.00M, Peak:0.00M | Scene, ViewLayer | Synchronizing object | Under-slung AC condenser panel captive bolt hex head.001
Fra:1 Mem:511.40M (Peak 511.40M) | Time:00:00.74 | Mem:0.00M, Peak:0.00M | Scene, ViewLayer | Synchronizing object | Under-slung AC condenser service panel.001
Fra:1 Mem:511.41M (Peak 511.41M) | Time:00:00.74 | Mem:0.00M, Peak:0.00M | Scene, ViewLayer | Synchronizing object | Under-slung AC condenser exposed hinge.002
Fra:1 Mem:511.42M (Peak 511.42M) | Time:00:00.74 | Mem:0.00M, Peak:0.00M | Scene, ViewLayer | Synchronizing object | Under-slung AC condenser exposed hinge.003
Fra:1 Mem:511.42M (Peak 511.42M) | Time:00:00.74 | Mem:0.00M, Peak:0.00M | Scene, ViewLayer | Synchronizing object | Under-slung AC condenser lifting handle.001
Fra:1 Mem:511.44M (Peak 511.44M) | Time:00:00.74 | Mem:0.00M, Peak:0.00M | Scene, ViewLayer | Synchronizing object | Under-slung AC condenser turn latch.001
Fra:1 Mem:511.44M (Peak 511.44M) | Time:00:00.74 | Mem:0.00M, Peak:0.00M | Scene, ViewLayer | Synchronizing object | Under-slung AC condenser ventilation louver.004
Fra:1 Mem:511.45M (Peak 511.45M) | Time:00:00.74 | Mem:0.00M, Peak:0.00M | Scene, ViewLayer | Synchronizing object | Under-slung AC condenser ventilation louver.005
Fra:1 Mem:511.46M (Peak 511.46M) | Time:00:00.74 | Mem:0.00M, Peak:0.00M | Scene, ViewLayer | Synchronizing object | Under-slung AC condenser ventilation louver.006
Fra:1 Mem:511.46M (Peak 511.46M) | Time:00:00.74 | Mem:0.00M, Peak:0.00M | Scene, ViewLayer | Synchronizing object | Under-slung AC condenser ventilation louver.007
Fra:1 Mem:511.47M (Peak 511.47M) | Time:00:00.74 | Mem:0.00M, Peak:0.00M | Scene, ViewLayer | Synchronizing object | Under-slung AC condenser panel captive bolt hex head.002
Fra:1 Mem:511.48M (Peak 511.48M) | Time:00:00.74 | Mem:0.00M, Peak:0.00M | Scene, ViewLayer | Synchronizing object | Under-slung AC condenser panel captive bolt hex head.003
Fra:1 Mem:511.48M (Peak 511.48M) | Time:00:00.74 | Mem:0.00M, Peak:0.00M | Scene, ViewLayer | Synchronizing object | Under-slung AC condenser hanger channel
Fra:1 Mem:511.49M (Peak 511.49M) | Time:00:00.74 | Mem:0.00M, Peak:0.00M | Scene, ViewLayer | Synchronizing object | Under-slung AC condenser lower cradle
Fra:1 Mem:511.49M (Peak 511.49M) | Time:00:00.74 | Mem:0.00M, Peak:0.00M | Scene, ViewLayer | Synchronizing object | Under-slung AC condenser hanger channel.001
Fra:1 Mem:511.51M (Peak 511.51M) | Time:00:00.74 | Mem:0.00M, Peak:0.00M | Scene, ViewLayer | Synchronizing object | Under-slung AC condenser lower cradle.001
Fra:1 Mem:511.51M (Peak 511.51M) | Time:00:00.74 | Mem:0.00M, Peak:0.00M | Scene, ViewLayer | Synchronizing object | Under-slung AC condenser data plate
Fra:1 Mem:511.52M (Peak 511.52M) | Time:00:00.74 | Mem:0.00M, Peak:0.00M | Scene, ViewLayer | Synchronizing object | Condenser underside fan shroud
Fra:1 Mem:511.53M (Peak 511.53M) | Time:00:00.74 | Mem:0.00M, Peak:0.00M | Scene, ViewLayer | Synchronizing object | Condenser circular fan guard
Fra:1 Mem:511.56M (Peak 511.56M) | Time:00:00.74 | Mem:0.00M, Peak:0.00M | Scene, ViewLayer | Synchronizing object | Condenser circular fan guard.001
Fra:1 Mem:511.58M (Peak 511.58M) | Time:00:00.74 | Mem:0.00M, Peak:0.00M | Scene, ViewLayer | Synchronizing object | Condenser circular fan guard.002
Fra:1 Mem:511.64M (Peak 511.64M) | Time:00:00.74 | Mem:0.00M, Peak:0.00M | Scene, ViewLayer | Synchronizing object | Condenser grille radial wire
Fra:1 Mem:511.66M (Peak 511.66M) | Time:00:00.74 | Mem:0.00M, Peak:0.00M | Scene, ViewLayer | Synchronizing object | Condenser grille radial wire.001
Fra:1 Mem:511.66M (Peak 511.66M) | Time:00:00.74 | Mem:0.00M, Peak:0.00M | Scene, ViewLayer | Synchronizing object | Condenser grille radial wire.002
Fra:1 Mem:511.66M (Peak 511.66M) | Time:00:00.74 | Mem:0.00M, Peak:0.00M | Scene, ViewLayer | Synchronizing object | Condenser grille radial wire.003
Fra:1 Mem:511.66M (Peak 511.66M) | Time:00:00.74 | Mem:0.00M, Peak:0.00M | Scene, ViewLayer | Synchronizing object | Condenser grille radial wire.004
Fra:1 Mem:511.66M (Peak 511.66M) | Time:00:00.74 | Mem:0.00M, Peak:0.00M | Scene, ViewLayer | Synchronizing object | Condenser grille radial wire.005
Fra:1 Mem:511.67M (Peak 511.67M) | Time:00:00.74 | Mem:0.00M, Peak:0.00M | Scene, ViewLayer | Synchronizing object | Condenser grille radial wire.006
Fra:1 Mem:511.67M (Peak 511.67M) | Time:00:00.74 | Mem:0.00M, Peak:0.00M | Scene, ViewLayer | Synchronizing object | Condenser fan hub
Fra:1 Mem:511.68M (Peak 511.68M) | Time:00:00.74 | Mem:0.00M, Peak:0.00M | Scene, ViewLayer | Synchronizing object | Condenser underside fan shroud.001
Fra:1 Mem:511.68M (Peak 511.68M) | Time:00:00.74 | Mem:0.00M, Peak:0.00M | Scene, ViewLayer | Synchronizing object | Condenser circular fan guard.003
Fra:1 Mem:511.68M (Peak 511.68M) | Time:00:00.74 | Mem:0.00M, Peak:0.00M | Scene, ViewLayer | Synchronizing object | Condenser circular fan guard.004
Fra:1 Mem:511.74M (Peak 511.74M) | Time:00:00.74 | Mem:0.00M, Peak:0.00M | Scene, ViewLayer | Synchronizing object | Condenser circular fan guard.005
Fra:1 Mem:511.81M (Peak 511.81M) | Time:00:00.74 | Mem:0.00M, Peak:0.00M | Scene, ViewLayer | Synchronizing object | Condenser grille radial wire.008
Fra:1 Mem:511.81M (Peak 511.81M) | Time:00:00.74 | Mem:0.00M, Peak:0.00M | Scene, ViewLayer | Synchronizing object | Condenser grille radial wire.009
Fra:1 Mem:511.81M (Peak 511.81M) | Time:00:00.74 | Mem:0.00M, Peak:0.00M | Scene, ViewLayer | Synchronizing object | Condenser grille radial wire.010
Fra:1 Mem:511.81M (Peak 511.81M) | Time:00:00.74 | Mem:0.00M, Peak:0.00M | Scene, ViewLayer | Synchronizing object | Condenser grille radial wire.011
Fra:1 Mem:511.81M (Peak 511.81M) | Time:00:00.74 | Mem:0.00M, Peak:0.00M | Scene, ViewLayer | Synchronizing object | Condenser grille radial wire.013
Fra:1 Mem:511.82M (Peak 511.82M) | Time:00:00.74 | Mem:0.00M, Peak:0.00M | Scene, ViewLayer | Synchronizing object | Condenser grille radial wire.014
Fra:1 Mem:511.82M (Peak 511.82M) | Time:00:00.74 | Mem:0.00M, Peak:0.00M | Scene, ViewLayer | Synchronizing object | Condenser grille radial wire.015
Fra:1 Mem:511.82M (Peak 511.82M) | Time:00:00.74 | Mem:0.00M, Peak:0.00M | Scene, ViewLayer | Synchronizing object | Condenser fan hub.001
Fra:1 Mem:511.82M (Peak 511.82M) | Time:00:00.74 | Mem:0.00M, Peak:0.00M | Scene, ViewLayer | Synchronizing object | Under-slung AC condenser enclosure.001
Fra:1 Mem:511.82M (Peak 511.82M) | Time:00:00.74 | Mem:0.00M, Peak:0.00M | Scene, ViewLayer | Synchronizing object | Under-slung AC condenser service panel.002
Fra:1 Mem:511.84M (Peak 511.84M) | Time:00:00.74 | Mem:0.00M, Peak:0.00M | Scene, ViewLayer | Synchronizing object | Under-slung AC condenser exposed hinge.004
Fra:1 Mem:511.85M (Peak 511.85M) | Time:00:00.74 | Mem:0.00M, Peak:0.00M | Scene, ViewLayer | Synchronizing object | Under-slung AC condenser exposed hinge.005
Fra:1 Mem:511.85M (Peak 511.85M) | Time:00:00.74 | Mem:0.00M, Peak:0.00M | Scene, ViewLayer | Synchronizing object | Under-slung AC condenser lifting handle.002
Fra:1 Mem:511.86M (Peak 511.86M) | Time:00:00.74 | Mem:0.00M, Peak:0.00M | Scene, ViewLayer | Synchronizing object | Under-slung AC condenser turn latch.002
Fra:1 Mem:511.87M (Peak 511.87M) | Time:00:00.74 | Mem:0.00M, Peak:0.00M | Scene, ViewLayer | Synchronizing object | Under-slung AC condenser ventilation louver.008
Fra:1 Mem:511.88M (Peak 511.88M) | Time:00:00.74 | Mem:0.00M, Peak:0.00M | Scene, ViewLayer | Synchronizing object | Under-slung AC condenser ventilation louver.009
Fra:1 Mem:511.88M (Peak 511.88M) | Time:00:00.74 | Mem:0.00M, Peak:0.00M | Scene, ViewLayer | Synchronizing object | Under-slung AC condenser ventilation louver.010
Fra:1 Mem:511.90M (Peak 511.90M) | Time:00:00.74 | Mem:0.00M, Peak:0.00M | Scene, ViewLayer | Synchronizing object | Under-slung AC condenser ventilation louver.011
Fra:1 Mem:511.90M (Peak 511.90M) | Time:00:00.74 | Mem:0.00M, Peak:0.00M | Scene, ViewLayer | Synchronizing object | Under-slung AC condenser panel captive bolt hex head.004
Fra:1 Mem:511.91M (Peak 511.91M) | Time:00:00.74 | Mem:0.00M, Peak:0.00M | Scene, ViewLayer | Synchronizing object | Under-slung AC condenser panel captive bolt hex head.005
Fra:1 Mem:511.91M (Peak 511.91M) | Time:00:00.74 | Mem:0.00M, Peak:0.00M | Scene, ViewLayer | Synchronizing object | Under-slung AC condenser service panel.003
Fra:1 Mem:511.91M (Peak 511.91M) | Time:00:00.74 | Mem:0.00M, Peak:0.00M | Scene, ViewLayer | Synchronizing object | Under-slung AC condenser exposed hinge.006
Fra:1 Mem:511.93M (Peak 511.93M) | Time:00:00.74 | Mem:0.00M, Peak:0.00M | Scene, ViewLayer | Synchronizing object | Under-slung AC condenser lifting handle.003
Fra:1 Mem:511.94M (Peak 511.94M) | Time:00:00.74 | Mem:0.00M, Peak:0.00M | Scene, ViewLayer | Synchronizing object | Under-slung AC condenser turn latch.003
Fra:1 Mem:511.95M (Peak 511.95M) | Time:00:00.74 | Mem:0.00M, Peak:0.00M | Scene, ViewLayer | Synchronizing object | Under-slung AC condenser ventilation louver.012
Fra:1 Mem:511.95M (Peak 511.95M) | Time:00:00.74 | Mem:0.00M, Peak:0.00M | Scene, ViewLayer | Synchronizing object | Under-slung AC condenser ventilation louver.013
Fra:1 Mem:511.96M (Peak 511.96M) | Time:00:00.74 | Mem:0.00M, Peak:0.00M | Scene, ViewLayer | Synchronizing object | Under-slung AC condenser ventilation louver.014
Fra:1 Mem:511.98M (Peak 511.98M) | Time:00:00.74 | Mem:0.00M, Peak:0.00M | Scene, ViewLayer | Synchronizing object | Under-slung AC condenser ventilation louver.015
Fra:1 Mem:511.98M (Peak 511.98M) | Time:00:00.74 | Mem:0.00M, Peak:0.00M | Scene, ViewLayer | Synchronizing object | Under-slung AC condenser panel captive bolt hex head.006
Fra:1 Mem:511.99M (Peak 511.99M) | Time:00:00.74 | Mem:0.00M, Peak:0.00M | Scene, ViewLayer | Synchronizing object | Under-slung AC condenser hanger channel.002
Fra:1 Mem:512.00M (Peak 512.00M) | Time:00:00.74 | Mem:0.00M, Peak:0.00M | Scene, ViewLayer | Synchronizing object | Under-slung AC condenser lower cradle.002
Fra:1 Mem:512.00M (Peak 512.00M) | Time:00:00.74 | Mem:0.00M, Peak:0.00M | Scene, ViewLayer | Synchronizing object | Under-slung AC condenser lower cradle.003
Fra:1 Mem:512.03M (Peak 512.03M) | Time:00:00.74 | Mem:0.00M, Peak:0.00M | Scene, ViewLayer | Synchronizing object | Under-slung AC condenser data plate.001
Fra:1 Mem:512.03M (Peak 512.03M) | Time:00:00.74 | Mem:0.00M, Peak:0.00M | Scene, ViewLayer | Synchronizing object | Condenser underside fan shroud.002
Fra:1 Mem:512.03M (Peak 512.03M) | Time:00:00.74 | Mem:0.00M, Peak:0.00M | Scene, ViewLayer | Synchronizing object | Condenser circular fan guard.006
Fra:1 Mem:512.07M (Peak 512.07M) | Time:00:00.74 | Mem:0.00M, Peak:0.00M | Scene, ViewLayer | Synchronizing object | Condenser circular fan guard.007
Fra:1 Mem:512.08M (Peak 512.08M) | Time:00:00.74 | Mem:0.00M, Peak:0.00M | Scene, ViewLayer | Synchronizing object | Condenser circular fan guard.008
Fra:1 Mem:512.16M (Peak 512.16M) | Time:00:00.74 | Mem:0.00M, Peak:0.00M | Scene, ViewLayer | Synchronizing object | Condenser grille radial wire.016
Fra:1 Mem:512.17M (Peak 512.17M) | Time:00:00.74 | Mem:0.00M, Peak:0.00M | Scene, ViewLayer | Synchronizing object | Condenser grille radial wire.017
Fra:1 Mem:512.17M (Peak 512.17M) | Time:00:00.74 | Mem:0.00M, Peak:0.00M | Scene, ViewLayer | Synchronizing object | Condenser grille radial wire.018
Fra:1 Mem:512.17M (Peak 512.17M) | Time:00:00.74 | Mem:0.00M, Peak:0.00M | Scene, ViewLayer | Synchronizing object | Condenser grille radial wire.019
Fra:1 Mem:512.17M (Peak 512.17M) | Time:00:00.74 | Mem:0.00M, Peak:0.00M | Scene, ViewLayer | Synchronizing object | Condenser grille radial wire.020
Fra:1 Mem:512.17M (Peak 512.17M) | Time:00:00.74 | Mem:0.00M, Peak:0.00M | Scene, ViewLayer | Synchronizing object | Condenser grille radial wire.021
Fra:1 Mem:512.17M (Peak 512.17M) | Time:00:00.74 | Mem:0.00M, Peak:0.00M | Scene, ViewLayer | Synchronizing object | Condenser grille radial wire.023
Fra:1 Mem:512.17M (Peak 512.17M) | Time:00:00.74 | Mem:0.00M, Peak:0.00M | Scene, ViewLayer | Synchronizing object | Condenser fan hub.002
Fra:1 Mem:512.19M (Peak 512.19M) | Time:00:00.74 | Mem:0.00M, Peak:0.00M | Scene, ViewLayer | Synchronizing object | Condenser circular fan guard.009
Fra:1 Mem:512.20M (Peak 512.20M) | Time:00:00.74 | Mem:0.00M, Peak:0.00M | Scene, ViewLayer | Synchronizing object | Condenser circular fan guard.010
Fra:1 Mem:512.26M (Peak 512.26M) | Time:00:00.74 | Mem:0.00M, Peak:0.00M | Scene, ViewLayer | Synchronizing object | Condenser circular fan guard.011
Fra:1 Mem:512.32M (Peak 512.32M) | Time:00:00.74 | Mem:0.00M, Peak:0.00M | Scene, ViewLayer | Synchronizing object | Condenser grille radial wire.024
Fra:1 Mem:512.33M (Peak 512.33M) | Time:00:00.74 | Mem:0.00M, Peak:0.00M | Scene, ViewLayer | Synchronizing object | Condenser grille radial wire.025
Fra:1 Mem:512.33M (Peak 512.33M) | Time:00:00.74 | Mem:0.00M, Peak:0.00M | Scene, ViewLayer | Synchronizing object | Condenser grille radial wire.026
Fra:1 Mem:512.33M (Peak 512.33M) | Time:00:00.74 | Mem:0.00M, Peak:0.00M | Scene, ViewLayer | Synchronizing object | Condenser grille radial wire.027
Fra:1 Mem:512.35M (Peak 512.35M) | Time:00:00.74 | Mem:0.00M, Peak:0.00M | Scene, ViewLayer | Synchronizing object | Condenser grille radial wire.028
Fra:1 Mem:512.33M (Peak 512.35M) | Time:00:00.74 | Mem:0.00M, Peak:0.00M | Scene, ViewLayer | Synchronizing object | Condenser grille radial wire.029
Fra:1 Mem:512.34M (Peak 512.35M) | Time:00:00.74 | Mem:0.00M, Peak:0.00M | Scene, ViewLayer | Synchronizing object | Condenser grille radial wire.030
Fra:1 Mem:512.34M (Peak 512.35M) | Time:00:00.74 | Mem:0.00M, Peak:0.00M | Scene, ViewLayer | Synchronizing object | Condenser grille radial wire.031
Fra:1 Mem:512.34M (Peak 512.35M) | Time:00:00.74 | Mem:0.00M, Peak:0.00M | Scene, ViewLayer | Synchronizing object | Condenser fan hub.003
Fra:1 Mem:512.34M (Peak 512.35M) | Time:00:00.74 | Mem:0.00M, Peak:0.00M | Scene, ViewLayer | Synchronizing object | Refrigeration compressor housing
Fra:1 Mem:512.34M (Peak 512.35M) | Time:00:00.74 | Mem:0.00M, Peak:0.00M | Scene, ViewLayer | Synchronizing object | Compressor steel mounting skid
Fra:1 Mem:512.36M (Peak 512.36M) | Time:00:00.74 | Mem:0.00M, Peak:0.00M | Scene, ViewLayer | Synchronizing object | Compressor upper terminal head
Fra:1 Mem:512.37M (Peak 512.37M) | Time:00:00.74 | Mem:0.00M, Peak:0.00M | Scene, ViewLayer | Synchronizing object | Refrigerant formed copper pipe
Fra:1 Mem:512.37M (Peak 512.37M) | Time:00:00.74 | Mem:0.00M, Peak:0.00M | Scene, ViewLayer | Synchronizing object | Refrigeration compressor housing.001
Fra:1 Mem:512.39M (Peak 512.39M) | Time:00:00.74 | Mem:0.00M, Peak:0.00M | Scene, ViewLayer | Synchronizing object | Compressor steel mounting skid.001
Fra:1 Mem:512.39M (Peak 512.39M) | Time:00:00.74 | Mem:0.00M, Peak:0.00M | Scene, ViewLayer | Synchronizing object | Compressor upper terminal head.001
Fra:1 Mem:512.39M (Peak 512.39M) | Time:00:00.74 | Mem:0.00M, Peak:0.00M | Scene, ViewLayer | Synchronizing object | Refrigerant formed copper pipe.001
Fra:1 Mem:512.41M (Peak 512.41M) | Time:00:00.74 | Mem:0.00M, Peak:0.00M | Scene, ViewLayer | Synchronizing object | AC battery charger precooling box enclosure
Fra:1 Mem:512.41M (Peak 512.41M) | Time:00:00.74 | Mem:0.00M, Peak:0.00M | Scene, ViewLayer | Synchronizing object | AC battery charger precooling box exposed hinge
Fra:1 Mem:512.43M (Peak 512.43M) | Time:00:00.74 | Mem:0.00M, Peak:0.00M | Scene, ViewLayer | Synchronizing object | AC battery charger precooling box exposed hinge.001
Fra:1 Mem:512.43M (Peak 512.43M) | Time:00:00.74 | Mem:0.00M, Peak:0.00M | Scene, ViewLayer | Synchronizing object | AC battery charger precooling box lifting handle
Fra:1 Mem:512.44M (Peak 512.44M) | Time:00:00.74 | Mem:0.00M, Peak:0.00M | Scene, ViewLayer | Synchronizing object | AC battery charger precooling box turn latch
Fra:1 Mem:512.45M (Peak 512.45M) | Time:00:00.74 | Mem:0.00M, Peak:0.00M | Scene, ViewLayer | Synchronizing object | AC battery charger precooling box ventilation louver
Fra:1 Mem:512.46M (Peak 512.46M) | Time:00:00.74 | Mem:0.00M, Peak:0.00M | Scene, ViewLayer | Synchronizing object | AC battery charger precooling box ventilation louver.001
Fra:1 Mem:512.46M (Peak 512.46M) | Time:00:00.74 | Mem:0.00M, Peak:0.00M | Scene, ViewLayer | Synchronizing object | AC battery charger precooling box ventilation louver.002
Fra:1 Mem:512.48M (Peak 512.48M) | Time:00:00.74 | Mem:0.00M, Peak:0.00M | Scene, ViewLayer | Synchronizing object | AC battery charger precooling box ventilation louver.003
Fra:1 Mem:512.48M (Peak 512.48M) | Time:00:00.74 | Mem:0.00M, Peak:0.00M | Scene, ViewLayer | Synchronizing object | AC battery charger precooling box panel captive bolt hex he
Fra:1 Mem:512.51M (Peak 512.51M) | Time:00:00.74 | Mem:0.00M, Peak:0.00M | Scene, ViewLayer | Synchronizing object | AC battery charger precooling box service panel.001
Fra:1 Mem:512.49M (Peak 512.51M) | Time:00:00.74 | Mem:0.00M, Peak:0.00M | Scene, ViewLayer | Synchronizing object | AC battery charger precooling box exposed hinge.002
Fra:1 Mem:512.51M (Peak 512.51M) | Time:00:00.74 | Mem:0.00M, Peak:0.00M | Scene, ViewLayer | Synchronizing object | AC battery charger precooling box exposed hinge.003
Fra:1 Mem:512.52M (Peak 512.52M) | Time:00:00.74 | Mem:0.00M, Peak:0.00M | Scene, ViewLayer | Synchronizing object | AC battery charger precooling box lifting handle.001
Fra:1 Mem:512.52M (Peak 512.52M) | Time:00:00.74 | Mem:0.00M, Peak:0.00M | Scene, ViewLayer | Synchronizing object | AC battery charger precooling box turn latch.001
Fra:1 Mem:512.53M (Peak 512.53M) | Time:00:00.74 | Mem:0.00M, Peak:0.00M | Scene, ViewLayer | Synchronizing object | AC battery charger precooling box ventilation louver.004
Fra:1 Mem:512.54M (Peak 512.54M) | Time:00:00.74 | Mem:0.00M, Peak:0.00M | Scene, ViewLayer | Synchronizing object | AC battery charger precooling box ventilation louver.005
Fra:1 Mem:512.54M (Peak 512.54M) | Time:00:00.74 | Mem:0.00M, Peak:0.00M | Scene, ViewLayer | Synchronizing object | AC battery charger precooling box ventilation louver.006
Fra:1 Mem:512.56M (Peak 512.56M) | Time:00:00.74 | Mem:0.00M, Peak:0.00M | Scene, ViewLayer | Synchronizing object | AC battery charger precooling box ventilation louver.007
Fra:1 Mem:512.56M (Peak 512.56M) | Time:00:00.74 | Mem:0.00M, Peak:0.00M | Scene, ViewLayer | Synchronizing object | AC battery charger precooling box panel captive bolt hex he.001
Fra:1 Mem:512.57M (Peak 512.57M) | Time:00:00.74 | Mem:0.00M, Peak:0.00M | Scene, ViewLayer | Synchronizing object | AC battery charger precooling box panel captive bolt hex he.002
Fra:1 Mem:512.57M (Peak 512.57M) | Time:00:00.74 | Mem:0.00M, Peak:0.00M | Scene, ViewLayer | Synchronizing object | AC battery charger precooling box service panel.002
Fra:1 Mem:512.57M (Peak 512.57M) | Time:00:00.74 | Mem:0.00M, Peak:0.00M | Scene, ViewLayer | Synchronizing object | AC battery charger precooling box exposed hinge.005
Fra:1 Mem:512.60M (Peak 512.60M) | Time:00:00.74 | Mem:0.00M, Peak:0.00M | Scene, ViewLayer | Synchronizing object | AC battery charger precooling box lifting handle.002
Fra:1 Mem:512.60M (Peak 512.60M) | Time:00:00.74 | Mem:0.00M, Peak:0.00M | Scene, ViewLayer | Synchronizing object | AC battery charger precooling box turn latch.002
Fra:1 Mem:512.60M (Peak 512.60M) | Time:00:00.74 | Mem:0.00M, Peak:0.00M | Scene, ViewLayer | Synchronizing object | AC battery charger precooling box ventilation louver.008
Fra:1 Mem:512.61M (Peak 512.61M) | Time:00:00.74 | Mem:0.00M, Peak:0.00M | Scene, ViewLayer | Synchronizing object | AC battery charger precooling box ventilation louver.009
Fra:1 Mem:512.61M (Peak 512.61M) | Time:00:00.74 | Mem:0.00M, Peak:0.00M | Scene, ViewLayer | Synchronizing object | AC battery charger precooling box ventilation louver.010
Fra:1 Mem:512.63M (Peak 512.63M) | Time:00:00.74 | Mem:0.00M, Peak:0.00M | Scene, ViewLayer | Synchronizing object | AC battery charger precooling box ventilation louver.011
Fra:1 Mem:512.64M (Peak 512.64M) | Time:00:00.74 | Mem:0.00M, Peak:0.00M | Scene, ViewLayer | Synchronizing object | AC battery charger precooling box panel captive bolt hex he.003
Fra:1 Mem:512.64M (Peak 512.64M) | Time:00:00.74 | Mem:0.00M, Peak:0.00M | Scene, ViewLayer | Synchronizing object | AC battery charger precooling box panel captive bolt hex he.004
Fra:1 Mem:512.64M (Peak 512.64M) | Time:00:00.74 | Mem:0.00M, Peak:0.00M | Scene, ViewLayer | Synchronizing object | AC battery charger precooling box hanger channel
Fra:1 Mem:512.65M (Peak 512.65M) | Time:00:00.74 | Mem:0.00M, Peak:0.00M | Scene, ViewLayer | Synchronizing object | AC battery charger precooling box lower cradle
Fra:1 Mem:512.66M (Peak 512.66M) | Time:00:00.74 | Mem:0.00M, Peak:0.00M | Scene, ViewLayer | Synchronizing object | AC battery charger precooling box hanger channel.001
Fra:1 Mem:512.66M (Peak 512.66M) | Time:00:00.74 | Mem:0.00M, Peak:0.00M | Scene, ViewLayer | Synchronizing object | AC battery charger precooling box lower cradle.001
Fra:1 Mem:512.68M (Peak 512.68M) | Time:00:00.74 | Mem:0.00M, Peak:0.00M | Scene, ViewLayer | Synchronizing object | AC battery charger precooling box data plate
Fra:1 Mem:512.68M (Peak 512.68M) | Time:00:00.74 | Mem:0.00M, Peak:0.00M | Scene, ViewLayer | Synchronizing object | Headstock steel upper flange
Fra:1 Mem:512.70M (Peak 512.70M) | Time:00:00.74 | Mem:0.00M, Peak:0.00M | Scene, ViewLayer | Synchronizing object | Buffer housing square baseplate
Fra:1 Mem:512.70M (Peak 512.70M) | Time:00:00.74 | Mem:0.00M, Peak:0.00M | Scene, ViewLayer | Synchronizing object | Buffer sliding ram
Fra:1 Mem:512.73M (Peak 512.73M) | Time:00:00.75 | Mem:0.00M, Peak:0.00M | Scene, ViewLayer | Synchronizing object | Buffer dust collar
Fra:1 Mem:512.74M (Peak 512.74M) | Time:00:00.75 | Mem:0.00M, Peak:0.00M | Scene, ViewLayer | Synchronizing object | Buffer head shallow crowned forged disc
Fra:1 Mem:512.76M (Peak 512.76M) | Time:00:00.75 | Mem:0.00M, Peak:0.00M | Scene, ViewLayer | Synchronizing object | Buffer mounting hex nut
Fra:1 Mem:512.79M (Peak 512.79M) | Time:00:00.75 | Mem:0.00M, Peak:0.00M | Scene, ViewLayer | Synchronizing object | Buffer mounting stud
Fra:1 Mem:512.79M (Peak 512.79M) | Time:00:00.75 | Mem:0.00M, Peak:0.00M | Scene, ViewLayer | Synchronizing object | Buffer mounting stud.001
Fra:1 Mem:512.79M (Peak 512.79M) | Time:00:00.75 | Mem:0.00M, Peak:0.00M | Scene, ViewLayer | Synchronizing object | Buffer mounting hex nut.002
Fra:1 Mem:512.80M (Peak 512.80M) | Time:00:00.75 | Mem:0.00M, Peak:0.00M | Scene, ViewLayer | Synchronizing object | Buffer mounting stud.002
Fra:1 Mem:512.80M (Peak 512.80M) | Time:00:00.75 | Mem:0.00M, Peak:0.00M | Scene, ViewLayer | Synchronizing object | Buffer mounting hex nut.003
Fra:1 Mem:512.81M (Peak 512.81M) | Time:00:00.75 | Mem:0.00M, Peak:0.00M | Scene, ViewLayer | Synchronizing object | Buffer mounting stud.003
Fra:1 Mem:512.83M (Peak 512.83M) | Time:00:00.75 | Mem:0.00M, Peak:0.00M | Scene, ViewLayer | Synchronizing object | Buffer grease nipple
Fra:1 Mem:512.83M (Peak 512.83M) | Time:00:00.75 | Mem:0.00M, Peak:0.00M | Scene, ViewLayer | Synchronizing object | Buffer housing square baseplate.001
Fra:1 Mem:512.84M (Peak 512.84M) | Time:00:00.75 | Mem:0.00M, Peak:0.00M | Scene, ViewLayer | Synchronizing object | Buffer spring case.001
Fra:1 Mem:512.84M (Peak 512.84M) | Time:00:00.75 | Mem:0.00M, Peak:0.00M | Scene, ViewLayer | Synchronizing object | Buffer sliding ram.001
Fra:1 Mem:512.87M (Peak 512.87M) | Time:00:00.75 | Mem:0.00M, Peak:0.00M | Scene, ViewLayer | Synchronizing object | Buffer dust collar.001
Fra:1 Mem:512.87M (Peak 512.87M) | Time:00:00.75 | Mem:0.00M, Peak:0.00M | Scene, ViewLayer | Synchronizing object | Buffer mounting hex nut.004
Fra:1 Mem:512.88M (Peak 512.88M) | Time:00:00.75 | Mem:0.00M, Peak:0.00M | Scene, ViewLayer | Synchronizing object | Buffer mounting stud.004
Fra:1 Mem:512.93M (Peak 512.93M) | Time:00:00.75 | Mem:0.00M, Peak:0.00M | Scene, ViewLayer | Synchronizing object | Buffer mounting hex nut.005
Fra:1 Mem:512.93M (Peak 512.93M) | Time:00:00.75 | Mem:0.00M, Peak:0.00M | Scene, ViewLayer | Synchronizing object | Buffer mounting stud.005
Fra:1 Mem:512.94M (Peak 512.94M) | Time:00:00.75 | Mem:0.00M, Peak:0.00M | Scene, ViewLayer | Synchronizing object | Buffer mounting hex nut.006
Fra:1 Mem:512.95M (Peak 512.95M) | Time:00:00.75 | Mem:0.00M, Peak:0.00M | Scene, ViewLayer | Synchronizing object | Buffer mounting stud.006
Fra:1 Mem:512.95M (Peak 512.95M) | Time:00:00.75 | Mem:0.00M, Peak:0.00M | Scene, ViewLayer | Synchronizing object | Buffer mounting hex nut.007
Fra:1 Mem:512.96M (Peak 512.96M) | Time:00:00.75 | Mem:0.00M, Peak:0.00M | Scene, ViewLayer | Synchronizing object | Buffer mounting stud.007
Fra:1 Mem:512.97M (Peak 512.97M) | Time:00:00.75 | Mem:0.00M, Peak:0.00M | Scene, ViewLayer | Synchronizing object | Buffer grease nipple.001
Fra:1 Mem:512.97M (Peak 512.97M) | Time:00:00.75 | Mem:0.00M, Peak:0.00M | Scene, ViewLayer | Synchronizing object | Forged central drawhook
Fra:1 Mem:512.97M (Peak 512.97M) | Time:00:00.75 | Mem:0.00M, Peak:0.00M | Scene, ViewLayer | Synchronizing object | Drawhook trunnion pin
Fra:1 Mem:513.01M (Peak 513.01M) | Time:00:00.75 | Mem:0.00M, Peak:0.00M | Scene, ViewLayer | Synchronizing object | Coupling shackle cheek
Fra:1 Mem:513.01M (Peak 513.01M) | Time:00:00.75 | Mem:0.00M, Peak:0.00M | Scene, ViewLayer | Synchronizing object | Coupling shackle cheek.001
Fra:1 Mem:513.02M (Peak 513.02M) | Time:00:00.75 | Mem:0.00M, Peak:0.00M | Scene, ViewLayer | Synchronizing object | Coupling trunnion retaining nut
Fra:1 Mem:513.02M (Peak 513.02M) | Time:00:00.75 | Mem:0.00M, Peak:0.00M | Scene, ViewLayer | Synchronizing object | Coupling shackle cheek.002
Fra:1 Mem:513.03M (Peak 513.03M) | Time:00:00.75 | Mem:0.00M, Peak:0.00M | Scene, ViewLayer | Synchronizing object | Coupling shackle cheek.003
Fra:1 Mem:513.03M (Peak 513.03M) | Time:00:00.75 | Mem:0.00M, Peak:0.00M | Scene, ViewLayer | Synchronizing object | Coupling trunnion retaining nut.001
Fra:1 Mem:513.03M (Peak 513.03M) | Time:00:00.75 | Mem:0.00M, Peak:0.00M | Scene, ViewLayer | Synchronizing object | Screw coupling upper trunnion
Fra:1 Mem:513.04M (Peak 513.04M) | Time:00:00.75 | Mem:0.00M, Peak:0.00M | Scene, ViewLayer | Synchronizing object | Screw coupling turnbuckle barrel
Fra:1 Mem:513.04M (Peak 513.04M) | Time:00:00.75 | Mem:0.00M, Peak:0.00M | Scene, ViewLayer | Synchronizing object | Turnbuckle screw thread
Fra:1 Mem:513.06M (Peak 513.06M) | Time:00:00.75 | Mem:0.00M, Peak:0.00M | Scene, ViewLayer | Synchronizing object | Turnbuckle screw thread.001
Fra:1 Mem:513.07M (Peak 513.07M) | Time:00:00.75 | Mem:0.00M, Peak:0.00M | Scene, ViewLayer | Synchronizing object | Turnbuckle screw thread.002
Fra:1 Mem:513.09M (Peak 513.09M) | Time:00:00.75 | Mem:0.00M, Peak:0.00M | Scene, ViewLayer | Synchronizing object | Turnbuckle screw thread.003
Fra:1 Mem:513.08M (Peak 513.09M) | Time:00:00.75 | Mem:0.00M, Peak:0.00M | Scene, ViewLayer | Synchronizing object | Turnbuckle screw thread.004
Fra:1 Mem:513.11M (Peak 513.11M) | Time:00:00.75 | Mem:0.00M, Peak:0.00M | Scene, ViewLayer | Synchronizing object | Turnbuckle screw thread.005
Fra:1 Mem:513.11M (Peak 513.11M) | Time:00:00.75 | Mem:0.00M, Peak:0.00M | Scene, ViewLayer | Synchronizing object | Turnbuckle screw thread.006
Fra:1 Mem:513.12M (Peak 513.12M) | Time:00:00.75 | Mem:0.00M, Peak:0.00M | Scene, ViewLayer | Synchronizing object | Turnbuckle screw thread.007
Fra:1 Mem:513.14M (Peak 513.14M) | Time:00:00.75 | Mem:0.00M, Peak:0.00M | Scene, ViewLayer | Synchronizing object | Turnbuckle screw thread.008
Fra:1 Mem:513.16M (Peak 513.16M) | Time:00:00.75 | Mem:0.00M, Peak:0.00M | Scene, ViewLayer | Synchronizing object | Turnbuckle screw thread.009
Fra:1 Mem:513.17M (Peak 513.17M) | Time:00:00.75 | Mem:0.00M, Peak:0.00M | Scene, ViewLayer | Synchronizing object | Turnbuckle screw thread.010
Fra:1 Mem:513.18M (Peak 513.18M) | Time:00:00.75 | Mem:0.00M, Peak:0.00M | Scene, ViewLayer | Synchronizing object | Turnbuckle screw thread.011
Fra:1 Mem:513.19M (Peak 513.19M) | Time:00:00.75 | Mem:0.00M, Peak:0.00M | Scene, ViewLayer | Synchronizing object | Turnbuckle screw thread.012
Fra:1 Mem:513.20M (Peak 513.20M) | Time:00:00.75 | Mem:0.00M, Peak:0.00M | Scene, ViewLayer | Synchronizing object | Turnbuckle screw thread.013
Fra:1 Mem:513.21M (Peak 513.21M) | Time:00:00.75 | Mem:0.00M, Peak:0.00M | Scene, ViewLayer | Synchronizing object | Turnbuckle screw thread.014
Fra:1 Mem:513.23M (Peak 513.23M) | Time:00:00.75 | Mem:0.00M, Peak:0.00M | Scene, ViewLayer | Synchronizing object | Turnbuckle screw thread.015
Fra:1 Mem:513.23M (Peak 513.23M) | Time:00:00.75 | Mem:0.00M, Peak:0.00M | Scene, ViewLayer | Synchronizing object | Turnbuckle screw thread.016
Fra:1 Mem:513.25M (Peak 513.25M) | Time:00:00.75 | Mem:0.00M, Peak:0.00M | Scene, ViewLayer | Synchronizing object | Turnbuckle screw thread.017
Fra:1 Mem:513.26M (Peak 513.26M) | Time:00:00.75 | Mem:0.00M, Peak:0.00M | Scene, ViewLayer | Synchronizing object | Turnbuckle screw thread.018
Fra:1 Mem:513.27M (Peak 513.27M) | Time:00:00.75 | Mem:0.00M, Peak:0.00M | Scene, ViewLayer | Synchronizing object | Turnbuckle cross handle
Fra:1 Mem:513.28M (Peak 513.28M) | Time:00:00.75 | Mem:0.00M, Peak:0.00M | Scene, ViewLayer | Synchronizing object | Turnbuckle handle end stop
Fra:1 Mem:513.28M (Peak 513.28M) | Time:00:00.75 | Mem:0.00M, Peak:0.00M | Scene, ViewLayer | Synchronizing object | Screw coupling forged lower bow
Fra:1 Mem:513.33M (Peak 513.33M) | Time:00:00.75 | Mem:0.00M, Peak:0.00M | Scene, ViewLayer | Synchronizing object | Brake pipe end feed
Fra:1 Mem:513.35M (Peak 513.35M) | Time:00:00.75 | Mem:0.00M, Peak:0.00M | Scene, ViewLayer | Synchronizing object | Brake pipe cock body
Fra:1 Mem:513.37M (Peak 513.37M) | Time:00:00.75 | Mem:0.00M, Peak:0.00M | Scene, ViewLayer | Synchronizing object | Brake isolation cock lever
Fra:1 Mem:513.37M (Peak 513.37M) | Time:00:00.75 | Mem:0.00M, Peak:0.00M | Scene, ViewLayer | Synchronizing object | Rubber pneumatic end hose
Fra:1 Mem:513.39M (Peak 513.39M) | Time:00:00.75 | Mem:0.00M, Peak:0.00M | Scene, ViewLayer | Synchronizing object | Pneumatic hose gladhand
Fra:1 Mem:513.40M (Peak 513.40M) | Time:00:00.75 | Mem:0.00M, Peak:0.00M | Scene, ViewLayer | Synchronizing object | Hose moulded collar
Fra:1 Mem:513.42M (Peak 513.42M) | Time:00:00.75 | Mem:0.00M, Peak:0.00M | Scene, ViewLayer | Synchronizing object | Hose moulded collar.001
Fra:1 Mem:513.42M (Peak 513.42M) | Time:00:00.75 | Mem:0.00M, Peak:0.00M | Scene, ViewLayer | Synchronizing object | Brake pipe end feed.001
Fra:1 Mem:513.42M (Peak 513.42M) | Time:00:00.75 | Mem:0.00M, Peak:0.00M | Scene, ViewLayer | Synchronizing object | Brake pipe cock body.001
Fra:1 Mem:513.44M (Peak 513.44M) | Time:00:00.75 | Mem:0.00M, Peak:0.00M | Scene, ViewLayer | Synchronizing object | Brake isolation cock lever.001
Fra:1 Mem:513.43M (Peak 513.44M) | Time:00:00.75 | Mem:0.00M, Peak:0.00M | Scene, ViewLayer | Synchronizing object | Pneumatic hose gladhand.001
Fra:1 Mem:513.44M (Peak 513.44M) | Time:00:00.75 | Mem:0.00M, Peak:0.00M | Scene, ViewLayer | Synchronizing object | Hose moulded collar.002
Fra:1 Mem:513.46M (Peak 513.46M) | Time:00:00.75 | Mem:0.00M, Peak:0.00M | Scene, ViewLayer | Synchronizing object | Hose moulded collar.003
Fra:1 Mem:513.46M (Peak 513.46M) | Time:00:00.75 | Mem:0.00M, Peak:0.00M | Scene, ViewLayer | Synchronizing object | Buffer beam corner handhold
Fra:1 Mem:513.47M (Peak 513.47M) | Time:00:00.75 | Mem:0.00M, Peak:0.00M | Scene, ViewLayer | Synchronizing object | Buffer beam corner handhold.001
Fra:1 Mem:513.47M (Peak 513.47M) | Time:00:00.75 | Mem:0.00M, Peak:0.00M | Scene, ViewLayer | Synchronizing object | Headstock buffer beam.001
Fra:1 Mem:513.48M (Peak 513.48M) | Time:00:00.75 | Mem:0.00M, Peak:0.00M | Scene, ViewLayer | Synchronizing object | Headstock steel upper flange.001
Fra:1 Mem:513.50M (Peak 513.50M) | Time:00:00.75 | Mem:0.00M, Peak:0.00M | Scene, ViewLayer | Synchronizing object | Buffer housing square baseplate.002
Fra:1 Mem:513.50M (Peak 513.50M) | Time:00:00.75 | Mem:0.00M, Peak:0.00M | Scene, ViewLayer | Synchronizing object | Buffer spring case.002
Fra:1 Mem:513.51M (Peak 513.51M) | Time:00:00.75 | Mem:0.00M, Peak:0.00M | Scene, ViewLayer | Synchronizing object | Buffer sliding ram.002
Fra:1 Mem:513.52M (Peak 513.52M) | Time:00:00.75 | Mem:0.00M, Peak:0.00M | Scene, ViewLayer | Synchronizing object | Buffer dust collar.002
Fra:1 Mem:513.54M (Peak 513.54M) | Time:00:00.75 | Mem:0.00M, Peak:0.00M | Scene, ViewLayer | Synchronizing object | Buffer head shallow crowned forged disc.002
Fra:1 Mem:513.55M (Peak 513.55M) | Time:00:00.75 | Mem:0.00M, Peak:0.00M | Scene, ViewLayer | Synchronizing object | Buffer mounting stud.008
Fra:1 Mem:513.59M (Peak 513.59M) | Time:00:00.75 | Mem:0.00M, Peak:0.00M | Scene, ViewLayer | Synchronizing object | Buffer mounting hex nut.009
Fra:1 Mem:513.60M (Peak 513.60M) | Time:00:00.75 | Mem:0.00M, Peak:0.00M | Scene, ViewLayer | Synchronizing object | Buffer mounting stud.009
Fra:1 Mem:513.60M (Peak 513.60M) | Time:00:00.75 | Mem:0.00M, Peak:0.00M | Scene, ViewLayer | Synchronizing object | Buffer mounting hex nut.010
Fra:1 Mem:513.61M (Peak 513.61M) | Time:00:00.75 | Mem:0.00M, Peak:0.00M | Scene, ViewLayer | Synchronizing object | Buffer mounting stud.010
Fra:1 Mem:513.61M (Peak 513.61M) | Time:00:00.75 | Mem:0.00M, Peak:0.00M | Scene, ViewLayer | Synchronizing object | Buffer mounting hex nut.011
Fra:1 Mem:513.61M (Peak 513.61M) | Time:00:00.75 | Mem:0.00M, Peak:0.00M | Scene, ViewLayer | Synchronizing object | Buffer mounting stud.011
Fra:1 Mem:513.62M (Peak 513.62M) | Time:00:00.75 | Mem:0.00M, Peak:0.00M | Scene, ViewLayer | Synchronizing object | Buffer grease nipple.002
Fra:1 Mem:513.63M (Peak 513.63M) | Time:00:00.75 | Mem:0.00M, Peak:0.00M | Scene, ViewLayer | Synchronizing object | Buffer housing square baseplate.003
Fra:1 Mem:513.64M (Peak 513.64M) | Time:00:00.75 | Mem:0.00M, Peak:0.00M | Scene, ViewLayer | Synchronizing object | Buffer spring case.003
Fra:1 Mem:513.64M (Peak 513.64M) | Time:00:00.75 | Mem:0.00M, Peak:0.00M | Scene, ViewLayer | Synchronizing object | Buffer sliding ram.003
Fra:1 Mem:513.65M (Peak 513.65M) | Time:00:00.75 | Mem:0.00M, Peak:0.00M | Scene, ViewLayer | Synchronizing object | Buffer dust collar.003
Fra:1 Mem:513.68M (Peak 513.68M) | Time:00:00.75 | Mem:0.00M, Peak:0.00M | Scene, ViewLayer | Synchronizing object | Buffer head shallow crowned forged disc.003
Fra:1 Mem:513.68M (Peak 513.68M) | Time:00:00.75 | Mem:0.00M, Peak:0.00M | Scene, ViewLayer | Synchronizing object | Buffer mounting hex nut.012
Fra:1 Mem:513.69M (Peak 513.69M) | Time:00:00.75 | Mem:0.00M, Peak:0.00M | Scene, ViewLayer | Synchronizing object | Buffer mounting stud.012
Fra:1 Mem:513.74M (Peak 513.74M) | Time:00:00.75 | Mem:0.00M, Peak:0.00M | Scene, ViewLayer | Synchronizing object | Buffer mounting hex nut.013
Fra:1 Mem:513.73M (Peak 513.74M) | Time:00:00.75 | Mem:0.00M, Peak:0.00M | Scene, ViewLayer | Synchronizing object | Buffer mounting stud.013
Fra:1 Mem:513.74M (Peak 513.74M) | Time:00:00.75 | Mem:0.00M, Peak:0.00M | Scene, ViewLayer | Synchronizing object | Buffer mounting hex nut.014
Fra:1 Mem:513.74M (Peak 513.74M) | Time:00:00.75 | Mem:0.00M, Peak:0.00M | Scene, ViewLayer | Synchronizing object | Buffer mounting stud.014
Fra:1 Mem:513.75M (Peak 513.75M) | Time:00:00.75 | Mem:0.00M, Peak:0.00M | Scene, ViewLayer | Synchronizing object | Buffer mounting hex nut.015
Fra:1 Mem:513.75M (Peak 513.75M) | Time:00:00.75 | Mem:0.00M, Peak:0.00M | Scene, ViewLayer | Synchronizing object | Buffer mounting stud.015
Fra:1 Mem:513.76M (Peak 513.76M) | Time:00:00.75 | Mem:0.00M, Peak:0.00M | Scene, ViewLayer | Synchronizing object | Buffer grease nipple.003
Fra:1 Mem:513.78M (Peak 513.78M) | Time:00:00.75 | Mem:0.00M, Peak:0.00M | Scene, ViewLayer | Synchronizing object | Forged central drawhook.001
Fra:1 Mem:513.78M (Peak 513.78M) | Time:00:00.75 | Mem:0.00M, Peak:0.00M | Scene, ViewLayer | Synchronizing object | Drawhook pocket opening.001
Fra:1 Mem:513.77M (Peak 513.78M) | Time:00:00.75 | Mem:0.00M, Peak:0.00M | Scene, ViewLayer | Synchronizing object | Drawhook trunnion pin.001
Fra:1 Mem:513.80M (Peak 513.80M) | Time:00:00.75 | Mem:0.00M, Peak:0.00M | Scene, ViewLayer | Synchronizing object | Coupling shackle cheek.004
Fra:1 Mem:513.81M (Peak 513.81M) | Time:00:00.75 | Mem:0.00M, Peak:0.00M | Scene, ViewLayer | Synchronizing object | Coupling shackle cheek.005
Fra:1 Mem:513.81M (Peak 513.81M) | Time:00:00.75 | Mem:0.00M, Peak:0.00M | Scene, ViewLayer | Synchronizing object | Coupling trunnion retaining nut.002
Fra:1 Mem:513.82M (Peak 513.82M) | Time:00:00.75 | Mem:0.00M, Peak:0.00M | Scene, ViewLayer | Synchronizing object | Coupling shackle cheek.006
Fra:1 Mem:513.82M (Peak 513.82M) | Time:00:00.75 | Mem:0.00M, Peak:0.00M | Scene, ViewLayer | Synchronizing object | Coupling shackle cheek.007
Fra:1 Mem:513.82M (Peak 513.82M) | Time:00:00.75 | Mem:0.00M, Peak:0.00M | Scene, ViewLayer | Synchronizing object | Coupling trunnion retaining nut.003
Fra:1 Mem:513.83M (Peak 513.83M) | Time:00:00.75 | Mem:0.00M, Peak:0.00M | Scene, ViewLayer | Synchronizing object | Screw coupling upper trunnion.001
Fra:1 Mem:513.83M (Peak 513.83M) | Time:00:00.75 | Mem:0.00M, Peak:0.00M | Scene, ViewLayer | Synchronizing object | Screw coupling turnbuckle barrel.001
Fra:1 Mem:513.83M (Peak 513.83M) | Time:00:00.75 | Mem:0.00M, Peak:0.00M | Scene, ViewLayer | Synchronizing object | Turnbuckle screw thread.019
Fra:1 Mem:513.84M (Peak 513.84M) | Time:00:00.75 | Mem:0.00M, Peak:0.00M | Scene, ViewLayer | Synchronizing object | Turnbuckle screw thread.020
Fra:1 Mem:513.87M (Peak 513.87M) | Time:00:00.75 | Mem:0.00M, Peak:0.00M | Scene, ViewLayer | Synchronizing object | Turnbuckle screw thread.021
Fra:1 Mem:513.87M (Peak 513.87M) | Time:00:00.75 | Mem:0.00M, Peak:0.00M | Scene, ViewLayer | Synchronizing object | Turnbuckle screw thread.022
Fra:1 Mem:513.88M (Peak 513.88M) | Time:00:00.75 | Mem:0.00M, Peak:0.00M | Scene, ViewLayer | Synchronizing object | Turnbuckle screw thread.023
Fra:1 Mem:513.90M (Peak 513.90M) | Time:00:00.75 | Mem:0.00M, Peak:0.00M | Scene, ViewLayer | Synchronizing object | Turnbuckle screw thread.024
Fra:1 Mem:513.91M (Peak 513.91M) | Time:00:00.75 | Mem:0.00M, Peak:0.00M | Scene, ViewLayer | Synchronizing object | Turnbuckle screw thread.025
Fra:1 Mem:513.91M (Peak 513.91M) | Time:00:00.75 | Mem:0.00M, Peak:0.00M | Scene, ViewLayer | Synchronizing object | Turnbuckle screw thread.026
Fra:1 Mem:513.94M (Peak 513.94M) | Time:00:00.75 | Mem:0.00M, Peak:0.00M | Scene, ViewLayer | Synchronizing object | Turnbuckle screw thread.027
Fra:1 Mem:513.95M (Peak 513.95M) | Time:00:00.75 | Mem:0.00M, Peak:0.00M | Scene, ViewLayer | Synchronizing object | Turnbuckle screw thread.028
Fra:1 Mem:513.95M (Peak 513.95M) | Time:00:00.75 | Mem:0.00M, Peak:0.00M | Scene, ViewLayer | Synchronizing object | Turnbuckle screw thread.029
Fra:1 Mem:513.97M (Peak 513.97M) | Time:00:00.75 | Mem:0.00M, Peak:0.00M | Scene, ViewLayer | Synchronizing object | Turnbuckle screw thread.030
Fra:1 Mem:513.98M (Peak 513.98M) | Time:00:00.75 | Mem:0.00M, Peak:0.00M | Scene, ViewLayer | Synchronizing object | Turnbuckle screw thread.031
Fra:1 Mem:513.99M (Peak 513.99M) | Time:00:00.75 | Mem:0.00M, Peak:0.00M | Scene, ViewLayer | Synchronizing object | Turnbuckle screw thread.032
Fra:1 Mem:514.01M (Peak 514.01M) | Time:00:00.75 | Mem:0.00M, Peak:0.00M | Scene, ViewLayer | Synchronizing object | Turnbuckle screw thread.033
Fra:1 Mem:514.02M (Peak 514.02M) | Time:00:00.75 | Mem:0.00M, Peak:0.00M | Scene, ViewLayer | Synchronizing object | Turnbuckle screw thread.034
Fra:1 Mem:514.03M (Peak 514.03M) | Time:00:00.75 | Mem:0.00M, Peak:0.00M | Scene, ViewLayer | Synchronizing object | Turnbuckle screw thread.035
Fra:1 Mem:514.04M (Peak 514.04M) | Time:00:00.75 | Mem:0.00M, Peak:0.00M | Scene, ViewLayer | Synchronizing object | Turnbuckle screw thread.036
Fra:1 Mem:514.05M (Peak 514.05M) | Time:00:00.75 | Mem:0.00M, Peak:0.00M | Scene, ViewLayer | Synchronizing object | Turnbuckle screw thread.037
Fra:1 Mem:514.05M (Peak 514.05M) | Time:00:00.75 | Mem:0.00M, Peak:0.00M | Scene, ViewLayer | Synchronizing object | Turnbuckle cross handle.001
Fra:1 Mem:514.07M (Peak 514.07M) | Time:00:00.75 | Mem:0.00M, Peak:0.00M | Scene, ViewLayer | Synchronizing object | Turnbuckle handle end stop.002
Fra:1 Mem:514.07M (Peak 514.07M) | Time:00:00.75 | Mem:0.00M, Peak:0.00M | Scene, ViewLayer | Synchronizing object | Screw coupling forged lower bow.001
Fra:1 Mem:514.12M (Peak 514.12M) | Time:00:00.75 | Mem:0.00M, Peak:0.00M | Scene, ViewLayer | Synchronizing object | Brake pipe end feed.002
Fra:1 Mem:514.15M (Peak 514.15M) | Time:00:00.75 | Mem:0.00M, Peak:0.00M | Scene, ViewLayer | Synchronizing object | Brake pipe cock body.002
Fra:1 Mem:514.18M (Peak 514.18M) | Time:00:00.75 | Mem:0.00M, Peak:0.00M | Scene, ViewLayer | Synchronizing object | Brake isolation cock lever.002
Fra:1 Mem:514.17M (Peak 514.18M) | Time:00:00.75 | Mem:0.00M, Peak:0.00M | Scene, ViewLayer | Synchronizing object | Rubber pneumatic end hose.002
Fra:1 Mem:514.19M (Peak 514.19M) | Time:00:00.75 | Mem:0.00M, Peak:0.00M | Scene, ViewLayer | Synchronizing object | Pneumatic hose gladhand.002
Fra:1 Mem:514.20M (Peak 514.20M) | Time:00:00.75 | Mem:0.00M, Peak:0.00M | Scene, ViewLayer | Synchronizing object | Hose moulded collar.004
Fra:1 Mem:514.20M (Peak 514.20M) | Time:00:00.75 | Mem:0.00M, Peak:0.00M | Scene, ViewLayer | Synchronizing object | Hose moulded collar.005
Fra:1 Mem:514.23M (Peak 514.23M) | Time:00:00.75 | Mem:0.00M, Peak:0.00M | Scene, ViewLayer | Synchronizing object | Brake pipe end feed.003
Fra:1 Mem:514.22M (Peak 514.23M) | Time:00:00.75 | Mem:0.00M, Peak:0.00M | Scene, ViewLayer | Synchronizing object | Brake pipe cock body.003
Fra:1 Mem:514.22M (Peak 514.23M) | Time:00:00.75 | Mem:0.00M, Peak:0.00M | Scene, ViewLayer | Synchronizing object | Rubber pneumatic end hose.003
Fra:1 Mem:514.23M (Peak 514.23M) | Time:00:00.75 | Mem:0.00M, Peak:0.00M | Scene, ViewLayer | Synchronizing object | Pneumatic hose gladhand.003
Fra:1 Mem:514.25M (Peak 514.25M) | Time:00:00.75 | Mem:0.00M, Peak:0.00M | Scene, ViewLayer | Synchronizing object | Hose moulded collar.006
Fra:1 Mem:514.26M (Peak 514.26M) | Time:00:00.75 | Mem:0.00M, Peak:0.00M | Scene, ViewLayer | Synchronizing object | Hose moulded collar.007
Fra:1 Mem:514.26M (Peak 514.26M) | Time:00:00.75 | Mem:0.00M, Peak:0.00M | Scene, ViewLayer | Synchronizing object | Buffer beam corner handhold.003
Fra:1 Mem:514.27M (Peak 514.27M) | Time:00:00.75 | Mem:0.00M, Peak:0.00M | Scene, ViewLayer | Synchronizing object | Saloon end bulkhead
Fra:1 Mem:514.28M (Peak 514.28M) | Time:00:00.75 | Mem:0.00M, Peak:0.00M | Scene, ViewLayer | Synchronizing object | Saloon end bulkhead.001
Fra:1 Mem:514.28M (Peak 514.28M) | Time:00:00.75 | Mem:0.00M, Peak:0.00M | Scene, ViewLayer | Synchronizing object | Saloon doorway header
Fra:1 Mem:514.28M (Peak 514.28M) | Time:00:00.75 | Mem:0.00M, Peak:0.00M | Scene, ViewLayer | Synchronizing object | Saloon sliding door parked panel
Fra:1 Mem:514.28M (Peak 514.28M) | Time:00:00.75 | Mem:0.00M, Peak:0.00M | Scene, ViewLayer | Synchronizing object | Saloon door handle
Fra:1 Mem:514.29M (Peak 514.29M) | Time:00:00.75 | Mem:0.00M, Peak:0.00M | Scene, ViewLayer | Synchronizing object | Lavatory cross partition
Fra:1 Mem:514.29M (Peak 514.29M) | Time:00:00.75 | Mem:0.00M, Peak:0.00M | Scene, ViewLayer | Synchronizing object | Lavatory door jamb
Fra:1 Mem:514.29M (Peak 514.29M) | Time:00:00.75 | Mem:0.00M, Peak:0.00M | Scene, ViewLayer | Synchronizing object | Lavatory door jamb.001
Fra:1 Mem:514.29M (Peak 514.29M) | Time:00:00.75 | Mem:0.00M, Peak:0.00M | Scene, ViewLayer | Synchronizing object | Lavatory door head
Fra:1 Mem:514.29M (Peak 514.29M) | Time:00:00.75 | Mem:0.00M, Peak:0.00M | Scene, ViewLayer | Synchronizing object | Lavatory door leaf
Fra:1 Mem:514.30M (Peak 514.30M) | Time:00:00.75 | Mem:0.00M, Peak:0.00M | Scene, ViewLayer | Synchronizing object | Lavatory hinge knuckle
Fra:1 Mem:514.30M (Peak 514.30M) | Time:00:00.75 | Mem:0.00M, Peak:0.00M | Scene, ViewLayer | Synchronizing object | Lavatory hinge knuckle.001
Fra:1 Mem:514.30M (Peak 514.30M) | Time:00:00.75 | Mem:0.00M, Peak:0.00M | Scene, ViewLayer | Synchronizing object | Lavatory hinge knuckle.002
Fra:1 Mem:514.31M (Peak 514.31M) | Time:00:00.75 | Mem:0.00M, Peak:0.00M | Scene, ViewLayer | Synchronizing object | Lavatory inside pull
Fra:1 Mem:514.32M (Peak 514.32M) | Time:00:00.75 | Mem:0.00M, Peak:0.00M | Scene, ViewLayer | Synchronizing object | Lavatory rotary latch plate
Fra:1 Mem:514.32M (Peak 514.32M) | Time:00:00.75 | Mem:0.00M, Peak:0.00M | Scene, ViewLayer | Synchronizing object | Lavatory occupied indicator
Fra:1 Mem:514.33M (Peak 514.33M) | Time:00:00.75 | Mem:0.00M, Peak:0.00M | Scene, ViewLayer | Synchronizing object | Lavatory style label
Fra:1 Mem:514.34M (Peak 514.34M) | Time:00:00.75 | Mem:0.00M, Peak:0.00M | Scene, ViewLayer | Synchronizing object | Lavatory nonslip tray
Fra:1 Mem:514.36M (Peak 514.36M) | Time:00:00.75 | Mem:0.00M, Peak:0.00M | Scene, ViewLayer | Synchronizing object | Indian stainless squatting pan
Fra:1 Mem:514.38M (Peak 514.38M) | Time:00:00.75 | Mem:0.00M, Peak:0.00M | Scene, ViewLayer | Synchronizing object | Indian stainless squatting pan drain
Fra:1 Mem:514.40M (Peak 514.40M) | Time:00:00.75 | Mem:0.00M, Peak:0.00M | Scene, ViewLayer | Synchronizing object | Indian stainless squatting pan drain slot
Fra:1 Mem:514.41M (Peak 514.41M) | Time:00:00.75 | Mem:0.00M, Peak:0.00M | Scene, ViewLayer | Synchronizing object | Indian stainless squatting pan drain slot.001
Fra:1 Mem:514.41M (Peak 514.41M) | Time:00:00.75 | Mem:0.00M, Peak:0.00M | Scene, ViewLayer | Synchronizing object | Indian stainless squatting pan drain slot.002
Fra:1 Mem:514.41M (Peak 514.41M) | Time:00:00.75 | Mem:0.00M, Peak:0.00M | Scene, ViewLayer | Synchronizing object | Squat footpad antislip ridge
Fra:1 Mem:514.42M (Peak 514.42M) | Time:00:00.75 | Mem:0.00M, Peak:0.00M | Scene, ViewLayer | Synchronizing object | Squat footpad antislip ridge.001
Fra:1 Mem:514.43M (Peak 514.43M) | Time:00:00.75 | Mem:0.00M, Peak:0.00M | Scene, ViewLayer | Synchronizing object | Squat footpad antislip ridge.002
Fra:1 Mem:514.44M (Peak 514.44M) | Time:00:00.75 | Mem:0.00M, Peak:0.00M | Scene, ViewLayer | Synchronizing object | Squat footpad antislip ridge.003
Fra:1 Mem:514.45M (Peak 514.45M) | Time:00:00.75 | Mem:0.00M, Peak:0.00M | Scene, ViewLayer | Synchronizing object | Squat footpad antislip ridge.004
Fra:1 Mem:514.45M (Peak 514.45M) | Time:00:00.75 | Mem:0.00M, Peak:0.00M | Scene, ViewLayer | Synchronizing object | Squat footpad antislip ridge.005
Fra:1 Mem:514.46M (Peak 514.46M) | Time:00:00.75 | Mem:0.00M, Peak:0.00M | Scene, ViewLayer | Synchronizing object | Squat footpad antislip ridge.006
Fra:1 Mem:514.48M (Peak 514.48M) | Time:00:00.75 | Mem:0.00M, Peak:0.00M | Scene, ViewLayer | Synchronizing object | Indian pan foot pad.001
Fra:1 Mem:514.48M (Peak 514.48M) | Time:00:00.75 | Mem:0.00M, Peak:0.00M | Scene, ViewLayer | Synchronizing object | Squat footpad antislip ridge.008
Fra:1 Mem:514.50M (Peak 514.50M) | Time:00:00.75 | Mem:0.00M, Peak:0.00M | Scene, ViewLayer | Synchronizing object | Squat footpad antislip ridge.009
Fra:1 Mem:514.50M (Peak 514.50M) | Time:00:00.75 | Mem:0.00M, Peak:0.00M | Scene, ViewLayer | Synchronizing object | Squat footpad antislip ridge.011
Fra:1 Mem:514.53M (Peak 514.53M) | Time:00:00.75 | Mem:0.00M, Peak:0.00M | Scene, ViewLayer | Synchronizing object | Squat footpad antislip ridge.012
Fra:1 Mem:514.53M (Peak 514.53M) | Time:00:00.75 | Mem:0.00M, Peak:0.00M | Scene, ViewLayer | Synchronizing object | Squat footpad antislip ridge.013
Fra:1 Mem:514.54M (Peak 514.54M) | Time:00:00.75 | Mem:0.00M, Peak:0.00M | Scene, ViewLayer | Synchronizing object | Lavatory flush valve mount
Fra:1 Mem:514.55M (Peak 514.55M) | Time:00:00.75 | Mem:0.00M, Peak:0.00M | Scene, ViewLayer | Synchronizing object | Lavatory flush pushbutton
Fra:1 Mem:514.56M (Peak 514.56M) | Time:00:00.75 | Mem:0.00M, Peak:0.00M | Scene, ViewLayer | Synchronizing object | Lavatory flush pipe
Fra:1 Mem:514.56M (Peak 514.56M) | Time:00:00.75 | Mem:0.00M, Peak:0.00M | Scene, ViewLayer | Synchronizing object | Lavatory grab handle
Fra:1 Mem:514.57M (Peak 514.57M) | Time:00:00.75 | Mem:0.00M, Peak:0.00M | Scene, ViewLayer | Synchronizing object | Lavatory wash spray hose
Fra:1 Mem:514.57M (Peak 514.57M) | Time:00:00.75 | Mem:0.00M, Peak:0.00M | Scene, ViewLayer | Synchronizing object | Lavatory drain perforation
Fra:1 Mem:514.59M (Peak 514.59M) | Time:00:00.75 | Mem:0.00M, Peak:0.00M | Scene, ViewLayer | Synchronizing object | Lavatory drain perforation.001
Fra:1 Mem:514.59M (Peak 514.59M) | Time:00:00.75 | Mem:0.00M, Peak:0.00M | Scene, ViewLayer | Synchronizing object | Lavatory drain perforation.002
Fra:1 Mem:514.60M (Peak 514.60M) | Time:00:00.75 | Mem:0.00M, Peak:0.00M | Scene, ViewLayer | Synchronizing object | Lavatory drain perforation.003
Fra:1 Mem:514.61M (Peak 514.61M) | Time:00:00.75 | Mem:0.00M, Peak:0.00M | Scene, ViewLayer | Synchronizing object | Lavatory drain perforation.004
Fra:1 Mem:514.62M (Peak 514.62M) | Time:00:00.75 | Mem:0.00M, Peak:0.00M | Scene, ViewLayer | Synchronizing object | Washbasin undercounter cabinet
Fra:1 Mem:514.62M (Peak 514.62M) | Time:00:00.75 | Mem:0.00M, Peak:0.00M | Scene, ViewLayer | Synchronizing object | Vestibule handwash bowl
Fra:1 Mem:514.64M (Peak 514.64M) | Time:00:00.75 | Mem:0.00M, Peak:0.00M | Scene, ViewLayer | Synchronizing object | Vestibule handwash bowl drain
Fra:1 Mem:514.66M (Peak 514.66M) | Time:00:00.75 | Mem:0.00M, Peak:0.00M | Scene, ViewLayer | Synchronizing object | Vestibule handwash bowl drain slot
Fra:1 Mem:514.66M (Peak 514.66M) | Time:00:00.75 | Mem:0.00M, Peak:0.00M | Scene, ViewLayer | Synchronizing object | Vestibule handwash bowl drain slot.001
Fra:1 Mem:514.67M (Peak 514.67M) | Time:00:00.75 | Mem:0.00M, Peak:0.00M | Scene, ViewLayer | Synchronizing object | Vestibule handwash bowl drain slot.002
Fra:1 Mem:514.66M (Peak 514.67M) | Time:00:00.75 | Mem:0.00M, Peak:0.00M | Scene, ViewLayer | Synchronizing object | Washbasin bent tap
Fra:1 Mem:514.67M (Peak 514.67M) | Time:00:00.75 | Mem:0.00M, Peak:0.00M | Scene, ViewLayer | Synchronizing object | Washbasin mirror
Fra:1 Mem:514.67M (Peak 514.67M) | Time:00:00.75 | Mem:0.00M, Peak:0.00M | Scene, ViewLayer | Synchronizing object | Washbasin mirror horizontal trim
Fra:1 Mem:514.69M (Peak 514.69M) | Time:00:00.75 | Mem:0.00M, Peak:0.00M | Scene, ViewLayer | Synchronizing object | Washbasin mirror horizontal trim.001
Fra:1 Mem:514.69M (Peak 514.69M) | Time:00:00.75 | Mem:0.00M, Peak:0.00M | Scene, ViewLayer | Synchronizing object | Lavatory door jamb.002
Fra:1 Mem:514.70M (Peak 514.70M) | Time:00:00.75 | Mem:0.00M, Peak:0.00M | Scene, ViewLayer | Synchronizing object | Lavatory door jamb.003
Fra:1 Mem:514.70M (Peak 514.70M) | Time:00:00.75 | Mem:0.00M, Peak:0.00M | Scene, ViewLayer | Synchronizing object | Lavatory door leaf.001
Fra:1 Mem:514.71M (Peak 514.71M) | Time:00:00.75 | Mem:0.00M, Peak:0.00M | Scene, ViewLayer | Synchronizing object | Lavatory hinge knuckle.003
Fra:1 Mem:514.71M (Peak 514.71M) | Time:00:00.75 | Mem:0.00M, Peak:0.00M | Scene, ViewLayer | Synchronizing object | Lavatory hinge knuckle.004
Fra:1 Mem:514.72M (Peak 514.72M) | Time:00:00.75 | Mem:0.00M, Peak:0.00M | Scene, ViewLayer | Synchronizing object | Lavatory hinge knuckle.005
Fra:1 Mem:514.72M (Peak 514.72M) | Time:00:00.75 | Mem:0.00M, Peak:0.00M | Scene, ViewLayer | Synchronizing object | Lavatory inside pull.001
Fra:1 Mem:514.72M (Peak 514.72M) | Time:00:00.75 | Mem:0.00M, Peak:0.00M | Scene, ViewLayer | Synchronizing object | Lavatory rotary latch plate.001
Fra:1 Mem:514.73M (Peak 514.73M) | Time:00:00.75 | Mem:0.00M, Peak:0.00M | Scene, ViewLayer | Synchronizing object | Lavatory occupied indicator.001
Fra:1 Mem:514.74M (Peak 514.74M) | Time:00:00.75 | Mem:0.00M, Peak:0.00M | Scene, ViewLayer | Synchronizing object | Lavatory style label.001
Fra:1 Mem:514.75M (Peak 514.75M) | Time:00:00.75 | Mem:0.00M, Peak:0.00M | Scene, ViewLayer | Synchronizing object | Lavatory nonslip tray.001
Fra:1 Mem:514.76M (Peak 514.76M) | Time:00:00.75 | Mem:0.00M, Peak:0.00M | Scene, ViewLayer | Synchronizing object | Western toilet ceramic pedestal
Fra:1 Mem:514.81M (Peak 514.81M) | Time:00:00.75 | Mem:0.00M, Peak:0.00M | Scene, ViewLayer | Synchronizing object | Western toilet hollow bowl
Fra:1 Mem:514.81M (Peak 514.81M) | Time:00:00.75 | Mem:0.00M, Peak:0.00M | Scene, ViewLayer | Synchronizing object | Western toilet hollow bowl drain
Fra:1 Mem:514.85M (Peak 514.85M) | Time:00:00.75 | Mem:0.00M, Peak:0.00M | Scene, ViewLayer | Synchronizing object | Western toilet hollow bowl drain slot
Fra:1 Mem:514.86M (Peak 514.86M) | Time:00:00.75 | Mem:0.00M, Peak:0.00M | Scene, ViewLayer | Synchronizing object | Western toilet hollow bowl drain slot.001
Fra:1 Mem:514.86M (Peak 514.86M) | Time:00:00.75 | Mem:0.00M, Peak:0.00M | Scene, ViewLayer | Synchronizing object | Western toilet hollow bowl drain slot.002
Fra:1 Mem:514.86M (Peak 514.86M) | Time:00:00.75 | Mem:0.00M, Peak:0.00M | Scene, ViewLayer | Synchronizing object | Toilet seat hinge
Fra:1 Mem:514.86M (Peak 514.86M) | Time:00:00.75 | Mem:0.00M, Peak:0.00M | Scene, ViewLayer | Synchronizing object | Toilet seat hinge.001
Fra:1 Mem:514.89M (Peak 514.89M) | Time:00:00.75 | Mem:0.00M, Peak:0.00M | Scene, ViewLayer | Synchronizing object | Western toilet open seat ring
Fra:1 Mem:514.90M (Peak 514.90M) | Time:00:00.75 | Mem:0.00M, Peak:0.00M | Scene, ViewLayer | Synchronizing object | Toilet tissue roll
Fra:1 Mem:514.91M (Peak 514.91M) | Time:00:00.75 | Mem:0.00M, Peak:0.00M | Scene, ViewLayer | Synchronizing object | Lavatory flush valve mount.001
Fra:1 Mem:514.93M (Peak 514.93M) | Time:00:00.75 | Mem:0.00M, Peak:0.00M | Scene, ViewLayer | Synchronizing object | Lavatory flush pushbutton.001
Fra:1 Mem:514.95M (Peak 514.95M) | Time:00:00.75 | Mem:0.00M, Peak:0.00M | Scene, ViewLayer | Synchronizing object | Lavatory flush pipe.001
Fra:1 Mem:514.95M (Peak 514.95M) | Time:00:00.75 | Mem:0.00M, Peak:0.00M | Scene, ViewLayer | Synchronizing object | Lavatory grab handle.001
Fra:1 Mem:514.96M (Peak 514.96M) | Time:00:00.75 | Mem:0.00M, Peak:0.00M | Scene, ViewLayer | Synchronizing object | Lavatory wash spray hose.001
Fra:1 Mem:514.96M (Peak 514.96M) | Time:00:00.75 | Mem:0.00M, Peak:0.00M | Scene, ViewLayer | Synchronizing object | Lavatory stainless floor drain.001
Fra:1 Mem:514.97M (Peak 514.97M) | Time:00:00.75 | Mem:0.00M, Peak:0.00M | Scene, ViewLayer | Synchronizing object | Lavatory drain perforation.005
Fra:1 Mem:514.98M (Peak 514.98M) | Time:00:00.75 | Mem:0.00M, Peak:0.00M | Scene, ViewLayer | Synchronizing object | Lavatory drain perforation.006
Fra:1 Mem:514.98M (Peak 514.98M) | Time:00:00.75 | Mem:0.00M, Peak:0.00M | Scene, ViewLayer | Synchronizing object | Lavatory drain perforation.007
Fra:1 Mem:514.99M (Peak 514.99M) | Time:00:00.75 | Mem:0.00M, Peak:0.00M | Scene, ViewLayer | Synchronizing object | Lavatory drain perforation.008
Fra:1 Mem:515.00M (Peak 515.00M) | Time:00:00.75 | Mem:0.00M, Peak:0.00M | Scene, ViewLayer | Synchronizing object | Lavatory drain perforation.009
Fra:1 Mem:515.01M (Peak 515.01M) | Time:00:00.75 | Mem:0.00M, Peak:0.00M | Scene, ViewLayer | Synchronizing object | Washbasin undercounter cabinet.001
Fra:1 Mem:515.01M (Peak 515.01M) | Time:00:00.75 | Mem:0.00M, Peak:0.00M | Scene, ViewLayer | Synchronizing object | Vestibule handwash bowl.001
Fra:1 Mem:515.03M (Peak 515.03M) | Time:00:00.75 | Mem:0.00M, Peak:0.00M | Scene, ViewLayer | Synchronizing object | Vestibule handwash bowl drain slot.003
Fra:1 Mem:515.04M (Peak 515.04M) | Time:00:00.75 | Mem:0.00M, Peak:0.00M | Scene, ViewLayer | Synchronizing object | Vestibule handwash bowl drain slot.004
Fra:1 Mem:515.05M (Peak 515.05M) | Time:00:00.75 | Mem:0.00M, Peak:0.00M | Scene, ViewLayer | Synchronizing object | Vestibule handwash bowl drain slot.005
Fra:1 Mem:515.05M (Peak 515.05M) | Time:00:00.75 | Mem:0.00M, Peak:0.00M | Scene, ViewLayer | Synchronizing object | Washbasin bent tap.001
Fra:1 Mem:515.05M (Peak 515.05M) | Time:00:00.75 | Mem:0.00M, Peak:0.00M | Scene, ViewLayer | Synchronizing object | Washbasin mirror.001
Fra:1 Mem:515.06M (Peak 515.06M) | Time:00:00.75 | Mem:0.00M, Peak:0.00M | Scene, ViewLayer | Synchronizing object | Washbasin mirror horizontal trim.002
Fra:1 Mem:515.07M (Peak 515.07M) | Time:00:00.75 | Mem:0.00M, Peak:0.00M | Scene, ViewLayer | Synchronizing object | Washbasin mirror horizontal trim.003
Fra:1 Mem:515.07M (Peak 515.07M) | Time:00:00.75 | Mem:0.00M, Peak:0.00M | Scene, ViewLayer | Synchronizing object | Vestibule interior grab pole
Fra:1 Mem:515.09M (Peak 515.09M) | Time:00:00.75 | Mem:0.00M, Peak:0.00M | Scene, ViewLayer | Synchronizing object | Vestibule interior grab pole.001
Fra:1 Mem:515.09M (Peak 515.09M) | Time:00:00.75 | Mem:0.00M, Peak:0.00M | Scene, ViewLayer | Synchronizing object | Interior emergency instructions
Fra:1 Mem:515.09M (Peak 515.09M) | Time:00:00.75 | Mem:0.00M, Peak:0.00M | Scene, ViewLayer | Synchronizing object | Electrical distribution cupboard
Fra:1 Mem:515.10M (Peak 515.10M) | Time:00:00.75 | Mem:0.00M, Peak:0.00M | Scene, ViewLayer | Synchronizing object | Distribution cupboard access panel
Fra:1 Mem:515.16M (Peak 515.16M) | Time:00:00.75 | Mem:0.00M, Peak:0.00M | Scene, ViewLayer | Synchronizing object | Distribution panel quarter turn latch
Fra:1 Mem:515.16M (Peak 515.16M) | Time:00:00.75 | Mem:0.00M, Peak:0.00M | Scene, ViewLayer | Synchronizing object | Distribution cupboard access panel.001
Fra:1 Mem:515.19M (Peak 515.19M) | Time:00:00.75 | Mem:0.00M, Peak:0.00M | Scene, ViewLayer | Synchronizing object | Distribution panel quarter turn latch.001
Fra:1 Mem:515.19M (Peak 515.19M) | Time:00:00.75 | Mem:0.00M, Peak:0.00M | Scene, ViewLayer | Synchronizing object | Distribution cupboard access panel.002
Fra:1 Mem:515.22M (Peak 515.22M) | Time:00:00.75 | Mem:0.00M, Peak:0.00M | Scene, ViewLayer | Synchronizing object | Distribution panel quarter turn latch.002
Fra:1 Mem:515.23M (Peak 515.23M) | Time:00:00.75 | Mem:0.00M, Peak:0.00M | Scene, ViewLayer | Synchronizing object | Distribution cupboard access panel.003
Fra:1 Mem:515.24M (Peak 515.24M) | Time:00:00.75 | Mem:0.00M, Peak:0.00M | Scene, ViewLayer | Synchronizing object | Distribution panel quarter turn latch.003
Fra:1 Mem:515.25M (Peak 515.25M) | Time:00:00.75 | Mem:0.00M, Peak:0.00M | Scene, ViewLayer | Synchronizing object | Saloon end bulkhead.002
Fra:1 Mem:515.25M (Peak 515.25M) | Time:00:00.75 | Mem:0.00M, Peak:0.00M | Scene, ViewLayer | Synchronizing object | Saloon end bulkhead.003
Fra:1 Mem:515.25M (Peak 515.25M) | Time:00:00.75 | Mem:0.00M, Peak:0.00M | Scene, ViewLayer | Synchronizing object | Saloon doorway header.001
Fra:1 Mem:515.25M (Peak 515.25M) | Time:00:00.75 | Mem:0.00M, Peak:0.00M | Scene, ViewLayer | Synchronizing object | Saloon sliding door parked panel.001
Fra:1 Mem:515.26M (Peak 515.26M) | Time:00:00.75 | Mem:0.00M, Peak:0.00M | Scene, ViewLayer | Synchronizing object | Saloon door handle.001
Fra:1 Mem:515.28M (Peak 515.28M) | Time:00:00.75 | Mem:0.00M, Peak:0.00M | Scene, ViewLayer | Synchronizing object | Lavatory cross partition.002
Fra:1 Mem:515.28M (Peak 515.28M) | Time:00:00.75 | Mem:0.00M, Peak:0.00M | Scene, ViewLayer | Synchronizing object | Lavatory door jamb.004
Fra:1 Mem:515.28M (Peak 515.28M) | Time:00:00.75 | Mem:0.00M, Peak:0.00M | Scene, ViewLayer | Synchronizing object | Lavatory door jamb.005
Fra:1 Mem:515.28M (Peak 515.28M) | Time:00:00.75 | Mem:0.00M, Peak:0.00M | Scene, ViewLayer | Synchronizing object | Lavatory door leaf.002
Fra:1 Mem:515.29M (Peak 515.29M) | Time:00:00.75 | Mem:0.00M, Peak:0.00M | Scene, ViewLayer | Synchronizing object | Lavatory hinge knuckle.006
Fra:1 Mem:515.30M (Peak 515.30M) | Time:00:00.75 | Mem:0.00M, Peak:0.00M | Scene, ViewLayer | Synchronizing object | Lavatory hinge knuckle.007
Fra:1 Mem:515.30M (Peak 515.30M) | Time:00:00.75 | Mem:0.00M, Peak:0.00M | Scene, ViewLayer | Synchronizing object | Lavatory hinge knuckle.008
Fra:1 Mem:515.31M (Peak 515.31M) | Time:00:00.75 | Mem:0.00M, Peak:0.00M | Scene, ViewLayer | Synchronizing object | Lavatory inside pull.002
Fra:1 Mem:515.31M (Peak 515.31M) | Time:00:00.75 | Mem:0.00M, Peak:0.00M | Scene, ViewLayer | Synchronizing object | Lavatory occupied indicator.002
Fra:1 Mem:515.33M (Peak 515.33M) | Time:00:00.75 | Mem:0.00M, Peak:0.00M | Scene, ViewLayer | Synchronizing object | Lavatory style label.002
Fra:1 Mem:515.33M (Peak 515.33M) | Time:00:00.75 | Mem:0.00M, Peak:0.00M | Scene, ViewLayer | Synchronizing object | Lavatory nonslip tray.002
Fra:1 Mem:515.36M (Peak 515.36M) | Time:00:00.75 | Mem:0.00M, Peak:0.00M | Scene, ViewLayer | Synchronizing object | Indian stainless squatting pan.001
Fra:1 Mem:515.37M (Peak 515.37M) | Time:00:00.75 | Mem:0.00M, Peak:0.00M | Scene, ViewLayer | Synchronizing object | Indian stainless squatting pan drain.001
Fra:1 Mem:515.39M (Peak 515.39M) | Time:00:00.75 | Mem:0.00M, Peak:0.00M | Scene, ViewLayer | Synchronizing object | Indian stainless squatting pan drain slot.003
Fra:1 Mem:515.40M (Peak 515.40M) | Time:00:00.75 | Mem:0.00M, Peak:0.00M | Scene, ViewLayer | Synchronizing object | Indian stainless squatting pan drain slot.004
Fra:1 Mem:515.40M (Peak 515.40M) | Time:00:00.75 | Mem:0.00M, Peak:0.00M | Scene, ViewLayer | Synchronizing object | Indian stainless squatting pan drain slot.005
Fra:1 Mem:515.40M (Peak 515.40M) | Time:00:00.75 | Mem:0.00M, Peak:0.00M | Scene, ViewLayer | Synchronizing object | Indian pan foot pad.002
Fra:1 Mem:515.40M (Peak 515.40M) | Time:00:00.75 | Mem:0.00M, Peak:0.00M | Scene, ViewLayer | Synchronizing object | Squat footpad antislip ridge.014
Fra:1 Mem:515.42M (Peak 515.42M) | Time:00:00.75 | Mem:0.00M, Peak:0.00M | Scene, ViewLayer | Synchronizing object | Squat footpad antislip ridge.015
Fra:1 Mem:515.42M (Peak 515.42M) | Time:00:00.75 | Mem:0.00M, Peak:0.00M | Scene, ViewLayer | Synchronizing object | Squat footpad antislip ridge.016
Fra:1 Mem:515.43M (Peak 515.43M) | Time:00:00.75 | Mem:0.00M, Peak:0.00M | Scene, ViewLayer | Synchronizing object | Squat footpad antislip ridge.017
Fra:1 Mem:515.44M (Peak 515.44M) | Time:00:00.75 | Mem:0.00M, Peak:0.00M | Scene, ViewLayer | Synchronizing object | Squat footpad antislip ridge.018
Fra:1 Mem:515.45M (Peak 515.45M) | Time:00:00.75 | Mem:0.00M, Peak:0.00M | Scene, ViewLayer | Synchronizing object | Squat footpad antislip ridge.019
Fra:1 Mem:515.45M (Peak 515.45M) | Time:00:00.75 | Mem:0.00M, Peak:0.00M | Scene, ViewLayer | Synchronizing object | Indian pan foot pad.003
Fra:1 Mem:515.47M (Peak 515.47M) | Time:00:00.75 | Mem:0.00M, Peak:0.00M | Scene, ViewLayer | Synchronizing object | Squat footpad antislip ridge.021
Fra:1 Mem:515.48M (Peak 515.48M) | Time:00:00.75 | Mem:0.00M, Peak:0.00M | Scene, ViewLayer | Synchronizing object | Squat footpad antislip ridge.022
Fra:1 Mem:515.48M (Peak 515.48M) | Time:00:00.75 | Mem:0.00M, Peak:0.00M | Scene, ViewLayer | Synchronizing object | Squat footpad antislip ridge.023
Fra:1 Mem:515.50M (Peak 515.50M) | Time:00:00.75 | Mem:0.00M, Peak:0.00M | Scene, ViewLayer | Synchronizing object | Squat footpad antislip ridge.024
Fra:1 Mem:515.51M (Peak 515.51M) | Time:00:00.75 | Mem:0.00M, Peak:0.00M | Scene, ViewLayer | Synchronizing object | Squat footpad antislip ridge.025
Fra:1 Mem:515.51M (Peak 515.51M) | Time:00:00.75 | Mem:0.00M, Peak:0.00M | Scene, ViewLayer | Synchronizing object | Squat footpad antislip ridge.026
Fra:1 Mem:515.52M (Peak 515.52M) | Time:00:00.75 | Mem:0.00M, Peak:0.00M | Scene, ViewLayer | Synchronizing object | Squat footpad antislip ridge.027
Fra:1 Mem:515.54M (Peak 515.54M) | Time:00:00.75 | Mem:0.00M, Peak:0.00M | Scene, ViewLayer | Synchronizing object | Lavatory flush valve mount.002
Fra:1 Mem:515.54M (Peak 515.54M) | Time:00:00.75 | Mem:0.00M, Peak:0.00M | Scene, ViewLayer | Synchronizing object | Lavatory flush pushbutton.002
Fra:1 Mem:515.54M (Peak 515.54M) | Time:00:00.75 | Mem:0.00M, Peak:0.00M | Scene, ViewLayer | Synchronizing object | Lavatory flush pipe.002
Fra:1 Mem:515.56M (Peak 515.56M) | Time:00:00.75 | Mem:0.00M, Peak:0.00M | Scene, ViewLayer | Synchronizing object | Lavatory grab handle.002
Fra:1 Mem:515.56M (Peak 515.56M) | Time:00:00.75 | Mem:0.00M, Peak:0.00M | Scene, ViewLayer | Synchronizing object | Lavatory wash spray hose.002
Fra:1 Mem:515.56M (Peak 515.56M) | Time:00:00.75 | Mem:0.00M, Peak:0.00M | Scene, ViewLayer | Synchronizing object | Lavatory stainless floor drain.002
Fra:1 Mem:515.57M (Peak 515.57M) | Time:00:00.75 | Mem:0.00M, Peak:0.00M | Scene, ViewLayer | Synchronizing object | Lavatory drain perforation.010
Fra:1 Mem:515.58M (Peak 515.58M) | Time:00:00.75 | Mem:0.00M, Peak:0.00M | Scene, ViewLayer | Synchronizing object | Lavatory drain perforation.011
Fra:1 Mem:515.58M (Peak 515.58M) | Time:00:00.75 | Mem:0.00M, Peak:0.00M | Scene, ViewLayer | Synchronizing object | Lavatory drain perforation.013
Fra:1 Mem:515.60M (Peak 515.60M) | Time:00:00.75 | Mem:0.00M, Peak:0.00M | Scene, ViewLayer | Synchronizing object | Lavatory drain perforation.014
Fra:1 Mem:515.60M (Peak 515.60M) | Time:00:00.75 | Mem:0.00M, Peak:0.00M | Scene, ViewLayer | Synchronizing object | Vestibule handwash bowl.002
Fra:1 Mem:515.63M (Peak 515.63M) | Time:00:00.75 | Mem:0.00M, Peak:0.00M | Scene, ViewLayer | Synchronizing object | Vestibule handwash bowl drain.002
Fra:1 Mem:515.65M (Peak 515.65M) | Time:00:00.75 | Mem:0.00M, Peak:0.00M | Scene, ViewLayer | Synchronizing object | Vestibule handwash bowl drain slot.006
Fra:1 Mem:515.65M (Peak 515.65M) | Time:00:00.75 | Mem:0.00M, Peak:0.00M | Scene, ViewLayer | Synchronizing object | Vestibule handwash bowl drain slot.007
Fra:1 Mem:515.66M (Peak 515.66M) | Time:00:00.75 | Mem:0.00M, Peak:0.00M | Scene, ViewLayer | Synchronizing object | Vestibule handwash bowl drain slot.008
Fra:1 Mem:515.65M (Peak 515.66M) | Time:00:00.75 | Mem:0.00M, Peak:0.00M | Scene, ViewLayer | Synchronizing object | Washbasin mirror.002
Fra:1 Mem:515.67M (Peak 515.67M) | Time:00:00.75 | Mem:0.00M, Peak:0.00M | Scene, ViewLayer | Synchronizing object | Washbasin mirror horizontal trim.004
Fra:1 Mem:515.67M (Peak 515.67M) | Time:00:00.75 | Mem:0.00M, Peak:0.00M | Scene, ViewLayer | Synchronizing object | Washbasin mirror horizontal trim.005
Fra:1 Mem:515.67M (Peak 515.67M) | Time:00:00.75 | Mem:0.00M, Peak:0.00M | Scene, ViewLayer | Synchronizing object | Lavatory cross partition.003
Fra:1 Mem:515.69M (Peak 515.69M) | Time:00:00.75 | Mem:0.00M, Peak:0.00M | Scene, ViewLayer | Synchronizing object | Lavatory door jamb.006
Fra:1 Mem:515.69M (Peak 515.69M) | Time:00:00.75 | Mem:0.00M, Peak:0.00M | Scene, ViewLayer | Synchronizing object | Lavatory door jamb.007
Fra:1 Mem:515.69M (Peak 515.69M) | Time:00:00.75 | Mem:0.00M, Peak:0.00M | Scene, ViewLayer | Synchronizing object | Lavatory door head.003
Fra:1 Mem:515.69M (Peak 515.69M) | Time:00:00.75 | Mem:0.00M, Peak:0.00M | Scene, ViewLayer | Synchronizing object | Lavatory door leaf.003
Fra:1 Mem:515.69M (Peak 515.69M) | Time:00:00.75 | Mem:0.00M, Peak:0.00M | Scene, ViewLayer | Synchronizing object | Lavatory hinge knuckle.009
Fra:1 Mem:515.69M (Peak 515.69M) | Time:00:00.75 | Mem:0.00M, Peak:0.00M | Scene, ViewLayer | Synchronizing object | Lavatory hinge knuckle.010
Fra:1 Mem:515.71M (Peak 515.71M) | Time:00:00.75 | Mem:0.00M, Peak:0.00M | Scene, ViewLayer | Synchronizing object | Lavatory hinge knuckle.011
Fra:1 Mem:515.71M (Peak 515.71M) | Time:00:00.75 | Mem:0.00M, Peak:0.00M | Scene, ViewLayer | Synchronizing object | Lavatory inside pull.003
Fra:1 Mem:515.71M (Peak 515.71M) | Time:00:00.75 | Mem:0.00M, Peak:0.00M | Scene, ViewLayer | Synchronizing object | Lavatory rotary latch plate.003
Fra:1 Mem:515.71M (Peak 515.71M) | Time:00:00.75 | Mem:0.00M, Peak:0.00M | Scene, ViewLayer | Synchronizing object | Lavatory occupied indicator.003
Fra:1 Mem:515.72M (Peak 515.72M) | Time:00:00.75 | Mem:0.00M, Peak:0.00M | Scene, ViewLayer | Synchronizing object | Lavatory style label.003
Fra:1 Mem:515.74M (Peak 515.74M) | Time:00:00.75 | Mem:0.00M, Peak:0.00M | Scene, ViewLayer | Synchronizing object | Lavatory nonslip tray.003
Fra:1 Mem:515.77M (Peak 515.77M) | Time:00:00.75 | Mem:0.00M, Peak:0.00M | Scene, ViewLayer | Synchronizing object | Western toilet ceramic pedestal.001
Fra:1 Mem:515.80M (Peak 515.80M) | Time:00:00.75 | Mem:0.00M, Peak:0.00M | Scene, ViewLayer | Synchronizing object | Western toilet hollow bowl.001
Fra:1 Mem:515.82M (Peak 515.82M) | Time:00:00.75 | Mem:0.00M, Peak:0.00M | Scene, ViewLayer | Synchronizing object | Western toilet hollow bowl drain.001
Fra:1 Mem:515.84M (Peak 515.84M) | Time:00:00.75 | Mem:0.00M, Peak:0.00M | Scene, ViewLayer | Synchronizing object | Western toilet hollow bowl drain slot.003
Fra:1 Mem:515.84M (Peak 515.84M) | Time:00:00.75 | Mem:0.00M, Peak:0.00M | Scene, ViewLayer | Synchronizing object | Western toilet hollow bowl drain slot.004
Fra:1 Mem:515.84M (Peak 515.84M) | Time:00:00.75 | Mem:0.00M, Peak:0.00M | Scene, ViewLayer | Synchronizing object | Western toilet hollow bowl drain slot.005
Fra:1 Mem:515.84M (Peak 515.84M) | Time:00:00.75 | Mem:0.00M, Peak:0.00M | Scene, ViewLayer | Synchronizing object | Toilet seat hinge.002
Fra:1 Mem:515.85M (Peak 515.85M) | Time:00:00.75 | Mem:0.00M, Peak:0.00M | Scene, ViewLayer | Synchronizing object | Toilet seat hinge.003
Fra:1 Mem:515.87M (Peak 515.87M) | Time:00:00.75 | Mem:0.00M, Peak:0.00M | Scene, ViewLayer | Synchronizing object | Western toilet open seat ring.001
Fra:1 Mem:515.87M (Peak 515.87M) | Time:00:00.75 | Mem:0.00M, Peak:0.00M | Scene, ViewLayer | Synchronizing object | Lavatory flush valve mount.003
Fra:1 Mem:515.92M (Peak 515.92M) | Time:00:00.75 | Mem:0.00M, Peak:0.00M | Scene, ViewLayer | Synchronizing object | Lavatory flush pushbutton.003
Fra:1 Mem:515.93M (Peak 515.93M) | Time:00:00.75 | Mem:0.00M, Peak:0.00M | Scene, ViewLayer | Synchronizing object | Lavatory flush pipe.003
Fra:1 Mem:515.94M (Peak 515.94M) | Time:00:00.75 | Mem:0.00M, Peak:0.00M | Scene, ViewLayer | Synchronizing object | Lavatory grab handle.003
Fra:1 Mem:515.95M (Peak 515.95M) | Time:00:00.75 | Mem:0.00M, Peak:0.00M | Scene, ViewLayer | Synchronizing object | Lavatory wash spray hose.003
Fra:1 Mem:515.95M (Peak 515.95M) | Time:00:00.75 | Mem:0.00M, Peak:0.00M | Scene, ViewLayer | Synchronizing object | Lavatory stainless floor drain.003
Fra:1 Mem:515.96M (Peak 515.96M) | Time:00:00.75 | Mem:0.00M, Peak:0.00M | Scene, ViewLayer | Synchronizing object | Lavatory drain perforation.015
Fra:1 Mem:515.96M (Peak 515.96M) | Time:00:00.75 | Mem:0.00M, Peak:0.00M | Scene, ViewLayer | Synchronizing object | Lavatory drain perforation.016
Fra:1 Mem:515.98M (Peak 515.98M) | Time:00:00.75 | Mem:0.00M, Peak:0.00M | Scene, ViewLayer | Synchronizing object | Lavatory drain perforation.018
Fra:1 Mem:515.98M (Peak 515.98M) | Time:00:00.75 | Mem:0.00M, Peak:0.00M | Scene, ViewLayer | Synchronizing object | Lavatory drain perforation.019
Fra:1 Mem:515.99M (Peak 515.99M) | Time:00:00.75 | Mem:0.00M, Peak:0.00M | Scene, ViewLayer | Synchronizing object | Washbasin undercounter cabinet.003
Fra:1 Mem:515.99M (Peak 515.99M) | Time:00:00.75 | Mem:0.00M, Peak:0.00M | Scene, ViewLayer | Synchronizing object | Vestibule handwash bowl.003
Fra:1 Mem:516.01M (Peak 516.01M) | Time:00:00.75 | Mem:0.00M, Peak:0.00M | Scene, ViewLayer | Synchronizing object | Vestibule handwash bowl drain.003
Fra:1 Mem:516.04M (Peak 516.04M) | Time:00:00.75 | Mem:0.00M, Peak:0.00M | Scene, ViewLayer | Synchronizing object | Vestibule handwash bowl drain slot.009
Fra:1 Mem:516.03M (Peak 516.04M) | Time:00:00.75 | Mem:0.00M, Peak:0.00M | Scene, ViewLayer | Synchronizing object | Vestibule handwash bowl drain slot.010
Fra:1 Mem:516.03M (Peak 516.04M) | Time:00:00.75 | Mem:0.00M, Peak:0.00M | Scene, ViewLayer | Synchronizing object | Vestibule handwash bowl drain slot.011
Fra:1 Mem:516.04M (Peak 516.04M) | Time:00:00.75 | Mem:0.00M, Peak:0.00M | Scene, ViewLayer | Synchronizing object | Washbasin bent tap.003
Fra:1 Mem:516.04M (Peak 516.04M) | Time:00:00.75 | Mem:0.00M, Peak:0.00M | Scene, ViewLayer | Synchronizing object | Washbasin mirror horizontal trim.006
Fra:1 Mem:516.06M (Peak 516.06M) | Time:00:00.75 | Mem:0.00M, Peak:0.00M | Scene, ViewLayer | Synchronizing object | Washbasin mirror horizontal trim.007
Fra:1 Mem:516.06M (Peak 516.06M) | Time:00:00.75 | Mem:0.00M, Peak:0.00M | Scene, ViewLayer | Synchronizing object | Vestibule interior grab pole.003
Fra:1 Mem:516.07M (Peak 516.07M) | Time:00:00.75 | Mem:0.00M, Peak:0.00M | Scene, ViewLayer | Synchronizing object | Interior emergency instructions.001
Fra:1 Mem:516.08M (Peak 516.08M) | Time:00:00.75 | Mem:0.00M, Peak:0.00M | Scene, ViewLayer | Synchronizing object | Electrical distribution cupboard.001
Fra:1 Mem:516.09M (Peak 516.09M) | Time:00:00.75 | Mem:0.00M, Peak:0.00M | Scene, ViewLayer | Synchronizing object | Distribution cupboard access panel.004
Fra:1 Mem:516.16M (Peak 516.16M) | Time:00:00.75 | Mem:0.00M, Peak:0.00M | Scene, ViewLayer | Synchronizing object | Distribution panel quarter turn latch.004
Fra:1 Mem:516.16M (Peak 516.16M) | Time:00:00.75 | Mem:0.00M, Peak:0.00M | Scene, ViewLayer | Synchronizing object | Distribution cupboard access panel.005
Fra:1 Mem:516.19M (Peak 516.19M) | Time:00:00.75 | Mem:0.00M, Peak:0.00M | Scene, ViewLayer | Synchronizing object | Distribution panel quarter turn latch.005
Fra:1 Mem:516.19M (Peak 516.19M) | Time:00:00.75 | Mem:0.00M, Peak:0.00M | Scene, ViewLayer | Synchronizing object | Distribution cupboard access panel.006
Fra:1 Mem:516.22M (Peak 516.22M) | Time:00:00.75 | Mem:0.00M, Peak:0.00M | Scene, ViewLayer | Synchronizing object | Distribution panel quarter turn latch.006
Fra:1 Mem:516.22M (Peak 516.22M) | Time:00:00.75 | Mem:0.00M, Peak:0.00M | Scene, ViewLayer | Synchronizing object | Distribution cupboard access panel.007
Fra:1 Mem:516.23M (Peak 516.23M) | Time:00:00.75 | Mem:0.00M, Peak:0.00M | Scene, ViewLayer | Synchronizing object | Distribution panel quarter turn latch.007
Fra:1 Mem:516.24M (Peak 516.24M) | Time:00:00.75 | Mem:0.00M, Peak:0.00M | Scene, ViewLayer | Synchronizing object | Bay_01_lower_cushion
Fra:1 Mem:516.24M (Peak 516.24M) | Time:00:00.75 | Mem:0.00M, Peak:0.00M | Scene, ViewLayer | Synchronizing object | Bay_01_lower_cushion_stitched_edge_welt
Fra:1 Mem:516.31M (Peak 516.31M) | Time:00:00.75 | Mem:0.00M, Peak:0.00M | Scene, ViewLayer | Synchronizing object | Bay_01_lower_cushion_subtle_cover_stitch
Fra:1 Mem:516.33M (Peak 516.33M) | Time:00:00.75 | Mem:0.00M, Peak:0.00M | Scene, ViewLayer | Synchronizing object | Bay_01_lower_cushion_subtle_cover_stitch.001
Fra:1 Mem:516.33M (Peak 516.33M) | Time:00:00.75 | Mem:0.00M, Peak:0.00M | Scene, ViewLayer | Synchronizing object | Bay_01_upper_cushion
Fra:1 Mem:516.37M (Peak 516.37M) | Time:00:00.75 | Mem:0.00M, Peak:0.00M | Scene, ViewLayer | Synchronizing object | Bay_01_upper_cushion_stitched_edge_welt
Fra:1 Mem:516.40M (Peak 516.40M) | Time:00:00.75 | Mem:0.00M, Peak:0.00M | Scene, ViewLayer | Synchronizing object | Bay_01_upper_cushion_subtle_cover_stitch
Fra:1 Mem:516.42M (Peak 516.42M) | Time:00:00.75 | Mem:0.00M, Peak:0.00M | Scene, ViewLayer | Synchronizing object | Bay_01_upper_cushion_subtle_cover_stitch.001
Fra:1 Mem:516.42M (Peak 516.42M) | Time:00:00.75 | Mem:0.00M, Peak:0.00M | Scene, ViewLayer | Synchronizing object | Bay_01_lower_pan
Fra:1 Mem:516.44M (Peak 516.44M) | Time:00:00.75 | Mem:0.00M, Peak:0.00M | Scene, ViewLayer | Synchronizing object | Bay_01_lower_leg.001
Fra:1 Mem:516.44M (Peak 516.44M) | Time:00:00.75 | Mem:0.00M, Peak:0.00M | Scene, ViewLayer | Synchronizing object | Bay_01_lower_leg
Fra:1 Mem:516.44M (Peak 516.44M) | Time:00:00.75 | Mem:0.00M, Peak:0.00M | Scene, ViewLayer | Synchronizing object | Bay_01_folded_middle_backrest
Fra:1 Mem:516.45M (Peak 516.45M) | Time:00:00.75 | Mem:0.00M, Peak:0.00M | Scene, ViewLayer | Synchronizing object | Bay_01_upper_support
Fra:1 Mem:516.45M (Peak 516.45M) | Time:00:00.75 | Mem:0.00M, Peak:0.00M | Scene, ViewLayer | Synchronizing object | Bay_01_upper_hanger_ceiling_plate
Fra:1 Mem:516.45M (Peak 516.45M) | Time:00:00.75 | Mem:0.00M, Peak:0.00M | Scene, ViewLayer | Synchronizing object | Bay_01_upper_support.001
Fra:1 Mem:516.47M (Peak 516.47M) | Time:00:00.75 | Mem:0.00M, Peak:0.00M | Scene, ViewLayer | Synchronizing object | Bay_01_upper_hanger_ceiling_plate.001
Fra:1 Mem:517.47M (Peak 517.47M) | Time:00:00.75 | Mem:0.00M, Peak:0.00M | Scene, ViewLayer | Synchronizing object | Bay_01_luggage_rack_rail
Fra:1 Mem:518.48M (Peak 518.48M) | Time:00:00.75 | Mem:0.00M, Peak:0.00M | Scene, ViewLayer | Synchronizing object | Bay_01_luggage_rack_rail.001
Fra:1 Mem:518.48M (Peak 518.48M) | Time:00:00.75 | Mem:0.00M, Peak:0.00M | Scene, ViewLayer | Synchronizing object | Bay_01_underseat_rack
Fra:1 Mem:518.49M (Peak 518.49M) | Time:00:00.75 | Mem:0.00M, Peak:0.00M | Scene, ViewLayer | Synchronizing object | Bay_01_underseat_rack.001
Fra:1 Mem:518.49M (Peak 518.49M) | Time:00:00.75 | Mem:0.00M, Peak:0.00M | Scene, ViewLayer | Synchronizing object | Bay_01_underseat_rack.002
Fra:1 Mem:518.49M (Peak 518.49M) | Time:00:00.75 | Mem:0.00M, Peak:0.00M | Scene, ViewLayer | Synchronizing object | Bay_01_underseat_rack.003
Fra:1 Mem:518.50M (Peak 518.50M) | Time:00:00.75 | Mem:0.00M, Peak:0.00M | Scene, ViewLayer | Synchronizing object | Bay_01_underseat_rack.004
Fra:1 Mem:518.50M (Peak 518.50M) | Time:00:00.75 | Mem:0.00M, Peak:0.00M | Scene, ViewLayer | Synchronizing object | Bay_01_ladder
Fra:1 Mem:518.50M (Peak 518.50M) | Time:00:00.75 | Mem:0.00M, Peak:0.00M | Scene, ViewLayer | Synchronizing object | Bay_01_ladder.001
Fra:1 Mem:518.51M (Peak 518.51M) | Time:00:00.75 | Mem:0.00M, Peak:0.00M | Scene, ViewLayer | Synchronizing object | Bay_01_ladder_step
Fra:1 Mem:518.51M (Peak 518.51M) | Time:00:00.75 | Mem:0.00M, Peak:0.00M | Scene, ViewLayer | Synchronizing object | Bay_01_ladder_step.001
Fra:1 Mem:518.52M (Peak 518.52M) | Time:00:00.75 | Mem:0.00M, Peak:0.00M | Scene, ViewLayer | Synchronizing object | Bay_01_ladder_step.002
Fra:1 Mem:518.53M (Peak 518.53M) | Time:00:00.75 | Mem:0.00M, Peak:0.00M | Scene, ViewLayer | Synchronizing object | Bay_01_ladder_step.003
Fra:1 Mem:518.56M (Peak 518.56M) | Time:00:00.75 | Mem:0.00M, Peak:0.00M | Scene, ViewLayer | Synchronizing object | Bay_01_ladder_step.004
Fra:1 Mem:518.56M (Peak 518.56M) | Time:00:00.75 | Mem:0.00M, Peak:0.00M | Scene, ViewLayer | Synchronizing object | Bay_01_individual_reading_lamp
Fra:1 Mem:518.58M (Peak 518.58M) | Time:00:00.75 | Mem:0.00M, Peak:0.00M | Scene, ViewLayer | Synchronizing object | Bay_01_lower_cushion.001
Fra:1 Mem:518.59M (Peak 518.59M) | Time:00:00.75 | Mem:0.00M, Peak:0.00M | Scene, ViewLayer | Synchronizing object | Bay_01_lower_cushion_stitched_edge_welt.001
Fra:1 Mem:518.63M (Peak 518.63M) | Time:00:00.75 | Mem:0.00M, Peak:0.00M | Scene, ViewLayer | Synchronizing object | Bay_01_lower_cushion_subtle_cover_stitch.002
Fra:1 Mem:518.66M (Peak 518.66M) | Time:00:00.75 | Mem:0.00M, Peak:0.00M | Scene, ViewLayer | Synchronizing object | Bay_01_lower_cushion_subtle_cover_stitch.003
Fra:1 Mem:518.71M (Peak 518.71M) | Time:00:00.75 | Mem:0.00M, Peak:0.00M | Scene, ViewLayer | Synchronizing object | Bay_01_upper_cushion.001
Fra:1 Mem:518.71M (Peak 518.71M) | Time:00:00.75 | Mem:0.00M, Peak:0.00M | Scene, ViewLayer | Synchronizing object | Bay_01_upper_cushion_stitched_edge_welt.001
Fra:1 Mem:518.73M (Peak 518.73M) | Time:00:00.75 | Mem:0.00M, Peak:0.00M | Scene, ViewLayer | Synchronizing object | Bay_01_upper_cushion_subtle_cover_stitch.002
Fra:1 Mem:518.77M (Peak 518.77M) | Time:00:00.75 | Mem:0.00M, Peak:0.00M | Scene, ViewLayer | Synchronizing object | Bay_01_upper_cushion_subtle_cover_stitch.003
Fra:1 Mem:518.76M (Peak 518.77M) | Time:00:00.75 | Mem:0.00M, Peak:0.00M | Scene, ViewLayer | Synchronizing object | Bay_01_lower_pan.001
Fra:1 Mem:518.75M (Peak 518.77M) | Time:00:00.75 | Mem:0.00M, Peak:0.00M | Scene, ViewLayer | Synchronizing object | Bay_01_lower_leg.002
Fra:1 Mem:518.75M (Peak 518.77M) | Time:00:00.75 | Mem:0.00M, Peak:0.00M | Scene, ViewLayer | Synchronizing object | Bay_01_lower_leg.003
Fra:1 Mem:518.75M (Peak 518.77M) | Time:00:00.75 | Mem:0.00M, Peak:0.00M | Scene, ViewLayer | Synchronizing object | Bay_01_folded_middle_backrest.001
Fra:1 Mem:518.76M (Peak 518.77M) | Time:00:00.75 | Mem:0.00M, Peak:0.00M | Scene, ViewLayer | Synchronizing object | Bay_01_upper_support.002
Fra:1 Mem:518.77M (Peak 518.77M) | Time:00:00.75 | Mem:0.00M, Peak:0.00M | Scene, ViewLayer | Synchronizing object | Bay_01_upper_hanger_ceiling_plate.002
Fra:1 Mem:518.77M (Peak 518.77M) | Time:00:00.75 | Mem:0.00M, Peak:0.00M | Scene, ViewLayer | Synchronizing object | Bay_01_upper_support.003
Fra:1 Mem:518.82M (Peak 518.82M) | Time:00:00.75 | Mem:0.00M, Peak:0.00M | Scene, ViewLayer | Synchronizing object | Bay_01_upper_hanger_ceiling_plate.003
Fra:1 Mem:518.82M (Peak 518.82M) | Time:00:00.75 | Mem:0.00M, Peak:0.00M | Scene, ViewLayer | Synchronizing object | Bay_01_luggage_rack_rail.002
Fra:1 Mem:518.85M (Peak 518.85M) | Time:00:00.75 | Mem:0.00M, Peak:0.00M | Scene, ViewLayer | Synchronizing object | Bay_01_luggage_rack_rail.003
Fra:1 Mem:518.85M (Peak 518.85M) | Time:00:00.75 | Mem:0.00M, Peak:0.00M | Scene, ViewLayer | Synchronizing object | Bay_01_underseat_rack.005
Fra:1 Mem:518.82M (Peak 518.85M) | Time:00:00.75 | Mem:0.00M, Peak:0.00M | Scene, ViewLayer | Synchronizing object | Bay_01_underseat_rack.006
Fra:1 Mem:518.84M (Peak 518.85M) | Time:00:00.75 | Mem:0.00M, Peak:0.00M | Scene, ViewLayer | Synchronizing object | Bay_01_underseat_rack.007
Fra:1 Mem:518.85M (Peak 518.85M) | Time:00:00.75 | Mem:0.00M, Peak:0.00M | Scene, ViewLayer | Synchronizing object | Bay_01_underseat_rack.008
Fra:1 Mem:518.85M (Peak 518.85M) | Time:00:00.75 | Mem:0.00M, Peak:0.00M | Scene, ViewLayer | Synchronizing object | Bay_01_underseat_rack.009
Fra:1 Mem:518.86M (Peak 518.86M) | Time:00:00.75 | Mem:0.00M, Peak:0.00M | Scene, ViewLayer | Synchronizing object | Bay_01_ladder.002
Fra:1 Mem:518.86M (Peak 518.86M) | Time:00:00.75 | Mem:0.00M, Peak:0.00M | Scene, ViewLayer | Synchronizing object | Bay_01_ladder.003
Fra:1 Mem:518.90M (Peak 518.90M) | Time:00:00.75 | Mem:0.00M, Peak:0.00M | Scene, ViewLayer | Synchronizing object | Bay_01_ladder_step.005
Fra:1 Mem:518.90M (Peak 518.90M) | Time:00:00.75 | Mem:0.00M, Peak:0.00M | Scene, ViewLayer | Synchronizing object | Bay_01_ladder_step.006
Fra:1 Mem:518.92M (Peak 518.92M) | Time:00:00.75 | Mem:0.00M, Peak:0.00M | Scene, ViewLayer | Synchronizing object | Bay_01_ladder_step.007
Fra:1 Mem:518.91M (Peak 518.92M) | Time:00:00.75 | Mem:0.00M, Peak:0.00M | Scene, ViewLayer | Synchronizing object | Bay_01_ladder_step.008
Fra:1 Mem:518.91M (Peak 518.92M) | Time:00:00.75 | Mem:0.00M, Peak:0.00M | Scene, ViewLayer | Synchronizing object | Bay_01_ladder_step.009
Fra:1 Mem:518.89M (Peak 518.92M) | Time:00:00.75 | Mem:0.00M, Peak:0.00M | Scene, ViewLayer | Synchronizing object | Bay_01_individual_reading_lamp.001
Fra:1 Mem:518.90M (Peak 518.92M) | Time:00:00.75 | Mem:0.00M, Peak:0.00M | Scene, ViewLayer | Synchronizing object | Compartment end partition
Fra:1 Mem:518.88M (Peak 518.92M) | Time:00:00.75 | Mem:0.00M, Peak:0.00M | Scene, ViewLayer | Synchronizing object | Shared compartment partition
Fra:1 Mem:518.88M (Peak 518.92M) | Time:00:00.75 | Mem:0.00M, Peak:0.00M | Scene, ViewLayer | Synchronizing object | Bay_01_side_LOWER_stitched_edge_welt
Fra:1 Mem:518.88M (Peak 518.92M) | Time:00:00.75 | Mem:0.00M, Peak:0.00M | Scene, ViewLayer | Synchronizing object | Bay_01_side_LOWER_support_pan
Fra:1 Mem:518.93M (Peak 518.93M) | Time:00:00.75 | Mem:0.00M, Peak:0.00M | Scene, ViewLayer | Synchronizing object | Bay_01_side_LOWER_wall_bracket
Fra:1 Mem:518.95M (Peak 518.95M) | Time:00:00.75 | Mem:0.00M, Peak:0.00M | Scene, ViewLayer | Synchronizing object | Bay_01_side_LOWER_diagonal_brace
Fra:1 Mem:518.96M (Peak 518.96M) | Time:00:00.75 | Mem:0.00M, Peak:0.00M | Scene, ViewLayer | Synchronizing object | Bay_01_side_lower_floor_leg
Fra:1 Mem:518.96M (Peak 518.96M) | Time:00:00.75 | Mem:0.00M, Peak:0.00M | Scene, ViewLayer | Synchronizing object | Bay_01_side_LOWER_wall_bracket.001
Fra:1 Mem:518.97M (Peak 518.97M) | Time:00:00.75 | Mem:0.00M, Peak:0.00M | Scene, ViewLayer | Synchronizing object | Bay_01_side_LOWER_diagonal_brace.001
Fra:1 Mem:518.97M (Peak 518.97M) | Time:00:00.75 | Mem:0.00M, Peak:0.00M | Scene, ViewLayer | Synchronizing object | Bay_01_side_lower_floor_leg.001
Fra:1 Mem:518.98M (Peak 518.98M) | Time:00:00.75 | Mem:0.00M, Peak:0.00M | Scene, ViewLayer | Synchronizing object | Bay_01_side_UPPER
Fra:1 Mem:518.99M (Peak 518.99M) | Time:00:00.75 | Mem:0.00M, Peak:0.00M | Scene, ViewLayer | Synchronizing object | Bay_01_side_UPPER_stitched_edge_welt
Fra:1 Mem:519.00M (Peak 519.00M) | Time:00:00.75 | Mem:0.00M, Peak:0.00M | Scene, ViewLayer | Synchronizing object | Bay_01_side_UPPER_support_pan
Fra:1 Mem:519.05M (Peak 519.05M) | Time:00:00.75 | Mem:0.00M, Peak:0.00M | Scene, ViewLayer | Synchronizing object | Bay_01_side_UPPER_wall_bracket
Fra:1 Mem:519.05M (Peak 519.05M) | Time:00:00.75 | Mem:0.00M, Peak:0.00M | Scene, ViewLayer | Synchronizing object | Bay_01_side_UPPER_diagonal_brace
Fra:1 Mem:519.06M (Peak 519.06M) | Time:00:00.75 | Mem:0.00M, Peak:0.00M | Scene, ViewLayer | Synchronizing object | Bay_01_side_UPPER_wall_bracket.001
Fra:1 Mem:519.06M (Peak 519.06M) | Time:00:00.75 | Mem:0.00M, Peak:0.00M | Scene, ViewLayer | Synchronizing object | Bay_01_side_UPPER_diagonal_brace.001
Fra:1 Mem:519.07M (Peak 519.07M) | Time:00:00.75 | Mem:0.00M, Peak:0.00M | Scene, ViewLayer | Synchronizing object | Bay_01_side_seat_back
Fra:1 Mem:519.08M (Peak 519.08M) | Time:00:00.75 | Mem:0.00M, Peak:0.00M | Scene, ViewLayer | Synchronizing object | Bay_01_side_berth_support
Fra:1 Mem:519.08M (Peak 519.08M) | Time:00:00.75 | Mem:0.00M, Peak:0.00M | Scene, ViewLayer | Synchronizing object | Bay_01_side_berth_support.001
Fra:1 Mem:519.09M (Peak 519.09M) | Time:00:00.75 | Mem:0.00M, Peak:0.00M | Scene, ViewLayer | Synchronizing object | Bay_01_side_cushion_seam
Fra:1 Mem:519.10M (Peak 519.10M) | Time:00:00.75 | Mem:0.00M, Peak:0.00M | Scene, ViewLayer | Synchronizing object | Bay_01_window_table
Fra:1 Mem:519.10M (Peak 519.10M) | Time:00:00.75 | Mem:0.00M, Peak:0.00M | Scene, ViewLayer | Synchronizing object | Bay_01_table_brace
Fra:1 Mem:519.11M (Peak 519.11M) | Time:00:00.75 | Mem:0.00M, Peak:0.00M | Scene, ViewLayer | Synchronizing object | Fan ceiling stem
Fra:1 Mem:519.12M (Peak 519.12M) | Time:00:00.75 | Mem:0.00M, Peak:0.00M | Scene, ViewLayer | Synchronizing object | Fan pressed ceiling flange
Fra:1 Mem:519.12M (Peak 519.12M) | Time:00:00.75 | Mem:0.00M, Peak:0.00M | Scene, ViewLayer | Synchronizing object | Fan round motor housing
Fra:1 Mem:519.14M (Peak 519.14M) | Time:00:00.75 | Mem:0.00M, Peak:0.00M | Scene, ViewLayer | Synchronizing object | Fan concentric safety grille
Fra:1 Mem:519.17M (Peak 519.17M) | Time:00:00.75 | Mem:0.00M, Peak:0.00M | Scene, ViewLayer | Synchronizing object | Fan concentric safety grille.001
Fra:1 Mem:519.18M (Peak 519.18M) | Time:00:00.75 | Mem:0.00M, Peak:0.00M | Scene, ViewLayer | Synchronizing object | Fan concentric safety grille.002
Fra:1 Mem:519.30M (Peak 519.30M) | Time:00:00.75 | Mem:0.00M, Peak:0.00M | Scene, ViewLayer | Synchronizing object | Fan concentric safety grille.003
Fra:1 Mem:519.35M (Peak 519.35M) | Time:00:00.75 | Mem:0.00M, Peak:0.00M | Scene, ViewLayer | Synchronizing object | Fan concentric safety grille.004
Fra:1 Mem:519.36M (Peak 519.36M) | Time:00:00.75 | Mem:0.00M, Peak:0.00M | Scene, ViewLayer | Synchronizing object | Fan concentric safety grille.005
Fra:1 Mem:519.48M (Peak 519.48M) | Time:00:00.75 | Mem:0.00M, Peak:0.00M | Scene, ViewLayer | Synchronizing object | Fan radial cage wire
Fra:1 Mem:519.50M (Peak 519.50M) | Time:00:00.75 | Mem:0.00M, Peak:0.00M | Scene, ViewLayer | Synchronizing object | Fan radial cage wire.001
Fra:1 Mem:519.50M (Peak 519.50M) | Time:00:00.75 | Mem:0.00M, Peak:0.00M | Scene, ViewLayer | Synchronizing object | Fan radial cage wire.002
Fra:1 Mem:519.50M (Peak 519.50M) | Time:00:00.75 | Mem:0.00M, Peak:0.00M | Scene, ViewLayer | Synchronizing object | Fan radial cage wire.003
Fra:1 Mem:519.51M (Peak 519.51M) | Time:00:00.75 | Mem:0.00M, Peak:0.00M | Scene, ViewLayer | Synchronizing object | Fan radial cage wire.004
Fra:1 Mem:519.51M (Peak 519.51M) | Time:00:00.75 | Mem:0.00M, Peak:0.00M | Scene, ViewLayer | Synchronizing object | Fan radial cage wire.005
Fra:1 Mem:519.51M (Peak 519.51M) | Time:00:00.75 | Mem:0.00M, Peak:0.00M | Scene, ViewLayer | Synchronizing object | Fan radial cage wire.006
Fra:1 Mem:519.53M (Peak 519.53M) | Time:00:00.75 | Mem:0.00M, Peak:0.00M | Scene, ViewLayer | Synchronizing object | Fan radial cage wire.007
Fra:1 Mem:519.53M (Peak 519.53M) | Time:00:00.75 | Mem:0.00M, Peak:0.00M | Scene, ViewLayer | Synchronizing object | Fan radial cage wire.008
Fra:1 Mem:519.53M (Peak 519.53M) | Time:00:00.75 | Mem:0.00M, Peak:0.00M | Scene, ViewLayer | Synchronizing object | Fan radial cage wire.009
Fra:1 Mem:519.54M (Peak 519.54M) | Time:00:00.75 | Mem:0.00M, Peak:0.00M | Scene, ViewLayer | Synchronizing object | Fan radial cage wire.010
Fra:1 Mem:519.55M (Peak 519.55M) | Time:00:00.75 | Mem:0.00M, Peak:0.00M | Scene, ViewLayer | Synchronizing object | Fan radial cage wire.011
Fra:1 Mem:519.55M (Peak 519.55M) | Time:00:00.75 | Mem:0.00M, Peak:0.00M | Scene, ViewLayer | Synchronizing object | Fan radial cage wire.012
Fra:1 Mem:519.55M (Peak 519.55M) | Time:00:00.75 | Mem:0.00M, Peak:0.00M | Scene, ViewLayer | Synchronizing object | Fan radial cage wire.013
Fra:1 Mem:519.56M (Peak 519.56M) | Time:00:00.75 | Mem:0.00M, Peak:0.00M | Scene, ViewLayer | Synchronizing object | Fan radial cage wire.014
Fra:1 Mem:519.57M (Peak 519.57M) | Time:00:00.75 | Mem:0.00M, Peak:0.00M | Scene, ViewLayer | Synchronizing object | Fan radial cage wire.015
Fra:1 Mem:519.57M (Peak 519.57M) | Time:00:00.75 | Mem:0.00M, Peak:0.00M | Scene, ViewLayer | Synchronizing object | Fan radial cage wire.016
Fra:1 Mem:519.57M (Peak 519.57M) | Time:00:00.75 | Mem:0.00M, Peak:0.00M | Scene, ViewLayer | Synchronizing object | Fan radial cage wire.017
Fra:1 Mem:519.58M (Peak 519.58M) | Time:00:00.75 | Mem:0.00M, Peak:0.00M | Scene, ViewLayer | Synchronizing object | Fan radial cage wire.018
Fra:1 Mem:519.59M (Peak 519.59M) | Time:00:00.75 | Mem:0.00M, Peak:0.00M | Scene, ViewLayer | Synchronizing object | Fan radial cage wire.019
Fra:1 Mem:519.59M (Peak 519.59M) | Time:00:00.75 | Mem:0.00M, Peak:0.00M | Scene, ViewLayer | Synchronizing object | Fan radial cage wire.020
Fra:1 Mem:519.59M (Peak 519.59M) | Time:00:00.75 | Mem:0.00M, Peak:0.00M | Scene, ViewLayer | Synchronizing object | Fan radial cage wire.021
Fra:1 Mem:519.61M (Peak 519.61M) | Time:00:00.75 | Mem:0.00M, Peak:0.00M | Scene, ViewLayer | Synchronizing object | Fan radial cage wire.022
Fra:1 Mem:519.61M (Peak 519.61M) | Time:00:00.75 | Mem:0.00M, Peak:0.00M | Scene, ViewLayer | Synchronizing object | Fan radial cage wire.023
Fra:1 Mem:519.61M (Peak 519.61M) | Time:00:00.75 | Mem:0.00M, Peak:0.00M | Scene, ViewLayer | Synchronizing object | Fan swept three blade rotor
Fra:1 Mem:519.62M (Peak 519.62M) | Time:00:00.75 | Mem:0.00M, Peak:0.00M | Scene, ViewLayer | Synchronizing object | Fan swept three blade rotor.001
Fra:1 Mem:519.62M (Peak 519.62M) | Time:00:00.75 | Mem:0.00M, Peak:0.00M | Scene, ViewLayer | Synchronizing object | Fan centre decorative cap
Fra:1 Mem:519.62M (Peak 519.62M) | Time:00:00.75 | Mem:0.00M, Peak:0.00M | Scene, ViewLayer | Synchronizing object | Fan grille locking clip
Fra:1 Mem:519.62M (Peak 519.62M) | Time:00:00.75 | Mem:0.00M, Peak:0.00M | Scene, ViewLayer | Synchronizing object | Fan grille locking clip.001
Fra:1 Mem:519.65M (Peak 519.65M) | Time:00:00.75 | Mem:0.00M, Peak:0.00M | Scene, ViewLayer | Synchronizing object | Fan grille locking clip.002
Fra:1 Mem:519.65M (Peak 519.65M) | Time:00:00.75 | Mem:0.00M, Peak:0.00M | Scene, ViewLayer | Synchronizing object | Bay_01_number_plate
Fra:1 Mem:519.67M (Peak 519.67M) | Time:00:00.75 | Mem:0.00M, Peak:0.00M | Scene, ViewLayer | Synchronizing object | Bay_02_lower_cushion
Fra:1 Mem:519.67M (Peak 519.67M) | Time:00:00.75 | Mem:0.00M, Peak:0.00M | Scene, ViewLayer | Synchronizing object | Bay_02_lower_cushion_stitched_edge_welt
Fra:1 Mem:519.67M (Peak 519.67M) | Time:00:00.75 | Mem:0.00M, Peak:0.00M | Scene, ViewLayer | Synchronizing object | Bay_02_lower_cushion_subtle_cover_stitch
Fra:1 Mem:519.74M (Peak 519.74M) | Time:00:00.75 | Mem:0.00M, Peak:0.00M | Scene, ViewLayer | Synchronizing object | Bay_02_lower_cushion_subtle_cover_stitch.001
Fra:1 Mem:519.74M (Peak 519.74M) | Time:00:00.75 | Mem:0.00M, Peak:0.00M | Scene, ViewLayer | Synchronizing object | Bay_02_upper_cushion
Fra:1 Mem:519.76M (Peak 519.76M) | Time:00:00.75 | Mem:0.00M, Peak:0.00M | Scene, ViewLayer | Synchronizing object | Bay_02_upper_cushion_stitched_edge_welt
Fra:1 Mem:519.80M (Peak 519.80M) | Time:00:00.75 | Mem:0.00M, Peak:0.00M | Scene, ViewLayer | Synchronizing object | Bay_02_upper_cushion_subtle_cover_stitch
Fra:1 Mem:519.83M (Peak 519.83M) | Time:00:00.75 | Mem:0.00M, Peak:0.00M | Scene, ViewLayer | Synchronizing object | Bay_02_upper_cushion_subtle_cover_stitch.001
Fra:1 Mem:519.83M (Peak 519.83M) | Time:00:00.75 | Mem:0.00M, Peak:0.00M | Scene, ViewLayer | Synchronizing object | Bay_02_lower_pan
Fra:1 Mem:519.85M (Peak 519.85M) | Time:00:00.75 | Mem:0.00M, Peak:0.00M | Scene, ViewLayer | Synchronizing object | Bay_02_lower_leg
Fra:1 Mem:519.85M (Peak 519.85M) | Time:00:00.75 | Mem:0.00M, Peak:0.00M | Scene, ViewLayer | Synchronizing object | Bay_02_lower_leg.001
Fra:1 Mem:519.86M (Peak 519.86M) | Time:00:00.75 | Mem:0.00M, Peak:0.00M | Scene, ViewLayer | Synchronizing object | Bay_02_folded_middle_backrest
Fra:1 Mem:519.86M (Peak 519.86M) | Time:00:00.75 | Mem:0.00M, Peak:0.00M | Scene, ViewLayer | Synchronizing object | Bay_02_upper_support
Fra:1 Mem:519.86M (Peak 519.86M) | Time:00:00.75 | Mem:0.00M, Peak:0.00M | Scene, ViewLayer | Synchronizing object | Bay_02_upper_hanger_ceiling_plate
Fra:1 Mem:519.88M (Peak 519.88M) | Time:00:00.75 | Mem:0.00M, Peak:0.00M | Scene, ViewLayer | Synchronizing object | Bay_02_upper_support.001
Fra:1 Mem:519.89M (Peak 519.89M) | Time:00:00.75 | Mem:0.00M, Peak:0.00M | Scene, ViewLayer | Synchronizing object | Bay_02_upper_hanger_ceiling_plate.001
Fra:1 Mem:519.92M (Peak 519.92M) | Time:00:00.75 | Mem:0.00M, Peak:0.00M | Scene, ViewLayer | Synchronizing object | Bay_02_luggage_rack_rail
Fra:1 Mem:519.93M (Peak 519.93M) | Time:00:00.75 | Mem:0.00M, Peak:0.00M | Scene, ViewLayer | Synchronizing object | Bay_02_luggage_rack_rail.001
Fra:1 Mem:519.94M (Peak 519.94M) | Time:00:00.75 | Mem:0.00M, Peak:0.00M | Scene, ViewLayer | Synchronizing object | Bay_02_underseat_rack
Fra:1 Mem:519.93M (Peak 519.94M) | Time:00:00.75 | Mem:0.00M, Peak:0.00M | Scene, ViewLayer | Synchronizing object | Bay_02_underseat_rack.001
Fra:1 Mem:519.94M (Peak 519.94M) | Time:00:00.75 | Mem:0.00M, Peak:0.00M | Scene, ViewLayer | Synchronizing object | Bay_02_underseat_rack.002
Fra:1 Mem:519.95M (Peak 519.95M) | Time:00:00.75 | Mem:0.00M, Peak:0.00M | Scene, ViewLayer | Synchronizing object | Bay_02_underseat_rack.003
Fra:1 Mem:519.98M (Peak 519.98M) | Time:00:00.75 | Mem:0.00M, Peak:0.00M | Scene, ViewLayer | Synchronizing object | Bay_02_underseat_rack.004
Fra:1 Mem:520.00M (Peak 520.00M) | Time:00:00.75 | Mem:0.00M, Peak:0.00M | Scene, ViewLayer | Synchronizing object | Bay_02_ladder
Fra:1 Mem:519.99M (Peak 520.00M) | Time:00:00.75 | Mem:0.00M, Peak:0.00M | Scene, ViewLayer | Synchronizing object | Bay_02_ladder.001
Fra:1 Mem:519.99M (Peak 520.00M) | Time:00:00.75 | Mem:0.00M, Peak:0.00M | Scene, ViewLayer | Synchronizing object | Bay_02_ladder_step
Fra:1 Mem:520.00M (Peak 520.00M) | Time:00:00.75 | Mem:0.00M, Peak:0.00M | Scene, ViewLayer | Synchronizing object | Bay_02_ladder_step.001
Fra:1 Mem:520.00M (Peak 520.00M) | Time:00:00.75 | Mem:0.00M, Peak:0.00M | Scene, ViewLayer | Synchronizing object | Bay_02_ladder_step.002
Fra:1 Mem:519.98M (Peak 520.00M) | Time:00:00.75 | Mem:0.00M, Peak:0.00M | Scene, ViewLayer | Synchronizing object | Bay_02_ladder_step.003
Fra:1 Mem:520.00M (Peak 520.00M) | Time:00:00.75 | Mem:0.00M, Peak:0.00M | Scene, ViewLayer | Synchronizing object | Bay_02_ladder_step.004
Fra:1 Mem:520.01M (Peak 520.01M) | Time:00:00.75 | Mem:0.00M, Peak:0.00M | Scene, ViewLayer | Synchronizing object | Bay_02_individual_reading_lamp
Fra:1 Mem:519.97M (Peak 520.01M) | Time:00:00.75 | Mem:0.00M, Peak:0.00M | Scene, ViewLayer | Synchronizing object | Bay_02_lower_cushion.001
Fra:1 Mem:519.97M (Peak 520.01M) | Time:00:00.75 | Mem:0.00M, Peak:0.00M | Scene, ViewLayer | Synchronizing object | Bay_02_lower_cushion_stitched_edge_welt.001
Fra:1 Mem:520.00M (Peak 520.01M) | Time:00:00.75 | Mem:0.00M, Peak:0.00M | Scene, ViewLayer | Synchronizing object | Bay_02_lower_cushion_subtle_cover_stitch.002
Fra:1 Mem:520.05M (Peak 520.05M) | Time:00:00.75 | Mem:0.00M, Peak:0.00M | Scene, ViewLayer | Synchronizing object | Bay_02_lower_cushion_subtle_cover_stitch.003
Fra:1 Mem:520.05M (Peak 520.05M) | Time:00:00.75 | Mem:0.00M, Peak:0.00M | Scene, ViewLayer | Synchronizing object | Bay_02_upper_cushion.001
Fra:1 Mem:520.06M (Peak 520.06M) | Time:00:00.75 | Mem:0.00M, Peak:0.00M | Scene, ViewLayer | Synchronizing object | Bay_02_upper_cushion_stitched_edge_welt.001
Fra:1 Mem:520.11M (Peak 520.11M) | Time:00:00.75 | Mem:0.00M, Peak:0.00M | Scene, ViewLayer | Synchronizing object | Bay_02_upper_cushion_subtle_cover_stitch.002
Fra:1 Mem:520.14M (Peak 520.14M) | Time:00:00.75 | Mem:0.00M, Peak:0.00M | Scene, ViewLayer | Synchronizing object | Bay_02_upper_cushion_subtle_cover_stitch.003
Fra:1 Mem:520.15M (Peak 520.15M) | Time:00:00.75 | Mem:0.00M, Peak:0.00M | Scene, ViewLayer | Synchronizing object | Bay_02_lower_pan.001
Fra:1 Mem:520.15M (Peak 520.15M) | Time:00:00.75 | Mem:0.00M, Peak:0.00M | Scene, ViewLayer | Synchronizing object | Bay_02_lower_leg.002
Fra:1 Mem:520.16M (Peak 520.16M) | Time:00:00.75 | Mem:0.00M, Peak:0.00M | Scene, ViewLayer | Synchronizing object | Bay_02_lower_leg.003
Fra:1 Mem:520.16M (Peak 520.16M) | Time:00:00.75 | Mem:0.00M, Peak:0.00M | Scene, ViewLayer | Synchronizing object | Bay_02_folded_middle_backrest.001
Fra:1 Mem:520.17M (Peak 520.17M) | Time:00:00.75 | Mem:0.00M, Peak:0.00M | Scene, ViewLayer | Synchronizing object | Bay_02_upper_hanger_ceiling_plate.002
Fra:1 Mem:520.19M (Peak 520.19M) | Time:00:00.75 | Mem:0.00M, Peak:0.00M | Scene, ViewLayer | Synchronizing object | Bay_02_upper_support.003
Fra:1 Mem:520.22M (Peak 520.22M) | Time:00:00.75 | Mem:0.00M, Peak:0.00M | Scene, ViewLayer | Synchronizing object | Bay_02_upper_hanger_ceiling_plate.003
Fra:1 Mem:520.23M (Peak 520.23M) | Time:00:00.75 | Mem:0.00M, Peak:0.00M | Scene, ViewLayer | Synchronizing object | Bay_02_luggage_rack_rail.002
Fra:1 Mem:520.25M (Peak 520.25M) | Time:00:00.75 | Mem:0.00M, Peak:0.00M | Scene, ViewLayer | Synchronizing object | Bay_02_luggage_rack_rail.003
Fra:1 Mem:520.26M (Peak 520.26M) | Time:00:00.75 | Mem:0.00M, Peak:0.00M | Scene, ViewLayer | Synchronizing object | Bay_02_underseat_rack.005
Fra:1 Mem:520.24M (Peak 520.26M) | Time:00:00.75 | Mem:0.00M, Peak:0.00M | Scene, ViewLayer | Synchronizing object | Bay_02_underseat_rack.006
Fra:1 Mem:520.25M (Peak 520.26M) | Time:00:00.75 | Mem:0.00M, Peak:0.00M | Scene, ViewLayer | Synchronizing object | Bay_02_underseat_rack.007
Fra:1 Mem:520.26M (Peak 520.26M) | Time:00:00.75 | Mem:0.00M, Peak:0.00M | Scene, ViewLayer | Synchronizing object | Bay_02_underseat_rack.008
Fra:1 Mem:520.29M (Peak 520.29M) | Time:00:00.75 | Mem:0.00M, Peak:0.00M | Scene, ViewLayer | Synchronizing object | Bay_02_underseat_rack.009
Fra:1 Mem:520.29M (Peak 520.29M) | Time:00:00.75 | Mem:0.00M, Peak:0.00M | Scene, ViewLayer | Synchronizing object | Bay_02_ladder.002
Fra:1 Mem:520.29M (Peak 520.29M) | Time:00:00.75 | Mem:0.00M, Peak:0.00M | Scene, ViewLayer | Synchronizing object | Bay_02_ladder.003
Fra:1 Mem:520.30M (Peak 520.30M) | Time:00:00.75 | Mem:0.00M, Peak:0.00M | Scene, ViewLayer | Synchronizing object | Bay_02_ladder_step.005
Fra:1 Mem:520.30M (Peak 520.30M) | Time:00:00.75 | Mem:0.00M, Peak:0.00M | Scene, ViewLayer | Synchronizing object | Bay_02_ladder_step.006
Fra:1 Mem:520.30M (Peak 520.30M) | Time:00:00.75 | Mem:0.00M, Peak:0.00M | Scene, ViewLayer | Synchronizing object | Bay_02_ladder_step.007
Fra:1 Mem:520.30M (Peak 520.30M) | Time:00:00.75 | Mem:0.00M, Peak:0.00M | Scene, ViewLayer | Synchronizing object | Bay_02_ladder_step.008
Fra:1 Mem:520.28M (Peak 520.30M) | Time:00:00.75 | Mem:0.00M, Peak:0.00M | Scene, ViewLayer | Synchronizing object | Bay_02_ladder_step.009
Fra:1 Mem:520.27M (Peak 520.30M) | Time:00:00.75 | Mem:0.00M, Peak:0.00M | Scene, ViewLayer | Synchronizing object | Bay_02_individual_reading_lamp.001
Fra:1 Mem:520.28M (Peak 520.30M) | Time:00:00.75 | Mem:0.00M, Peak:0.00M | Scene, ViewLayer | Synchronizing object | Shared compartment partition.001
Fra:1 Mem:520.28M (Peak 520.30M) | Time:00:00.75 | Mem:0.00M, Peak:0.00M | Scene, ViewLayer | Synchronizing object | Bay_02_side_LOWER_stitched_edge_welt
Fra:1 Mem:520.29M (Peak 520.30M) | Time:00:00.75 | Mem:0.00M, Peak:0.00M | Scene, ViewLayer | Synchronizing object | Bay_02_side_LOWER_support_pan
Fra:1 Mem:520.34M (Peak 520.34M) | Time:00:00.75 | Mem:0.00M, Peak:0.00M | Scene, ViewLayer | Synchronizing object | Bay_02_side_LOWER_wall_bracket
Fra:1 Mem:520.36M (Peak 520.36M) | Time:00:00.75 | Mem:0.00M, Peak:0.00M | Scene, ViewLayer | Synchronizing object | Bay_02_side_LOWER_diagonal_brace
Fra:1 Mem:520.38M (Peak 520.38M) | Time:00:00.75 | Mem:0.00M, Peak:0.00M | Scene, ViewLayer | Synchronizing object | Bay_02_side_lower_floor_leg
Fra:1 Mem:520.36M (Peak 520.38M) | Time:00:00.75 | Mem:0.00M, Peak:0.00M | Scene, ViewLayer | Synchronizing object | Bay_02_side_LOWER_wall_bracket.001
Fra:1 Mem:520.37M (Peak 520.38M) | Time:00:00.75 | Mem:0.00M, Peak:0.00M | Scene, ViewLayer | Synchronizing object | Bay_02_side_LOWER_diagonal_brace.001
Fra:1 Mem:520.38M (Peak 520.38M) | Time:00:00.75 | Mem:0.00M, Peak:0.00M | Scene, ViewLayer | Synchronizing object | Bay_02_side_lower_floor_leg.001
Fra:1 Mem:520.38M (Peak 520.38M) | Time:00:00.75 | Mem:0.00M, Peak:0.00M | Scene, ViewLayer | Synchronizing object | Bay_02_side_UPPER
Fra:1 Mem:520.39M (Peak 520.39M) | Time:00:00.75 | Mem:0.00M, Peak:0.00M | Scene, ViewLayer | Synchronizing object | Bay_02_side_UPPER_stitched_edge_welt
Fra:1 Mem:520.41M (Peak 520.41M) | Time:00:00.75 | Mem:0.00M, Peak:0.00M | Scene, ViewLayer | Synchronizing object | Bay_02_side_UPPER_support_pan
Fra:1 Mem:520.44M (Peak 520.44M) | Time:00:00.75 | Mem:0.00M, Peak:0.00M | Scene, ViewLayer | Synchronizing object | Bay_02_side_UPPER_wall_bracket
Fra:1 Mem:520.46M (Peak 520.46M) | Time:00:00.75 | Mem:0.00M, Peak:0.00M | Scene, ViewLayer | Synchronizing object | Bay_02_side_UPPER_diagonal_brace
Fra:1 Mem:520.46M (Peak 520.46M) | Time:00:00.75 | Mem:0.00M, Peak:0.00M | Scene, ViewLayer | Synchronizing object | Bay_02_side_UPPER_wall_bracket.001
Fra:1 Mem:520.47M (Peak 520.47M) | Time:00:00.75 | Mem:0.00M, Peak:0.00M | Scene, ViewLayer | Synchronizing object | Bay_02_side_UPPER_diagonal_brace.001
Fra:1 Mem:520.47M (Peak 520.47M) | Time:00:00.75 | Mem:0.00M, Peak:0.00M | Scene, ViewLayer | Synchronizing object | Bay_02_side_berth_support
Fra:1 Mem:520.48M (Peak 520.48M) | Time:00:00.75 | Mem:0.00M, Peak:0.00M | Scene, ViewLayer | Synchronizing object | Bay_02_side_seat_back.001
Fra:1 Mem:520.50M (Peak 520.50M) | Time:00:00.75 | Mem:0.00M, Peak:0.00M | Scene, ViewLayer | Synchronizing object | Bay_02_side_berth_support.001
Fra:1 Mem:520.50M (Peak 520.50M) | Time:00:00.75 | Mem:0.00M, Peak:0.00M | Scene, ViewLayer | Synchronizing object | Bay_02_window_table
Fra:1 Mem:520.51M (Peak 520.51M) | Time:00:00.75 | Mem:0.00M, Peak:0.00M | Scene, ViewLayer | Synchronizing object | Bay_02_table_brace
Fra:1 Mem:520.51M (Peak 520.51M) | Time:00:00.75 | Mem:0.00M, Peak:0.00M | Scene, ViewLayer | Synchronizing object | Fan ceiling stem.001
Fra:1 Mem:520.51M (Peak 520.51M) | Time:00:00.75 | Mem:0.00M, Peak:0.00M | Scene, ViewLayer | Synchronizing object | Fan pressed ceiling flange.001
Fra:1 Mem:520.53M (Peak 520.53M) | Time:00:00.75 | Mem:0.00M, Peak:0.00M | Scene, ViewLayer | Synchronizing object | Fan round motor housing.001
Fra:1 Mem:520.53M (Peak 520.53M) | Time:00:00.75 | Mem:0.00M, Peak:0.00M | Scene, ViewLayer | Synchronizing object | Fan concentric safety grille.006
Fra:1 Mem:520.54M (Peak 520.54M) | Time:00:00.75 | Mem:0.00M, Peak:0.00M | Scene, ViewLayer | Synchronizing object | Fan concentric safety grille.007
Fra:1 Mem:520.60M (Peak 520.60M) | Time:00:00.75 | Mem:0.00M, Peak:0.00M | Scene, ViewLayer | Synchronizing object | Fan concentric safety grille.008
Fra:1 Mem:520.71M (Peak 520.71M) | Time:00:00.75 | Mem:0.00M, Peak:0.00M | Scene, ViewLayer | Synchronizing object | Fan concentric safety grille.009
Fra:1 Mem:520.71M (Peak 520.71M) | Time:00:00.75 | Mem:0.00M, Peak:0.00M | Scene, ViewLayer | Synchronizing object | Fan concentric safety grille.010
Fra:1 Mem:520.76M (Peak 520.76M) | Time:00:00.75 | Mem:0.00M, Peak:0.00M | Scene, ViewLayer | Synchronizing object | Fan concentric safety grille.011
Fra:1 Mem:520.89M (Peak 520.89M) | Time:00:00.75 | Mem:0.00M, Peak:0.00M | Scene, ViewLayer | Synchronizing object | Fan radial cage wire.024
Fra:1 Mem:520.89M (Peak 520.89M) | Time:00:00.75 | Mem:0.00M, Peak:0.00M | Scene, ViewLayer | Synchronizing object | Fan radial cage wire.025
Fra:1 Mem:520.90M (Peak 520.90M) | Time:00:00.75 | Mem:0.00M, Peak:0.00M | Scene, ViewLayer | Synchronizing object | Fan radial cage wire.026
Fra:1 Mem:520.90M (Peak 520.90M) | Time:00:00.75 | Mem:0.00M, Peak:0.00M | Scene, ViewLayer | Synchronizing object | Fan radial cage wire.027
Fra:1 Mem:520.91M (Peak 520.91M) | Time:00:00.75 | Mem:0.00M, Peak:0.00M | Scene, ViewLayer | Synchronizing object | Fan radial cage wire.028
Fra:1 Mem:520.91M (Peak 520.91M) | Time:00:00.75 | Mem:0.00M, Peak:0.00M | Scene, ViewLayer | Synchronizing object | Fan radial cage wire.029
Fra:1 Mem:520.92M (Peak 520.92M) | Time:00:00.75 | Mem:0.00M, Peak:0.00M | Scene, ViewLayer | Synchronizing object | Fan radial cage wire.030
Fra:1 Mem:520.93M (Peak 520.93M) | Time:00:00.75 | Mem:0.00M, Peak:0.00M | Scene, ViewLayer | Synchronizing object | Fan radial cage wire.031
Fra:1 Mem:520.93M (Peak 520.93M) | Time:00:00.75 | Mem:0.00M, Peak:0.00M | Scene, ViewLayer | Synchronizing object | Fan radial cage wire.033
Fra:1 Mem:520.94M (Peak 520.94M) | Time:00:00.75 | Mem:0.00M, Peak:0.00M | Scene, ViewLayer | Synchronizing object | Fan radial cage wire.034
Fra:1 Mem:520.94M (Peak 520.94M) | Time:00:00.75 | Mem:0.00M, Peak:0.00M | Scene, ViewLayer | Synchronizing object | Fan radial cage wire.036
Fra:1 Mem:520.96M (Peak 520.96M) | Time:00:00.75 | Mem:0.00M, Peak:0.00M | Scene, ViewLayer | Synchronizing object | Fan radial cage wire.037
Fra:1 Mem:520.96M (Peak 520.96M) | Time:00:00.75 | Mem:0.00M, Peak:0.00M | Scene, ViewLayer | Synchronizing object | Fan radial cage wire.039
Fra:1 Mem:520.97M (Peak 520.97M) | Time:00:00.75 | Mem:0.00M, Peak:0.00M | Scene, ViewLayer | Synchronizing object | Fan radial cage wire.040
Fra:1 Mem:520.97M (Peak 520.97M) | Time:00:00.75 | Mem:0.00M, Peak:0.00M | Scene, ViewLayer | Synchronizing object | Fan radial cage wire.041
Fra:1 Mem:520.98M (Peak 520.98M) | Time:00:00.75 | Mem:0.00M, Peak:0.00M | Scene, ViewLayer | Synchronizing object | Fan radial cage wire.042
Fra:1 Mem:520.98M (Peak 520.98M) | Time:00:00.75 | Mem:0.00M, Peak:0.00M | Scene, ViewLayer | Synchronizing object | Fan radial cage wire.043
Fra:1 Mem:520.99M (Peak 520.99M) | Time:00:00.75 | Mem:0.00M, Peak:0.00M | Scene, ViewLayer | Synchronizing object | Fan radial cage wire.044
Fra:1 Mem:520.99M (Peak 520.99M) | Time:00:00.75 | Mem:0.00M, Peak:0.00M | Scene, ViewLayer | Synchronizing object | Fan radial cage wire.046
Fra:1 Mem:521.01M (Peak 521.01M) | Time:00:00.75 | Mem:0.00M, Peak:0.00M | Scene, ViewLayer | Synchronizing object | Fan radial cage wire.047
Fra:1 Mem:521.01M (Peak 521.01M) | Time:00:00.75 | Mem:0.00M, Peak:0.00M | Scene, ViewLayer | Synchronizing object | Fan swept three blade rotor.004
Fra:1 Mem:521.02M (Peak 521.02M) | Time:00:00.75 | Mem:0.00M, Peak:0.00M | Scene, ViewLayer | Synchronizing object | Fan swept three blade rotor.005
Fra:1 Mem:521.02M (Peak 521.02M) | Time:00:00.75 | Mem:0.00M, Peak:0.00M | Scene, ViewLayer | Synchronizing object | Fan centre decorative cap.001
Fra:1 Mem:521.02M (Peak 521.02M) | Time:00:00.75 | Mem:0.00M, Peak:0.00M | Scene, ViewLayer | Synchronizing object | Fan grille locking clip.004
Fra:1 Mem:521.03M (Peak 521.03M) | Time:00:00.75 | Mem:0.00M, Peak:0.00M | Scene, ViewLayer | Synchronizing object | Fan grille locking clip.005
Fra:1 Mem:521.04M (Peak 521.04M) | Time:00:00.75 | Mem:0.00M, Peak:0.00M | Scene, ViewLayer | Synchronizing object | Fan grille locking clip.006
Fra:1 Mem:521.05M (Peak 521.05M) | Time:00:00.75 | Mem:0.00M, Peak:0.00M | Scene, ViewLayer | Synchronizing object | Fan grille locking clip.007
Fra:1 Mem:521.06M (Peak 521.06M) | Time:00:00.75 | Mem:0.00M, Peak:0.00M | Scene, ViewLayer | Synchronizing object | Bay_02_number_plate
Fra:1 Mem:521.07M (Peak 521.07M) | Time:00:00.75 | Mem:0.00M, Peak:0.00M | Scene, ViewLayer | Synchronizing object | Bay_03_lower_cushion
Fra:1 Mem:521.08M (Peak 521.08M) | Time:00:00.75 | Mem:0.00M, Peak:0.00M | Scene, ViewLayer | Synchronizing object | Bay_03_lower_cushion_stitched_edge_welt
Fra:1 Mem:521.14M (Peak 521.14M) | Time:00:00.75 | Mem:0.00M, Peak:0.00M | Scene, ViewLayer | Synchronizing object | Bay_03_lower_cushion_subtle_cover_stitch
Fra:1 Mem:521.15M (Peak 521.15M) | Time:00:00.75 | Mem:0.00M, Peak:0.00M | Scene, ViewLayer | Synchronizing object | Bay_03_lower_cushion_subtle_cover_stitch.001
Fra:1 Mem:521.18M (Peak 521.18M) | Time:00:00.75 | Mem:0.00M, Peak:0.00M | Scene, ViewLayer | Synchronizing object | Bay_03_upper_cushion
Fra:1 Mem:521.18M (Peak 521.18M) | Time:00:00.75 | Mem:0.00M, Peak:0.00M | Scene, ViewLayer | Synchronizing object | Bay_03_upper_cushion_stitched_edge_welt
Fra:1 Mem:521.20M (Peak 521.20M) | Time:00:00.75 | Mem:0.00M, Peak:0.00M | Scene, ViewLayer | Synchronizing object | Bay_03_upper_cushion_subtle_cover_stitch
Fra:1 Mem:521.25M (Peak 521.25M) | Time:00:00.75 | Mem:0.00M, Peak:0.00M | Scene, ViewLayer | Synchronizing object | Bay_03_upper_cushion_subtle_cover_stitch.001
Fra:1 Mem:521.27M (Peak 521.27M) | Time:00:00.75 | Mem:0.00M, Peak:0.00M | Scene, ViewLayer | Synchronizing object | Bay_03_lower_pan
Fra:1 Mem:521.27M (Peak 521.27M) | Time:00:00.75 | Mem:0.00M, Peak:0.00M | Scene, ViewLayer | Synchronizing object | Bay_03_lower_leg
Fra:1 Mem:521.28M (Peak 521.28M) | Time:00:00.75 | Mem:0.00M, Peak:0.00M | Scene, ViewLayer | Synchronizing object | Bay_03_lower_leg.001
Fra:1 Mem:521.27M (Peak 521.28M) | Time:00:00.75 | Mem:0.00M, Peak:0.00M | Scene, ViewLayer | Synchronizing object | Bay_03_folded_middle_backrest
Fra:1 Mem:521.27M (Peak 521.28M) | Time:00:00.75 | Mem:0.00M, Peak:0.00M | Scene, ViewLayer | Synchronizing object | Bay_03_upper_support
Fra:1 Mem:521.28M (Peak 521.28M) | Time:00:00.75 | Mem:0.00M, Peak:0.00M | Scene, ViewLayer | Synchronizing object | Bay_03_upper_hanger_ceiling_plate
Fra:1 Mem:521.30M (Peak 521.30M) | Time:00:00.75 | Mem:0.00M, Peak:0.00M | Scene, ViewLayer | Synchronizing object | Bay_03_upper_support.001
Fra:1 Mem:521.31M (Peak 521.31M) | Time:00:00.75 | Mem:0.00M, Peak:0.00M | Scene, ViewLayer | Synchronizing object | Bay_03_upper_hanger_ceiling_plate.001
Fra:1 Mem:521.31M (Peak 521.31M) | Time:00:00.75 | Mem:0.00M, Peak:0.00M | Scene, ViewLayer | Synchronizing object | Bay_03_luggage_rack_rail
Fra:1 Mem:521.34M (Peak 521.34M) | Time:00:00.75 | Mem:0.00M, Peak:0.00M | Scene, ViewLayer | Synchronizing object | Bay_03_luggage_rack_rail.001
Fra:1 Mem:521.36M (Peak 521.36M) | Time:00:00.75 | Mem:0.00M, Peak:0.00M | Scene, ViewLayer | Synchronizing object | Bay_03_underseat_rack
Fra:1 Mem:521.36M (Peak 521.36M) | Time:00:00.75 | Mem:0.00M, Peak:0.00M | Scene, ViewLayer | Synchronizing object | Bay_03_underseat_rack.001
Fra:1 Mem:521.37M (Peak 521.37M) | Time:00:00.75 | Mem:0.00M, Peak:0.00M | Scene, ViewLayer | Synchronizing object | Bay_03_underseat_rack.002
Fra:1 Mem:521.35M (Peak 521.37M) | Time:00:00.75 | Mem:0.00M, Peak:0.00M | Scene, ViewLayer | Synchronizing object | Bay_03_underseat_rack.003
Fra:1 Mem:521.37M (Peak 521.37M) | Time:00:00.75 | Mem:0.00M, Peak:0.00M | Scene, ViewLayer | Synchronizing object | Bay_03_underseat_rack.004
Fra:1 Mem:521.37M (Peak 521.37M) | Time:00:00.75 | Mem:0.00M, Peak:0.00M | Scene, ViewLayer | Synchronizing object | Bay_03_ladder
Fra:1 Mem:521.37M (Peak 521.37M) | Time:00:00.75 | Mem:0.00M, Peak:0.00M | Scene, ViewLayer | Synchronizing object | Bay_03_ladder.001
Fra:1 Mem:521.41M (Peak 521.41M) | Time:00:00.75 | Mem:0.00M, Peak:0.00M | Scene, ViewLayer | Synchronizing object | Bay_03_ladder_step
Fra:1 Mem:521.41M (Peak 521.41M) | Time:00:00.75 | Mem:0.00M, Peak:0.00M | Scene, ViewLayer | Synchronizing object | Bay_03_ladder_step.001
Fra:1 Mem:521.42M (Peak 521.42M) | Time:00:00.75 | Mem:0.00M, Peak:0.00M | Scene, ViewLayer | Synchronizing object | Bay_03_ladder_step.002
Fra:1 Mem:521.42M (Peak 521.42M) | Time:00:00.75 | Mem:0.00M, Peak:0.00M | Scene, ViewLayer | Synchronizing object | Bay_03_ladder_step.003
Fra:1 Mem:521.43M (Peak 521.43M) | Time:00:00.75 | Mem:0.00M, Peak:0.00M | Scene, ViewLayer | Synchronizing object | Bay_03_ladder_step.004
Fra:1 Mem:521.43M (Peak 521.43M) | Time:00:00.75 | Mem:0.00M, Peak:0.00M | Scene, ViewLayer | Synchronizing object | Bay_03_individual_reading_lamp
Fra:1 Mem:521.43M (Peak 521.43M) | Time:00:00.75 | Mem:0.00M, Peak:0.00M | Scene, ViewLayer | Synchronizing object | Bay_03_lower_cushion.001
Fra:1 Mem:521.41M (Peak 521.43M) | Time:00:00.75 | Mem:0.00M, Peak:0.00M | Scene, ViewLayer | Synchronizing object | Bay_03_lower_cushion_stitched_edge_welt.001
Fra:1 Mem:521.43M (Peak 521.43M) | Time:00:00.75 | Mem:0.00M, Peak:0.00M | Scene, ViewLayer | Synchronizing object | Bay_03_lower_cushion_subtle_cover_stitch.002
Fra:1 Mem:521.47M (Peak 521.47M) | Time:00:00.75 | Mem:0.00M, Peak:0.00M | Scene, ViewLayer | Synchronizing object | Bay_03_lower_cushion_subtle_cover_stitch.003
Fra:1 Mem:521.47M (Peak 521.47M) | Time:00:00.75 | Mem:0.00M, Peak:0.00M | Scene, ViewLayer | Synchronizing object | Bay_03_upper_cushion_stitched_edge_welt.001
Fra:1 Mem:521.53M (Peak 521.53M) | Time:00:00.75 | Mem:0.00M, Peak:0.00M | Scene, ViewLayer | Synchronizing object | Bay_03_upper_cushion_subtle_cover_stitch.002
Fra:1 Mem:521.54M (Peak 521.54M) | Time:00:00.75 | Mem:0.00M, Peak:0.00M | Scene, ViewLayer | Synchronizing object | Bay_03_upper_cushion_subtle_cover_stitch.003
Fra:1 Mem:521.57M (Peak 521.57M) | Time:00:00.75 | Mem:0.00M, Peak:0.00M | Scene, ViewLayer | Synchronizing object | Bay_03_lower_pan.001
Fra:1 Mem:521.58M (Peak 521.58M) | Time:00:00.75 | Mem:0.00M, Peak:0.00M | Scene, ViewLayer | Synchronizing object | Bay_03_lower_leg.002
Fra:1 Mem:521.58M (Peak 521.58M) | Time:00:00.75 | Mem:0.00M, Peak:0.00M | Scene, ViewLayer | Synchronizing object | Bay_03_lower_leg.003
Fra:1 Mem:521.60M (Peak 521.60M) | Time:00:00.75 | Mem:0.00M, Peak:0.00M | Scene, ViewLayer | Synchronizing object | Bay_03_folded_middle_backrest.001
Fra:1 Mem:521.59M (Peak 521.60M) | Time:00:00.75 | Mem:0.00M, Peak:0.00M | Scene, ViewLayer | Synchronizing object | Bay_03_upper_support.002
Fra:1 Mem:521.59M (Peak 521.60M) | Time:00:00.75 | Mem:0.00M, Peak:0.00M | Scene, ViewLayer | Synchronizing object | Bay_03_upper_hanger_ceiling_plate.002
Fra:1 Mem:521.61M (Peak 521.61M) | Time:00:00.75 | Mem:0.00M, Peak:0.00M | Scene, ViewLayer | Synchronizing object | Bay_03_upper_support.003
Fra:1 Mem:521.64M (Peak 521.64M) | Time:00:00.75 | Mem:0.00M, Peak:0.00M | Scene, ViewLayer | Synchronizing object | Bay_03_upper_hanger_ceiling_plate.003
Fra:1 Mem:521.64M (Peak 521.64M) | Time:00:00.75 | Mem:0.00M, Peak:0.00M | Scene, ViewLayer | Synchronizing object | Bay_03_luggage_rack_rail.002
Fra:1 Mem:521.67M (Peak 521.67M) | Time:00:00.75 | Mem:0.00M, Peak:0.00M | Scene, ViewLayer | Synchronizing object | Bay_03_luggage_rack_rail.003
Fra:1 Mem:521.67M (Peak 521.67M) | Time:00:00.75 | Mem:0.00M, Peak:0.00M | Scene, ViewLayer | Synchronizing object | Bay_03_underseat_rack.005
Fra:1 Mem:521.67M (Peak 521.67M) | Time:00:00.75 | Mem:0.00M, Peak:0.00M | Scene, ViewLayer | Synchronizing object | Bay_03_underseat_rack.006
Fra:1 Mem:521.67M (Peak 521.67M) | Time:00:00.75 | Mem:0.00M, Peak:0.00M | Scene, ViewLayer | Synchronizing object | Bay_03_underseat_rack.007
Fra:1 Mem:521.71M (Peak 521.71M) | Time:00:00.75 | Mem:0.00M, Peak:0.00M | Scene, ViewLayer | Synchronizing object | Bay_03_underseat_rack.008
Fra:1 Mem:521.71M (Peak 521.71M) | Time:00:00.75 | Mem:0.00M, Peak:0.00M | Scene, ViewLayer | Synchronizing object | Bay_03_underseat_rack.009
Fra:1 Mem:521.71M (Peak 521.71M) | Time:00:00.75 | Mem:0.00M, Peak:0.00M | Scene, ViewLayer | Synchronizing object | Bay_03_ladder.002
Fra:1 Mem:521.71M (Peak 521.71M) | Time:00:00.75 | Mem:0.00M, Peak:0.00M | Scene, ViewLayer | Synchronizing object | Bay_03_ladder.003
Fra:1 Mem:521.72M (Peak 521.72M) | Time:00:00.75 | Mem:0.00M, Peak:0.00M | Scene, ViewLayer | Synchronizing object | Bay_03_ladder_step.005
Fra:1 Mem:521.72M (Peak 521.72M) | Time:00:00.75 | Mem:0.00M, Peak:0.00M | Scene, ViewLayer | Synchronizing object | Bay_03_ladder_step.006
Fra:1 Mem:521.71M (Peak 521.72M) | Time:00:00.75 | Mem:0.00M, Peak:0.00M | Scene, ViewLayer | Synchronizing object | Bay_03_ladder_step.007
Fra:1 Mem:521.73M (Peak 521.73M) | Time:00:00.75 | Mem:0.00M, Peak:0.00M | Scene, ViewLayer | Synchronizing object | Bay_03_ladder_step.008
Fra:1 Mem:521.70M (Peak 521.73M) | Time:00:00.75 | Mem:0.00M, Peak:0.00M | Scene, ViewLayer | Synchronizing object | Bay_03_ladder_step.009
Fra:1 Mem:521.69M (Peak 521.73M) | Time:00:00.75 | Mem:0.00M, Peak:0.00M | Scene, ViewLayer | Synchronizing object | Bay_03_individual_reading_lamp.001
Fra:1 Mem:521.69M (Peak 521.73M) | Time:00:00.75 | Mem:0.00M, Peak:0.00M | Scene, ViewLayer | Synchronizing object | Shared compartment partition.002
Fra:1 Mem:521.70M (Peak 521.73M) | Time:00:00.75 | Mem:0.00M, Peak:0.00M | Scene, ViewLayer | Synchronizing object | Bay_03_side_LOWER
Fra:1 Mem:521.71M (Peak 521.73M) | Time:00:00.75 | Mem:0.00M, Peak:0.00M | Scene, ViewLayer | Synchronizing object | Bay_03_side_LOWER_stitched_edge_welt
Fra:1 Mem:521.72M (Peak 521.73M) | Time:00:00.75 | Mem:0.00M, Peak:0.00M | Scene, ViewLayer | Synchronizing object | Bay_03_side_LOWER_support_pan
Fra:1 Mem:521.76M (Peak 521.76M) | Time:00:00.75 | Mem:0.00M, Peak:0.00M | Scene, ViewLayer | Synchronizing object | Bay_03_side_LOWER_wall_bracket
Fra:1 Mem:521.78M (Peak 521.78M) | Time:00:00.75 | Mem:0.00M, Peak:0.00M | Scene, ViewLayer | Synchronizing object | Bay_03_side_LOWER_diagonal_brace
Fra:1 Mem:521.78M (Peak 521.78M) | Time:00:00.75 | Mem:0.00M, Peak:0.00M | Scene, ViewLayer | Synchronizing object | Bay_03_side_lower_floor_leg
Fra:1 Mem:521.78M (Peak 521.78M) | Time:00:00.75 | Mem:0.00M, Peak:0.00M | Scene, ViewLayer | Synchronizing object | Bay_03_side_LOWER_wall_bracket.001
Fra:1 Mem:521.79M (Peak 521.79M) | Time:00:00.75 | Mem:0.00M, Peak:0.00M | Scene, ViewLayer | Synchronizing object | Bay_03_side_LOWER_diagonal_brace.001
Fra:1 Mem:521.81M (Peak 521.81M) | Time:00:00.75 | Mem:0.00M, Peak:0.00M | Scene, ViewLayer | Synchronizing object | Bay_03_side_lower_floor_leg.001
Fra:1 Mem:521.81M (Peak 521.81M) | Time:00:00.75 | Mem:0.00M, Peak:0.00M | Scene, ViewLayer | Synchronizing object | Bay_03_side_UPPER
Fra:1 Mem:521.80M (Peak 521.81M) | Time:00:00.75 | Mem:0.00M, Peak:0.00M | Scene, ViewLayer | Synchronizing object | Bay_03_side_UPPER_stitched_edge_welt
Fra:1 Mem:521.81M (Peak 521.81M) | Time:00:00.75 | Mem:0.00M, Peak:0.00M | Scene, ViewLayer | Synchronizing object | Bay_03_side_UPPER_support_pan
Fra:1 Mem:521.86M (Peak 521.86M) | Time:00:00.75 | Mem:0.00M, Peak:0.00M | Scene, ViewLayer | Synchronizing object | Bay_03_side_UPPER_wall_bracket
Fra:1 Mem:521.88M (Peak 521.88M) | Time:00:00.75 | Mem:0.00M, Peak:0.00M | Scene, ViewLayer | Synchronizing object | Bay_03_side_UPPER_diagonal_brace
Fra:1 Mem:521.88M (Peak 521.88M) | Time:00:00.75 | Mem:0.00M, Peak:0.00M | Scene, ViewLayer | Synchronizing object | Bay_03_side_UPPER_wall_bracket.001
Fra:1 Mem:521.88M (Peak 521.88M) | Time:00:00.75 | Mem:0.00M, Peak:0.00M | Scene, ViewLayer | Synchronizing object | Bay_03_side_UPPER_diagonal_brace.001
Fra:1 Mem:521.89M (Peak 521.89M) | Time:00:00.75 | Mem:0.00M, Peak:0.00M | Scene, ViewLayer | Synchronizing object | Bay_03_side_seat_back
Fra:1 Mem:521.89M (Peak 521.89M) | Time:00:00.75 | Mem:0.00M, Peak:0.00M | Scene, ViewLayer | Synchronizing object | Bay_03_side_berth_support
Fra:1 Mem:521.89M (Peak 521.89M) | Time:00:00.75 | Mem:0.00M, Peak:0.00M | Scene, ViewLayer | Synchronizing object | Bay_03_side_seat_back.001
Fra:1 Mem:521.90M (Peak 521.90M) | Time:00:00.75 | Mem:0.00M, Peak:0.00M | Scene, ViewLayer | Synchronizing object | Bay_03_side_berth_support.001
Fra:1 Mem:521.91M (Peak 521.91M) | Time:00:00.75 | Mem:0.00M, Peak:0.00M | Scene, ViewLayer | Synchronizing object | Bay_03_side_cushion_seam
Fra:1 Mem:521.92M (Peak 521.92M) | Time:00:00.75 | Mem:0.00M, Peak:0.00M | Scene, ViewLayer | Synchronizing object | Bay_03_window_table
Fra:1 Mem:521.92M (Peak 521.92M) | Time:00:00.75 | Mem:0.00M, Peak:0.00M | Scene, ViewLayer | Synchronizing object | Bay_03_table_brace
Fra:1 Mem:521.93M (Peak 521.93M) | Time:00:00.75 | Mem:0.00M, Peak:0.00M | Scene, ViewLayer | Synchronizing object | Fan pressed ceiling flange.002
Fra:1 Mem:521.95M (Peak 521.95M) | Time:00:00.75 | Mem:0.00M, Peak:0.00M | Scene, ViewLayer | Synchronizing object | Fan round motor housing.002
Fra:1 Mem:521.95M (Peak 521.95M) | Time:00:00.75 | Mem:0.00M, Peak:0.00M | Scene, ViewLayer | Synchronizing object | Fan concentric safety grille.012
Fra:1 Mem:521.99M (Peak 521.99M) | Time:00:00.75 | Mem:0.00M, Peak:0.00M | Scene, ViewLayer | Synchronizing object | Fan concentric safety grille.013
Fra:1 Mem:522.07M (Peak 522.07M) | Time:00:00.75 | Mem:0.00M, Peak:0.00M | Scene, ViewLayer | Synchronizing object | Fan concentric safety grille.014
Fra:1 Mem:522.11M (Peak 522.11M) | Time:00:00.75 | Mem:0.00M, Peak:0.00M | Scene, ViewLayer | Synchronizing object | Fan concentric safety grille.015
Fra:1 Mem:522.17M (Peak 522.17M) | Time:00:00.75 | Mem:0.00M, Peak:0.00M | Scene, ViewLayer | Synchronizing object | Fan concentric safety grille.016
Fra:1 Mem:522.20M (Peak 522.20M) | Time:00:00.75 | Mem:0.00M, Peak:0.00M | Scene, ViewLayer | Synchronizing object | Fan concentric safety grille.017
Fra:1 Mem:522.27M (Peak 522.27M) | Time:00:00.75 | Mem:0.00M, Peak:0.00M | Scene, ViewLayer | Synchronizing object | Fan radial cage wire.048
Fra:1 Mem:522.30M (Peak 522.30M) | Time:00:00.75 | Mem:0.00M, Peak:0.00M | Scene, ViewLayer | Synchronizing object | Fan radial cage wire.049
Fra:1 Mem:522.31M (Peak 522.31M) | Time:00:00.75 | Mem:0.00M, Peak:0.00M | Scene, ViewLayer | Synchronizing object | Fan radial cage wire.050
Fra:1 Mem:522.33M (Peak 522.33M) | Time:00:00.75 | Mem:0.00M, Peak:0.00M | Scene, ViewLayer | Synchronizing object | Fan radial cage wire.051
Fra:1 Mem:522.33M (Peak 522.33M) | Time:00:00.75 | Mem:0.00M, Peak:0.00M | Scene, ViewLayer | Synchronizing object | Fan radial cage wire.053
Fra:1 Mem:522.34M (Peak 522.34M) | Time:00:00.75 | Mem:0.00M, Peak:0.00M | Scene, ViewLayer | Synchronizing object | Fan radial cage wire.054
Fra:1 Mem:522.34M (Peak 522.34M) | Time:00:00.75 | Mem:0.00M, Peak:0.00M | Scene, ViewLayer | Synchronizing object | Fan radial cage wire.056
Fra:1 Mem:522.36M (Peak 522.36M) | Time:00:00.75 | Mem:0.00M, Peak:0.00M | Scene, ViewLayer | Synchronizing object | Fan radial cage wire.057
Fra:1 Mem:522.36M (Peak 522.36M) | Time:00:00.75 | Mem:0.00M, Peak:0.00M | Scene, ViewLayer | Synchronizing object | Fan radial cage wire.058
Fra:1 Mem:522.37M (Peak 522.37M) | Time:00:00.75 | Mem:0.00M, Peak:0.00M | Scene, ViewLayer | Synchronizing object | Fan radial cage wire.059
Fra:1 Mem:522.39M (Peak 522.39M) | Time:00:00.75 | Mem:0.00M, Peak:0.00M | Scene, ViewLayer | Synchronizing object | Fan radial cage wire.060
Fra:1 Mem:522.38M (Peak 522.39M) | Time:00:00.75 | Mem:0.00M, Peak:0.00M | Scene, ViewLayer | Synchronizing object | Fan radial cage wire.061
Fra:1 Mem:522.38M (Peak 522.39M) | Time:00:00.75 | Mem:0.00M, Peak:0.00M | Scene, ViewLayer | Synchronizing object | Fan radial cage wire.062
Fra:1 Mem:522.39M (Peak 522.39M) | Time:00:00.75 | Mem:0.00M, Peak:0.00M | Scene, ViewLayer | Synchronizing object | Fan radial cage wire.063
Fra:1 Mem:522.40M (Peak 522.40M) | Time:00:00.75 | Mem:0.00M, Peak:0.00M | Scene, ViewLayer | Synchronizing object | Fan radial cage wire.064
Fra:1 Mem:522.40M (Peak 522.40M) | Time:00:00.75 | Mem:0.00M, Peak:0.00M | Scene, ViewLayer | Synchronizing object | Fan radial cage wire.065
Fra:1 Mem:522.40M (Peak 522.40M) | Time:00:00.75 | Mem:0.00M, Peak:0.00M | Scene, ViewLayer | Synchronizing object | Fan radial cage wire.066
Fra:1 Mem:522.41M (Peak 522.41M) | Time:00:00.75 | Mem:0.00M, Peak:0.00M | Scene, ViewLayer | Synchronizing object | Fan radial cage wire.067
Fra:1 Mem:522.42M (Peak 522.42M) | Time:00:00.75 | Mem:0.00M, Peak:0.00M | Scene, ViewLayer | Synchronizing object | Fan radial cage wire.068
Fra:1 Mem:522.42M (Peak 522.42M) | Time:00:00.75 | Mem:0.00M, Peak:0.00M | Scene, ViewLayer | Synchronizing object | Fan radial cage wire.069
Fra:1 Mem:522.43M (Peak 522.43M) | Time:00:00.75 | Mem:0.00M, Peak:0.00M | Scene, ViewLayer | Synchronizing object | Fan radial cage wire.070
Fra:1 Mem:522.44M (Peak 522.44M) | Time:00:00.75 | Mem:0.00M, Peak:0.00M | Scene, ViewLayer | Synchronizing object | Fan radial cage wire.071
Fra:1 Mem:522.44M (Peak 522.44M) | Time:00:00.75 | Mem:0.00M, Peak:0.00M | Scene, ViewLayer | Synchronizing object | Fan swept three blade rotor.006
Fra:1 Mem:522.44M (Peak 522.44M) | Time:00:00.75 | Mem:0.00M, Peak:0.00M | Scene, ViewLayer | Synchronizing object | Fan swept three blade rotor.007
Fra:1 Mem:522.44M (Peak 522.44M) | Time:00:00.75 | Mem:0.00M, Peak:0.00M | Scene, ViewLayer | Synchronizing object | Fan swept three blade rotor.008
Fra:1 Mem:522.45M (Peak 522.45M) | Time:00:00.75 | Mem:0.00M, Peak:0.00M | Scene, ViewLayer | Synchronizing object | Fan centre decorative cap.002
Fra:1 Mem:522.45M (Peak 522.45M) | Time:00:00.75 | Mem:0.00M, Peak:0.00M | Scene, ViewLayer | Synchronizing object | Fan grille locking clip.008
Fra:1 Mem:522.46M (Peak 522.46M) | Time:00:00.75 | Mem:0.00M, Peak:0.00M | Scene, ViewLayer | Synchronizing object | Fan grille locking clip.009
Fra:1 Mem:522.47M (Peak 522.47M) | Time:00:00.75 | Mem:0.00M, Peak:0.00M | Scene, ViewLayer | Synchronizing object | Fan grille locking clip.010
Fra:1 Mem:522.47M (Peak 522.47M) | Time:00:00.75 | Mem:0.00M, Peak:0.00M | Scene, ViewLayer | Synchronizing object | Bay_03_number_plate
Fra:1 Mem:522.50M (Peak 522.50M) | Time:00:00.75 | Mem:0.00M, Peak:0.00M | Scene, ViewLayer | Synchronizing object | Bay_04_lower_cushion
Fra:1 Mem:522.50M (Peak 522.50M) | Time:00:00.75 | Mem:0.00M, Peak:0.00M | Scene, ViewLayer | Synchronizing object | Bay_04_lower_cushion_stitched_edge_welt
Fra:1 Mem:522.58M (Peak 522.58M) | Time:00:00.75 | Mem:0.00M, Peak:0.00M | Scene, ViewLayer | Synchronizing object | Bay_04_lower_cushion_subtle_cover_stitch
Fra:1 Mem:522.60M (Peak 522.60M) | Time:00:00.75 | Mem:0.00M, Peak:0.00M | Scene, ViewLayer | Synchronizing object | Bay_04_lower_cushion_subtle_cover_stitch.001
Fra:1 Mem:522.60M (Peak 522.60M) | Time:00:00.75 | Mem:0.00M, Peak:0.00M | Scene, ViewLayer | Synchronizing object | Bay_04_upper_cushion
Fra:1 Mem:522.64M (Peak 522.64M) | Time:00:00.75 | Mem:0.00M, Peak:0.00M | Scene, ViewLayer | Synchronizing object | Bay_04_upper_cushion_stitched_edge_welt
Fra:1 Mem:522.67M (Peak 522.67M) | Time:00:00.75 | Mem:0.00M, Peak:0.00M | Scene, ViewLayer | Synchronizing object | Bay_04_upper_cushion_subtle_cover_stitch
Fra:1 Mem:522.70M (Peak 522.70M) | Time:00:00.75 | Mem:0.00M, Peak:0.00M | Scene, ViewLayer | Synchronizing object | Bay_04_upper_cushion_subtle_cover_stitch.001
Fra:1 Mem:522.70M (Peak 522.70M) | Time:00:00.75 | Mem:0.00M, Peak:0.00M | Scene, ViewLayer | Synchronizing object | Bay_04_lower_pan
Fra:1 Mem:522.71M (Peak 522.71M) | Time:00:00.75 | Mem:0.00M, Peak:0.00M | Scene, ViewLayer | Synchronizing object | Bay_04_lower_leg
Fra:1 Mem:522.71M (Peak 522.71M) | Time:00:00.75 | Mem:0.00M, Peak:0.00M | Scene, ViewLayer | Synchronizing object | Bay_04_lower_leg.001
Fra:1 Mem:522.72M (Peak 522.72M) | Time:00:00.75 | Mem:0.00M, Peak:0.00M | Scene, ViewLayer | Synchronizing object | Bay_04_folded_middle_backrest
Fra:1 Mem:522.72M (Peak 522.72M) | Time:00:00.75 | Mem:0.00M, Peak:0.00M | Scene, ViewLayer | Synchronizing object | Bay_04_upper_support
Fra:1 Mem:522.72M (Peak 522.72M) | Time:00:00.75 | Mem:0.00M, Peak:0.00M | Scene, ViewLayer | Synchronizing object | Bay_04_upper_hanger_ceiling_plate
Fra:1 Mem:522.74M (Peak 522.74M) | Time:00:00.75 | Mem:0.00M, Peak:0.00M | Scene, ViewLayer | Synchronizing object | Bay_04_upper_support.001
Fra:1 Mem:522.74M (Peak 522.74M) | Time:00:00.75 | Mem:0.00M, Peak:0.00M | Scene, ViewLayer | Synchronizing object | Bay_04_upper_hanger_ceiling_plate.001
Fra:1 Mem:522.75M (Peak 522.75M) | Time:00:00.75 | Mem:0.00M, Peak:0.00M | Scene, ViewLayer | Synchronizing object | Bay_04_luggage_rack_rail
Fra:1 Mem:522.79M (Peak 522.79M) | Time:00:00.75 | Mem:0.00M, Peak:0.00M | Scene, ViewLayer | Synchronizing object | Bay_04_luggage_rack_rail.001
Fra:1 Mem:522.80M (Peak 522.80M) | Time:00:00.75 | Mem:0.00M, Peak:0.00M | Scene, ViewLayer | Synchronizing object | Bay_04_underseat_rack
Fra:1 Mem:522.81M (Peak 522.81M) | Time:00:00.75 | Mem:0.00M, Peak:0.00M | Scene, ViewLayer | Synchronizing object | Bay_04_underseat_rack.001
Fra:1 Mem:522.78M (Peak 522.81M) | Time:00:00.75 | Mem:0.00M, Peak:0.00M | Scene, ViewLayer | Synchronizing object | Bay_04_underseat_rack.002
Fra:1 Mem:522.79M (Peak 522.81M) | Time:00:00.75 | Mem:0.00M, Peak:0.00M | Scene, ViewLayer | Synchronizing object | Bay_04_underseat_rack.003
Fra:1 Mem:522.79M (Peak 522.81M) | Time:00:00.75 | Mem:0.00M, Peak:0.00M | Scene, ViewLayer | Synchronizing object | Bay_04_underseat_rack.004
Fra:1 Mem:522.79M (Peak 522.81M) | Time:00:00.75 | Mem:0.00M, Peak:0.00M | Scene, ViewLayer | Synchronizing object | Bay_04_ladder
Fra:1 Mem:522.79M (Peak 522.81M) | Time:00:00.75 | Mem:0.00M, Peak:0.00M | Scene, ViewLayer | Synchronizing object | Bay_04_ladder.001
Fra:1 Mem:522.81M (Peak 522.81M) | Time:00:00.75 | Mem:0.00M, Peak:0.00M | Scene, ViewLayer | Synchronizing object | Bay_04_ladder_step
Fra:1 Mem:522.82M (Peak 522.82M) | Time:00:00.75 | Mem:0.00M, Peak:0.00M | Scene, ViewLayer | Synchronizing object | Bay_04_ladder_step.001
Fra:1 Mem:522.83M (Peak 522.83M) | Time:00:00.75 | Mem:0.00M, Peak:0.00M | Scene, ViewLayer | Synchronizing object | Bay_04_ladder_step.002
Fra:1 Mem:522.83M (Peak 522.83M) | Time:00:00.75 | Mem:0.00M, Peak:0.00M | Scene, ViewLayer | Synchronizing object | Bay_04_ladder_step.003
Fra:1 Mem:522.84M (Peak 522.84M) | Time:00:00.75 | Mem:0.00M, Peak:0.00M | Scene, ViewLayer | Synchronizing object | Bay_04_ladder_step.004
Fra:1 Mem:522.87M (Peak 522.87M) | Time:00:00.75 | Mem:0.00M, Peak:0.00M | Scene, ViewLayer | Synchronizing object | Bay_04_individual_reading_lamp
Fra:1 Mem:522.88M (Peak 522.88M) | Time:00:00.75 | Mem:0.00M, Peak:0.00M | Scene, ViewLayer | Synchronizing object | Bay_04_lower_cushion.001
Fra:1 Mem:522.90M (Peak 522.90M) | Time:00:00.75 | Mem:0.00M, Peak:0.00M | Scene, ViewLayer | Synchronizing object | Bay_04_lower_cushion_stitched_edge_welt.001
Fra:1 Mem:522.93M (Peak 522.93M) | Time:00:00.75 | Mem:0.00M, Peak:0.00M | Scene, ViewLayer | Synchronizing object | Bay_04_lower_cushion_subtle_cover_stitch.002
Fra:1 Mem:522.94M (Peak 522.94M) | Time:00:00.75 | Mem:0.00M, Peak:0.00M | Scene, ViewLayer | Synchronizing object | Bay_04_lower_cushion_subtle_cover_stitch.003
Fra:1 Mem:522.93M (Peak 522.94M) | Time:00:00.75 | Mem:0.00M, Peak:0.00M | Scene, ViewLayer | Synchronizing object | Bay_04_upper_cushion.001
Fra:1 Mem:522.93M (Peak 522.94M) | Time:00:00.75 | Mem:0.00M, Peak:0.00M | Scene, ViewLayer | Synchronizing object | Bay_04_upper_cushion_stitched_edge_welt.001
Fra:1 Mem:522.93M (Peak 522.94M) | Time:00:00.75 | Mem:0.00M, Peak:0.00M | Scene, ViewLayer | Synchronizing object | Bay_04_upper_cushion_subtle_cover_stitch.002
Fra:1 Mem:523.00M (Peak 523.00M) | Time:00:00.75 | Mem:0.00M, Peak:0.00M | Scene, ViewLayer | Synchronizing object | Bay_04_upper_cushion_subtle_cover_stitch.003
Fra:1 Mem:523.02M (Peak 523.02M) | Time:00:00.75 | Mem:0.00M, Peak:0.00M | Scene, ViewLayer | Synchronizing object | Bay_04_lower_pan.001
Fra:1 Mem:523.02M (Peak 523.02M) | Time:00:00.75 | Mem:0.00M, Peak:0.00M | Scene, ViewLayer | Synchronizing object | Bay_04_lower_leg.002
Fra:1 Mem:523.02M (Peak 523.02M) | Time:00:00.75 | Mem:0.00M, Peak:0.00M | Scene, ViewLayer | Synchronizing object | Bay_04_lower_leg.003
Fra:1 Mem:523.02M (Peak 523.02M) | Time:00:00.75 | Mem:0.00M, Peak:0.00M | Scene, ViewLayer | Synchronizing object | Bay_04_folded_middle_backrest.001
Fra:1 Mem:523.03M (Peak 523.03M) | Time:00:00.75 | Mem:0.00M, Peak:0.00M | Scene, ViewLayer | Synchronizing object | Bay_04_upper_support.002
Fra:1 Mem:523.03M (Peak 523.03M) | Time:00:00.75 | Mem:0.00M, Peak:0.00M | Scene, ViewLayer | Synchronizing object | Bay_04_upper_hanger_ceiling_plate.002
Fra:1 Mem:523.05M (Peak 523.05M) | Time:00:00.75 | Mem:0.00M, Peak:0.00M | Scene, ViewLayer | Synchronizing object | Bay_04_upper_support.003
Fra:1 Mem:523.09M (Peak 523.09M) | Time:00:00.75 | Mem:0.00M, Peak:0.00M | Scene, ViewLayer | Synchronizing object | Bay_04_upper_hanger_ceiling_plate.003
Fra:1 Mem:523.09M (Peak 523.09M) | Time:00:00.75 | Mem:0.00M, Peak:0.00M | Scene, ViewLayer | Synchronizing object | Bay_04_luggage_rack_rail.002
Fra:1 Mem:523.11M (Peak 523.11M) | Time:00:00.75 | Mem:0.00M, Peak:0.00M | Scene, ViewLayer | Synchronizing object | Bay_04_luggage_rack_rail.003
Fra:1 Mem:523.09M (Peak 523.11M) | Time:00:00.75 | Mem:0.00M, Peak:0.00M | Scene, ViewLayer | Synchronizing object | Bay_04_underseat_rack.005
Fra:1 Mem:523.11M (Peak 523.11M) | Time:00:00.75 | Mem:0.00M, Peak:0.00M | Scene, ViewLayer | Synchronizing object | Bay_04_underseat_rack.006
Fra:1 Mem:523.11M (Peak 523.11M) | Time:00:00.75 | Mem:0.00M, Peak:0.00M | Scene, ViewLayer | Synchronizing object | Bay_04_underseat_rack.007
Fra:1 Mem:523.12M (Peak 523.12M) | Time:00:00.75 | Mem:0.00M, Peak:0.00M | Scene, ViewLayer | Synchronizing object | Bay_04_underseat_rack.008
Fra:1 Mem:523.15M (Peak 523.15M) | Time:00:00.75 | Mem:0.00M, Peak:0.00M | Scene, ViewLayer | Synchronizing object | Bay_04_underseat_rack.009
Fra:1 Mem:523.16M (Peak 523.16M) | Time:00:00.75 | Mem:0.00M, Peak:0.00M | Scene, ViewLayer | Synchronizing object | Bay_04_ladder.002
Fra:1 Mem:523.16M (Peak 523.16M) | Time:00:00.75 | Mem:0.00M, Peak:0.00M | Scene, ViewLayer | Synchronizing object | Bay_04_ladder.003
Fra:1 Mem:523.16M (Peak 523.16M) | Time:00:00.75 | Mem:0.00M, Peak:0.00M | Scene, ViewLayer | Synchronizing object | Bay_04_ladder_step.005
Fra:1 Mem:523.17M (Peak 523.17M) | Time:00:00.75 | Mem:0.00M, Peak:0.00M | Scene, ViewLayer | Synchronizing object | Bay_04_ladder_step.006
Fra:1 Mem:523.17M (Peak 523.17M) | Time:00:00.75 | Mem:0.00M, Peak:0.00M | Scene, ViewLayer | Synchronizing object | Bay_04_ladder_step.007
Fra:1 Mem:523.15M (Peak 523.17M) | Time:00:00.75 | Mem:0.00M, Peak:0.00M | Scene, ViewLayer | Synchronizing object | Bay_04_ladder_step.008
Fra:1 Mem:523.17M (Peak 523.17M) | Time:00:00.75 | Mem:0.00M, Peak:0.00M | Scene, ViewLayer | Synchronizing object | Bay_04_ladder_step.009
Fra:1 Mem:523.13M (Peak 523.17M) | Time:00:00.75 | Mem:0.00M, Peak:0.00M | Scene, ViewLayer | Synchronizing object | Bay_04_individual_reading_lamp.001
Fra:1 Mem:523.14M (Peak 523.17M) | Time:00:00.75 | Mem:0.00M, Peak:0.00M | Scene, ViewLayer | Synchronizing object | Shared compartment partition.003
Fra:1 Mem:523.14M (Peak 523.17M) | Time:00:00.75 | Mem:0.00M, Peak:0.00M | Scene, ViewLayer | Synchronizing object | Bay_04_side_LOWER_stitched_edge_welt
Fra:1 Mem:523.17M (Peak 523.17M) | Time:00:00.75 | Mem:0.00M, Peak:0.00M | Scene, ViewLayer | Synchronizing object | Bay_04_side_LOWER_support_pan
Fra:1 Mem:523.21M (Peak 523.21M) | Time:00:00.75 | Mem:0.00M, Peak:0.00M | Scene, ViewLayer | Synchronizing object | Bay_04_side_LOWER_wall_bracket
Fra:1 Mem:523.22M (Peak 523.22M) | Time:00:00.75 | Mem:0.00M, Peak:0.00M | Scene, ViewLayer | Synchronizing object | Bay_04_side_LOWER_diagonal_brace
Fra:1 Mem:523.23M (Peak 523.23M) | Time:00:00.75 | Mem:0.00M, Peak:0.00M | Scene, ViewLayer | Synchronizing object | Bay_04_side_lower_floor_leg
Fra:1 Mem:523.23M (Peak 523.23M) | Time:00:00.75 | Mem:0.00M, Peak:0.00M | Scene, ViewLayer | Synchronizing object | Bay_04_side_LOWER_wall_bracket.001
Fra:1 Mem:523.23M (Peak 523.23M) | Time:00:00.75 | Mem:0.00M, Peak:0.00M | Scene, ViewLayer | Synchronizing object | Bay_04_side_LOWER_diagonal_brace.001
Fra:1 Mem:523.24M (Peak 523.24M) | Time:00:00.75 | Mem:0.00M, Peak:0.00M | Scene, ViewLayer | Synchronizing object | Bay_04_side_lower_floor_leg.001
Fra:1 Mem:523.24M (Peak 523.24M) | Time:00:00.75 | Mem:0.00M, Peak:0.00M | Scene, ViewLayer | Synchronizing object | Bay_04_side_UPPER
Fra:1 Mem:523.25M (Peak 523.25M) | Time:00:00.75 | Mem:0.00M, Peak:0.00M | Scene, ViewLayer | Synchronizing object | Bay_04_side_UPPER_support_pan
Fra:1 Mem:523.29M (Peak 523.29M) | Time:00:00.75 | Mem:0.00M, Peak:0.00M | Scene, ViewLayer | Synchronizing object | Bay_04_side_UPPER_wall_bracket
Fra:1 Mem:523.32M (Peak 523.32M) | Time:00:00.75 | Mem:0.00M, Peak:0.00M | Scene, ViewLayer | Synchronizing object | Bay_04_side_UPPER_diagonal_brace
Fra:1 Mem:523.32M (Peak 523.32M) | Time:00:00.75 | Mem:0.00M, Peak:0.00M | Scene, ViewLayer | Synchronizing object | Bay_04_side_UPPER_diagonal_brace.001
Fra:1 Mem:523.34M (Peak 523.34M) | Time:00:00.75 | Mem:0.00M, Peak:0.00M | Scene, ViewLayer | Synchronizing object | Bay_04_side_seat_back
Fra:1 Mem:523.34M (Peak 523.34M) | Time:00:00.75 | Mem:0.00M, Peak:0.00M | Scene, ViewLayer | Synchronizing object | Bay_04_side_berth_support
Fra:1 Mem:523.35M (Peak 523.35M) | Time:00:00.75 | Mem:0.00M, Peak:0.00M | Scene, ViewLayer | Synchronizing object | Bay_04_side_seat_back.001
Fra:1 Mem:523.36M (Peak 523.36M) | Time:00:00.75 | Mem:0.00M, Peak:0.00M | Scene, ViewLayer | Synchronizing object | Bay_04_side_berth_support.001
Fra:1 Mem:523.36M (Peak 523.36M) | Time:00:00.75 | Mem:0.00M, Peak:0.00M | Scene, ViewLayer | Synchronizing object | Bay_04_window_table
Fra:1 Mem:523.37M (Peak 523.37M) | Time:00:00.75 | Mem:0.00M, Peak:0.00M | Scene, ViewLayer | Synchronizing object | Bay_04_table_brace
Fra:1 Mem:523.37M (Peak 523.37M) | Time:00:00.75 | Mem:0.00M, Peak:0.00M | Scene, ViewLayer | Synchronizing object | Fan ceiling stem.003
Fra:1 Mem:523.38M (Peak 523.38M) | Time:00:00.75 | Mem:0.00M, Peak:0.00M | Scene, ViewLayer | Synchronizing object | Fan pressed ceiling flange.003
Fra:1 Mem:523.38M (Peak 523.38M) | Time:00:00.75 | Mem:0.00M, Peak:0.00M | Scene, ViewLayer | Synchronizing object | Fan round motor housing.003
Fra:1 Mem:523.40M (Peak 523.40M) | Time:00:00.75 | Mem:0.00M, Peak:0.00M | Scene, ViewLayer | Synchronizing object | Fan concentric safety grille.018
Fra:1 Mem:523.41M (Peak 523.41M) | Time:00:00.75 | Mem:0.00M, Peak:0.00M | Scene, ViewLayer | Synchronizing object | Fan concentric safety grille.019
Fra:1 Mem:523.43M (Peak 523.43M) | Time:00:00.75 | Mem:0.00M, Peak:0.00M | Scene, ViewLayer | Synchronizing object | Fan concentric safety grille.020
Fra:1 Mem:523.58M (Peak 523.58M) | Time:00:00.75 | Mem:0.00M, Peak:0.00M | Scene, ViewLayer | Synchronizing object | Fan concentric safety grille.021
Fra:1 Mem:523.58M (Peak 523.58M) | Time:00:00.75 | Mem:0.00M, Peak:0.00M | Scene, ViewLayer | Synchronizing object | Fan concentric safety grille.022
Fra:1 Mem:523.59M (Peak 523.59M) | Time:00:00.75 | Mem:0.00M, Peak:0.00M | Scene, ViewLayer | Synchronizing object | Fan concentric safety grille.023
Fra:1 Mem:523.75M (Peak 523.75M) | Time:00:00.75 | Mem:0.00M, Peak:0.00M | Scene, ViewLayer | Synchronizing object | Fan radial cage wire.072
Fra:1 Mem:523.75M (Peak 523.75M) | Time:00:00.75 | Mem:0.00M, Peak:0.00M | Scene, ViewLayer | Synchronizing object | Fan radial cage wire.073
Fra:1 Mem:523.76M (Peak 523.76M) | Time:00:00.75 | Mem:0.00M, Peak:0.00M | Scene, ViewLayer | Synchronizing object | Fan radial cage wire.074
Fra:1 Mem:523.76M (Peak 523.76M) | Time:00:00.75 | Mem:0.00M, Peak:0.00M | Scene, ViewLayer | Synchronizing object | Fan radial cage wire.076
Fra:1 Mem:523.78M (Peak 523.78M) | Time:00:00.75 | Mem:0.00M, Peak:0.00M | Scene, ViewLayer | Synchronizing object | Fan radial cage wire.077
Fra:1 Mem:523.78M (Peak 523.78M) | Time:00:00.75 | Mem:0.00M, Peak:0.00M | Scene, ViewLayer | Synchronizing object | Fan radial cage wire.079
Fra:1 Mem:523.79M (Peak 523.79M) | Time:00:00.75 | Mem:0.00M, Peak:0.00M | Scene, ViewLayer | Synchronizing object | Fan radial cage wire.080
Fra:1 Mem:523.80M (Peak 523.80M) | Time:00:00.75 | Mem:0.00M, Peak:0.00M | Scene, ViewLayer | Synchronizing object | Fan radial cage wire.081
Fra:1 Mem:523.80M (Peak 523.80M) | Time:00:00.75 | Mem:0.00M, Peak:0.00M | Scene, ViewLayer | Synchronizing object | Fan radial cage wire.082
Fra:1 Mem:523.81M (Peak 523.81M) | Time:00:00.75 | Mem:0.00M, Peak:0.00M | Scene, ViewLayer | Synchronizing object | Fan radial cage wire.083
Fra:1 Mem:523.81M (Peak 523.81M) | Time:00:00.75 | Mem:0.00M, Peak:0.00M | Scene, ViewLayer | Synchronizing object | Fan radial cage wire.084
Fra:1 Mem:523.82M (Peak 523.82M) | Time:00:00.75 | Mem:0.00M, Peak:0.00M | Scene, ViewLayer | Synchronizing object | Fan radial cage wire.085
Fra:1 Mem:523.83M (Peak 523.83M) | Time:00:00.76 | Mem:0.00M, Peak:0.00M | Scene, ViewLayer | Synchronizing object | Fan radial cage wire.086
Fra:1 Mem:523.83M (Peak 523.83M) | Time:00:00.76 | Mem:0.00M, Peak:0.00M | Scene, ViewLayer | Synchronizing object | Fan radial cage wire.088
Fra:1 Mem:523.84M (Peak 523.84M) | Time:00:00.76 | Mem:0.00M, Peak:0.00M | Scene, ViewLayer | Synchronizing object | Fan radial cage wire.089
Fra:1 Mem:523.85M (Peak 523.85M) | Time:00:00.76 | Mem:0.00M, Peak:0.00M | Scene, ViewLayer | Synchronizing object | Fan radial cage wire.090
Fra:1 Mem:523.85M (Peak 523.85M) | Time:00:00.76 | Mem:0.00M, Peak:0.00M | Scene, ViewLayer | Synchronizing object | Fan radial cage wire.091
Fra:1 Mem:523.85M (Peak 523.85M) | Time:00:00.76 | Mem:0.00M, Peak:0.00M | Scene, ViewLayer | Synchronizing object | Fan radial cage wire.092
Fra:1 Mem:523.86M (Peak 523.86M) | Time:00:00.76 | Mem:0.00M, Peak:0.00M | Scene, ViewLayer | Synchronizing object | Fan radial cage wire.093
Fra:1 Mem:523.87M (Peak 523.87M) | Time:00:00.76 | Mem:0.00M, Peak:0.00M | Scene, ViewLayer | Synchronizing object | Fan radial cage wire.094
Fra:1 Mem:523.87M (Peak 523.87M) | Time:00:00.76 | Mem:0.00M, Peak:0.00M | Scene, ViewLayer | Synchronizing object | Fan radial cage wire.095
Fra:1 Mem:523.87M (Peak 523.87M) | Time:00:00.76 | Mem:0.00M, Peak:0.00M | Scene, ViewLayer | Synchronizing object | Fan swept three blade rotor.009
Fra:1 Mem:523.88M (Peak 523.88M) | Time:00:00.76 | Mem:0.00M, Peak:0.00M | Scene, ViewLayer | Synchronizing object | Fan swept three blade rotor.010
Fra:1 Mem:523.88M (Peak 523.88M) | Time:00:00.76 | Mem:0.00M, Peak:0.00M | Scene, ViewLayer | Synchronizing object | Fan swept three blade rotor.011
Fra:1 Mem:523.88M (Peak 523.88M) | Time:00:00.76 | Mem:0.00M, Peak:0.00M | Scene, ViewLayer | Synchronizing object | Fan centre decorative cap.003
Fra:1 Mem:523.89M (Peak 523.89M) | Time:00:00.76 | Mem:0.00M, Peak:0.00M | Scene, ViewLayer | Synchronizing object | Fan grille locking clip.012
Fra:1 Mem:523.90M (Peak 523.90M) | Time:00:00.76 | Mem:0.00M, Peak:0.00M | Scene, ViewLayer | Synchronizing object | Fan grille locking clip.013
Fra:1 Mem:523.90M (Peak 523.90M) | Time:00:00.76 | Mem:0.00M, Peak:0.00M | Scene, ViewLayer | Synchronizing object | Fan grille locking clip.014
Fra:1 Mem:523.91M (Peak 523.91M) | Time:00:00.76 | Mem:0.00M, Peak:0.00M | Scene, ViewLayer | Synchronizing object | Fan grille locking clip.015
Fra:1 Mem:523.92M (Peak 523.92M) | Time:00:00.76 | Mem:0.00M, Peak:0.00M | Scene, ViewLayer | Synchronizing object | Bay_04_number_plate
Fra:1 Mem:523.93M (Peak 523.93M) | Time:00:00.76 | Mem:0.00M, Peak:0.00M | Scene, ViewLayer | Synchronizing object | Bay_05_lower_cushion
Fra:1 Mem:523.94M (Peak 523.94M) | Time:00:00.76 | Mem:0.00M, Peak:0.00M | Scene, ViewLayer | Synchronizing object | Bay_05_lower_cushion_stitched_edge_welt
Fra:1 Mem:523.95M (Peak 523.95M) | Time:00:00.76 | Mem:0.00M, Peak:0.00M | Scene, ViewLayer | Synchronizing object | Bay_05_lower_cushion_subtle_cover_stitch
Fra:1 Mem:524.01M (Peak 524.01M) | Time:00:00.76 | Mem:0.00M, Peak:0.00M | Scene, ViewLayer | Synchronizing object | Bay_05_lower_cushion_subtle_cover_stitch.001
Fra:1 Mem:524.01M (Peak 524.01M) | Time:00:00.76 | Mem:0.00M, Peak:0.00M | Scene, ViewLayer | Synchronizing object | Bay_05_upper_cushion
Fra:1 Mem:524.02M (Peak 524.02M) | Time:00:00.76 | Mem:0.00M, Peak:0.00M | Scene, ViewLayer | Synchronizing object | Bay_05_upper_cushion_stitched_edge_welt
Fra:1 Mem:524.07M (Peak 524.07M) | Time:00:00.76 | Mem:0.00M, Peak:0.00M | Scene, ViewLayer | Synchronizing object | Bay_05_upper_cushion_subtle_cover_stitch
Fra:1 Mem:524.09M (Peak 524.09M) | Time:00:00.76 | Mem:0.00M, Peak:0.00M | Scene, ViewLayer | Synchronizing object | Bay_05_upper_cushion_subtle_cover_stitch.001
Fra:1 Mem:524.09M (Peak 524.09M) | Time:00:00.76 | Mem:0.00M, Peak:0.00M | Scene, ViewLayer | Synchronizing object | Bay_05_lower_pan
Fra:1 Mem:524.11M (Peak 524.11M) | Time:00:00.76 | Mem:0.00M, Peak:0.00M | Scene, ViewLayer | Synchronizing object | Bay_05_lower_leg
Fra:1 Mem:524.11M (Peak 524.11M) | Time:00:00.76 | Mem:0.00M, Peak:0.00M | Scene, ViewLayer | Synchronizing object | Bay_05_lower_leg.001
Fra:1 Mem:524.12M (Peak 524.12M) | Time:00:00.76 | Mem:0.00M, Peak:0.00M | Scene, ViewLayer | Synchronizing object | Bay_05_folded_middle_backrest
Fra:1 Mem:524.12M (Peak 524.12M) | Time:00:00.76 | Mem:0.00M, Peak:0.00M | Scene, ViewLayer | Synchronizing object | Bay_05_upper_support
Fra:1 Mem:524.13M (Peak 524.13M) | Time:00:00.76 | Mem:0.00M, Peak:0.00M | Scene, ViewLayer | Synchronizing object | Bay_05_upper_hanger_ceiling_plate
Fra:1 Mem:524.13M (Peak 524.13M) | Time:00:00.76 | Mem:0.00M, Peak:0.00M | Scene, ViewLayer | Synchronizing object | Bay_05_upper_support.001
Fra:1 Mem:524.18M (Peak 524.18M) | Time:00:00.76 | Mem:0.00M, Peak:0.00M | Scene, ViewLayer | Synchronizing object | Bay_05_upper_hanger_ceiling_plate.001
Fra:1 Mem:524.18M (Peak 524.18M) | Time:00:00.76 | Mem:0.00M, Peak:0.00M | Scene, ViewLayer | Synchronizing object | Bay_05_luggage_rack_rail
Fra:1 Mem:524.21M (Peak 524.21M) | Time:00:00.76 | Mem:0.00M, Peak:0.00M | Scene, ViewLayer | Synchronizing object | Bay_05_luggage_rack_rail.001
Fra:1 Mem:524.19M (Peak 524.21M) | Time:00:00.76 | Mem:0.00M, Peak:0.00M | Scene, ViewLayer | Synchronizing object | Bay_05_underseat_rack
Fra:1 Mem:524.20M (Peak 524.21M) | Time:00:00.76 | Mem:0.00M, Peak:0.00M | Scene, ViewLayer | Synchronizing object | Bay_05_underseat_rack.001
Fra:1 Mem:524.21M (Peak 524.21M) | Time:00:00.76 | Mem:0.00M, Peak:0.00M | Scene, ViewLayer | Synchronizing object | Bay_05_underseat_rack.002
Fra:1 Mem:524.24M (Peak 524.24M) | Time:00:00.76 | Mem:0.00M, Peak:0.00M | Scene, ViewLayer | Synchronizing object | Bay_05_underseat_rack.003
Fra:1 Mem:524.24M (Peak 524.24M) | Time:00:00.76 | Mem:0.00M, Peak:0.00M | Scene, ViewLayer | Synchronizing object | Bay_05_underseat_rack.004
Fra:1 Mem:524.25M (Peak 524.25M) | Time:00:00.76 | Mem:0.00M, Peak:0.00M | Scene, ViewLayer | Synchronizing object | Bay_05_ladder
Fra:1 Mem:524.25M (Peak 524.25M) | Time:00:00.76 | Mem:0.00M, Peak:0.00M | Scene, ViewLayer | Synchronizing object | Bay_05_ladder.001
Fra:1 Mem:524.23M (Peak 524.25M) | Time:00:00.76 | Mem:0.00M, Peak:0.00M | Scene, ViewLayer | Synchronizing object | Bay_05_ladder_step
Fra:1 Mem:524.26M (Peak 524.26M) | Time:00:00.76 | Mem:0.00M, Peak:0.00M | Scene, ViewLayer | Synchronizing object | Bay_05_ladder_step.001
Fra:1 Mem:524.22M (Peak 524.26M) | Time:00:00.76 | Mem:0.00M, Peak:0.00M | Scene, ViewLayer | Synchronizing object | Bay_05_ladder_step.002
Fra:1 Mem:524.22M (Peak 524.26M) | Time:00:00.76 | Mem:0.00M, Peak:0.00M | Scene, ViewLayer | Synchronizing object | Bay_05_ladder_step.003
Fra:1 Mem:524.22M (Peak 524.26M) | Time:00:00.76 | Mem:0.00M, Peak:0.00M | Scene, ViewLayer | Synchronizing object | Bay_05_ladder_step.004
Fra:1 Mem:524.23M (Peak 524.26M) | Time:00:00.76 | Mem:0.00M, Peak:0.00M | Scene, ViewLayer | Synchronizing object | Bay_05_individual_reading_lamp
Fra:1 Mem:524.23M (Peak 524.26M) | Time:00:00.76 | Mem:0.00M, Peak:0.00M | Scene, ViewLayer | Synchronizing object | Bay_05_lower_cushion.001
Fra:1 Mem:524.23M (Peak 524.26M) | Time:00:00.76 | Mem:0.00M, Peak:0.00M | Scene, ViewLayer | Synchronizing object | Bay_05_lower_cushion_stitched_edge_welt.001
Fra:1 Mem:524.27M (Peak 524.27M) | Time:00:00.76 | Mem:0.00M, Peak:0.00M | Scene, ViewLayer | Synchronizing object | Bay_05_lower_cushion_subtle_cover_stitch.002
Fra:1 Mem:524.31M (Peak 524.31M) | Time:00:00.76 | Mem:0.00M, Peak:0.00M | Scene, ViewLayer | Synchronizing object | Bay_05_lower_cushion_subtle_cover_stitch.003
Fra:1 Mem:524.32M (Peak 524.32M) | Time:00:00.76 | Mem:0.00M, Peak:0.00M | Scene, ViewLayer | Synchronizing object | Bay_05_upper_cushion.001
Fra:1 Mem:524.33M (Peak 524.33M) | Time:00:00.76 | Mem:0.00M, Peak:0.00M | Scene, ViewLayer | Synchronizing object | Bay_05_upper_cushion_stitched_edge_welt.001
Fra:1 Mem:524.35M (Peak 524.35M) | Time:00:00.76 | Mem:0.00M, Peak:0.00M | Scene, ViewLayer | Synchronizing object | Bay_05_upper_cushion_subtle_cover_stitch.002
Fra:1 Mem:524.40M (Peak 524.40M) | Time:00:00.76 | Mem:0.00M, Peak:0.00M | Scene, ViewLayer | Synchronizing object | Bay_05_upper_cushion_subtle_cover_stitch.003
Fra:1 Mem:524.41M (Peak 524.41M) | Time:00:00.76 | Mem:0.00M, Peak:0.00M | Scene, ViewLayer | Synchronizing object | Bay_05_lower_pan.001
Fra:1 Mem:524.42M (Peak 524.42M) | Time:00:00.76 | Mem:0.00M, Peak:0.00M | Scene, ViewLayer | Synchronizing object | Bay_05_lower_leg.002
Fra:1 Mem:524.42M (Peak 524.42M) | Time:00:00.76 | Mem:0.00M, Peak:0.00M | Scene, ViewLayer | Synchronizing object | Bay_05_lower_leg.003
Fra:1 Mem:524.42M (Peak 524.42M) | Time:00:00.76 | Mem:0.00M, Peak:0.00M | Scene, ViewLayer | Synchronizing object | Bay_05_folded_middle_backrest.001
Fra:1 Mem:524.43M (Peak 524.43M) | Time:00:00.76 | Mem:0.00M, Peak:0.00M | Scene, ViewLayer | Synchronizing object | Bay_05_upper_support.002
Fra:1 Mem:524.43M (Peak 524.43M) | Time:00:00.76 | Mem:0.00M, Peak:0.00M | Scene, ViewLayer | Synchronizing object | Bay_05_upper_hanger_ceiling_plate.002
Fra:1 Mem:524.45M (Peak 524.45M) | Time:00:00.76 | Mem:0.00M, Peak:0.00M | Scene, ViewLayer | Synchronizing object | Bay_05_upper_support.003
Fra:1 Mem:524.48M (Peak 524.48M) | Time:00:00.76 | Mem:0.00M, Peak:0.00M | Scene, ViewLayer | Synchronizing object | Bay_05_upper_hanger_ceiling_plate.003
Fra:1 Mem:524.49M (Peak 524.49M) | Time:00:00.76 | Mem:0.00M, Peak:0.00M | Scene, ViewLayer | Synchronizing object | Bay_05_luggage_rack_rail.002
Fra:1 Mem:524.51M (Peak 524.51M) | Time:00:00.76 | Mem:0.00M, Peak:0.00M | Scene, ViewLayer | Synchronizing object | Bay_05_luggage_rack_rail.003
Fra:1 Mem:524.51M (Peak 524.51M) | Time:00:00.76 | Mem:0.00M, Peak:0.00M | Scene, ViewLayer | Synchronizing object | Bay_05_underseat_rack.005
Fra:1 Mem:524.54M (Peak 524.54M) | Time:00:00.76 | Mem:0.00M, Peak:0.00M | Scene, ViewLayer | Synchronizing object | Bay_05_underseat_rack.006
Fra:1 Mem:524.55M (Peak 524.55M) | Time:00:00.76 | Mem:0.00M, Peak:0.00M | Scene, ViewLayer | Synchronizing object | Bay_05_underseat_rack.007
Fra:1 Mem:524.55M (Peak 524.55M) | Time:00:00.76 | Mem:0.00M, Peak:0.00M | Scene, ViewLayer | Synchronizing object | Bay_05_underseat_rack.008
Fra:1 Mem:524.55M (Peak 524.55M) | Time:00:00.76 | Mem:0.00M, Peak:0.00M | Scene, ViewLayer | Synchronizing object | Bay_05_underseat_rack.009
Fra:1 Mem:524.55M (Peak 524.55M) | Time:00:00.76 | Mem:0.00M, Peak:0.00M | Scene, ViewLayer | Synchronizing object | Bay_05_ladder.002
Fra:1 Mem:524.53M (Peak 524.55M) | Time:00:00.76 | Mem:0.00M, Peak:0.00M | Scene, ViewLayer | Synchronizing object | Bay_05_ladder.003
Fra:1 Mem:524.55M (Peak 524.55M) | Time:00:00.76 | Mem:0.00M, Peak:0.00M | Scene, ViewLayer | Synchronizing object | Bay_05_ladder_step.005
Fra:1 Mem:524.56M (Peak 524.56M) | Time:00:00.76 | Mem:0.00M, Peak:0.00M | Scene, ViewLayer | Synchronizing object | Bay_05_ladder_step.006
Fra:1 Mem:524.53M (Peak 524.56M) | Time:00:00.76 | Mem:0.00M, Peak:0.00M | Scene, ViewLayer | Synchronizing object | Bay_05_ladder_step.007
Fra:1 Mem:524.53M (Peak 524.56M) | Time:00:00.76 | Mem:0.00M, Peak:0.00M | Scene, ViewLayer | Synchronizing object | Bay_05_ladder_step.008
Fra:1 Mem:524.53M (Peak 524.56M) | Time:00:00.76 | Mem:0.00M, Peak:0.00M | Scene, ViewLayer | Synchronizing object | Bay_05_ladder_step.009
Fra:1 Mem:524.53M (Peak 524.56M) | Time:00:00.76 | Mem:0.00M, Peak:0.00M | Scene, ViewLayer | Synchronizing object | Shared compartment partition.004
Fra:1 Mem:524.53M (Peak 524.56M) | Time:00:00.76 | Mem:0.00M, Peak:0.00M | Scene, ViewLayer | Synchronizing object | Bay_05_side_LOWER
Fra:1 Mem:524.54M (Peak 524.56M) | Time:00:00.76 | Mem:0.00M, Peak:0.00M | Scene, ViewLayer | Synchronizing object | Bay_05_side_LOWER_stitched_edge_welt
Fra:1 Mem:524.58M (Peak 524.58M) | Time:00:00.76 | Mem:0.00M, Peak:0.00M | Scene, ViewLayer | Synchronizing object | Bay_05_side_LOWER_support_pan
Fra:1 Mem:524.61M (Peak 524.61M) | Time:00:00.76 | Mem:0.00M, Peak:0.00M | Scene, ViewLayer | Synchronizing object | Bay_05_side_LOWER_wall_bracket
Fra:1 Mem:524.62M (Peak 524.62M) | Time:00:00.76 | Mem:0.00M, Peak:0.00M | Scene, ViewLayer | Synchronizing object | Bay_05_side_LOWER_diagonal_brace
Fra:1 Mem:524.62M (Peak 524.62M) | Time:00:00.76 | Mem:0.00M, Peak:0.00M | Scene, ViewLayer | Synchronizing object | Bay_05_side_lower_floor_leg
Fra:1 Mem:524.63M (Peak 524.63M) | Time:00:00.76 | Mem:0.00M, Peak:0.00M | Scene, ViewLayer | Synchronizing object | Bay_05_side_LOWER_wall_bracket.001
Fra:1 Mem:524.63M (Peak 524.63M) | Time:00:00.76 | Mem:0.00M, Peak:0.00M | Scene, ViewLayer | Synchronizing object | Bay_05_side_LOWER_diagonal_brace.001
Fra:1 Mem:524.64M (Peak 524.64M) | Time:00:00.76 | Mem:0.00M, Peak:0.00M | Scene, ViewLayer | Synchronizing object | Bay_05_side_lower_floor_leg.001
Fra:1 Mem:524.64M (Peak 524.64M) | Time:00:00.76 | Mem:0.00M, Peak:0.00M | Scene, ViewLayer | Synchronizing object | Bay_05_side_UPPER
Fra:1 Mem:524.64M (Peak 524.64M) | Time:00:00.76 | Mem:0.00M, Peak:0.00M | Scene, ViewLayer | Synchronizing object | Bay_05_side_UPPER_support_pan
Fra:1 Mem:524.70M (Peak 524.70M) | Time:00:00.76 | Mem:0.00M, Peak:0.00M | Scene, ViewLayer | Synchronizing object | Bay_05_side_UPPER_wall_bracket
Fra:1 Mem:524.72M (Peak 524.72M) | Time:00:00.76 | Mem:0.00M, Peak:0.00M | Scene, ViewLayer | Synchronizing object | Bay_05_side_UPPER_diagonal_brace
Fra:1 Mem:524.72M (Peak 524.72M) | Time:00:00.76 | Mem:0.00M, Peak:0.00M | Scene, ViewLayer | Synchronizing object | Bay_05_side_UPPER_diagonal_brace.001
Fra:1 Mem:524.72M (Peak 524.72M) | Time:00:00.76 | Mem:0.00M, Peak:0.00M | Scene, ViewLayer | Synchronizing object | Bay_05_side_seat_back
Fra:1 Mem:524.74M (Peak 524.74M) | Time:00:00.76 | Mem:0.00M, Peak:0.00M | Scene, ViewLayer | Synchronizing object | Bay_05_side_berth_support
Fra:1 Mem:524.74M (Peak 524.74M) | Time:00:00.76 | Mem:0.00M, Peak:0.00M | Scene, ViewLayer | Synchronizing object | Bay_05_side_seat_back.001
Fra:1 Mem:524.75M (Peak 524.75M) | Time:00:00.76 | Mem:0.00M, Peak:0.00M | Scene, ViewLayer | Synchronizing object | Bay_05_side_berth_support.001
Fra:1 Mem:524.76M (Peak 524.76M) | Time:00:00.76 | Mem:0.00M, Peak:0.00M | Scene, ViewLayer | Synchronizing object | Bay_05_side_cushion_seam
Fra:1 Mem:524.76M (Peak 524.76M) | Time:00:00.76 | Mem:0.00M, Peak:0.00M | Scene, ViewLayer | Synchronizing object | Bay_05_table_brace
Fra:1 Mem:524.77M (Peak 524.77M) | Time:00:00.76 | Mem:0.00M, Peak:0.00M | Scene, ViewLayer | Synchronizing object | Fan ceiling stem.004
Fra:1 Mem:524.77M (Peak 524.77M) | Time:00:00.76 | Mem:0.00M, Peak:0.00M | Scene, ViewLayer | Synchronizing object | Fan pressed ceiling flange.004
Fra:1 Mem:524.79M (Peak 524.79M) | Time:00:00.76 | Mem:0.00M, Peak:0.00M | Scene, ViewLayer | Synchronizing object | Fan round motor housing.004
Fra:1 Mem:524.79M (Peak 524.79M) | Time:00:00.76 | Mem:0.00M, Peak:0.00M | Scene, ViewLayer | Synchronizing object | Fan concentric safety grille.024
Fra:1 Mem:524.80M (Peak 524.80M) | Time:00:00.76 | Mem:0.00M, Peak:0.00M | Scene, ViewLayer | Synchronizing object | Fan concentric safety grille.025
Fra:1 Mem:524.86M (Peak 524.86M) | Time:00:00.76 | Mem:0.00M, Peak:0.00M | Scene, ViewLayer | Synchronizing object | Fan concentric safety grille.026
Fra:1 Mem:524.97M (Peak 524.97M) | Time:00:00.76 | Mem:0.00M, Peak:0.00M | Scene, ViewLayer | Synchronizing object | Fan concentric safety grille.027
Fra:1 Mem:524.97M (Peak 524.97M) | Time:00:00.76 | Mem:0.00M, Peak:0.00M | Scene, ViewLayer | Synchronizing object | Fan concentric safety grille.028
Fra:1 Mem:525.02M (Peak 525.02M) | Time:00:00.76 | Mem:0.00M, Peak:0.00M | Scene, ViewLayer | Synchronizing object | Fan concentric safety grille.029
Fra:1 Mem:525.14M (Peak 525.14M) | Time:00:00.76 | Mem:0.00M, Peak:0.00M | Scene, ViewLayer | Synchronizing object | Fan radial cage wire.096
Fra:1 Mem:525.15M (Peak 525.15M) | Time:00:00.76 | Mem:0.00M, Peak:0.00M | Scene, ViewLayer | Synchronizing object | Fan radial cage wire.097
Fra:1 Mem:525.16M (Peak 525.16M) | Time:00:00.76 | Mem:0.00M, Peak:0.00M | Scene, ViewLayer | Synchronizing object | Fan radial cage wire.098
Fra:1 Mem:525.16M (Peak 525.16M) | Time:00:00.76 | Mem:0.00M, Peak:0.00M | Scene, ViewLayer | Synchronizing object | Fan radial cage wire.100
Fra:1 Mem:525.17M (Peak 525.17M) | Time:00:00.76 | Mem:0.00M, Peak:0.00M | Scene, ViewLayer | Synchronizing object | Fan radial cage wire.101
Fra:1 Mem:525.18M (Peak 525.18M) | Time:00:00.76 | Mem:0.00M, Peak:0.00M | Scene, ViewLayer | Synchronizing object | Fan radial cage wire.102
Fra:1 Mem:525.19M (Peak 525.19M) | Time:00:00.76 | Mem:0.00M, Peak:0.00M | Scene, ViewLayer | Synchronizing object | Fan radial cage wire.103
Fra:1 Mem:525.19M (Peak 525.19M) | Time:00:00.76 | Mem:0.00M, Peak:0.00M | Scene, ViewLayer | Synchronizing object | Fan radial cage wire.104
Fra:1 Mem:525.20M (Peak 525.20M) | Time:00:00.76 | Mem:0.00M, Peak:0.00M | Scene, ViewLayer | Synchronizing object | Fan radial cage wire.105
Fra:1 Mem:525.20M (Peak 525.20M) | Time:00:00.76 | Mem:0.00M, Peak:0.00M | Scene, ViewLayer | Synchronizing object | Fan radial cage wire.106
Fra:1 Mem:525.20M (Peak 525.20M) | Time:00:00.76 | Mem:0.00M, Peak:0.00M | Scene, ViewLayer | Synchronizing object | Fan radial cage wire.107
Fra:1 Mem:525.22M (Peak 525.22M) | Time:00:00.76 | Mem:0.00M, Peak:0.00M | Scene, ViewLayer | Synchronizing object | Fan radial cage wire.108
Fra:1 Mem:525.22M (Peak 525.22M) | Time:00:00.76 | Mem:0.00M, Peak:0.00M | Scene, ViewLayer | Synchronizing object | Fan radial cage wire.109
Fra:1 Mem:525.23M (Peak 525.23M) | Time:00:00.76 | Mem:0.00M, Peak:0.00M | Scene, ViewLayer | Synchronizing object | Fan radial cage wire.110
Fra:1 Mem:525.23M (Peak 525.23M) | Time:00:00.76 | Mem:0.00M, Peak:0.00M | Scene, ViewLayer | Synchronizing object | Fan radial cage wire.111
Fra:1 Mem:525.24M (Peak 525.24M) | Time:00:00.76 | Mem:0.00M, Peak:0.00M | Scene, ViewLayer | Synchronizing object | Fan radial cage wire.112
Fra:1 Mem:525.24M (Peak 525.24M) | Time:00:00.76 | Mem:0.00M, Peak:0.00M | Scene, ViewLayer | Synchronizing object | Fan radial cage wire.113
Fra:1 Mem:525.24M (Peak 525.24M) | Time:00:00.76 | Mem:0.00M, Peak:0.00M | Scene, ViewLayer | Synchronizing object | Fan radial cage wire.114
Fra:1 Mem:525.26M (Peak 525.26M) | Time:00:00.76 | Mem:0.00M, Peak:0.00M | Scene, ViewLayer | Synchronizing object | Fan radial cage wire.115
Fra:1 Mem:525.26M (Peak 525.26M) | Time:00:00.76 | Mem:0.00M, Peak:0.00M | Scene, ViewLayer | Synchronizing object | Fan radial cage wire.116
Fra:1 Mem:525.27M (Peak 525.27M) | Time:00:00.76 | Mem:0.00M, Peak:0.00M | Scene, ViewLayer | Synchronizing object | Fan radial cage wire.117
Fra:1 Mem:525.27M (Peak 525.27M) | Time:00:00.76 | Mem:0.00M, Peak:0.00M | Scene, ViewLayer | Synchronizing object | Fan radial cage wire.118
Fra:1 Mem:525.28M (Peak 525.28M) | Time:00:00.76 | Mem:0.00M, Peak:0.00M | Scene, ViewLayer | Synchronizing object | Fan radial cage wire.119
Fra:1 Mem:525.28M (Peak 525.28M) | Time:00:00.76 | Mem:0.00M, Peak:0.00M | Scene, ViewLayer | Synchronizing object | Fan swept three blade rotor.012
Fra:1 Mem:525.29M (Peak 525.29M) | Time:00:00.76 | Mem:0.00M, Peak:0.00M | Scene, ViewLayer | Synchronizing object | Fan swept three blade rotor.013
Fra:1 Mem:525.29M (Peak 525.29M) | Time:00:00.76 | Mem:0.00M, Peak:0.00M | Scene, ViewLayer | Synchronizing object | Fan swept three blade rotor.014
Fra:1 Mem:525.29M (Peak 525.29M) | Time:00:00.76 | Mem:0.00M, Peak:0.00M | Scene, ViewLayer | Synchronizing object | Fan centre decorative cap.004
Fra:1 Mem:525.29M (Peak 525.29M) | Time:00:00.76 | Mem:0.00M, Peak:0.00M | Scene, ViewLayer | Synchronizing object | Fan grille locking clip.016
Fra:1 Mem:525.31M (Peak 525.31M) | Time:00:00.76 | Mem:0.00M, Peak:0.00M | Scene, ViewLayer | Synchronizing object | Fan grille locking clip.017
Fra:1 Mem:525.32M (Peak 525.32M) | Time:00:00.76 | Mem:0.00M, Peak:0.00M | Scene, ViewLayer | Synchronizing object | Fan grille locking clip.018
Fra:1 Mem:525.33M (Peak 525.33M) | Time:00:00.76 | Mem:0.00M, Peak:0.00M | Scene, ViewLayer | Synchronizing object | Fan grille locking clip.019
Fra:1 Mem:525.33M (Peak 525.33M) | Time:00:00.76 | Mem:0.00M, Peak:0.00M | Scene, ViewLayer | Synchronizing object | Bay_06_lower_cushion
Fra:1 Mem:525.38M (Peak 525.38M) | Time:00:00.76 | Mem:0.00M, Peak:0.00M | Scene, ViewLayer | Synchronizing object | Bay_06_lower_cushion_stitched_edge_welt
Fra:1 Mem:525.39M (Peak 525.39M) | Time:00:00.76 | Mem:0.00M, Peak:0.00M | Scene, ViewLayer | Synchronizing object | Bay_06_lower_cushion_subtle_cover_stitch
Fra:1 Mem:525.43M (Peak 525.43M) | Time:00:00.76 | Mem:0.00M, Peak:0.00M | Scene, ViewLayer | Synchronizing object | Bay_06_lower_cushion_subtle_cover_stitch.001
Fra:1 Mem:525.45M (Peak 525.45M) | Time:00:00.76 | Mem:0.00M, Peak:0.00M | Scene, ViewLayer | Synchronizing object | Bay_06_upper_cushion
Fra:1 Mem:525.46M (Peak 525.46M) | Time:00:00.76 | Mem:0.00M, Peak:0.00M | Scene, ViewLayer | Synchronizing object | Bay_06_upper_cushion_stitched_edge_welt
Fra:1 Mem:525.47M (Peak 525.47M) | Time:00:00.76 | Mem:0.00M, Peak:0.00M | Scene, ViewLayer | Synchronizing object | Bay_06_upper_cushion_subtle_cover_stitch
Fra:1 Mem:525.52M (Peak 525.52M) | Time:00:00.76 | Mem:0.00M, Peak:0.00M | Scene, ViewLayer | Synchronizing object | Bay_06_upper_cushion_subtle_cover_stitch.001
Fra:1 Mem:525.54M (Peak 525.54M) | Time:00:00.76 | Mem:0.00M, Peak:0.00M | Scene, ViewLayer | Synchronizing object | Bay_06_lower_pan
Fra:1 Mem:525.54M (Peak 525.54M) | Time:00:00.76 | Mem:0.00M, Peak:0.00M | Scene, ViewLayer | Synchronizing object | Bay_06_lower_leg.001
Fra:1 Mem:525.54M (Peak 525.54M) | Time:00:00.76 | Mem:0.00M, Peak:0.00M | Scene, ViewLayer | Synchronizing object | Bay_06_folded_middle_backrest
Fra:1 Mem:525.56M (Peak 525.56M) | Time:00:00.76 | Mem:0.00M, Peak:0.00M | Scene, ViewLayer | Synchronizing object | Bay_06_upper_support
Fra:1 Mem:525.56M (Peak 525.56M) | Time:00:00.76 | Mem:0.00M, Peak:0.00M | Scene, ViewLayer | Synchronizing object | Bay_06_upper_hanger_ceiling_plate
Fra:1 Mem:525.58M (Peak 525.58M) | Time:00:00.76 | Mem:0.00M, Peak:0.00M | Scene, ViewLayer | Synchronizing object | Bay_06_upper_support.001
Fra:1 Mem:525.61M (Peak 525.61M) | Time:00:00.76 | Mem:0.00M, Peak:0.00M | Scene, ViewLayer | Synchronizing object | Bay_06_upper_hanger_ceiling_plate.001
Fra:1 Mem:525.61M (Peak 525.61M) | Time:00:00.76 | Mem:0.00M, Peak:0.00M | Scene, ViewLayer | Synchronizing object | Bay_06_luggage_rack_rail
Fra:1 Mem:525.63M (Peak 525.63M) | Time:00:00.76 | Mem:0.00M, Peak:0.00M | Scene, ViewLayer | Synchronizing object | Bay_06_luggage_rack_rail.001
Fra:1 Mem:525.65M (Peak 525.65M) | Time:00:00.76 | Mem:0.00M, Peak:0.00M | Scene, ViewLayer | Synchronizing object | Bay_06_underseat_rack
Fra:1 Mem:525.63M (Peak 525.65M) | Time:00:00.76 | Mem:0.00M, Peak:0.00M | Scene, ViewLayer | Synchronizing object | Bay_06_underseat_rack.001
Fra:1 Mem:525.63M (Peak 525.65M) | Time:00:00.76 | Mem:0.00M, Peak:0.00M | Scene, ViewLayer | Synchronizing object | Bay_06_underseat_rack.002
Fra:1 Mem:525.68M (Peak 525.68M) | Time:00:00.76 | Mem:0.00M, Peak:0.00M | Scene, ViewLayer | Synchronizing object | Bay_06_underseat_rack.003
Fra:1 Mem:525.68M (Peak 525.68M) | Time:00:00.76 | Mem:0.00M, Peak:0.00M | Scene, ViewLayer | Synchronizing object | Bay_06_underseat_rack.004
Fra:1 Mem:525.68M (Peak 525.68M) | Time:00:00.76 | Mem:0.00M, Peak:0.00M | Scene, ViewLayer | Synchronizing object | Bay_06_ladder
Fra:1 Mem:525.68M (Peak 525.68M) | Time:00:00.76 | Mem:0.00M, Peak:0.00M | Scene, ViewLayer | Synchronizing object | Bay_06_ladder.001
Fra:1 Mem:525.70M (Peak 525.70M) | Time:00:00.76 | Mem:0.00M, Peak:0.00M | Scene, ViewLayer | Synchronizing object | Bay_06_ladder_step
Fra:1 Mem:525.69M (Peak 525.70M) | Time:00:00.76 | Mem:0.00M, Peak:0.00M | Scene, ViewLayer | Synchronizing object | Bay_06_ladder_step.001
Fra:1 Mem:525.68M (Peak 525.70M) | Time:00:00.76 | Mem:0.00M, Peak:0.00M | Scene, ViewLayer | Synchronizing object | Bay_06_ladder_step.002
Fra:1 Mem:525.69M (Peak 525.70M) | Time:00:00.76 | Mem:0.00M, Peak:0.00M | Scene, ViewLayer | Synchronizing object | Bay_06_ladder_step.003
Fra:1 Mem:525.67M (Peak 525.70M) | Time:00:00.76 | Mem:0.00M, Peak:0.00M | Scene, ViewLayer | Synchronizing object | Bay_06_ladder_step.004
Fra:1 Mem:525.67M (Peak 525.70M) | Time:00:00.76 | Mem:0.00M, Peak:0.00M | Scene, ViewLayer | Synchronizing object | Bay_06_individual_reading_lamp
Fra:1 Mem:525.66M (Peak 525.70M) | Time:00:00.76 | Mem:0.00M, Peak:0.00M | Scene, ViewLayer | Synchronizing object | Bay_06_lower_cushion.001
Fra:1 Mem:525.67M (Peak 525.70M) | Time:00:00.76 | Mem:0.00M, Peak:0.00M | Scene, ViewLayer | Synchronizing object | Bay_06_lower_cushion_stitched_edge_welt.001
Fra:1 Mem:525.70M (Peak 525.70M) | Time:00:00.76 | Mem:0.00M, Peak:0.00M | Scene, ViewLayer | Synchronizing object | Bay_06_lower_cushion_subtle_cover_stitch.002
Fra:1 Mem:525.74M (Peak 525.74M) | Time:00:00.76 | Mem:0.00M, Peak:0.00M | Scene, ViewLayer | Synchronizing object | Bay_06_lower_cushion_subtle_cover_stitch.003
Fra:1 Mem:525.75M (Peak 525.75M) | Time:00:00.76 | Mem:0.00M, Peak:0.00M | Scene, ViewLayer | Synchronizing object | Bay_06_upper_cushion.001
Fra:1 Mem:525.76M (Peak 525.76M) | Time:00:00.76 | Mem:0.00M, Peak:0.00M | Scene, ViewLayer | Synchronizing object | Bay_06_upper_cushion_stitched_edge_welt.001
Fra:1 Mem:525.81M (Peak 525.81M) | Time:00:00.76 | Mem:0.00M, Peak:0.00M | Scene, ViewLayer | Synchronizing object | Bay_06_upper_cushion_subtle_cover_stitch.002
Fra:1 Mem:525.84M (Peak 525.84M) | Time:00:00.76 | Mem:0.00M, Peak:0.00M | Scene, ViewLayer | Synchronizing object | Bay_06_upper_cushion_subtle_cover_stitch.003
Fra:1 Mem:525.84M (Peak 525.84M) | Time:00:00.76 | Mem:0.00M, Peak:0.00M | Scene, ViewLayer | Synchronizing object | Bay_06_lower_pan.001
Fra:1 Mem:525.85M (Peak 525.85M) | Time:00:00.76 | Mem:0.00M, Peak:0.00M | Scene, ViewLayer | Synchronizing object | Bay_06_lower_leg.002
Fra:1 Mem:525.85M (Peak 525.85M) | Time:00:00.76 | Mem:0.00M, Peak:0.00M | Scene, ViewLayer | Synchronizing object | Bay_06_lower_leg.003
Fra:1 Mem:525.85M (Peak 525.85M) | Time:00:00.76 | Mem:0.00M, Peak:0.00M | Scene, ViewLayer | Synchronizing object | Bay_06_folded_middle_backrest.001
Fra:1 Mem:525.86M (Peak 525.86M) | Time:00:00.76 | Mem:0.00M, Peak:0.00M | Scene, ViewLayer | Synchronizing object | Bay_06_upper_support.002
Fra:1 Mem:525.87M (Peak 525.87M) | Time:00:00.76 | Mem:0.00M, Peak:0.00M | Scene, ViewLayer | Synchronizing object | Bay_06_upper_hanger_ceiling_plate.002
Fra:1 Mem:525.91M (Peak 525.91M) | Time:00:00.76 | Mem:0.00M, Peak:0.00M | Scene, ViewLayer | Synchronizing object | Bay_06_upper_support.003
Fra:1 Mem:525.93M (Peak 525.93M) | Time:00:00.76 | Mem:0.00M, Peak:0.00M | Scene, ViewLayer | Synchronizing object | Bay_06_upper_hanger_ceiling_plate.003
Fra:1 Mem:525.91M (Peak 525.93M) | Time:00:00.76 | Mem:0.00M, Peak:0.00M | Scene, ViewLayer | Synchronizing object | Bay_06_luggage_rack_rail.002
Fra:1 Mem:525.93M (Peak 525.93M) | Time:00:00.76 | Mem:0.00M, Peak:0.00M | Scene, ViewLayer | Synchronizing object | Bay_06_luggage_rack_rail.003
Fra:1 Mem:525.94M (Peak 525.94M) | Time:00:00.76 | Mem:0.00M, Peak:0.00M | Scene, ViewLayer | Synchronizing object | Bay_06_underseat_rack.005
Fra:1 Mem:525.98M (Peak 525.98M) | Time:00:00.76 | Mem:0.00M, Peak:0.00M | Scene, ViewLayer | Synchronizing object | Bay_06_underseat_rack.006
Fra:1 Mem:525.98M (Peak 525.98M) | Time:00:00.76 | Mem:0.00M, Peak:0.00M | Scene, ViewLayer | Synchronizing object | Bay_06_underseat_rack.007
Fra:1 Mem:525.99M (Peak 525.99M) | Time:00:00.76 | Mem:0.00M, Peak:0.00M | Scene, ViewLayer | Synchronizing object | Bay_06_underseat_rack.008
Fra:1 Mem:525.96M (Peak 525.99M) | Time:00:00.76 | Mem:0.00M, Peak:0.00M | Scene, ViewLayer | Synchronizing object | Bay_06_underseat_rack.009
Fra:1 Mem:525.99M (Peak 525.99M) | Time:00:00.76 | Mem:0.00M, Peak:0.00M | Scene, ViewLayer | Synchronizing object | Bay_06_ladder.002
Fra:1 Mem:525.95M (Peak 525.99M) | Time:00:00.76 | Mem:0.00M, Peak:0.00M | Scene, ViewLayer | Synchronizing object | Bay_06_ladder.003
Fra:1 Mem:525.95M (Peak 525.99M) | Time:00:00.76 | Mem:0.00M, Peak:0.00M | Scene, ViewLayer | Synchronizing object | Bay_06_ladder_step.005
Fra:1 Mem:525.95M (Peak 525.99M) | Time:00:00.76 | Mem:0.00M, Peak:0.00M | Scene, ViewLayer | Synchronizing object | Bay_06_ladder_step.006
Fra:1 Mem:525.96M (Peak 525.99M) | Time:00:00.76 | Mem:0.00M, Peak:0.00M | Scene, ViewLayer | Synchronizing object | Bay_06_ladder_step.007
Fra:1 Mem:525.97M (Peak 525.99M) | Time:00:00.76 | Mem:0.00M, Peak:0.00M | Scene, ViewLayer | Synchronizing object | Bay_06_ladder_step.008
Fra:1 Mem:525.97M (Peak 525.99M) | Time:00:00.76 | Mem:0.00M, Peak:0.00M | Scene, ViewLayer | Synchronizing object | Bay_06_ladder_step.009
Fra:1 Mem:525.97M (Peak 525.99M) | Time:00:00.76 | Mem:0.00M, Peak:0.00M | Scene, ViewLayer | Synchronizing object | Bay_06_individual_reading_lamp.001
Fra:1 Mem:525.97M (Peak 525.99M) | Time:00:00.76 | Mem:0.00M, Peak:0.00M | Scene, ViewLayer | Synchronizing object | Shared compartment partition.005
Fra:1 Mem:525.98M (Peak 525.99M) | Time:00:00.76 | Mem:0.00M, Peak:0.00M | Scene, ViewLayer | Synchronizing object | Bay_06_side_LOWER
Fra:1 Mem:525.98M (Peak 525.99M) | Time:00:00.76 | Mem:0.00M, Peak:0.00M | Scene, ViewLayer | Synchronizing object | Bay_06_side_LOWER_stitched_edge_welt
Fra:1 Mem:526.01M (Peak 526.01M) | Time:00:00.76 | Mem:0.00M, Peak:0.00M | Scene, ViewLayer | Synchronizing object | Bay_06_side_LOWER_support_pan
Fra:1 Mem:526.04M (Peak 526.04M) | Time:00:00.76 | Mem:0.00M, Peak:0.00M | Scene, ViewLayer | Synchronizing object | Bay_06_side_LOWER_wall_bracket
Fra:1 Mem:526.06M (Peak 526.06M) | Time:00:00.76 | Mem:0.00M, Peak:0.00M | Scene, ViewLayer | Synchronizing object | Bay_06_side_LOWER_diagonal_brace
Fra:1 Mem:526.06M (Peak 526.06M) | Time:00:00.76 | Mem:0.00M, Peak:0.00M | Scene, ViewLayer | Synchronizing object | Bay_06_side_lower_floor_leg
Fra:1 Mem:526.06M (Peak 526.06M) | Time:00:00.76 | Mem:0.00M, Peak:0.00M | Scene, ViewLayer | Synchronizing object | Bay_06_side_LOWER_wall_bracket.001
Fra:1 Mem:526.06M (Peak 526.06M) | Time:00:00.76 | Mem:0.00M, Peak:0.00M | Scene, ViewLayer | Synchronizing object | Bay_06_side_LOWER_diagonal_brace.001
Fra:1 Mem:526.07M (Peak 526.07M) | Time:00:00.76 | Mem:0.00M, Peak:0.00M | Scene, ViewLayer | Synchronizing object | Bay_06_side_lower_floor_leg.001
Fra:1 Mem:526.08M (Peak 526.08M) | Time:00:00.76 | Mem:0.00M, Peak:0.00M | Scene, ViewLayer | Synchronizing object | Bay_06_side_UPPER
Fra:1 Mem:526.08M (Peak 526.08M) | Time:00:00.76 | Mem:0.00M, Peak:0.00M | Scene, ViewLayer | Synchronizing object | Bay_06_side_UPPER_support_pan
Fra:1 Mem:526.11M (Peak 526.11M) | Time:00:00.76 | Mem:0.00M, Peak:0.00M | Scene, ViewLayer | Synchronizing object | Bay_06_side_UPPER_wall_bracket
Fra:1 Mem:526.15M (Peak 526.15M) | Time:00:00.76 | Mem:0.00M, Peak:0.00M | Scene, ViewLayer | Synchronizing object | Bay_06_side_UPPER_diagonal_brace
Fra:1 Mem:526.16M (Peak 526.16M) | Time:00:00.76 | Mem:0.00M, Peak:0.00M | Scene, ViewLayer | Synchronizing object | Bay_06_side_UPPER_wall_bracket.001
Fra:1 Mem:526.16M (Peak 526.16M) | Time:00:00.76 | Mem:0.00M, Peak:0.00M | Scene, ViewLayer | Synchronizing object | Bay_06_side_UPPER_diagonal_brace.001
Fra:1 Mem:526.18M (Peak 526.18M) | Time:00:00.76 | Mem:0.00M, Peak:0.00M | Scene, ViewLayer | Synchronizing object | Bay_06_side_seat_back
Fra:1 Mem:526.18M (Peak 526.18M) | Time:00:00.76 | Mem:0.00M, Peak:0.00M | Scene, ViewLayer | Synchronizing object | Bay_06_side_berth_support
Fra:1 Mem:526.18M (Peak 526.18M) | Time:00:00.76 | Mem:0.00M, Peak:0.00M | Scene, ViewLayer | Synchronizing object | Bay_06_side_seat_back.001
Fra:1 Mem:526.19M (Peak 526.19M) | Time:00:00.76 | Mem:0.00M, Peak:0.00M | Scene, ViewLayer | Synchronizing object | Bay_06_side_berth_support.001
Fra:1 Mem:526.19M (Peak 526.19M) | Time:00:00.76 | Mem:0.00M, Peak:0.00M | Scene, ViewLayer | Synchronizing object | Bay_06_window_table
Fra:1 Mem:526.20M (Peak 526.20M) | Time:00:00.76 | Mem:0.00M, Peak:0.00M | Scene, ViewLayer | Synchronizing object | Bay_06_table_brace
Fra:1 Mem:526.21M (Peak 526.21M) | Time:00:00.76 | Mem:0.00M, Peak:0.00M | Scene, ViewLayer | Synchronizing object | Fan ceiling stem.005
Fra:1 Mem:526.21M (Peak 526.21M) | Time:00:00.76 | Mem:0.00M, Peak:0.00M | Scene, ViewLayer | Synchronizing object | Fan pressed ceiling flange.005
Fra:1 Mem:526.21M (Peak 526.21M) | Time:00:00.76 | Mem:0.00M, Peak:0.00M | Scene, ViewLayer | Synchronizing object | Fan round motor housing.005
Fra:1 Mem:526.23M (Peak 526.23M) | Time:00:00.76 | Mem:0.00M, Peak:0.00M | Scene, ViewLayer | Synchronizing object | Fan concentric safety grille.030
Fra:1 Mem:526.24M (Peak 526.24M) | Time:00:00.76 | Mem:0.00M, Peak:0.00M | Scene, ViewLayer | Synchronizing object | Fan concentric safety grille.031
Fra:1 Mem:526.30M (Peak 526.30M) | Time:00:00.76 | Mem:0.00M, Peak:0.00M | Scene, ViewLayer | Synchronizing object | Fan concentric safety grille.032
Fra:1 Mem:526.40M (Peak 526.40M) | Time:00:00.76 | Mem:0.00M, Peak:0.00M | Scene, ViewLayer | Synchronizing object | Fan concentric safety grille.033
Fra:1 Mem:526.42M (Peak 526.42M) | Time:00:00.76 | Mem:0.00M, Peak:0.00M | Scene, ViewLayer | Synchronizing object | Fan concentric safety grille.034
Fra:1 Mem:526.45M (Peak 526.45M) | Time:00:00.76 | Mem:0.00M, Peak:0.00M | Scene, ViewLayer | Synchronizing object | Fan concentric safety grille.035
Fra:1 Mem:526.57M (Peak 526.57M) | Time:00:00.76 | Mem:0.00M, Peak:0.00M | Scene, ViewLayer | Synchronizing object | Fan radial cage wire.120
Fra:1 Mem:526.59M (Peak 526.59M) | Time:00:00.76 | Mem:0.00M, Peak:0.00M | Scene, ViewLayer | Synchronizing object | Fan radial cage wire.121
Fra:1 Mem:526.59M (Peak 526.59M) | Time:00:00.76 | Mem:0.00M, Peak:0.00M | Scene, ViewLayer | Synchronizing object | Fan radial cage wire.122
Fra:1 Mem:526.60M (Peak 526.60M) | Time:00:00.76 | Mem:0.00M, Peak:0.00M | Scene, ViewLayer | Synchronizing object | Fan radial cage wire.123
Fra:1 Mem:526.60M (Peak 526.60M) | Time:00:00.76 | Mem:0.00M, Peak:0.00M | Scene, ViewLayer | Synchronizing object | Fan radial cage wire.124
Fra:1 Mem:526.62M (Peak 526.62M) | Time:00:00.76 | Mem:0.00M, Peak:0.00M | Scene, ViewLayer | Synchronizing object | Fan radial cage wire.125
Fra:1 Mem:526.62M (Peak 526.62M) | Time:00:00.76 | Mem:0.00M, Peak:0.00M | Scene, ViewLayer | Synchronizing object | Fan radial cage wire.127
Fra:1 Mem:526.63M (Peak 526.63M) | Time:00:00.76 | Mem:0.00M, Peak:0.00M | Scene, ViewLayer | Synchronizing object | Fan radial cage wire.128
Fra:1 Mem:526.63M (Peak 526.63M) | Time:00:00.76 | Mem:0.00M, Peak:0.00M | Scene, ViewLayer | Synchronizing object | Fan radial cage wire.129
Fra:1 Mem:526.64M (Peak 526.64M) | Time:00:00.76 | Mem:0.00M, Peak:0.00M | Scene, ViewLayer | Synchronizing object | Fan radial cage wire.130
Fra:1 Mem:526.64M (Peak 526.64M) | Time:00:00.76 | Mem:0.00M, Peak:0.00M | Scene, ViewLayer | Synchronizing object | Fan radial cage wire.131
Fra:1 Mem:526.65M (Peak 526.65M) | Time:00:00.76 | Mem:0.00M, Peak:0.00M | Scene, ViewLayer | Synchronizing object | Fan radial cage wire.132
Fra:1 Mem:526.65M (Peak 526.65M) | Time:00:00.76 | Mem:0.00M, Peak:0.00M | Scene, ViewLayer | Synchronizing object | Fan radial cage wire.133
Fra:1 Mem:526.66M (Peak 526.66M) | Time:00:00.76 | Mem:0.00M, Peak:0.00M | Scene, ViewLayer | Synchronizing object | Fan radial cage wire.134
Fra:1 Mem:526.67M (Peak 526.67M) | Time:00:00.76 | Mem:0.00M, Peak:0.00M | Scene, ViewLayer | Synchronizing object | Fan radial cage wire.135
Fra:1 Mem:526.67M (Peak 526.67M) | Time:00:00.76 | Mem:0.00M, Peak:0.00M | Scene, ViewLayer | Synchronizing object | Fan radial cage wire.136
Fra:1 Mem:526.68M (Peak 526.68M) | Time:00:00.76 | Mem:0.00M, Peak:0.00M | Scene, ViewLayer | Synchronizing object | Fan radial cage wire.137
Fra:1 Mem:526.68M (Peak 526.68M) | Time:00:00.76 | Mem:0.00M, Peak:0.00M | Scene, ViewLayer | Synchronizing object | Fan radial cage wire.138
Fra:1 Mem:526.69M (Peak 526.69M) | Time:00:00.76 | Mem:0.00M, Peak:0.00M | Scene, ViewLayer | Synchronizing object | STUDIO rail pad.097
Fra:1 Mem:526.69M (Peak 526.69M) | Time:00:00.76 | Mem:0.00M, Peak:0.00M | Scene, ViewLayer | Synchronizing object | Fan radial cage wire.141
Fra:1 Mem:526.70M (Peak 526.70M) | Time:00:00.76 | Mem:0.00M, Peak:0.00M | Scene, ViewLayer | Synchronizing object | STUDIO fastening clip.193
Fra:1 Mem:526.70M (Peak 526.70M) | Time:00:00.76 | Mem:0.00M, Peak:0.00M | Scene, ViewLayer | Synchronizing object | Fan radial cage wire.142
Fra:1 Mem:526.70M (Peak 526.70M) | Time:00:00.76 | Mem:0.00M, Peak:0.00M | Scene, ViewLayer | Synchronizing object | Fan radial cage wire.143
Fra:1 Mem:526.70M (Peak 526.70M) | Time:00:00.76 | Mem:0.00M, Peak:0.00M | Scene, ViewLayer | Synchronizing object | STUDIO fastening clip.192
Fra:1 Mem:526.72M (Peak 526.72M) | Time:00:00.76 | Mem:0.00M, Peak:0.00M | Scene, ViewLayer | Synchronizing object | STUDIO rail pad.096
Fra:1 Mem:526.72M (Peak 526.72M) | Time:00:00.76 | Mem:0.00M, Peak:0.00M | Scene, ViewLayer | Synchronizing object | Fan swept three blade rotor.015
Fra:1 Mem:526.72M (Peak 526.72M) | Time:00:00.76 | Mem:0.00M, Peak:0.00M | Scene, ViewLayer | Synchronizing object | Fan swept three blade rotor.017
Fra:1 Mem:526.72M (Peak 526.72M) | Time:00:00.76 | Mem:0.00M, Peak:0.00M | Scene, ViewLayer | Synchronizing object | Fan centre decorative cap.005
Fra:1 Mem:526.73M (Peak 526.73M) | Time:00:00.76 | Mem:0.00M, Peak:0.00M | Scene, ViewLayer | Synchronizing object | Fan grille locking clip.020
Fra:1 Mem:526.74M (Peak 526.74M) | Time:00:00.76 | Mem:0.00M, Peak:0.00M | Scene, ViewLayer | Synchronizing object | Fan grille locking clip.021
Fra:1 Mem:526.75M (Peak 526.75M) | Time:00:00.76 | Mem:0.00M, Peak:0.00M | Scene, ViewLayer | Synchronizing object | Fan grille locking clip.022
Fra:1 Mem:526.75M (Peak 526.75M) | Time:00:00.76 | Mem:0.00M, Peak:0.00M | Scene, ViewLayer | Synchronizing object | STUDIO fastening clip.191
Fra:1 Mem:526.76M (Peak 526.76M) | Time:00:00.76 | Mem:0.00M, Peak:0.00M | Scene, ViewLayer | Synchronizing object | Fan grille locking clip.023
Fra:1 Mem:526.77M (Peak 526.77M) | Time:00:00.76 | Mem:0.00M, Peak:0.00M | Scene, ViewLayer | Synchronizing object | STUDIO fastening clip.190
Fra:1 Mem:526.77M (Peak 526.77M) | Time:00:00.76 | Mem:0.00M, Peak:0.00M | Scene, ViewLayer | Synchronizing object | Bay_07_lower_cushion
Fra:1 Mem:526.78M (Peak 526.78M) | Time:00:00.76 | Mem:0.00M, Peak:0.00M | Scene, ViewLayer | Synchronizing object | Bay_07_lower_cushion_stitched_edge_welt
Fra:1 Mem:526.81M (Peak 526.81M) | Time:00:00.76 | Mem:0.00M, Peak:0.00M | Scene, ViewLayer | Synchronizing object | STUDIO rail pad.095
Fra:1 Mem:526.84M (Peak 526.84M) | Time:00:00.76 | Mem:0.00M, Peak:0.00M | Scene, ViewLayer | Synchronizing object | STUDIO fastening clip.189
Fra:1 Mem:526.86M (Peak 526.86M) | Time:00:00.76 | Mem:0.00M, Peak:0.00M | Scene, ViewLayer | Synchronizing object | STUDIO fastening clip.188
Fra:1 Mem:526.86M (Peak 526.86M) | Time:00:00.76 | Mem:0.00M, Peak:0.00M | Scene, ViewLayer | Synchronizing object | STUDIO rail pad.094
Fra:1 Mem:526.86M (Peak 526.86M) | Time:00:00.76 | Mem:0.00M, Peak:0.00M | Scene, ViewLayer | Synchronizing object | Bay_07_lower_cushion_subtle_cover_stitch
Fra:1 Mem:526.87M (Peak 526.87M) | Time:00:00.76 | Mem:0.00M, Peak:0.00M | Scene, ViewLayer | Synchronizing object | Bay_07_lower_cushion_subtle_cover_stitch.001
Fra:1 Mem:526.88M (Peak 526.88M) | Time:00:00.76 | Mem:0.00M, Peak:0.00M | Scene, ViewLayer | Synchronizing object | STUDIO sleeper.047
Fra:1 Mem:526.89M (Peak 526.89M) | Time:00:00.76 | Mem:0.00M, Peak:0.00M | Scene, ViewLayer | Synchronizing object | Bay_07_upper_cushion
Fra:1 Mem:526.90M (Peak 526.90M) | Time:00:00.76 | Mem:0.00M, Peak:0.00M | Scene, ViewLayer | Synchronizing object | Bay_07_upper_cushion_stitched_edge_welt
Fra:1 Mem:526.91M (Peak 526.91M) | Time:00:00.76 | Mem:0.00M, Peak:0.00M | Scene, ViewLayer | Synchronizing object | STUDIO fastening clip.187
Fra:1 Mem:526.92M (Peak 526.92M) | Time:00:00.76 | Mem:0.00M, Peak:0.00M | Scene, ViewLayer | Synchronizing object | Bay_07_upper_cushion_subtle_cover_stitch
Fra:1 Mem:526.95M (Peak 526.95M) | Time:00:00.76 | Mem:0.00M, Peak:0.00M | Scene, ViewLayer | Synchronizing object | STUDIO fastening clip.186
Fra:1 Mem:526.96M (Peak 526.96M) | Time:00:00.76 | Mem:0.00M, Peak:0.00M | Scene, ViewLayer | Synchronizing object | STUDIO rail pad.093
Fra:1 Mem:526.98M (Peak 526.98M) | Time:00:00.76 | Mem:0.00M, Peak:0.00M | Scene, ViewLayer | Synchronizing object | STUDIO fastening clip.185
Fra:1 Mem:526.98M (Peak 526.98M) | Time:00:00.76 | Mem:0.00M, Peak:0.00M | Scene, ViewLayer | Synchronizing object | Bay_07_upper_cushion_subtle_cover_stitch.001
Fra:1 Mem:526.98M (Peak 526.98M) | Time:00:00.76 | Mem:0.00M, Peak:0.00M | Scene, ViewLayer | Synchronizing object | Bay_07_lower_pan
Fra:1 Mem:526.98M (Peak 526.98M) | Time:00:00.76 | Mem:0.00M, Peak:0.00M | Scene, ViewLayer | Synchronizing object | STUDIO fastening clip.184
Fra:1 Mem:527.00M (Peak 527.00M) | Time:00:00.76 | Mem:0.00M, Peak:0.00M | Scene, ViewLayer | Synchronizing object | Bay_07_lower_leg
Fra:1 Mem:527.00M (Peak 527.00M) | Time:00:00.76 | Mem:0.00M, Peak:0.00M | Scene, ViewLayer | Synchronizing object | STUDIO rail pad.092
Fra:1 Mem:527.00M (Peak 527.00M) | Time:00:00.76 | Mem:0.00M, Peak:0.00M | Scene, ViewLayer | Synchronizing object | Bay_07_folded_middle_backrest
Fra:1 Mem:527.00M (Peak 527.00M) | Time:00:00.76 | Mem:0.00M, Peak:0.00M | Scene, ViewLayer | Synchronizing object | Bay_07_upper_support
Fra:1 Mem:527.00M (Peak 527.00M) | Time:00:00.76 | Mem:0.00M, Peak:0.00M | Scene, ViewLayer | Synchronizing object | STUDIO sleeper.046
Fra:1 Mem:527.01M (Peak 527.01M) | Time:00:00.76 | Mem:0.00M, Peak:0.00M | Scene, ViewLayer | Synchronizing object | Bay_07_upper_hanger_ceiling_plate
Fra:1 Mem:527.02M (Peak 527.02M) | Time:00:00.76 | Mem:0.00M, Peak:0.00M | Scene, ViewLayer | Synchronizing object | Bay_07_upper_support.001
Fra:1 Mem:527.06M (Peak 527.06M) | Time:00:00.76 | Mem:0.00M, Peak:0.00M | Scene, ViewLayer | Synchronizing object | Bay_07_upper_hanger_ceiling_plate.001
Fra:1 Mem:527.07M (Peak 527.07M) | Time:00:00.76 | Mem:0.00M, Peak:0.00M | Scene, ViewLayer | Synchronizing object | STUDIO fastening clip.182
Fra:1 Mem:527.08M (Peak 527.08M) | Time:00:00.76 | Mem:0.00M, Peak:0.00M | Scene, ViewLayer | Synchronizing object | STUDIO rail pad.091
Fra:1 Mem:527.06M (Peak 527.08M) | Time:00:00.76 | Mem:0.00M, Peak:0.00M | Scene, ViewLayer | Synchronizing object | Bay_07_luggage_rack_rail
Fra:1 Mem:527.07M (Peak 527.08M) | Time:00:00.76 | Mem:0.00M, Peak:0.00M | Scene, ViewLayer | Synchronizing object | STUDIO fastening clip.181
Fra:1 Mem:527.08M (Peak 527.08M) | Time:00:00.76 | Mem:0.00M, Peak:0.00M | Scene, ViewLayer | Synchronizing object | Bay_07_luggage_rack_rail.001
Fra:1 Mem:527.09M (Peak 527.09M) | Time:00:00.76 | Mem:0.00M, Peak:0.00M | Scene, ViewLayer | Synchronizing object | STUDIO fastening clip.180
Fra:1 Mem:527.12M (Peak 527.12M) | Time:00:00.76 | Mem:0.00M, Peak:0.00M | Scene, ViewLayer | Synchronizing object | Bay_07_underseat_rack
Fra:1 Mem:527.12M (Peak 527.12M) | Time:00:00.76 | Mem:0.00M, Peak:0.00M | Scene, ViewLayer | Synchronizing object | STUDIO rail pad.090
Fra:1 Mem:527.12M (Peak 527.12M) | Time:00:00.76 | Mem:0.00M, Peak:0.00M | Scene, ViewLayer | Synchronizing object | Bay_07_underseat_rack.001
Fra:1 Mem:527.12M (Peak 527.12M) | Time:00:00.76 | Mem:0.00M, Peak:0.00M | Scene, ViewLayer | Synchronizing object | STUDIO sleeper.045
Fra:1 Mem:527.09M (Peak 527.12M) | Time:00:00.76 | Mem:0.00M, Peak:0.00M | Scene, ViewLayer | Synchronizing object | Bay_07_underseat_rack.002
Fra:1 Mem:527.11M (Peak 527.12M) | Time:00:00.76 | Mem:0.00M, Peak:0.00M | Scene, ViewLayer | Synchronizing object | Bay_07_underseat_rack.003
Fra:1 Mem:527.13M (Peak 527.13M) | Time:00:00.76 | Mem:0.00M, Peak:0.00M | Scene, ViewLayer | Synchronizing object | Bay_07_underseat_rack.004
Fra:1 Mem:527.09M (Peak 527.13M) | Time:00:00.76 | Mem:0.00M, Peak:0.00M | Scene, ViewLayer | Synchronizing object | STUDIO fastening clip.178
Fra:1 Mem:527.09M (Peak 527.13M) | Time:00:00.76 | Mem:0.00M, Peak:0.00M | Scene, ViewLayer | Synchronizing object | Bay_07_ladder_step
Fra:1 Mem:527.09M (Peak 527.13M) | Time:00:00.76 | Mem:0.00M, Peak:0.00M | Scene, ViewLayer | Synchronizing object | STUDIO rail pad.089
Fra:1 Mem:527.10M (Peak 527.13M) | Time:00:00.76 | Mem:0.00M, Peak:0.00M | Scene, ViewLayer | Synchronizing object | STUDIO fastening clip.177
Fra:1 Mem:527.10M (Peak 527.13M) | Time:00:00.76 | Mem:0.00M, Peak:0.00M | Scene, ViewLayer | Synchronizing object | Bay_07_ladder_step.001
Fra:1 Mem:527.10M (Peak 527.13M) | Time:00:00.76 | Mem:0.00M, Peak:0.00M | Scene, ViewLayer | Synchronizing object | Bay_07_ladder_step.002
Fra:1 Mem:527.11M (Peak 527.13M) | Time:00:00.76 | Mem:0.00M, Peak:0.00M | Scene, ViewLayer | Synchronizing object | Bay_07_ladder_step.003
Fra:1 Mem:527.11M (Peak 527.13M) | Time:00:00.76 | Mem:0.00M, Peak:0.00M | Scene, ViewLayer | Synchronizing object | Bay_07_ladder_step.004
Fra:1 Mem:527.11M (Peak 527.13M) | Time:00:00.76 | Mem:0.00M, Peak:0.00M | Scene, ViewLayer | Synchronizing object | Bay_07_individual_reading_lamp
Fra:1 Mem:527.11M (Peak 527.13M) | Time:00:00.76 | Mem:0.00M, Peak:0.00M | Scene, ViewLayer | Synchronizing object | Bay_07_lower_cushion.001
Fra:1 Mem:527.12M (Peak 527.13M) | Time:00:00.76 | Mem:0.00M, Peak:0.00M | Scene, ViewLayer | Synchronizing object | STUDIO rail pad.088
Fra:1 Mem:527.15M (Peak 527.15M) | Time:00:00.76 | Mem:0.00M, Peak:0.00M | Scene, ViewLayer | Synchronizing object | STUDIO sleeper.044
Fra:1 Mem:527.15M (Peak 527.15M) | Time:00:00.76 | Mem:0.00M, Peak:0.00M | Scene, ViewLayer | Synchronizing object | Bay_07_lower_cushion_stitched_edge_welt.001
Fra:1 Mem:527.16M (Peak 527.16M) | Time:00:00.76 | Mem:0.00M, Peak:0.00M | Scene, ViewLayer | Synchronizing object | STUDIO fastening clip.175
Fra:1 Mem:527.18M (Peak 527.18M) | Time:00:00.76 | Mem:0.00M, Peak:0.00M | Scene, ViewLayer | Synchronizing object | STUDIO fastening clip.174
Fra:1 Mem:527.18M (Peak 527.18M) | Time:00:00.76 | Mem:0.00M, Peak:0.00M | Scene, ViewLayer | Synchronizing object | STUDIO rail pad.087
Fra:1 Mem:527.19M (Peak 527.19M) | Time:00:00.76 | Mem:0.00M, Peak:0.00M | Scene, ViewLayer | Synchronizing object | Bay_07_lower_cushion_subtle_cover_stitch.002
Fra:1 Mem:527.19M (Peak 527.19M) | Time:00:00.76 | Mem:0.00M, Peak:0.00M | Scene, ViewLayer | Synchronizing object | STUDIO fastening clip.173
Fra:1 Mem:527.20M (Peak 527.20M) | Time:00:00.76 | Mem:0.00M, Peak:0.00M | Scene, ViewLayer | Synchronizing object | STUDIO fastening clip.172
Fra:1 Mem:527.22M (Peak 527.22M) | Time:00:00.76 | Mem:0.00M, Peak:0.00M | Scene, ViewLayer | Synchronizing object | Bay_07_upper_cushion.001
Fra:1 Mem:527.22M (Peak 527.22M) | Time:00:00.76 | Mem:0.00M, Peak:0.00M | Scene, ViewLayer | Synchronizing object | STUDIO rail pad.086
Fra:1 Mem:527.24M (Peak 527.24M) | Time:00:00.76 | Mem:0.00M, Peak:0.00M | Scene, ViewLayer | Synchronizing object | Bay_07_upper_cushion_stitched_edge_welt.001
Fra:1 Mem:527.24M (Peak 527.24M) | Time:00:00.76 | Mem:0.00M, Peak:0.00M | Scene, ViewLayer | Synchronizing object | Bay_07_upper_cushion_subtle_cover_stitch.002
Fra:1 Mem:527.27M (Peak 527.27M) | Time:00:00.76 | Mem:0.00M, Peak:0.00M | Scene, ViewLayer | Synchronizing object | STUDIO sleeper.043
Fra:1 Mem:527.29M (Peak 527.29M) | Time:00:00.76 | Mem:0.00M, Peak:0.00M | Scene, ViewLayer | Synchronizing object | STUDIO fastening clip.171
Fra:1 Mem:527.30M (Peak 527.30M) | Time:00:00.76 | Mem:0.00M, Peak:0.00M | Scene, ViewLayer | Synchronizing object | Bay_07_upper_cushion_subtle_cover_stitch.003
Fra:1 Mem:527.30M (Peak 527.30M) | Time:00:00.76 | Mem:0.00M, Peak:0.00M | Scene, ViewLayer | Synchronizing object | Bay_07_lower_pan.001
Fra:1 Mem:527.30M (Peak 527.30M) | Time:00:00.76 | Mem:0.00M, Peak:0.00M | Scene, ViewLayer | Synchronizing object | Bay_07_lower_leg.002
Fra:1 Mem:527.32M (Peak 527.32M) | Time:00:00.76 | Mem:0.00M, Peak:0.00M | Scene, ViewLayer | Synchronizing object | Bay_07_lower_leg.003
Fra:1 Mem:527.32M (Peak 527.32M) | Time:00:00.76 | Mem:0.00M, Peak:0.00M | Scene, ViewLayer | Synchronizing object | STUDIO rail pad.085
Fra:1 Mem:527.33M (Peak 527.33M) | Time:00:00.76 | Mem:0.00M, Peak:0.00M | Scene, ViewLayer | Synchronizing object | Bay_07_upper_hanger_ceiling_plate.002
Fra:1 Mem:527.34M (Peak 527.34M) | Time:00:00.76 | Mem:0.00M, Peak:0.00M | Scene, ViewLayer | Synchronizing object | Bay_07_upper_support.003
Fra:1 Mem:527.38M (Peak 527.38M) | Time:00:00.76 | Mem:0.00M, Peak:0.00M | Scene, ViewLayer | Synchronizing object | Bay_07_upper_hanger_ceiling_plate.003
Fra:1 Mem:527.38M (Peak 527.38M) | Time:00:00.76 | Mem:0.00M, Peak:0.00M | Scene, ViewLayer | Synchronizing object | Bay_07_luggage_rack_rail.002
Fra:1 Mem:527.40M (Peak 527.40M) | Time:00:00.76 | Mem:0.00M, Peak:0.00M | Scene, ViewLayer | Synchronizing object | Bay_07_luggage_rack_rail.003
Fra:1 Mem:527.41M (Peak 527.41M) | Time:00:00.76 | Mem:0.00M, Peak:0.00M | Scene, ViewLayer | Synchronizing object | Bay_07_underseat_rack.005
Fra:1 Mem:527.41M (Peak 527.41M) | Time:00:00.76 | Mem:0.00M, Peak:0.00M | Scene, ViewLayer | Synchronizing object | Bay_07_underseat_rack.006
Fra:1 Mem:527.38M (Peak 527.41M) | Time:00:00.76 | Mem:0.00M, Peak:0.00M | Scene, ViewLayer | Synchronizing object | Bay_07_underseat_rack.007
Fra:1 Mem:527.40M (Peak 527.41M) | Time:00:00.76 | Mem:0.00M, Peak:0.00M | Scene, ViewLayer | Synchronizing object | STUDIO fastening clip.169
Fra:1 Mem:527.41M (Peak 527.41M) | Time:00:00.76 | Mem:0.00M, Peak:0.00M | Scene, ViewLayer | Synchronizing object | Bay_07_underseat_rack.009
Fra:1 Mem:527.42M (Peak 527.42M) | Time:00:00.76 | Mem:0.00M, Peak:0.00M | Scene, ViewLayer | Synchronizing object | Bay_07_ladder.002
Fra:1 Mem:527.45M (Peak 527.45M) | Time:00:00.76 | Mem:0.00M, Peak:0.00M | Scene, ViewLayer | Synchronizing object | STUDIO fastening clip.168
Fra:1 Mem:527.45M (Peak 527.45M) | Time:00:00.76 | Mem:0.00M, Peak:0.00M | Scene, ViewLayer | Synchronizing object | Bay_07_ladder.003
Fra:1 Mem:527.46M (Peak 527.46M) | Time:00:00.76 | Mem:0.00M, Peak:0.00M | Scene, ViewLayer | Synchronizing object | STUDIO rail pad.084
Fra:1 Mem:527.46M (Peak 527.46M) | Time:00:00.76 | Mem:0.00M, Peak:0.00M | Scene, ViewLayer | Synchronizing object | Bay_07_ladder_step.006
Fra:1 Mem:527.46M (Peak 527.46M) | Time:00:00.76 | Mem:0.00M, Peak:0.00M | Scene, ViewLayer | Synchronizing object | STUDIO sleeper.042
Fra:1 Mem:527.47M (Peak 527.47M) | Time:00:00.76 | Mem:0.00M, Peak:0.00M | Scene, ViewLayer | Synchronizing object | STUDIO fastening clip.167
Fra:1 Mem:527.43M (Peak 527.47M) | Time:00:00.76 | Mem:0.00M, Peak:0.00M | Scene, ViewLayer | Synchronizing object | Bay_07_ladder_step.008
Fra:1 Mem:527.46M (Peak 527.47M) | Time:00:00.76 | Mem:0.00M, Peak:0.00M | Scene, ViewLayer | Synchronizing object | STUDIO fastening clip.166
Fra:1 Mem:527.47M (Peak 527.47M) | Time:00:00.76 | Mem:0.00M, Peak:0.00M | Scene, ViewLayer | Synchronizing object | Bay_07_individual_reading_lamp.001
Fra:1 Mem:527.44M (Peak 527.47M) | Time:00:00.76 | Mem:0.00M, Peak:0.00M | Scene, ViewLayer | Synchronizing object | STUDIO rail pad.083
Fra:1 Mem:527.44M (Peak 527.47M) | Time:00:00.76 | Mem:0.00M, Peak:0.00M | Scene, ViewLayer | Synchronizing object | Shared compartment partition.006
Fra:1 Mem:527.44M (Peak 527.47M) | Time:00:00.76 | Mem:0.00M, Peak:0.00M | Scene, ViewLayer | Synchronizing object | Bay_07_side_LOWER
Fra:1 Mem:527.44M (Peak 527.47M) | Time:00:00.76 | Mem:0.00M, Peak:0.00M | Scene, ViewLayer | Synchronizing object | Bay_07_side_LOWER_stitched_edge_welt
Fra:1 Mem:527.45M (Peak 527.47M) | Time:00:00.76 | Mem:0.00M, Peak:0.00M | Scene, ViewLayer | Synchronizing object | Bay_07_side_LOWER_support_pan
Fra:1 Mem:527.50M (Peak 527.50M) | Time:00:00.76 | Mem:0.00M, Peak:0.00M | Scene, ViewLayer | Synchronizing object | STUDIO fastening clip.164
Fra:1 Mem:527.50M (Peak 527.50M) | Time:00:00.76 | Mem:0.00M, Peak:0.00M | Scene, ViewLayer | Synchronizing object | Bay_07_side_LOWER_wall_bracket
Fra:1 Mem:527.51M (Peak 527.51M) | Time:00:00.76 | Mem:0.00M, Peak:0.00M | Scene, ViewLayer | Synchronizing object | STUDIO rail pad.082
Fra:1 Mem:527.52M (Peak 527.52M) | Time:00:00.76 | Mem:0.00M, Peak:0.00M | Scene, ViewLayer | Synchronizing object | Bay_07_side_LOWER_diagonal_brace
Fra:1 Mem:527.52M (Peak 527.52M) | Time:00:00.76 | Mem:0.00M, Peak:0.00M | Scene, ViewLayer | Synchronizing object | Bay_07_side_LOWER_wall_bracket.001
Fra:1 Mem:527.54M (Peak 527.54M) | Time:00:00.76 | Mem:0.00M, Peak:0.00M | Scene, ViewLayer | Synchronizing object | Bay_07_side_LOWER_diagonal_brace.001
Fra:1 Mem:527.53M (Peak 527.54M) | Time:00:00.76 | Mem:0.00M, Peak:0.00M | Scene, ViewLayer | Synchronizing object | Bay_07_side_lower_floor_leg.001
Fra:1 Mem:527.54M (Peak 527.54M) | Time:00:00.76 | Mem:0.00M, Peak:0.00M | Scene, ViewLayer | Synchronizing object | Bay_07_side_UPPER
Fra:1 Mem:527.56M (Peak 527.56M) | Time:00:00.76 | Mem:0.00M, Peak:0.00M | Scene, ViewLayer | Synchronizing object | Bay_07_side_UPPER_stitched_edge_welt
Fra:1 Mem:527.57M (Peak 527.57M) | Time:00:00.76 | Mem:0.00M, Peak:0.00M | Scene, ViewLayer | Synchronizing object | Bay_07_side_UPPER_support_pan
Fra:1 Mem:527.59M (Peak 527.59M) | Time:00:00.76 | Mem:0.00M, Peak:0.00M | Scene, ViewLayer | Synchronizing object | STUDIO fastening clip.162
Fra:1 Mem:527.60M (Peak 527.60M) | Time:00:00.76 | Mem:0.00M, Peak:0.00M | Scene, ViewLayer | Synchronizing object | STUDIO rail pad.081
Fra:1 Mem:527.61M (Peak 527.61M) | Time:00:00.76 | Mem:0.00M, Peak:0.00M | Scene, ViewLayer | Synchronizing object | Bay_07_side_UPPER_wall_bracket
Fra:1 Mem:527.62M (Peak 527.62M) | Time:00:00.76 | Mem:0.00M, Peak:0.00M | Scene, ViewLayer | Synchronizing object | Bay_07_side_UPPER_diagonal_brace
Fra:1 Mem:527.62M (Peak 527.62M) | Time:00:00.76 | Mem:0.00M, Peak:0.00M | Scene, ViewLayer | Synchronizing object | Bay_07_side_UPPER_wall_bracket.001
Fra:1 Mem:527.63M (Peak 527.63M) | Time:00:00.76 | Mem:0.00M, Peak:0.00M | Scene, ViewLayer | Synchronizing object | Bay_07_side_UPPER_diagonal_brace.001
Fra:1 Mem:527.63M (Peak 527.63M) | Time:00:00.76 | Mem:0.00M, Peak:0.00M | Scene, ViewLayer | Synchronizing object | Bay_07_side_seat_back
Fra:1 Mem:527.64M (Peak 527.64M) | Time:00:00.76 | Mem:0.00M, Peak:0.00M | Scene, ViewLayer | Synchronizing object | Bay_07_side_berth_support
Fra:1 Mem:527.65M (Peak 527.65M) | Time:00:00.76 | Mem:0.00M, Peak:0.00M | Scene, ViewLayer | Synchronizing object | STUDIO rail pad.080
Fra:1 Mem:527.65M (Peak 527.65M) | Time:00:00.76 | Mem:0.00M, Peak:0.00M | Scene, ViewLayer | Synchronizing object | Bay_07_side_seat_back.001
Fra:1 Mem:527.65M (Peak 527.65M) | Time:00:00.76 | Mem:0.00M, Peak:0.00M | Scene, ViewLayer | Synchronizing object | Bay_07_side_cushion_seam
Fra:1 Mem:527.65M (Peak 527.65M) | Time:00:00.76 | Mem:0.00M, Peak:0.00M | Scene, ViewLayer | Synchronizing object | STUDIO sleeper.040
Fra:1 Mem:527.66M (Peak 527.66M) | Time:00:00.76 | Mem:0.00M, Peak:0.00M | Scene, ViewLayer | Synchronizing object | Bay_07_window_table
Fra:1 Mem:527.67M (Peak 527.67M) | Time:00:00.76 | Mem:0.00M, Peak:0.00M | Scene, ViewLayer | Synchronizing object | STUDIO fastening clip.159
Fra:1 Mem:527.67M (Peak 527.67M) | Time:00:00.76 | Mem:0.00M, Peak:0.00M | Scene, ViewLayer | Synchronizing object | Fan ceiling stem.006
Fra:1 Mem:527.68M (Peak 527.68M) | Time:00:00.76 | Mem:0.00M, Peak:0.00M | Scene, ViewLayer | Synchronizing object | Fan pressed ceiling flange.006
Fra:1 Mem:527.68M (Peak 527.68M) | Time:00:00.76 | Mem:0.00M, Peak:0.00M | Scene, ViewLayer | Synchronizing object | STUDIO fastening clip.158
Fra:1 Mem:527.68M (Peak 527.68M) | Time:00:00.76 | Mem:0.00M, Peak:0.00M | Scene, ViewLayer | Synchronizing object | Fan round motor housing.006
Fra:1 Mem:527.69M (Peak 527.69M) | Time:00:00.76 | Mem:0.00M, Peak:0.00M | Scene, ViewLayer | Synchronizing object | STUDIO rail pad.079
Fra:1 Mem:527.71M (Peak 527.71M) | Time:00:00.76 | Mem:0.00M, Peak:0.00M | Scene, ViewLayer | Synchronizing object | STUDIO fastening clip.157
Fra:1 Mem:527.74M (Peak 527.74M) | Time:00:00.76 | Mem:0.00M, Peak:0.00M | Scene, ViewLayer | Synchronizing object | Fan concentric safety grille.037
Fra:1 Mem:527.75M (Peak 527.75M) | Time:00:00.76 | Mem:0.00M, Peak:0.00M | Scene, ViewLayer | Synchronizing object | STUDIO fastening clip.156
Fra:1 Mem:527.81M (Peak 527.81M) | Time:00:00.76 | Mem:0.00M, Peak:0.00M | Scene, ViewLayer | Synchronizing object | STUDIO rail pad.078
Fra:1 Mem:527.84M (Peak 527.84M) | Time:00:00.76 | Mem:0.00M, Peak:0.00M | Scene, ViewLayer | Synchronizing object | STUDIO sleeper.039
Fra:1 Mem:527.86M (Peak 527.86M) | Time:00:00.76 | Mem:0.00M, Peak:0.00M | Scene, ViewLayer | Synchronizing object | STUDIO fastening clip.155
Fra:1 Mem:527.86M (Peak 527.86M) | Time:00:00.76 | Mem:0.00M, Peak:0.00M | Scene, ViewLayer | Synchronizing object | Fan concentric safety grille.039
Fra:1 Mem:527.87M (Peak 527.87M) | Time:00:00.76 | Mem:0.00M, Peak:0.00M | Scene, ViewLayer | Synchronizing object | STUDIO fastening clip.154
Fra:1 Mem:527.91M (Peak 527.91M) | Time:00:00.76 | Mem:0.00M, Peak:0.00M | Scene, ViewLayer | Synchronizing object | STUDIO rail pad.077
Fra:1 Mem:527.94M (Peak 527.94M) | Time:00:00.76 | Mem:0.00M, Peak:0.00M | Scene, ViewLayer | Synchronizing object | STUDIO fastening clip.153
Fra:1 Mem:527.93M (Peak 527.94M) | Time:00:00.76 | Mem:0.00M, Peak:0.00M | Scene, ViewLayer | Synchronizing object | Fan concentric safety grille.040
Fra:1 Mem:527.96M (Peak 527.96M) | Time:00:00.76 | Mem:0.00M, Peak:0.00M | Scene, ViewLayer | Synchronizing object | Fan concentric safety grille.041
Fra:1 Mem:528.02M (Peak 528.02M) | Time:00:00.76 | Mem:0.00M, Peak:0.00M | Scene, ViewLayer | Synchronizing object | STUDIO rail pad.076
Fra:1 Mem:528.03M (Peak 528.03M) | Time:00:00.76 | Mem:0.00M, Peak:0.00M | Scene, ViewLayer | Synchronizing object | Fan radial cage wire.144
Fra:1 Mem:528.04M (Peak 528.04M) | Time:00:00.76 | Mem:0.00M, Peak:0.00M | Scene, ViewLayer | Synchronizing object | STUDIO sleeper.038
Fra:1 Mem:528.06M (Peak 528.06M) | Time:00:00.76 | Mem:0.00M, Peak:0.00M | Scene, ViewLayer | Synchronizing object | STUDIO fastening clip.151
Fra:1 Mem:528.06M (Peak 528.06M) | Time:00:00.76 | Mem:0.00M, Peak:0.00M | Scene, ViewLayer | Synchronizing object | Fan radial cage wire.145
Fra:1 Mem:528.06M (Peak 528.06M) | Time:00:00.76 | Mem:0.00M, Peak:0.00M | Scene, ViewLayer | Synchronizing object | Fan radial cage wire.146
Fra:1 Mem:528.07M (Peak 528.07M) | Time:00:00.76 | Mem:0.00M, Peak:0.00M | Scene, ViewLayer | Synchronizing object | STUDIO fastening clip.150
Fra:1 Mem:528.08M (Peak 528.08M) | Time:00:00.76 | Mem:0.00M, Peak:0.00M | Scene, ViewLayer | Synchronizing object | Fan radial cage wire.147
Fra:1 Mem:528.08M (Peak 528.08M) | Time:00:00.76 | Mem:0.00M, Peak:0.00M | Scene, ViewLayer | Synchronizing object | Fan radial cage wire.148
Fra:1 Mem:528.08M (Peak 528.08M) | Time:00:00.76 | Mem:0.00M, Peak:0.00M | Scene, ViewLayer | Synchronizing object | STUDIO rail pad.075
Fra:1 Mem:528.08M (Peak 528.08M) | Time:00:00.76 | Mem:0.00M, Peak:0.00M | Scene, ViewLayer | Synchronizing object | Fan radial cage wire.150
Fra:1 Mem:528.10M (Peak 528.10M) | Time:00:00.76 | Mem:0.00M, Peak:0.00M | Scene, ViewLayer | Synchronizing object | Fan radial cage wire.151
Fra:1 Mem:528.10M (Peak 528.10M) | Time:00:00.76 | Mem:0.00M, Peak:0.00M | Scene, ViewLayer | Synchronizing object | Fan radial cage wire.152
Fra:1 Mem:528.11M (Peak 528.11M) | Time:00:00.76 | Mem:0.00M, Peak:0.00M | Scene, ViewLayer | Synchronizing object | Fan radial cage wire.153
Fra:1 Mem:528.11M (Peak 528.11M) | Time:00:00.76 | Mem:0.00M, Peak:0.00M | Scene, ViewLayer | Synchronizing object | Fan radial cage wire.154
Fra:1 Mem:528.12M (Peak 528.12M) | Time:00:00.76 | Mem:0.00M, Peak:0.00M | Scene, ViewLayer | Synchronizing object | Fan radial cage wire.155
Fra:1 Mem:528.12M (Peak 528.12M) | Time:00:00.76 | Mem:0.00M, Peak:0.00M | Scene, ViewLayer | Synchronizing object | Fan radial cage wire.156
Fra:1 Mem:528.13M (Peak 528.13M) | Time:00:00.76 | Mem:0.00M, Peak:0.00M | Scene, ViewLayer | Synchronizing object | Fan radial cage wire.157
Fra:1 Mem:528.14M (Peak 528.14M) | Time:00:00.76 | Mem:0.00M, Peak:0.00M | Scene, ViewLayer | Synchronizing object | Fan radial cage wire.158
Fra:1 Mem:528.14M (Peak 528.14M) | Time:00:00.76 | Mem:0.00M, Peak:0.00M | Scene, ViewLayer | Synchronizing object | Fan radial cage wire.159
Fra:1 Mem:528.14M (Peak 528.14M) | Time:00:00.76 | Mem:0.00M, Peak:0.00M | Scene, ViewLayer | Synchronizing object | Fan radial cage wire.160
Fra:1 Mem:528.15M (Peak 528.15M) | Time:00:00.76 | Mem:0.00M, Peak:0.00M | Scene, ViewLayer | Synchronizing object | Fan radial cage wire.161
Fra:1 Mem:528.16M (Peak 528.16M) | Time:00:00.76 | Mem:0.00M, Peak:0.00M | Scene, ViewLayer | Synchronizing object | Fan radial cage wire.162
Fra:1 Mem:528.16M (Peak 528.16M) | Time:00:00.76 | Mem:0.00M, Peak:0.00M | Scene, ViewLayer | Synchronizing object | Fan radial cage wire.163
Fra:1 Mem:528.16M (Peak 528.16M) | Time:00:00.76 | Mem:0.00M, Peak:0.00M | Scene, ViewLayer | Synchronizing object | Fan radial cage wire.164
Fra:1 Mem:528.17M (Peak 528.17M) | Time:00:00.76 | Mem:0.00M, Peak:0.00M | Scene, ViewLayer | Synchronizing object | Fan radial cage wire.165
Fra:1 Mem:528.17M (Peak 528.17M) | Time:00:00.76 | Mem:0.00M, Peak:0.00M | Scene, ViewLayer | Synchronizing object | Fan radial cage wire.166
Fra:1 Mem:528.18M (Peak 528.18M) | Time:00:00.76 | Mem:0.00M, Peak:0.00M | Scene, ViewLayer | Synchronizing object | Fan radial cage wire.167
Fra:1 Mem:528.19M (Peak 528.19M) | Time:00:00.76 | Mem:0.00M, Peak:0.00M | Scene, ViewLayer | Synchronizing object | Fan swept three blade rotor.018
Fra:1 Mem:528.19M (Peak 528.19M) | Time:00:00.76 | Mem:0.00M, Peak:0.00M | Scene, ViewLayer | Synchronizing object | Fan swept three blade rotor.019
Fra:1 Mem:528.19M (Peak 528.19M) | Time:00:00.76 | Mem:0.00M, Peak:0.00M | Scene, ViewLayer | Synchronizing object | Fan centre decorative cap.006
Fra:1 Mem:528.20M (Peak 528.20M) | Time:00:00.76 | Mem:0.00M, Peak:0.00M | Scene, ViewLayer | Synchronizing object | Fan grille locking clip.024
Fra:1 Mem:528.20M (Peak 528.20M) | Time:00:00.76 | Mem:0.00M, Peak:0.00M | Scene, ViewLayer | Synchronizing object | STUDIO fastening clip.149
Fra:1 Mem:528.21M (Peak 528.21M) | Time:00:00.76 | Mem:0.00M, Peak:0.00M | Scene, ViewLayer | Synchronizing object | Fan grille locking clip.026
Fra:1 Mem:528.22M (Peak 528.22M) | Time:00:00.76 | Mem:0.00M, Peak:0.00M | Scene, ViewLayer | Synchronizing object | Fan grille locking clip.027
Fra:1 Mem:528.23M (Peak 528.23M) | Time:00:00.76 | Mem:0.00M, Peak:0.00M | Scene, ViewLayer | Synchronizing object | STUDIO fastening clip.148
Fra:1 Mem:528.24M (Peak 528.24M) | Time:00:00.76 | Mem:0.00M, Peak:0.00M | Scene, ViewLayer | Synchronizing object | Bay_07_number_plate
Fra:1 Mem:528.24M (Peak 528.24M) | Time:00:00.76 | Mem:0.00M, Peak:0.00M | Scene, ViewLayer | Synchronizing object | STUDIO rail pad.074
Fra:1 Mem:528.24M (Peak 528.24M) | Time:00:00.76 | Mem:0.00M, Peak:0.00M | Scene, ViewLayer | Synchronizing object | Bay_08_lower_cushion
Fra:1 Mem:528.24M (Peak 528.24M) | Time:00:00.76 | Mem:0.00M, Peak:0.00M | Scene, ViewLayer | Synchronizing object | Bay_08_lower_cushion_subtle_cover_stitch
Fra:1 Mem:528.25M (Peak 528.25M) | Time:00:00.76 | Mem:0.00M, Peak:0.00M | Scene, ViewLayer | Synchronizing object | STUDIO sleeper.037
Fra:1 Mem:528.29M (Peak 528.29M) | Time:00:00.76 | Mem:0.00M, Peak:0.00M | Scene, ViewLayer | Synchronizing object | STUDIO fastening clip.147
Fra:1 Mem:528.30M (Peak 528.30M) | Time:00:00.76 | Mem:0.00M, Peak:0.00M | Scene, ViewLayer | Synchronizing object | Bay_08_lower_cushion_subtle_cover_stitch.001
Fra:1 Mem:528.31M (Peak 528.31M) | Time:00:00.76 | Mem:0.00M, Peak:0.00M | Scene, ViewLayer | Synchronizing object | STUDIO fastening clip.146
Fra:1 Mem:528.33M (Peak 528.33M) | Time:00:00.76 | Mem:0.00M, Peak:0.00M | Scene, ViewLayer | Synchronizing object | STUDIO rail pad.073
Fra:1 Mem:528.33M (Peak 528.33M) | Time:00:00.76 | Mem:0.00M, Peak:0.00M | Scene, ViewLayer | Synchronizing object | Bay_08_upper_cushion_subtle_cover_stitch
Fra:1 Mem:528.34M (Peak 528.34M) | Time:00:00.76 | Mem:0.00M, Peak:0.00M | Scene, ViewLayer | Synchronizing object | STUDIO fastening clip.145
Fra:1 Mem:528.36M (Peak 528.36M) | Time:00:00.76 | Mem:0.00M, Peak:0.00M | Scene, ViewLayer | Synchronizing object | STUDIO fastening clip.144
Fra:1 Mem:528.40M (Peak 528.40M) | Time:00:00.76 | Mem:0.00M, Peak:0.00M | Scene, ViewLayer | Synchronizing object | STUDIO rail pad.072
Fra:1 Mem:528.41M (Peak 528.41M) | Time:00:00.76 | Mem:0.00M, Peak:0.00M | Scene, ViewLayer | Synchronizing object | Bay_08_upper_cushion_subtle_cover_stitch.001
Fra:1 Mem:528.41M (Peak 528.41M) | Time:00:00.76 | Mem:0.00M, Peak:0.00M | Scene, ViewLayer | Synchronizing object | STUDIO sleeper.036
Fra:1 Mem:528.42M (Peak 528.42M) | Time:00:00.76 | Mem:0.00M, Peak:0.00M | Scene, ViewLayer | Synchronizing object | Bay_08_lower_pan
Fra:1 Mem:528.43M (Peak 528.43M) | Time:00:00.76 | Mem:0.00M, Peak:0.00M | Scene, ViewLayer | Synchronizing object | STUDIO fastening clip.143
Fra:1 Mem:528.43M (Peak 528.43M) | Time:00:00.76 | Mem:0.00M, Peak:0.00M | Scene, ViewLayer | Synchronizing object | Bay_08_lower_leg
Fra:1 Mem:528.43M (Peak 528.43M) | Time:00:00.76 | Mem:0.00M, Peak:0.00M | Scene, ViewLayer | Synchronizing object | STUDIO fastening clip.142
Fra:1 Mem:528.43M (Peak 528.43M) | Time:00:00.76 | Mem:0.00M, Peak:0.00M | Scene, ViewLayer | Synchronizing object | Bay_08_folded_middle_backrest
Fra:1 Mem:528.44M (Peak 528.44M) | Time:00:00.76 | Mem:0.00M, Peak:0.00M | Scene, ViewLayer | Synchronizing object | Bay_08_upper_support
Fra:1 Mem:528.44M (Peak 528.44M) | Time:00:00.76 | Mem:0.00M, Peak:0.00M | Scene, ViewLayer | Synchronizing object | Bay_08_upper_hanger_ceiling_plate
Fra:1 Mem:528.49M (Peak 528.49M) | Time:00:00.76 | Mem:0.00M, Peak:0.00M | Scene, ViewLayer | Synchronizing object | Bay_08_upper_support.001
Fra:1 Mem:528.49M (Peak 528.49M) | Time:00:00.76 | Mem:0.00M, Peak:0.00M | Scene, ViewLayer | Synchronizing object | Bay_08_upper_hanger_ceiling_plate.001
Fra:1 Mem:528.51M (Peak 528.51M) | Time:00:00.76 | Mem:0.00M, Peak:0.00M | Scene, ViewLayer | Synchronizing object | Bay_08_luggage_rack_rail
Fra:1 Mem:528.52M (Peak 528.52M) | Time:00:00.76 | Mem:0.00M, Peak:0.00M | Scene, ViewLayer | Synchronizing object | STUDIO fastening clip.140
Fra:1 Mem:528.50M (Peak 528.52M) | Time:00:00.76 | Mem:0.00M, Peak:0.00M | Scene, ViewLayer | Synchronizing object | Bay_08_luggage_rack_rail.001
Fra:1 Mem:528.51M (Peak 528.52M) | Time:00:00.76 | Mem:0.00M, Peak:0.00M | Scene, ViewLayer | Synchronizing object | Bay_08_underseat_rack
Fra:1 Mem:528.52M (Peak 528.52M) | Time:00:00.76 | Mem:0.00M, Peak:0.00M | Scene, ViewLayer | Synchronizing object | Bay_08_underseat_rack.001
Fra:1 Mem:528.53M (Peak 528.53M) | Time:00:00.76 | Mem:0.00M, Peak:0.00M | Scene, ViewLayer | Synchronizing object | STUDIO sleeper.035
Fra:1 Mem:528.53M (Peak 528.53M) | Time:00:00.76 | Mem:0.00M, Peak:0.00M | Scene, ViewLayer | Synchronizing object | Bay_08_underseat_rack.002
Fra:1 Mem:528.56M (Peak 528.56M) | Time:00:00.76 | Mem:0.00M, Peak:0.00M | Scene, ViewLayer | Synchronizing object | STUDIO fastening clip.139
Fra:1 Mem:528.56M (Peak 528.56M) | Time:00:00.76 | Mem:0.00M, Peak:0.00M | Scene, ViewLayer | Synchronizing object | Bay_08_underseat_rack.003
Fra:1 Mem:528.57M (Peak 528.57M) | Time:00:00.76 | Mem:0.00M, Peak:0.00M | Scene, ViewLayer | Synchronizing object | STUDIO fastening clip.138
Fra:1 Mem:528.57M (Peak 528.57M) | Time:00:00.76 | Mem:0.00M, Peak:0.00M | Scene, ViewLayer | Synchronizing object | STUDIO rail pad.069
Fra:1 Mem:528.57M (Peak 528.57M) | Time:00:00.76 | Mem:0.00M, Peak:0.00M | Scene, ViewLayer | Synchronizing object | Bay_08_ladder
Fra:1 Mem:528.57M (Peak 528.57M) | Time:00:00.76 | Mem:0.00M, Peak:0.00M | Scene, ViewLayer | Synchronizing object | STUDIO fastening clip.137
Fra:1 Mem:528.54M (Peak 528.57M) | Time:00:00.76 | Mem:0.00M, Peak:0.00M | Scene, ViewLayer | Synchronizing object | Bay_08_ladder.001
Fra:1 Mem:528.54M (Peak 528.57M) | Time:00:00.76 | Mem:0.00M, Peak:0.00M | Scene, ViewLayer | Synchronizing object | Bay_08_ladder_step
Fra:1 Mem:528.56M (Peak 528.57M) | Time:00:00.76 | Mem:0.00M, Peak:0.00M | Scene, ViewLayer | Synchronizing object | Bay_08_ladder_step.001
Fra:1 Mem:528.57M (Peak 528.57M) | Time:00:00.76 | Mem:0.00M, Peak:0.00M | Scene, ViewLayer | Synchronizing object | STUDIO fastening clip.136
Fra:1 Mem:528.58M (Peak 528.58M) | Time:00:00.76 | Mem:0.00M, Peak:0.00M | Scene, ViewLayer | Synchronizing object | Bay_08_ladder_step.002
Fra:1 Mem:528.55M (Peak 528.58M) | Time:00:00.76 | Mem:0.00M, Peak:0.00M | Scene, ViewLayer | Synchronizing object | STUDIO rail pad.068
Fra:1 Mem:528.55M (Peak 528.58M) | Time:00:00.76 | Mem:0.00M, Peak:0.00M | Scene, ViewLayer | Synchronizing object | Bay_08_ladder_step.004
Fra:1 Mem:528.55M (Peak 528.58M) | Time:00:00.76 | Mem:0.00M, Peak:0.00M | Scene, ViewLayer | Synchronizing object | Bay_08_individual_reading_lamp
Fra:1 Mem:528.55M (Peak 528.58M) | Time:00:00.76 | Mem:0.00M, Peak:0.00M | Scene, ViewLayer | Synchronizing object | Bay_08_lower_cushion.001
Fra:1 Mem:528.57M (Peak 528.58M) | Time:00:00.76 | Mem:0.00M, Peak:0.00M | Scene, ViewLayer | Synchronizing object | Bay_08_lower_cushion_stitched_edge_welt.001
Fra:1 Mem:528.58M (Peak 528.58M) | Time:00:00.76 | Mem:0.00M, Peak:0.00M | Scene, ViewLayer | Synchronizing object | Bay_08_lower_cushion_subtle_cover_stitch.002
Fra:1 Mem:528.59M (Peak 528.59M) | Time:00:00.76 | Mem:0.00M, Peak:0.00M | Scene, ViewLayer | Synchronizing object | STUDIO fastening clip.135
Fra:1 Mem:528.62M (Peak 528.62M) | Time:00:00.76 | Mem:0.00M, Peak:0.00M | Scene, ViewLayer | Synchronizing object | STUDIO fastening clip.134
Fra:1 Mem:528.63M (Peak 528.63M) | Time:00:00.76 | Mem:0.00M, Peak:0.00M | Scene, ViewLayer | Synchronizing object | Bay_08_lower_cushion_subtle_cover_stitch.003
Fra:1 Mem:528.64M (Peak 528.64M) | Time:00:00.76 | Mem:0.00M, Peak:0.00M | Scene, ViewLayer | Synchronizing object | Bay_08_upper_cushion.001
Fra:1 Mem:528.65M (Peak 528.65M) | Time:00:00.76 | Mem:0.00M, Peak:0.00M | Scene, ViewLayer | Synchronizing object | Bay_08_upper_cushion_stitched_edge_welt.001
Fra:1 Mem:528.70M (Peak 528.70M) | Time:00:00.76 | Mem:0.00M, Peak:0.00M | Scene, ViewLayer | Synchronizing object | STUDIO fastening clip.133
Fra:1 Mem:528.70M (Peak 528.70M) | Time:00:00.76 | Mem:0.00M, Peak:0.00M | Scene, ViewLayer | Synchronizing object | Bay_08_upper_cushion_subtle_cover_stitch.002
Fra:1 Mem:528.71M (Peak 528.71M) | Time:00:00.76 | Mem:0.00M, Peak:0.00M | Scene, ViewLayer | Synchronizing object | STUDIO fastening clip.132
Fra:1 Mem:528.73M (Peak 528.73M) | Time:00:00.76 | Mem:0.00M, Peak:0.00M | Scene, ViewLayer | Synchronizing object | STUDIO rail pad.066
Fra:1 Mem:528.73M (Peak 528.73M) | Time:00:00.76 | Mem:0.00M, Peak:0.00M | Scene, ViewLayer | Synchronizing object | Bay_08_upper_cushion_subtle_cover_stitch.003
Fra:1 Mem:528.73M (Peak 528.73M) | Time:00:00.76 | Mem:0.00M, Peak:0.00M | Scene, ViewLayer | Synchronizing object | Bay_08_lower_pan.001
Fra:1 Mem:528.74M (Peak 528.74M) | Time:00:00.76 | Mem:0.00M, Peak:0.00M | Scene, ViewLayer | Synchronizing object | STUDIO sleeper.033
Fra:1 Mem:528.74M (Peak 528.74M) | Time:00:00.76 | Mem:0.00M, Peak:0.00M | Scene, ViewLayer | Synchronizing object | Bay_08_lower_leg.003
Fra:1 Mem:528.75M (Peak 528.75M) | Time:00:00.76 | Mem:0.00M, Peak:0.00M | Scene, ViewLayer | Synchronizing object | STUDIO fastening clip.131
Fra:1 Mem:528.75M (Peak 528.75M) | Time:00:00.76 | Mem:0.00M, Peak:0.00M | Scene, ViewLayer | Synchronizing object | Bay_08_upper_support.002
Fra:1 Mem:528.76M (Peak 528.76M) | Time:00:00.76 | Mem:0.00M, Peak:0.00M | Scene, ViewLayer | Synchronizing object | STUDIO rail pad.065
Fra:1 Mem:528.77M (Peak 528.77M) | Time:00:00.76 | Mem:0.00M, Peak:0.00M | Scene, ViewLayer | Synchronizing object | Bay_08_upper_support.003
Fra:1 Mem:528.77M (Peak 528.77M) | Time:00:00.76 | Mem:0.00M, Peak:0.00M | Scene, ViewLayer | Synchronizing object | STUDIO fastening clip.129
Fra:1 Mem:528.78M (Peak 528.78M) | Time:00:00.76 | Mem:0.00M, Peak:0.00M | Scene, ViewLayer | Synchronizing object | Bay_08_upper_hanger_ceiling_plate.003
Fra:1 Mem:528.82M (Peak 528.82M) | Time:00:00.76 | Mem:0.00M, Peak:0.00M | Scene, ViewLayer | Synchronizing object | Bay_08_luggage_rack_rail.002
Fra:1 Mem:528.84M (Peak 528.84M) | Time:00:00.76 | Mem:0.00M, Peak:0.00M | Scene, ViewLayer | Synchronizing object | Bay_08_luggage_rack_rail.003
Fra:1 Mem:528.84M (Peak 528.84M) | Time:00:00.76 | Mem:0.00M, Peak:0.00M | Scene, ViewLayer | Synchronizing object | STUDIO rail pad.064
Fra:1 Mem:528.81M (Peak 528.84M) | Time:00:00.76 | Mem:0.00M, Peak:0.00M | Scene, ViewLayer | Synchronizing object | Bay_08_underseat_rack.005
Fra:1 Mem:528.83M (Peak 528.84M) | Time:00:00.76 | Mem:0.00M, Peak:0.00M | Scene, ViewLayer | Synchronizing object | Bay_08_underseat_rack.006
Fra:1 Mem:528.84M (Peak 528.84M) | Time:00:00.76 | Mem:0.00M, Peak:0.00M | Scene, ViewLayer | Synchronizing object | Bay_08_underseat_rack.007
Fra:1 Mem:528.84M (Peak 528.84M) | Time:00:00.76 | Mem:0.00M, Peak:0.00M | Scene, ViewLayer | Synchronizing object | Bay_08_underseat_rack.008
Fra:1 Mem:528.85M (Peak 528.85M) | Time:00:00.76 | Mem:0.00M, Peak:0.00M | Scene, ViewLayer | Synchronizing object | Bay_08_underseat_rack.009
Fra:1 Mem:528.85M (Peak 528.85M) | Time:00:00.76 | Mem:0.00M, Peak:0.00M | Scene, ViewLayer | Synchronizing object | Bay_08_ladder.002
Fra:1 Mem:528.85M (Peak 528.85M) | Time:00:00.76 | Mem:0.00M, Peak:0.00M | Scene, ViewLayer | Synchronizing object | Bay_08_ladder.003
Fra:1 Mem:528.87M (Peak 528.87M) | Time:00:00.76 | Mem:0.00M, Peak:0.00M | Scene, ViewLayer | Synchronizing object | Bay_08_ladder_step.005
Fra:1 Mem:528.86M (Peak 528.87M) | Time:00:00.76 | Mem:0.00M, Peak:0.00M | Scene, ViewLayer | Synchronizing object | STUDIO sleeper.032
Fra:1 Mem:528.86M (Peak 528.87M) | Time:00:00.76 | Mem:0.00M, Peak:0.00M | Scene, ViewLayer | Synchronizing object | Bay_08_ladder_step.007
Fra:1 Mem:528.90M (Peak 528.90M) | Time:00:00.76 | Mem:0.00M, Peak:0.00M | Scene, ViewLayer | Synchronizing object | STUDIO fastening clip.127
Fra:1 Mem:528.90M (Peak 528.90M) | Time:00:00.76 | Mem:0.00M, Peak:0.00M | Scene, ViewLayer | Synchronizing object | Bay_08_ladder_step.009
Fra:1 Mem:528.91M (Peak 528.91M) | Time:00:00.76 | Mem:0.00M, Peak:0.00M | Scene, ViewLayer | Synchronizing object | STUDIO fastening clip.126
Fra:1 Mem:528.91M (Peak 528.91M) | Time:00:00.76 | Mem:0.00M, Peak:0.00M | Scene, ViewLayer | Synchronizing object | Bay_08_individual_reading_lamp.001
Fra:1 Mem:528.91M (Peak 528.91M) | Time:00:00.76 | Mem:0.00M, Peak:0.00M | Scene, ViewLayer | Synchronizing object | STUDIO rail pad.063
Fra:1 Mem:528.92M (Peak 528.92M) | Time:00:00.76 | Mem:0.00M, Peak:0.00M | Scene, ViewLayer | Synchronizing object | STUDIO fastening clip.125
Fra:1 Mem:528.89M (Peak 528.92M) | Time:00:00.76 | Mem:0.00M, Peak:0.00M | Scene, ViewLayer | Synchronizing object | Bay_08_side_LOWER_stitched_edge_welt
Fra:1 Mem:528.92M (Peak 528.92M) | Time:00:00.76 | Mem:0.00M, Peak:0.00M | Scene, ViewLayer | Synchronizing object | STUDIO fastening clip.124
Fra:1 Mem:528.96M (Peak 528.96M) | Time:00:00.76 | Mem:0.00M, Peak:0.00M | Scene, ViewLayer | Synchronizing object | STUDIO rail pad.062
Fra:1 Mem:528.93M (Peak 528.96M) | Time:00:00.76 | Mem:0.00M, Peak:0.00M | Scene, ViewLayer | Synchronizing object | STUDIO sleeper.031
Fra:1 Mem:528.94M (Peak 528.96M) | Time:00:00.76 | Mem:0.00M, Peak:0.00M | Scene, ViewLayer | Synchronizing object | Bay_08_side_LOWER_support_pan
Fra:1 Mem:528.94M (Peak 528.96M) | Time:00:00.76 | Mem:0.00M, Peak:0.00M | Scene, ViewLayer | Synchronizing object | Bay_08_side_LOWER_diagonal_brace
Fra:1 Mem:528.95M (Peak 528.96M) | Time:00:00.76 | Mem:0.00M, Peak:0.00M | Scene, ViewLayer | Synchronizing object | Bay_08_side_lower_floor_leg
Fra:1 Mem:528.96M (Peak 528.96M) | Time:00:00.76 | Mem:0.00M, Peak:0.00M | Scene, ViewLayer | Synchronizing object | STUDIO fastening clip.122
Fra:1 Mem:528.96M (Peak 528.96M) | Time:00:00.76 | Mem:0.00M, Peak:0.00M | Scene, ViewLayer | Synchronizing object | Bay_08_side_LOWER_wall_bracket.001
Fra:1 Mem:528.97M (Peak 528.97M) | Time:00:00.76 | Mem:0.00M, Peak:0.00M | Scene, ViewLayer | Synchronizing object | Bay_08_side_LOWER_diagonal_brace.001
Fra:1 Mem:528.97M (Peak 528.97M) | Time:00:00.76 | Mem:0.00M, Peak:0.00M | Scene, ViewLayer | Synchronizing object | Bay_08_side_lower_floor_leg.001
Fra:1 Mem:528.98M (Peak 528.98M) | Time:00:00.76 | Mem:0.00M, Peak:0.00M | Scene, ViewLayer | Synchronizing object | Bay_08_side_UPPER
Fra:1 Mem:528.98M (Peak 528.98M) | Time:00:00.76 | Mem:0.00M, Peak:0.00M | Scene, ViewLayer | Synchronizing object | Bay_08_side_UPPER_stitched_edge_welt
Fra:1 Mem:528.98M (Peak 528.98M) | Time:00:00.76 | Mem:0.00M, Peak:0.00M | Scene, ViewLayer | Synchronizing object | Bay_08_side_UPPER_support_pan
Fra:1 Mem:529.03M (Peak 529.03M) | Time:00:00.76 | Mem:0.00M, Peak:0.00M | Scene, ViewLayer | Synchronizing object | STUDIO fastening clip.120
Fra:1 Mem:529.04M (Peak 529.04M) | Time:00:00.76 | Mem:0.00M, Peak:0.00M | Scene, ViewLayer | Synchronizing object | Bay_08_side_UPPER_wall_bracket
Fra:1 Mem:529.05M (Peak 529.05M) | Time:00:00.76 | Mem:0.00M, Peak:0.00M | Scene, ViewLayer | Synchronizing object | STUDIO rail pad.060
Fra:1 Mem:529.06M (Peak 529.06M) | Time:00:00.76 | Mem:0.00M, Peak:0.00M | Scene, ViewLayer | Synchronizing object | STUDIO sleeper.030
Fra:1 Mem:529.06M (Peak 529.06M) | Time:00:00.76 | Mem:0.00M, Peak:0.00M | Scene, ViewLayer | Synchronizing object | Bay_08_side_UPPER_wall_bracket.001
Fra:1 Mem:529.06M (Peak 529.06M) | Time:00:00.76 | Mem:0.00M, Peak:0.00M | Scene, ViewLayer | Synchronizing object | STUDIO fastening clip.119
Fra:1 Mem:529.06M (Peak 529.06M) | Time:00:00.76 | Mem:0.00M, Peak:0.00M | Scene, ViewLayer | Synchronizing object | Bay_08_side_seat_back
Fra:1 Mem:529.06M (Peak 529.06M) | Time:00:00.76 | Mem:0.00M, Peak:0.00M | Scene, ViewLayer | Synchronizing object | STUDIO fastening clip.118
Fra:1 Mem:529.08M (Peak 529.08M) | Time:00:00.76 | Mem:0.00M, Peak:0.00M | Scene, ViewLayer | Synchronizing object | STUDIO rail pad.059
Fra:1 Mem:529.08M (Peak 529.08M) | Time:00:00.76 | Mem:0.00M, Peak:0.00M | Scene, ViewLayer | Synchronizing object | Bay_08_side_berth_support
Fra:1 Mem:529.08M (Peak 529.08M) | Time:00:00.76 | Mem:0.00M, Peak:0.00M | Scene, ViewLayer | Synchronizing object | Bay_08_side_seat_back.001
Fra:1 Mem:529.09M (Peak 529.09M) | Time:00:00.76 | Mem:0.00M, Peak:0.00M | Scene, ViewLayer | Synchronizing object | STUDIO fastening clip.117
Fra:1 Mem:529.10M (Peak 529.10M) | Time:00:00.76 | Mem:0.00M, Peak:0.00M | Scene, ViewLayer | Synchronizing object | Bay_08_side_cushion_seam
Fra:1 Mem:529.10M (Peak 529.10M) | Time:00:00.76 | Mem:0.00M, Peak:0.00M | Scene, ViewLayer | Synchronizing object | STUDIO fastening clip.116
Fra:1 Mem:529.10M (Peak 529.10M) | Time:00:00.76 | Mem:0.00M, Peak:0.00M | Scene, ViewLayer | Synchronizing object | Bay_08_window_table
Fra:1 Mem:529.11M (Peak 529.11M) | Time:00:00.76 | Mem:0.00M, Peak:0.00M | Scene, ViewLayer | Synchronizing object | Bay_08_table_brace
Fra:1 Mem:529.11M (Peak 529.11M) | Time:00:00.76 | Mem:0.00M, Peak:0.00M | Scene, ViewLayer | Synchronizing object | Fan ceiling stem.007
Fra:1 Mem:529.11M (Peak 529.11M) | Time:00:00.76 | Mem:0.00M, Peak:0.00M | Scene, ViewLayer | Synchronizing object | Fan pressed ceiling flange.007
Fra:1 Mem:529.13M (Peak 529.13M) | Time:00:00.76 | Mem:0.00M, Peak:0.00M | Scene, ViewLayer | Synchronizing object | Fan round motor housing.007
Fra:1 Mem:529.13M (Peak 529.13M) | Time:00:00.76 | Mem:0.00M, Peak:0.00M | Scene, ViewLayer | Synchronizing object | STUDIO sleeper.029
Fra:1 Mem:529.14M (Peak 529.14M) | Time:00:00.76 | Mem:0.00M, Peak:0.00M | Scene, ViewLayer | Synchronizing object | Fan concentric safety grille.044
Fra:1 Mem:529.14M (Peak 529.14M) | Time:00:00.76 | Mem:0.00M, Peak:0.00M | Scene, ViewLayer | Synchronizing object | STUDIO fastening clip.115
Fra:1 Mem:529.17M (Peak 529.17M) | Time:00:00.76 | Mem:0.00M, Peak:0.00M | Scene, ViewLayer | Synchronizing object | STUDIO fastening clip.114
Fra:1 Mem:529.26M (Peak 529.26M) | Time:00:00.76 | Mem:0.00M, Peak:0.00M | Scene, ViewLayer | Synchronizing object | STUDIO rail pad.057
Fra:1 Mem:529.29M (Peak 529.29M) | Time:00:00.76 | Mem:0.00M, Peak:0.00M | Scene, ViewLayer | Synchronizing object | STUDIO fastening clip.113
Fra:1 Mem:529.29M (Peak 529.29M) | Time:00:00.76 | Mem:0.00M, Peak:0.00M | Scene, ViewLayer | Synchronizing object | STUDIO fastening clip.112
Fra:1 Mem:529.30M (Peak 529.30M) | Time:00:00.76 | Mem:0.00M, Peak:0.00M | Scene, ViewLayer | Synchronizing object | STUDIO rail pad.056
Fra:1 Mem:529.31M (Peak 529.31M) | Time:00:00.76 | Mem:0.00M, Peak:0.00M | Scene, ViewLayer | Synchronizing object | Fan concentric safety grille.045
Fra:1 Mem:529.31M (Peak 529.31M) | Time:00:00.76 | Mem:0.00M, Peak:0.00M | Scene, ViewLayer | Synchronizing object | STUDIO sleeper.028
Fra:1 Mem:529.36M (Peak 529.36M) | Time:00:00.76 | Mem:0.00M, Peak:0.00M | Scene, ViewLayer | Synchronizing object | STUDIO fastening clip.111
Fra:1 Mem:529.36M (Peak 529.36M) | Time:00:00.76 | Mem:0.00M, Peak:0.00M | Scene, ViewLayer | Synchronizing object | Fan concentric safety grille.046
Fra:1 Mem:529.37M (Peak 529.37M) | Time:00:00.76 | Mem:0.00M, Peak:0.00M | Scene, ViewLayer | Synchronizing object | STUDIO fastening clip.110
Fra:1 Mem:529.38M (Peak 529.38M) | Time:00:00.76 | Mem:0.00M, Peak:0.00M | Scene, ViewLayer | Synchronizing object | STUDIO rail pad.055
Fra:1 Mem:529.37M (Peak 529.38M) | Time:00:00.76 | Mem:0.00M, Peak:0.00M | Scene, ViewLayer | Synchronizing object | Fan concentric safety grille.047
Fra:1 Mem:529.38M (Peak 529.38M) | Time:00:00.76 | Mem:0.00M, Peak:0.00M | Scene, ViewLayer | Synchronizing object | STUDIO fastening clip.109
Fra:1 Mem:529.42M (Peak 529.42M) | Time:00:00.76 | Mem:0.00M, Peak:0.00M | Scene, ViewLayer | Synchronizing object | STUDIO fastening clip.108
Fra:1 Mem:529.42M (Peak 529.42M) | Time:00:00.76 | Mem:0.00M, Peak:0.00M | Scene, ViewLayer | Synchronizing object | Fan radial cage wire.168
Fra:1 Mem:529.43M (Peak 529.43M) | Time:00:00.76 | Mem:0.00M, Peak:0.00M | Scene, ViewLayer | Synchronizing object | STUDIO rail pad.054
Fra:1 Mem:529.44M (Peak 529.44M) | Time:00:00.76 | Mem:0.00M, Peak:0.00M | Scene, ViewLayer | Synchronizing object | Fan radial cage wire.169
Fra:1 Mem:529.44M (Peak 529.44M) | Time:00:00.76 | Mem:0.00M, Peak:0.00M | Scene, ViewLayer | Synchronizing object | STUDIO sleeper.027
Fra:1 Mem:529.46M (Peak 529.46M) | Time:00:00.76 | Mem:0.00M, Peak:0.00M | Scene, ViewLayer | Synchronizing object | STUDIO fastening clip.107
Fra:1 Mem:529.48M (Peak 529.48M) | Time:00:00.76 | Mem:0.00M, Peak:0.00M | Scene, ViewLayer | Synchronizing object | Fan radial cage wire.170
Fra:1 Mem:529.50M (Peak 529.50M) | Time:00:00.76 | Mem:0.00M, Peak:0.00M | Scene, ViewLayer | Synchronizing object | STUDIO fastening clip.106
Fra:1 Mem:529.50M (Peak 529.50M) | Time:00:00.76 | Mem:0.00M, Peak:0.00M | Scene, ViewLayer | Synchronizing object | Fan radial cage wire.171
Fra:1 Mem:529.51M (Peak 529.51M) | Time:00:00.76 | Mem:0.00M, Peak:0.00M | Scene, ViewLayer | Synchronizing object | Fan radial cage wire.172
Fra:1 Mem:529.51M (Peak 529.51M) | Time:00:00.76 | Mem:0.00M, Peak:0.00M | Scene, ViewLayer | Synchronizing object | STUDIO rail pad.053
Fra:1 Mem:529.52M (Peak 529.52M) | Time:00:00.76 | Mem:0.00M, Peak:0.00M | Scene, ViewLayer | Synchronizing object | STUDIO fastening clip.105
Fra:1 Mem:529.52M (Peak 529.52M) | Time:00:00.76 | Mem:0.00M, Peak:0.00M | Scene, ViewLayer | Synchronizing object | Fan radial cage wire.173
Fra:1 Mem:529.52M (Peak 529.52M) | Time:00:00.76 | Mem:0.00M, Peak:0.00M | Scene, ViewLayer | Synchronizing object | Fan radial cage wire.174
Fra:1 Mem:529.53M (Peak 529.53M) | Time:00:00.76 | Mem:0.00M, Peak:0.00M | Scene, ViewLayer | Synchronizing object | STUDIO fastening clip.104
Fra:1 Mem:529.54M (Peak 529.54M) | Time:00:00.76 | Mem:0.00M, Peak:0.00M | Scene, ViewLayer | Synchronizing object | Fan radial cage wire.175
Fra:1 Mem:529.54M (Peak 529.54M) | Time:00:00.76 | Mem:0.00M, Peak:0.00M | Scene, ViewLayer | Synchronizing object | Fan radial cage wire.176
Fra:1 Mem:529.55M (Peak 529.55M) | Time:00:00.76 | Mem:0.00M, Peak:0.00M | Scene, ViewLayer | Synchronizing object | Fan radial cage wire.177
Fra:1 Mem:529.56M (Peak 529.56M) | Time:00:00.76 | Mem:0.00M, Peak:0.00M | Scene, ViewLayer | Synchronizing object | Fan radial cage wire.178
Fra:1 Mem:529.56M (Peak 529.56M) | Time:00:00.76 | Mem:0.00M, Peak:0.00M | Scene, ViewLayer | Synchronizing object | Fan radial cage wire.179
Fra:1 Mem:529.57M (Peak 529.57M) | Time:00:00.76 | Mem:0.00M, Peak:0.00M | Scene, ViewLayer | Synchronizing object | STUDIO fastening clip.103
Fra:1 Mem:529.57M (Peak 529.57M) | Time:00:00.76 | Mem:0.00M, Peak:0.00M | Scene, ViewLayer | Synchronizing object | Fan radial cage wire.181
Fra:1 Mem:529.57M (Peak 529.57M) | Time:00:00.76 | Mem:0.00M, Peak:0.00M | Scene, ViewLayer | Synchronizing object | Fan radial cage wire.182
Fra:1 Mem:529.59M (Peak 529.59M) | Time:00:00.76 | Mem:0.00M, Peak:0.00M | Scene, ViewLayer | Synchronizing object | STUDIO fastening clip.102
Fra:1 Mem:529.59M (Peak 529.59M) | Time:00:00.76 | Mem:0.00M, Peak:0.00M | Scene, ViewLayer | Synchronizing object | Fan radial cage wire.183
Fra:1 Mem:529.61M (Peak 529.61M) | Time:00:00.76 | Mem:0.00M, Peak:0.00M | Scene, ViewLayer | Synchronizing object | Fan radial cage wire.184
Fra:1 Mem:529.59M (Peak 529.61M) | Time:00:00.76 | Mem:0.00M, Peak:0.00M | Scene, ViewLayer | Synchronizing object | STUDIO rail pad.051
Fra:1 Mem:529.60M (Peak 529.61M) | Time:00:00.76 | Mem:0.00M, Peak:0.00M | Scene, ViewLayer | Synchronizing object | STUDIO fastening clip.101
Fra:1 Mem:529.61M (Peak 529.61M) | Time:00:00.76 | Mem:0.00M, Peak:0.00M | Scene, ViewLayer | Synchronizing object | Fan radial cage wire.187
Fra:1 Mem:529.61M (Peak 529.61M) | Time:00:00.76 | Mem:0.00M, Peak:0.00M | Scene, ViewLayer | Synchronizing object | STUDIO fastening clip.100
Fra:1 Mem:529.62M (Peak 529.62M) | Time:00:00.76 | Mem:0.00M, Peak:0.00M | Scene, ViewLayer | Synchronizing object | Fan radial cage wire.188
Fra:1 Mem:529.62M (Peak 529.62M) | Time:00:00.76 | Mem:0.00M, Peak:0.00M | Scene, ViewLayer | Synchronizing object | Fan radial cage wire.189
Fra:1 Mem:529.62M (Peak 529.62M) | Time:00:00.76 | Mem:0.00M, Peak:0.00M | Scene, ViewLayer | Synchronizing object | Fan radial cage wire.190
Fra:1 Mem:529.63M (Peak 529.63M) | Time:00:00.76 | Mem:0.00M, Peak:0.00M | Scene, ViewLayer | Synchronizing object | Fan radial cage wire.191
Fra:1 Mem:529.64M (Peak 529.64M) | Time:00:00.76 | Mem:0.00M, Peak:0.00M | Scene, ViewLayer | Synchronizing object | Fan swept three blade rotor.021
Fra:1 Mem:529.64M (Peak 529.64M) | Time:00:00.76 | Mem:0.00M, Peak:0.00M | Scene, ViewLayer | Synchronizing object | STUDIO sleeper.025
Fra:1 Mem:529.64M (Peak 529.64M) | Time:00:00.76 | Mem:0.00M, Peak:0.00M | Scene, ViewLayer | Synchronizing object | Fan swept three blade rotor.023
Fra:1 Mem:529.64M (Peak 529.64M) | Time:00:00.76 | Mem:0.00M, Peak:0.00M | Scene, ViewLayer | Synchronizing object | STUDIO fastening clip.099
Fra:1 Mem:529.64M (Peak 529.64M) | Time:00:00.76 | Mem:0.00M, Peak:0.00M | Scene, ViewLayer | Synchronizing object | Fan centre decorative cap.007
Fra:1 Mem:529.65M (Peak 529.65M) | Time:00:00.76 | Mem:0.00M, Peak:0.00M | Scene, ViewLayer | Synchronizing object | Fan grille locking clip.028
Fra:1 Mem:529.65M (Peak 529.65M) | Time:00:00.76 | Mem:0.00M, Peak:0.00M | Scene, ViewLayer | Synchronizing object | STUDIO fastening clip.098
Fra:1 Mem:529.66M (Peak 529.66M) | Time:00:00.76 | Mem:0.00M, Peak:0.00M | Scene, ViewLayer | Synchronizing object | Fan grille locking clip.029
Fra:1 Mem:529.66M (Peak 529.66M) | Time:00:00.76 | Mem:0.00M, Peak:0.00M | Scene, ViewLayer | Synchronizing object | STUDIO rail pad.049
Fra:1 Mem:529.67M (Peak 529.67M) | Time:00:00.76 | Mem:0.00M, Peak:0.00M | Scene, ViewLayer | Synchronizing object | Fan grille locking clip.030
Fra:1 Mem:529.68M (Peak 529.68M) | Time:00:00.76 | Mem:0.00M, Peak:0.00M | Scene, ViewLayer | Synchronizing object | STUDIO fastening clip.097
Fra:1 Mem:529.68M (Peak 529.68M) | Time:00:00.76 | Mem:0.00M, Peak:0.00M | Scene, ViewLayer | Synchronizing object | Fan grille locking clip.031
Fra:1 Mem:529.69M (Peak 529.69M) | Time:00:00.76 | Mem:0.00M, Peak:0.00M | Scene, ViewLayer | Synchronizing object | STUDIO fastening clip.096
Fra:1 Mem:529.69M (Peak 529.69M) | Time:00:00.76 | Mem:0.00M, Peak:0.00M | Scene, ViewLayer | Synchronizing object | Fluorescent lamp housing
Fra:1 Mem:529.70M (Peak 529.70M) | Time:00:00.76 | Mem:0.00M, Peak:0.00M | Scene, ViewLayer | Synchronizing object | STUDIO rail pad.048
Fra:1 Mem:529.73M (Peak 529.73M) | Time:00:00.76 | Mem:0.00M, Peak:0.00M | Scene, ViewLayer | Synchronizing object | Fluorescent lamp diffuser
Fra:1 Mem:529.73M (Peak 529.73M) | Time:00:00.76 | Mem:0.00M, Peak:0.00M | Scene, ViewLayer | Synchronizing object | Fluorescent lamp housing.001
Fra:1 Mem:529.76M (Peak 529.76M) | Time:00:00.76 | Mem:0.00M, Peak:0.00M | Scene, ViewLayer | Synchronizing object | STUDIO fastening clip.095
Fra:1 Mem:529.76M (Peak 529.76M) | Time:00:00.76 | Mem:0.00M, Peak:0.00M | Scene, ViewLayer | Synchronizing object | Fluorescent lamp diffuser.001
Fra:1 Mem:529.77M (Peak 529.77M) | Time:00:00.76 | Mem:0.00M, Peak:0.00M | Scene, ViewLayer | Synchronizing object | STUDIO fastening clip.094
Fra:1 Mem:529.77M (Peak 529.77M) | Time:00:00.76 | Mem:0.00M, Peak:0.00M | Scene, ViewLayer | Synchronizing object | Fluorescent lamp housing.002
Fra:1 Mem:529.78M (Peak 529.78M) | Time:00:00.76 | Mem:0.00M, Peak:0.00M | Scene, ViewLayer | Synchronizing object | STUDIO rail pad.047
Fra:1 Mem:529.78M (Peak 529.78M) | Time:00:00.76 | Mem:0.00M, Peak:0.00M | Scene, ViewLayer | Synchronizing object | Fluorescent lamp diffuser.002
Fra:1 Mem:529.79M (Peak 529.79M) | Time:00:00.76 | Mem:0.00M, Peak:0.00M | Scene, ViewLayer | Synchronizing object | STUDIO fastening clip.093
Fra:1 Mem:529.81M (Peak 529.81M) | Time:00:00.76 | Mem:0.00M, Peak:0.00M | Scene, ViewLayer | Synchronizing object | Fluorescent lamp diffuser.003
Fra:1 Mem:529.80M (Peak 529.81M) | Time:00:00.76 | Mem:0.00M, Peak:0.00M | Scene, ViewLayer | Synchronizing object | Fluorescent lamp housing.004
Fra:1 Mem:529.81M (Peak 529.81M) | Time:00:00.76 | Mem:0.00M, Peak:0.00M | Scene, ViewLayer | Synchronizing object | STUDIO fastening clip.092
Fra:1 Mem:529.82M (Peak 529.82M) | Time:00:00.76 | Mem:0.00M, Peak:0.00M | Scene, ViewLayer | Synchronizing object | Fluorescent lamp diffuser.004
Fra:1 Mem:529.83M (Peak 529.83M) | Time:00:00.76 | Mem:0.00M, Peak:0.00M | Scene, ViewLayer | Synchronizing object | STUDIO rail pad.046
Fra:1 Mem:529.84M (Peak 529.84M) | Time:00:00.76 | Mem:0.00M, Peak:0.00M | Scene, ViewLayer | Synchronizing object | Fluorescent lamp housing.005
Fra:1 Mem:529.84M (Peak 529.84M) | Time:00:00.76 | Mem:0.00M, Peak:0.00M | Scene, ViewLayer | Synchronizing object | Fluorescent lamp diffuser.005
Fra:1 Mem:529.84M (Peak 529.84M) | Time:00:00.76 | Mem:0.00M, Peak:0.00M | Scene, ViewLayer | Synchronizing object | Fluorescent lamp housing.006
Fra:1 Mem:529.86M (Peak 529.86M) | Time:00:00.76 | Mem:0.00M, Peak:0.00M | Scene, ViewLayer | Synchronizing object | STUDIO fastening clip.091
Fra:1 Mem:529.86M (Peak 529.86M) | Time:00:00.76 | Mem:0.00M, Peak:0.00M | Scene, ViewLayer | Synchronizing object | Fluorescent lamp diffuser.006
Fra:1 Mem:529.86M (Peak 529.86M) | Time:00:00.76 | Mem:0.00M, Peak:0.00M | Scene, ViewLayer | Synchronizing object | Fluorescent lamp housing.007
Fra:1 Mem:529.87M (Peak 529.87M) | Time:00:00.76 | Mem:0.00M, Peak:0.00M | Scene, ViewLayer | Synchronizing object | Fluorescent lamp diffuser.007
Fra:1 Mem:529.88M (Peak 529.88M) | Time:00:00.76 | Mem:0.00M, Peak:0.00M | Scene, ViewLayer | Synchronizing object | STUDIO fastening clip.090
Fra:1 Mem:529.89M (Peak 529.89M) | Time:00:00.76 | Mem:0.00M, Peak:0.00M | Scene, ViewLayer | Synchronizing object | Fluorescent lamp housing.008
Fra:1 Mem:529.89M (Peak 529.89M) | Time:00:00.76 | Mem:0.00M, Peak:0.00M | Scene, ViewLayer | Synchronizing object | STUDIO rail pad.045
Fra:1 Mem:529.89M (Peak 529.89M) | Time:00:00.76 | Mem:0.00M, Peak:0.00M | Scene, ViewLayer | Synchronizing object | Interior stainless kick strip
Fra:1 Mem:529.90M (Peak 529.90M) | Time:00:00.76 | Mem:0.00M, Peak:0.00M | Scene, ViewLayer | Synchronizing object | STUDIO fastening clip.089
Fra:1 Mem:529.91M (Peak 529.91M) | Time:00:00.76 | Mem:0.00M, Peak:0.00M | Scene, ViewLayer | Synchronizing object | Lining panel vertical joint
Fra:1 Mem:529.92M (Peak 529.92M) | Time:00:00.76 | Mem:0.00M, Peak:0.00M | Scene, ViewLayer | Synchronizing object | Lining panel vertical joint.001
Fra:1 Mem:529.92M (Peak 529.92M) | Time:00:00.76 | Mem:0.00M, Peak:0.00M | Scene, ViewLayer | Synchronizing object | STUDIO rail pad.044
Fra:1 Mem:529.92M (Peak 529.92M) | Time:00:00.76 | Mem:0.00M, Peak:0.00M | Scene, ViewLayer | Synchronizing object | STUDIO sleeper.022
Fra:1 Mem:529.92M (Peak 529.92M) | Time:00:00.76 | Mem:0.00M, Peak:0.00M | Scene, ViewLayer | Synchronizing object | STUDIO fastening clip.087
Fra:1 Mem:529.92M (Peak 529.92M) | Time:00:00.76 | Mem:0.00M, Peak:0.00M | Scene, ViewLayer | Synchronizing object | STUDIO fastening clip.086
Fra:1 Mem:529.92M (Peak 529.92M) | Time:00:00.76 | Mem:0.00M, Peak:0.00M | Scene, ViewLayer | Synchronizing object | STUDIO rail pad.043
Fra:1 Mem:529.92M (Peak 529.92M) | Time:00:00.76 | Mem:0.00M, Peak:0.00M | Scene, ViewLayer | Synchronizing object | STUDIO fastening clip.085
Fra:1 Mem:529.93M (Peak 529.93M) | Time:00:00.76 | Mem:0.00M, Peak:0.00M | Scene, ViewLayer | Synchronizing object | STUDIO fastening clip.084
Fra:1 Mem:529.93M (Peak 529.93M) | Time:00:00.76 | Mem:0.00M, Peak:0.00M | Scene, ViewLayer | Synchronizing object | Lining panel vertical joint.004
Fra:1 Mem:529.93M (Peak 529.93M) | Time:00:00.76 | Mem:0.00M, Peak:0.00M | Scene, ViewLayer | Synchronizing object | Lining panel vertical joint.005
Fra:1 Mem:529.93M (Peak 529.93M) | Time:00:00.76 | Mem:0.00M, Peak:0.00M | Scene, ViewLayer | Synchronizing object | STUDIO rail pad.042
Fra:1 Mem:529.93M (Peak 529.93M) | Time:00:00.76 | Mem:0.00M, Peak:0.00M | Scene, ViewLayer | Synchronizing object | Lining panel vertical joint.006
Fra:1 Mem:529.93M (Peak 529.93M) | Time:00:00.76 | Mem:0.00M, Peak:0.00M | Scene, ViewLayer | Synchronizing object | STUDIO sleeper.021
Fra:1 Mem:529.93M (Peak 529.93M) | Time:00:00.76 | Mem:0.00M, Peak:0.00M | Scene, ViewLayer | Synchronizing object | Lining panel vertical joint.008
Fra:1 Mem:529.93M (Peak 529.93M) | Time:00:00.76 | Mem:0.00M, Peak:0.00M | Scene, ViewLayer | Synchronizing object | STUDIO fastening clip.083
Fra:1 Mem:529.93M (Peak 529.93M) | Time:00:00.76 | Mem:0.00M, Peak:0.00M | Scene, ViewLayer | Synchronizing object | Lining panel vertical joint.009
Fra:1 Mem:529.94M (Peak 529.94M) | Time:00:00.76 | Mem:0.00M, Peak:0.00M | Scene, ViewLayer | Synchronizing object | Lining panel vertical joint.010
Fra:1 Mem:529.94M (Peak 529.94M) | Time:00:00.76 | Mem:0.00M, Peak:0.00M | Scene, ViewLayer | Synchronizing object | STUDIO fastening clip.082
Fra:1 Mem:529.94M (Peak 529.94M) | Time:00:00.76 | Mem:0.00M, Peak:0.00M | Scene, ViewLayer | Synchronizing object | Lining panel vertical joint.011
Fra:1 Mem:529.94M (Peak 529.94M) | Time:00:00.76 | Mem:0.00M, Peak:0.00M | Scene, ViewLayer | Synchronizing object | Lining panel vertical joint.013
Fra:1 Mem:529.94M (Peak 529.94M) | Time:00:00.76 | Mem:0.00M, Peak:0.00M | Scene, ViewLayer | Synchronizing object | STUDIO rail pad.041
Fra:1 Mem:529.94M (Peak 529.94M) | Time:00:00.76 | Mem:0.00M, Peak:0.00M | Scene, ViewLayer | Synchronizing object | Lining panel vertical joint.014
Fra:1 Mem:529.95M (Peak 529.95M) | Time:00:00.76 | Mem:0.00M, Peak:0.00M | Scene, ViewLayer | Synchronizing object | Lining panel vertical joint.015
Fra:1 Mem:529.95M (Peak 529.95M) | Time:00:00.76 | Mem:0.00M, Peak:0.00M | Scene, ViewLayer | Synchronizing object | Lining panel vertical joint.017
Fra:1 Mem:529.95M (Peak 529.95M) | Time:00:00.76 | Mem:0.00M, Peak:0.00M | Scene, ViewLayer | Synchronizing object | Interior stainless kick strip.001
Fra:1 Mem:529.95M (Peak 529.95M) | Time:00:00.76 | Mem:0.00M, Peak:0.00M | Scene, ViewLayer | Synchronizing object | Lining panel vertical joint.019
Fra:1 Mem:529.96M (Peak 529.96M) | Time:00:00.76 | Mem:0.00M, Peak:0.00M | Scene, ViewLayer | Synchronizing object | STUDIO fastening clip.080
Fra:1 Mem:529.96M (Peak 529.96M) | Time:00:00.76 | Mem:0.00M, Peak:0.00M | Scene, ViewLayer | Synchronizing object | Lining panel vertical joint.020
Fra:1 Mem:529.96M (Peak 529.96M) | Time:00:00.76 | Mem:0.00M, Peak:0.00M | Scene, ViewLayer | Synchronizing object | Lining panel vertical joint.021
Fra:1 Mem:529.96M (Peak 529.96M) | Time:00:00.76 | Mem:0.00M, Peak:0.00M | Scene, ViewLayer | Synchronizing object | Lining panel vertical joint.022
Fra:1 Mem:529.96M (Peak 529.96M) | Time:00:00.76 | Mem:0.00M, Peak:0.00M | Scene, ViewLayer | Synchronizing object | Lining panel vertical joint.024
Fra:1 Mem:529.96M (Peak 529.96M) | Time:00:00.76 | Mem:0.00M, Peak:0.00M | Scene, ViewLayer | Synchronizing object | Lining panel vertical joint.025
Fra:1 Mem:529.97M (Peak 529.97M) | Time:00:00.76 | Mem:0.00M, Peak:0.00M | Scene, ViewLayer | Synchronizing object | Lining panel vertical joint.026
Fra:1 Mem:529.97M (Peak 529.97M) | Time:00:00.76 | Mem:0.00M, Peak:0.00M | Scene, ViewLayer | Synchronizing object | Lining panel vertical joint.027
Fra:1 Mem:529.97M (Peak 529.97M) | Time:00:00.76 | Mem:0.00M, Peak:0.00M | Scene, ViewLayer | Synchronizing object | Lining panel vertical joint.028
Fra:1 Mem:529.97M (Peak 529.97M) | Time:00:00.76 | Mem:0.00M, Peak:0.00M | Scene, ViewLayer | Synchronizing object | Lining panel vertical joint.029
Fra:1 Mem:529.97M (Peak 529.97M) | Time:00:00.76 | Mem:0.00M, Peak:0.00M | Scene, ViewLayer | Synchronizing object | Lining panel vertical joint.030
Fra:1 Mem:529.97M (Peak 529.97M) | Time:00:00.76 | Mem:0.00M, Peak:0.00M | Scene, ViewLayer | Synchronizing object | Lining panel vertical joint.031
Fra:1 Mem:529.97M (Peak 529.97M) | Time:00:00.76 | Mem:0.00M, Peak:0.00M | Scene, ViewLayer | Synchronizing object | Lining panel vertical joint.032
Fra:1 Mem:529.97M (Peak 529.97M) | Time:00:00.76 | Mem:0.00M, Peak:0.00M | Scene, ViewLayer | Synchronizing object | STUDIO rail pad.040
Fra:1 Mem:529.98M (Peak 529.98M) | Time:00:00.76 | Mem:0.00M, Peak:0.00M | Scene, ViewLayer | Synchronizing object | Lining panel vertical joint.034
Fra:1 Mem:529.98M (Peak 529.98M) | Time:00:00.76 | Mem:0.00M, Peak:0.00M | Scene, ViewLayer | Synchronizing object | Lining panel vertical joint.035
Fra:1 Mem:529.98M (Peak 529.98M) | Time:00:00.76 | Mem:0.00M, Peak:0.00M | Scene, ViewLayer | Synchronizing object | STUDIO sleeper.020
Fra:1 Mem:529.98M (Peak 529.98M) | Time:00:00.76 | Mem:0.00M, Peak:0.00M | Scene, ViewLayer | Synchronizing object | Lining panel vertical joint.037
Fra:1 Mem:529.98M (Peak 529.98M) | Time:00:00.76 | Mem:0.00M, Peak:0.00M | Scene, ViewLayer | Synchronizing object | STUDIO fastening clip.079
Fra:1 Mem:529.98M (Peak 529.98M) | Time:00:00.76 | Mem:0.00M, Peak:0.00M | Scene, ViewLayer | Synchronizing object | Bottle holder rolled hoop
Fra:1 Mem:529.99M (Peak 529.99M) | Time:00:00.76 | Mem:0.00M, Peak:0.00M | Scene, ViewLayer | Synchronizing object | Bottle holder rolled hoop.001
Fra:1 Mem:530.00M (Peak 530.00M) | Time:00:00.76 | Mem:0.00M, Peak:0.00M | Scene, ViewLayer | Synchronizing object | Bottle holder wire upright
Fra:1 Mem:530.03M (Peak 530.03M) | Time:00:00.76 | Mem:0.00M, Peak:0.00M | Scene, ViewLayer | Synchronizing object | STUDIO rail pad.039
Fra:1 Mem:530.04M (Peak 530.04M) | Time:00:00.76 | Mem:0.00M, Peak:0.00M | Scene, ViewLayer | Synchronizing object | Bottle holder wire upright.001
Fra:1 Mem:530.04M (Peak 530.04M) | Time:00:00.76 | Mem:0.00M, Peak:0.00M | Scene, ViewLayer | Synchronizing object | STUDIO fastening clip.077
Fra:1 Mem:530.05M (Peak 530.05M) | Time:00:00.76 | Mem:0.00M, Peak:0.00M | Scene, ViewLayer | Synchronizing object | Bottle holder wire upright.002
Fra:1 Mem:530.05M (Peak 530.05M) | Time:00:00.76 | Mem:0.00M, Peak:0.00M | Scene, ViewLayer | Synchronizing object | STUDIO fastening clip.076
Fra:1 Mem:530.05M (Peak 530.05M) | Time:00:00.76 | Mem:0.00M, Peak:0.00M | Scene, ViewLayer | Synchronizing object | Bottle basket bottom wire
Fra:1 Mem:530.05M (Peak 530.05M) | Time:00:00.76 | Mem:0.00M, Peak:0.00M | Scene, ViewLayer | Synchronizing object | STUDIO rail pad.038
Fra:1 Mem:530.05M (Peak 530.05M) | Time:00:00.76 | Mem:0.00M, Peak:0.00M | Scene, ViewLayer | Synchronizing object | Bottle basket bottom wire.001
Fra:1 Mem:530.06M (Peak 530.06M) | Time:00:00.76 | Mem:0.00M, Peak:0.00M | Scene, ViewLayer | Synchronizing object | STUDIO sleeper.019
Fra:1 Mem:530.06M (Peak 530.06M) | Time:00:00.76 | Mem:0.00M, Peak:0.00M | Scene, ViewLayer | Synchronizing object | Bottle basket wall standoff
Fra:1 Mem:530.06M (Peak 530.06M) | Time:00:00.76 | Mem:0.00M, Peak:0.00M | Scene, ViewLayer | Synchronizing object | Bottle holder fixing screw
Fra:1 Mem:530.06M (Peak 530.06M) | Time:00:00.76 | Mem:0.00M, Peak:0.00M | Scene, ViewLayer | Synchronizing object | STUDIO fastening clip.075
Fra:1 Mem:530.07M (Peak 530.07M) | Time:00:00.76 | Mem:0.00M, Peak:0.00M | Scene, ViewLayer | Synchronizing object | Bottle basket wall standoff.001
Fra:1 Mem:530.07M (Peak 530.07M) | Time:00:00.76 | Mem:0.00M, Peak:0.00M | Scene, ViewLayer | Synchronizing object | STUDIO fastening clip.074
Fra:1 Mem:530.08M (Peak 530.08M) | Time:00:00.76 | Mem:0.00M, Peak:0.00M | Scene, ViewLayer | Synchronizing object | Bottle holder fixing screw.001
Fra:1 Mem:530.08M (Peak 530.08M) | Time:00:00.76 | Mem:0.00M, Peak:0.00M | Scene, ViewLayer | Synchronizing object | Bottle holder rolled hoop.002
Fra:1 Mem:530.08M (Peak 530.08M) | Time:00:00.76 | Mem:0.00M, Peak:0.00M | Scene, ViewLayer | Synchronizing object | Bottle holder rolled hoop.003
Fra:1 Mem:530.10M (Peak 530.10M) | Time:00:00.76 | Mem:0.00M, Peak:0.00M | Scene, ViewLayer | Synchronizing object | Bottle holder wire upright.004
Fra:1 Mem:530.11M (Peak 530.11M) | Time:00:00.76 | Mem:0.00M, Peak:0.00M | Scene, ViewLayer | Synchronizing object | STUDIO fastening clip.073
Fra:1 Mem:530.14M (Peak 530.14M) | Time:00:00.76 | Mem:0.00M, Peak:0.00M | Scene, ViewLayer | Synchronizing object | STUDIO fastening clip.072
Fra:1 Mem:530.14M (Peak 530.14M) | Time:00:00.76 | Mem:0.00M, Peak:0.00M | Scene, ViewLayer | Synchronizing object | Bottle holder wire upright.005
Fra:1 Mem:530.14M (Peak 530.14M) | Time:00:00.76 | Mem:0.00M, Peak:0.00M | Scene, ViewLayer | Synchronizing object | STUDIO rail pad.036
Fra:1 Mem:530.15M (Peak 530.15M) | Time:00:00.76 | Mem:0.00M, Peak:0.00M | Scene, ViewLayer | Synchronizing object | STUDIO sleeper.018
Fra:1 Mem:530.15M (Peak 530.15M) | Time:00:00.76 | Mem:0.00M, Peak:0.00M | Scene, ViewLayer | Synchronizing object | Bottle holder wire upright.007
Fra:1 Mem:530.15M (Peak 530.15M) | Time:00:00.76 | Mem:0.00M, Peak:0.00M | Scene, ViewLayer | Synchronizing object | STUDIO fastening clip.071
Fra:1 Mem:530.15M (Peak 530.15M) | Time:00:00.76 | Mem:0.00M, Peak:0.00M | Scene, ViewLayer | Synchronizing object | Bottle basket bottom wire.003
Fra:1 Mem:530.16M (Peak 530.16M) | Time:00:00.76 | Mem:0.00M, Peak:0.00M | Scene, ViewLayer | Synchronizing object | Bottle basket wall standoff.002
Fra:1 Mem:530.16M (Peak 530.16M) | Time:00:00.76 | Mem:0.00M, Peak:0.00M | Scene, ViewLayer | Synchronizing object | Bottle holder fixing screw.002
Fra:1 Mem:530.16M (Peak 530.16M) | Time:00:00.76 | Mem:0.00M, Peak:0.00M | Scene, ViewLayer | Synchronizing object | Bottle basket wall standoff.003
Fra:1 Mem:530.16M (Peak 530.16M) | Time:00:00.76 | Mem:0.00M, Peak:0.00M | Scene, ViewLayer | Synchronizing object | Bottle holder fixing screw.003
Fra:1 Mem:530.17M (Peak 530.17M) | Time:00:00.76 | Mem:0.00M, Peak:0.00M | Scene, ViewLayer | Synchronizing object | STUDIO rail pad.035
Fra:1 Mem:530.17M (Peak 530.17M) | Time:00:00.76 | Mem:0.00M, Peak:0.00M | Scene, ViewLayer | Synchronizing object | Upper berth guard mesh horizontal
Fra:1 Mem:530.18M (Peak 530.18M) | Time:00:00.76 | Mem:0.00M, Peak:0.00M | Scene, ViewLayer | Synchronizing object | STUDIO fastening clip.069
Fra:1 Mem:530.18M (Peak 530.18M) | Time:00:00.76 | Mem:0.00M, Peak:0.00M | Scene, ViewLayer | Synchronizing object | Upper berth guard mesh horizontal.002
Fra:1 Mem:530.18M (Peak 530.18M) | Time:00:00.76 | Mem:0.00M, Peak:0.00M | Scene, ViewLayer | Synchronizing object | Upper berth guard mesh horizontal.003
Fra:1 Mem:530.18M (Peak 530.18M) | Time:00:00.76 | Mem:0.00M, Peak:0.00M | Scene, ViewLayer | Synchronizing object | STUDIO fastening clip.068
Fra:1 Mem:530.19M (Peak 530.19M) | Time:00:00.76 | Mem:0.00M, Peak:0.00M | Scene, ViewLayer | Synchronizing object | Upper berth guard mesh horizontal.004
Fra:1 Mem:530.19M (Peak 530.19M) | Time:00:00.76 | Mem:0.00M, Peak:0.00M | Scene, ViewLayer | Synchronizing object | Upper berth safety rail
Fra:1 Mem:530.19M (Peak 530.19M) | Time:00:00.76 | Mem:0.00M, Peak:0.00M | Scene, ViewLayer | Synchronizing object | Upper berth safety rail.001
Fra:1 Mem:530.19M (Peak 530.19M) | Time:00:00.76 | Mem:0.00M, Peak:0.00M | Scene, ViewLayer | Synchronizing object | Upper berth safety rail.002
Fra:1 Mem:530.21M (Peak 530.21M) | Time:00:00.76 | Mem:0.00M, Peak:0.00M | Scene, ViewLayer | Synchronizing object | Middle berth folding hinge axle
Fra:1 Mem:530.20M (Peak 530.21M) | Time:00:00.76 | Mem:0.00M, Peak:0.00M | Scene, ViewLayer | Synchronizing object | Middle berth retention latch
Fra:1 Mem:530.20M (Peak 530.21M) | Time:00:00.76 | Mem:0.00M, Peak:0.00M | Scene, ViewLayer | Synchronizing object | Parked berth support chain link
Fra:1 Mem:530.22M (Peak 530.22M) | Time:00:00.76 | Mem:0.00M, Peak:0.00M | Scene, ViewLayer | Synchronizing object | STUDIO sleeper.017
Fra:1 Mem:530.23M (Peak 530.23M) | Time:00:00.76 | Mem:0.00M, Peak:0.00M | Scene, ViewLayer | Synchronizing object | Parked berth support chain link.001
Fra:1 Mem:530.23M (Peak 530.23M) | Time:00:00.76 | Mem:0.00M, Peak:0.00M | Scene, ViewLayer | Synchronizing object | Parked berth support chain link.002
Fra:1 Mem:530.23M (Peak 530.23M) | Time:00:00.76 | Mem:0.00M, Peak:0.00M | Scene, ViewLayer | Synchronizing object | STUDIO fastening clip.067
Fra:1 Mem:530.27M (Peak 530.27M) | Time:00:00.76 | Mem:0.00M, Peak:0.00M | Scene, ViewLayer | Synchronizing object | STUDIO fastening clip.066
Fra:1 Mem:530.27M (Peak 530.27M) | Time:00:00.76 | Mem:0.00M, Peak:0.00M | Scene, ViewLayer | Synchronizing object | STUDIO rail pad.033
Fra:1 Mem:530.27M (Peak 530.27M) | Time:00:00.76 | Mem:0.00M, Peak:0.00M | Scene, ViewLayer | Synchronizing object | Parked berth support chain link.004
Fra:1 Mem:530.28M (Peak 530.28M) | Time:00:00.76 | Mem:0.00M, Peak:0.00M | Scene, ViewLayer | Synchronizing object | Parked berth support chain link.005
Fra:1 Mem:530.29M (Peak 530.29M) | Time:00:00.76 | Mem:0.00M, Peak:0.00M | Scene, ViewLayer | Synchronizing object | STUDIO fastening clip.065
Fra:1 Mem:530.32M (Peak 530.32M) | Time:00:00.76 | Mem:0.00M, Peak:0.00M | Scene, ViewLayer | Synchronizing object | STUDIO fastening clip.064
Fra:1 Mem:530.33M (Peak 530.33M) | Time:00:00.76 | Mem:0.00M, Peak:0.00M | Scene, ViewLayer | Synchronizing object | STUDIO rail pad.032
Fra:1 Mem:530.34M (Peak 530.34M) | Time:00:00.76 | Mem:0.00M, Peak:0.00M | Scene, ViewLayer | Synchronizing object | Parked berth support chain link.006
Fra:1 Mem:530.34M (Peak 530.34M) | Time:00:00.76 | Mem:0.00M, Peak:0.00M | Scene, ViewLayer | Synchronizing object | Parked berth support chain link.008
Fra:1 Mem:530.35M (Peak 530.35M) | Time:00:00.76 | Mem:0.00M, Peak:0.00M | Scene, ViewLayer | Synchronizing object | STUDIO sleeper.016
Fra:1 Mem:530.39M (Peak 530.39M) | Time:00:00.76 | Mem:0.00M, Peak:0.00M | Scene, ViewLayer | Synchronizing object | STUDIO fastening clip.063
Fra:1 Mem:530.39M (Peak 530.39M) | Time:00:00.76 | Mem:0.00M, Peak:0.00M | Scene, ViewLayer | Synchronizing object | Middle berth retention latch.001
Fra:1 Mem:530.40M (Peak 530.40M) | Time:00:00.76 | Mem:0.00M, Peak:0.00M | Scene, ViewLayer | Synchronizing object | STUDIO fastening clip.062
Fra:1 Mem:530.40M (Peak 530.40M) | Time:00:00.76 | Mem:0.00M, Peak:0.00M | Scene, ViewLayer | Synchronizing object | Parked berth support chain link.009
Fra:1 Mem:530.41M (Peak 530.41M) | Time:00:00.76 | Mem:0.00M, Peak:0.00M | Scene, ViewLayer | Synchronizing object | STUDIO rail pad.031
Fra:1 Mem:530.42M (Peak 530.42M) | Time:00:00.76 | Mem:0.00M, Peak:0.00M | Scene, ViewLayer | Synchronizing object | Parked berth support chain link.010
Fra:1 Mem:530.43M (Peak 530.43M) | Time:00:00.76 | Mem:0.00M, Peak:0.00M | Scene, ViewLayer | Synchronizing object | STUDIO fastening clip.061
Fra:1 Mem:530.44M (Peak 530.44M) | Time:00:00.76 | Mem:0.00M, Peak:0.00M | Scene, ViewLayer | Synchronizing object | Parked berth support chain link.011
Fra:1 Mem:530.45M (Peak 530.45M) | Time:00:00.76 | Mem:0.00M, Peak:0.00M | Scene, ViewLayer | Synchronizing object | STUDIO fastening clip.060
Fra:1 Mem:530.46M (Peak 530.46M) | Time:00:00.76 | Mem:0.00M, Peak:0.00M | Scene, ViewLayer | Synchronizing object | Parked berth support chain link.012
Fra:1 Mem:530.47M (Peak 530.47M) | Time:00:00.76 | Mem:0.00M, Peak:0.00M | Scene, ViewLayer | Synchronizing object | STUDIO rail pad.030
Fra:1 Mem:530.49M (Peak 530.49M) | Time:00:00.76 | Mem:0.00M, Peak:0.00M | Scene, ViewLayer | Synchronizing object | Parked berth support chain link.013
Fra:1 Mem:530.49M (Peak 530.49M) | Time:00:00.76 | Mem:0.00M, Peak:0.00M | Scene, ViewLayer | Synchronizing object | STUDIO sleeper.015
Fra:1 Mem:530.51M (Peak 530.51M) | Time:00:00.76 | Mem:0.00M, Peak:0.00M | Scene, ViewLayer | Synchronizing object | Parked berth support chain link.014
Fra:1 Mem:530.51M (Peak 530.51M) | Time:00:00.76 | Mem:0.00M, Peak:0.00M | Scene, ViewLayer | Synchronizing object | Parked berth support chain link.015
Fra:1 Mem:530.52M (Peak 530.52M) | Time:00:00.76 | Mem:0.00M, Peak:0.00M | Scene, ViewLayer | Synchronizing object | STUDIO fastening clip.059
Fra:1 Mem:530.54M (Peak 530.54M) | Time:00:00.76 | Mem:0.00M, Peak:0.00M | Scene, ViewLayer | Synchronizing object | STUDIO fastening clip.058
Fra:1 Mem:530.55M (Peak 530.55M) | Time:00:00.76 | Mem:0.00M, Peak:0.00M | Scene, ViewLayer | Synchronizing object | Parked berth support chain link.016
Fra:1 Mem:530.56M (Peak 530.56M) | Time:00:00.76 | Mem:0.00M, Peak:0.00M | Scene, ViewLayer | Synchronizing object | STUDIO rail pad.029
Fra:1 Mem:530.56M (Peak 530.56M) | Time:00:00.76 | Mem:0.00M, Peak:0.00M | Scene, ViewLayer | Synchronizing object | Berth individual moulded control plate
Fra:1 Mem:530.58M (Peak 530.58M) | Time:00:00.76 | Mem:0.00M, Peak:0.00M | Scene, ViewLayer | Synchronizing object | STUDIO fastening clip.057
Fra:1 Mem:530.60M (Peak 530.60M) | Time:00:00.76 | Mem:0.00M, Peak:0.00M | Scene, ViewLayer | Synchronizing object | STUDIO fastening clip.056
Fra:1 Mem:530.60M (Peak 530.60M) | Time:00:00.76 | Mem:0.00M, Peak:0.00M | Scene, ViewLayer | Synchronizing object | Berth toggle switch.001
Fra:1 Mem:530.61M (Peak 530.61M) | Time:00:00.76 | Mem:0.00M, Peak:0.00M | Scene, ViewLayer | Synchronizing object | STUDIO rail pad.028
Fra:1 Mem:530.62M (Peak 530.62M) | Time:00:00.76 | Mem:0.00M, Peak:0.00M | Scene, ViewLayer | Synchronizing object | Upper berth guard mesh horizontal.005
Fra:1 Mem:530.62M (Peak 530.62M) | Time:00:00.76 | Mem:0.00M, Peak:0.00M | Scene, ViewLayer | Synchronizing object | STUDIO sleeper.014
Fra:1 Mem:530.62M (Peak 530.62M) | Time:00:00.76 | Mem:0.00M, Peak:0.00M | Scene, ViewLayer | Synchronizing object | Upper berth guard mesh horizontal.006
Fra:1 Mem:530.62M (Peak 530.62M) | Time:00:00.76 | Mem:0.00M, Peak:0.00M | Scene, ViewLayer | Synchronizing object | Upper berth guard mesh horizontal.008
Fra:1 Mem:530.62M (Peak 530.62M) | Time:00:00.76 | Mem:0.00M, Peak:0.00M | Scene, ViewLayer | Synchronizing object | STUDIO fastening clip.055
Fra:1 Mem:530.63M (Peak 530.63M) | Time:00:00.76 | Mem:0.00M, Peak:0.00M | Scene, ViewLayer | Synchronizing object | Upper berth guard mesh horizontal.009
Fra:1 Mem:530.64M (Peak 530.64M) | Time:00:00.76 | Mem:0.00M, Peak:0.00M | Scene, ViewLayer | Synchronizing object | STUDIO fastening clip.054
Fra:1 Mem:530.63M (Peak 530.64M) | Time:00:00.76 | Mem:0.00M, Peak:0.00M | Scene, ViewLayer | Synchronizing object | Upper berth safety rail.003
Fra:1 Mem:530.63M (Peak 530.64M) | Time:00:00.76 | Mem:0.00M, Peak:0.00M | Scene, ViewLayer | Synchronizing object | Upper berth safety rail.004
Fra:1 Mem:530.64M (Peak 530.64M) | Time:00:00.76 | Mem:0.00M, Peak:0.00M | Scene, ViewLayer | Synchronizing object | STUDIO rail pad.027
Fra:1 Mem:530.64M (Peak 530.64M) | Time:00:00.76 | Mem:0.00M, Peak:0.00M | Scene, ViewLayer | Synchronizing object | Upper berth safety rail.005
Fra:1 Mem:530.64M (Peak 530.64M) | Time:00:00.76 | Mem:0.00M, Peak:0.00M | Scene, ViewLayer | Synchronizing object | STUDIO fastening clip.053
Fra:1 Mem:530.64M (Peak 530.64M) | Time:00:00.76 | Mem:0.00M, Peak:0.00M | Scene, ViewLayer | Synchronizing object | Middle berth folding hinge axle.002
Fra:1 Mem:530.65M (Peak 530.65M) | Time:00:00.76 | Mem:0.00M, Peak:0.00M | Scene, ViewLayer | Synchronizing object | STUDIO fastening clip.052
Fra:1 Mem:530.65M (Peak 530.65M) | Time:00:00.76 | Mem:0.00M, Peak:0.00M | Scene, ViewLayer | Synchronizing object | Parked berth support chain link.018
Fra:1 Mem:530.66M (Peak 530.66M) | Time:00:00.76 | Mem:0.00M, Peak:0.00M | Scene, ViewLayer | Synchronizing object | Parked berth support chain link.019
Fra:1 Mem:530.68M (Peak 530.68M) | Time:00:00.76 | Mem:0.00M, Peak:0.00M | Scene, ViewLayer | Synchronizing object | Parked berth support chain link.020
Fra:1 Mem:530.71M (Peak 530.71M) | Time:00:00.76 | Mem:0.00M, Peak:0.00M | Scene, ViewLayer | Synchronizing object | STUDIO sleeper.013
Fra:1 Mem:530.71M (Peak 530.71M) | Time:00:00.76 | Mem:0.00M, Peak:0.00M | Scene, ViewLayer | Synchronizing object | Parked berth support chain link.021
Fra:1 Mem:530.72M (Peak 530.72M) | Time:00:00.76 | Mem:0.00M, Peak:0.00M | Scene, ViewLayer | Synchronizing object | Parked berth support chain link.022
Fra:1 Mem:530.74M (Peak 530.74M) | Time:00:00.76 | Mem:0.00M, Peak:0.00M | Scene, ViewLayer | Synchronizing object | Parked berth support chain link.023
Fra:1 Mem:530.77M (Peak 530.77M) | Time:00:00.76 | Mem:0.00M, Peak:0.00M | Scene, ViewLayer | Synchronizing object | STUDIO fastening clip.050
Fra:1 Mem:530.78M (Peak 530.78M) | Time:00:00.76 | Mem:0.00M, Peak:0.00M | Scene, ViewLayer | Synchronizing object | Parked berth support chain link.024
Fra:1 Mem:530.78M (Peak 530.78M) | Time:00:00.76 | Mem:0.00M, Peak:0.00M | Scene, ViewLayer | Synchronizing object | Parked berth support chain link.025
Fra:1 Mem:530.79M (Peak 530.79M) | Time:00:00.76 | Mem:0.00M, Peak:0.00M | Scene, ViewLayer | Synchronizing object | Parked berth support chain link.026
Fra:1 Mem:530.83M (Peak 530.83M) | Time:00:00.76 | Mem:0.00M, Peak:0.00M | Scene, ViewLayer | Synchronizing object | STUDIO fastening clip.049
Fra:1 Mem:530.84M (Peak 530.84M) | Time:00:00.76 | Mem:0.00M, Peak:0.00M | Scene, ViewLayer | Synchronizing object | Middle berth folding hinge axle.003
Fra:1 Mem:530.84M (Peak 530.84M) | Time:00:00.76 | Mem:0.00M, Peak:0.00M | Scene, ViewLayer | Synchronizing object | Middle berth retention latch.003
Fra:1 Mem:530.85M (Peak 530.85M) | Time:00:00.76 | Mem:0.00M, Peak:0.00M | Scene, ViewLayer | Synchronizing object | Parked berth support chain link.027
Fra:1 Mem:530.86M (Peak 530.86M) | Time:00:00.76 | Mem:0.00M, Peak:0.00M | Scene, ViewLayer | Synchronizing object | Parked berth support chain link.028
Fra:1 Mem:530.87M (Peak 530.87M) | Time:00:00.76 | Mem:0.00M, Peak:0.00M | Scene, ViewLayer | Synchronizing object | Parked berth support chain link.029
Fra:1 Mem:530.89M (Peak 530.89M) | Time:00:00.76 | Mem:0.00M, Peak:0.00M | Scene, ViewLayer | Synchronizing object | STUDIO sleeper.012
Fra:1 Mem:530.91M (Peak 530.91M) | Time:00:00.76 | Mem:0.00M, Peak:0.00M | Scene, ViewLayer | Synchronizing object | Parked berth support chain link.030
Fra:1 Mem:530.91M (Peak 530.91M) | Time:00:00.76 | Mem:0.00M, Peak:0.00M | Scene, ViewLayer | Synchronizing object | STUDIO fastening clip.047
Fra:1 Mem:530.93M (Peak 530.93M) | Time:00:00.76 | Mem:0.00M, Peak:0.00M | Scene, ViewLayer | Synchronizing object | Parked berth support chain link.031
Fra:1 Mem:530.93M (Peak 530.93M) | Time:00:00.76 | Mem:0.00M, Peak:0.00M | Scene, ViewLayer | Synchronizing object | STUDIO fastening clip.046
Fra:1 Mem:530.96M (Peak 530.96M) | Time:00:00.76 | Mem:0.00M, Peak:0.00M | Scene, ViewLayer | Synchronizing object | Parked berth support chain link.033
Fra:1 Mem:530.96M (Peak 530.96M) | Time:00:00.76 | Mem:0.00M, Peak:0.00M | Scene, ViewLayer | Synchronizing object | STUDIO rail pad.023
Fra:1 Mem:530.98M (Peak 530.98M) | Time:00:00.76 | Mem:0.00M, Peak:0.00M | Scene, ViewLayer | Synchronizing object | Parked berth support chain link.034
Fra:1 Mem:530.99M (Peak 530.99M) | Time:00:00.76 | Mem:0.00M, Peak:0.00M | Scene, ViewLayer | Synchronizing object | STUDIO fastening clip.045
Fra:1 Mem:531.00M (Peak 531.00M) | Time:00:00.76 | Mem:0.00M, Peak:0.00M | Scene, ViewLayer | Synchronizing object | Parked berth support chain link.035
Fra:1 Mem:531.01M (Peak 531.01M) | Time:00:00.76 | Mem:0.00M, Peak:0.00M | Scene, ViewLayer | Synchronizing object | STUDIO fastening clip.044
Fra:1 Mem:531.03M (Peak 531.03M) | Time:00:00.76 | Mem:0.00M, Peak:0.00M | Scene, ViewLayer | Synchronizing object | Berth individual moulded control plate.001
Fra:1 Mem:531.03M (Peak 531.03M) | Time:00:00.76 | Mem:0.00M, Peak:0.00M | Scene, ViewLayer | Synchronizing object | Berth toggle switch.002
Fra:1 Mem:531.04M (Peak 531.04M) | Time:00:00.76 | Mem:0.00M, Peak:0.00M | Scene, ViewLayer | Synchronizing object | STUDIO rail pad.022
Fra:1 Mem:531.05M (Peak 531.05M) | Time:00:00.76 | Mem:0.00M, Peak:0.00M | Scene, ViewLayer | Synchronizing object | STUDIO sleeper.011
Fra:1 Mem:531.05M (Peak 531.05M) | Time:00:00.76 | Mem:0.00M, Peak:0.00M | Scene, ViewLayer | Synchronizing object | Bay coat hook
Fra:1 Mem:531.05M (Peak 531.05M) | Time:00:00.76 | Mem:0.00M, Peak:0.00M | Scene, ViewLayer | Synchronizing object | Window table wall hinge
Fra:1 Mem:531.05M (Peak 531.05M) | Time:00:00.76 | Mem:0.00M, Peak:0.00M | Scene, ViewLayer | Synchronizing object | STUDIO fastening clip.043
Fra:1 Mem:531.07M (Peak 531.07M) | Time:00:00.76 | Mem:0.00M, Peak:0.00M | Scene, ViewLayer | Synchronizing object | STUDIO fastening clip.042
Fra:1 Mem:531.07M (Peak 531.07M) | Time:00:00.76 | Mem:0.00M, Peak:0.00M | Scene, ViewLayer | Synchronizing object | Bottle holder rolled hoop.005
Fra:1 Mem:531.10M (Peak 531.10M) | Time:00:00.76 | Mem:0.00M, Peak:0.00M | Scene, ViewLayer | Synchronizing object | STUDIO rail pad.021
Fra:1 Mem:531.11M (Peak 531.11M) | Time:00:00.76 | Mem:0.00M, Peak:0.00M | Scene, ViewLayer | Synchronizing object | Bottle holder wire upright.008
Fra:1 Mem:531.13M (Peak 531.13M) | Time:00:00.76 | Mem:0.00M, Peak:0.00M | Scene, ViewLayer | Synchronizing object | STUDIO fastening clip.041
Fra:1 Mem:531.13M (Peak 531.13M) | Time:00:00.76 | Mem:0.00M, Peak:0.00M | Scene, ViewLayer | Synchronizing object | Bottle holder wire upright.009
Fra:1 Mem:531.13M (Peak 531.13M) | Time:00:00.76 | Mem:0.00M, Peak:0.00M | Scene, ViewLayer | Synchronizing object | STUDIO fastening clip.040
Fra:1 Mem:531.14M (Peak 531.14M) | Time:00:00.76 | Mem:0.00M, Peak:0.00M | Scene, ViewLayer | Synchronizing object | Bottle holder wire upright.010
Fra:1 Mem:531.14M (Peak 531.14M) | Time:00:00.76 | Mem:0.00M, Peak:0.00M | Scene, ViewLayer | Synchronizing object | Bottle holder wire upright.011
Fra:1 Mem:531.14M (Peak 531.14M) | Time:00:00.76 | Mem:0.00M, Peak:0.00M | Scene, ViewLayer | Synchronizing object | Bottle basket bottom wire.004
Fra:1 Mem:531.14M (Peak 531.14M) | Time:00:00.76 | Mem:0.00M, Peak:0.00M | Scene, ViewLayer | Synchronizing object | Bottle basket bottom wire.005
Fra:1 Mem:531.16M (Peak 531.16M) | Time:00:00.76 | Mem:0.00M, Peak:0.00M | Scene, ViewLayer | Synchronizing object | Bottle holder wall mounting plate.002
Fra:1 Mem:531.15M (Peak 531.16M) | Time:00:00.76 | Mem:0.00M, Peak:0.00M | Scene, ViewLayer | Synchronizing object | STUDIO sleeper.010
Fra:1 Mem:531.16M (Peak 531.16M) | Time:00:00.76 | Mem:0.00M, Peak:0.00M | Scene, ViewLayer | Synchronizing object | Bottle holder fixing screw.004
Fra:1 Mem:531.16M (Peak 531.16M) | Time:00:00.76 | Mem:0.00M, Peak:0.00M | Scene, ViewLayer | Synchronizing object | STUDIO fastening clip.039
Fra:1 Mem:531.16M (Peak 531.16M) | Time:00:00.76 | Mem:0.00M, Peak:0.00M | Scene, ViewLayer | Synchronizing object | Bottle basket wall standoff.005
Fra:1 Mem:531.17M (Peak 531.17M) | Time:00:00.76 | Mem:0.00M, Peak:0.00M | Scene, ViewLayer | Synchronizing object | Bottle holder fixing screw.005
Fra:1 Mem:531.17M (Peak 531.17M) | Time:00:00.76 | Mem:0.00M, Peak:0.00M | Scene, ViewLayer | Synchronizing object | Bottle holder rolled hoop.006
Fra:1 Mem:531.18M (Peak 531.18M) | Time:00:00.76 | Mem:0.00M, Peak:0.00M | Scene, ViewLayer | Synchronizing object | STUDIO rail pad.019
Fra:1 Mem:531.19M (Peak 531.19M) | Time:00:00.76 | Mem:0.00M, Peak:0.00M | Scene, ViewLayer | Synchronizing object | Bottle holder rolled hoop.007
Fra:1 Mem:531.19M (Peak 531.19M) | Time:00:00.76 | Mem:0.00M, Peak:0.00M | Scene, ViewLayer | Synchronizing object | Bottle holder wire upright.012
Fra:1 Mem:531.21M (Peak 531.21M) | Time:00:00.76 | Mem:0.00M, Peak:0.00M | Scene, ViewLayer | Synchronizing object | STUDIO fastening clip.037
Fra:1 Mem:531.22M (Peak 531.22M) | Time:00:00.76 | Mem:0.00M, Peak:0.00M | Scene, ViewLayer | Synchronizing object | STUDIO fastening clip.036
Fra:1 Mem:531.23M (Peak 531.23M) | Time:00:00.76 | Mem:0.00M, Peak:0.00M | Scene, ViewLayer | Synchronizing object | Bottle holder wire upright.013
Fra:1 Mem:531.24M (Peak 531.24M) | Time:00:00.76 | Mem:0.00M, Peak:0.00M | Scene, ViewLayer | Synchronizing object | STUDIO rail pad.018
Fra:1 Mem:531.24M (Peak 531.24M) | Time:00:00.76 | Mem:0.00M, Peak:0.00M | Scene, ViewLayer | Synchronizing object | Bottle holder wire upright.014
Fra:1 Mem:531.24M (Peak 531.24M) | Time:00:00.76 | Mem:0.00M, Peak:0.00M | Scene, ViewLayer | Synchronizing object | Bottle holder wire upright.015
Fra:1 Mem:531.24M (Peak 531.24M) | Time:00:00.76 | Mem:0.00M, Peak:0.00M | Scene, ViewLayer | Synchronizing object | STUDIO sleeper.009
Fra:1 Mem:531.24M (Peak 531.24M) | Time:00:00.76 | Mem:0.00M, Peak:0.00M | Scene, ViewLayer | Synchronizing object | Bottle basket bottom wire.006
Fra:1 Mem:531.25M (Peak 531.25M) | Time:00:00.76 | Mem:0.00M, Peak:0.00M | Scene, ViewLayer | Synchronizing object | STUDIO fastening clip.035
Fra:1 Mem:531.25M (Peak 531.25M) | Time:00:00.76 | Mem:0.00M, Peak:0.00M | Scene, ViewLayer | Synchronizing object | Bottle basket bottom wire.007
Fra:1 Mem:531.25M (Peak 531.25M) | Time:00:00.76 | Mem:0.00M, Peak:0.00M | Scene, ViewLayer | Synchronizing object | Bottle basket wall standoff.006
Fra:1 Mem:531.25M (Peak 531.25M) | Time:00:00.76 | Mem:0.00M, Peak:0.00M | Scene, ViewLayer | Synchronizing object | STUDIO fastening clip.034
Fra:1 Mem:531.25M (Peak 531.25M) | Time:00:00.76 | Mem:0.00M, Peak:0.00M | Scene, ViewLayer | Synchronizing object | Bottle holder fixing screw.006
Fra:1 Mem:531.26M (Peak 531.26M) | Time:00:00.76 | Mem:0.00M, Peak:0.00M | Scene, ViewLayer | Synchronizing object | Bottle basket wall standoff.007
Fra:1 Mem:531.26M (Peak 531.26M) | Time:00:00.76 | Mem:0.00M, Peak:0.00M | Scene, ViewLayer | Synchronizing object | STUDIO rail pad.017
Fra:1 Mem:531.26M (Peak 531.26M) | Time:00:00.76 | Mem:0.00M, Peak:0.00M | Scene, ViewLayer | Synchronizing object | Bottle holder fixing screw.007
Fra:1 Mem:531.26M (Peak 531.26M) | Time:00:00.76 | Mem:0.00M, Peak:0.00M | Scene, ViewLayer | Synchronizing object | Upper berth guard mesh horizontal.010
Fra:1 Mem:531.27M (Peak 531.27M) | Time:00:00.76 | Mem:0.00M, Peak:0.00M | Scene, ViewLayer | Synchronizing object | Upper berth guard mesh horizontal.011
Fra:1 Mem:531.27M (Peak 531.27M) | Time:00:00.76 | Mem:0.00M, Peak:0.00M | Scene, ViewLayer | Synchronizing object | STUDIO fastening clip.033
Fra:1 Mem:531.27M (Peak 531.27M) | Time:00:00.76 | Mem:0.00M, Peak:0.00M | Scene, ViewLayer | Synchronizing object | Upper berth guard mesh horizontal.012
Fra:1 Mem:531.27M (Peak 531.27M) | Time:00:00.76 | Mem:0.00M, Peak:0.00M | Scene, ViewLayer | Synchronizing object | STUDIO fastening clip.032
Fra:1 Mem:531.28M (Peak 531.28M) | Time:00:00.76 | Mem:0.00M, Peak:0.00M | Scene, ViewLayer | Synchronizing object | Upper berth guard mesh horizontal.014
Fra:1 Mem:531.28M (Peak 531.28M) | Time:00:00.76 | Mem:0.00M, Peak:0.00M | Scene, ViewLayer | Synchronizing object | STUDIO rail pad.016
Fra:1 Mem:531.28M (Peak 531.28M) | Time:00:00.76 | Mem:0.00M, Peak:0.00M | Scene, ViewLayer | Synchronizing object | Upper berth safety rail.007
Fra:1 Mem:531.30M (Peak 531.30M) | Time:00:00.76 | Mem:0.00M, Peak:0.00M | Scene, ViewLayer | Synchronizing object | Upper berth safety rail.008
Fra:1 Mem:531.29M (Peak 531.30M) | Time:00:00.76 | Mem:0.00M, Peak:0.00M | Scene, ViewLayer | Synchronizing object | Middle berth folding hinge axle.004
Fra:1 Mem:531.29M (Peak 531.30M) | Time:00:00.76 | Mem:0.00M, Peak:0.00M | Scene, ViewLayer | Synchronizing object | Middle berth retention latch.004
Fra:1 Mem:531.30M (Peak 531.30M) | Time:00:00.76 | Mem:0.00M, Peak:0.00M | Scene, ViewLayer | Synchronizing object | Parked berth support chain link.036
Fra:1 Mem:531.32M (Peak 531.32M) | Time:00:00.76 | Mem:0.00M, Peak:0.00M | Scene, ViewLayer | Synchronizing object | STUDIO fastening clip.031
Fra:1 Mem:531.32M (Peak 531.32M) | Time:00:00.76 | Mem:0.00M, Peak:0.00M | Scene, ViewLayer | Synchronizing object | Parked berth support chain link.037
Fra:1 Mem:531.33M (Peak 531.33M) | Time:00:00.76 | Mem:0.00M, Peak:0.00M | Scene, ViewLayer | Synchronizing object | STUDIO fastening clip.030
Fra:1 Mem:531.33M (Peak 531.33M) | Time:00:00.76 | Mem:0.00M, Peak:0.00M | Scene, ViewLayer | Synchronizing object | Parked berth support chain link.038
Fra:1 Mem:531.34M (Peak 531.34M) | Time:00:00.76 | Mem:0.00M, Peak:0.00M | Scene, ViewLayer | Synchronizing object | Parked berth support chain link.039
Fra:1 Mem:531.36M (Peak 531.36M) | Time:00:00.76 | Mem:0.00M, Peak:0.00M | Scene, ViewLayer | Synchronizing object | STUDIO rail pad.015
Fra:1 Mem:531.38M (Peak 531.38M) | Time:00:00.76 | Mem:0.00M, Peak:0.00M | Scene, ViewLayer | Synchronizing object | STUDIO fastening clip.029
Fra:1 Mem:531.39M (Peak 531.39M) | Time:00:00.76 | Mem:0.00M, Peak:0.00M | Scene, ViewLayer | Synchronizing object | Parked berth support chain link.040
Fra:1 Mem:531.38M (Peak 531.39M) | Time:00:00.76 | Mem:0.00M, Peak:0.00M | Scene, ViewLayer | Synchronizing object | Parked berth support chain link.041
Fra:1 Mem:531.39M (Peak 531.39M) | Time:00:00.76 | Mem:0.00M, Peak:0.00M | Scene, ViewLayer | Synchronizing object | STUDIO fastening clip.028
Fra:1 Mem:531.42M (Peak 531.42M) | Time:00:00.76 | Mem:0.00M, Peak:0.00M | Scene, ViewLayer | Synchronizing object | Parked berth support chain link.042
Fra:1 Mem:531.43M (Peak 531.43M) | Time:00:00.76 | Mem:0.00M, Peak:0.00M | Scene, ViewLayer | Synchronizing object | STUDIO rail pad.014
Fra:1 Mem:531.44M (Peak 531.44M) | Time:00:00.76 | Mem:0.00M, Peak:0.00M | Scene, ViewLayer | Synchronizing object | Parked berth support chain link.043
Fra:1 Mem:531.44M (Peak 531.44M) | Time:00:00.76 | Mem:0.00M, Peak:0.00M | Scene, ViewLayer | Synchronizing object | STUDIO sleeper.007
Fra:1 Mem:531.46M (Peak 531.46M) | Time:00:00.76 | Mem:0.00M, Peak:0.00M | Scene, ViewLayer | Synchronizing object | STUDIO fastening clip.027
Fra:1 Mem:531.48M (Peak 531.48M) | Time:00:00.76 | Mem:0.00M, Peak:0.00M | Scene, ViewLayer | Synchronizing object | Middle berth folding hinge axle.005
Fra:1 Mem:531.48M (Peak 531.48M) | Time:00:00.76 | Mem:0.00M, Peak:0.00M | Scene, ViewLayer | Synchronizing object | STUDIO fastening clip.026
Fra:1 Mem:531.50M (Peak 531.50M) | Time:00:00.76 | Mem:0.00M, Peak:0.00M | Scene, ViewLayer | Synchronizing object | STUDIO rail pad.013
Fra:1 Mem:531.49M (Peak 531.50M) | Time:00:00.76 | Mem:0.00M, Peak:0.00M | Scene, ViewLayer | Synchronizing object | Middle berth retention latch.005
Fra:1 Mem:531.50M (Peak 531.50M) | Time:00:00.76 | Mem:0.00M, Peak:0.00M | Scene, ViewLayer | Synchronizing object | Parked berth support chain link.045
Fra:1 Mem:531.50M (Peak 531.50M) | Time:00:00.76 | Mem:0.00M, Peak:0.00M | Scene, ViewLayer | Synchronizing object | Parked berth support chain link.046
Fra:1 Mem:531.50M (Peak 531.50M) | Time:00:00.76 | Mem:0.00M, Peak:0.00M | Scene, ViewLayer | Synchronizing object | Parked berth support chain link.047
Fra:1 Mem:531.52M (Peak 531.52M) | Time:00:00.76 | Mem:0.00M, Peak:0.00M | Scene, ViewLayer | Synchronizing object | Parked berth support chain link.048
Fra:1 Mem:531.54M (Peak 531.54M) | Time:00:00.76 | Mem:0.00M, Peak:0.00M | Scene, ViewLayer | Synchronizing object | Parked berth support chain link.049
Fra:1 Mem:531.56M (Peak 531.56M) | Time:00:00.76 | Mem:0.00M, Peak:0.00M | Scene, ViewLayer | Synchronizing object | Parked berth support chain link.050
Fra:1 Mem:531.58M (Peak 531.58M) | Time:00:00.76 | Mem:0.00M, Peak:0.00M | Scene, ViewLayer | Synchronizing object | Parked berth support chain link.051
Fra:1 Mem:531.60M (Peak 531.60M) | Time:00:00.76 | Mem:0.00M, Peak:0.00M | Scene, ViewLayer | Synchronizing object | Parked berth support chain link.052
Fra:1 Mem:531.62M (Peak 531.62M) | Time:00:00.76 | Mem:0.00M, Peak:0.00M | Scene, ViewLayer | Synchronizing object | Parked berth support chain link.053
Fra:1 Mem:531.64M (Peak 531.64M) | Time:00:00.76 | Mem:0.00M, Peak:0.00M | Scene, ViewLayer | Synchronizing object | Berth individual moulded control plate.002
Fra:1 Mem:531.68M (Peak 531.68M) | Time:00:00.76 | Mem:0.00M, Peak:0.00M | Scene, ViewLayer | Synchronizing object | Berth toggle switch.004
Fra:1 Mem:531.69M (Peak 531.69M) | Time:00:00.76 | Mem:0.00M, Peak:0.00M | Scene, ViewLayer | Synchronizing object | Berth toggle switch.005
Fra:1 Mem:531.70M (Peak 531.70M) | Time:00:00.76 | Mem:0.00M, Peak:0.00M | Scene, ViewLayer | Synchronizing object | Upper berth guard mesh horizontal.015
Fra:1 Mem:531.70M (Peak 531.70M) | Time:00:00.76 | Mem:0.00M, Peak:0.00M | Scene, ViewLayer | Synchronizing object | Upper berth guard mesh horizontal.016
Fra:1 Mem:531.72M (Peak 531.72M) | Time:00:00.76 | Mem:0.00M, Peak:0.00M | Scene, ViewLayer | Synchronizing object | Upper berth guard mesh horizontal.017
Fra:1 Mem:531.71M (Peak 531.72M) | Time:00:00.76 | Mem:0.00M, Peak:0.00M | Scene, ViewLayer | Synchronizing object | Upper berth guard mesh horizontal.018
Fra:1 Mem:531.71M (Peak 531.72M) | Time:00:00.76 | Mem:0.00M, Peak:0.00M | Scene, ViewLayer | Synchronizing object | Upper berth guard mesh horizontal.019
Fra:1 Mem:531.71M (Peak 531.72M) | Time:00:00.76 | Mem:0.00M, Peak:0.00M | Scene, ViewLayer | Synchronizing object | Upper berth safety rail.009
Fra:1 Mem:531.72M (Peak 531.72M) | Time:00:00.76 | Mem:0.00M, Peak:0.00M | Scene, ViewLayer | Synchronizing object | Upper berth safety rail.010
Fra:1 Mem:531.72M (Peak 531.72M) | Time:00:00.76 | Mem:0.00M, Peak:0.00M | Scene, ViewLayer | Synchronizing object | Upper berth safety rail.011
Fra:1 Mem:531.72M (Peak 531.72M) | Time:00:00.76 | Mem:0.00M, Peak:0.00M | Scene, ViewLayer | Synchronizing object | Middle berth folding hinge axle.006
Fra:1 Mem:531.73M (Peak 531.73M) | Time:00:00.76 | Mem:0.00M, Peak:0.00M | Scene, ViewLayer | Synchronizing object | Middle berth retention latch.006
Fra:1 Mem:531.73M (Peak 531.73M) | Time:00:00.76 | Mem:0.00M, Peak:0.00M | Scene, ViewLayer | Synchronizing object | Parked berth support chain link.054
Fra:1 Mem:531.74M (Peak 531.74M) | Time:00:00.76 | Mem:0.00M, Peak:0.00M | Scene, ViewLayer | Synchronizing object | Parked berth support chain link.055
Fra:1 Mem:531.76M (Peak 531.76M) | Time:00:00.76 | Mem:0.00M, Peak:0.00M | Scene, ViewLayer | Synchronizing object | Parked berth support chain link.056
Fra:1 Mem:531.79M (Peak 531.79M) | Time:00:00.76 | Mem:0.00M, Peak:0.00M | Scene, ViewLayer | Synchronizing object | Parked berth support chain link.057
Fra:1 Mem:531.81M (Peak 531.81M) | Time:00:00.76 | Mem:0.00M, Peak:0.00M | Scene, ViewLayer | Synchronizing object | Parked berth support chain link.058
Fra:1 Mem:531.81M (Peak 531.81M) | Time:00:00.76 | Mem:0.00M, Peak:0.00M | Scene, ViewLayer | Synchronizing object | Parked berth support chain link.059
Fra:1 Mem:531.85M (Peak 531.85M) | Time:00:00.76 | Mem:0.00M, Peak:0.00M | Scene, ViewLayer | Synchronizing object | Parked berth support chain link.060
Fra:1 Mem:531.87M (Peak 531.87M) | Time:00:00.76 | Mem:0.00M, Peak:0.00M | Scene, ViewLayer | Synchronizing object | Parked berth support chain link.061
Fra:1 Mem:531.87M (Peak 531.87M) | Time:00:00.76 | Mem:0.00M, Peak:0.00M | Scene, ViewLayer | Synchronizing object | Parked berth support chain link.062
Fra:1 Mem:531.90M (Peak 531.90M) | Time:00:00.76 | Mem:0.00M, Peak:0.00M | Scene, ViewLayer | Synchronizing object | Middle berth folding hinge axle.007
Fra:1 Mem:531.91M (Peak 531.91M) | Time:00:00.76 | Mem:0.00M, Peak:0.00M | Scene, ViewLayer | Synchronizing object | Middle berth retention latch.007
Fra:1 Mem:531.91M (Peak 531.91M) | Time:00:00.76 | Mem:0.00M, Peak:0.00M | Scene, ViewLayer | Synchronizing object | Parked berth support chain link.063
Fra:1 Mem:531.92M (Peak 531.92M) | Time:00:00.76 | Mem:0.00M, Peak:0.00M | Scene, ViewLayer | Synchronizing object | Parked berth support chain link.064
Fra:1 Mem:531.95M (Peak 531.95M) | Time:00:00.76 | Mem:0.00M, Peak:0.00M | Scene, ViewLayer | Synchronizing object | STUDIO fastening clip.024
Fra:1 Mem:531.96M (Peak 531.96M) | Time:00:00.76 | Mem:0.00M, Peak:0.00M | Scene, ViewLayer | Synchronizing object | Parked berth support chain link.066
Fra:1 Mem:531.97M (Peak 531.97M) | Time:00:00.76 | Mem:0.00M, Peak:0.00M | Scene, ViewLayer | Synchronizing object | Parked berth support chain link.067
Fra:1 Mem:531.99M (Peak 531.99M) | Time:00:00.76 | Mem:0.00M, Peak:0.00M | Scene, ViewLayer | Synchronizing object | STUDIO rail pad.012
Fra:1 Mem:532.01M (Peak 532.01M) | Time:00:00.76 | Mem:0.00M, Peak:0.00M | Scene, ViewLayer | Synchronizing object | STUDIO sleeper.006
Fra:1 Mem:532.02M (Peak 532.02M) | Time:00:00.76 | Mem:0.00M, Peak:0.00M | Scene, ViewLayer | Synchronizing object | STUDIO fastening clip.023
Fra:1 Mem:532.02M (Peak 532.02M) | Time:00:00.76 | Mem:0.00M, Peak:0.00M | Scene, ViewLayer | Synchronizing object | Parked berth support chain link.068
Fra:1 Mem:532.02M (Peak 532.02M) | Time:00:00.76 | Mem:0.00M, Peak:0.00M | Scene, ViewLayer | Synchronizing object | Parked berth support chain link.069
Fra:1 Mem:532.03M (Peak 532.03M) | Time:00:00.76 | Mem:0.00M, Peak:0.00M | Scene, ViewLayer | Synchronizing object | STUDIO fastening clip.022
Fra:1 Mem:532.04M (Peak 532.04M) | Time:00:00.76 | Mem:0.00M, Peak:0.00M | Scene, ViewLayer | Synchronizing object | STUDIO rail pad.011
Fra:1 Mem:532.08M (Peak 532.08M) | Time:00:00.76 | Mem:0.00M, Peak:0.00M | Scene, ViewLayer | Synchronizing object | STUDIO fastening clip.021
Fra:1 Mem:532.08M (Peak 532.08M) | Time:00:00.76 | Mem:0.00M, Peak:0.00M | Scene, ViewLayer | Synchronizing object | Parked berth support chain link.071
Fra:1 Mem:532.10M (Peak 532.10M) | Time:00:00.76 | Mem:0.00M, Peak:0.00M | Scene, ViewLayer | Synchronizing object | STUDIO fastening clip.020
Fra:1 Mem:532.10M (Peak 532.10M) | Time:00:00.76 | Mem:0.00M, Peak:0.00M | Scene, ViewLayer | Synchronizing object | Berth toggle switch.006
Fra:1 Mem:532.12M (Peak 532.12M) | Time:00:00.76 | Mem:0.00M, Peak:0.00M | Scene, ViewLayer | Synchronizing object | Berth toggle switch.007
Fra:1 Mem:532.13M (Peak 532.13M) | Time:00:00.76 | Mem:0.00M, Peak:0.00M | Scene, ViewLayer | Synchronizing object | Bay coat hook.001
Fra:1 Mem:532.13M (Peak 532.13M) | Time:00:00.76 | Mem:0.00M, Peak:0.00M | Scene, ViewLayer | Synchronizing object | Window table wall hinge.001
Fra:1 Mem:532.14M (Peak 532.14M) | Time:00:00.76 | Mem:0.00M, Peak:0.00M | Scene, ViewLayer | Synchronizing object | Bottle holder rolled hoop.009
Fra:1 Mem:532.14M (Peak 532.14M) | Time:00:00.76 | Mem:0.00M, Peak:0.00M | Scene, ViewLayer | Synchronizing object | Bottle holder wire upright.016
Fra:1 Mem:532.18M (Peak 532.18M) | Time:00:00.76 | Mem:0.00M, Peak:0.00M | Scene, ViewLayer | Synchronizing object | Bottle holder wire upright.017
Fra:1 Mem:532.19M (Peak 532.19M) | Time:00:00.76 | Mem:0.00M, Peak:0.00M | Scene, ViewLayer | Synchronizing object | STUDIO rail pad.010
Fra:1 Mem:532.20M (Peak 532.20M) | Time:00:00.76 | Mem:0.00M, Peak:0.00M | Scene, ViewLayer | Synchronizing object | Bottle holder wire upright.018
Fra:1 Mem:532.20M (Peak 532.20M) | Time:00:00.76 | Mem:0.00M, Peak:0.00M | Scene, ViewLayer | Synchronizing object | STUDIO sleeper.005
Fra:1 Mem:532.21M (Peak 532.21M) | Time:00:00.76 | Mem:0.00M, Peak:0.00M | Scene, ViewLayer | Synchronizing object | Bottle holder wire upright.019
Fra:1 Mem:532.21M (Peak 532.21M) | Time:00:00.76 | Mem:0.00M, Peak:0.00M | Scene, ViewLayer | Synchronizing object | Bottle basket bottom wire.008
Fra:1 Mem:532.21M (Peak 532.21M) | Time:00:00.76 | Mem:0.00M, Peak:0.00M | Scene, ViewLayer | Synchronizing object | Bottle basket bottom wire.009
Fra:1 Mem:532.21M (Peak 532.21M) | Time:00:00.76 | Mem:0.00M, Peak:0.00M | Scene, ViewLayer | Synchronizing object | Bottle holder wall mounting plate.004
Fra:1 Mem:532.21M (Peak 532.21M) | Time:00:00.76 | Mem:0.00M, Peak:0.00M | Scene, ViewLayer | Synchronizing object | Bottle basket wall standoff.008
Fra:1 Mem:532.22M (Peak 532.22M) | Time:00:00.76 | Mem:0.00M, Peak:0.00M | Scene, ViewLayer | Synchronizing object | STUDIO fastening clip.018
Fra:1 Mem:532.22M (Peak 532.22M) | Time:00:00.76 | Mem:0.00M, Peak:0.00M | Scene, ViewLayer | Synchronizing object | Bottle holder fixing screw.008
Fra:1 Mem:532.23M (Peak 532.23M) | Time:00:00.76 | Mem:0.00M, Peak:0.00M | Scene, ViewLayer | Synchronizing object | Bottle holder fixing screw.009
Fra:1 Mem:532.24M (Peak 532.24M) | Time:00:00.76 | Mem:0.00M, Peak:0.00M | Scene, ViewLayer | Synchronizing object | STUDIO rail pad.009
Fra:1 Mem:532.23M (Peak 532.24M) | Time:00:00.76 | Mem:0.00M, Peak:0.00M | Scene, ViewLayer | Synchronizing object | Bottle holder rolled hoop.010
Fra:1 Mem:532.23M (Peak 532.24M) | Time:00:00.76 | Mem:0.00M, Peak:0.00M | Scene, ViewLayer | Synchronizing object | Bottle holder rolled hoop.011
Fra:1 Mem:532.25M (Peak 532.25M) | Time:00:00.76 | Mem:0.00M, Peak:0.00M | Scene, ViewLayer | Synchronizing object | Bottle holder wire upright.020
Fra:1 Mem:532.26M (Peak 532.26M) | Time:00:00.76 | Mem:0.00M, Peak:0.00M | Scene, ViewLayer | Synchronizing object | STUDIO fastening clip.017
Fra:1 Mem:532.28M (Peak 532.28M) | Time:00:00.76 | Mem:0.00M, Peak:0.00M | Scene, ViewLayer | Synchronizing object | STUDIO fastening clip.016
Fra:1 Mem:532.29M (Peak 532.29M) | Time:00:00.76 | Mem:0.00M, Peak:0.00M | Scene, ViewLayer | Synchronizing object | Bottle holder wire upright.021
Fra:1 Mem:532.29M (Peak 532.29M) | Time:00:00.76 | Mem:0.00M, Peak:0.00M | Scene, ViewLayer | Synchronizing object | Bottle holder wire upright.022
Fra:1 Mem:532.29M (Peak 532.29M) | Time:00:00.76 | Mem:0.00M, Peak:0.00M | Scene, ViewLayer | Synchronizing object | Bottle holder wire upright.023
Fra:1 Mem:532.32M (Peak 532.32M) | Time:00:00.76 | Mem:0.00M, Peak:0.00M | Scene, ViewLayer | Synchronizing object | STUDIO rail pad.008
Fra:1 Mem:532.30M (Peak 532.32M) | Time:00:00.76 | Mem:0.00M, Peak:0.00M | Scene, ViewLayer | Synchronizing object | Bottle basket bottom wire.011
Fra:1 Mem:532.30M (Peak 532.32M) | Time:00:00.76 | Mem:0.00M, Peak:0.00M | Scene, ViewLayer | Synchronizing object | Bottle holder wall mounting plate.005
Fra:1 Mem:532.31M (Peak 532.32M) | Time:00:00.76 | Mem:0.00M, Peak:0.00M | Scene, ViewLayer | Synchronizing object | STUDIO sleeper.004
Fra:1 Mem:532.31M (Peak 532.32M) | Time:00:00.76 | Mem:0.00M, Peak:0.00M | Scene, ViewLayer | Synchronizing object | Bottle basket wall standoff.010
Fra:1 Mem:532.32M (Peak 532.32M) | Time:00:00.76 | Mem:0.00M, Peak:0.00M | Scene, ViewLayer | Synchronizing object | Bottle holder fixing screw.010
Fra:1 Mem:532.32M (Peak 532.32M) | Time:00:00.76 | Mem:0.00M, Peak:0.00M | Scene, ViewLayer | Synchronizing object | STUDIO fastening clip.015
Fra:1 Mem:532.33M (Peak 532.33M) | Time:00:00.76 | Mem:0.00M, Peak:0.00M | Scene, ViewLayer | Synchronizing object | Bottle basket wall standoff.011
Fra:1 Mem:532.32M (Peak 532.33M) | Time:00:00.77 | Mem:0.00M, Peak:0.00M | Scene, ViewLayer | Synchronizing object | STUDIO fastening clip.014
Fra:1 Mem:532.33M (Peak 532.33M) | Time:00:00.77 | Mem:0.00M, Peak:0.00M | Scene, ViewLayer | Synchronizing object | Upper berth guard mesh horizontal.020
Fra:1 Mem:532.33M (Peak 532.33M) | Time:00:00.77 | Mem:0.00M, Peak:0.00M | Scene, ViewLayer | Synchronizing object | Upper berth guard mesh horizontal.021
Fra:1 Mem:532.33M (Peak 532.33M) | Time:00:00.77 | Mem:0.00M, Peak:0.00M | Scene, ViewLayer | Synchronizing object | STUDIO rail pad.007
Fra:1 Mem:532.33M (Peak 532.33M) | Time:00:00.77 | Mem:0.00M, Peak:0.00M | Scene, ViewLayer | Synchronizing object | Upper berth guard mesh horizontal.022
Fra:1 Mem:532.33M (Peak 532.33M) | Time:00:00.77 | Mem:0.00M, Peak:0.00M | Scene, ViewLayer | Synchronizing object | STUDIO fastening clip.013
Fra:1 Mem:532.34M (Peak 532.34M) | Time:00:00.77 | Mem:0.00M, Peak:0.00M | Scene, ViewLayer | Synchronizing object | Upper berth guard mesh horizontal.024
Fra:1 Mem:532.34M (Peak 532.34M) | Time:00:00.77 | Mem:0.00M, Peak:0.00M | Scene, ViewLayer | Synchronizing object | Upper berth safety rail.012
Fra:1 Mem:532.35M (Peak 532.35M) | Time:00:00.77 | Mem:0.00M, Peak:0.00M | Scene, ViewLayer | Synchronizing object | Upper berth safety rail.013
Fra:1 Mem:532.35M (Peak 532.35M) | Time:00:00.77 | Mem:0.00M, Peak:0.00M | Scene, ViewLayer | Synchronizing object | STUDIO fastening clip.012
Fra:1 Mem:532.35M (Peak 532.35M) | Time:00:00.77 | Mem:0.00M, Peak:0.00M | Scene, ViewLayer | Synchronizing object | Middle berth folding hinge axle.008
Fra:1 Mem:532.35M (Peak 532.35M) | Time:00:00.77 | Mem:0.00M, Peak:0.00M | Scene, ViewLayer | Synchronizing object | STUDIO rail pad.006
Fra:1 Mem:532.36M (Peak 532.36M) | Time:00:00.77 | Mem:0.00M, Peak:0.00M | Scene, ViewLayer | Synchronizing object | Middle berth retention latch.008
Fra:1 Mem:532.36M (Peak 532.36M) | Time:00:00.77 | Mem:0.00M, Peak:0.00M | Scene, ViewLayer | Synchronizing object | Parked berth support chain link.072
Fra:1 Mem:532.37M (Peak 532.37M) | Time:00:00.77 | Mem:0.00M, Peak:0.00M | Scene, ViewLayer | Synchronizing object | STUDIO sleeper.003
Fra:1 Mem:532.39M (Peak 532.39M) | Time:00:00.77 | Mem:0.00M, Peak:0.00M | Scene, ViewLayer | Synchronizing object | Parked berth support chain link.074
Fra:1 Mem:532.41M (Peak 532.41M) | Time:00:00.77 | Mem:0.00M, Peak:0.00M | Scene, ViewLayer | Synchronizing object | STUDIO fastening clip.011
Fra:1 Mem:532.42M (Peak 532.42M) | Time:00:00.77 | Mem:0.00M, Peak:0.00M | Scene, ViewLayer | Synchronizing object | Parked berth support chain link.075
Fra:1 Mem:532.43M (Peak 532.43M) | Time:00:00.77 | Mem:0.00M, Peak:0.00M | Scene, ViewLayer | Synchronizing object | Parked berth support chain link.076
Fra:1 Mem:532.44M (Peak 532.44M) | Time:00:00.77 | Mem:0.00M, Peak:0.00M | Scene, ViewLayer | Synchronizing object | Parked berth support chain link.077
Fra:1 Mem:532.47M (Peak 532.47M) | Time:00:00.77 | Mem:0.00M, Peak:0.00M | Scene, ViewLayer | Synchronizing object | STUDIO rail pad.005
Fra:1 Mem:532.48M (Peak 532.48M) | Time:00:00.77 | Mem:0.00M, Peak:0.00M | Scene, ViewLayer | Synchronizing object | STUDIO fastening clip.009
Fra:1 Mem:532.48M (Peak 532.48M) | Time:00:00.77 | Mem:0.00M, Peak:0.00M | Scene, ViewLayer | Synchronizing object | Parked berth support chain link.079
Fra:1 Mem:532.51M (Peak 532.51M) | Time:00:00.77 | Mem:0.00M, Peak:0.00M | Scene, ViewLayer | Synchronizing object | STUDIO fastening clip.008
Fra:1 Mem:532.52M (Peak 532.52M) | Time:00:00.77 | Mem:0.00M, Peak:0.00M | Scene, ViewLayer | Synchronizing object | STUDIO rail pad.004
Fra:1 Mem:532.52M (Peak 532.52M) | Time:00:00.77 | Mem:0.00M, Peak:0.00M | Scene, ViewLayer | Synchronizing object | STUDIO sleeper.002
Fra:1 Mem:532.53M (Peak 532.53M) | Time:00:00.77 | Mem:0.00M, Peak:0.00M | Scene, ViewLayer | Synchronizing object | Parked berth support chain link.080
Fra:1 Mem:532.53M (Peak 532.53M) | Time:00:00.77 | Mem:0.00M, Peak:0.00M | Scene, ViewLayer | Synchronizing object | STUDIO fastening clip.007
Fra:1 Mem:532.54M (Peak 532.54M) | Time:00:00.77 | Mem:0.00M, Peak:0.00M | Scene, ViewLayer | Synchronizing object | STUDIO fastening clip.006
Fra:1 Mem:532.55M (Peak 532.55M) | Time:00:00.77 | Mem:0.00M, Peak:0.00M | Scene, ViewLayer | Synchronizing object | Middle berth retention latch.009
Fra:1 Mem:532.55M (Peak 532.55M) | Time:00:00.77 | Mem:0.00M, Peak:0.00M | Scene, ViewLayer | Synchronizing object | STUDIO rail pad.003
Fra:1 Mem:532.56M (Peak 532.56M) | Time:00:00.77 | Mem:0.00M, Peak:0.00M | Scene, ViewLayer | Synchronizing object | Parked berth support chain link.081
Fra:1 Mem:532.57M (Peak 532.57M) | Time:00:00.77 | Mem:0.00M, Peak:0.00M | Scene, ViewLayer | Synchronizing object | STUDIO fastening clip.005
Fra:1 Mem:532.57M (Peak 532.57M) | Time:00:00.77 | Mem:0.00M, Peak:0.00M | Scene, ViewLayer | Synchronizing object | Parked berth support chain link.082
Fra:1 Mem:532.58M (Peak 532.58M) | Time:00:00.77 | Mem:0.00M, Peak:0.00M | Scene, ViewLayer | Synchronizing object | Parked berth support chain link.083
Fra:1 Mem:532.59M (Peak 532.59M) | Time:00:00.77 | Mem:0.00M, Peak:0.00M | Scene, ViewLayer | Synchronizing object | STUDIO fastening clip.004
Fra:1 Mem:532.62M (Peak 532.62M) | Time:00:00.77 | Mem:0.00M, Peak:0.00M | Scene, ViewLayer | Synchronizing object | STUDIO rail pad.002
Fra:1 Mem:532.62M (Peak 532.62M) | Time:00:00.77 | Mem:0.00M, Peak:0.00M | Scene, ViewLayer | Synchronizing object | Parked berth support chain link.084
Fra:1 Mem:532.63M (Peak 532.63M) | Time:00:00.77 | Mem:0.00M, Peak:0.00M | Scene, ViewLayer | Synchronizing object | Parked berth support chain link.085
Fra:1 Mem:532.64M (Peak 532.64M) | Time:00:00.77 | Mem:0.00M, Peak:0.00M | Scene, ViewLayer | Synchronizing object | Parked berth support chain link.086
Fra:1 Mem:532.65M (Peak 532.65M) | Time:00:00.77 | Mem:0.00M, Peak:0.00M | Scene, ViewLayer | Synchronizing object | STUDIO fastening clip.003
Fra:1 Mem:532.68M (Peak 532.68M) | Time:00:00.77 | Mem:0.00M, Peak:0.00M | Scene, ViewLayer | Synchronizing object | STUDIO fastening clip.002
Fra:1 Mem:532.68M (Peak 532.68M) | Time:00:00.77 | Mem:0.00M, Peak:0.00M | Scene, ViewLayer | Synchronizing object | Parked berth support chain link.087
Fra:1 Mem:532.69M (Peak 532.69M) | Time:00:00.77 | Mem:0.00M, Peak:0.00M | Scene, ViewLayer | Synchronizing object | STUDIO rail pad.001
Fra:1 Mem:532.70M (Peak 532.70M) | Time:00:00.77 | Mem:0.00M, Peak:0.00M | Scene, ViewLayer | Synchronizing object | Parked berth support chain link.089
Fra:1 Mem:532.72M (Peak 532.72M) | Time:00:00.77 | Mem:0.00M, Peak:0.00M | Scene, ViewLayer | Synchronizing object | STUDIO fastening clip.001
Fra:1 Mem:532.74M (Peak 532.74M) | Time:00:00.77 | Mem:0.00M, Peak:0.00M | Scene, ViewLayer | Synchronizing object | STUDIO fastening clip
Fra:1 Mem:532.74M (Peak 532.74M) | Time:00:00.77 | Mem:0.00M, Peak:0.00M | Scene, ViewLayer | Synchronizing object | Berth individual moulded control plate.004
Fra:1 Mem:532.75M (Peak 532.75M) | Time:00:00.77 | Mem:0.00M, Peak:0.00M | Scene, ViewLayer | Synchronizing object | Berth toggle switch.008
Fra:1 Mem:532.75M (Peak 532.75M) | Time:00:00.77 | Mem:0.00M, Peak:0.00M | Scene, ViewLayer | Synchronizing object | STUDIO rail pad
Fra:1 Mem:532.76M (Peak 532.76M) | Time:00:00.77 | Mem:0.00M, Peak:0.00M | Scene, ViewLayer | Synchronizing object | Berth toggle switch.009
Fra:1 Mem:532.77M (Peak 532.77M) | Time:00:00.77 | Mem:0.00M, Peak:0.00M | Scene, ViewLayer | Synchronizing object | Upper berth guard mesh horizontal.025
Fra:1 Mem:532.77M (Peak 532.77M) | Time:00:00.77 | Mem:0.00M, Peak:0.00M | Scene, ViewLayer | Synchronizing object | Upper berth guard mesh horizontal.026
Fra:1 Mem:532.79M (Peak 532.79M) | Time:00:00.77 | Mem:0.00M, Peak:0.00M | Scene, ViewLayer | Synchronizing object | STUDIO sleeper
Fra:1 Mem:532.78M (Peak 532.79M) | Time:00:00.77 | Mem:0.00M, Peak:0.00M | Scene, ViewLayer | Synchronizing object | Upper berth guard mesh horizontal.029
Fra:1 Mem:532.78M (Peak 532.79M) | Time:00:00.77 | Mem:0.00M, Peak:0.00M | Scene, ViewLayer | Synchronizing object | STUDIO rail base.001
Fra:1 Mem:532.78M (Peak 532.79M) | Time:00:00.77 | Mem:0.00M, Peak:0.00M | Scene, ViewLayer | Synchronizing object | Upper berth safety rail.015
Fra:1 Mem:532.80M (Peak 532.80M) | Time:00:00.77 | Mem:0.00M, Peak:0.00M | Scene, ViewLayer | Synchronizing object | STUDIO rail web.001
Fra:1 Mem:532.79M (Peak 532.80M) | Time:00:00.77 | Mem:0.00M, Peak:0.00M | Scene, ViewLayer | Synchronizing object | Upper berth safety rail.016
Fra:1 Mem:532.79M (Peak 532.80M) | Time:00:00.77 | Mem:0.00M, Peak:0.00M | Scene, ViewLayer | Synchronizing object | STUDIO rail head.001
Fra:1 Mem:532.79M (Peak 532.80M) | Time:00:00.77 | Mem:0.00M, Peak:0.00M | Scene, ViewLayer | Synchronizing object | Middle berth folding hinge axle.010
Fra:1 Mem:532.80M (Peak 532.80M) | Time:00:00.77 | Mem:0.00M, Peak:0.00M | Scene, ViewLayer | Synchronizing object | STUDIO rail base
Fra:1 Mem:532.80M (Peak 532.80M) | Time:00:00.77 | Mem:0.00M, Peak:0.00M | Scene, ViewLayer | Synchronizing object | Parked berth support chain link.090
Fra:1 Mem:532.80M (Peak 532.80M) | Time:00:00.77 | Mem:0.00M, Peak:0.00M | Scene, ViewLayer | Synchronizing object | Parked berth support chain link.091
Fra:1 Mem:532.81M (Peak 532.81M) | Time:00:00.77 | Mem:0.00M, Peak:0.00M | Scene, ViewLayer | Synchronizing object | STUDIO rail web
Fra:1 Mem:532.83M (Peak 532.83M) | Time:00:00.77 | Mem:0.00M, Peak:0.00M | Scene, ViewLayer | Synchronizing object | Parked berth support chain link.092
Fra:1 Mem:532.83M (Peak 532.83M) | Time:00:00.77 | Mem:0.00M, Peak:0.00M | Scene, ViewLayer | Synchronizing object | STUDIO rail head
Fra:1 Mem:532.87M (Peak 532.87M) | Time:00:00.77 | Mem:0.00M, Peak:0.00M | Scene, ViewLayer | Synchronizing object | Parked berth support chain link.093
Fra:1 Mem:532.87M (Peak 532.87M) | Time:00:00.77 | Mem:0.00M, Peak:0.00M | Scene, ViewLayer | Synchronizing object | STUDIO ground
Fra:1 Mem:532.88M (Peak 532.88M) | Time:00:00.77 | Mem:0.00M, Peak:0.00M | Scene, ViewLayer | Synchronizing object | Parked berth support chain link.094
Fra:1 Mem:532.88M (Peak 532.88M) | Time:00:00.77 | Mem:0.00M, Peak:0.00M | Scene, ViewLayer | Synchronizing object | Extinguisher fine print line.009
Fra:1 Mem:532.90M (Peak 532.90M) | Time:00:00.77 | Mem:0.00M, Peak:0.00M | Scene, ViewLayer | Synchronizing object | Extinguisher fine print line.008
Fra:1 Mem:532.92M (Peak 532.92M) | Time:00:00.77 | Mem:0.00M, Peak:0.00M | Scene, ViewLayer | Synchronizing object | Extinguisher fine print line.007
Fra:1 Mem:532.92M (Peak 532.92M) | Time:00:00.77 | Mem:0.00M, Peak:0.00M | Scene, ViewLayer | Synchronizing object | Parked berth support chain link.096
Fra:1 Mem:532.92M (Peak 532.92M) | Time:00:00.77 | Mem:0.00M, Peak:0.00M | Scene, ViewLayer | Synchronizing object | Extinguisher fine print line.006
Fra:1 Mem:532.94M (Peak 532.94M) | Time:00:00.77 | Mem:0.00M, Peak:0.00M | Scene, ViewLayer | Synchronizing object | Extinguisher fine print line.005
Fra:1 Mem:532.96M (Peak 532.96M) | Time:00:00.77 | Mem:0.00M, Peak:0.00M | Scene, ViewLayer | Synchronizing object | Parked berth support chain link.097
Fra:1 Mem:532.96M (Peak 532.96M) | Time:00:00.77 | Mem:0.00M, Peak:0.00M | Scene, ViewLayer | Synchronizing object | Parked berth support chain link.098
Fra:1 Mem:532.96M (Peak 532.96M) | Time:00:00.77 | Mem:0.00M, Peak:0.00M | Scene, ViewLayer | Synchronizing object | Middle berth folding hinge axle.011
Fra:1 Mem:533.00M (Peak 533.00M) | Time:00:00.77 | Mem:0.00M, Peak:0.00M | Scene, ViewLayer | Synchronizing object | Middle berth retention latch.011
Fra:1 Mem:533.00M (Peak 533.00M) | Time:00:00.77 | Mem:0.00M, Peak:0.00M | Scene, ViewLayer | Synchronizing object | Extinguisher mounting strap.003
Fra:1 Mem:533.01M (Peak 533.01M) | Time:00:00.77 | Mem:0.00M, Peak:0.00M | Scene, ViewLayer | Synchronizing object | Parked berth support chain link.099
Fra:1 Mem:533.03M (Peak 533.03M) | Time:00:00.77 | Mem:0.00M, Peak:0.00M | Scene, ViewLayer | Synchronizing object | Parked berth support chain link.100
Fra:1 Mem:533.07M (Peak 533.07M) | Time:00:00.77 | Mem:0.00M, Peak:0.00M | Scene, ViewLayer | Synchronizing object | Parked berth support chain link.101
Fra:1 Mem:533.12M (Peak 533.12M) | Time:00:00.77 | Mem:0.00M, Peak:0.00M | Scene, ViewLayer | Synchronizing object | Parked berth support chain link.102
Fra:1 Mem:533.12M (Peak 533.12M) | Time:00:00.77 | Mem:0.00M, Peak:0.00M | Scene, ViewLayer | Synchronizing object | Parked berth support chain link.103
Fra:1 Mem:533.14M (Peak 533.14M) | Time:00:00.77 | Mem:0.00M, Peak:0.00M | Scene, ViewLayer | Synchronizing object | Parked berth support chain link.104
Fra:1 Mem:533.19M (Peak 533.19M) | Time:00:00.77 | Mem:0.00M, Peak:0.00M | Scene, ViewLayer | Synchronizing object | Parked berth support chain link.105
Fra:1 Mem:533.19M (Peak 533.19M) | Time:00:00.77 | Mem:0.00M, Peak:0.00M | Scene, ViewLayer | Synchronizing object | Extinguisher mounting strap.002
Fra:1 Mem:533.21M (Peak 533.21M) | Time:00:00.77 | Mem:0.00M, Peak:0.00M | Scene, ViewLayer | Synchronizing object | Berth individual moulded control plate.005
Fra:1 Mem:533.30M (Peak 533.30M) | Time:00:00.77 | Mem:0.00M, Peak:0.00M | Scene, ViewLayer | Synchronizing object | Berth toggle switch.010
Fra:1 Mem:533.30M (Peak 533.30M) | Time:00:00.77 | Mem:0.00M, Peak:0.00M | Scene, ViewLayer | Synchronizing object | Berth toggle switch.011
Fra:1 Mem:533.31M (Peak 533.31M) | Time:00:00.77 | Mem:0.00M, Peak:0.00M | Scene, ViewLayer | Synchronizing object | Bay coat hook.002
Fra:1 Mem:533.32M (Peak 533.32M) | Time:00:00.77 | Mem:0.00M, Peak:0.00M | Scene, ViewLayer | Synchronizing object | Window table wall hinge.002
Fra:1 Mem:533.33M (Peak 533.33M) | Time:00:00.77 | Mem:0.00M, Peak:0.00M | Scene, ViewLayer | Synchronizing object | Bottle holder rolled hoop.012
Fra:1 Mem:533.35M (Peak 533.35M) | Time:00:00.77 | Mem:0.00M, Peak:0.00M | Scene, ViewLayer | Synchronizing object | Bottle holder rolled hoop.013
Fra:1 Mem:533.35M (Peak 533.35M) | Time:00:00.77 | Mem:0.00M, Peak:0.00M | Scene, ViewLayer | Synchronizing object | Extinguisher black hose.001
Fra:1 Mem:533.38M (Peak 533.38M) | Time:00:00.77 | Mem:0.00M, Peak:0.00M | Scene, ViewLayer | Synchronizing object | Bottle holder wire upright.024
Fra:1 Mem:533.40M (Peak 533.40M) | Time:00:00.77 | Mem:0.00M, Peak:0.00M | Scene, ViewLayer | Synchronizing object | Extinguisher squeeze handle.001
Fra:1 Mem:533.41M (Peak 533.41M) | Time:00:00.77 | Mem:0.00M, Peak:0.00M | Scene, ViewLayer | Synchronizing object | Bottle holder wire upright.025
Fra:1 Mem:533.43M (Peak 533.43M) | Time:00:00.77 | Mem:0.00M, Peak:0.00M | Scene, ViewLayer | Synchronizing object | Bottle holder wire upright.026
Fra:1 Mem:533.42M (Peak 533.43M) | Time:00:00.77 | Mem:0.00M, Peak:0.00M | Scene, ViewLayer | Synchronizing object | Bottle holder wire upright.027
Fra:1 Mem:533.42M (Peak 533.43M) | Time:00:00.77 | Mem:0.00M, Peak:0.00M | Scene, ViewLayer | Synchronizing object | Extinguisher valve neck.001
Fra:1 Mem:533.42M (Peak 533.43M) | Time:00:00.77 | Mem:0.00M, Peak:0.00M | Scene, ViewLayer | Synchronizing object | Bottle basket bottom wire.013
Fra:1 Mem:533.42M (Peak 533.43M) | Time:00:00.77 | Mem:0.00M, Peak:0.00M | Scene, ViewLayer | Synchronizing object | Bottle holder wall mounting plate.006
Fra:1 Mem:533.43M (Peak 533.43M) | Time:00:00.77 | Mem:0.00M, Peak:0.00M | Scene, ViewLayer | Synchronizing object | Bottle basket wall standoff.012
Fra:1 Mem:533.43M (Peak 533.43M) | Time:00:00.77 | Mem:0.00M, Peak:0.00M | Scene, ViewLayer | Synchronizing object | Vestibule fire extinguisher steel bottle.001
Fra:1 Mem:533.44M (Peak 533.44M) | Time:00:00.77 | Mem:0.00M, Peak:0.00M | Scene, ViewLayer | Synchronizing object | Bottle holder fixing screw.012
Fra:1 Mem:533.44M (Peak 533.44M) | Time:00:00.77 | Mem:0.00M, Peak:0.00M | Scene, ViewLayer | Synchronizing object | Bottle basket wall standoff.013
Fra:1 Mem:533.45M (Peak 533.45M) | Time:00:00.77 | Mem:0.00M, Peak:0.00M | Scene, ViewLayer | Synchronizing object | Bottle holder fixing screw.013
Fra:1 Mem:533.45M (Peak 533.45M) | Time:00:00.77 | Mem:0.00M, Peak:0.00M | Scene, ViewLayer | Synchronizing object | Extinguisher steel mounting backplate.001
Fra:1 Mem:533.45M (Peak 533.45M) | Time:00:00.77 | Mem:0.00M, Peak:0.00M | Scene, ViewLayer | Synchronizing object | Bottle holder rolled hoop.014
Fra:1 Mem:533.46M (Peak 533.46M) | Time:00:00.77 | Mem:0.00M, Peak:0.00M | Scene, ViewLayer | Synchronizing object | Bottle holder rolled hoop.015
Fra:1 Mem:533.48M (Peak 533.48M) | Time:00:00.77 | Mem:0.00M, Peak:0.00M | Scene, ViewLayer | Synchronizing object | Extinguisher fine print line.004
Fra:1 Mem:533.49M (Peak 533.49M) | Time:00:00.77 | Mem:0.00M, Peak:0.00M | Scene, ViewLayer | Synchronizing object | Bottle holder wire upright.029
Fra:1 Mem:533.51M (Peak 533.51M) | Time:00:00.77 | Mem:0.00M, Peak:0.00M | Scene, ViewLayer | Synchronizing object | Extinguisher fine print line.003
Fra:1 Mem:533.52M (Peak 533.52M) | Time:00:00.77 | Mem:0.00M, Peak:0.00M | Scene, ViewLayer | Synchronizing object | Bottle holder wire upright.030
Fra:1 Mem:533.52M (Peak 533.52M) | Time:00:00.77 | Mem:0.00M, Peak:0.00M | Scene, ViewLayer | Synchronizing object | Bottle holder wire upright.031
Fra:1 Mem:533.52M (Peak 533.52M) | Time:00:00.77 | Mem:0.00M, Peak:0.00M | Scene, ViewLayer | Synchronizing object | Bottle basket bottom wire.014
Fra:1 Mem:533.54M (Peak 533.54M) | Time:00:00.77 | Mem:0.00M, Peak:0.00M | Scene, ViewLayer | Synchronizing object | Bottle basket bottom wire.015
Fra:1 Mem:533.53M (Peak 533.54M) | Time:00:00.77 | Mem:0.00M, Peak:0.00M | Scene, ViewLayer | Synchronizing object | Bottle basket wall standoff.014
Fra:1 Mem:533.54M (Peak 533.54M) | Time:00:00.77 | Mem:0.00M, Peak:0.00M | Scene, ViewLayer | Synchronizing object | Bottle holder fixing screw.014
Fra:1 Mem:533.54M (Peak 533.54M) | Time:00:00.77 | Mem:0.00M, Peak:0.00M | Scene, ViewLayer | Synchronizing object | Extinguisher fine print line
Fra:1 Mem:533.54M (Peak 533.54M) | Time:00:00.77 | Mem:0.00M, Peak:0.00M | Scene, ViewLayer | Synchronizing object | Extinguisher instruction label
Fra:1 Mem:533.54M (Peak 533.54M) | Time:00:00.77 | Mem:0.00M, Peak:0.00M | Scene, ViewLayer | Synchronizing object | Bottle basket wall standoff.015
Fra:1 Mem:533.55M (Peak 533.55M) | Time:00:00.77 | Mem:0.00M, Peak:0.00M | Scene, ViewLayer | Synchronizing object | Bottle holder fixing screw.015
Fra:1 Mem:533.56M (Peak 533.56M) | Time:00:00.77 | Mem:0.00M, Peak:0.00M | Scene, ViewLayer | Synchronizing object | Extinguisher mounting strap.001
Fra:1 Mem:533.56M (Peak 533.56M) | Time:00:00.77 | Mem:0.00M, Peak:0.00M | Scene, ViewLayer | Synchronizing object | Upper berth guard mesh horizontal.031
Fra:1 Mem:533.57M (Peak 533.57M) | Time:00:00.77 | Mem:0.00M, Peak:0.00M | Scene, ViewLayer | Synchronizing object | Upper berth guard mesh horizontal.032
Fra:1 Mem:533.60M (Peak 533.60M) | Time:00:00.77 | Mem:0.00M, Peak:0.00M | Scene, ViewLayer | Synchronizing object | Upper berth guard mesh horizontal.033
Fra:1 Mem:533.62M (Peak 533.62M) | Time:00:00.77 | Mem:0.00M, Peak:0.00M | Scene, ViewLayer | Synchronizing object | Upper berth safety rail.018
Fra:1 Mem:533.63M (Peak 533.63M) | Time:00:00.77 | Mem:0.00M, Peak:0.00M | Scene, ViewLayer | Synchronizing object | Upper berth safety rail.019
Fra:1 Mem:533.63M (Peak 533.63M) | Time:00:00.77 | Mem:0.00M, Peak:0.00M | Scene, ViewLayer | Synchronizing object | Upper berth safety rail.020
Fra:1 Mem:533.63M (Peak 533.63M) | Time:00:00.77 | Mem:0.00M, Peak:0.00M | Scene, ViewLayer | Synchronizing object | Middle berth retention latch.012
Fra:1 Mem:533.65M (Peak 533.65M) | Time:00:00.77 | Mem:0.00M, Peak:0.00M | Scene, ViewLayer | Synchronizing object | Parked berth support chain link.108
Fra:1 Mem:533.66M (Peak 533.66M) | Time:00:00.77 | Mem:0.00M, Peak:0.00M | Scene, ViewLayer | Synchronizing object | Parked berth support chain link.109
Fra:1 Mem:533.67M (Peak 533.67M) | Time:00:00.77 | Mem:0.00M, Peak:0.00M | Scene, ViewLayer | Synchronizing object | Parked berth support chain link.110
Fra:1 Mem:533.69M (Peak 533.69M) | Time:00:00.77 | Mem:0.00M, Peak:0.00M | Scene, ViewLayer | Synchronizing object | Extinguisher mounting strap
Fra:1 Mem:533.72M (Peak 533.72M) | Time:00:00.77 | Mem:0.00M, Peak:0.00M | Scene, ViewLayer | Synchronizing object | Parked berth support chain link.111
Fra:1 Mem:533.74M (Peak 533.74M) | Time:00:00.77 | Mem:0.00M, Peak:0.00M | Scene, ViewLayer | Synchronizing object | Parked berth support chain link.112
Fra:1 Mem:533.78M (Peak 533.78M) | Time:00:00.77 | Mem:0.00M, Peak:0.00M | Scene, ViewLayer | Synchronizing object | Parked berth support chain link.113
Fra:1 Mem:533.82M (Peak 533.82M) | Time:00:00.77 | Mem:0.00M, Peak:0.00M | Scene, ViewLayer | Synchronizing object | Parked berth support chain link.114
Fra:1 Mem:533.82M (Peak 533.82M) | Time:00:00.77 | Mem:0.00M, Peak:0.00M | Scene, ViewLayer | Synchronizing object | Parked berth support chain link.115
Fra:1 Mem:533.85M (Peak 533.85M) | Time:00:00.77 | Mem:0.00M, Peak:0.00M | Scene, ViewLayer | Synchronizing object | Extinguisher black hose
Fra:1 Mem:533.87M (Peak 533.87M) | Time:00:00.77 | Mem:0.00M, Peak:0.00M | Scene, ViewLayer | Synchronizing object | Parked berth support chain link.116
Fra:1 Mem:533.87M (Peak 533.87M) | Time:00:00.77 | Mem:0.00M, Peak:0.00M | Scene, ViewLayer | Synchronizing object | Extinguisher squeeze handle
Fra:1 Mem:533.87M (Peak 533.87M) | Time:00:00.77 | Mem:0.00M, Peak:0.00M | Scene, ViewLayer | Synchronizing object | Middle berth folding hinge axle.013
Fra:1 Mem:533.90M (Peak 533.90M) | Time:00:00.77 | Mem:0.00M, Peak:0.00M | Scene, ViewLayer | Synchronizing object | Extinguisher valve neck
Fra:1 Mem:533.90M (Peak 533.90M) | Time:00:00.77 | Mem:0.00M, Peak:0.00M | Scene, ViewLayer | Synchronizing object | Middle berth retention latch.013
Fra:1 Mem:533.91M (Peak 533.91M) | Time:00:00.77 | Mem:0.00M, Peak:0.00M | Scene, ViewLayer | Synchronizing object | Parked berth support chain link.117
Fra:1 Mem:533.91M (Peak 533.91M) | Time:00:00.77 | Mem:0.00M, Peak:0.00M | Scene, ViewLayer | Synchronizing object | Vestibule fire extinguisher steel bottle
Fra:1 Mem:533.94M (Peak 533.94M) | Time:00:00.77 | Mem:0.00M, Peak:0.00M | Scene, ViewLayer | Synchronizing object | Parked berth support chain link.119
Fra:1 Mem:533.97M (Peak 533.97M) | Time:00:00.77 | Mem:0.00M, Peak:0.00M | Scene, ViewLayer | Synchronizing object | Extinguisher steel mounting backplate
Fra:1 Mem:533.99M (Peak 533.99M) | Time:00:00.77 | Mem:0.00M, Peak:0.00M | Scene, ViewLayer | Synchronizing object | Window table wall hinge.007
Fra:1 Mem:533.99M (Peak 533.99M) | Time:00:00.77 | Mem:0.00M, Peak:0.00M | Scene, ViewLayer | Synchronizing object | Parked berth support chain link.120
Fra:1 Mem:534.00M (Peak 534.00M) | Time:00:00.77 | Mem:0.00M, Peak:0.00M | Scene, ViewLayer | Synchronizing object | Parked berth support chain link.122
Fra:1 Mem:534.01M (Peak 534.01M) | Time:00:00.77 | Mem:0.00M, Peak:0.00M | Scene, ViewLayer | Synchronizing object | Bay coat hook.007
Fra:1 Mem:534.05M (Peak 534.05M) | Time:00:00.77 | Mem:0.00M, Peak:0.00M | Scene, ViewLayer | Synchronizing object | Berth toggle switch.031
Fra:1 Mem:534.05M (Peak 534.05M) | Time:00:00.77 | Mem:0.00M, Peak:0.00M | Scene, ViewLayer | Synchronizing object | Parked berth support chain link.123
Fra:1 Mem:534.07M (Peak 534.07M) | Time:00:00.77 | Mem:0.00M, Peak:0.00M | Scene, ViewLayer | Synchronizing object | Parked berth support chain link.124
Fra:1 Mem:534.08M (Peak 534.08M) | Time:00:00.77 | Mem:0.00M, Peak:0.00M | Scene, ViewLayer | Synchronizing object | Parked berth support chain link.125
Fra:1 Mem:534.09M (Peak 534.09M) | Time:00:00.77 | Mem:0.00M, Peak:0.00M | Scene, ViewLayer | Synchronizing object | Berth toggle switch.030
Fra:1 Mem:534.13M (Peak 534.13M) | Time:00:00.77 | Mem:0.00M, Peak:0.00M | Scene, ViewLayer | Synchronizing object | Berth individual moulded control plate.006
Fra:1 Mem:534.13M (Peak 534.13M) | Time:00:00.77 | Mem:0.00M, Peak:0.00M | Scene, ViewLayer | Synchronizing object | Berth toggle switch.012
Fra:1 Mem:534.14M (Peak 534.14M) | Time:00:00.77 | Mem:0.00M, Peak:0.00M | Scene, ViewLayer | Synchronizing object | Berth toggle switch.013
Fra:1 Mem:534.15M (Peak 534.15M) | Time:00:00.77 | Mem:0.00M, Peak:0.00M | Scene, ViewLayer | Synchronizing object | Upper berth guard mesh horizontal.035
Fra:1 Mem:534.16M (Peak 534.16M) | Time:00:00.77 | Mem:0.00M, Peak:0.00M | Scene, ViewLayer | Synchronizing object | Upper berth guard mesh horizontal.036
Fra:1 Mem:534.17M (Peak 534.17M) | Time:00:00.77 | Mem:0.00M, Peak:0.00M | Scene, ViewLayer | Synchronizing object | Upper berth guard mesh horizontal.037
Fra:1 Mem:534.17M (Peak 534.17M) | Time:00:00.77 | Mem:0.00M, Peak:0.00M | Scene, ViewLayer | Synchronizing object | Upper berth guard mesh horizontal.038
Fra:1 Mem:534.17M (Peak 534.17M) | Time:00:00.77 | Mem:0.00M, Peak:0.00M | Scene, ViewLayer | Synchronizing object | Parked berth support chain link.287
Fra:1 Mem:534.17M (Peak 534.17M) | Time:00:00.77 | Mem:0.00M, Peak:0.00M | Scene, ViewLayer | Synchronizing object | Upper berth guard mesh horizontal.039
Fra:1 Mem:534.18M (Peak 534.18M) | Time:00:00.77 | Mem:0.00M, Peak:0.00M | Scene, ViewLayer | Synchronizing object | Upper berth safety rail.021
Fra:1 Mem:534.19M (Peak 534.19M) | Time:00:00.77 | Mem:0.00M, Peak:0.00M | Scene, ViewLayer | Synchronizing object | Upper berth safety rail.022
Fra:1 Mem:534.21M (Peak 534.21M) | Time:00:00.77 | Mem:0.00M, Peak:0.00M | Scene, ViewLayer | Synchronizing object | Upper berth safety rail.023
Fra:1 Mem:534.20M (Peak 534.21M) | Time:00:00.77 | Mem:0.00M, Peak:0.00M | Scene, ViewLayer | Synchronizing object | Middle berth retention latch.014
Fra:1 Mem:534.21M (Peak 534.21M) | Time:00:00.77 | Mem:0.00M, Peak:0.00M | Scene, ViewLayer | Synchronizing object | Parked berth support chain link.286
Fra:1 Mem:534.23M (Peak 534.23M) | Time:00:00.77 | Mem:0.00M, Peak:0.00M | Scene, ViewLayer | Synchronizing object | Parked berth support chain link.126
Fra:1 Mem:534.23M (Peak 534.23M) | Time:00:00.77 | Mem:0.00M, Peak:0.00M | Scene, ViewLayer | Synchronizing object | Parked berth support chain link.128
Fra:1 Mem:534.29M (Peak 534.29M) | Time:00:00.77 | Mem:0.00M, Peak:0.00M | Scene, ViewLayer | Synchronizing object | Parked berth support chain link.285
Fra:1 Mem:534.31M (Peak 534.31M) | Time:00:00.77 | Mem:0.00M, Peak:0.00M | Scene, ViewLayer | Synchronizing object | Parked berth support chain link.129
Fra:1 Mem:534.31M (Peak 534.31M) | Time:00:00.77 | Mem:0.00M, Peak:0.00M | Scene, ViewLayer | Synchronizing object | Parked berth support chain link.130
Fra:1 Mem:534.33M (Peak 534.33M) | Time:00:00.77 | Mem:0.00M, Peak:0.00M | Scene, ViewLayer | Synchronizing object | Parked berth support chain link.131
Fra:1 Mem:534.35M (Peak 534.35M) | Time:00:00.77 | Mem:0.00M, Peak:0.00M | Scene, ViewLayer | Synchronizing object | Parked berth support chain link.284
Fra:1 Mem:534.38M (Peak 534.38M) | Time:00:00.77 | Mem:0.00M, Peak:0.00M | Scene, ViewLayer | Synchronizing object | Parked berth support chain link.132
Fra:1 Mem:534.38M (Peak 534.38M) | Time:00:00.77 | Mem:0.00M, Peak:0.00M | Scene, ViewLayer | Synchronizing object | Parked berth support chain link.133
Fra:1 Mem:534.42M (Peak 534.42M) | Time:00:00.77 | Mem:0.00M, Peak:0.00M | Scene, ViewLayer | Synchronizing object | Parked berth support chain link.134
Fra:1 Mem:534.43M (Peak 534.43M) | Time:00:00.77 | Mem:0.00M, Peak:0.00M | Scene, ViewLayer | Synchronizing object | Parked berth support chain link.283
Fra:1 Mem:534.43M (Peak 534.43M) | Time:00:00.77 | Mem:0.00M, Peak:0.00M | Scene, ViewLayer | Synchronizing object | Middle berth folding hinge axle.015
Fra:1 Mem:534.46M (Peak 534.46M) | Time:00:00.77 | Mem:0.00M, Peak:0.00M | Scene, ViewLayer | Synchronizing object | Middle berth retention latch.015
Fra:1 Mem:534.47M (Peak 534.47M) | Time:00:00.77 | Mem:0.00M, Peak:0.00M | Scene, ViewLayer | Synchronizing object | Parked berth support chain link.135
Fra:1 Mem:534.48M (Peak 534.48M) | Time:00:00.77 | Mem:0.00M, Peak:0.00M | Scene, ViewLayer | Synchronizing object | Parked berth support chain link.136
Fra:1 Mem:534.50M (Peak 534.50M) | Time:00:00.77 | Mem:0.00M, Peak:0.00M | Scene, ViewLayer | Synchronizing object | Parked berth support chain link.137
Fra:1 Mem:534.51M (Peak 534.51M) | Time:00:00.77 | Mem:0.00M, Peak:0.00M | Scene, ViewLayer | Synchronizing object | Parked berth support chain link.282
Fra:1 Mem:534.55M (Peak 534.55M) | Time:00:00.77 | Mem:0.00M, Peak:0.00M | Scene, ViewLayer | Synchronizing object | Parked berth support chain link.138
Fra:1 Mem:534.57M (Peak 534.57M) | Time:00:00.77 | Mem:0.00M, Peak:0.00M | Scene, ViewLayer | Synchronizing object | Parked berth support chain link.139
Fra:1 Mem:534.58M (Peak 534.58M) | Time:00:00.77 | Mem:0.00M, Peak:0.00M | Scene, ViewLayer | Synchronizing object | Parked berth support chain link.140
Fra:1 Mem:534.60M (Peak 534.60M) | Time:00:00.77 | Mem:0.00M, Peak:0.00M | Scene, ViewLayer | Synchronizing object | Parked berth support chain link.281
Fra:1 Mem:534.62M (Peak 534.62M) | Time:00:00.77 | Mem:0.00M, Peak:0.00M | Scene, ViewLayer | Synchronizing object | Parked berth support chain link.141
Fra:1 Mem:534.63M (Peak 534.63M) | Time:00:00.77 | Mem:0.00M, Peak:0.00M | Scene, ViewLayer | Synchronizing object | Parked berth support chain link.142
Fra:1 Mem:534.67M (Peak 534.67M) | Time:00:00.77 | Mem:0.00M, Peak:0.00M | Scene, ViewLayer | Synchronizing object | Parked berth support chain link.143
Fra:1 Mem:534.68M (Peak 534.68M) | Time:00:00.77 | Mem:0.00M, Peak:0.00M | Scene, ViewLayer | Synchronizing object | Parked berth support chain link.280
Fra:1 Mem:534.69M (Peak 534.69M) | Time:00:00.77 | Mem:0.00M, Peak:0.00M | Scene, ViewLayer | Synchronizing object | Berth individual moulded control plate.007
Fra:1 Mem:534.72M (Peak 534.72M) | Time:00:00.77 | Mem:0.00M, Peak:0.00M | Scene, ViewLayer | Synchronizing object | Berth toggle switch.014
Fra:1 Mem:534.73M (Peak 534.73M) | Time:00:00.77 | Mem:0.00M, Peak:0.00M | Scene, ViewLayer | Synchronizing object | Berth toggle switch.015
Fra:1 Mem:534.73M (Peak 534.73M) | Time:00:00.77 | Mem:0.00M, Peak:0.00M | Scene, ViewLayer | Synchronizing object | Parked berth support chain link.279
Fra:1 Mem:534.75M (Peak 534.75M) | Time:00:00.77 | Mem:0.00M, Peak:0.00M | Scene, ViewLayer | Synchronizing object | Bay coat hook.003
Fra:1 Mem:534.76M (Peak 534.76M) | Time:00:00.77 | Mem:0.00M, Peak:0.00M | Scene, ViewLayer | Synchronizing object | Window table wall hinge.003
Fra:1 Mem:534.76M (Peak 534.76M) | Time:00:00.77 | Mem:0.00M, Peak:0.00M | Scene, ViewLayer | Synchronizing object | Bottle holder rolled hoop.016
Fra:1 Mem:534.78M (Peak 534.78M) | Time:00:00.77 | Mem:0.00M, Peak:0.00M | Scene, ViewLayer | Synchronizing object | Middle berth retention latch.031
Fra:1 Mem:534.80M (Peak 534.80M) | Time:00:00.77 | Mem:0.00M, Peak:0.00M | Scene, ViewLayer | Synchronizing object | Bottle holder rolled hoop.017
Fra:1 Mem:534.82M (Peak 534.82M) | Time:00:00.77 | Mem:0.00M, Peak:0.00M | Scene, ViewLayer | Synchronizing object | Middle berth folding hinge axle.031
Fra:1 Mem:534.84M (Peak 534.84M) | Time:00:00.77 | Mem:0.00M, Peak:0.00M | Scene, ViewLayer | Synchronizing object | Parked berth support chain link.278
Fra:1 Mem:534.84M (Peak 534.84M) | Time:00:00.77 | Mem:0.00M, Peak:0.00M | Scene, ViewLayer | Synchronizing object | Bottle holder wire upright.032
Fra:1 Mem:534.86M (Peak 534.86M) | Time:00:00.77 | Mem:0.00M, Peak:0.00M | Scene, ViewLayer | Synchronizing object | Bottle holder wire upright.033
Fra:1 Mem:534.87M (Peak 534.87M) | Time:00:00.77 | Mem:0.00M, Peak:0.00M | Scene, ViewLayer | Synchronizing object | Parked berth support chain link.277
Fra:1 Mem:534.87M (Peak 534.87M) | Time:00:00.77 | Mem:0.00M, Peak:0.00M | Scene, ViewLayer | Synchronizing object | Bottle holder wire upright.035
Fra:1 Mem:534.89M (Peak 534.89M) | Time:00:00.77 | Mem:0.00M, Peak:0.00M | Scene, ViewLayer | Synchronizing object | Bottle basket bottom wire.016
Fra:1 Mem:534.89M (Peak 534.89M) | Time:00:00.77 | Mem:0.00M, Peak:0.00M | Scene, ViewLayer | Synchronizing object | Bottle basket bottom wire.017
Fra:1 Mem:534.89M (Peak 534.89M) | Time:00:00.77 | Mem:0.00M, Peak:0.00M | Scene, ViewLayer | Synchronizing object | Parked berth support chain link.276
Fra:1 Mem:534.90M (Peak 534.90M) | Time:00:00.77 | Mem:0.00M, Peak:0.00M | Scene, ViewLayer | Synchronizing object | Bottle holder wall mounting plate.008
Fra:1 Mem:534.91M (Peak 534.91M) | Time:00:00.77 | Mem:0.00M, Peak:0.00M | Scene, ViewLayer | Synchronizing object | Bottle basket wall standoff.016
Fra:1 Mem:534.92M (Peak 534.92M) | Time:00:00.77 | Mem:0.00M, Peak:0.00M | Scene, ViewLayer | Synchronizing object | Bottle holder fixing screw.016
Fra:1 Mem:534.92M (Peak 534.92M) | Time:00:00.77 | Mem:0.00M, Peak:0.00M | Scene, ViewLayer | Synchronizing object | Parked berth support chain link.275
Fra:1 Mem:534.92M (Peak 534.92M) | Time:00:00.77 | Mem:0.00M, Peak:0.00M | Scene, ViewLayer | Synchronizing object | Bottle holder fixing screw.017
Fra:1 Mem:534.95M (Peak 534.95M) | Time:00:00.77 | Mem:0.00M, Peak:0.00M | Scene, ViewLayer | Synchronizing object | Bottle holder rolled hoop.018
Fra:1 Mem:534.95M (Peak 534.95M) | Time:00:00.77 | Mem:0.00M, Peak:0.00M | Scene, ViewLayer | Synchronizing object | Bottle holder rolled hoop.019
Fra:1 Mem:534.98M (Peak 534.98M) | Time:00:00.77 | Mem:0.00M, Peak:0.00M | Scene, ViewLayer | Synchronizing object | Parked berth support chain link.274
Fra:1 Mem:535.00M (Peak 535.00M) | Time:00:00.77 | Mem:0.00M, Peak:0.00M | Scene, ViewLayer | Synchronizing object | Bottle holder wire upright.036
Fra:1 Mem:535.02M (Peak 535.02M) | Time:00:00.77 | Mem:0.00M, Peak:0.00M | Scene, ViewLayer | Synchronizing object | Bottle holder wire upright.037
Fra:1 Mem:535.03M (Peak 535.03M) | Time:00:00.77 | Mem:0.00M, Peak:0.00M | Scene, ViewLayer | Synchronizing object | Bottle holder wire upright.039
Fra:1 Mem:535.03M (Peak 535.03M) | Time:00:00.77 | Mem:0.00M, Peak:0.00M | Scene, ViewLayer | Synchronizing object | Bottle basket bottom wire.018
Fra:1 Mem:535.03M (Peak 535.03M) | Time:00:00.77 | Mem:0.00M, Peak:0.00M | Scene, ViewLayer | Synchronizing object | Bottle basket bottom wire.019
Fra:1 Mem:535.04M (Peak 535.04M) | Time:00:00.77 | Mem:0.00M, Peak:0.00M | Scene, ViewLayer | Synchronizing object | Bottle holder wall mounting plate.009
Fra:1 Mem:535.05M (Peak 535.05M) | Time:00:00.77 | Mem:0.00M, Peak:0.00M | Scene, ViewLayer | Synchronizing object | Bottle basket wall standoff.018
Fra:1 Mem:535.07M (Peak 535.07M) | Time:00:00.77 | Mem:0.00M, Peak:0.00M | Scene, ViewLayer | Synchronizing object | Bottle holder fixing screw.018
Fra:1 Mem:535.07M (Peak 535.07M) | Time:00:00.77 | Mem:0.00M, Peak:0.00M | Scene, ViewLayer | Synchronizing object | Bottle holder fixing screw.019
Fra:1 Mem:535.07M (Peak 535.07M) | Time:00:00.77 | Mem:0.00M, Peak:0.00M | Scene, ViewLayer | Synchronizing object | Parked berth support chain link.272
Fra:1 Mem:535.09M (Peak 535.09M) | Time:00:00.77 | Mem:0.00M, Peak:0.00M | Scene, ViewLayer | Synchronizing object | Upper berth guard mesh horizontal.041
Fra:1 Mem:535.10M (Peak 535.10M) | Time:00:00.77 | Mem:0.00M, Peak:0.00M | Scene, ViewLayer | Synchronizing object | Upper berth guard mesh horizontal.042
Fra:1 Mem:535.10M (Peak 535.10M) | Time:00:00.77 | Mem:0.00M, Peak:0.00M | Scene, ViewLayer | Synchronizing object | Upper berth guard mesh horizontal.044
Fra:1 Mem:535.10M (Peak 535.10M) | Time:00:00.77 | Mem:0.00M, Peak:0.00M | Scene, ViewLayer | Synchronizing object | Parked berth support chain link.271
Fra:1 Mem:535.10M (Peak 535.10M) | Time:00:00.77 | Mem:0.00M, Peak:0.00M | Scene, ViewLayer | Synchronizing object | Upper berth safety rail.024
Fra:1 Mem:535.12M (Peak 535.12M) | Time:00:00.77 | Mem:0.00M, Peak:0.00M | Scene, ViewLayer | Synchronizing object | Upper berth safety rail.025
Fra:1 Mem:535.13M (Peak 535.13M) | Time:00:00.77 | Mem:0.00M, Peak:0.00M | Scene, ViewLayer | Synchronizing object | Upper berth safety rail.026
Fra:1 Mem:535.13M (Peak 535.13M) | Time:00:00.77 | Mem:0.00M, Peak:0.00M | Scene, ViewLayer | Synchronizing object | Middle berth folding hinge axle.016
Fra:1 Mem:535.14M (Peak 535.14M) | Time:00:00.77 | Mem:0.00M, Peak:0.00M | Scene, ViewLayer | Synchronizing object | Middle berth retention latch.016
Fra:1 Mem:535.14M (Peak 535.14M) | Time:00:00.77 | Mem:0.00M, Peak:0.00M | Scene, ViewLayer | Synchronizing object | Parked berth support chain link.144
Fra:1 Mem:535.14M (Peak 535.14M) | Time:00:00.77 | Mem:0.00M, Peak:0.00M | Scene, ViewLayer | Synchronizing object | Parked berth support chain link.145
Fra:1 Mem:535.16M (Peak 535.16M) | Time:00:00.77 | Mem:0.00M, Peak:0.00M | Scene, ViewLayer | Synchronizing object | Parked berth support chain link.146
Fra:1 Mem:535.22M (Peak 535.22M) | Time:00:00.77 | Mem:0.00M, Peak:0.00M | Scene, ViewLayer | Synchronizing object | Parked berth support chain link.147
Fra:1 Mem:535.23M (Peak 535.23M) | Time:00:00.77 | Mem:0.00M, Peak:0.00M | Scene, ViewLayer | Synchronizing object | Middle berth retention latch.030
Fra:1 Mem:535.23M (Peak 535.23M) | Time:00:00.77 | Mem:0.00M, Peak:0.00M | Scene, ViewLayer | Synchronizing object | Parked berth support chain link.149
Fra:1 Mem:535.29M (Peak 535.29M) | Time:00:00.77 | Mem:0.00M, Peak:0.00M | Scene, ViewLayer | Synchronizing object | Middle berth folding hinge axle.030
Fra:1 Mem:535.29M (Peak 535.29M) | Time:00:00.77 | Mem:0.00M, Peak:0.00M | Scene, ViewLayer | Synchronizing object | Parked berth support chain link.150
Fra:1 Mem:535.29M (Peak 535.29M) | Time:00:00.77 | Mem:0.00M, Peak:0.00M | Scene, ViewLayer | Synchronizing object | Parked berth support chain link.151
Fra:1 Mem:535.31M (Peak 535.31M) | Time:00:00.77 | Mem:0.00M, Peak:0.00M | Scene, ViewLayer | Synchronizing object | Upper berth safety rail.047
Fra:1 Mem:535.33M (Peak 535.33M) | Time:00:00.77 | Mem:0.00M, Peak:0.00M | Scene, ViewLayer | Synchronizing object | Parked berth support chain link.152
Fra:1 Mem:535.35M (Peak 535.35M) | Time:00:00.77 | Mem:0.00M, Peak:0.00M | Scene, ViewLayer | Synchronizing object | Upper berth safety rail.046
Fra:1 Mem:535.35M (Peak 535.35M) | Time:00:00.77 | Mem:0.00M, Peak:0.00M | Scene, ViewLayer | Synchronizing object | Middle berth retention latch.017
Fra:1 Mem:535.37M (Peak 535.37M) | Time:00:00.77 | Mem:0.00M, Peak:0.00M | Scene, ViewLayer | Synchronizing object | Upper berth safety rail.045
Fra:1 Mem:535.37M (Peak 535.37M) | Time:00:00.77 | Mem:0.00M, Peak:0.00M | Scene, ViewLayer | Synchronizing object | Parked berth support chain link.153
Fra:1 Mem:535.39M (Peak 535.39M) | Time:00:00.77 | Mem:0.00M, Peak:0.00M | Scene, ViewLayer | Synchronizing object | Parked berth support chain link.154
Fra:1 Mem:535.39M (Peak 535.39M) | Time:00:00.77 | Mem:0.00M, Peak:0.00M | Scene, ViewLayer | Synchronizing object | Upper berth guard mesh horizontal.079
Fra:1 Mem:535.43M (Peak 535.43M) | Time:00:00.77 | Mem:0.00M, Peak:0.00M | Scene, ViewLayer | Synchronizing object | Upper berth guard mesh horizontal.078
Fra:1 Mem:535.45M (Peak 535.45M) | Time:00:00.77 | Mem:0.00M, Peak:0.00M | Scene, ViewLayer | Synchronizing object | Parked berth support chain link.157
Fra:1 Mem:535.46M (Peak 535.46M) | Time:00:00.77 | Mem:0.00M, Peak:0.00M | Scene, ViewLayer | Synchronizing object | Parked berth support chain link.158
Fra:1 Mem:535.47M (Peak 535.47M) | Time:00:00.77 | Mem:0.00M, Peak:0.00M | Scene, ViewLayer | Synchronizing object | Parked berth support chain link.159
Fra:1 Mem:535.49M (Peak 535.49M) | Time:00:00.77 | Mem:0.00M, Peak:0.00M | Scene, ViewLayer | Synchronizing object | Parked berth support chain link.160
Fra:1 Mem:535.50M (Peak 535.50M) | Time:00:00.77 | Mem:0.00M, Peak:0.00M | Scene, ViewLayer | Synchronizing object | Upper berth guard mesh horizontal.076
Fra:1 Mem:535.52M (Peak 535.52M) | Time:00:00.77 | Mem:0.00M, Peak:0.00M | Scene, ViewLayer | Synchronizing object | Upper berth guard mesh horizontal.075
Fra:1 Mem:535.52M (Peak 535.52M) | Time:00:00.77 | Mem:0.00M, Peak:0.00M | Scene, ViewLayer | Synchronizing object | Parked berth support chain link.161
Fra:1 Mem:535.52M (Peak 535.52M) | Time:00:00.77 | Mem:0.00M, Peak:0.00M | Scene, ViewLayer | Synchronizing object | Berth toggle switch.029
Fra:1 Mem:535.53M (Peak 535.53M) | Time:00:00.77 | Mem:0.00M, Peak:0.00M | Scene, ViewLayer | Synchronizing object | Berth individual moulded control plate.008
Fra:1 Mem:535.57M (Peak 535.57M) | Time:00:00.77 | Mem:0.00M, Peak:0.00M | Scene, ViewLayer | Synchronizing object | Berth toggle switch.028
Fra:1 Mem:535.57M (Peak 535.57M) | Time:00:00.77 | Mem:0.00M, Peak:0.00M | Scene, ViewLayer | Synchronizing object | Berth toggle switch.017
Fra:1 Mem:535.59M (Peak 535.59M) | Time:00:00.77 | Mem:0.00M, Peak:0.00M | Scene, ViewLayer | Synchronizing object | Berth individual moulded control plate.014
Fra:1 Mem:535.60M (Peak 535.60M) | Time:00:00.77 | Mem:0.00M, Peak:0.00M | Scene, ViewLayer | Synchronizing object | Upper berth guard mesh horizontal.045
Fra:1 Mem:535.61M (Peak 535.61M) | Time:00:00.77 | Mem:0.00M, Peak:0.00M | Scene, ViewLayer | Synchronizing object | Upper berth guard mesh horizontal.047
Fra:1 Mem:535.61M (Peak 535.61M) | Time:00:00.77 | Mem:0.00M, Peak:0.00M | Scene, ViewLayer | Synchronizing object | Upper berth guard mesh horizontal.048
Fra:1 Mem:535.62M (Peak 535.62M) | Time:00:00.77 | Mem:0.00M, Peak:0.00M | Scene, ViewLayer | Synchronizing object | Upper berth guard mesh horizontal.049
Fra:1 Mem:535.62M (Peak 535.62M) | Time:00:00.77 | Mem:0.00M, Peak:0.00M | Scene, ViewLayer | Synchronizing object | Upper berth safety rail.027
Fra:1 Mem:535.63M (Peak 535.63M) | Time:00:00.77 | Mem:0.00M, Peak:0.00M | Scene, ViewLayer | Synchronizing object | Upper berth safety rail.028
Fra:1 Mem:535.64M (Peak 535.64M) | Time:00:00.77 | Mem:0.00M, Peak:0.00M | Scene, ViewLayer | Synchronizing object | Upper berth safety rail.029
Fra:1 Mem:535.65M (Peak 535.65M) | Time:00:00.77 | Mem:0.00M, Peak:0.00M | Scene, ViewLayer | Synchronizing object | Middle berth folding hinge axle.018
Fra:1 Mem:535.65M (Peak 535.65M) | Time:00:00.77 | Mem:0.00M, Peak:0.00M | Scene, ViewLayer | Synchronizing object | Parked berth support chain link.268
Fra:1 Mem:535.66M (Peak 535.66M) | Time:00:00.77 | Mem:0.00M, Peak:0.00M | Scene, ViewLayer | Synchronizing object | Parked berth support chain link.162
Fra:1 Mem:535.69M (Peak 535.69M) | Time:00:00.77 | Mem:0.00M, Peak:0.00M | Scene, ViewLayer | Synchronizing object | Parked berth support chain link.163
Fra:1 Mem:535.71M (Peak 535.71M) | Time:00:00.77 | Mem:0.00M, Peak:0.00M | Scene, ViewLayer | Synchronizing object | Parked berth support chain link.164
Fra:1 Mem:535.72M (Peak 535.72M) | Time:00:00.77 | Mem:0.00M, Peak:0.00M | Scene, ViewLayer | Synchronizing object | Parked berth support chain link.165
Fra:1 Mem:535.75M (Peak 535.75M) | Time:00:00.77 | Mem:0.00M, Peak:0.00M | Scene, ViewLayer | Synchronizing object | Parked berth support chain link.166
Fra:1 Mem:535.80M (Peak 535.80M) | Time:00:00.77 | Mem:0.00M, Peak:0.00M | Scene, ViewLayer | Synchronizing object | Parked berth support chain link.167
Fra:1 Mem:535.80M (Peak 535.80M) | Time:00:00.77 | Mem:0.00M, Peak:0.00M | Scene, ViewLayer | Synchronizing object | Parked berth support chain link.168
Fra:1 Mem:535.80M (Peak 535.80M) | Time:00:00.77 | Mem:0.00M, Peak:0.00M | Scene, ViewLayer | Synchronizing object | Parked berth support chain link.169
Fra:1 Mem:535.87M (Peak 535.87M) | Time:00:00.77 | Mem:0.00M, Peak:0.00M | Scene, ViewLayer | Synchronizing object | Parked berth support chain link.170
Fra:1 Mem:535.88M (Peak 535.88M) | Time:00:00.77 | Mem:0.00M, Peak:0.00M | Scene, ViewLayer | Synchronizing object | Middle berth folding hinge axle.019
Fra:1 Mem:535.89M (Peak 535.89M) | Time:00:00.77 | Mem:0.00M, Peak:0.00M | Scene, ViewLayer | Synchronizing object | Middle berth retention latch.019
Fra:1 Mem:535.89M (Peak 535.89M) | Time:00:00.77 | Mem:0.00M, Peak:0.00M | Scene, ViewLayer | Synchronizing object | Parked berth support chain link.265
Fra:1 Mem:535.91M (Peak 535.91M) | Time:00:00.77 | Mem:0.00M, Peak:0.00M | Scene, ViewLayer | Synchronizing object | Parked berth support chain link.171
Fra:1 Mem:535.93M (Peak 535.93M) | Time:00:00.77 | Mem:0.00M, Peak:0.00M | Scene, ViewLayer | Synchronizing object | Parked berth support chain link.172
Fra:1 Mem:535.96M (Peak 535.96M) | Time:00:00.77 | Mem:0.00M, Peak:0.00M | Scene, ViewLayer | Synchronizing object | Parked berth support chain link.264
Fra:1 Mem:535.97M (Peak 535.97M) | Time:00:00.77 | Mem:0.00M, Peak:0.00M | Scene, ViewLayer | Synchronizing object | Parked berth support chain link.174
Fra:1 Mem:536.01M (Peak 536.01M) | Time:00:00.77 | Mem:0.00M, Peak:0.00M | Scene, ViewLayer | Synchronizing object | Parked berth support chain link.175
Fra:1 Mem:536.02M (Peak 536.02M) | Time:00:00.77 | Mem:0.00M, Peak:0.00M | Scene, ViewLayer | Synchronizing object | Parked berth support chain link.263
Fra:1 Mem:536.04M (Peak 536.04M) | Time:00:00.77 | Mem:0.00M, Peak:0.00M | Scene, ViewLayer | Synchronizing object | Parked berth support chain link.176
Fra:1 Mem:536.05M (Peak 536.05M) | Time:00:00.77 | Mem:0.00M, Peak:0.00M | Scene, ViewLayer | Synchronizing object | Parked berth support chain link.177
Fra:1 Mem:536.09M (Peak 536.09M) | Time:00:00.77 | Mem:0.00M, Peak:0.00M | Scene, ViewLayer | Synchronizing object | Parked berth support chain link.178
Fra:1 Mem:536.10M (Peak 536.10M) | Time:00:00.77 | Mem:0.00M, Peak:0.00M | Scene, ViewLayer | Synchronizing object | Parked berth support chain link.262
Fra:1 Mem:536.11M (Peak 536.11M) | Time:00:00.77 | Mem:0.00M, Peak:0.00M | Scene, ViewLayer | Synchronizing object | Parked berth support chain link.179
Fra:1 Mem:536.13M (Peak 536.13M) | Time:00:00.77 | Mem:0.00M, Peak:0.00M | Scene, ViewLayer | Synchronizing object | Berth individual moulded control plate.009
Fra:1 Mem:536.16M (Peak 536.16M) | Time:00:00.77 | Mem:0.00M, Peak:0.00M | Scene, ViewLayer | Synchronizing object | Berth toggle switch.018
Fra:1 Mem:536.16M (Peak 536.16M) | Time:00:00.77 | Mem:0.00M, Peak:0.00M | Scene, ViewLayer | Synchronizing object | Berth toggle switch.019
Fra:1 Mem:536.19M (Peak 536.19M) | Time:00:00.77 | Mem:0.00M, Peak:0.00M | Scene, ViewLayer | Synchronizing object | Bay coat hook.004
Fra:1 Mem:536.20M (Peak 536.20M) | Time:00:00.77 | Mem:0.00M, Peak:0.00M | Scene, ViewLayer | Synchronizing object | Window table wall hinge.004
Fra:1 Mem:536.20M (Peak 536.20M) | Time:00:00.77 | Mem:0.00M, Peak:0.00M | Scene, ViewLayer | Synchronizing object | Bottle holder rolled hoop.020
Fra:1 Mem:536.21M (Peak 536.21M) | Time:00:00.77 | Mem:0.00M, Peak:0.00M | Scene, ViewLayer | Synchronizing object | Bottle holder rolled hoop.021
Fra:1 Mem:536.23M (Peak 536.23M) | Time:00:00.77 | Mem:0.00M, Peak:0.00M | Scene, ViewLayer | Synchronizing object | Middle berth retention latch.029
Fra:1 Mem:536.26M (Peak 536.26M) | Time:00:00.77 | Mem:0.00M, Peak:0.00M | Scene, ViewLayer | Synchronizing object | Bottle holder wire upright.040
Fra:1 Mem:536.27M (Peak 536.27M) | Time:00:00.77 | Mem:0.00M, Peak:0.00M | Scene, ViewLayer | Synchronizing object | Middle berth folding hinge axle.029
Fra:1 Mem:536.27M (Peak 536.27M) | Time:00:00.77 | Mem:0.00M, Peak:0.00M | Scene, ViewLayer | Synchronizing object | Bottle holder wire upright.041
Fra:1 Mem:536.29M (Peak 536.29M) | Time:00:00.77 | Mem:0.00M, Peak:0.00M | Scene, ViewLayer | Synchronizing object | Bottle holder wire upright.042
Fra:1 Mem:536.29M (Peak 536.29M) | Time:00:00.77 | Mem:0.00M, Peak:0.00M | Scene, ViewLayer | Synchronizing object | Parked berth support chain link.260
Fra:1 Mem:536.29M (Peak 536.29M) | Time:00:00.77 | Mem:0.00M, Peak:0.00M | Scene, ViewLayer | Synchronizing object | Bottle basket bottom wire.020
Fra:1 Mem:536.29M (Peak 536.29M) | Time:00:00.77 | Mem:0.00M, Peak:0.00M | Scene, ViewLayer | Synchronizing object | Bottle basket bottom wire.021
Fra:1 Mem:536.31M (Peak 536.31M) | Time:00:00.77 | Mem:0.00M, Peak:0.00M | Scene, ViewLayer | Synchronizing object | Bottle holder wall mounting plate.010
Fra:1 Mem:536.31M (Peak 536.31M) | Time:00:00.77 | Mem:0.00M, Peak:0.00M | Scene, ViewLayer | Synchronizing object | Bottle basket wall standoff.020
Fra:1 Mem:536.32M (Peak 536.32M) | Time:00:00.77 | Mem:0.00M, Peak:0.00M | Scene, ViewLayer | Synchronizing object | Bottle holder fixing screw.020
Fra:1 Mem:536.33M (Peak 536.33M) | Time:00:00.77 | Mem:0.00M, Peak:0.00M | Scene, ViewLayer | Synchronizing object | Parked berth support chain link.259
Fra:1 Mem:536.33M (Peak 536.33M) | Time:00:00.77 | Mem:0.00M, Peak:0.00M | Scene, ViewLayer | Synchronizing object | Bottle holder fixing screw.021
Fra:1 Mem:536.33M (Peak 536.33M) | Time:00:00.77 | Mem:0.00M, Peak:0.00M | Scene, ViewLayer | Synchronizing object | Bottle holder rolled hoop.022
Fra:1 Mem:536.35M (Peak 536.35M) | Time:00:00.77 | Mem:0.00M, Peak:0.00M | Scene, ViewLayer | Synchronizing object | Bottle holder rolled hoop.023
Fra:1 Mem:536.40M (Peak 536.40M) | Time:00:00.77 | Mem:0.00M, Peak:0.00M | Scene, ViewLayer | Synchronizing object | Bottle holder wire upright.044
Fra:1 Mem:536.40M (Peak 536.40M) | Time:00:00.77 | Mem:0.00M, Peak:0.00M | Scene, ViewLayer | Synchronizing object | Parked berth support chain link.258
Fra:1 Mem:536.41M (Peak 536.41M) | Time:00:00.77 | Mem:0.00M, Peak:0.00M | Scene, ViewLayer | Synchronizing object | Bottle holder wire upright.045
Fra:1 Mem:536.42M (Peak 536.42M) | Time:00:00.77 | Mem:0.00M, Peak:0.00M | Scene, ViewLayer | Synchronizing object | Bottle holder wire upright.046
Fra:1 Mem:536.43M (Peak 536.43M) | Time:00:00.77 | Mem:0.00M, Peak:0.00M | Scene, ViewLayer | Synchronizing object | Bottle holder wire upright.047
Fra:1 Mem:536.43M (Peak 536.43M) | Time:00:00.77 | Mem:0.00M, Peak:0.00M | Scene, ViewLayer | Synchronizing object | Bottle basket bottom wire.022
Fra:1 Mem:536.44M (Peak 536.44M) | Time:00:00.77 | Mem:0.00M, Peak:0.00M | Scene, ViewLayer | Synchronizing object | Bottle basket bottom wire.023
Fra:1 Mem:536.44M (Peak 536.44M) | Time:00:00.77 | Mem:0.00M, Peak:0.00M | Scene, ViewLayer | Synchronizing object | Parked berth support chain link.257
Fra:1 Mem:536.44M (Peak 536.44M) | Time:00:00.77 | Mem:0.00M, Peak:0.00M | Scene, ViewLayer | Synchronizing object | Bottle basket wall standoff.022
Fra:1 Mem:536.46M (Peak 536.46M) | Time:00:00.77 | Mem:0.00M, Peak:0.00M | Scene, ViewLayer | Synchronizing object | Bottle holder fixing screw.022
Fra:1 Mem:536.47M (Peak 536.47M) | Time:00:00.77 | Mem:0.00M, Peak:0.00M | Scene, ViewLayer | Synchronizing object | Bottle basket wall standoff.023
Fra:1 Mem:536.47M (Peak 536.47M) | Time:00:00.77 | Mem:0.00M, Peak:0.00M | Scene, ViewLayer | Synchronizing object | Upper berth guard mesh horizontal.050
Fra:1 Mem:536.48M (Peak 536.48M) | Time:00:00.77 | Mem:0.00M, Peak:0.00M | Scene, ViewLayer | Synchronizing object | Upper berth guard mesh horizontal.051
Fra:1 Mem:536.48M (Peak 536.48M) | Time:00:00.77 | Mem:0.00M, Peak:0.00M | Scene, ViewLayer | Synchronizing object | Parked berth support chain link.256
Fra:1 Mem:536.49M (Peak 536.49M) | Time:00:00.77 | Mem:0.00M, Peak:0.00M | Scene, ViewLayer | Synchronizing object | Upper berth guard mesh horizontal.052
Fra:1 Mem:536.50M (Peak 536.50M) | Time:00:00.77 | Mem:0.00M, Peak:0.00M | Scene, ViewLayer | Synchronizing object | Upper berth guard mesh horizontal.053
Fra:1 Mem:536.50M (Peak 536.50M) | Time:00:00.77 | Mem:0.00M, Peak:0.00M | Scene, ViewLayer | Synchronizing object | Upper berth guard mesh horizontal.054
Fra:1 Mem:536.50M (Peak 536.50M) | Time:00:00.77 | Mem:0.00M, Peak:0.00M | Scene, ViewLayer | Synchronizing object | Upper berth safety rail.030
Fra:1 Mem:536.51M (Peak 536.51M) | Time:00:00.77 | Mem:0.00M, Peak:0.00M | Scene, ViewLayer | Synchronizing object | Upper berth safety rail.031
Fra:1 Mem:536.51M (Peak 536.51M) | Time:00:00.77 | Mem:0.00M, Peak:0.00M | Scene, ViewLayer | Synchronizing object | Upper berth safety rail.032
Fra:1 Mem:536.52M (Peak 536.52M) | Time:00:00.77 | Mem:0.00M, Peak:0.00M | Scene, ViewLayer | Synchronizing object | Middle berth folding hinge axle.020
Fra:1 Mem:536.52M (Peak 536.52M) | Time:00:00.77 | Mem:0.00M, Peak:0.00M | Scene, ViewLayer | Synchronizing object | Middle berth retention latch.020
Fra:1 Mem:536.53M (Peak 536.53M) | Time:00:00.77 | Mem:0.00M, Peak:0.00M | Scene, ViewLayer | Synchronizing object | Parked berth support chain link.180
Fra:1 Mem:536.55M (Peak 536.55M) | Time:00:00.77 | Mem:0.00M, Peak:0.00M | Scene, ViewLayer | Synchronizing object | Parked berth support chain link.182
Fra:1 Mem:536.60M (Peak 536.60M) | Time:00:00.77 | Mem:0.00M, Peak:0.00M | Scene, ViewLayer | Synchronizing object | Parked berth support chain link.183
Fra:1 Mem:536.62M (Peak 536.62M) | Time:00:00.77 | Mem:0.00M, Peak:0.00M | Scene, ViewLayer | Synchronizing object | Parked berth support chain link.184
Fra:1 Mem:536.62M (Peak 536.62M) | Time:00:00.77 | Mem:0.00M, Peak:0.00M | Scene, ViewLayer | Synchronizing object | Parked berth support chain link.185
Fra:1 Mem:536.65M (Peak 536.65M) | Time:00:00.77 | Mem:0.00M, Peak:0.00M | Scene, ViewLayer | Synchronizing object | Parked berth support chain link.186
Fra:1 Mem:536.68M (Peak 536.68M) | Time:00:00.77 | Mem:0.00M, Peak:0.00M | Scene, ViewLayer | Synchronizing object | Parked berth support chain link.187
Fra:1 Mem:536.68M (Peak 536.68M) | Time:00:00.77 | Mem:0.00M, Peak:0.00M | Scene, ViewLayer | Synchronizing object | Parked berth support chain link.188
Fra:1 Mem:536.71M (Peak 536.71M) | Time:00:00.77 | Mem:0.00M, Peak:0.00M | Scene, ViewLayer | Synchronizing object | Middle berth folding hinge axle.021
Fra:1 Mem:536.73M (Peak 536.73M) | Time:00:00.77 | Mem:0.00M, Peak:0.00M | Scene, ViewLayer | Synchronizing object | Parked berth support chain link.254
Fra:1 Mem:536.73M (Peak 536.73M) | Time:00:00.77 | Mem:0.00M, Peak:0.00M | Scene, ViewLayer | Synchronizing object | Middle berth retention latch.021
Fra:1 Mem:536.73M (Peak 536.73M) | Time:00:00.77 | Mem:0.00M, Peak:0.00M | Scene, ViewLayer | Synchronizing object | Parked berth support chain link.190
Fra:1 Mem:536.79M (Peak 536.79M) | Time:00:00.77 | Mem:0.00M, Peak:0.00M | Scene, ViewLayer | Synchronizing object | Parked berth support chain link.191
Fra:1 Mem:536.80M (Peak 536.80M) | Time:00:00.77 | Mem:0.00M, Peak:0.00M | Scene, ViewLayer | Synchronizing object | Parked berth support chain link.192
Fra:1 Mem:536.81M (Peak 536.81M) | Time:00:00.77 | Mem:0.00M, Peak:0.00M | Scene, ViewLayer | Synchronizing object | Parked berth support chain link.193
Fra:1 Mem:536.87M (Peak 536.87M) | Time:00:00.77 | Mem:0.00M, Peak:0.00M | Scene, ViewLayer | Synchronizing object | Parked berth support chain link.194
Fra:1 Mem:536.88M (Peak 536.88M) | Time:00:00.77 | Mem:0.00M, Peak:0.00M | Scene, ViewLayer | Synchronizing object | Parked berth support chain link.195
Fra:1 Mem:536.88M (Peak 536.88M) | Time:00:00.77 | Mem:0.00M, Peak:0.00M | Scene, ViewLayer | Synchronizing object | Parked berth support chain link.252
Fra:1 Mem:536.89M (Peak 536.89M) | Time:00:00.77 | Mem:0.00M, Peak:0.00M | Scene, ViewLayer | Synchronizing object | Parked berth support chain link.196
Fra:1 Mem:536.95M (Peak 536.95M) | Time:00:00.77 | Mem:0.00M, Peak:0.00M | Scene, ViewLayer | Synchronizing object | Parked berth support chain link.197
Fra:1 Mem:536.95M (Peak 536.95M) | Time:00:00.77 | Mem:0.00M, Peak:0.00M | Scene, ViewLayer | Synchronizing object | Berth individual moulded control plate.010
Fra:1 Mem:536.96M (Peak 536.96M) | Time:00:00.77 | Mem:0.00M, Peak:0.00M | Scene, ViewLayer | Synchronizing object | Berth toggle switch.020
Fra:1 Mem:536.99M (Peak 536.99M) | Time:00:00.77 | Mem:0.00M, Peak:0.00M | Scene, ViewLayer | Synchronizing object | Berth toggle switch.021
Fra:1 Mem:536.99M (Peak 536.99M) | Time:00:00.77 | Mem:0.00M, Peak:0.00M | Scene, ViewLayer | Synchronizing object | Middle berth folding hinge axle.028
Fra:1 Mem:536.99M (Peak 536.99M) | Time:00:00.77 | Mem:0.00M, Peak:0.00M | Scene, ViewLayer | Synchronizing object | Upper berth guard mesh horizontal.056
Fra:1 Mem:537.00M (Peak 537.00M) | Time:00:00.77 | Mem:0.00M, Peak:0.00M | Scene, ViewLayer | Synchronizing object | Upper berth guard mesh horizontal.057
Fra:1 Mem:537.02M (Peak 537.02M) | Time:00:00.77 | Mem:0.00M, Peak:0.00M | Scene, ViewLayer | Synchronizing object | Upper berth guard mesh horizontal.058
Fra:1 Mem:537.01M (Peak 537.02M) | Time:00:00.77 | Mem:0.00M, Peak:0.00M | Scene, ViewLayer | Synchronizing object | Upper berth safety rail.044
Fra:1 Mem:537.01M (Peak 537.02M) | Time:00:00.77 | Mem:0.00M, Peak:0.00M | Scene, ViewLayer | Synchronizing object | Upper berth guard mesh horizontal.059
Fra:1 Mem:537.02M (Peak 537.02M) | Time:00:00.77 | Mem:0.00M, Peak:0.00M | Scene, ViewLayer | Synchronizing object | Upper berth safety rail.033
Fra:1 Mem:537.02M (Peak 537.02M) | Time:00:00.77 | Mem:0.00M, Peak:0.00M | Scene, ViewLayer | Synchronizing object | Upper berth safety rail.043
Fra:1 Mem:537.02M (Peak 537.02M) | Time:00:00.77 | Mem:0.00M, Peak:0.00M | Scene, ViewLayer | Synchronizing object | Upper berth safety rail.035
Fra:1 Mem:537.03M (Peak 537.03M) | Time:00:00.77 | Mem:0.00M, Peak:0.00M | Scene, ViewLayer | Synchronizing object | Middle berth folding hinge axle.022
Fra:1 Mem:537.04M (Peak 537.04M) | Time:00:00.77 | Mem:0.00M, Peak:0.00M | Scene, ViewLayer | Synchronizing object | Upper berth safety rail.042
Fra:1 Mem:537.04M (Peak 537.04M) | Time:00:00.77 | Mem:0.00M, Peak:0.00M | Scene, ViewLayer | Synchronizing object | Middle berth retention latch.022
Fra:1 Mem:537.04M (Peak 537.04M) | Time:00:00.77 | Mem:0.00M, Peak:0.00M | Scene, ViewLayer | Synchronizing object | Upper berth guard mesh horizontal.074
Fra:1 Mem:537.04M (Peak 537.04M) | Time:00:00.77 | Mem:0.00M, Peak:0.00M | Scene, ViewLayer | Synchronizing object | Parked berth support chain link.199
Fra:1 Mem:537.08M (Peak 537.08M) | Time:00:00.77 | Mem:0.00M, Peak:0.00M | Scene, ViewLayer | Synchronizing object | Parked berth support chain link.200
Fra:1 Mem:537.10M (Peak 537.10M) | Time:00:00.77 | Mem:0.00M, Peak:0.00M | Scene, ViewLayer | Synchronizing object | Upper berth guard mesh horizontal.073
Fra:1 Mem:537.11M (Peak 537.11M) | Time:00:00.77 | Mem:0.00M, Peak:0.00M | Scene, ViewLayer | Synchronizing object | Parked berth support chain link.201
Fra:1 Mem:537.11M (Peak 537.11M) | Time:00:00.77 | Mem:0.00M, Peak:0.00M | Scene, ViewLayer | Synchronizing object | Upper berth guard mesh horizontal.072
Fra:1 Mem:537.12M (Peak 537.12M) | Time:00:00.77 | Mem:0.00M, Peak:0.00M | Scene, ViewLayer | Synchronizing object | Parked berth support chain link.203
Fra:1 Mem:537.15M (Peak 537.15M) | Time:00:00.77 | Mem:0.00M, Peak:0.00M | Scene, ViewLayer | Synchronizing object | Upper berth guard mesh horizontal.071
Fra:1 Mem:537.17M (Peak 537.17M) | Time:00:00.77 | Mem:0.00M, Peak:0.00M | Scene, ViewLayer | Synchronizing object | Upper berth guard mesh horizontal.070
Fra:1 Mem:537.17M (Peak 537.17M) | Time:00:00.77 | Mem:0.00M, Peak:0.00M | Scene, ViewLayer | Synchronizing object | Parked berth support chain link.204
Fra:1 Mem:537.18M (Peak 537.18M) | Time:00:00.77 | Mem:0.00M, Peak:0.00M | Scene, ViewLayer | Synchronizing object | Bottle holder fixing screw.031
Fra:1 Mem:537.18M (Peak 537.18M) | Time:00:00.77 | Mem:0.00M, Peak:0.00M | Scene, ViewLayer | Synchronizing object | Parked berth support chain link.205
Fra:1 Mem:537.21M (Peak 537.21M) | Time:00:00.77 | Mem:0.00M, Peak:0.00M | Scene, ViewLayer | Synchronizing object | Parked berth support chain link.206
Fra:1 Mem:537.22M (Peak 537.22M) | Time:00:00.77 | Mem:0.00M, Peak:0.00M | Scene, ViewLayer | Synchronizing object | Bottle basket wall standoff.031
Fra:1 Mem:537.22M (Peak 537.22M) | Time:00:00.77 | Mem:0.00M, Peak:0.00M | Scene, ViewLayer | Synchronizing object | Middle berth folding hinge axle.023
Fra:1 Mem:537.24M (Peak 537.24M) | Time:00:00.77 | Mem:0.00M, Peak:0.00M | Scene, ViewLayer | Synchronizing object | Middle berth retention latch.023
Fra:1 Mem:537.24M (Peak 537.24M) | Time:00:00.77 | Mem:0.00M, Peak:0.00M | Scene, ViewLayer | Synchronizing object | Parked berth support chain link.207
Fra:1 Mem:537.25M (Peak 537.25M) | Time:00:00.77 | Mem:0.00M, Peak:0.00M | Scene, ViewLayer | Synchronizing object | Parked berth support chain link.208
Fra:1 Mem:537.27M (Peak 537.27M) | Time:00:00.77 | Mem:0.00M, Peak:0.00M | Scene, ViewLayer | Synchronizing object | Parked berth support chain link.209
Fra:1 Mem:537.31M (Peak 537.31M) | Time:00:00.77 | Mem:0.00M, Peak:0.00M | Scene, ViewLayer | Synchronizing object | Parked berth support chain link.210
Fra:1 Mem:537.31M (Peak 537.31M) | Time:00:00.77 | Mem:0.00M, Peak:0.00M | Scene, ViewLayer | Synchronizing object | Bottle basket wall standoff.030
Fra:1 Mem:537.31M (Peak 537.31M) | Time:00:00.77 | Mem:0.00M, Peak:0.00M | Scene, ViewLayer | Synchronizing object | Parked berth support chain link.211
Fra:1 Mem:537.34M (Peak 537.34M) | Time:00:00.77 | Mem:0.00M, Peak:0.00M | Scene, ViewLayer | Synchronizing object | Parked berth support chain link.212
Fra:1 Mem:537.35M (Peak 537.35M) | Time:00:00.77 | Mem:0.00M, Peak:0.00M | Scene, ViewLayer | Synchronizing object | Bottle holder wall mounting plate.015
Fra:1 Mem:537.37M (Peak 537.37M) | Time:00:00.77 | Mem:0.00M, Peak:0.00M | Scene, ViewLayer | Synchronizing object | Parked berth support chain link.213
Fra:1 Mem:537.38M (Peak 537.38M) | Time:00:00.77 | Mem:0.00M, Peak:0.00M | Scene, ViewLayer | Synchronizing object | Bottle basket bottom wire.031
Fra:1 Mem:537.39M (Peak 537.39M) | Time:00:00.77 | Mem:0.00M, Peak:0.00M | Scene, ViewLayer | Synchronizing object | Parked berth support chain link.214
Fra:1 Mem:537.40M (Peak 537.40M) | Time:00:00.77 | Mem:0.00M, Peak:0.00M | Scene, ViewLayer | Synchronizing object | Parked berth support chain link.215
Fra:1 Mem:537.41M (Peak 537.41M) | Time:00:00.77 | Mem:0.00M, Peak:0.00M | Scene, ViewLayer | Synchronizing object | Bottle basket bottom wire.030
Fra:1 Mem:537.44M (Peak 537.44M) | Time:00:00.77 | Mem:0.00M, Peak:0.00M | Scene, ViewLayer | Synchronizing object | Berth individual moulded control plate.011
Fra:1 Mem:537.44M (Peak 537.44M) | Time:00:00.77 | Mem:0.00M, Peak:0.00M | Scene, ViewLayer | Synchronizing object | Bottle holder wire upright.063
Fra:1 Mem:537.47M (Peak 537.47M) | Time:00:00.77 | Mem:0.00M, Peak:0.00M | Scene, ViewLayer | Synchronizing object | Berth toggle switch.022
Fra:1 Mem:537.45M (Peak 537.47M) | Time:00:00.77 | Mem:0.00M, Peak:0.00M | Scene, ViewLayer | Synchronizing object | Berth toggle switch.023
Fra:1 Mem:537.46M (Peak 537.47M) | Time:00:00.77 | Mem:0.00M, Peak:0.00M | Scene, ViewLayer | Synchronizing object | Bottle holder wire upright.062
Fra:1 Mem:537.47M (Peak 537.47M) | Time:00:00.77 | Mem:0.00M, Peak:0.00M | Scene, ViewLayer | Synchronizing object | Bay coat hook.005
Fra:1 Mem:537.47M (Peak 537.47M) | Time:00:00.77 | Mem:0.00M, Peak:0.00M | Scene, ViewLayer | Synchronizing object | Window table wall hinge.005
Fra:1 Mem:537.49M (Peak 537.49M) | Time:00:00.77 | Mem:0.00M, Peak:0.00M | Scene, ViewLayer | Synchronizing object | Bottle holder rolled hoop.024
Fra:1 Mem:537.49M (Peak 537.49M) | Time:00:00.77 | Mem:0.00M, Peak:0.00M | Scene, ViewLayer | Synchronizing object | Bottle holder wire upright.061
Fra:1 Mem:537.49M (Peak 537.49M) | Time:00:00.77 | Mem:0.00M, Peak:0.00M | Scene, ViewLayer | Synchronizing object | Bottle holder rolled hoop.025
Fra:1 Mem:537.51M (Peak 537.51M) | Time:00:00.77 | Mem:0.00M, Peak:0.00M | Scene, ViewLayer | Synchronizing object | Bottle holder wire upright.048
Fra:1 Mem:537.54M (Peak 537.54M) | Time:00:00.77 | Mem:0.00M, Peak:0.00M | Scene, ViewLayer | Synchronizing object | Bottle holder wire upright.060
Fra:1 Mem:537.54M (Peak 537.54M) | Time:00:00.77 | Mem:0.00M, Peak:0.00M | Scene, ViewLayer | Synchronizing object | Bottle holder wire upright.049
Fra:1 Mem:537.56M (Peak 537.56M) | Time:00:00.77 | Mem:0.00M, Peak:0.00M | Scene, ViewLayer | Synchronizing object | Bottle holder rolled hoop.031
Fra:1 Mem:537.56M (Peak 537.56M) | Time:00:00.77 | Mem:0.00M, Peak:0.00M | Scene, ViewLayer | Synchronizing object | Bottle holder wire upright.050
Fra:1 Mem:537.56M (Peak 537.56M) | Time:00:00.77 | Mem:0.00M, Peak:0.00M | Scene, ViewLayer | Synchronizing object | Bottle holder wire upright.051
Fra:1 Mem:537.57M (Peak 537.57M) | Time:00:00.77 | Mem:0.00M, Peak:0.00M | Scene, ViewLayer | Synchronizing object | Bottle basket bottom wire.024
Fra:1 Mem:537.58M (Peak 537.58M) | Time:00:00.77 | Mem:0.00M, Peak:0.00M | Scene, ViewLayer | Synchronizing object | Bottle basket bottom wire.025
Fra:1 Mem:537.58M (Peak 537.58M) | Time:00:00.77 | Mem:0.00M, Peak:0.00M | Scene, ViewLayer | Synchronizing object | Bottle holder wall mounting plate.012
Fra:1 Mem:537.59M (Peak 537.59M) | Time:00:00.77 | Mem:0.00M, Peak:0.00M | Scene, ViewLayer | Synchronizing object | Bottle basket wall standoff.024
Fra:1 Mem:537.59M (Peak 537.59M) | Time:00:00.77 | Mem:0.00M, Peak:0.00M | Scene, ViewLayer | Synchronizing object | Bottle holder fixing screw.024
Fra:1 Mem:537.59M (Peak 537.59M) | Time:00:00.77 | Mem:0.00M, Peak:0.00M | Scene, ViewLayer | Synchronizing object | Bottle basket wall standoff.025
Fra:1 Mem:537.60M (Peak 537.60M) | Time:00:00.77 | Mem:0.00M, Peak:0.00M | Scene, ViewLayer | Synchronizing object | Bottle holder fixing screw.025
Fra:1 Mem:537.60M (Peak 537.60M) | Time:00:00.77 | Mem:0.00M, Peak:0.00M | Scene, ViewLayer | Synchronizing object | Bottle holder rolled hoop.027
Fra:1 Mem:537.65M (Peak 537.65M) | Time:00:00.77 | Mem:0.00M, Peak:0.00M | Scene, ViewLayer | Synchronizing object | Bottle holder wire upright.052
Fra:1 Mem:537.68M (Peak 537.68M) | Time:00:00.77 | Mem:0.00M, Peak:0.00M | Scene, ViewLayer | Synchronizing object | Bottle holder wire upright.053
Fra:1 Mem:537.70M (Peak 537.70M) | Time:00:00.77 | Mem:0.00M, Peak:0.00M | Scene, ViewLayer | Synchronizing object | Bottle holder wire upright.054
Fra:1 Mem:537.70M (Peak 537.70M) | Time:00:00.77 | Mem:0.00M, Peak:0.00M | Scene, ViewLayer | Synchronizing object | Bottle holder wire upright.055
Fra:1 Mem:537.70M (Peak 537.70M) | Time:00:00.77 | Mem:0.00M, Peak:0.00M | Scene, ViewLayer | Synchronizing object | Bottle holder fixing screw.029
Fra:1 Mem:537.70M (Peak 537.70M) | Time:00:00.77 | Mem:0.00M, Peak:0.00M | Scene, ViewLayer | Synchronizing object | Bottle basket bottom wire.026
Fra:1 Mem:537.70M (Peak 537.70M) | Time:00:00.77 | Mem:0.00M, Peak:0.00M | Scene, ViewLayer | Synchronizing object | Bottle basket bottom wire.027
Fra:1 Mem:537.70M (Peak 537.70M) | Time:00:00.77 | Mem:0.00M, Peak:0.00M | Scene, ViewLayer | Synchronizing object | Bottle basket wall standoff.029
Fra:1 Mem:537.71M (Peak 537.71M) | Time:00:00.77 | Mem:0.00M, Peak:0.00M | Scene, ViewLayer | Synchronizing object | Bottle basket wall standoff.026
Fra:1 Mem:537.72M (Peak 537.72M) | Time:00:00.77 | Mem:0.00M, Peak:0.00M | Scene, ViewLayer | Synchronizing object | Bottle holder fixing screw.026
Fra:1 Mem:537.72M (Peak 537.72M) | Time:00:00.77 | Mem:0.00M, Peak:0.00M | Scene, ViewLayer | Synchronizing object | Bottle basket wall standoff.027
Fra:1 Mem:537.72M (Peak 537.72M) | Time:00:00.77 | Mem:0.00M, Peak:0.00M | Scene, ViewLayer | Synchronizing object | Bottle holder fixing screw.027
Fra:1 Mem:537.73M (Peak 537.73M) | Time:00:00.77 | Mem:0.00M, Peak:0.00M | Scene, ViewLayer | Synchronizing object | Upper berth guard mesh horizontal.060
Fra:1 Mem:537.73M (Peak 537.73M) | Time:00:00.77 | Mem:0.00M, Peak:0.00M | Scene, ViewLayer | Synchronizing object | Bottle basket wall standoff.028
Fra:1 Mem:537.74M (Peak 537.74M) | Time:00:00.77 | Mem:0.00M, Peak:0.00M | Scene, ViewLayer | Synchronizing object | Upper berth guard mesh horizontal.062
Fra:1 Mem:537.74M (Peak 537.74M) | Time:00:00.77 | Mem:0.00M, Peak:0.00M | Scene, ViewLayer | Synchronizing object | Upper berth guard mesh horizontal.063
Fra:1 Mem:537.74M (Peak 537.74M) | Time:00:00.77 | Mem:0.00M, Peak:0.00M | Scene, ViewLayer | Synchronizing object | Upper berth guard mesh horizontal.064
Fra:1 Mem:537.75M (Peak 537.75M) | Time:00:00.77 | Mem:0.00M, Peak:0.00M | Scene, ViewLayer | Synchronizing object | Upper berth safety rail.036
Fra:1 Mem:537.75M (Peak 537.75M) | Time:00:00.77 | Mem:0.00M, Peak:0.00M | Scene, ViewLayer | Synchronizing object | Bottle basket bottom wire.029
Fra:1 Mem:537.75M (Peak 537.75M) | Time:00:00.77 | Mem:0.00M, Peak:0.00M | Scene, ViewLayer | Synchronizing object | Upper berth safety rail.037
Fra:1 Mem:537.75M (Peak 537.75M) | Time:00:00.77 | Mem:0.00M, Peak:0.00M | Scene, ViewLayer | Synchronizing object | Upper berth safety rail.038
Fra:1 Mem:537.76M (Peak 537.76M) | Time:00:00.77 | Mem:0.00M, Peak:0.00M | Scene, ViewLayer | Synchronizing object | Bottle basket bottom wire.028
Fra:1 Mem:537.76M (Peak 537.76M) | Time:00:00.77 | Mem:0.00M, Peak:0.00M | Scene, ViewLayer | Synchronizing object | Middle berth folding hinge axle.024
Fra:1 Mem:537.76M (Peak 537.76M) | Time:00:00.77 | Mem:0.00M, Peak:0.00M | Scene, ViewLayer | Synchronizing object | Middle berth retention latch.024
Fra:1 Mem:537.76M (Peak 537.76M) | Time:00:00.77 | Mem:0.00M, Peak:0.00M | Scene, ViewLayer | Synchronizing object | Bottle holder wire upright.059
Fra:1 Mem:537.78M (Peak 537.78M) | Time:00:00.77 | Mem:0.00M, Peak:0.00M | Scene, ViewLayer | Synchronizing object | Parked berth support chain link.216
Fra:1 Mem:537.78M (Peak 537.78M) | Time:00:00.77 | Mem:0.00M, Peak:0.00M | Scene, ViewLayer | Synchronizing object | Bottle holder wire upright.058
Fra:1 Mem:537.78M (Peak 537.78M) | Time:00:00.77 | Mem:0.00M, Peak:0.00M | Scene, ViewLayer | Synchronizing object | Parked berth support chain link.217
Fra:1 Mem:537.79M (Peak 537.79M) | Time:00:00.77 | Mem:0.00M, Peak:0.00M | Scene, ViewLayer | Synchronizing object | Parked berth support chain link.218
Fra:1 Mem:537.83M (Peak 537.83M) | Time:00:00.77 | Mem:0.00M, Peak:0.00M | Scene, ViewLayer | Synchronizing object | Bottle holder wire upright.057
Fra:1 Mem:537.85M (Peak 537.85M) | Time:00:00.77 | Mem:0.00M, Peak:0.00M | Scene, ViewLayer | Synchronizing object | Parked berth support chain link.219
Fra:1 Mem:537.86M (Peak 537.86M) | Time:00:00.77 | Mem:0.00M, Peak:0.00M | Scene, ViewLayer | Synchronizing object | Parked berth support chain link.220
Fra:1 Mem:537.87M (Peak 537.87M) | Time:00:00.77 | Mem:0.00M, Peak:0.00M | Scene, ViewLayer | Synchronizing object | Parked berth support chain link.221
Fra:1 Mem:537.91M (Peak 537.91M) | Time:00:00.77 | Mem:0.00M, Peak:0.00M | Scene, ViewLayer | Synchronizing object | Parked berth support chain link.222
Fra:1 Mem:537.93M (Peak 537.93M) | Time:00:00.77 | Mem:0.00M, Peak:0.00M | Scene, ViewLayer | Synchronizing object | Parked berth support chain link.223
Fra:1 Mem:537.94M (Peak 537.94M) | Time:00:00.77 | Mem:0.00M, Peak:0.00M | Scene, ViewLayer | Synchronizing object | Parked berth support chain link.224
Fra:1 Mem:537.97M (Peak 537.97M) | Time:00:00.77 | Mem:0.00M, Peak:0.00M | Scene, ViewLayer | Synchronizing object | Middle berth folding hinge axle.025
Fra:1 Mem:537.98M (Peak 537.98M) | Time:00:00.77 | Mem:0.00M, Peak:0.00M | Scene, ViewLayer | Synchronizing object | Middle berth retention latch.025
Fra:1 Mem:537.98M (Peak 537.98M) | Time:00:00.77 | Mem:0.00M, Peak:0.00M | Scene, ViewLayer | Synchronizing object | Parked berth support chain link.225
Fra:1 Mem:537.98M (Peak 537.98M) | Time:00:00.77 | Mem:0.00M, Peak:0.00M | Scene, ViewLayer | Synchronizing object | Parked berth support chain link.226
Fra:1 Mem:538.00M (Peak 538.00M) | Time:00:00.77 | Mem:0.00M, Peak:0.00M | Scene, ViewLayer | Synchronizing object | Parked berth support chain link.227
Fra:1 Mem:538.02M (Peak 538.02M) | Time:00:00.77 | Mem:0.00M, Peak:0.00M | Scene, ViewLayer | Synchronizing object | Bottle holder wire upright.056
Fra:1 Mem:538.04M (Peak 538.04M) | Time:00:00.77 | Mem:0.00M, Peak:0.00M | Scene, ViewLayer | Synchronizing object | Parked berth support chain link.228
Fra:1 Mem:538.03M (Peak 538.04M) | Time:00:00.77 | Mem:0.00M, Peak:0.00M | Scene, ViewLayer | Synchronizing object | Parked berth support chain link.229
Fra:1 Mem:538.04M (Peak 538.04M) | Time:00:00.77 | Mem:0.00M, Peak:0.00M | Scene, ViewLayer | Synchronizing object | Parked berth support chain link.230
Fra:1 Mem:538.05M (Peak 538.05M) | Time:00:00.77 | Mem:0.00M, Peak:0.00M | Scene, ViewLayer | Synchronizing object | Bottle holder rolled hoop.029
Fra:1 Mem:538.11M (Peak 538.11M) | Time:00:00.77 | Mem:0.00M, Peak:0.00M | Scene, ViewLayer | Synchronizing object | Parked berth support chain link.231
Fra:1 Mem:538.11M (Peak 538.11M) | Time:00:00.77 | Mem:0.00M, Peak:0.00M | Scene, ViewLayer | Synchronizing object | Parked berth support chain link.233
Fra:1 Mem:538.16M (Peak 538.16M) | Time:00:00.77 | Mem:0.00M, Peak:0.00M | Scene, ViewLayer | Synchronizing object | Bottle holder rolled hoop.028
Fra:1 Mem:538.19M (Peak 538.19M) | Time:00:00.77 | Mem:0.00M, Peak:0.00M | Scene, ViewLayer | Synchronizing object | Berth individual moulded control plate.012
Fra:1 Mem:538.21M (Peak 538.21M) | Time:00:00.77 | Mem:0.00M, Peak:0.00M | Scene, ViewLayer | Synchronizing object | Berth toggle switch.024
Fra:1 Mem:538.21M (Peak 538.21M) | Time:00:00.77 | Mem:0.00M, Peak:0.00M | Scene, ViewLayer | Synchronizing object | Berth toggle switch.025
Fra:1 Mem:538.22M (Peak 538.22M) | Time:00:00.77 | Mem:0.00M, Peak:0.00M | Scene, ViewLayer | Synchronizing object | Upper berth guard mesh horizontal.065
Fra:1 Mem:538.23M (Peak 538.23M) | Time:00:00.77 | Mem:0.00M, Peak:0.00M | Scene, ViewLayer | Synchronizing object | Upper berth guard mesh horizontal.066
Fra:1 Mem:538.23M (Peak 538.23M) | Time:00:00.77 | Mem:0.00M, Peak:0.00M | Scene, ViewLayer | Synchronizing object | Window table wall hinge.006
Fra:1 Mem:538.23M (Peak 538.23M) | Time:00:00.77 | Mem:0.00M, Peak:0.00M | Scene, ViewLayer | Synchronizing object | Upper berth guard mesh horizontal.068
Fra:1 Mem:538.24M (Peak 538.24M) | Time:00:00.77 | Mem:0.00M, Peak:0.00M | Scene, ViewLayer | Synchronizing object | Upper berth guard mesh horizontal.069
Fra:1 Mem:538.25M (Peak 538.25M) | Time:00:00.77 | Mem:0.00M, Peak:0.00M | Scene, ViewLayer | Synchronizing object | Upper berth safety rail.039
Fra:1 Mem:538.25M (Peak 538.25M) | Time:00:00.77 | Mem:0.00M, Peak:0.00M | Scene, ViewLayer | Synchronizing object | Bay coat hook.006
Fra:1 Mem:538.27M (Peak 538.27M) | Time:00:00.77 | Mem:0.00M, Peak:0.00M | Scene, ViewLayer | Synchronizing object | Berth toggle switch.027
Fra:1 Mem:538.26M (Peak 538.27M) | Time:00:00.77 | Mem:0.00M, Peak:0.00M | Scene, ViewLayer | Synchronizing object | Middle berth folding hinge axle.026
Fra:1 Mem:538.27M (Peak 538.27M) | Time:00:00.77 | Mem:0.00M, Peak:0.00M | Scene, ViewLayer | Synchronizing object | Parked berth support chain link.234
Fra:1 Mem:538.28M (Peak 538.28M) | Time:00:00.77 | Mem:0.00M, Peak:0.00M | Scene, ViewLayer | Synchronizing object | Berth toggle switch.026
Fra:1 Mem:538.30M (Peak 538.30M) | Time:00:00.77 | Mem:0.00M, Peak:0.00M | Scene, ViewLayer | Synchronizing object | Parked berth support chain link.235
Fra:1 Mem:538.32M (Peak 538.32M) | Time:00:00.77 | Mem:0.00M, Peak:0.00M | Scene, ViewLayer | Synchronizing object | Berth individual moulded control plate.013
Fra:1 Mem:538.33M (Peak 538.33M) | Time:00:00.77 | Mem:0.00M, Peak:0.00M | Scene, ViewLayer | Synchronizing object | Parked berth support chain link.237
Fra:1 Mem:538.35M (Peak 538.35M) | Time:00:00.77 | Mem:0.00M, Peak:0.00M | Scene, ViewLayer | Synchronizing object | Parked berth support chain link.238
Fra:1 Mem:538.38M (Peak 538.38M) | Time:00:00.77 | Mem:0.00M, Peak:0.00M | Scene, ViewLayer | Synchronizing object | Parked berth support chain link.251
Fra:1 Mem:538.41M (Peak 538.41M) | Time:00:00.77 | Mem:0.00M, Peak:0.00M | Scene, ViewLayer | Synchronizing object | Parked berth support chain link.239
Fra:1 Mem:538.42M (Peak 538.42M) | Time:00:00.77 | Mem:0.00M, Peak:0.00M | Scene, ViewLayer | Synchronizing object | Parked berth support chain link.240
Fra:1 Mem:538.43M (Peak 538.43M) | Time:00:00.77 | Mem:0.00M, Peak:0.00M | Scene, ViewLayer | Synchronizing object | Parked berth support chain link.250
Fra:1 Mem:538.44M (Peak 538.44M) | Time:00:00.77 | Mem:0.00M, Peak:0.00M | Scene, ViewLayer | Synchronizing object | Parked berth support chain link.241
Fra:1 Mem:538.48M (Peak 538.48M) | Time:00:00.77 | Mem:0.00M, Peak:0.00M | Scene, ViewLayer | Synchronizing object | Parked berth support chain link.242
Fra:1 Mem:538.50M (Peak 538.50M) | Time:00:00.77 | Mem:0.00M, Peak:0.00M | Scene, ViewLayer | Synchronizing object | Parked berth support chain link.249
Fra:1 Mem:538.50M (Peak 538.50M) | Time:00:00.77 | Mem:0.00M, Peak:0.00M | Scene, ViewLayer | Synchronizing object | Middle berth folding hinge axle.027
Fra:1 Mem:538.50M (Peak 538.50M) | Time:00:00.77 | Mem:0.00M, Peak:0.00M | Scene, ViewLayer | Synchronizing object | Middle berth retention latch.027
Fra:1 Mem:538.54M (Peak 538.54M) | Time:00:00.77 | Mem:0.00M, Peak:0.00M | Scene, ViewLayer | Synchronizing object | Parked berth support chain link.243
Fra:1 Mem:538.54M (Peak 538.54M) | Time:00:00.77 | Mem:0.00M, Peak:0.00M | Scene, ViewLayer | Synchronizing object | Parked berth support chain link.244
Fra:1 Mem:538.56M (Peak 538.56M) | Time:00:00.77 | Mem:0.00M, Peak:0.00M | Scene, ViewLayer | Synchronizing object | Parked berth support chain link.248
Fra:1 Mem:538.58M (Peak 538.58M) | Time:00:00.77 | Mem:0.00M, Peak:0.00M | Scene, ViewLayer | Synchronizing object | Parked berth support chain link.245
Fra:1 Mem:538.59M (Peak 538.59M) | Time:00:00.77 | Mem:0.00M, Peak:0.00M | Scene, ViewLayer | Synchronizing object | Parked berth support chain link.246
Fra:1 Mem:538.63M (Peak 538.63M) | Time:00:00.77 | Mem:0.00M, Peak:0.00M | Scene, ViewLayer | Synchronizing object | Parked berth support chain link.247
Fra:1 Mem:538.66M (Peak 538.66M) | Time:00:00.77 | Mem:0.00M, Peak:0.00M | Scene, ViewLayer | Initializing
Fra:1 Mem:513.65M (Peak 538.66M) | Time:00:00.80 | Mem:0.00M, Peak:0.00M | Scene, ViewLayer | Updating Images | Loading class_hi_3A.png
Fra:1 Mem:334.57M (Peak 538.66M) | Time:00:00.93 | Mem:0.60M, Peak:0.60M | Scene, ViewLayer | Waiting for render to start
Fra:1 Mem:334.57M (Peak 538.66M) | Time:00:00.93 | Mem:0.60M, Peak:0.60M | Scene, ViewLayer | Loading render kernels (may take a few minutes the first time)
Fra:1 Mem:334.57M (Peak 538.66M) | Time:00:00.93 | Mem:0.60M, Peak:0.60M | Scene, ViewLayer | Updating Scene
Fra:1 Mem:334.57M (Peak 538.66M) | Time:00:00.93 | Mem:0.60M, Peak:0.60M | Scene, ViewLayer | Updating Shaders
Fra:1 Mem:334.70M (Peak 538.66M) | Time:00:00.93 | Mem:0.65M, Peak:0.65M | Scene, ViewLayer | Updating Procedurals
Fra:1 Mem:334.70M (Peak 538.66M) | Time:00:00.93 | Mem:0.65M, Peak:0.65M | Scene, ViewLayer | Updating Background
Fra:1 Mem:334.70M (Peak 538.66M) | Time:00:00.93 | Mem:0.65M, Peak:0.65M | Scene, ViewLayer | Updating Camera
Fra:1 Mem:334.70M (Peak 538.66M) | Time:00:00.93 | Mem:0.65M, Peak:0.65M | Scene, ViewLayer | Updating Meshes Flags
Fra:1 Mem:334.70M (Peak 538.66M) | Time:00:00.93 | Mem:0.65M, Peak:0.65M | Scene, ViewLayer | Updating Objects
Fra:1 Mem:334.70M (Peak 538.66M) | Time:00:00.93 | Mem:0.65M, Peak:0.65M | Scene, ViewLayer | Updating Objects | Copying Transformations to device
Fra:1 Mem:336.21M (Peak 538.66M) | Time:00:00.93 | Mem:2.11M, Peak:2.11M | Scene, ViewLayer | Updating Objects | Applying Static Transformations
Fra:1 Mem:336.21M (Peak 538.66M) | Time:00:00.93 | Mem:2.11M, Peak:2.11M | Scene, ViewLayer | Updating Particle Systems
Fra:1 Mem:336.21M (Peak 538.66M) | Time:00:00.93 | Mem:2.11M, Peak:2.11M | Scene, ViewLayer | Updating Particle Systems | Copying Particles to device
Fra:1 Mem:336.21M (Peak 538.66M) | Time:00:00.93 | Mem:2.11M, Peak:2.11M | Scene, ViewLayer | Updating Meshes
Fra:1 Mem:347.98M (Peak 538.66M) | Time:00:00.96 | Mem:2.11M, Peak:2.11M | Scene, ViewLayer | Updating Mesh | Computing attributes
Fra:1 Mem:353.99M (Peak 538.66M) | Time:00:00.97 | Mem:2.50M, Peak:2.50M | Scene, ViewLayer | Updating Mesh | Copying Attributes to device
Fra:1 Mem:353.02M (Peak 538.66M) | Time:00:00.97 | Mem:7.15M, Peak:7.15M | Scene, ViewLayer | Updating Scene BVH | Building
Fra:1 Mem:353.11M (Peak 538.66M) | Time:00:00.97 | Mem:7.15M, Peak:7.15M | Scene, ViewLayer | Updating Scene BVH | Building BVH
Fra:1 Mem:353.11M (Peak 538.66M) | Time:00:00.98 | Mem:30.68M, Peak:30.68M | Scene, ViewLayer | Updating Scene BVH | Building BVH 0%
Fra:1 Mem:353.11M (Peak 538.66M) | Time:00:01.07 | Mem:55.15M, Peak:78.68M | Scene, ViewLayer | Updating Scene BVH | Copying BVH to device
Fra:1 Mem:353.11M (Peak 538.66M) | Time:00:01.07 | Mem:55.15M, Peak:78.68M | Scene, ViewLayer | Updating Mesh | Computing normals
Fra:1 Mem:380.22M (Peak 538.66M) | Time:00:01.08 | Mem:55.15M, Peak:78.68M | Scene, ViewLayer | Updating Mesh | Copying Mesh to device
Fra:1 Mem:380.22M (Peak 538.66M) | Time:00:01.08 | Mem:82.26M, Peak:82.26M | Scene, ViewLayer | Updating Objects Flags
Fra:1 Mem:380.22M (Peak 538.66M) | Time:00:01.09 | Mem:82.31M, Peak:82.31M | Scene, ViewLayer | Updating Primitive Offsets
Fra:1 Mem:380.25M (Peak 538.66M) | Time:00:01.09 | Mem:82.33M, Peak:82.33M | Scene, ViewLayer | Updating Images
Fra:1 Mem:380.25M (Peak 538.66M) | Time:00:01.09 | Mem:82.33M, Peak:82.33M | Scene, ViewLayer | Updating Camera Volume
Fra:1 Mem:380.25M (Peak 538.66M) | Time:00:01.09 | Mem:82.33M, Peak:82.33M | Scene, ViewLayer | Updating Lookup Tables
Fra:1 Mem:380.25M (Peak 538.66M) | Time:00:01.09 | Mem:82.41M, Peak:82.41M | Scene, ViewLayer | Updating Lights
Fra:1 Mem:380.25M (Peak 538.66M) | Time:00:01.09 | Mem:82.41M, Peak:82.41M | Scene, ViewLayer | Updating Lights | Computing tree
Fra:1 Mem:380.75M (Peak 538.66M) | Time:00:01.09 | Mem:82.91M, Peak:82.91M | Scene, ViewLayer | Updating Integrator
Fra:1 Mem:380.75M (Peak 538.66M) | Time:00:01.09 | Mem:82.91M, Peak:82.91M | Scene, ViewLayer | Updating Film
Fra:1 Mem:380.75M (Peak 538.66M) | Time:00:01.09 | Mem:82.83M, Peak:82.91M | Scene, ViewLayer | Updating Lookup Tables
Fra:1 Mem:380.75M (Peak 538.66M) | Time:00:01.09 | Mem:82.92M, Peak:82.92M | Scene, ViewLayer | Updating Baking
Fra:1 Mem:380.75M (Peak 538.66M) | Time:00:01.09 | Mem:82.92M, Peak:82.92M | Scene, ViewLayer | Updating Device | Writing constant memory
Fra:1 Mem:380.85M (Peak 538.66M) | Time:00:01.09 | Mem:82.92M, Peak:82.92M | Scene, ViewLayer | Sample 0/24
Fra:1 Mem:403.18M (Peak 538.66M) | Time:00:01.57 | Remaining:00:11.11 | Mem:105.24M, Peak:105.24M | Scene, ViewLayer | Sample 1/24
Fra:1 Mem:413.10M (Peak 538.66M) | Time:00:10.51 | Mem:105.24M, Peak:105.24M | Scene, ViewLayer | Sample 24/24
Fra:1 Mem:413.10M (Peak 538.66M) | Time:00:10.51 | Mem:105.24M, Peak:105.24M | Scene, ViewLayer | Finished
Saved: '/workspace/shared/icf-detail/icf_detail_v02/3A/renders/exterior_r10_review.png'
Time: 00:10.72 (Saving: 00:00.18)

RENDER_COMPLETE 3A exterior

Blender quit
