Blender 4.3.2
Read blend: "/workspace/shared/icf-detail/icf_detail_v02/1A/ICF_1A_master.blend"
Fra:1 Mem:438.89M (Peak 438.89M) | Time:00:00.79 | Mem:0.00M, Peak:0.00M | Scene, ViewLayer | Synchronizing object | Floor steel undertray
Fra:1 Mem:438.90M (Peak 438.90M) | Time:00:00.79 | Mem:0.00M, Peak:0.00M | Scene, ViewLayer | Synchronizing object | Interior floor seamless vinyl
Fra:1 Mem:438.90M (Peak 438.90M) | Time:00:00.79 | Mem:0.00M, Peak:0.00M | Scene, ViewLayer | Synchronizing object | Welded solebar channel
Fra:1 Mem:438.91M (Peak 438.91M) | Time:00:00.79 | Mem:0.00M, Peak:0.00M | Scene, ViewLayer | Synchronizing object | Welded solebar channel.001
Fra:1 Mem:438.92M (Peak 438.92M) | Time:00:00.79 | Mem:0.00M, Peak:0.00M | Scene, ViewLayer | Synchronizing object | Body floor transverse bearer
Fra:1 Mem:438.92M (Peak 438.92M) | Time:00:00.79 | Mem:0.00M, Peak:0.00M | Scene, ViewLayer | Synchronizing object | Body floor transverse bearer.001
Fra:1 Mem:438.93M (Peak 438.93M) | Time:00:00.79 | Mem:0.00M, Peak:0.00M | Scene, ViewLayer | Synchronizing object | Body floor transverse bearer.002
Fra:1 Mem:438.93M (Peak 438.93M) | Time:00:00.79 | Mem:0.00M, Peak:0.00M | Scene, ViewLayer | Synchronizing object | Body floor transverse bearer.003
Fra:1 Mem:438.93M (Peak 438.93M) | Time:00:00.79 | Mem:0.00M, Peak:0.00M | Scene, ViewLayer | Synchronizing object | Body floor transverse bearer.004
Fra:1 Mem:438.93M (Peak 438.93M) | Time:00:00.79 | Mem:0.00M, Peak:0.00M | Scene, ViewLayer | Synchronizing object | Body floor transverse bearer.005
Fra:1 Mem:438.93M (Peak 438.93M) | Time:00:00.79 | Mem:0.00M, Peak:0.00M | Scene, ViewLayer | Synchronizing object | Body floor transverse bearer.006
Fra:1 Mem:438.93M (Peak 438.93M) | Time:00:00.79 | Mem:0.00M, Peak:0.00M | Scene, ViewLayer | Synchronizing object | Body floor transverse bearer.007
Fra:1 Mem:438.93M (Peak 438.93M) | Time:00:00.79 | Mem:0.00M, Peak:0.00M | Scene, ViewLayer | Synchronizing object | Body floor transverse bearer.008
Fra:1 Mem:438.94M (Peak 438.94M) | Time:00:00.79 | Mem:0.00M, Peak:0.00M | Scene, ViewLayer | Synchronizing object | Body floor transverse bearer.009
Fra:1 Mem:438.94M (Peak 438.94M) | Time:00:00.79 | Mem:0.00M, Peak:0.00M | Scene, ViewLayer | Synchronizing object | Body floor transverse bearer.010
Fra:1 Mem:438.94M (Peak 438.94M) | Time:00:00.79 | Mem:0.00M, Peak:0.00M | Scene, ViewLayer | Synchronizing object | Body floor transverse bearer.011
Fra:1 Mem:438.94M (Peak 438.94M) | Time:00:00.79 | Mem:0.00M, Peak:0.00M | Scene, ViewLayer | Synchronizing object | Body floor transverse bearer.012
Fra:1 Mem:438.94M (Peak 438.94M) | Time:00:00.79 | Mem:0.00M, Peak:0.00M | Scene, ViewLayer | Synchronizing object | Body floor transverse bearer.013
Fra:1 Mem:438.94M (Peak 438.94M) | Time:00:00.79 | Mem:0.00M, Peak:0.00M | Scene, ViewLayer | Synchronizing object | Body floor transverse bearer.014
Fra:1 Mem:438.94M (Peak 438.94M) | Time:00:00.79 | Mem:0.00M, Peak:0.00M | Scene, ViewLayer | Synchronizing object | Body floor transverse bearer.015
Fra:1 Mem:438.95M (Peak 438.95M) | Time:00:00.79 | Mem:0.00M, Peak:0.00M | Scene, ViewLayer | Synchronizing object | Body floor transverse bearer.016
Fra:1 Mem:438.95M (Peak 438.95M) | Time:00:00.79 | Mem:0.00M, Peak:0.00M | Scene, ViewLayer | Synchronizing object | Body floor transverse bearer.017
Fra:1 Mem:438.95M (Peak 438.95M) | Time:00:00.79 | Mem:0.00M, Peak:0.00M | Scene, ViewLayer | Synchronizing object | Body floor transverse bearer.018
Fra:1 Mem:438.95M (Peak 438.95M) | Time:00:00.79 | Mem:0.00M, Peak:0.00M | Scene, ViewLayer | Synchronizing object | Body floor transverse bearer.019
Fra:1 Mem:438.95M (Peak 438.95M) | Time:00:00.79 | Mem:0.00M, Peak:0.00M | Scene, ViewLayer | Synchronizing object | Body floor transverse bearer.020
Fra:1 Mem:438.95M (Peak 438.95M) | Time:00:00.79 | Mem:0.00M, Peak:0.00M | Scene, ViewLayer | Synchronizing object | Body floor transverse bearer.021
Fra:1 Mem:438.96M (Peak 438.96M) | Time:00:00.79 | Mem:0.00M, Peak:0.00M | Scene, ViewLayer | Synchronizing object | Body floor transverse bearer.022
Fra:1 Mem:438.96M (Peak 438.96M) | Time:00:00.79 | Mem:0.00M, Peak:0.00M | Scene, ViewLayer | Synchronizing object | Body floor transverse bearer.023
Fra:1 Mem:438.96M (Peak 438.96M) | Time:00:00.79 | Mem:0.00M, Peak:0.00M | Scene, ViewLayer | Synchronizing object | Body floor transverse bearer.024
Fra:1 Mem:438.96M (Peak 438.96M) | Time:00:00.79 | Mem:0.00M, Peak:0.00M | Scene, ViewLayer | Synchronizing object | Body floor transverse bearer.025
Fra:1 Mem:438.96M (Peak 438.96M) | Time:00:00.79 | Mem:0.00M, Peak:0.00M | Scene, ViewLayer | Synchronizing object | Pressed bodyside skin
Fra:1 Mem:438.96M (Peak 438.96M) | Time:00:00.79 | Mem:0.00M, Peak:0.00M | Scene, ViewLayer | Synchronizing object | Lined bodyside aperture panel
Fra:1 Mem:438.96M (Peak 438.96M) | Time:00:00.79 | Mem:0.00M, Peak:0.00M | Scene, ViewLayer | Synchronizing object | Pressed bodyside skin.001
Fra:1 Mem:438.97M (Peak 438.97M) | Time:00:00.79 | Mem:0.00M, Peak:0.00M | Scene, ViewLayer | Synchronizing object | Lined bodyside aperture panel.001
Fra:1 Mem:438.97M (Peak 438.97M) | Time:00:00.79 | Mem:0.00M, Peak:0.00M | Scene, ViewLayer | Synchronizing object | Pressed bodyside skin.002
Fra:1 Mem:438.97M (Peak 438.97M) | Time:00:00.79 | Mem:0.00M, Peak:0.00M | Scene, ViewLayer | Synchronizing object | Lined bodyside aperture panel.002
Fra:1 Mem:438.97M (Peak 438.97M) | Time:00:00.79 | Mem:0.00M, Peak:0.00M | Scene, ViewLayer | Synchronizing object | Pressed bodyside skin.003
Fra:1 Mem:438.97M (Peak 438.97M) | Time:00:00.79 | Mem:0.00M, Peak:0.00M | Scene, ViewLayer | Synchronizing object | Lined bodyside aperture panel.003
Fra:1 Mem:438.97M (Peak 438.97M) | Time:00:00.79 | Mem:0.00M, Peak:0.00M | Scene, ViewLayer | Synchronizing object | Pressed bodyside skin.004
Fra:1 Mem:438.98M (Peak 438.98M) | Time:00:00.79 | Mem:0.00M, Peak:0.00M | Scene, ViewLayer | Synchronizing object | Lined bodyside aperture panel.004
Fra:1 Mem:438.98M (Peak 438.98M) | Time:00:00.79 | Mem:0.00M, Peak:0.00M | Scene, ViewLayer | Synchronizing object | Pressed bodyside skin.005
Fra:1 Mem:438.98M (Peak 438.98M) | Time:00:00.79 | Mem:0.00M, Peak:0.00M | Scene, ViewLayer | Synchronizing object | Lined bodyside aperture panel.005
Fra:1 Mem:438.98M (Peak 438.98M) | Time:00:00.79 | Mem:0.00M, Peak:0.00M | Scene, ViewLayer | Synchronizing object | Pressed bodyside skin.006
Fra:1 Mem:438.98M (Peak 438.98M) | Time:00:00.79 | Mem:0.00M, Peak:0.00M | Scene, ViewLayer | Synchronizing object | Lined bodyside aperture panel.006
Fra:1 Mem:438.98M (Peak 438.98M) | Time:00:00.79 | Mem:0.00M, Peak:0.00M | Scene, ViewLayer | Synchronizing object | Pressed bodyside skin.007
Fra:1 Mem:438.98M (Peak 438.98M) | Time:00:00.79 | Mem:0.00M, Peak:0.00M | Scene, ViewLayer | Synchronizing object | Lined bodyside aperture panel.007
Fra:1 Mem:438.99M (Peak 438.99M) | Time:00:00.79 | Mem:0.00M, Peak:0.00M | Scene, ViewLayer | Synchronizing object | Pressed bodyside skin.008
Fra:1 Mem:438.99M (Peak 438.99M) | Time:00:00.79 | Mem:0.00M, Peak:0.00M | Scene, ViewLayer | Synchronizing object | Lined bodyside aperture panel.008
Fra:1 Mem:438.99M (Peak 438.99M) | Time:00:00.79 | Mem:0.00M, Peak:0.00M | Scene, ViewLayer | Synchronizing object | Pressed bodyside skin.009
Fra:1 Mem:438.99M (Peak 438.99M) | Time:00:00.79 | Mem:0.00M, Peak:0.00M | Scene, ViewLayer | Synchronizing object | Lined bodyside aperture panel.009
Fra:1 Mem:438.99M (Peak 438.99M) | Time:00:00.79 | Mem:0.00M, Peak:0.00M | Scene, ViewLayer | Synchronizing object | Pressed bodyside skin.010
Fra:1 Mem:438.99M (Peak 438.99M) | Time:00:00.79 | Mem:0.00M, Peak:0.00M | Scene, ViewLayer | Synchronizing object | Lined bodyside aperture panel.010
Fra:1 Mem:438.99M (Peak 438.99M) | Time:00:00.79 | Mem:0.00M, Peak:0.00M | Scene, ViewLayer | Synchronizing object | Pressed bodyside skin.011
Fra:1 Mem:439.00M (Peak 439.00M) | Time:00:00.79 | Mem:0.00M, Peak:0.00M | Scene, ViewLayer | Synchronizing object | Lined bodyside aperture panel.011
Fra:1 Mem:439.00M (Peak 439.00M) | Time:00:00.79 | Mem:0.00M, Peak:0.00M | Scene, ViewLayer | Synchronizing object | Pressed bodyside skin.012
Fra:1 Mem:439.00M (Peak 439.00M) | Time:00:00.79 | Mem:0.00M, Peak:0.00M | Scene, ViewLayer | Synchronizing object | Lined bodyside aperture panel.012
Fra:1 Mem:439.00M (Peak 439.00M) | Time:00:00.79 | Mem:0.00M, Peak:0.00M | Scene, ViewLayer | Synchronizing object | Pressed bodyside skin.013
Fra:1 Mem:439.00M (Peak 439.00M) | Time:00:00.79 | Mem:0.00M, Peak:0.00M | Scene, ViewLayer | Synchronizing object | Lined bodyside aperture panel.013
Fra:1 Mem:439.00M (Peak 439.00M) | Time:00:00.79 | Mem:0.00M, Peak:0.00M | Scene, ViewLayer | Synchronizing object | Pressed bodyside skin.014
Fra:1 Mem:439.00M (Peak 439.00M) | Time:00:00.79 | Mem:0.00M, Peak:0.00M | Scene, ViewLayer | Synchronizing object | Lined bodyside aperture panel.014
Fra:1 Mem:439.01M (Peak 439.01M) | Time:00:00.79 | Mem:0.00M, Peak:0.00M | Scene, ViewLayer | Synchronizing object | Pressed bodyside skin.015
Fra:1 Mem:439.01M (Peak 439.01M) | Time:00:00.79 | Mem:0.00M, Peak:0.00M | Scene, ViewLayer | Synchronizing object | Lined bodyside aperture panel.015
Fra:1 Mem:439.01M (Peak 439.01M) | Time:00:00.79 | Mem:0.00M, Peak:0.00M | Scene, ViewLayer | Synchronizing object | Pressed bodyside skin.016
Fra:1 Mem:439.01M (Peak 439.01M) | Time:00:00.79 | Mem:0.00M, Peak:0.00M | Scene, ViewLayer | Synchronizing object | Lined bodyside aperture panel.016
Fra:1 Mem:439.01M (Peak 439.01M) | Time:00:00.79 | Mem:0.00M, Peak:0.00M | Scene, ViewLayer | Synchronizing object | Pressed bodyside skin.017
Fra:1 Mem:439.02M (Peak 439.02M) | Time:00:00.79 | Mem:0.00M, Peak:0.00M | Scene, ViewLayer | Synchronizing object | Lined bodyside aperture panel.017
Fra:1 Mem:439.02M (Peak 439.02M) | Time:00:00.79 | Mem:0.00M, Peak:0.00M | Scene, ViewLayer | Synchronizing object | Pressed bodyside skin.018
Fra:1 Mem:439.02M (Peak 439.02M) | Time:00:00.79 | Mem:0.00M, Peak:0.00M | Scene, ViewLayer | Synchronizing object | Lined bodyside aperture panel.018
Fra:1 Mem:439.02M (Peak 439.02M) | Time:00:00.79 | Mem:0.00M, Peak:0.00M | Scene, ViewLayer | Synchronizing object | Pressed bodyside skin.019
Fra:1 Mem:439.02M (Peak 439.02M) | Time:00:00.79 | Mem:0.00M, Peak:0.00M | Scene, ViewLayer | Synchronizing object | Lined bodyside aperture panel.019
Fra:1 Mem:439.02M (Peak 439.02M) | Time:00:00.79 | Mem:0.00M, Peak:0.00M | Scene, ViewLayer | Synchronizing object | Pressed bodyside skin.020
Fra:1 Mem:439.02M (Peak 439.02M) | Time:00:00.79 | Mem:0.00M, Peak:0.00M | Scene, ViewLayer | Synchronizing object | Lined bodyside aperture panel.020
Fra:1 Mem:439.03M (Peak 439.03M) | Time:00:00.79 | Mem:0.00M, Peak:0.00M | Scene, ViewLayer | Synchronizing object | Pressed bodyside skin.021
Fra:1 Mem:439.03M (Peak 439.03M) | Time:00:00.79 | Mem:0.00M, Peak:0.00M | Scene, ViewLayer | Synchronizing object | Lined bodyside aperture panel.021
Fra:1 Mem:439.03M (Peak 439.03M) | Time:00:00.79 | Mem:0.00M, Peak:0.00M | Scene, ViewLayer | Synchronizing object | Pressed bodyside skin.022
Fra:1 Mem:439.03M (Peak 439.03M) | Time:00:00.79 | Mem:0.00M, Peak:0.00M | Scene, ViewLayer | Synchronizing object | Lined bodyside aperture panel.022
Fra:1 Mem:439.03M (Peak 439.03M) | Time:00:00.79 | Mem:0.00M, Peak:0.00M | Scene, ViewLayer | Synchronizing object | Pressed bodyside skin.023
Fra:1 Mem:439.03M (Peak 439.03M) | Time:00:00.79 | Mem:0.00M, Peak:0.00M | Scene, ViewLayer | Synchronizing object | Lined bodyside aperture panel.023
Fra:1 Mem:439.03M (Peak 439.03M) | Time:00:00.79 | Mem:0.00M, Peak:0.00M | Scene, ViewLayer | Synchronizing object | Pressed bodyside skin.024
Fra:1 Mem:439.04M (Peak 439.04M) | Time:00:00.79 | Mem:0.00M, Peak:0.00M | Scene, ViewLayer | Synchronizing object | Lined bodyside aperture panel.024
Fra:1 Mem:439.04M (Peak 439.04M) | Time:00:00.79 | Mem:0.00M, Peak:0.00M | Scene, ViewLayer | Synchronizing object | Pressed bodyside skin.025
Fra:1 Mem:439.04M (Peak 439.04M) | Time:00:00.79 | Mem:0.00M, Peak:0.00M | Scene, ViewLayer | Synchronizing object | Lined bodyside aperture panel.025
Fra:1 Mem:439.04M (Peak 439.04M) | Time:00:00.79 | Mem:0.00M, Peak:0.00M | Scene, ViewLayer | Synchronizing object | Pressed bodyside skin.026
Fra:1 Mem:439.04M (Peak 439.04M) | Time:00:00.79 | Mem:0.00M, Peak:0.00M | Scene, ViewLayer | Synchronizing object | Lined bodyside aperture panel.026
Fra:1 Mem:439.04M (Peak 439.04M) | Time:00:00.79 | Mem:0.00M, Peak:0.00M | Scene, ViewLayer | Synchronizing object | Pressed bodyside skin.027
Fra:1 Mem:439.04M (Peak 439.04M) | Time:00:00.79 | Mem:0.00M, Peak:0.00M | Scene, ViewLayer | Synchronizing object | Lined bodyside aperture panel.027
Fra:1 Mem:439.05M (Peak 439.05M) | Time:00:00.79 | Mem:0.00M, Peak:0.00M | Scene, ViewLayer | Synchronizing object | Pressed bodyside skin.028
Fra:1 Mem:439.05M (Peak 439.05M) | Time:00:00.79 | Mem:0.00M, Peak:0.00M | Scene, ViewLayer | Synchronizing object | Lined bodyside aperture panel.028
Fra:1 Mem:439.05M (Peak 439.05M) | Time:00:00.79 | Mem:0.00M, Peak:0.00M | Scene, ViewLayer | Synchronizing object | Pressed bodyside skin.029
Fra:1 Mem:439.05M (Peak 439.05M) | Time:00:00.79 | Mem:0.00M, Peak:0.00M | Scene, ViewLayer | Synchronizing object | Lined bodyside aperture panel.029
Fra:1 Mem:439.05M (Peak 439.05M) | Time:00:00.79 | Mem:0.00M, Peak:0.00M | Scene, ViewLayer | Synchronizing object | Pressed bodyside skin.030
Fra:1 Mem:439.05M (Peak 439.05M) | Time:00:00.79 | Mem:0.00M, Peak:0.00M | Scene, ViewLayer | Synchronizing object | Lined bodyside aperture panel.030
Fra:1 Mem:439.05M (Peak 439.05M) | Time:00:00.79 | Mem:0.00M, Peak:0.00M | Scene, ViewLayer | Synchronizing object | Pressed bodyside skin.031
Fra:1 Mem:439.06M (Peak 439.06M) | Time:00:00.79 | Mem:0.00M, Peak:0.00M | Scene, ViewLayer | Synchronizing object | Lined bodyside aperture panel.031
Fra:1 Mem:439.06M (Peak 439.06M) | Time:00:00.79 | Mem:0.00M, Peak:0.00M | Scene, ViewLayer | Synchronizing object | Pressed bodyside skin.032
Fra:1 Mem:439.06M (Peak 439.06M) | Time:00:00.79 | Mem:0.00M, Peak:0.00M | Scene, ViewLayer | Synchronizing object | Lined bodyside aperture panel.032
Fra:1 Mem:439.06M (Peak 439.06M) | Time:00:00.79 | Mem:0.00M, Peak:0.00M | Scene, ViewLayer | Synchronizing object | Pressed bodyside skin.033
Fra:1 Mem:439.06M (Peak 439.06M) | Time:00:00.79 | Mem:0.00M, Peak:0.00M | Scene, ViewLayer | Synchronizing object | Lined bodyside aperture panel.033
Fra:1 Mem:439.06M (Peak 439.06M) | Time:00:00.79 | Mem:0.00M, Peak:0.00M | Scene, ViewLayer | Synchronizing object | Pressed bodyside skin.034
Fra:1 Mem:439.07M (Peak 439.07M) | Time:00:00.79 | Mem:0.00M, Peak:0.00M | Scene, ViewLayer | Synchronizing object | Lined bodyside aperture panel.034
Fra:1 Mem:439.07M (Peak 439.07M) | Time:00:00.79 | Mem:0.00M, Peak:0.00M | Scene, ViewLayer | Synchronizing object | Pressed bodyside skin.035
Fra:1 Mem:439.07M (Peak 439.07M) | Time:00:00.79 | Mem:0.00M, Peak:0.00M | Scene, ViewLayer | Synchronizing object | Lined bodyside aperture panel.035
Fra:1 Mem:439.07M (Peak 439.07M) | Time:00:00.79 | Mem:0.00M, Peak:0.00M | Scene, ViewLayer | Synchronizing object | Pressed bodyside skin.036
Fra:1 Mem:439.07M (Peak 439.07M) | Time:00:00.79 | Mem:0.00M, Peak:0.00M | Scene, ViewLayer | Synchronizing object | Lined bodyside aperture panel.036
Fra:1 Mem:439.07M (Peak 439.07M) | Time:00:00.79 | Mem:0.00M, Peak:0.00M | Scene, ViewLayer | Synchronizing object | Pressed bodyside skin.037
Fra:1 Mem:439.07M (Peak 439.07M) | Time:00:00.79 | Mem:0.00M, Peak:0.00M | Scene, ViewLayer | Synchronizing object | Lined bodyside aperture panel.037
Fra:1 Mem:439.08M (Peak 439.08M) | Time:00:00.79 | Mem:0.00M, Peak:0.00M | Scene, ViewLayer | Synchronizing object | Pressed bodyside skin.038
Fra:1 Mem:439.08M (Peak 439.08M) | Time:00:00.79 | Mem:0.00M, Peak:0.00M | Scene, ViewLayer | Synchronizing object | Lined bodyside aperture panel.038
Fra:1 Mem:439.08M (Peak 439.08M) | Time:00:00.79 | Mem:0.00M, Peak:0.00M | Scene, ViewLayer | Synchronizing object | Pressed bodyside skin.039
Fra:1 Mem:439.08M (Peak 439.08M) | Time:00:00.79 | Mem:0.00M, Peak:0.00M | Scene, ViewLayer | Synchronizing object | Lined bodyside aperture panel.039
Fra:1 Mem:439.08M (Peak 439.08M) | Time:00:00.79 | Mem:0.00M, Peak:0.00M | Scene, ViewLayer | Synchronizing object | Pressed bodyside skin.040
Fra:1 Mem:439.08M (Peak 439.08M) | Time:00:00.79 | Mem:0.00M, Peak:0.00M | Scene, ViewLayer | Synchronizing object | Lined bodyside aperture panel.040
Fra:1 Mem:439.09M (Peak 439.09M) | Time:00:00.79 | Mem:0.00M, Peak:0.00M | Scene, ViewLayer | Synchronizing object | Pressed bodyside skin.041
Fra:1 Mem:439.09M (Peak 439.09M) | Time:00:00.79 | Mem:0.00M, Peak:0.00M | Scene, ViewLayer | Synchronizing object | Lined bodyside aperture panel.041
Fra:1 Mem:439.09M (Peak 439.09M) | Time:00:00.79 | Mem:0.00M, Peak:0.00M | Scene, ViewLayer | Synchronizing object | Pressed bodyside skin.042
Fra:1 Mem:439.09M (Peak 439.09M) | Time:00:00.79 | Mem:0.00M, Peak:0.00M | Scene, ViewLayer | Synchronizing object | Lined bodyside aperture panel.042
Fra:1 Mem:439.09M (Peak 439.09M) | Time:00:00.79 | Mem:0.00M, Peak:0.00M | Scene, ViewLayer | Synchronizing object | Pressed bodyside skin.043
Fra:1 Mem:439.09M (Peak 439.09M) | Time:00:00.79 | Mem:0.00M, Peak:0.00M | Scene, ViewLayer | Synchronizing object | Lined bodyside aperture panel.043
Fra:1 Mem:439.09M (Peak 439.09M) | Time:00:00.79 | Mem:0.00M, Peak:0.00M | Scene, ViewLayer | Synchronizing object | Pressed bodyside skin.044
Fra:1 Mem:439.10M (Peak 439.10M) | Time:00:00.79 | Mem:0.00M, Peak:0.00M | Scene, ViewLayer | Synchronizing object | Lined bodyside aperture panel.044
Fra:1 Mem:439.10M (Peak 439.10M) | Time:00:00.79 | Mem:0.00M, Peak:0.00M | Scene, ViewLayer | Synchronizing object | Pressed bodyside skin.045
Fra:1 Mem:439.10M (Peak 439.10M) | Time:00:00.79 | Mem:0.00M, Peak:0.00M | Scene, ViewLayer | Synchronizing object | Lined bodyside aperture panel.045
Fra:1 Mem:439.10M (Peak 439.10M) | Time:00:00.79 | Mem:0.00M, Peak:0.00M | Scene, ViewLayer | Synchronizing object | Pressed bodyside skin.046
Fra:1 Mem:439.10M (Peak 439.10M) | Time:00:00.79 | Mem:0.00M, Peak:0.00M | Scene, ViewLayer | Synchronizing object | Lined bodyside aperture panel.046
Fra:1 Mem:439.10M (Peak 439.10M) | Time:00:00.79 | Mem:0.00M, Peak:0.00M | Scene, ViewLayer | Synchronizing object | Pressed bodyside skin.047
Fra:1 Mem:439.10M (Peak 439.10M) | Time:00:00.79 | Mem:0.00M, Peak:0.00M | Scene, ViewLayer | Synchronizing object | Lined bodyside aperture panel.047
Fra:1 Mem:439.11M (Peak 439.11M) | Time:00:00.79 | Mem:0.00M, Peak:0.00M | Scene, ViewLayer | Synchronizing object | Pressed bodyside skin.048
Fra:1 Mem:439.11M (Peak 439.11M) | Time:00:00.79 | Mem:0.00M, Peak:0.00M | Scene, ViewLayer | Synchronizing object | Lined bodyside aperture panel.048
Fra:1 Mem:439.11M (Peak 439.11M) | Time:00:00.79 | Mem:0.00M, Peak:0.00M | Scene, ViewLayer | Synchronizing object | Pressed bodyside skin.049
Fra:1 Mem:439.11M (Peak 439.11M) | Time:00:00.79 | Mem:0.00M, Peak:0.00M | Scene, ViewLayer | Synchronizing object | Lined bodyside aperture panel.049
Fra:1 Mem:439.11M (Peak 439.11M) | Time:00:00.79 | Mem:0.00M, Peak:0.00M | Scene, ViewLayer | Synchronizing object | Pressed bodyside skin.050
Fra:1 Mem:439.11M (Peak 439.11M) | Time:00:00.79 | Mem:0.00M, Peak:0.00M | Scene, ViewLayer | Synchronizing object | Lined bodyside aperture panel.050
Fra:1 Mem:439.12M (Peak 439.12M) | Time:00:00.79 | Mem:0.00M, Peak:0.00M | Scene, ViewLayer | Synchronizing object | Pressed bodyside skin.051
Fra:1 Mem:439.12M (Peak 439.12M) | Time:00:00.79 | Mem:0.00M, Peak:0.00M | Scene, ViewLayer | Synchronizing object | Lined bodyside aperture panel.051
Fra:1 Mem:439.12M (Peak 439.12M) | Time:00:00.79 | Mem:0.00M, Peak:0.00M | Scene, ViewLayer | Synchronizing object | Pressed bodyside skin.052
Fra:1 Mem:439.12M (Peak 439.12M) | Time:00:00.79 | Mem:0.00M, Peak:0.00M | Scene, ViewLayer | Synchronizing object | Lined bodyside aperture panel.052
Fra:1 Mem:439.12M (Peak 439.12M) | Time:00:00.79 | Mem:0.00M, Peak:0.00M | Scene, ViewLayer | Synchronizing object | Pressed bodyside skin.053
Fra:1 Mem:439.12M (Peak 439.12M) | Time:00:00.79 | Mem:0.00M, Peak:0.00M | Scene, ViewLayer | Synchronizing object | Lined bodyside aperture panel.053
Fra:1 Mem:439.12M (Peak 439.12M) | Time:00:00.79 | Mem:0.00M, Peak:0.00M | Scene, ViewLayer | Synchronizing object | Pressed bodyside skin.054
Fra:1 Mem:439.13M (Peak 439.13M) | Time:00:00.79 | Mem:0.00M, Peak:0.00M | Scene, ViewLayer | Synchronizing object | Lined bodyside aperture panel.054
Fra:1 Mem:439.13M (Peak 439.13M) | Time:00:00.79 | Mem:0.00M, Peak:0.00M | Scene, ViewLayer | Synchronizing object | Pressed bodyside skin.055
Fra:1 Mem:439.13M (Peak 439.13M) | Time:00:00.79 | Mem:0.00M, Peak:0.00M | Scene, ViewLayer | Synchronizing object | Lined bodyside aperture panel.055
Fra:1 Mem:439.13M (Peak 439.13M) | Time:00:00.79 | Mem:0.00M, Peak:0.00M | Scene, ViewLayer | Synchronizing object | Pressed bodyside skin.056
Fra:1 Mem:439.14M (Peak 439.14M) | Time:00:00.79 | Mem:0.00M, Peak:0.00M | Scene, ViewLayer | Synchronizing object | Lined bodyside aperture panel.056
Fra:1 Mem:439.14M (Peak 439.14M) | Time:00:00.79 | Mem:0.00M, Peak:0.00M | Scene, ViewLayer | Synchronizing object | Pressed bodyside skin.057
Fra:1 Mem:439.14M (Peak 439.14M) | Time:00:00.79 | Mem:0.00M, Peak:0.00M | Scene, ViewLayer | Synchronizing object | Lined bodyside aperture panel.057
Fra:1 Mem:439.14M (Peak 439.14M) | Time:00:00.79 | Mem:0.00M, Peak:0.00M | Scene, ViewLayer | Synchronizing object | Pressed bodyside skin.058
Fra:1 Mem:439.14M (Peak 439.14M) | Time:00:00.79 | Mem:0.00M, Peak:0.00M | Scene, ViewLayer | Synchronizing object | Lined bodyside aperture panel.058
Fra:1 Mem:439.14M (Peak 439.14M) | Time:00:00.79 | Mem:0.00M, Peak:0.00M | Scene, ViewLayer | Synchronizing object | Pressed bodyside skin.059
Fra:1 Mem:439.14M (Peak 439.14M) | Time:00:00.79 | Mem:0.00M, Peak:0.00M | Scene, ViewLayer | Synchronizing object | Lined bodyside aperture panel.059
Fra:1 Mem:439.14M (Peak 439.14M) | Time:00:00.79 | Mem:0.00M, Peak:0.00M | Scene, ViewLayer | Synchronizing object | Pressed bodyside skin.060
Fra:1 Mem:439.15M (Peak 439.15M) | Time:00:00.79 | Mem:0.00M, Peak:0.00M | Scene, ViewLayer | Synchronizing object | Lined bodyside aperture panel.060
Fra:1 Mem:439.15M (Peak 439.15M) | Time:00:00.79 | Mem:0.00M, Peak:0.00M | Scene, ViewLayer | Synchronizing object | Pressed bodyside skin.061
Fra:1 Mem:439.15M (Peak 439.15M) | Time:00:00.79 | Mem:0.00M, Peak:0.00M | Scene, ViewLayer | Synchronizing object | Lined bodyside aperture panel.061
Fra:1 Mem:439.15M (Peak 439.15M) | Time:00:00.79 | Mem:0.00M, Peak:0.00M | Scene, ViewLayer | Synchronizing object | Pressed bodyside skin.062
Fra:1 Mem:439.15M (Peak 439.15M) | Time:00:00.79 | Mem:0.00M, Peak:0.00M | Scene, ViewLayer | Synchronizing object | Lined bodyside aperture panel.062
Fra:1 Mem:439.15M (Peak 439.15M) | Time:00:00.79 | Mem:0.00M, Peak:0.00M | Scene, ViewLayer | Synchronizing object | Pressed bodyside skin.063
Fra:1 Mem:439.15M (Peak 439.15M) | Time:00:00.79 | Mem:0.00M, Peak:0.00M | Scene, ViewLayer | Synchronizing object | Lined bodyside aperture panel.063
Fra:1 Mem:439.16M (Peak 439.16M) | Time:00:00.79 | Mem:0.00M, Peak:0.00M | Scene, ViewLayer | Synchronizing object | Pressed bodyside skin.064
Fra:1 Mem:439.16M (Peak 439.16M) | Time:00:00.79 | Mem:0.00M, Peak:0.00M | Scene, ViewLayer | Synchronizing object | Lined bodyside aperture panel.064
Fra:1 Mem:439.16M (Peak 439.16M) | Time:00:00.79 | Mem:0.00M, Peak:0.00M | Scene, ViewLayer | Synchronizing object | Pressed bodyside skin.065
Fra:1 Mem:439.16M (Peak 439.16M) | Time:00:00.79 | Mem:0.00M, Peak:0.00M | Scene, ViewLayer | Synchronizing object | Lined bodyside aperture panel.065
Fra:1 Mem:439.16M (Peak 439.16M) | Time:00:00.79 | Mem:0.00M, Peak:0.00M | Scene, ViewLayer | Synchronizing object | Pressed bodyside skin.066
Fra:1 Mem:439.16M (Peak 439.16M) | Time:00:00.79 | Mem:0.00M, Peak:0.00M | Scene, ViewLayer | Synchronizing object | Lined bodyside aperture panel.066
Fra:1 Mem:439.16M (Peak 439.16M) | Time:00:00.79 | Mem:0.00M, Peak:0.00M | Scene, ViewLayer | Synchronizing object | Pressed bodyside skin.067
Fra:1 Mem:439.17M (Peak 439.17M) | Time:00:00.79 | Mem:0.00M, Peak:0.00M | Scene, ViewLayer | Synchronizing object | Lined bodyside aperture panel.067
Fra:1 Mem:439.17M (Peak 439.17M) | Time:00:00.79 | Mem:0.00M, Peak:0.00M | Scene, ViewLayer | Synchronizing object | Pressed bodyside skin.068
Fra:1 Mem:439.17M (Peak 439.17M) | Time:00:00.79 | Mem:0.00M, Peak:0.00M | Scene, ViewLayer | Synchronizing object | Lined bodyside aperture panel.068
Fra:1 Mem:439.17M (Peak 439.17M) | Time:00:00.79 | Mem:0.00M, Peak:0.00M | Scene, ViewLayer | Synchronizing object | Pressed bodyside skin.069
Fra:1 Mem:439.17M (Peak 439.17M) | Time:00:00.79 | Mem:0.00M, Peak:0.00M | Scene, ViewLayer | Synchronizing object | Lined bodyside aperture panel.069
Fra:1 Mem:439.17M (Peak 439.17M) | Time:00:00.79 | Mem:0.00M, Peak:0.00M | Scene, ViewLayer | Synchronizing object | Pressed bodyside skin.070
Fra:1 Mem:439.17M (Peak 439.17M) | Time:00:00.79 | Mem:0.00M, Peak:0.00M | Scene, ViewLayer | Synchronizing object | Lined bodyside aperture panel.070
Fra:1 Mem:439.18M (Peak 439.18M) | Time:00:00.79 | Mem:0.00M, Peak:0.00M | Scene, ViewLayer | Synchronizing object | Pressed bodyside skin.071
Fra:1 Mem:439.18M (Peak 439.18M) | Time:00:00.79 | Mem:0.00M, Peak:0.00M | Scene, ViewLayer | Synchronizing object | Lined bodyside aperture panel.071
Fra:1 Mem:439.18M (Peak 439.18M) | Time:00:00.79 | Mem:0.00M, Peak:0.00M | Scene, ViewLayer | Synchronizing object | Pressed bodyside skin.072
Fra:1 Mem:439.18M (Peak 439.18M) | Time:00:00.79 | Mem:0.00M, Peak:0.00M | Scene, ViewLayer | Synchronizing object | Lined bodyside aperture panel.072
Fra:1 Mem:439.18M (Peak 439.18M) | Time:00:00.79 | Mem:0.00M, Peak:0.00M | Scene, ViewLayer | Synchronizing object | Pressed bodyside skin.073
Fra:1 Mem:439.18M (Peak 439.18M) | Time:00:00.79 | Mem:0.00M, Peak:0.00M | Scene, ViewLayer | Synchronizing object | Lined bodyside aperture panel.073
Fra:1 Mem:439.18M (Peak 439.18M) | Time:00:00.79 | Mem:0.00M, Peak:0.00M | Scene, ViewLayer | Synchronizing object | Pressed bodyside skin.074
Fra:1 Mem:439.19M (Peak 439.19M) | Time:00:00.79 | Mem:0.00M, Peak:0.00M | Scene, ViewLayer | Synchronizing object | Lined bodyside aperture panel.074
Fra:1 Mem:439.19M (Peak 439.19M) | Time:00:00.79 | Mem:0.00M, Peak:0.00M | Scene, ViewLayer | Synchronizing object | Pressed bodyside skin.075
Fra:1 Mem:439.19M (Peak 439.19M) | Time:00:00.79 | Mem:0.00M, Peak:0.00M | Scene, ViewLayer | Synchronizing object | Lined bodyside aperture panel.075
Fra:1 Mem:439.19M (Peak 439.19M) | Time:00:00.79 | Mem:0.00M, Peak:0.00M | Scene, ViewLayer | Synchronizing object | Pressed bodyside skin.076
Fra:1 Mem:439.19M (Peak 439.19M) | Time:00:00.79 | Mem:0.00M, Peak:0.00M | Scene, ViewLayer | Synchronizing object | Lined bodyside aperture panel.076
Fra:1 Mem:439.19M (Peak 439.19M) | Time:00:00.79 | Mem:0.00M, Peak:0.00M | Scene, ViewLayer | Synchronizing object | Pressed bodyside skin.077
Fra:1 Mem:439.19M (Peak 439.19M) | Time:00:00.79 | Mem:0.00M, Peak:0.00M | Scene, ViewLayer | Synchronizing object | Lined bodyside aperture panel.077
Fra:1 Mem:439.20M (Peak 439.20M) | Time:00:00.79 | Mem:0.00M, Peak:0.00M | Scene, ViewLayer | Synchronizing object | Pressed bodyside skin.078
Fra:1 Mem:439.20M (Peak 439.20M) | Time:00:00.79 | Mem:0.00M, Peak:0.00M | Scene, ViewLayer | Synchronizing object | Lined bodyside aperture panel.078
Fra:1 Mem:439.20M (Peak 439.20M) | Time:00:00.79 | Mem:0.00M, Peak:0.00M | Scene, ViewLayer | Synchronizing object | Pressed bodyside skin.079
Fra:1 Mem:439.20M (Peak 439.20M) | Time:00:00.79 | Mem:0.00M, Peak:0.00M | Scene, ViewLayer | Synchronizing object | Lined bodyside aperture panel.079
Fra:1 Mem:439.20M (Peak 439.20M) | Time:00:00.79 | Mem:0.00M, Peak:0.00M | Scene, ViewLayer | Synchronizing object | Pressed bodyside skin.080
Fra:1 Mem:439.20M (Peak 439.20M) | Time:00:00.79 | Mem:0.00M, Peak:0.00M | Scene, ViewLayer | Synchronizing object | Lined bodyside aperture panel.080
Fra:1 Mem:439.20M (Peak 439.20M) | Time:00:00.79 | Mem:0.00M, Peak:0.00M | Scene, ViewLayer | Synchronizing object | Pressed bodyside skin.081
Fra:1 Mem:439.21M (Peak 439.21M) | Time:00:00.79 | Mem:0.00M, Peak:0.00M | Scene, ViewLayer | Synchronizing object | Lined bodyside aperture panel.081
Fra:1 Mem:439.21M (Peak 439.21M) | Time:00:00.79 | Mem:0.00M, Peak:0.00M | Scene, ViewLayer | Synchronizing object | Pressed bodyside skin.082
Fra:1 Mem:439.21M (Peak 439.21M) | Time:00:00.79 | Mem:0.00M, Peak:0.00M | Scene, ViewLayer | Synchronizing object | Lined bodyside aperture panel.082
Fra:1 Mem:439.21M (Peak 439.21M) | Time:00:00.79 | Mem:0.00M, Peak:0.00M | Scene, ViewLayer | Synchronizing object | Pressed bodyside skin.083
Fra:1 Mem:439.21M (Peak 439.21M) | Time:00:00.79 | Mem:0.00M, Peak:0.00M | Scene, ViewLayer | Synchronizing object | Lined bodyside aperture panel.083
Fra:1 Mem:439.21M (Peak 439.21M) | Time:00:00.79 | Mem:0.00M, Peak:0.00M | Scene, ViewLayer | Synchronizing object | Pressed bodyside skin.084
Fra:1 Mem:439.22M (Peak 439.22M) | Time:00:00.79 | Mem:0.00M, Peak:0.00M | Scene, ViewLayer | Synchronizing object | Lined bodyside aperture panel.084
Fra:1 Mem:439.22M (Peak 439.22M) | Time:00:00.79 | Mem:0.00M, Peak:0.00M | Scene, ViewLayer | Synchronizing object | Pressed bodyside skin.085
Fra:1 Mem:439.22M (Peak 439.22M) | Time:00:00.79 | Mem:0.00M, Peak:0.00M | Scene, ViewLayer | Synchronizing object | Lined bodyside aperture panel.085
Fra:1 Mem:439.22M (Peak 439.22M) | Time:00:00.79 | Mem:0.00M, Peak:0.00M | Scene, ViewLayer | Synchronizing object | Pressed bodyside skin.086
Fra:1 Mem:439.22M (Peak 439.22M) | Time:00:00.79 | Mem:0.00M, Peak:0.00M | Scene, ViewLayer | Synchronizing object | Lined bodyside aperture panel.086
Fra:1 Mem:439.22M (Peak 439.22M) | Time:00:00.79 | Mem:0.00M, Peak:0.00M | Scene, ViewLayer | Synchronizing object | Pressed bodyside skin.087
Fra:1 Mem:439.22M (Peak 439.22M) | Time:00:00.79 | Mem:0.00M, Peak:0.00M | Scene, ViewLayer | Synchronizing object | Lined bodyside aperture panel.087
Fra:1 Mem:439.23M (Peak 439.23M) | Time:00:00.79 | Mem:0.00M, Peak:0.00M | Scene, ViewLayer | Synchronizing object | Pressed bodyside skin.088
Fra:1 Mem:439.23M (Peak 439.23M) | Time:00:00.79 | Mem:0.00M, Peak:0.00M | Scene, ViewLayer | Synchronizing object | Lined bodyside aperture panel.088
Fra:1 Mem:439.23M (Peak 439.23M) | Time:00:00.79 | Mem:0.00M, Peak:0.00M | Scene, ViewLayer | Synchronizing object | Pressed bodyside skin.089
Fra:1 Mem:439.23M (Peak 439.23M) | Time:00:00.79 | Mem:0.00M, Peak:0.00M | Scene, ViewLayer | Synchronizing object | Lined bodyside aperture panel.089
Fra:1 Mem:439.23M (Peak 439.23M) | Time:00:00.79 | Mem:0.00M, Peak:0.00M | Scene, ViewLayer | Synchronizing object | Pressed bodyside skin.090
Fra:1 Mem:439.23M (Peak 439.23M) | Time:00:00.79 | Mem:0.00M, Peak:0.00M | Scene, ViewLayer | Synchronizing object | Lined bodyside aperture panel.090
Fra:1 Mem:439.23M (Peak 439.23M) | Time:00:00.79 | Mem:0.00M, Peak:0.00M | Scene, ViewLayer | Synchronizing object | Pressed bodyside skin.091
Fra:1 Mem:439.24M (Peak 439.24M) | Time:00:00.79 | Mem:0.00M, Peak:0.00M | Scene, ViewLayer | Synchronizing object | Lined bodyside aperture panel.091
Fra:1 Mem:439.24M (Peak 439.24M) | Time:00:00.79 | Mem:0.00M, Peak:0.00M | Scene, ViewLayer | Synchronizing object | Pressed bodyside skin.092
Fra:1 Mem:439.24M (Peak 439.24M) | Time:00:00.79 | Mem:0.00M, Peak:0.00M | Scene, ViewLayer | Synchronizing object | Lined bodyside aperture panel.092
Fra:1 Mem:439.24M (Peak 439.24M) | Time:00:00.79 | Mem:0.00M, Peak:0.00M | Scene, ViewLayer | Synchronizing object | Pressed bodyside skin.093
Fra:1 Mem:439.24M (Peak 439.24M) | Time:00:00.79 | Mem:0.00M, Peak:0.00M | Scene, ViewLayer | Synchronizing object | Lined bodyside aperture panel.093
Fra:1 Mem:439.24M (Peak 439.24M) | Time:00:00.79 | Mem:0.00M, Peak:0.00M | Scene, ViewLayer | Synchronizing object | Pressed bodyside skin.094
Fra:1 Mem:439.24M (Peak 439.24M) | Time:00:00.79 | Mem:0.00M, Peak:0.00M | Scene, ViewLayer | Synchronizing object | Lined bodyside aperture panel.094
Fra:1 Mem:439.25M (Peak 439.25M) | Time:00:00.79 | Mem:0.00M, Peak:0.00M | Scene, ViewLayer | Synchronizing object | Pressed bodyside skin.095
Fra:1 Mem:439.25M (Peak 439.25M) | Time:00:00.79 | Mem:0.00M, Peak:0.00M | Scene, ViewLayer | Synchronizing object | Lined bodyside aperture panel.095
Fra:1 Mem:439.25M (Peak 439.25M) | Time:00:00.79 | Mem:0.00M, Peak:0.00M | Scene, ViewLayer | Synchronizing object | Pressed bodyside skin.096
Fra:1 Mem:439.25M (Peak 439.25M) | Time:00:00.79 | Mem:0.00M, Peak:0.00M | Scene, ViewLayer | Synchronizing object | Lined bodyside aperture panel.096
Fra:1 Mem:439.25M (Peak 439.25M) | Time:00:00.79 | Mem:0.00M, Peak:0.00M | Scene, ViewLayer | Synchronizing object | Pressed bodyside skin.097
Fra:1 Mem:439.25M (Peak 439.25M) | Time:00:00.79 | Mem:0.00M, Peak:0.00M | Scene, ViewLayer | Synchronizing object | Lined bodyside aperture panel.097
Fra:1 Mem:439.25M (Peak 439.25M) | Time:00:00.79 | Mem:0.00M, Peak:0.00M | Scene, ViewLayer | Synchronizing object | Pressed bodyside skin.098
Fra:1 Mem:439.26M (Peak 439.26M) | Time:00:00.79 | Mem:0.00M, Peak:0.00M | Scene, ViewLayer | Synchronizing object | Lined bodyside aperture panel.098
Fra:1 Mem:439.26M (Peak 439.26M) | Time:00:00.79 | Mem:0.00M, Peak:0.00M | Scene, ViewLayer | Synchronizing object | Pressed bodyside skin.099
Fra:1 Mem:439.26M (Peak 439.26M) | Time:00:00.79 | Mem:0.00M, Peak:0.00M | Scene, ViewLayer | Synchronizing object | Lined bodyside aperture panel.099
Fra:1 Mem:439.26M (Peak 439.26M) | Time:00:00.79 | Mem:0.00M, Peak:0.00M | Scene, ViewLayer | Synchronizing object | Pressed bodyside skin.100
Fra:1 Mem:439.26M (Peak 439.26M) | Time:00:00.79 | Mem:0.00M, Peak:0.00M | Scene, ViewLayer | Synchronizing object | Lined bodyside aperture panel.100
Fra:1 Mem:439.26M (Peak 439.26M) | Time:00:00.79 | Mem:0.00M, Peak:0.00M | Scene, ViewLayer | Synchronizing object | Pressed bodyside skin.101
Fra:1 Mem:439.26M (Peak 439.26M) | Time:00:00.79 | Mem:0.00M, Peak:0.00M | Scene, ViewLayer | Synchronizing object | Lined bodyside aperture panel.101
Fra:1 Mem:439.27M (Peak 439.27M) | Time:00:00.79 | Mem:0.00M, Peak:0.00M | Scene, ViewLayer | Synchronizing object | Pressed bodyside skin.102
Fra:1 Mem:439.27M (Peak 439.27M) | Time:00:00.79 | Mem:0.00M, Peak:0.00M | Scene, ViewLayer | Synchronizing object | Lined bodyside aperture panel.102
Fra:1 Mem:439.27M (Peak 439.27M) | Time:00:00.79 | Mem:0.00M, Peak:0.00M | Scene, ViewLayer | Synchronizing object | Pressed bodyside skin.103
Fra:1 Mem:439.27M (Peak 439.27M) | Time:00:00.79 | Mem:0.00M, Peak:0.00M | Scene, ViewLayer | Synchronizing object | Lined bodyside aperture panel.103
Fra:1 Mem:439.27M (Peak 439.27M) | Time:00:00.79 | Mem:0.00M, Peak:0.00M | Scene, ViewLayer | Synchronizing object | Pressed bodyside skin.104
Fra:1 Mem:439.27M (Peak 439.27M) | Time:00:00.79 | Mem:0.00M, Peak:0.00M | Scene, ViewLayer | Synchronizing object | Lined bodyside aperture panel.104
Fra:1 Mem:439.27M (Peak 439.27M) | Time:00:00.79 | Mem:0.00M, Peak:0.00M | Scene, ViewLayer | Synchronizing object | Pressed bodyside skin.105
Fra:1 Mem:439.28M (Peak 439.28M) | Time:00:00.79 | Mem:0.00M, Peak:0.00M | Scene, ViewLayer | Synchronizing object | Lined bodyside aperture panel.105
Fra:1 Mem:439.28M (Peak 439.28M) | Time:00:00.79 | Mem:0.00M, Peak:0.00M | Scene, ViewLayer | Synchronizing object | Pressed bodyside skin.106
Fra:1 Mem:439.28M (Peak 439.28M) | Time:00:00.79 | Mem:0.00M, Peak:0.00M | Scene, ViewLayer | Synchronizing object | Lined bodyside aperture panel.106
Fra:1 Mem:439.28M (Peak 439.28M) | Time:00:00.79 | Mem:0.00M, Peak:0.00M | Scene, ViewLayer | Synchronizing object | Pressed bodyside skin.107
Fra:1 Mem:439.28M (Peak 439.28M) | Time:00:00.79 | Mem:0.00M, Peak:0.00M | Scene, ViewLayer | Synchronizing object | Lined bodyside aperture panel.107
Fra:1 Mem:439.28M (Peak 439.28M) | Time:00:00.79 | Mem:0.00M, Peak:0.00M | Scene, ViewLayer | Synchronizing object | Pressed bodyside skin.108
Fra:1 Mem:439.28M (Peak 439.28M) | Time:00:00.79 | Mem:0.00M, Peak:0.00M | Scene, ViewLayer | Synchronizing object | Lined bodyside aperture panel.108
Fra:1 Mem:439.29M (Peak 439.29M) | Time:00:00.79 | Mem:0.00M, Peak:0.00M | Scene, ViewLayer | Synchronizing object | Pressed bodyside skin.109
Fra:1 Mem:439.29M (Peak 439.29M) | Time:00:00.79 | Mem:0.00M, Peak:0.00M | Scene, ViewLayer | Synchronizing object | Lined bodyside aperture panel.109
Fra:1 Mem:439.29M (Peak 439.29M) | Time:00:00.79 | Mem:0.00M, Peak:0.00M | Scene, ViewLayer | Synchronizing object | Pressed bodyside skin.110
Fra:1 Mem:439.29M (Peak 439.29M) | Time:00:00.79 | Mem:0.00M, Peak:0.00M | Scene, ViewLayer | Synchronizing object | Lined bodyside aperture panel.110
Fra:1 Mem:439.29M (Peak 439.29M) | Time:00:00.79 | Mem:0.00M, Peak:0.00M | Scene, ViewLayer | Synchronizing object | Pressed bodyside skin.111
Fra:1 Mem:439.29M (Peak 439.29M) | Time:00:00.79 | Mem:0.00M, Peak:0.00M | Scene, ViewLayer | Synchronizing object | Lined bodyside aperture panel.111
Fra:1 Mem:439.30M (Peak 439.30M) | Time:00:00.79 | Mem:0.00M, Peak:0.00M | Scene, ViewLayer | Synchronizing object | Pressed bodyside skin.112
Fra:1 Mem:439.30M (Peak 439.30M) | Time:00:00.79 | Mem:0.00M, Peak:0.00M | Scene, ViewLayer | Synchronizing object | Lined bodyside aperture panel.112
Fra:1 Mem:439.30M (Peak 439.30M) | Time:00:00.79 | Mem:0.00M, Peak:0.00M | Scene, ViewLayer | Synchronizing object | Pressed bodyside skin.113
Fra:1 Mem:439.30M (Peak 439.30M) | Time:00:00.79 | Mem:0.00M, Peak:0.00M | Scene, ViewLayer | Synchronizing object | Lined bodyside aperture panel.113
Fra:1 Mem:439.30M (Peak 439.30M) | Time:00:00.79 | Mem:0.00M, Peak:0.00M | Scene, ViewLayer | Synchronizing object | Pressed bodyside skin.114
Fra:1 Mem:439.30M (Peak 439.30M) | Time:00:00.79 | Mem:0.00M, Peak:0.00M | Scene, ViewLayer | Synchronizing object | Lined bodyside aperture panel.114
Fra:1 Mem:439.30M (Peak 439.30M) | Time:00:00.79 | Mem:0.00M, Peak:0.00M | Scene, ViewLayer | Synchronizing object | Pressed bodyside skin.115
Fra:1 Mem:439.31M (Peak 439.31M) | Time:00:00.79 | Mem:0.00M, Peak:0.00M | Scene, ViewLayer | Synchronizing object | Lined bodyside aperture panel.115
Fra:1 Mem:439.31M (Peak 439.31M) | Time:00:00.79 | Mem:0.00M, Peak:0.00M | Scene, ViewLayer | Synchronizing object | Pressed bodyside skin.116
Fra:1 Mem:439.31M (Peak 439.31M) | Time:00:00.79 | Mem:0.00M, Peak:0.00M | Scene, ViewLayer | Synchronizing object | Lined bodyside aperture panel.116
Fra:1 Mem:439.31M (Peak 439.31M) | Time:00:00.79 | Mem:0.00M, Peak:0.00M | Scene, ViewLayer | Synchronizing object | Pressed bodyside skin.117
Fra:1 Mem:439.31M (Peak 439.31M) | Time:00:00.79 | Mem:0.00M, Peak:0.00M | Scene, ViewLayer | Synchronizing object | Lined bodyside aperture panel.117
Fra:1 Mem:439.31M (Peak 439.31M) | Time:00:00.79 | Mem:0.00M, Peak:0.00M | Scene, ViewLayer | Synchronizing object | Pressed bodyside skin.118
Fra:1 Mem:439.31M (Peak 439.31M) | Time:00:00.79 | Mem:0.00M, Peak:0.00M | Scene, ViewLayer | Synchronizing object | Lined bodyside aperture panel.118
Fra:1 Mem:439.32M (Peak 439.32M) | Time:00:00.79 | Mem:0.00M, Peak:0.00M | Scene, ViewLayer | Synchronizing object | Pressed bodyside skin.119
Fra:1 Mem:439.32M (Peak 439.32M) | Time:00:00.79 | Mem:0.00M, Peak:0.00M | Scene, ViewLayer | Synchronizing object | Lined bodyside aperture panel.119
Fra:1 Mem:439.32M (Peak 439.32M) | Time:00:00.79 | Mem:0.00M, Peak:0.00M | Scene, ViewLayer | Synchronizing object | Pressed bodyside skin.120
Fra:1 Mem:439.32M (Peak 439.32M) | Time:00:00.79 | Mem:0.00M, Peak:0.00M | Scene, ViewLayer | Synchronizing object | Lined bodyside aperture panel.120
Fra:1 Mem:439.32M (Peak 439.32M) | Time:00:00.79 | Mem:0.00M, Peak:0.00M | Scene, ViewLayer | Synchronizing object | Pressed bodyside skin.121
Fra:1 Mem:439.32M (Peak 439.32M) | Time:00:00.79 | Mem:0.00M, Peak:0.00M | Scene, ViewLayer | Synchronizing object | Lined bodyside aperture panel.121
Fra:1 Mem:439.32M (Peak 439.32M) | Time:00:00.79 | Mem:0.00M, Peak:0.00M | Scene, ViewLayer | Synchronizing object | Pressed bodyside skin.122
Fra:1 Mem:439.33M (Peak 439.33M) | Time:00:00.79 | Mem:0.00M, Peak:0.00M | Scene, ViewLayer | Synchronizing object | Lined bodyside aperture panel.122
Fra:1 Mem:439.33M (Peak 439.33M) | Time:00:00.79 | Mem:0.00M, Peak:0.00M | Scene, ViewLayer | Synchronizing object | Pressed bodyside skin.123
Fra:1 Mem:439.33M (Peak 439.33M) | Time:00:00.79 | Mem:0.00M, Peak:0.00M | Scene, ViewLayer | Synchronizing object | Lined bodyside aperture panel.123
Fra:1 Mem:439.33M (Peak 439.33M) | Time:00:00.79 | Mem:0.00M, Peak:0.00M | Scene, ViewLayer | Synchronizing object | Pressed bodyside skin.124
Fra:1 Mem:439.33M (Peak 439.33M) | Time:00:00.79 | Mem:0.00M, Peak:0.00M | Scene, ViewLayer | Synchronizing object | Lined bodyside aperture panel.124
Fra:1 Mem:439.33M (Peak 439.33M) | Time:00:00.79 | Mem:0.00M, Peak:0.00M | Scene, ViewLayer | Synchronizing object | Pressed bodyside skin.125
Fra:1 Mem:439.33M (Peak 439.33M) | Time:00:00.79 | Mem:0.00M, Peak:0.00M | Scene, ViewLayer | Synchronizing object | Lined bodyside aperture panel.125
Fra:1 Mem:439.34M (Peak 439.34M) | Time:00:00.79 | Mem:0.00M, Peak:0.00M | Scene, ViewLayer | Synchronizing object | Pressed bodyside skin.126
Fra:1 Mem:439.34M (Peak 439.34M) | Time:00:00.79 | Mem:0.00M, Peak:0.00M | Scene, ViewLayer | Synchronizing object | Lined bodyside aperture panel.126
Fra:1 Mem:439.34M (Peak 439.34M) | Time:00:00.79 | Mem:0.00M, Peak:0.00M | Scene, ViewLayer | Synchronizing object | Pressed bodyside skin.127
Fra:1 Mem:439.34M (Peak 439.34M) | Time:00:00.79 | Mem:0.00M, Peak:0.00M | Scene, ViewLayer | Synchronizing object | Lined bodyside aperture panel.127
Fra:1 Mem:439.34M (Peak 439.34M) | Time:00:00.79 | Mem:0.00M, Peak:0.00M | Scene, ViewLayer | Synchronizing object | Pressed bodyside skin.128
Fra:1 Mem:439.34M (Peak 439.34M) | Time:00:00.79 | Mem:0.00M, Peak:0.00M | Scene, ViewLayer | Synchronizing object | Lined bodyside aperture panel.128
Fra:1 Mem:439.34M (Peak 439.34M) | Time:00:00.79 | Mem:0.00M, Peak:0.00M | Scene, ViewLayer | Synchronizing object | Pressed bodyside skin.129
Fra:1 Mem:439.35M (Peak 439.35M) | Time:00:00.79 | Mem:0.00M, Peak:0.00M | Scene, ViewLayer | Synchronizing object | Lined bodyside aperture panel.129
Fra:1 Mem:439.35M (Peak 439.35M) | Time:00:00.79 | Mem:0.00M, Peak:0.00M | Scene, ViewLayer | Synchronizing object | Pressed bodyside skin.130
Fra:1 Mem:439.35M (Peak 439.35M) | Time:00:00.79 | Mem:0.00M, Peak:0.00M | Scene, ViewLayer | Synchronizing object | Lined bodyside aperture panel.130
Fra:1 Mem:439.35M (Peak 439.35M) | Time:00:00.79 | Mem:0.00M, Peak:0.00M | Scene, ViewLayer | Synchronizing object | Pressed bodyside skin.131
Fra:1 Mem:439.35M (Peak 439.35M) | Time:00:00.79 | Mem:0.00M, Peak:0.00M | Scene, ViewLayer | Synchronizing object | Lined bodyside aperture panel.131
Fra:1 Mem:439.35M (Peak 439.35M) | Time:00:00.79 | Mem:0.00M, Peak:0.00M | Scene, ViewLayer | Synchronizing object | Pressed bodyside skin.132
Fra:1 Mem:439.35M (Peak 439.35M) | Time:00:00.79 | Mem:0.00M, Peak:0.00M | Scene, ViewLayer | Synchronizing object | Lined bodyside aperture panel.132
Fra:1 Mem:439.36M (Peak 439.36M) | Time:00:00.79 | Mem:0.00M, Peak:0.00M | Scene, ViewLayer | Synchronizing object | Pressed bodyside skin.133
Fra:1 Mem:439.36M (Peak 439.36M) | Time:00:00.79 | Mem:0.00M, Peak:0.00M | Scene, ViewLayer | Synchronizing object | Lined bodyside aperture panel.133
Fra:1 Mem:439.36M (Peak 439.36M) | Time:00:00.79 | Mem:0.00M, Peak:0.00M | Scene, ViewLayer | Synchronizing object | Pressed bodyside skin.134
Fra:1 Mem:439.36M (Peak 439.36M) | Time:00:00.79 | Mem:0.00M, Peak:0.00M | Scene, ViewLayer | Synchronizing object | Lined bodyside aperture panel.134
Fra:1 Mem:439.36M (Peak 439.36M) | Time:00:00.79 | Mem:0.00M, Peak:0.00M | Scene, ViewLayer | Synchronizing object | Pressed bodyside skin.135
Fra:1 Mem:439.36M (Peak 439.36M) | Time:00:00.79 | Mem:0.00M, Peak:0.00M | Scene, ViewLayer | Synchronizing object | Lined bodyside aperture panel.135
Fra:1 Mem:439.36M (Peak 439.36M) | Time:00:00.79 | Mem:0.00M, Peak:0.00M | Scene, ViewLayer | Synchronizing object | Pressed bodyside skin.136
Fra:1 Mem:439.37M (Peak 439.37M) | Time:00:00.79 | Mem:0.00M, Peak:0.00M | Scene, ViewLayer | Synchronizing object | Lined bodyside aperture panel.136
Fra:1 Mem:439.37M (Peak 439.37M) | Time:00:00.79 | Mem:0.00M, Peak:0.00M | Scene, ViewLayer | Synchronizing object | Pressed bodyside skin.137
Fra:1 Mem:439.37M (Peak 439.37M) | Time:00:00.79 | Mem:0.00M, Peak:0.00M | Scene, ViewLayer | Synchronizing object | Lined bodyside aperture panel.137
Fra:1 Mem:439.37M (Peak 439.37M) | Time:00:00.79 | Mem:0.00M, Peak:0.00M | Scene, ViewLayer | Synchronizing object | Pressed bodyside skin.138
Fra:1 Mem:439.37M (Peak 439.37M) | Time:00:00.79 | Mem:0.00M, Peak:0.00M | Scene, ViewLayer | Synchronizing object | Lined bodyside aperture panel.138
Fra:1 Mem:439.37M (Peak 439.37M) | Time:00:00.79 | Mem:0.00M, Peak:0.00M | Scene, ViewLayer | Synchronizing object | Pressed bodyside skin.139
Fra:1 Mem:439.37M (Peak 439.37M) | Time:00:00.79 | Mem:0.00M, Peak:0.00M | Scene, ViewLayer | Synchronizing object | Lined bodyside aperture panel.139
Fra:1 Mem:439.38M (Peak 439.38M) | Time:00:00.79 | Mem:0.00M, Peak:0.00M | Scene, ViewLayer | Synchronizing object | Pressed bodyside skin.140
Fra:1 Mem:439.38M (Peak 439.38M) | Time:00:00.79 | Mem:0.00M, Peak:0.00M | Scene, ViewLayer | Synchronizing object | Lined bodyside aperture panel.140
Fra:1 Mem:439.38M (Peak 439.38M) | Time:00:00.79 | Mem:0.00M, Peak:0.00M | Scene, ViewLayer | Synchronizing object | Pressed bodyside skin.141
Fra:1 Mem:439.38M (Peak 439.38M) | Time:00:00.79 | Mem:0.00M, Peak:0.00M | Scene, ViewLayer | Synchronizing object | Lined bodyside aperture panel.141
Fra:1 Mem:439.38M (Peak 439.38M) | Time:00:00.79 | Mem:0.00M, Peak:0.00M | Scene, ViewLayer | Synchronizing object | Pressed bodyside skin.142
Fra:1 Mem:439.38M (Peak 439.38M) | Time:00:00.79 | Mem:0.00M, Peak:0.00M | Scene, ViewLayer | Synchronizing object | Lined bodyside aperture panel.142
Fra:1 Mem:439.38M (Peak 439.38M) | Time:00:00.79 | Mem:0.00M, Peak:0.00M | Scene, ViewLayer | Synchronizing object | Pressed bodyside skin.143
Fra:1 Mem:439.39M (Peak 439.39M) | Time:00:00.79 | Mem:0.00M, Peak:0.00M | Scene, ViewLayer | Synchronizing object | Lined bodyside aperture panel.143
Fra:1 Mem:439.40M (Peak 439.40M) | Time:00:00.79 | Mem:0.00M, Peak:0.00M | Scene, ViewLayer | Synchronizing object | Pressed bodyside skin.144
Fra:1 Mem:439.40M (Peak 439.40M) | Time:00:00.79 | Mem:0.00M, Peak:0.00M | Scene, ViewLayer | Synchronizing object | Lined bodyside aperture panel.144
Fra:1 Mem:439.40M (Peak 439.40M) | Time:00:00.79 | Mem:0.00M, Peak:0.00M | Scene, ViewLayer | Synchronizing object | Pressed bodyside skin.145
Fra:1 Mem:439.40M (Peak 439.40M) | Time:00:00.79 | Mem:0.00M, Peak:0.00M | Scene, ViewLayer | Synchronizing object | Lined bodyside aperture panel.145
Fra:1 Mem:439.40M (Peak 439.40M) | Time:00:00.79 | Mem:0.00M, Peak:0.00M | Scene, ViewLayer | Synchronizing object | Pressed bodyside skin.146
Fra:1 Mem:439.40M (Peak 439.40M) | Time:00:00.79 | Mem:0.00M, Peak:0.00M | Scene, ViewLayer | Synchronizing object | Lined bodyside aperture panel.146
Fra:1 Mem:439.40M (Peak 439.40M) | Time:00:00.79 | Mem:0.00M, Peak:0.00M | Scene, ViewLayer | Synchronizing object | Pressed bodyside skin.147
Fra:1 Mem:439.41M (Peak 439.41M) | Time:00:00.79 | Mem:0.00M, Peak:0.00M | Scene, ViewLayer | Synchronizing object | Lined bodyside aperture panel.147
Fra:1 Mem:439.41M (Peak 439.41M) | Time:00:00.79 | Mem:0.00M, Peak:0.00M | Scene, ViewLayer | Synchronizing object | Pressed bodyside skin.148
Fra:1 Mem:439.41M (Peak 439.41M) | Time:00:00.79 | Mem:0.00M, Peak:0.00M | Scene, ViewLayer | Synchronizing object | Lined bodyside aperture panel.148
Fra:1 Mem:439.41M (Peak 439.41M) | Time:00:00.79 | Mem:0.00M, Peak:0.00M | Scene, ViewLayer | Synchronizing object | Pressed bodyside skin.149
Fra:1 Mem:439.41M (Peak 439.41M) | Time:00:00.79 | Mem:0.00M, Peak:0.00M | Scene, ViewLayer | Synchronizing object | Lined bodyside aperture panel.149
Fra:1 Mem:439.41M (Peak 439.41M) | Time:00:00.79 | Mem:0.00M, Peak:0.00M | Scene, ViewLayer | Synchronizing object | Pressed bodyside skin.150
Fra:1 Mem:439.41M (Peak 439.41M) | Time:00:00.79 | Mem:0.00M, Peak:0.00M | Scene, ViewLayer | Synchronizing object | Lined bodyside aperture panel.150
Fra:1 Mem:439.42M (Peak 439.42M) | Time:00:00.79 | Mem:0.00M, Peak:0.00M | Scene, ViewLayer | Synchronizing object | Pressed bodyside skin.151
Fra:1 Mem:439.42M (Peak 439.42M) | Time:00:00.79 | Mem:0.00M, Peak:0.00M | Scene, ViewLayer | Synchronizing object | Lined bodyside aperture panel.151
Fra:1 Mem:439.42M (Peak 439.42M) | Time:00:00.79 | Mem:0.00M, Peak:0.00M | Scene, ViewLayer | Synchronizing object | Pressed bodyside skin.152
Fra:1 Mem:439.42M (Peak 439.42M) | Time:00:00.79 | Mem:0.00M, Peak:0.00M | Scene, ViewLayer | Synchronizing object | Lined bodyside aperture panel.152
Fra:1 Mem:439.42M (Peak 439.42M) | Time:00:00.79 | Mem:0.00M, Peak:0.00M | Scene, ViewLayer | Synchronizing object | Pressed bodyside skin.153
Fra:1 Mem:439.42M (Peak 439.42M) | Time:00:00.79 | Mem:0.00M, Peak:0.00M | Scene, ViewLayer | Synchronizing object | Lined bodyside aperture panel.153
Fra:1 Mem:439.42M (Peak 439.42M) | Time:00:00.79 | Mem:0.00M, Peak:0.00M | Scene, ViewLayer | Synchronizing object | Pressed bodyside skin.154
Fra:1 Mem:439.43M (Peak 439.43M) | Time:00:00.79 | Mem:0.00M, Peak:0.00M | Scene, ViewLayer | Synchronizing object | Lined bodyside aperture panel.154
Fra:1 Mem:439.43M (Peak 439.43M) | Time:00:00.79 | Mem:0.00M, Peak:0.00M | Scene, ViewLayer | Synchronizing object | Pressed bodyside skin.155
Fra:1 Mem:439.43M (Peak 439.43M) | Time:00:00.79 | Mem:0.00M, Peak:0.00M | Scene, ViewLayer | Synchronizing object | Lined bodyside aperture panel.155
Fra:1 Mem:439.43M (Peak 439.43M) | Time:00:00.79 | Mem:0.00M, Peak:0.00M | Scene, ViewLayer | Synchronizing object | Pressed bodyside skin.156
Fra:1 Mem:439.43M (Peak 439.43M) | Time:00:00.79 | Mem:0.00M, Peak:0.00M | Scene, ViewLayer | Synchronizing object | Lined bodyside aperture panel.156
Fra:1 Mem:439.43M (Peak 439.43M) | Time:00:00.79 | Mem:0.00M, Peak:0.00M | Scene, ViewLayer | Synchronizing object | Pressed bodyside skin.157
Fra:1 Mem:439.43M (Peak 439.43M) | Time:00:00.79 | Mem:0.00M, Peak:0.00M | Scene, ViewLayer | Synchronizing object | Lined bodyside aperture panel.157
Fra:1 Mem:439.44M (Peak 439.44M) | Time:00:00.79 | Mem:0.00M, Peak:0.00M | Scene, ViewLayer | Synchronizing object | Pressed bodyside skin.158
Fra:1 Mem:439.44M (Peak 439.44M) | Time:00:00.79 | Mem:0.00M, Peak:0.00M | Scene, ViewLayer | Synchronizing object | Lined bodyside aperture panel.158
Fra:1 Mem:439.44M (Peak 439.44M) | Time:00:00.79 | Mem:0.00M, Peak:0.00M | Scene, ViewLayer | Synchronizing object | Pressed bodyside skin.159
Fra:1 Mem:439.44M (Peak 439.44M) | Time:00:00.79 | Mem:0.00M, Peak:0.00M | Scene, ViewLayer | Synchronizing object | Lined bodyside aperture panel.159
Fra:1 Mem:439.44M (Peak 439.44M) | Time:00:00.79 | Mem:0.00M, Peak:0.00M | Scene, ViewLayer | Synchronizing object | Pressed bodyside skin.160
Fra:1 Mem:439.44M (Peak 439.44M) | Time:00:00.79 | Mem:0.00M, Peak:0.00M | Scene, ViewLayer | Synchronizing object | Lined bodyside aperture panel.160
Fra:1 Mem:439.44M (Peak 439.44M) | Time:00:00.79 | Mem:0.00M, Peak:0.00M | Scene, ViewLayer | Synchronizing object | Pressed bodyside skin.161
Fra:1 Mem:439.45M (Peak 439.45M) | Time:00:00.79 | Mem:0.00M, Peak:0.00M | Scene, ViewLayer | Synchronizing object | Lined bodyside aperture panel.161
Fra:1 Mem:439.45M (Peak 439.45M) | Time:00:00.79 | Mem:0.00M, Peak:0.00M | Scene, ViewLayer | Synchronizing object | Pressed bodyside skin.162
Fra:1 Mem:439.45M (Peak 439.45M) | Time:00:00.79 | Mem:0.00M, Peak:0.00M | Scene, ViewLayer | Synchronizing object | Lined bodyside aperture panel.162
Fra:1 Mem:439.45M (Peak 439.45M) | Time:00:00.79 | Mem:0.00M, Peak:0.00M | Scene, ViewLayer | Synchronizing object | Pressed bodyside skin.163
Fra:1 Mem:439.45M (Peak 439.45M) | Time:00:00.79 | Mem:0.00M, Peak:0.00M | Scene, ViewLayer | Synchronizing object | Lined bodyside aperture panel.163
Fra:1 Mem:439.45M (Peak 439.45M) | Time:00:00.79 | Mem:0.00M, Peak:0.00M | Scene, ViewLayer | Synchronizing object | Pressed bodyside skin.164
Fra:1 Mem:439.45M (Peak 439.45M) | Time:00:00.79 | Mem:0.00M, Peak:0.00M | Scene, ViewLayer | Synchronizing object | Lined bodyside aperture panel.164
Fra:1 Mem:439.46M (Peak 439.46M) | Time:00:00.79 | Mem:0.00M, Peak:0.00M | Scene, ViewLayer | Synchronizing object | Pressed bodyside skin.165
Fra:1 Mem:439.46M (Peak 439.46M) | Time:00:00.79 | Mem:0.00M, Peak:0.00M | Scene, ViewLayer | Synchronizing object | Lined bodyside aperture panel.165
Fra:1 Mem:439.46M (Peak 439.46M) | Time:00:00.79 | Mem:0.00M, Peak:0.00M | Scene, ViewLayer | Synchronizing object | Pressed bodyside skin.166
Fra:1 Mem:439.46M (Peak 439.46M) | Time:00:00.79 | Mem:0.00M, Peak:0.00M | Scene, ViewLayer | Synchronizing object | Lined bodyside aperture panel.166
Fra:1 Mem:439.46M (Peak 439.46M) | Time:00:00.79 | Mem:0.00M, Peak:0.00M | Scene, ViewLayer | Synchronizing object | Pressed bodyside skin.167
Fra:1 Mem:439.46M (Peak 439.46M) | Time:00:00.79 | Mem:0.00M, Peak:0.00M | Scene, ViewLayer | Synchronizing object | Lined bodyside aperture panel.167
Fra:1 Mem:439.46M (Peak 439.46M) | Time:00:00.79 | Mem:0.00M, Peak:0.00M | Scene, ViewLayer | Synchronizing object | Pressed bodyside skin.168
Fra:1 Mem:439.47M (Peak 439.47M) | Time:00:00.79 | Mem:0.00M, Peak:0.00M | Scene, ViewLayer | Synchronizing object | Lined bodyside aperture panel.168
Fra:1 Mem:439.47M (Peak 439.47M) | Time:00:00.79 | Mem:0.00M, Peak:0.00M | Scene, ViewLayer | Synchronizing object | Pressed bodyside skin.169
Fra:1 Mem:439.47M (Peak 439.47M) | Time:00:00.79 | Mem:0.00M, Peak:0.00M | Scene, ViewLayer | Synchronizing object | Lined bodyside aperture panel.169
Fra:1 Mem:439.47M (Peak 439.47M) | Time:00:00.79 | Mem:0.00M, Peak:0.00M | Scene, ViewLayer | Synchronizing object | Pressed bodyside skin.170
Fra:1 Mem:439.47M (Peak 439.47M) | Time:00:00.79 | Mem:0.00M, Peak:0.00M | Scene, ViewLayer | Synchronizing object | Lined bodyside aperture panel.170
Fra:1 Mem:439.47M (Peak 439.47M) | Time:00:00.79 | Mem:0.00M, Peak:0.00M | Scene, ViewLayer | Synchronizing object | Pressed bodyside skin.171
Fra:1 Mem:439.47M (Peak 439.47M) | Time:00:00.79 | Mem:0.00M, Peak:0.00M | Scene, ViewLayer | Synchronizing object | Lined bodyside aperture panel.171
Fra:1 Mem:439.48M (Peak 439.48M) | Time:00:00.79 | Mem:0.00M, Peak:0.00M | Scene, ViewLayer | Synchronizing object | Pressed bodyside skin.172
Fra:1 Mem:439.48M (Peak 439.48M) | Time:00:00.79 | Mem:0.00M, Peak:0.00M | Scene, ViewLayer | Synchronizing object | Lined bodyside aperture panel.172
Fra:1 Mem:439.48M (Peak 439.48M) | Time:00:00.79 | Mem:0.00M, Peak:0.00M | Scene, ViewLayer | Synchronizing object | Pressed bodyside skin.173
Fra:1 Mem:439.48M (Peak 439.48M) | Time:00:00.79 | Mem:0.00M, Peak:0.00M | Scene, ViewLayer | Synchronizing object | Lined bodyside aperture panel.173
Fra:1 Mem:439.48M (Peak 439.48M) | Time:00:00.79 | Mem:0.00M, Peak:0.00M | Scene, ViewLayer | Synchronizing object | Pressed bodyside skin.174
Fra:1 Mem:439.48M (Peak 439.48M) | Time:00:00.79 | Mem:0.00M, Peak:0.00M | Scene, ViewLayer | Synchronizing object | Lined bodyside aperture panel.174
Fra:1 Mem:439.48M (Peak 439.48M) | Time:00:00.79 | Mem:0.00M, Peak:0.00M | Scene, ViewLayer | Synchronizing object | Pressed bodyside skin.175
Fra:1 Mem:439.49M (Peak 439.49M) | Time:00:00.79 | Mem:0.00M, Peak:0.00M | Scene, ViewLayer | Synchronizing object | Lined bodyside aperture panel.175
Fra:1 Mem:439.49M (Peak 439.49M) | Time:00:00.79 | Mem:0.00M, Peak:0.00M | Scene, ViewLayer | Synchronizing object | Pressed bodyside skin.176
Fra:1 Mem:439.49M (Peak 439.49M) | Time:00:00.79 | Mem:0.00M, Peak:0.00M | Scene, ViewLayer | Synchronizing object | Lined bodyside aperture panel.176
Fra:1 Mem:439.49M (Peak 439.49M) | Time:00:00.79 | Mem:0.00M, Peak:0.00M | Scene, ViewLayer | Synchronizing object | Pressed bodyside skin.177
Fra:1 Mem:439.49M (Peak 439.49M) | Time:00:00.79 | Mem:0.00M, Peak:0.00M | Scene, ViewLayer | Synchronizing object | Lined bodyside aperture panel.177
Fra:1 Mem:439.49M (Peak 439.49M) | Time:00:00.79 | Mem:0.00M, Peak:0.00M | Scene, ViewLayer | Synchronizing object | Bodyside roof rain gutter
Fra:1 Mem:439.50M (Peak 439.50M) | Time:00:00.79 | Mem:0.00M, Peak:0.00M | Scene, ViewLayer | Synchronizing object | Floor skin rolled seam
Fra:1 Mem:439.50M (Peak 439.50M) | Time:00:00.79 | Mem:0.00M, Peak:0.00M | Scene, ViewLayer | Synchronizing object | Rounded body aperture corner
Fra:1 Mem:439.52M (Peak 439.52M) | Time:00:00.79 | Mem:0.00M, Peak:0.00M | Scene, ViewLayer | Synchronizing object | Pressed window aperture corner infill
Fra:1 Mem:439.53M (Peak 439.53M) | Time:00:00.79 | Mem:0.00M, Peak:0.00M | Scene, ViewLayer | Synchronizing object | Window pressed reveal return
Fra:1 Mem:439.54M (Peak 439.54M) | Time:00:00.79 | Mem:0.00M, Peak:0.00M | Scene, ViewLayer | Synchronizing object | Continuous EPDM glazing gasket
Fra:1 Mem:439.56M (Peak 439.56M) | Time:00:00.79 | Mem:0.00M, Peak:0.00M | Scene, ViewLayer | Synchronizing object | Anodised window frame extrusion
Fra:1 Mem:439.59M (Peak 439.59M) | Time:00:00.79 | Mem:0.00M, Peak:0.00M | Scene, ViewLayer | Synchronizing object | Sealed tinted passenger pane
Fra:1 Mem:439.60M (Peak 439.60M) | Time:00:00.79 | Mem:0.00M, Peak:0.00M | Scene, ViewLayer | Synchronizing object | Interior rounded window sill
Fra:1 Mem:439.61M (Peak 439.61M) | Time:00:00.79 | Mem:0.00M, Peak:0.00M | Scene, ViewLayer | Synchronizing object | Window curtain upper rail
Fra:1 Mem:439.61M (Peak 439.61M) | Time:00:00.79 | Mem:0.00M, Peak:0.00M | Scene, ViewLayer | Synchronizing object | Gathered window curtain soft drape
Fra:1 Mem:439.69M (Peak 439.69M) | Time:00:00.79 | Mem:0.00M, Peak:0.00M | Scene, ViewLayer | Synchronizing object | Curtain stitched lower hem
Fra:1 Mem:439.71M (Peak 439.71M) | Time:00:00.79 | Mem:0.00M, Peak:0.00M | Scene, ViewLayer | Synchronizing object | Window curtain fabric tieback
Fra:1 Mem:439.72M (Peak 439.72M) | Time:00:00.79 | Mem:0.00M, Peak:0.00M | Scene, ViewLayer | Synchronizing object | Curtain suspension ring
Fra:1 Mem:439.74M (Peak 439.74M) | Time:00:00.79 | Mem:0.00M, Peak:0.00M | Scene, ViewLayer | Synchronizing object | Curtain suspension ring.001
Fra:1 Mem:439.75M (Peak 439.75M) | Time:00:00.79 | Mem:0.00M, Peak:0.00M | Scene, ViewLayer | Synchronizing object | Curtain suspension ring.002
Fra:1 Mem:439.77M (Peak 439.77M) | Time:00:00.79 | Mem:0.00M, Peak:0.00M | Scene, ViewLayer | Synchronizing object | Curtain suspension ring.003
Fra:1 Mem:439.79M (Peak 439.79M) | Time:00:00.79 | Mem:0.00M, Peak:0.00M | Scene, ViewLayer | Synchronizing object | Curtain suspension ring.004
Fra:1 Mem:439.80M (Peak 439.80M) | Time:00:00.79 | Mem:0.00M, Peak:0.00M | Scene, ViewLayer | Synchronizing object | Gathered window curtain soft drape.001
Fra:1 Mem:439.88M (Peak 439.88M) | Time:00:00.80 | Mem:0.00M, Peak:0.00M | Scene, ViewLayer | Synchronizing object | Curtain stitched lower hem.001
Fra:1 Mem:439.90M (Peak 439.90M) | Time:00:00.80 | Mem:0.00M, Peak:0.00M | Scene, ViewLayer | Synchronizing object | Window curtain fabric tieback.001
Fra:1 Mem:439.91M (Peak 439.91M) | Time:00:00.80 | Mem:0.00M, Peak:0.00M | Scene, ViewLayer | Synchronizing object | Curtain suspension ring.005
Fra:1 Mem:439.93M (Peak 439.93M) | Time:00:00.80 | Mem:0.00M, Peak:0.00M | Scene, ViewLayer | Synchronizing object | Curtain suspension ring.006
Fra:1 Mem:439.94M (Peak 439.94M) | Time:00:00.80 | Mem:0.00M, Peak:0.00M | Scene, ViewLayer | Synchronizing object | Curtain suspension ring.007
Fra:1 Mem:439.96M (Peak 439.96M) | Time:00:00.80 | Mem:0.00M, Peak:0.00M | Scene, ViewLayer | Synchronizing object | Curtain suspension ring.008
Fra:1 Mem:439.97M (Peak 439.97M) | Time:00:00.80 | Mem:0.00M, Peak:0.00M | Scene, ViewLayer | Synchronizing object | Curtain suspension ring.009
Fra:1 Mem:439.99M (Peak 439.99M) | Time:00:00.80 | Mem:0.00M, Peak:0.00M | Scene, ViewLayer | Synchronizing object | Rounded body aperture corner.001
Fra:1 Mem:440.02M (Peak 440.02M) | Time:00:00.80 | Mem:0.00M, Peak:0.00M | Scene, ViewLayer | Synchronizing object | Pressed window aperture corner infill.001
Fra:1 Mem:440.03M (Peak 440.03M) | Time:00:00.80 | Mem:0.00M, Peak:0.00M | Scene, ViewLayer | Synchronizing object | Window pressed reveal return.001
Fra:1 Mem:440.03M (Peak 440.03M) | Time:00:00.80 | Mem:0.00M, Peak:0.00M | Scene, ViewLayer | Synchronizing object | Continuous EPDM glazing gasket.001
Fra:1 Mem:440.06M (Peak 440.06M) | Time:00:00.80 | Mem:0.00M, Peak:0.00M | Scene, ViewLayer | Synchronizing object | Anodised window frame extrusion.001
Fra:1 Mem:440.08M (Peak 440.08M) | Time:00:00.80 | Mem:0.00M, Peak:0.00M | Scene, ViewLayer | Synchronizing object | Sealed tinted passenger pane.001
Fra:1 Mem:440.09M (Peak 440.09M) | Time:00:00.80 | Mem:0.00M, Peak:0.00M | Scene, ViewLayer | Synchronizing object | Interior rounded window sill.001
Fra:1 Mem:440.10M (Peak 440.10M) | Time:00:00.80 | Mem:0.00M, Peak:0.00M | Scene, ViewLayer | Synchronizing object | Window curtain upper rail.001
Fra:1 Mem:440.10M (Peak 440.10M) | Time:00:00.80 | Mem:0.00M, Peak:0.00M | Scene, ViewLayer | Synchronizing object | Gathered window curtain soft drape.002
Fra:1 Mem:440.18M (Peak 440.18M) | Time:00:00.80 | Mem:0.00M, Peak:0.00M | Scene, ViewLayer | Synchronizing object | Curtain stitched lower hem.002
Fra:1 Mem:440.20M (Peak 440.20M) | Time:00:00.80 | Mem:0.00M, Peak:0.00M | Scene, ViewLayer | Synchronizing object | Window curtain fabric tieback.002
Fra:1 Mem:440.22M (Peak 440.22M) | Time:00:00.80 | Mem:0.00M, Peak:0.00M | Scene, ViewLayer | Synchronizing object | Curtain suspension ring.010
Fra:1 Mem:440.23M (Peak 440.23M) | Time:00:00.80 | Mem:0.00M, Peak:0.00M | Scene, ViewLayer | Synchronizing object | Curtain suspension ring.011
Fra:1 Mem:440.25M (Peak 440.25M) | Time:00:00.80 | Mem:0.00M, Peak:0.00M | Scene, ViewLayer | Synchronizing object | Curtain suspension ring.012
Fra:1 Mem:440.26M (Peak 440.26M) | Time:00:00.80 | Mem:0.00M, Peak:0.00M | Scene, ViewLayer | Synchronizing object | Curtain suspension ring.013
Fra:1 Mem:440.28M (Peak 440.28M) | Time:00:00.80 | Mem:0.00M, Peak:0.00M | Scene, ViewLayer | Synchronizing object | Curtain suspension ring.014
Fra:1 Mem:440.29M (Peak 440.29M) | Time:00:00.80 | Mem:0.00M, Peak:0.00M | Scene, ViewLayer | Synchronizing object | Gathered window curtain soft drape.003
Fra:1 Mem:440.37M (Peak 440.37M) | Time:00:00.80 | Mem:0.00M, Peak:0.00M | Scene, ViewLayer | Synchronizing object | Curtain stitched lower hem.003
Fra:1 Mem:440.40M (Peak 440.40M) | Time:00:00.80 | Mem:0.00M, Peak:0.00M | Scene, ViewLayer | Synchronizing object | Window curtain fabric tieback.003
Fra:1 Mem:440.41M (Peak 440.41M) | Time:00:00.80 | Mem:0.00M, Peak:0.00M | Scene, ViewLayer | Synchronizing object | Curtain suspension ring.015
Fra:1 Mem:440.42M (Peak 440.42M) | Time:00:00.80 | Mem:0.00M, Peak:0.00M | Scene, ViewLayer | Synchronizing object | Curtain suspension ring.016
Fra:1 Mem:440.44M (Peak 440.44M) | Time:00:00.80 | Mem:0.00M, Peak:0.00M | Scene, ViewLayer | Synchronizing object | Curtain suspension ring.017
Fra:1 Mem:440.45M (Peak 440.45M) | Time:00:00.80 | Mem:0.00M, Peak:0.00M | Scene, ViewLayer | Synchronizing object | Curtain suspension ring.018
Fra:1 Mem:440.47M (Peak 440.47M) | Time:00:00.80 | Mem:0.00M, Peak:0.00M | Scene, ViewLayer | Synchronizing object | Curtain suspension ring.019
Fra:1 Mem:440.48M (Peak 440.48M) | Time:00:00.80 | Mem:0.00M, Peak:0.00M | Scene, ViewLayer | Synchronizing object | Emergency window stencil
Fra:1 Mem:440.65M (Peak 440.65M) | Time:00:00.80 | Mem:0.00M, Peak:0.00M | Scene, ViewLayer | Synchronizing object | Emergency red release indicator
Fra:1 Mem:440.65M (Peak 440.65M) | Time:00:00.80 | Mem:0.00M, Peak:0.00M | Scene, ViewLayer | Synchronizing object | Emergency red release indicator.001
Fra:1 Mem:440.66M (Peak 440.66M) | Time:00:00.80 | Mem:0.00M, Peak:0.00M | Scene, ViewLayer | Synchronizing object | Rounded body aperture corner.002
Fra:1 Mem:440.69M (Peak 440.69M) | Time:00:00.80 | Mem:0.00M, Peak:0.00M | Scene, ViewLayer | Synchronizing object | Pressed window aperture corner infill.002
Fra:1 Mem:440.69M (Peak 440.69M) | Time:00:00.80 | Mem:0.00M, Peak:0.00M | Scene, ViewLayer | Synchronizing object | Window pressed reveal return.002
Fra:1 Mem:440.70M (Peak 440.70M) | Time:00:00.80 | Mem:0.00M, Peak:0.00M | Scene, ViewLayer | Synchronizing object | Continuous EPDM glazing gasket.002
Fra:1 Mem:440.73M (Peak 440.73M) | Time:00:00.80 | Mem:0.00M, Peak:0.00M | Scene, ViewLayer | Synchronizing object | Anodised window frame extrusion.002
Fra:1 Mem:440.75M (Peak 440.75M) | Time:00:00.80 | Mem:0.00M, Peak:0.00M | Scene, ViewLayer | Synchronizing object | Sealed tinted passenger pane.002
Fra:1 Mem:440.76M (Peak 440.76M) | Time:00:00.80 | Mem:0.00M, Peak:0.00M | Scene, ViewLayer | Synchronizing object | Interior rounded window sill.002
Fra:1 Mem:440.77M (Peak 440.77M) | Time:00:00.80 | Mem:0.00M, Peak:0.00M | Scene, ViewLayer | Synchronizing object | Window curtain upper rail.002
Fra:1 Mem:440.77M (Peak 440.77M) | Time:00:00.80 | Mem:0.00M, Peak:0.00M | Scene, ViewLayer | Synchronizing object | Gathered window curtain soft drape.004
Fra:1 Mem:440.85M (Peak 440.85M) | Time:00:00.80 | Mem:0.00M, Peak:0.00M | Scene, ViewLayer | Synchronizing object | Curtain stitched lower hem.004
Fra:1 Mem:440.88M (Peak 440.88M) | Time:00:00.80 | Mem:0.00M, Peak:0.00M | Scene, ViewLayer | Synchronizing object | Window curtain fabric tieback.004
Fra:1 Mem:440.89M (Peak 440.89M) | Time:00:00.80 | Mem:0.00M, Peak:0.00M | Scene, ViewLayer | Synchronizing object | Curtain suspension ring.020
Fra:1 Mem:440.90M (Peak 440.90M) | Time:00:00.80 | Mem:0.00M, Peak:0.00M | Scene, ViewLayer | Synchronizing object | Curtain suspension ring.021
Fra:1 Mem:440.92M (Peak 440.92M) | Time:00:00.80 | Mem:0.00M, Peak:0.00M | Scene, ViewLayer | Synchronizing object | Curtain suspension ring.022
Fra:1 Mem:440.93M (Peak 440.93M) | Time:00:00.80 | Mem:0.00M, Peak:0.00M | Scene, ViewLayer | Synchronizing object | Curtain suspension ring.023
Fra:1 Mem:440.95M (Peak 440.95M) | Time:00:00.80 | Mem:0.00M, Peak:0.00M | Scene, ViewLayer | Synchronizing object | Curtain suspension ring.024
Fra:1 Mem:440.96M (Peak 440.96M) | Time:00:00.80 | Mem:0.00M, Peak:0.00M | Scene, ViewLayer | Synchronizing object | Gathered window curtain soft drape.005
Fra:1 Mem:441.04M (Peak 441.04M) | Time:00:00.80 | Mem:0.00M, Peak:0.00M | Scene, ViewLayer | Synchronizing object | Curtain stitched lower hem.005
Fra:1 Mem:441.06M (Peak 441.06M) | Time:00:00.80 | Mem:0.00M, Peak:0.00M | Scene, ViewLayer | Synchronizing object | Window curtain fabric tieback.005
Fra:1 Mem:441.07M (Peak 441.07M) | Time:00:00.80 | Mem:0.00M, Peak:0.00M | Scene, ViewLayer | Synchronizing object | Curtain suspension ring.025
Fra:1 Mem:441.09M (Peak 441.09M) | Time:00:00.80 | Mem:0.00M, Peak:0.00M | Scene, ViewLayer | Synchronizing object | Curtain suspension ring.026
Fra:1 Mem:441.10M (Peak 441.10M) | Time:00:00.80 | Mem:0.00M, Peak:0.00M | Scene, ViewLayer | Synchronizing object | Curtain suspension ring.027
Fra:1 Mem:441.12M (Peak 441.12M) | Time:00:00.80 | Mem:0.00M, Peak:0.00M | Scene, ViewLayer | Synchronizing object | Curtain suspension ring.028
Fra:1 Mem:441.13M (Peak 441.13M) | Time:00:00.80 | Mem:0.00M, Peak:0.00M | Scene, ViewLayer | Synchronizing object | Curtain suspension ring.029
Fra:1 Mem:441.15M (Peak 441.15M) | Time:00:00.80 | Mem:0.00M, Peak:0.00M | Scene, ViewLayer | Synchronizing object | Rounded body aperture corner.003
Fra:1 Mem:441.17M (Peak 441.17M) | Time:00:00.80 | Mem:0.00M, Peak:0.00M | Scene, ViewLayer | Synchronizing object | Pressed window aperture corner infill.003
Fra:1 Mem:441.18M (Peak 441.18M) | Time:00:00.80 | Mem:0.00M, Peak:0.00M | Scene, ViewLayer | Synchronizing object | Window pressed reveal return.003
Fra:1 Mem:441.20M (Peak 441.20M) | Time:00:00.80 | Mem:0.00M, Peak:0.00M | Scene, ViewLayer | Synchronizing object | Continuous EPDM glazing gasket.003
Fra:1 Mem:441.23M (Peak 441.23M) | Time:00:00.80 | Mem:0.00M, Peak:0.00M | Scene, ViewLayer | Synchronizing object | Anodised window frame extrusion.003
Fra:1 Mem:441.25M (Peak 441.25M) | Time:00:00.80 | Mem:0.00M, Peak:0.00M | Scene, ViewLayer | Synchronizing object | Sealed tinted passenger pane.003
Fra:1 Mem:441.26M (Peak 441.26M) | Time:00:00.80 | Mem:0.00M, Peak:0.00M | Scene, ViewLayer | Synchronizing object | Interior rounded window sill.003
Fra:1 Mem:441.27M (Peak 441.27M) | Time:00:00.80 | Mem:0.00M, Peak:0.00M | Scene, ViewLayer | Synchronizing object | Window curtain upper rail.003
Fra:1 Mem:441.27M (Peak 441.27M) | Time:00:00.80 | Mem:0.00M, Peak:0.00M | Scene, ViewLayer | Synchronizing object | Gathered window curtain soft drape.006
Fra:1 Mem:441.35M (Peak 441.35M) | Time:00:00.80 | Mem:0.00M, Peak:0.00M | Scene, ViewLayer | Synchronizing object | Curtain stitched lower hem.006
Fra:1 Mem:441.38M (Peak 441.38M) | Time:00:00.80 | Mem:0.00M, Peak:0.00M | Scene, ViewLayer | Synchronizing object | Window curtain fabric tieback.006
Fra:1 Mem:441.39M (Peak 441.39M) | Time:00:00.80 | Mem:0.00M, Peak:0.00M | Scene, ViewLayer | Synchronizing object | Curtain suspension ring.030
Fra:1 Mem:441.40M (Peak 441.40M) | Time:00:00.80 | Mem:0.00M, Peak:0.00M | Scene, ViewLayer | Synchronizing object | Curtain suspension ring.031
Fra:1 Mem:441.42M (Peak 441.42M) | Time:00:00.80 | Mem:0.00M, Peak:0.00M | Scene, ViewLayer | Synchronizing object | Curtain suspension ring.032
Fra:1 Mem:441.43M (Peak 441.43M) | Time:00:00.80 | Mem:0.00M, Peak:0.00M | Scene, ViewLayer | Synchronizing object | Curtain suspension ring.033
Fra:1 Mem:441.45M (Peak 441.45M) | Time:00:00.80 | Mem:0.00M, Peak:0.00M | Scene, ViewLayer | Synchronizing object | Curtain suspension ring.034
Fra:1 Mem:441.46M (Peak 441.46M) | Time:00:00.80 | Mem:0.00M, Peak:0.00M | Scene, ViewLayer | Synchronizing object | Gathered window curtain soft drape.007
Fra:1 Mem:441.54M (Peak 441.54M) | Time:00:00.80 | Mem:0.00M, Peak:0.00M | Scene, ViewLayer | Synchronizing object | Curtain stitched lower hem.007
Fra:1 Mem:441.57M (Peak 441.57M) | Time:00:00.80 | Mem:0.00M, Peak:0.00M | Scene, ViewLayer | Synchronizing object | Window curtain fabric tieback.007
Fra:1 Mem:441.58M (Peak 441.58M) | Time:00:00.80 | Mem:0.00M, Peak:0.00M | Scene, ViewLayer | Synchronizing object | Curtain suspension ring.035
Fra:1 Mem:441.59M (Peak 441.59M) | Time:00:00.80 | Mem:0.00M, Peak:0.00M | Scene, ViewLayer | Synchronizing object | Curtain suspension ring.036
Fra:1 Mem:441.61M (Peak 441.61M) | Time:00:00.80 | Mem:0.00M, Peak:0.00M | Scene, ViewLayer | Synchronizing object | Curtain suspension ring.037
Fra:1 Mem:441.62M (Peak 441.62M) | Time:00:00.80 | Mem:0.00M, Peak:0.00M | Scene, ViewLayer | Synchronizing object | Curtain suspension ring.038
Fra:1 Mem:441.64M (Peak 441.64M) | Time:00:00.80 | Mem:0.00M, Peak:0.00M | Scene, ViewLayer | Synchronizing object | Curtain suspension ring.039
Fra:1 Mem:441.65M (Peak 441.65M) | Time:00:00.80 | Mem:0.00M, Peak:0.00M | Scene, ViewLayer | Synchronizing object | Rounded body aperture corner.004
Fra:1 Mem:441.67M (Peak 441.67M) | Time:00:00.80 | Mem:0.00M, Peak:0.00M | Scene, ViewLayer | Synchronizing object | Pressed window aperture corner infill.004
Fra:1 Mem:441.68M (Peak 441.68M) | Time:00:00.80 | Mem:0.00M, Peak:0.00M | Scene, ViewLayer | Synchronizing object | Window pressed reveal return.004
Fra:1 Mem:441.69M (Peak 441.69M) | Time:00:00.80 | Mem:0.00M, Peak:0.00M | Scene, ViewLayer | Synchronizing object | Continuous EPDM glazing gasket.004
Fra:1 Mem:441.72M (Peak 441.72M) | Time:00:00.80 | Mem:0.00M, Peak:0.00M | Scene, ViewLayer | Synchronizing object | Anodised window frame extrusion.004
Fra:1 Mem:441.74M (Peak 441.74M) | Time:00:00.80 | Mem:0.00M, Peak:0.00M | Scene, ViewLayer | Synchronizing object | Sealed tinted passenger pane.004
Fra:1 Mem:441.75M (Peak 441.75M) | Time:00:00.80 | Mem:0.00M, Peak:0.00M | Scene, ViewLayer | Synchronizing object | Interior rounded window sill.004
Fra:1 Mem:441.76M (Peak 441.76M) | Time:00:00.80 | Mem:0.00M, Peak:0.00M | Scene, ViewLayer | Synchronizing object | Window curtain upper rail.004
Fra:1 Mem:441.76M (Peak 441.76M) | Time:00:00.80 | Mem:0.00M, Peak:0.00M | Scene, ViewLayer | Synchronizing object | Gathered window curtain soft drape.008
Fra:1 Mem:441.84M (Peak 441.84M) | Time:00:00.80 | Mem:0.00M, Peak:0.00M | Scene, ViewLayer | Synchronizing object | Curtain stitched lower hem.008
Fra:1 Mem:441.87M (Peak 441.87M) | Time:00:00.80 | Mem:0.00M, Peak:0.00M | Scene, ViewLayer | Synchronizing object | Window curtain fabric tieback.008
Fra:1 Mem:441.88M (Peak 441.88M) | Time:00:00.80 | Mem:0.00M, Peak:0.00M | Scene, ViewLayer | Synchronizing object | Curtain suspension ring.040
Fra:1 Mem:441.89M (Peak 441.89M) | Time:00:00.80 | Mem:0.00M, Peak:0.00M | Scene, ViewLayer | Synchronizing object | Curtain suspension ring.041
Fra:1 Mem:441.91M (Peak 441.91M) | Time:00:00.80 | Mem:0.00M, Peak:0.00M | Scene, ViewLayer | Synchronizing object | Curtain suspension ring.042
Fra:1 Mem:441.92M (Peak 441.92M) | Time:00:00.80 | Mem:0.00M, Peak:0.00M | Scene, ViewLayer | Synchronizing object | Curtain suspension ring.043
Fra:1 Mem:441.94M (Peak 441.94M) | Time:00:00.80 | Mem:0.00M, Peak:0.00M | Scene, ViewLayer | Synchronizing object | Curtain suspension ring.044
Fra:1 Mem:441.95M (Peak 441.95M) | Time:00:00.80 | Mem:0.00M, Peak:0.00M | Scene, ViewLayer | Synchronizing object | Gathered window curtain soft drape.009
Fra:1 Mem:442.03M (Peak 442.03M) | Time:00:00.80 | Mem:0.00M, Peak:0.00M | Scene, ViewLayer | Synchronizing object | Curtain stitched lower hem.009
Fra:1 Mem:442.06M (Peak 442.06M) | Time:00:00.80 | Mem:0.00M, Peak:0.00M | Scene, ViewLayer | Synchronizing object | Window curtain fabric tieback.009
Fra:1 Mem:442.07M (Peak 442.07M) | Time:00:00.80 | Mem:0.00M, Peak:0.00M | Scene, ViewLayer | Synchronizing object | Curtain suspension ring.045
Fra:1 Mem:442.08M (Peak 442.08M) | Time:00:00.80 | Mem:0.00M, Peak:0.00M | Scene, ViewLayer | Synchronizing object | Curtain suspension ring.046
Fra:1 Mem:442.10M (Peak 442.10M) | Time:00:00.80 | Mem:0.00M, Peak:0.00M | Scene, ViewLayer | Synchronizing object | Curtain suspension ring.047
Fra:1 Mem:442.11M (Peak 442.11M) | Time:00:00.80 | Mem:0.00M, Peak:0.00M | Scene, ViewLayer | Synchronizing object | Curtain suspension ring.048
Fra:1 Mem:442.13M (Peak 442.13M) | Time:00:00.80 | Mem:0.00M, Peak:0.00M | Scene, ViewLayer | Synchronizing object | Curtain suspension ring.049
Fra:1 Mem:442.14M (Peak 442.14M) | Time:00:00.80 | Mem:0.00M, Peak:0.00M | Scene, ViewLayer | Synchronizing object | Rounded body aperture corner.005
Fra:1 Mem:442.16M (Peak 442.16M) | Time:00:00.80 | Mem:0.00M, Peak:0.00M | Scene, ViewLayer | Synchronizing object | Pressed window aperture corner infill.005
Fra:1 Mem:442.17M (Peak 442.17M) | Time:00:00.80 | Mem:0.00M, Peak:0.00M | Scene, ViewLayer | Synchronizing object | Window pressed reveal return.005
Fra:1 Mem:442.18M (Peak 442.18M) | Time:00:00.80 | Mem:0.00M, Peak:0.00M | Scene, ViewLayer | Synchronizing object | Continuous EPDM glazing gasket.005
Fra:1 Mem:442.20M (Peak 442.20M) | Time:00:00.80 | Mem:0.00M, Peak:0.00M | Scene, ViewLayer | Synchronizing object | Anodised window frame extrusion.005
Fra:1 Mem:442.23M (Peak 442.23M) | Time:00:00.80 | Mem:0.00M, Peak:0.00M | Scene, ViewLayer | Synchronizing object | Sealed tinted passenger pane.005
Fra:1 Mem:442.24M (Peak 442.24M) | Time:00:00.80 | Mem:0.00M, Peak:0.00M | Scene, ViewLayer | Synchronizing object | Interior rounded window sill.005
Fra:1 Mem:442.25M (Peak 442.25M) | Time:00:00.80 | Mem:0.00M, Peak:0.00M | Scene, ViewLayer | Synchronizing object | Window curtain upper rail.005
Fra:1 Mem:442.25M (Peak 442.25M) | Time:00:00.80 | Mem:0.00M, Peak:0.00M | Scene, ViewLayer | Synchronizing object | Gathered window curtain soft drape.010
Fra:1 Mem:442.33M (Peak 442.33M) | Time:00:00.80 | Mem:0.00M, Peak:0.00M | Scene, ViewLayer | Synchronizing object | Curtain stitched lower hem.010
Fra:1 Mem:442.35M (Peak 442.35M) | Time:00:00.80 | Mem:0.00M, Peak:0.00M | Scene, ViewLayer | Synchronizing object | Window curtain fabric tieback.010
Fra:1 Mem:442.36M (Peak 442.36M) | Time:00:00.80 | Mem:0.00M, Peak:0.00M | Scene, ViewLayer | Synchronizing object | Curtain suspension ring.050
Fra:1 Mem:442.38M (Peak 442.38M) | Time:00:00.80 | Mem:0.00M, Peak:0.00M | Scene, ViewLayer | Synchronizing object | Curtain suspension ring.051
Fra:1 Mem:442.39M (Peak 442.39M) | Time:00:00.80 | Mem:0.00M, Peak:0.00M | Scene, ViewLayer | Synchronizing object | Curtain suspension ring.052
Fra:1 Mem:442.41M (Peak 442.41M) | Time:00:00.80 | Mem:0.00M, Peak:0.00M | Scene, ViewLayer | Synchronizing object | Curtain suspension ring.053
Fra:1 Mem:442.42M (Peak 442.42M) | Time:00:00.80 | Mem:0.00M, Peak:0.00M | Scene, ViewLayer | Synchronizing object | Curtain suspension ring.054
Fra:1 Mem:442.44M (Peak 442.44M) | Time:00:00.80 | Mem:0.00M, Peak:0.00M | Scene, ViewLayer | Synchronizing object | Gathered window curtain soft drape.011
Fra:1 Mem:442.52M (Peak 442.52M) | Time:00:00.80 | Mem:0.00M, Peak:0.00M | Scene, ViewLayer | Synchronizing object | Curtain stitched lower hem.011
Fra:1 Mem:442.54M (Peak 442.54M) | Time:00:00.80 | Mem:0.00M, Peak:0.00M | Scene, ViewLayer | Synchronizing object | Window curtain fabric tieback.011
Fra:1 Mem:442.55M (Peak 442.55M) | Time:00:00.80 | Mem:0.00M, Peak:0.00M | Scene, ViewLayer | Synchronizing object | Curtain suspension ring.055
Fra:1 Mem:442.57M (Peak 442.57M) | Time:00:00.80 | Mem:0.00M, Peak:0.00M | Scene, ViewLayer | Synchronizing object | Curtain suspension ring.056
Fra:1 Mem:442.58M (Peak 442.58M) | Time:00:00.80 | Mem:0.00M, Peak:0.00M | Scene, ViewLayer | Synchronizing object | Curtain suspension ring.057
Fra:1 Mem:442.60M (Peak 442.60M) | Time:00:00.80 | Mem:0.00M, Peak:0.00M | Scene, ViewLayer | Synchronizing object | Curtain suspension ring.058
Fra:1 Mem:442.61M (Peak 442.61M) | Time:00:00.80 | Mem:0.00M, Peak:0.00M | Scene, ViewLayer | Synchronizing object | Curtain suspension ring.059
Fra:1 Mem:442.63M (Peak 442.63M) | Time:00:00.80 | Mem:0.00M, Peak:0.00M | Scene, ViewLayer | Synchronizing object | Rounded body aperture corner.006
Fra:1 Mem:442.65M (Peak 442.65M) | Time:00:00.80 | Mem:0.00M, Peak:0.00M | Scene, ViewLayer | Synchronizing object | Pressed window aperture corner infill.006
Fra:1 Mem:442.66M (Peak 442.66M) | Time:00:00.80 | Mem:0.00M, Peak:0.00M | Scene, ViewLayer | Synchronizing object | Window pressed reveal return.006
Fra:1 Mem:442.67M (Peak 442.67M) | Time:00:00.80 | Mem:0.00M, Peak:0.00M | Scene, ViewLayer | Synchronizing object | Continuous EPDM glazing gasket.006
Fra:1 Mem:442.69M (Peak 442.69M) | Time:00:00.80 | Mem:0.00M, Peak:0.00M | Scene, ViewLayer | Synchronizing object | Anodised window frame extrusion.006
Fra:1 Mem:442.71M (Peak 442.71M) | Time:00:00.80 | Mem:0.00M, Peak:0.00M | Scene, ViewLayer | Synchronizing object | Sealed tinted passenger pane.006
Fra:1 Mem:442.72M (Peak 442.72M) | Time:00:00.80 | Mem:0.00M, Peak:0.00M | Scene, ViewLayer | Synchronizing object | Interior rounded window sill.006
Fra:1 Mem:442.73M (Peak 442.73M) | Time:00:00.80 | Mem:0.00M, Peak:0.00M | Scene, ViewLayer | Synchronizing object | Window curtain upper rail.006
Fra:1 Mem:442.74M (Peak 442.74M) | Time:00:00.80 | Mem:0.00M, Peak:0.00M | Scene, ViewLayer | Synchronizing object | Gathered window curtain soft drape.012
Fra:1 Mem:442.82M (Peak 442.82M) | Time:00:00.80 | Mem:0.00M, Peak:0.00M | Scene, ViewLayer | Synchronizing object | Curtain stitched lower hem.012
Fra:1 Mem:442.84M (Peak 442.84M) | Time:00:00.80 | Mem:0.00M, Peak:0.00M | Scene, ViewLayer | Synchronizing object | Window curtain fabric tieback.012
Fra:1 Mem:442.85M (Peak 442.85M) | Time:00:00.80 | Mem:0.00M, Peak:0.00M | Scene, ViewLayer | Synchronizing object | Curtain suspension ring.060
Fra:1 Mem:442.86M (Peak 442.86M) | Time:00:00.80 | Mem:0.00M, Peak:0.00M | Scene, ViewLayer | Synchronizing object | Curtain suspension ring.061
Fra:1 Mem:442.88M (Peak 442.88M) | Time:00:00.80 | Mem:0.00M, Peak:0.00M | Scene, ViewLayer | Synchronizing object | Curtain suspension ring.062
Fra:1 Mem:442.90M (Peak 442.90M) | Time:00:00.80 | Mem:0.00M, Peak:0.00M | Scene, ViewLayer | Synchronizing object | Curtain suspension ring.063
Fra:1 Mem:442.91M (Peak 442.91M) | Time:00:00.80 | Mem:0.00M, Peak:0.00M | Scene, ViewLayer | Synchronizing object | Curtain suspension ring.064
Fra:1 Mem:442.93M (Peak 442.93M) | Time:00:00.80 | Mem:0.00M, Peak:0.00M | Scene, ViewLayer | Synchronizing object | Gathered window curtain soft drape.013
Fra:1 Mem:443.00M (Peak 443.00M) | Time:00:00.80 | Mem:0.00M, Peak:0.00M | Scene, ViewLayer | Synchronizing object | Curtain stitched lower hem.013
Fra:1 Mem:443.03M (Peak 443.03M) | Time:00:00.80 | Mem:0.00M, Peak:0.00M | Scene, ViewLayer | Synchronizing object | Window curtain fabric tieback.013
Fra:1 Mem:443.04M (Peak 443.04M) | Time:00:00.80 | Mem:0.00M, Peak:0.00M | Scene, ViewLayer | Synchronizing object | Curtain suspension ring.065
Fra:1 Mem:443.05M (Peak 443.05M) | Time:00:00.80 | Mem:0.00M, Peak:0.00M | Scene, ViewLayer | Synchronizing object | Curtain suspension ring.066
Fra:1 Mem:443.07M (Peak 443.07M) | Time:00:00.80 | Mem:0.00M, Peak:0.00M | Scene, ViewLayer | Synchronizing object | Curtain suspension ring.067
Fra:1 Mem:443.08M (Peak 443.08M) | Time:00:00.80 | Mem:0.00M, Peak:0.00M | Scene, ViewLayer | Synchronizing object | Curtain suspension ring.068
Fra:1 Mem:443.10M (Peak 443.10M) | Time:00:00.80 | Mem:0.00M, Peak:0.00M | Scene, ViewLayer | Synchronizing object | Curtain suspension ring.069
Fra:1 Mem:443.11M (Peak 443.11M) | Time:00:00.80 | Mem:0.00M, Peak:0.00M | Scene, ViewLayer | Synchronizing object | Rounded body aperture corner.007
Fra:1 Mem:443.14M (Peak 443.14M) | Time:00:00.80 | Mem:0.00M, Peak:0.00M | Scene, ViewLayer | Synchronizing object | Pressed window aperture corner infill.007
Fra:1 Mem:443.14M (Peak 443.14M) | Time:00:00.80 | Mem:0.00M, Peak:0.00M | Scene, ViewLayer | Synchronizing object | Window pressed reveal return.007
Fra:1 Mem:443.15M (Peak 443.15M) | Time:00:00.80 | Mem:0.00M, Peak:0.00M | Scene, ViewLayer | Synchronizing object | Continuous EPDM glazing gasket.007
Fra:1 Mem:443.18M (Peak 443.18M) | Time:00:00.80 | Mem:0.00M, Peak:0.00M | Scene, ViewLayer | Synchronizing object | Anodised window frame extrusion.007
Fra:1 Mem:443.20M (Peak 443.20M) | Time:00:00.80 | Mem:0.00M, Peak:0.00M | Scene, ViewLayer | Synchronizing object | Sealed tinted passenger pane.007
Fra:1 Mem:443.21M (Peak 443.21M) | Time:00:00.80 | Mem:0.00M, Peak:0.00M | Scene, ViewLayer | Synchronizing object | Interior rounded window sill.007
Fra:1 Mem:443.22M (Peak 443.22M) | Time:00:00.80 | Mem:0.00M, Peak:0.00M | Scene, ViewLayer | Synchronizing object | Window curtain upper rail.007
Fra:1 Mem:443.22M (Peak 443.22M) | Time:00:00.80 | Mem:0.00M, Peak:0.00M | Scene, ViewLayer | Synchronizing object | Gathered window curtain soft drape.014
Fra:1 Mem:443.30M (Peak 443.30M) | Time:00:00.80 | Mem:0.00M, Peak:0.00M | Scene, ViewLayer | Synchronizing object | Curtain stitched lower hem.014
Fra:1 Mem:443.33M (Peak 443.33M) | Time:00:00.80 | Mem:0.00M, Peak:0.00M | Scene, ViewLayer | Synchronizing object | Window curtain fabric tieback.014
Fra:1 Mem:443.34M (Peak 443.34M) | Time:00:00.80 | Mem:0.00M, Peak:0.00M | Scene, ViewLayer | Synchronizing object | Curtain suspension ring.070
Fra:1 Mem:443.35M (Peak 443.35M) | Time:00:00.80 | Mem:0.00M, Peak:0.00M | Scene, ViewLayer | Synchronizing object | Curtain suspension ring.071
Fra:1 Mem:443.37M (Peak 443.37M) | Time:00:00.80 | Mem:0.00M, Peak:0.00M | Scene, ViewLayer | Synchronizing object | Curtain suspension ring.072
Fra:1 Mem:443.38M (Peak 443.38M) | Time:00:00.80 | Mem:0.00M, Peak:0.00M | Scene, ViewLayer | Synchronizing object | Curtain suspension ring.073
Fra:1 Mem:443.40M (Peak 443.40M) | Time:00:00.80 | Mem:0.00M, Peak:0.00M | Scene, ViewLayer | Synchronizing object | Curtain suspension ring.074
Fra:1 Mem:443.41M (Peak 443.41M) | Time:00:00.80 | Mem:0.00M, Peak:0.00M | Scene, ViewLayer | Synchronizing object | Gathered window curtain soft drape.015
Fra:1 Mem:443.49M (Peak 443.49M) | Time:00:00.80 | Mem:0.00M, Peak:0.00M | Scene, ViewLayer | Synchronizing object | Curtain stitched lower hem.015
Fra:1 Mem:443.51M (Peak 443.51M) | Time:00:00.80 | Mem:0.00M, Peak:0.00M | Scene, ViewLayer | Synchronizing object | Window curtain fabric tieback.015
Fra:1 Mem:443.52M (Peak 443.52M) | Time:00:00.80 | Mem:0.00M, Peak:0.00M | Scene, ViewLayer | Synchronizing object | Curtain suspension ring.075
Fra:1 Mem:443.54M (Peak 443.54M) | Time:00:00.80 | Mem:0.00M, Peak:0.00M | Scene, ViewLayer | Synchronizing object | Curtain suspension ring.076
Fra:1 Mem:443.56M (Peak 443.56M) | Time:00:00.80 | Mem:0.00M, Peak:0.00M | Scene, ViewLayer | Synchronizing object | Curtain suspension ring.077
Fra:1 Mem:443.57M (Peak 443.57M) | Time:00:00.80 | Mem:0.00M, Peak:0.00M | Scene, ViewLayer | Synchronizing object | Curtain suspension ring.078
Fra:1 Mem:443.59M (Peak 443.59M) | Time:00:00.80 | Mem:0.00M, Peak:0.00M | Scene, ViewLayer | Synchronizing object | Curtain suspension ring.079
Fra:1 Mem:443.60M (Peak 443.60M) | Time:00:00.80 | Mem:0.00M, Peak:0.00M | Scene, ViewLayer | Synchronizing object | Emergency window stencil.001
Fra:1 Mem:443.77M (Peak 443.77M) | Time:00:00.80 | Mem:0.00M, Peak:0.00M | Scene, ViewLayer | Synchronizing object | Emergency red release indicator.002
Fra:1 Mem:443.77M (Peak 443.77M) | Time:00:00.80 | Mem:0.00M, Peak:0.00M | Scene, ViewLayer | Synchronizing object | Emergency red release indicator.003
Fra:1 Mem:443.78M (Peak 443.78M) | Time:00:00.80 | Mem:0.00M, Peak:0.00M | Scene, ViewLayer | Synchronizing object | Rounded body aperture corner.008
Fra:1 Mem:443.81M (Peak 443.81M) | Time:00:00.80 | Mem:0.00M, Peak:0.00M | Scene, ViewLayer | Synchronizing object | Pressed window aperture corner infill.008
Fra:1 Mem:443.81M (Peak 443.81M) | Time:00:00.80 | Mem:0.00M, Peak:0.00M | Scene, ViewLayer | Synchronizing object | Window pressed reveal return.008
Fra:1 Mem:443.82M (Peak 443.82M) | Time:00:00.80 | Mem:0.00M, Peak:0.00M | Scene, ViewLayer | Synchronizing object | Continuous EPDM glazing gasket.008
Fra:1 Mem:443.85M (Peak 443.85M) | Time:00:00.80 | Mem:0.00M, Peak:0.00M | Scene, ViewLayer | Synchronizing object | Anodised window frame extrusion.008
Fra:1 Mem:443.87M (Peak 443.87M) | Time:00:00.80 | Mem:0.00M, Peak:0.00M | Scene, ViewLayer | Synchronizing object | Sealed tinted passenger pane.008
Fra:1 Mem:443.88M (Peak 443.88M) | Time:00:00.80 | Mem:0.00M, Peak:0.00M | Scene, ViewLayer | Synchronizing object | Interior rounded window sill.008
Fra:1 Mem:443.89M (Peak 443.89M) | Time:00:00.80 | Mem:0.00M, Peak:0.00M | Scene, ViewLayer | Synchronizing object | Window curtain upper rail.008
Fra:1 Mem:443.89M (Peak 443.89M) | Time:00:00.80 | Mem:0.00M, Peak:0.00M | Scene, ViewLayer | Synchronizing object | Gathered window curtain soft drape.016
Fra:1 Mem:443.97M (Peak 443.97M) | Time:00:00.81 | Mem:0.00M, Peak:0.00M | Scene, ViewLayer | Synchronizing object | Curtain stitched lower hem.016
Fra:1 Mem:443.99M (Peak 443.99M) | Time:00:00.81 | Mem:0.00M, Peak:0.00M | Scene, ViewLayer | Synchronizing object | Window curtain fabric tieback.016
Fra:1 Mem:444.00M (Peak 444.00M) | Time:00:00.81 | Mem:0.00M, Peak:0.00M | Scene, ViewLayer | Synchronizing object | Curtain suspension ring.080
Fra:1 Mem:444.02M (Peak 444.02M) | Time:00:00.81 | Mem:0.00M, Peak:0.00M | Scene, ViewLayer | Synchronizing object | Curtain suspension ring.081
Fra:1 Mem:444.04M (Peak 444.04M) | Time:00:00.81 | Mem:0.00M, Peak:0.00M | Scene, ViewLayer | Synchronizing object | Curtain suspension ring.082
Fra:1 Mem:444.05M (Peak 444.05M) | Time:00:00.81 | Mem:0.00M, Peak:0.00M | Scene, ViewLayer | Synchronizing object | Curtain suspension ring.083
Fra:1 Mem:444.07M (Peak 444.07M) | Time:00:00.81 | Mem:0.00M, Peak:0.00M | Scene, ViewLayer | Synchronizing object | Curtain suspension ring.084
Fra:1 Mem:444.08M (Peak 444.08M) | Time:00:00.81 | Mem:0.00M, Peak:0.00M | Scene, ViewLayer | Synchronizing object | Gathered window curtain soft drape.017
Fra:1 Mem:444.16M (Peak 444.16M) | Time:00:00.81 | Mem:0.00M, Peak:0.00M | Scene, ViewLayer | Synchronizing object | Curtain stitched lower hem.017
Fra:1 Mem:444.18M (Peak 444.18M) | Time:00:00.81 | Mem:0.00M, Peak:0.00M | Scene, ViewLayer | Synchronizing object | Window curtain fabric tieback.017
Fra:1 Mem:444.19M (Peak 444.19M) | Time:00:00.81 | Mem:0.00M, Peak:0.00M | Scene, ViewLayer | Synchronizing object | Curtain suspension ring.085
Fra:1 Mem:444.21M (Peak 444.21M) | Time:00:00.81 | Mem:0.00M, Peak:0.00M | Scene, ViewLayer | Synchronizing object | Curtain suspension ring.086
Fra:1 Mem:444.23M (Peak 444.23M) | Time:00:00.81 | Mem:0.00M, Peak:0.00M | Scene, ViewLayer | Synchronizing object | Curtain suspension ring.087
Fra:1 Mem:444.24M (Peak 444.24M) | Time:00:00.81 | Mem:0.00M, Peak:0.00M | Scene, ViewLayer | Synchronizing object | Curtain suspension ring.088
Fra:1 Mem:444.26M (Peak 444.26M) | Time:00:00.81 | Mem:0.00M, Peak:0.00M | Scene, ViewLayer | Synchronizing object | Curtain suspension ring.089
Fra:1 Mem:444.27M (Peak 444.27M) | Time:00:00.81 | Mem:0.00M, Peak:0.00M | Scene, ViewLayer | Synchronizing object | Entrance aperture steel return
Fra:1 Mem:444.28M (Peak 444.28M) | Time:00:00.81 | Mem:0.00M, Peak:0.00M | Scene, ViewLayer | Synchronizing object | Entrance door weatherseal
Fra:1 Mem:444.30M (Peak 444.30M) | Time:00:00.81 | Mem:0.00M, Peak:0.00M | Scene, ViewLayer | Synchronizing object | Entrance pressed steel door panel
Fra:1 Mem:444.31M (Peak 444.31M) | Time:00:00.81 | Mem:0.00M, Peak:0.00M | Scene, ViewLayer | Synchronizing object | Entrance pressed steel door panel.001
Fra:1 Mem:444.32M (Peak 444.32M) | Time:00:00.81 | Mem:0.00M, Peak:0.00M | Scene, ViewLayer | Synchronizing object | Entrance glazed opening side rail
Fra:1 Mem:444.33M (Peak 444.33M) | Time:00:00.81 | Mem:0.00M, Peak:0.00M | Scene, ViewLayer | Synchronizing object | Entrance glazed opening side rail.001
Fra:1 Mem:444.34M (Peak 444.34M) | Time:00:00.81 | Mem:0.00M, Peak:0.00M | Scene, ViewLayer | Synchronizing object | Door window band lower paint strip
Fra:1 Mem:444.34M (Peak 444.34M) | Time:00:00.81 | Mem:0.00M, Peak:0.00M | Scene, ViewLayer | Synchronizing object | Door window band upper paint strip
Fra:1 Mem:444.34M (Peak 444.34M) | Time:00:00.81 | Mem:0.00M, Peak:0.00M | Scene, ViewLayer | Synchronizing object | Entrance window gasket
Fra:1 Mem:444.36M (Peak 444.36M) | Time:00:00.81 | Mem:0.00M, Peak:0.00M | Scene, ViewLayer | Synchronizing object | Entrance clear door glazing
Fra:1 Mem:444.38M (Peak 444.38M) | Time:00:00.81 | Mem:0.00M, Peak:0.00M | Scene, ViewLayer | Synchronizing object | Pressed door lower panel bead
Fra:1 Mem:444.40M (Peak 444.40M) | Time:00:00.81 | Mem:0.00M, Peak:0.00M | Scene, ViewLayer | Synchronizing object | Pressed door lower panel bead.001
Fra:1 Mem:444.42M (Peak 444.42M) | Time:00:00.81 | Mem:0.00M, Peak:0.00M | Scene, ViewLayer | Synchronizing object | Door hinge knuckle
Fra:1 Mem:444.43M (Peak 444.43M) | Time:00:00.81 | Mem:0.00M, Peak:0.00M | Scene, ViewLayer | Synchronizing object | Door hinge plate
Fra:1 Mem:444.44M (Peak 444.44M) | Time:00:00.81 | Mem:0.00M, Peak:0.00M | Scene, ViewLayer | Synchronizing object | Door hinge plate.001
Fra:1 Mem:444.44M (Peak 444.44M) | Time:00:00.81 | Mem:0.00M, Peak:0.00M | Scene, ViewLayer | Synchronizing object | Door hinge knuckle.001
Fra:1 Mem:444.45M (Peak 444.45M) | Time:00:00.81 | Mem:0.00M, Peak:0.00M | Scene, ViewLayer | Synchronizing object | Door hinge plate.002
Fra:1 Mem:444.46M (Peak 444.46M) | Time:00:00.81 | Mem:0.00M, Peak:0.00M | Scene, ViewLayer | Synchronizing object | Door hinge plate.003
Fra:1 Mem:444.47M (Peak 444.47M) | Time:00:00.81 | Mem:0.00M, Peak:0.00M | Scene, ViewLayer | Synchronizing object | Door hinge knuckle.002
Fra:1 Mem:444.47M (Peak 444.47M) | Time:00:00.81 | Mem:0.00M, Peak:0.00M | Scene, ViewLayer | Synchronizing object | Door hinge plate.004
Fra:1 Mem:444.48M (Peak 444.48M) | Time:00:00.81 | Mem:0.00M, Peak:0.00M | Scene, ViewLayer | Synchronizing object | Door hinge plate.005
Fra:1 Mem:444.49M (Peak 444.49M) | Time:00:00.81 | Mem:0.00M, Peak:0.00M | Scene, ViewLayer | Synchronizing object | Door polished pull
Fra:1 Mem:444.49M (Peak 444.49M) | Time:00:00.81 | Mem:0.00M, Peak:0.00M | Scene, ViewLayer | Synchronizing object | Door handle mounting boss
Fra:1 Mem:444.50M (Peak 444.50M) | Time:00:00.81 | Mem:0.00M, Peak:0.00M | Scene, ViewLayer | Synchronizing object | Door handle mounting boss.001
Fra:1 Mem:444.50M (Peak 444.50M) | Time:00:00.81 | Mem:0.00M, Peak:0.00M | Scene, ViewLayer | Synchronizing object | Door lock escutcheon
Fra:1 Mem:444.51M (Peak 444.51M) | Time:00:00.81 | Mem:0.00M, Peak:0.00M | Scene, ViewLayer | Synchronizing object | Door key slot
Fra:1 Mem:444.51M (Peak 444.51M) | Time:00:00.81 | Mem:0.00M, Peak:0.00M | Scene, ViewLayer | Synchronizing object | Bent entrance stainless grabrail
Fra:1 Mem:444.52M (Peak 444.52M) | Time:00:00.81 | Mem:0.00M, Peak:0.00M | Scene, ViewLayer | Synchronizing object | Grabrail mounting pad
Fra:1 Mem:444.53M (Peak 444.53M) | Time:00:00.81 | Mem:0.00M, Peak:0.00M | Scene, ViewLayer | Synchronizing object | Grabrail mounting pad.001
Fra:1 Mem:444.53M (Peak 444.53M) | Time:00:00.81 | Mem:0.00M, Peak:0.00M | Scene, ViewLayer | Synchronizing object | Bent entrance stainless grabrail.001
Fra:1 Mem:444.54M (Peak 444.54M) | Time:00:00.81 | Mem:0.00M, Peak:0.00M | Scene, ViewLayer | Synchronizing object | Grabrail mounting pad.002
Fra:1 Mem:444.55M (Peak 444.55M) | Time:00:00.81 | Mem:0.00M, Peak:0.00M | Scene, ViewLayer | Synchronizing object | Grabrail mounting pad.003
Fra:1 Mem:444.56M (Peak 444.56M) | Time:00:00.81 | Mem:0.00M, Peak:0.00M | Scene, ViewLayer | Synchronizing object | Entrance ladder perforated tread
Fra:1 Mem:444.57M (Peak 444.57M) | Time:00:00.81 | Mem:0.00M, Peak:0.00M | Scene, ViewLayer | Synchronizing object | Entry tread raised antislip ridge
Fra:1 Mem:444.58M (Peak 444.58M) | Time:00:00.81 | Mem:0.00M, Peak:0.00M | Scene, ViewLayer | Synchronizing object | Entry tread raised antislip ridge.001
Fra:1 Mem:444.59M (Peak 444.59M) | Time:00:00.81 | Mem:0.00M, Peak:0.00M | Scene, ViewLayer | Synchronizing object | Entry tread raised antislip ridge.002
Fra:1 Mem:444.60M (Peak 444.60M) | Time:00:00.81 | Mem:0.00M, Peak:0.00M | Scene, ViewLayer | Synchronizing object | Entry tread raised antislip ridge.003
Fra:1 Mem:444.60M (Peak 444.60M) | Time:00:00.81 | Mem:0.00M, Peak:0.00M | Scene, ViewLayer | Synchronizing object | Entry tread raised antislip ridge.004
Fra:1 Mem:444.61M (Peak 444.61M) | Time:00:00.81 | Mem:0.00M, Peak:0.00M | Scene, ViewLayer | Synchronizing object | Entry tread raised antislip ridge.005
Fra:1 Mem:444.62M (Peak 444.62M) | Time:00:00.81 | Mem:0.00M, Peak:0.00M | Scene, ViewLayer | Synchronizing object | Entry tread raised antislip ridge.006
Fra:1 Mem:444.63M (Peak 444.63M) | Time:00:00.81 | Mem:0.00M, Peak:0.00M | Scene, ViewLayer | Synchronizing object | Entry tread raised antislip ridge.007
Fra:1 Mem:444.64M (Peak 444.64M) | Time:00:00.81 | Mem:0.00M, Peak:0.00M | Scene, ViewLayer | Synchronizing object | Entry tread raised antislip ridge.008
Fra:1 Mem:444.65M (Peak 444.65M) | Time:00:00.81 | Mem:0.00M, Peak:0.00M | Scene, ViewLayer | Synchronizing object | Entry tread raised antislip ridge.009
Fra:1 Mem:444.66M (Peak 444.66M) | Time:00:00.81 | Mem:0.00M, Peak:0.00M | Scene, ViewLayer | Synchronizing object | Entry tread raised antislip ridge.010
Fra:1 Mem:444.67M (Peak 444.67M) | Time:00:00.81 | Mem:0.00M, Peak:0.00M | Scene, ViewLayer | Synchronizing object | Entry tread raised antislip ridge.011
Fra:1 Mem:444.68M (Peak 444.68M) | Time:00:00.81 | Mem:0.00M, Peak:0.00M | Scene, ViewLayer | Synchronizing object | Entry tread raised antislip ridge.012
Fra:1 Mem:444.69M (Peak 444.69M) | Time:00:00.81 | Mem:0.00M, Peak:0.00M | Scene, ViewLayer | Synchronizing object | Entry tread raised antislip ridge.013
Fra:1 Mem:444.70M (Peak 444.70M) | Time:00:00.81 | Mem:0.00M, Peak:0.00M | Scene, ViewLayer | Synchronizing object | Entry tread raised antislip ridge.014
Fra:1 Mem:444.70M (Peak 444.70M) | Time:00:00.81 | Mem:0.00M, Peak:0.00M | Scene, ViewLayer | Synchronizing object | Entrance ladder perforated tread.001
Fra:1 Mem:444.71M (Peak 444.71M) | Time:00:00.81 | Mem:0.00M, Peak:0.00M | Scene, ViewLayer | Synchronizing object | Entry tread raised antislip ridge.015
Fra:1 Mem:444.72M (Peak 444.72M) | Time:00:00.81 | Mem:0.00M, Peak:0.00M | Scene, ViewLayer | Synchronizing object | Entry tread raised antislip ridge.016
Fra:1 Mem:444.73M (Peak 444.73M) | Time:00:00.81 | Mem:0.00M, Peak:0.00M | Scene, ViewLayer | Synchronizing object | Entry tread raised antislip ridge.017
Fra:1 Mem:444.74M (Peak 444.74M) | Time:00:00.81 | Mem:0.00M, Peak:0.00M | Scene, ViewLayer | Synchronizing object | Entry tread raised antislip ridge.018
Fra:1 Mem:444.75M (Peak 444.75M) | Time:00:00.81 | Mem:0.00M, Peak:0.00M | Scene, ViewLayer | Synchronizing object | Entry tread raised antislip ridge.019
Fra:1 Mem:444.76M (Peak 444.76M) | Time:00:00.81 | Mem:0.00M, Peak:0.00M | Scene, ViewLayer | Synchronizing object | Entry tread raised antislip ridge.020
Fra:1 Mem:444.77M (Peak 444.77M) | Time:00:00.81 | Mem:0.00M, Peak:0.00M | Scene, ViewLayer | Synchronizing object | Entry tread raised antislip ridge.021
Fra:1 Mem:444.77M (Peak 444.77M) | Time:00:00.81 | Mem:0.00M, Peak:0.00M | Scene, ViewLayer | Synchronizing object | Entry tread raised antislip ridge.022
Fra:1 Mem:444.78M (Peak 444.78M) | Time:00:00.81 | Mem:0.00M, Peak:0.00M | Scene, ViewLayer | Synchronizing object | Entry tread raised antislip ridge.023
Fra:1 Mem:444.79M (Peak 444.79M) | Time:00:00.81 | Mem:0.00M, Peak:0.00M | Scene, ViewLayer | Synchronizing object | Entry tread raised antislip ridge.024
Fra:1 Mem:444.80M (Peak 444.80M) | Time:00:00.81 | Mem:0.00M, Peak:0.00M | Scene, ViewLayer | Synchronizing object | Entry tread raised antislip ridge.025
Fra:1 Mem:444.81M (Peak 444.81M) | Time:00:00.81 | Mem:0.00M, Peak:0.00M | Scene, ViewLayer | Synchronizing object | Entry tread raised antislip ridge.026
Fra:1 Mem:444.82M (Peak 444.82M) | Time:00:00.81 | Mem:0.00M, Peak:0.00M | Scene, ViewLayer | Synchronizing object | Entry tread raised antislip ridge.027
Fra:1 Mem:444.83M (Peak 444.83M) | Time:00:00.81 | Mem:0.00M, Peak:0.00M | Scene, ViewLayer | Synchronizing object | Entry tread raised antislip ridge.028
Fra:1 Mem:444.84M (Peak 444.84M) | Time:00:00.81 | Mem:0.00M, Peak:0.00M | Scene, ViewLayer | Synchronizing object | Entry tread raised antislip ridge.029
Fra:1 Mem:444.85M (Peak 444.85M) | Time:00:00.81 | Mem:0.00M, Peak:0.00M | Scene, ViewLayer | Synchronizing object | Entrance ladder perforated tread.002
Fra:1 Mem:444.86M (Peak 444.86M) | Time:00:00.81 | Mem:0.00M, Peak:0.00M | Scene, ViewLayer | Synchronizing object | Entry tread raised antislip ridge.030
Fra:1 Mem:444.86M (Peak 444.86M) | Time:00:00.81 | Mem:0.00M, Peak:0.00M | Scene, ViewLayer | Synchronizing object | Entry tread raised antislip ridge.031
Fra:1 Mem:444.87M (Peak 444.87M) | Time:00:00.81 | Mem:0.00M, Peak:0.00M | Scene, ViewLayer | Synchronizing object | Entry tread raised antislip ridge.032
Fra:1 Mem:444.88M (Peak 444.88M) | Time:00:00.81 | Mem:0.00M, Peak:0.00M | Scene, ViewLayer | Synchronizing object | Entry tread raised antislip ridge.033
Fra:1 Mem:444.89M (Peak 444.89M) | Time:00:00.81 | Mem:0.00M, Peak:0.00M | Scene, ViewLayer | Synchronizing object | Entry tread raised antislip ridge.034
Fra:1 Mem:444.90M (Peak 444.90M) | Time:00:00.81 | Mem:0.00M, Peak:0.00M | Scene, ViewLayer | Synchronizing object | Entry tread raised antislip ridge.035
Fra:1 Mem:444.91M (Peak 444.91M) | Time:00:00.81 | Mem:0.00M, Peak:0.00M | Scene, ViewLayer | Synchronizing object | Entry tread raised antislip ridge.036
Fra:1 Mem:444.92M (Peak 444.92M) | Time:00:00.81 | Mem:0.00M, Peak:0.00M | Scene, ViewLayer | Synchronizing object | Entry tread raised antislip ridge.037
Fra:1 Mem:444.93M (Peak 444.93M) | Time:00:00.81 | Mem:0.00M, Peak:0.00M | Scene, ViewLayer | Synchronizing object | Entry tread raised antislip ridge.038
Fra:1 Mem:444.94M (Peak 444.94M) | Time:00:00.81 | Mem:0.00M, Peak:0.00M | Scene, ViewLayer | Synchronizing object | Entry tread raised antislip ridge.039
Fra:1 Mem:444.95M (Peak 444.95M) | Time:00:00.81 | Mem:0.00M, Peak:0.00M | Scene, ViewLayer | Synchronizing object | Entry tread raised antislip ridge.040
Fra:1 Mem:444.95M (Peak 444.95M) | Time:00:00.81 | Mem:0.00M, Peak:0.00M | Scene, ViewLayer | Synchronizing object | Entry tread raised antislip ridge.041
Fra:1 Mem:444.96M (Peak 444.96M) | Time:00:00.81 | Mem:0.00M, Peak:0.00M | Scene, ViewLayer | Synchronizing object | Entry tread raised antislip ridge.042
Fra:1 Mem:444.97M (Peak 444.97M) | Time:00:00.81 | Mem:0.00M, Peak:0.00M | Scene, ViewLayer | Synchronizing object | Entry tread raised antislip ridge.043
Fra:1 Mem:444.98M (Peak 444.98M) | Time:00:00.81 | Mem:0.00M, Peak:0.00M | Scene, ViewLayer | Synchronizing object | Entry tread raised antislip ridge.044
Fra:1 Mem:444.99M (Peak 444.99M) | Time:00:00.81 | Mem:0.00M, Peak:0.00M | Scene, ViewLayer | Synchronizing object | Entrance ladder perforated tread.003
Fra:1 Mem:445.00M (Peak 445.00M) | Time:00:00.81 | Mem:0.00M, Peak:0.00M | Scene, ViewLayer | Synchronizing object | Entry tread raised antislip ridge.045
Fra:1 Mem:445.01M (Peak 445.01M) | Time:00:00.81 | Mem:0.00M, Peak:0.00M | Scene, ViewLayer | Synchronizing object | Entry tread raised antislip ridge.046
Fra:1 Mem:445.02M (Peak 445.02M) | Time:00:00.81 | Mem:0.00M, Peak:0.00M | Scene, ViewLayer | Synchronizing object | Entry tread raised antislip ridge.047
Fra:1 Mem:445.03M (Peak 445.03M) | Time:00:00.81 | Mem:0.00M, Peak:0.00M | Scene, ViewLayer | Synchronizing object | Entry tread raised antislip ridge.048
Fra:1 Mem:445.03M (Peak 445.03M) | Time:00:00.81 | Mem:0.00M, Peak:0.00M | Scene, ViewLayer | Synchronizing object | Entry tread raised antislip ridge.049
Fra:1 Mem:445.04M (Peak 445.04M) | Time:00:00.81 | Mem:0.00M, Peak:0.00M | Scene, ViewLayer | Synchronizing object | Entry tread raised antislip ridge.050
Fra:1 Mem:445.05M (Peak 445.05M) | Time:00:00.81 | Mem:0.00M, Peak:0.00M | Scene, ViewLayer | Synchronizing object | Entry tread raised antislip ridge.051
Fra:1 Mem:445.06M (Peak 445.06M) | Time:00:00.81 | Mem:0.00M, Peak:0.00M | Scene, ViewLayer | Synchronizing object | Entry tread raised antislip ridge.052
Fra:1 Mem:445.07M (Peak 445.07M) | Time:00:00.81 | Mem:0.00M, Peak:0.00M | Scene, ViewLayer | Synchronizing object | Entry tread raised antislip ridge.053
Fra:1 Mem:445.08M (Peak 445.08M) | Time:00:00.81 | Mem:0.00M, Peak:0.00M | Scene, ViewLayer | Synchronizing object | Entry tread raised antislip ridge.054
Fra:1 Mem:445.09M (Peak 445.09M) | Time:00:00.81 | Mem:0.00M, Peak:0.00M | Scene, ViewLayer | Synchronizing object | Entry tread raised antislip ridge.055
Fra:1 Mem:445.10M (Peak 445.10M) | Time:00:00.81 | Mem:0.00M, Peak:0.00M | Scene, ViewLayer | Synchronizing object | Entry tread raised antislip ridge.056
Fra:1 Mem:445.10M (Peak 445.10M) | Time:00:00.81 | Mem:0.00M, Peak:0.00M | Scene, ViewLayer | Synchronizing object | Entry tread raised antislip ridge.057
Fra:1 Mem:445.11M (Peak 445.11M) | Time:00:00.81 | Mem:0.00M, Peak:0.00M | Scene, ViewLayer | Synchronizing object | Entry tread raised antislip ridge.058
Fra:1 Mem:445.12M (Peak 445.12M) | Time:00:00.81 | Mem:0.00M, Peak:0.00M | Scene, ViewLayer | Synchronizing object | Entry tread raised antislip ridge.059
Fra:1 Mem:445.13M (Peak 445.13M) | Time:00:00.81 | Mem:0.00M, Peak:0.00M | Scene, ViewLayer | Synchronizing object | Entrance ladder angle stringer
Fra:1 Mem:445.14M (Peak 445.14M) | Time:00:00.81 | Mem:0.00M, Peak:0.00M | Scene, ViewLayer | Synchronizing object | Entrance ladder angle stringer.001
Fra:1 Mem:445.15M (Peak 445.15M) | Time:00:00.81 | Mem:0.00M, Peak:0.00M | Scene, ViewLayer | Synchronizing object | Door instruction
Fra:1 Mem:445.19M (Peak 445.19M) | Time:00:00.81 | Mem:0.00M, Peak:0.00M | Scene, ViewLayer | Synchronizing object | Entry lettering
Fra:1 Mem:445.23M (Peak 445.23M) | Time:00:00.81 | Mem:0.00M, Peak:0.00M | Scene, ViewLayer | Synchronizing object | Entrance aperture steel return.001
Fra:1 Mem:445.23M (Peak 445.23M) | Time:00:00.81 | Mem:0.00M, Peak:0.00M | Scene, ViewLayer | Synchronizing object | Entrance door weatherseal.001
Fra:1 Mem:445.25M (Peak 445.25M) | Time:00:00.81 | Mem:0.00M, Peak:0.00M | Scene, ViewLayer | Synchronizing object | Entrance pressed steel door panel.002
Fra:1 Mem:445.26M (Peak 445.26M) | Time:00:00.81 | Mem:0.00M, Peak:0.00M | Scene, ViewLayer | Synchronizing object | Entrance pressed steel door panel.003
Fra:1 Mem:445.27M (Peak 445.27M) | Time:00:00.81 | Mem:0.00M, Peak:0.00M | Scene, ViewLayer | Synchronizing object | Entrance glazed opening side rail.002
Fra:1 Mem:445.28M (Peak 445.28M) | Time:00:00.81 | Mem:0.00M, Peak:0.00M | Scene, ViewLayer | Synchronizing object | Entrance glazed opening side rail.003
Fra:1 Mem:445.32M (Peak 445.32M) | Time:00:00.81 | Mem:0.00M, Peak:0.00M | Scene, ViewLayer | Synchronizing object | Door window band lower paint strip.001
Fra:1 Mem:445.31M (Peak 445.32M) | Time:00:00.81 | Mem:0.00M, Peak:0.00M | Scene, ViewLayer | Synchronizing object | Door window band upper paint strip.001
Fra:1 Mem:445.32M (Peak 445.32M) | Time:00:00.81 | Mem:0.00M, Peak:0.00M | Scene, ViewLayer | Synchronizing object | Entrance window gasket.001
Fra:1 Mem:445.35M (Peak 445.35M) | Time:00:00.81 | Mem:0.00M, Peak:0.00M | Scene, ViewLayer | Synchronizing object | Entrance clear door glazing.001
Fra:1 Mem:445.36M (Peak 445.36M) | Time:00:00.81 | Mem:0.00M, Peak:0.00M | Scene, ViewLayer | Synchronizing object | Pressed door lower panel bead.002
Fra:1 Mem:445.38M (Peak 445.38M) | Time:00:00.81 | Mem:0.00M, Peak:0.00M | Scene, ViewLayer | Synchronizing object | Pressed door lower panel bead.003
Fra:1 Mem:445.40M (Peak 445.40M) | Time:00:00.81 | Mem:0.00M, Peak:0.00M | Scene, ViewLayer | Synchronizing object | Door hinge knuckle.003
Fra:1 Mem:445.41M (Peak 445.41M) | Time:00:00.81 | Mem:0.00M, Peak:0.00M | Scene, ViewLayer | Synchronizing object | Door hinge plate.006
Fra:1 Mem:445.42M (Peak 445.42M) | Time:00:00.81 | Mem:0.00M, Peak:0.00M | Scene, ViewLayer | Synchronizing object | Door hinge plate.007
Fra:1 Mem:445.42M (Peak 445.42M) | Time:00:00.81 | Mem:0.00M, Peak:0.00M | Scene, ViewLayer | Synchronizing object | Door hinge knuckle.004
Fra:1 Mem:445.43M (Peak 445.43M) | Time:00:00.81 | Mem:0.00M, Peak:0.00M | Scene, ViewLayer | Synchronizing object | Door hinge plate.008
Fra:1 Mem:445.44M (Peak 445.44M) | Time:00:00.81 | Mem:0.00M, Peak:0.00M | Scene, ViewLayer | Synchronizing object | Door hinge plate.009
Fra:1 Mem:445.45M (Peak 445.45M) | Time:00:00.81 | Mem:0.00M, Peak:0.00M | Scene, ViewLayer | Synchronizing object | Door hinge knuckle.005
Fra:1 Mem:445.45M (Peak 445.45M) | Time:00:00.81 | Mem:0.00M, Peak:0.00M | Scene, ViewLayer | Synchronizing object | Door hinge plate.010
Fra:1 Mem:445.46M (Peak 445.46M) | Time:00:00.81 | Mem:0.00M, Peak:0.00M | Scene, ViewLayer | Synchronizing object | Door hinge plate.011
Fra:1 Mem:445.47M (Peak 445.47M) | Time:00:00.81 | Mem:0.00M, Peak:0.00M | Scene, ViewLayer | Synchronizing object | Door polished pull.001
Fra:1 Mem:445.47M (Peak 445.47M) | Time:00:00.81 | Mem:0.00M, Peak:0.00M | Scene, ViewLayer | Synchronizing object | Door handle mounting boss.002
Fra:1 Mem:445.48M (Peak 445.48M) | Time:00:00.81 | Mem:0.00M, Peak:0.00M | Scene, ViewLayer | Synchronizing object | Door handle mounting boss.003
Fra:1 Mem:445.48M (Peak 445.48M) | Time:00:00.81 | Mem:0.00M, Peak:0.00M | Scene, ViewLayer | Synchronizing object | Door lock escutcheon.001
Fra:1 Mem:445.49M (Peak 445.49M) | Time:00:00.81 | Mem:0.00M, Peak:0.00M | Scene, ViewLayer | Synchronizing object | Door key slot.001
Fra:1 Mem:445.49M (Peak 445.49M) | Time:00:00.81 | Mem:0.00M, Peak:0.00M | Scene, ViewLayer | Synchronizing object | Bent entrance stainless grabrail.002
Fra:1 Mem:445.50M (Peak 445.50M) | Time:00:00.81 | Mem:0.00M, Peak:0.00M | Scene, ViewLayer | Synchronizing object | Grabrail mounting pad.004
Fra:1 Mem:445.50M (Peak 445.50M) | Time:00:00.81 | Mem:0.00M, Peak:0.00M | Scene, ViewLayer | Synchronizing object | Grabrail mounting pad.005
Fra:1 Mem:445.51M (Peak 445.51M) | Time:00:00.81 | Mem:0.00M, Peak:0.00M | Scene, ViewLayer | Synchronizing object | Bent entrance stainless grabrail.003
Fra:1 Mem:445.52M (Peak 445.52M) | Time:00:00.81 | Mem:0.00M, Peak:0.00M | Scene, ViewLayer | Synchronizing object | Grabrail mounting pad.006
Fra:1 Mem:445.53M (Peak 445.53M) | Time:00:00.81 | Mem:0.00M, Peak:0.00M | Scene, ViewLayer | Synchronizing object | Grabrail mounting pad.007
Fra:1 Mem:445.53M (Peak 445.53M) | Time:00:00.81 | Mem:0.00M, Peak:0.00M | Scene, ViewLayer | Synchronizing object | Entrance ladder perforated tread.004
Fra:1 Mem:445.54M (Peak 445.54M) | Time:00:00.81 | Mem:0.00M, Peak:0.00M | Scene, ViewLayer | Synchronizing object | Entry tread raised antislip ridge.060
Fra:1 Mem:445.55M (Peak 445.55M) | Time:00:00.81 | Mem:0.00M, Peak:0.00M | Scene, ViewLayer | Synchronizing object | Entry tread raised antislip ridge.061
Fra:1 Mem:445.56M (Peak 445.56M) | Time:00:00.81 | Mem:0.00M, Peak:0.00M | Scene, ViewLayer | Synchronizing object | Entry tread raised antislip ridge.062
Fra:1 Mem:445.57M (Peak 445.57M) | Time:00:00.81 | Mem:0.00M, Peak:0.00M | Scene, ViewLayer | Synchronizing object | Entry tread raised antislip ridge.063
Fra:1 Mem:445.58M (Peak 445.58M) | Time:00:00.81 | Mem:0.00M, Peak:0.00M | Scene, ViewLayer | Synchronizing object | Entry tread raised antislip ridge.064
Fra:1 Mem:445.59M (Peak 445.59M) | Time:00:00.81 | Mem:0.00M, Peak:0.00M | Scene, ViewLayer | Synchronizing object | Entry tread raised antislip ridge.065
Fra:1 Mem:445.59M (Peak 445.59M) | Time:00:00.81 | Mem:0.00M, Peak:0.00M | Scene, ViewLayer | Synchronizing object | Entry tread raised antislip ridge.066
Fra:1 Mem:445.60M (Peak 445.60M) | Time:00:00.81 | Mem:0.00M, Peak:0.00M | Scene, ViewLayer | Synchronizing object | Entry tread raised antislip ridge.067
Fra:1 Mem:445.61M (Peak 445.61M) | Time:00:00.81 | Mem:0.00M, Peak:0.00M | Scene, ViewLayer | Synchronizing object | Entry tread raised antislip ridge.068
Fra:1 Mem:445.62M (Peak 445.62M) | Time:00:00.81 | Mem:0.00M, Peak:0.00M | Scene, ViewLayer | Synchronizing object | Entry tread raised antislip ridge.069
Fra:1 Mem:445.63M (Peak 445.63M) | Time:00:00.81 | Mem:0.00M, Peak:0.00M | Scene, ViewLayer | Synchronizing object | Entry tread raised antislip ridge.070
Fra:1 Mem:445.64M (Peak 445.64M) | Time:00:00.81 | Mem:0.00M, Peak:0.00M | Scene, ViewLayer | Synchronizing object | Entry tread raised antislip ridge.071
Fra:1 Mem:445.65M (Peak 445.65M) | Time:00:00.81 | Mem:0.00M, Peak:0.00M | Scene, ViewLayer | Synchronizing object | Entry tread raised antislip ridge.072
Fra:1 Mem:445.66M (Peak 445.66M) | Time:00:00.81 | Mem:0.00M, Peak:0.00M | Scene, ViewLayer | Synchronizing object | Entry tread raised antislip ridge.073
Fra:1 Mem:445.67M (Peak 445.67M) | Time:00:00.81 | Mem:0.00M, Peak:0.00M | Scene, ViewLayer | Synchronizing object | Entry tread raised antislip ridge.074
Fra:1 Mem:445.67M (Peak 445.67M) | Time:00:00.81 | Mem:0.00M, Peak:0.00M | Scene, ViewLayer | Synchronizing object | Entrance ladder perforated tread.005
Fra:1 Mem:445.68M (Peak 445.68M) | Time:00:00.81 | Mem:0.00M, Peak:0.00M | Scene, ViewLayer | Synchronizing object | Entry tread raised antislip ridge.075
Fra:1 Mem:445.69M (Peak 445.69M) | Time:00:00.81 | Mem:0.00M, Peak:0.00M | Scene, ViewLayer | Synchronizing object | Entry tread raised antislip ridge.076
Fra:1 Mem:445.70M (Peak 445.70M) | Time:00:00.81 | Mem:0.00M, Peak:0.00M | Scene, ViewLayer | Synchronizing object | Entry tread raised antislip ridge.077
Fra:1 Mem:445.71M (Peak 445.71M) | Time:00:00.81 | Mem:0.00M, Peak:0.00M | Scene, ViewLayer | Synchronizing object | Entry tread raised antislip ridge.078
Fra:1 Mem:445.72M (Peak 445.72M) | Time:00:00.81 | Mem:0.00M, Peak:0.00M | Scene, ViewLayer | Synchronizing object | Entry tread raised antislip ridge.079
Fra:1 Mem:445.73M (Peak 445.73M) | Time:00:00.81 | Mem:0.00M, Peak:0.00M | Scene, ViewLayer | Synchronizing object | Entry tread raised antislip ridge.080
Fra:1 Mem:445.74M (Peak 445.74M) | Time:00:00.81 | Mem:0.00M, Peak:0.00M | Scene, ViewLayer | Synchronizing object | Entry tread raised antislip ridge.081
Fra:1 Mem:445.74M (Peak 445.74M) | Time:00:00.81 | Mem:0.00M, Peak:0.00M | Scene, ViewLayer | Synchronizing object | Entry tread raised antislip ridge.082
Fra:1 Mem:445.75M (Peak 445.75M) | Time:00:00.81 | Mem:0.00M, Peak:0.00M | Scene, ViewLayer | Synchronizing object | Entry tread raised antislip ridge.083
Fra:1 Mem:445.76M (Peak 445.76M) | Time:00:00.81 | Mem:0.00M, Peak:0.00M | Scene, ViewLayer | Synchronizing object | Entry tread raised antislip ridge.084
Fra:1 Mem:445.77M (Peak 445.77M) | Time:00:00.81 | Mem:0.00M, Peak:0.00M | Scene, ViewLayer | Synchronizing object | Entry tread raised antislip ridge.085
Fra:1 Mem:445.78M (Peak 445.78M) | Time:00:00.81 | Mem:0.00M, Peak:0.00M | Scene, ViewLayer | Synchronizing object | Entry tread raised antislip ridge.086
Fra:1 Mem:445.79M (Peak 445.79M) | Time:00:00.81 | Mem:0.00M, Peak:0.00M | Scene, ViewLayer | Synchronizing object | Entry tread raised antislip ridge.087
Fra:1 Mem:445.80M (Peak 445.80M) | Time:00:00.81 | Mem:0.00M, Peak:0.00M | Scene, ViewLayer | Synchronizing object | Entry tread raised antislip ridge.088
Fra:1 Mem:445.81M (Peak 445.81M) | Time:00:00.81 | Mem:0.00M, Peak:0.00M | Scene, ViewLayer | Synchronizing object | Entry tread raised antislip ridge.089
Fra:1 Mem:445.81M (Peak 445.81M) | Time:00:00.81 | Mem:0.00M, Peak:0.00M | Scene, ViewLayer | Synchronizing object | Entrance ladder perforated tread.006
Fra:1 Mem:445.82M (Peak 445.82M) | Time:00:00.81 | Mem:0.00M, Peak:0.00M | Scene, ViewLayer | Synchronizing object | Entry tread raised antislip ridge.090
Fra:1 Mem:445.83M (Peak 445.83M) | Time:00:00.81 | Mem:0.00M, Peak:0.00M | Scene, ViewLayer | Synchronizing object | Entry tread raised antislip ridge.091
Fra:1 Mem:445.84M (Peak 445.84M) | Time:00:00.81 | Mem:0.00M, Peak:0.00M | Scene, ViewLayer | Synchronizing object | Entry tread raised antislip ridge.092
Fra:1 Mem:445.85M (Peak 445.85M) | Time:00:00.81 | Mem:0.00M, Peak:0.00M | Scene, ViewLayer | Synchronizing object | Entry tread raised antislip ridge.093
Fra:1 Mem:445.86M (Peak 445.86M) | Time:00:00.81 | Mem:0.00M, Peak:0.00M | Scene, ViewLayer | Synchronizing object | Entry tread raised antislip ridge.094
Fra:1 Mem:445.87M (Peak 445.87M) | Time:00:00.81 | Mem:0.00M, Peak:0.00M | Scene, ViewLayer | Synchronizing object | Entry tread raised antislip ridge.095
Fra:1 Mem:445.87M (Peak 445.87M) | Time:00:00.81 | Mem:0.00M, Peak:0.00M | Scene, ViewLayer | Synchronizing object | Entry tread raised antislip ridge.096
Fra:1 Mem:445.88M (Peak 445.88M) | Time:00:00.81 | Mem:0.00M, Peak:0.00M | Scene, ViewLayer | Synchronizing object | Entry tread raised antislip ridge.097
Fra:1 Mem:445.89M (Peak 445.89M) | Time:00:00.81 | Mem:0.00M, Peak:0.00M | Scene, ViewLayer | Synchronizing object | Entry tread raised antislip ridge.098
Fra:1 Mem:445.90M (Peak 445.90M) | Time:00:00.81 | Mem:0.00M, Peak:0.00M | Scene, ViewLayer | Synchronizing object | Entry tread raised antislip ridge.099
Fra:1 Mem:445.91M (Peak 445.91M) | Time:00:00.81 | Mem:0.00M, Peak:0.00M | Scene, ViewLayer | Synchronizing object | Entry tread raised antislip ridge.100
Fra:1 Mem:445.92M (Peak 445.92M) | Time:00:00.81 | Mem:0.00M, Peak:0.00M | Scene, ViewLayer | Synchronizing object | Entry tread raised antislip ridge.101
Fra:1 Mem:445.93M (Peak 445.93M) | Time:00:00.81 | Mem:0.00M, Peak:0.00M | Scene, ViewLayer | Synchronizing object | Entry tread raised antislip ridge.102
Fra:1 Mem:445.94M (Peak 445.94M) | Time:00:00.81 | Mem:0.00M, Peak:0.00M | Scene, ViewLayer | Synchronizing object | Entry tread raised antislip ridge.103
Fra:1 Mem:445.94M (Peak 445.94M) | Time:00:00.81 | Mem:0.00M, Peak:0.00M | Scene, ViewLayer | Synchronizing object | Entry tread raised antislip ridge.104
Fra:1 Mem:445.95M (Peak 445.95M) | Time:00:00.81 | Mem:0.00M, Peak:0.00M | Scene, ViewLayer | Synchronizing object | Entrance ladder perforated tread.007
Fra:1 Mem:445.96M (Peak 445.96M) | Time:00:00.81 | Mem:0.00M, Peak:0.00M | Scene, ViewLayer | Synchronizing object | Entry tread raised antislip ridge.105
Fra:1 Mem:445.97M (Peak 445.97M) | Time:00:00.81 | Mem:0.00M, Peak:0.00M | Scene, ViewLayer | Synchronizing object | Entry tread raised antislip ridge.106
Fra:1 Mem:445.98M (Peak 445.98M) | Time:00:00.81 | Mem:0.00M, Peak:0.00M | Scene, ViewLayer | Synchronizing object | Entry tread raised antislip ridge.107
Fra:1 Mem:445.99M (Peak 445.99M) | Time:00:00.81 | Mem:0.00M, Peak:0.00M | Scene, ViewLayer | Synchronizing object | Entry tread raised antislip ridge.108
Fra:1 Mem:446.00M (Peak 446.00M) | Time:00:00.81 | Mem:0.00M, Peak:0.00M | Scene, ViewLayer | Synchronizing object | Entry tread raised antislip ridge.109
Fra:1 Mem:446.00M (Peak 446.00M) | Time:00:00.81 | Mem:0.00M, Peak:0.00M | Scene, ViewLayer | Synchronizing object | Entry tread raised antislip ridge.110
Fra:1 Mem:446.01M (Peak 446.01M) | Time:00:00.81 | Mem:0.00M, Peak:0.00M | Scene, ViewLayer | Synchronizing object | Entry tread raised antislip ridge.111
Fra:1 Mem:446.02M (Peak 446.02M) | Time:00:00.81 | Mem:0.00M, Peak:0.00M | Scene, ViewLayer | Synchronizing object | Entry tread raised antislip ridge.112
Fra:1 Mem:446.03M (Peak 446.03M) | Time:00:00.81 | Mem:0.00M, Peak:0.00M | Scene, ViewLayer | Synchronizing object | Entry tread raised antislip ridge.113
Fra:1 Mem:446.04M (Peak 446.04M) | Time:00:00.81 | Mem:0.00M, Peak:0.00M | Scene, ViewLayer | Synchronizing object | Entry tread raised antislip ridge.114
Fra:1 Mem:446.05M (Peak 446.05M) | Time:00:00.81 | Mem:0.00M, Peak:0.00M | Scene, ViewLayer | Synchronizing object | Entry tread raised antislip ridge.115
Fra:1 Mem:446.06M (Peak 446.06M) | Time:00:00.81 | Mem:0.00M, Peak:0.00M | Scene, ViewLayer | Synchronizing object | Entry tread raised antislip ridge.116
Fra:1 Mem:446.07M (Peak 446.07M) | Time:00:00.81 | Mem:0.00M, Peak:0.00M | Scene, ViewLayer | Synchronizing object | Entry tread raised antislip ridge.117
Fra:1 Mem:446.07M (Peak 446.07M) | Time:00:00.81 | Mem:0.00M, Peak:0.00M | Scene, ViewLayer | Synchronizing object | Entry tread raised antislip ridge.118
Fra:1 Mem:446.08M (Peak 446.08M) | Time:00:00.81 | Mem:0.00M, Peak:0.00M | Scene, ViewLayer | Synchronizing object | Entry tread raised antislip ridge.119
Fra:1 Mem:446.09M (Peak 446.09M) | Time:00:00.81 | Mem:0.00M, Peak:0.00M | Scene, ViewLayer | Synchronizing object | Entrance ladder angle stringer.002
Fra:1 Mem:446.10M (Peak 446.10M) | Time:00:00.81 | Mem:0.00M, Peak:0.00M | Scene, ViewLayer | Synchronizing object | Entrance ladder angle stringer.003
Fra:1 Mem:446.11M (Peak 446.11M) | Time:00:00.81 | Mem:0.00M, Peak:0.00M | Scene, ViewLayer | Synchronizing object | Door instruction.001
Fra:1 Mem:446.15M (Peak 446.15M) | Time:00:00.81 | Mem:0.00M, Peak:0.00M | Scene, ViewLayer | Synchronizing object | Entry lettering.001
Fra:1 Mem:446.19M (Peak 446.19M) | Time:00:00.81 | Mem:0.00M, Peak:0.00M | Scene, ViewLayer | Synchronizing object | Toilet window black gasket
Fra:1 Mem:446.21M (Peak 446.21M) | Time:00:00.81 | Mem:0.00M, Peak:0.00M | Scene, ViewLayer | Synchronizing object | Obscure toilet glass
Fra:1 Mem:446.22M (Peak 446.22M) | Time:00:00.81 | Mem:0.00M, Peak:0.00M | Scene, ViewLayer | Synchronizing object | Toilet window external bar
Fra:1 Mem:446.22M (Peak 446.22M) | Time:00:00.81 | Mem:0.00M, Peak:0.00M | Scene, ViewLayer | Synchronizing object | Toilet window external bar.001
Fra:1 Mem:446.23M (Peak 446.23M) | Time:00:00.81 | Mem:0.00M, Peak:0.00M | Scene, ViewLayer | Synchronizing object | Toilet window external bar.002
Fra:1 Mem:446.23M (Peak 446.23M) | Time:00:00.81 | Mem:0.00M, Peak:0.00M | Scene, ViewLayer | Synchronizing object | Toilet window external bar.003
Fra:1 Mem:446.23M (Peak 446.23M) | Time:00:00.81 | Mem:0.00M, Peak:0.00M | Scene, ViewLayer | Synchronizing object | Toilet window black gasket.001
Fra:1 Mem:446.25M (Peak 446.25M) | Time:00:00.81 | Mem:0.00M, Peak:0.00M | Scene, ViewLayer | Synchronizing object | Obscure toilet glass.001
Fra:1 Mem:446.27M (Peak 446.27M) | Time:00:00.81 | Mem:0.00M, Peak:0.00M | Scene, ViewLayer | Synchronizing object | Toilet window external bar.004
Fra:1 Mem:446.27M (Peak 446.27M) | Time:00:00.81 | Mem:0.00M, Peak:0.00M | Scene, ViewLayer | Synchronizing object | Toilet window external bar.005
Fra:1 Mem:446.27M (Peak 446.27M) | Time:00:00.81 | Mem:0.00M, Peak:0.00M | Scene, ViewLayer | Synchronizing object | Toilet window external bar.006
Fra:1 Mem:446.27M (Peak 446.27M) | Time:00:00.81 | Mem:0.00M, Peak:0.00M | Scene, ViewLayer | Synchronizing object | Toilet window external bar.007
Fra:1 Mem:446.28M (Peak 446.28M) | Time:00:00.81 | Mem:0.00M, Peak:0.00M | Scene, ViewLayer | Synchronizing object | English class legend
Fra:1 Mem:446.47M (Peak 446.47M) | Time:00:00.81 | Mem:0.00M, Peak:0.00M | Scene, ViewLayer | Synchronizing object | Hindi class painted marking
Fra:1 Mem:446.47M (Peak 446.47M) | Time:00:00.81 | Mem:0.00M, Peak:0.00M | Scene, ViewLayer | Synchronizing object | Coach number illustrative
Fra:1 Mem:446.63M (Peak 446.63M) | Time:00:00.81 | Mem:0.00M, Peak:0.00M | Scene, ViewLayer | Synchronizing object | Zone initials
Fra:1 Mem:446.65M (Peak 446.65M) | Time:00:00.81 | Mem:0.00M, Peak:0.00M | Scene, ViewLayer | Synchronizing object | Yellow destination board
Fra:1 Mem:446.66M (Peak 446.66M) | Time:00:00.81 | Mem:0.00M, Peak:0.00M | Scene, ViewLayer | Synchronizing object | Route destination legend
Fra:1 Mem:446.77M (Peak 446.77M) | Time:00:00.81 | Mem:0.00M, Peak:0.00M | Scene, ViewLayer | Synchronizing object | Destination board mounting bracket
Fra:1 Mem:446.78M (Peak 446.78M) | Time:00:00.81 | Mem:0.00M, Peak:0.00M | Scene, ViewLayer | Synchronizing object | Destination board mounting bracket.001
Fra:1 Mem:446.78M (Peak 446.78M) | Time:00:00.81 | Mem:0.00M, Peak:0.00M | Scene, ViewLayer | Synchronizing object | Destination board fixing screw
Fra:1 Mem:446.79M (Peak 446.79M) | Time:00:00.81 | Mem:0.00M, Peak:0.00M | Scene, ViewLayer | Synchronizing object | Destination board fixing screw.001
Fra:1 Mem:446.79M (Peak 446.79M) | Time:00:00.81 | Mem:0.00M, Peak:0.00M | Scene, ViewLayer | Synchronizing object | Destination board fixing screw.002
Fra:1 Mem:446.79M (Peak 446.79M) | Time:00:00.81 | Mem:0.00M, Peak:0.00M | Scene, ViewLayer | Synchronizing object | Destination board fixing screw.003
Fra:1 Mem:446.79M (Peak 446.79M) | Time:00:00.81 | Mem:0.00M, Peak:0.00M | Scene, ViewLayer | Synchronizing object | Coach position plate
Fra:1 Mem:446.80M (Peak 446.80M) | Time:00:00.81 | Mem:0.00M, Peak:0.00M | Scene, ViewLayer | Synchronizing object | Coach position character
Fra:1 Mem:446.81M (Peak 446.81M) | Time:00:00.81 | Mem:0.00M, Peak:0.00M | Scene, ViewLayer | Synchronizing object | Technical maintenance stencil
Fra:1 Mem:446.96M (Peak 446.96M) | Time:00:00.81 | Mem:0.00M, Peak:0.00M | Scene, ViewLayer | Synchronizing object | Technical maintenance stencil.001
Fra:1 Mem:447.12M (Peak 447.12M) | Time:00:00.81 | Mem:0.00M, Peak:0.00M | Scene, ViewLayer | Synchronizing object | Pneumatic release stencil
Fra:1 Mem:447.19M (Peak 447.19M) | Time:00:00.81 | Mem:0.00M, Peak:0.00M | Scene, ViewLayer | Synchronizing object | Rounded end corner pressed skin
Fra:1 Mem:447.20M (Peak 447.20M) | Time:00:00.81 | Mem:0.00M, Peak:0.00M | Scene, ViewLayer | Synchronizing object | Rounded end corner pressed skin.001
Fra:1 Mem:447.20M (Peak 447.20M) | Time:00:00.81 | Mem:0.00M, Peak:0.00M | Scene, ViewLayer | Synchronizing object | Rounded end corner pressed skin.002
Fra:1 Mem:447.20M (Peak 447.20M) | Time:00:00.81 | Mem:0.00M, Peak:0.00M | Scene, ViewLayer | Synchronizing object | Rounded end corner pressed skin.003
Fra:1 Mem:447.20M (Peak 447.20M) | Time:00:00.81 | Mem:0.00M, Peak:0.00M | Scene, ViewLayer | Synchronizing object | Rounded end corner pressed skin.004
Fra:1 Mem:447.20M (Peak 447.20M) | Time:00:00.81 | Mem:0.00M, Peak:0.00M | Scene, ViewLayer | Synchronizing object | Rounded end corner pressed skin.005
Fra:1 Mem:447.21M (Peak 447.21M) | Time:00:00.81 | Mem:0.00M, Peak:0.00M | Scene, ViewLayer | Synchronizing object | Pressed bodyside skin.178
Fra:1 Mem:447.21M (Peak 447.21M) | Time:00:00.81 | Mem:0.00M, Peak:0.00M | Scene, ViewLayer | Synchronizing object | Lined bodyside aperture panel.178
Fra:1 Mem:447.21M (Peak 447.21M) | Time:00:00.81 | Mem:0.00M, Peak:0.00M | Scene, ViewLayer | Synchronizing object | Pressed bodyside skin.179
Fra:1 Mem:447.21M (Peak 447.21M) | Time:00:00.81 | Mem:0.00M, Peak:0.00M | Scene, ViewLayer | Synchronizing object | Lined bodyside aperture panel.179
Fra:1 Mem:447.21M (Peak 447.21M) | Time:00:00.81 | Mem:0.00M, Peak:0.00M | Scene, ViewLayer | Synchronizing object | Pressed bodyside skin.180
Fra:1 Mem:447.21M (Peak 447.21M) | Time:00:00.81 | Mem:0.00M, Peak:0.00M | Scene, ViewLayer | Synchronizing object | Lined bodyside aperture panel.180
Fra:1 Mem:447.21M (Peak 447.21M) | Time:00:00.81 | Mem:0.00M, Peak:0.00M | Scene, ViewLayer | Synchronizing object | Pressed bodyside skin.181
Fra:1 Mem:447.22M (Peak 447.22M) | Time:00:00.81 | Mem:0.00M, Peak:0.00M | Scene, ViewLayer | Synchronizing object | Lined bodyside aperture panel.181
Fra:1 Mem:447.22M (Peak 447.22M) | Time:00:00.81 | Mem:0.00M, Peak:0.00M | Scene, ViewLayer | Synchronizing object | Pressed bodyside skin.182
Fra:1 Mem:447.22M (Peak 447.22M) | Time:00:00.81 | Mem:0.00M, Peak:0.00M | Scene, ViewLayer | Synchronizing object | Lined bodyside aperture panel.182
Fra:1 Mem:447.22M (Peak 447.22M) | Time:00:00.81 | Mem:0.00M, Peak:0.00M | Scene, ViewLayer | Synchronizing object | Pressed bodyside skin.183
Fra:1 Mem:447.22M (Peak 447.22M) | Time:00:00.81 | Mem:0.00M, Peak:0.00M | Scene, ViewLayer | Synchronizing object | Lined bodyside aperture panel.183
Fra:1 Mem:447.22M (Peak 447.22M) | Time:00:00.81 | Mem:0.00M, Peak:0.00M | Scene, ViewLayer | Synchronizing object | Pressed bodyside skin.184
Fra:1 Mem:447.22M (Peak 447.22M) | Time:00:00.81 | Mem:0.00M, Peak:0.00M | Scene, ViewLayer | Synchronizing object | Lined bodyside aperture panel.184
Fra:1 Mem:447.22M (Peak 447.22M) | Time:00:00.81 | Mem:0.00M, Peak:0.00M | Scene, ViewLayer | Synchronizing object | Pressed bodyside skin.185
Fra:1 Mem:447.23M (Peak 447.23M) | Time:00:00.81 | Mem:0.00M, Peak:0.00M | Scene, ViewLayer | Synchronizing object | Lined bodyside aperture panel.185
Fra:1 Mem:447.23M (Peak 447.23M) | Time:00:00.81 | Mem:0.00M, Peak:0.00M | Scene, ViewLayer | Synchronizing object | Pressed bodyside skin.186
Fra:1 Mem:447.23M (Peak 447.23M) | Time:00:00.81 | Mem:0.00M, Peak:0.00M | Scene, ViewLayer | Synchronizing object | Lined bodyside aperture panel.186
Fra:1 Mem:447.23M (Peak 447.23M) | Time:00:00.81 | Mem:0.00M, Peak:0.00M | Scene, ViewLayer | Synchronizing object | Pressed bodyside skin.187
Fra:1 Mem:447.23M (Peak 447.23M) | Time:00:00.82 | Mem:0.00M, Peak:0.00M | Scene, ViewLayer | Synchronizing object | Lined bodyside aperture panel.187
Fra:1 Mem:447.23M (Peak 447.23M) | Time:00:00.82 | Mem:0.00M, Peak:0.00M | Scene, ViewLayer | Synchronizing object | Pressed bodyside skin.188
Fra:1 Mem:447.23M (Peak 447.23M) | Time:00:00.82 | Mem:0.00M, Peak:0.00M | Scene, ViewLayer | Synchronizing object | Lined bodyside aperture panel.188
Fra:1 Mem:447.24M (Peak 447.24M) | Time:00:00.82 | Mem:0.00M, Peak:0.00M | Scene, ViewLayer | Synchronizing object | Pressed bodyside skin.189
Fra:1 Mem:447.24M (Peak 447.24M) | Time:00:00.82 | Mem:0.00M, Peak:0.00M | Scene, ViewLayer | Synchronizing object | Lined bodyside aperture panel.189
Fra:1 Mem:447.24M (Peak 447.24M) | Time:00:00.82 | Mem:0.00M, Peak:0.00M | Scene, ViewLayer | Synchronizing object | Pressed bodyside skin.190
Fra:1 Mem:447.24M (Peak 447.24M) | Time:00:00.82 | Mem:0.00M, Peak:0.00M | Scene, ViewLayer | Synchronizing object | Lined bodyside aperture panel.190
Fra:1 Mem:447.24M (Peak 447.24M) | Time:00:00.82 | Mem:0.00M, Peak:0.00M | Scene, ViewLayer | Synchronizing object | Pressed bodyside skin.191
Fra:1 Mem:447.24M (Peak 447.24M) | Time:00:00.82 | Mem:0.00M, Peak:0.00M | Scene, ViewLayer | Synchronizing object | Lined bodyside aperture panel.191
Fra:1 Mem:447.24M (Peak 447.24M) | Time:00:00.82 | Mem:0.00M, Peak:0.00M | Scene, ViewLayer | Synchronizing object | Pressed bodyside skin.192
Fra:1 Mem:447.24M (Peak 447.24M) | Time:00:00.82 | Mem:0.00M, Peak:0.00M | Scene, ViewLayer | Synchronizing object | Lined bodyside aperture panel.192
Fra:1 Mem:447.25M (Peak 447.25M) | Time:00:00.82 | Mem:0.00M, Peak:0.00M | Scene, ViewLayer | Synchronizing object | Pressed bodyside skin.193
Fra:1 Mem:447.25M (Peak 447.25M) | Time:00:00.82 | Mem:0.00M, Peak:0.00M | Scene, ViewLayer | Synchronizing object | Lined bodyside aperture panel.193
Fra:1 Mem:447.25M (Peak 447.25M) | Time:00:00.82 | Mem:0.00M, Peak:0.00M | Scene, ViewLayer | Synchronizing object | Pressed bodyside skin.194
Fra:1 Mem:447.25M (Peak 447.25M) | Time:00:00.82 | Mem:0.00M, Peak:0.00M | Scene, ViewLayer | Synchronizing object | Lined bodyside aperture panel.194
Fra:1 Mem:447.25M (Peak 447.25M) | Time:00:00.82 | Mem:0.00M, Peak:0.00M | Scene, ViewLayer | Synchronizing object | Pressed bodyside skin.195
Fra:1 Mem:447.25M (Peak 447.25M) | Time:00:00.82 | Mem:0.00M, Peak:0.00M | Scene, ViewLayer | Synchronizing object | Lined bodyside aperture panel.195
Fra:1 Mem:447.25M (Peak 447.25M) | Time:00:00.82 | Mem:0.00M, Peak:0.00M | Scene, ViewLayer | Synchronizing object | Pressed bodyside skin.196
Fra:1 Mem:447.25M (Peak 447.25M) | Time:00:00.82 | Mem:0.00M, Peak:0.00M | Scene, ViewLayer | Synchronizing object | Lined bodyside aperture panel.196
Fra:1 Mem:447.25M (Peak 447.25M) | Time:00:00.82 | Mem:0.00M, Peak:0.00M | Scene, ViewLayer | Synchronizing object | Pressed bodyside skin.197
Fra:1 Mem:447.26M (Peak 447.26M) | Time:00:00.82 | Mem:0.00M, Peak:0.00M | Scene, ViewLayer | Synchronizing object | Lined bodyside aperture panel.197
Fra:1 Mem:447.26M (Peak 447.26M) | Time:00:00.82 | Mem:0.00M, Peak:0.00M | Scene, ViewLayer | Synchronizing object | Pressed bodyside skin.198
Fra:1 Mem:447.26M (Peak 447.26M) | Time:00:00.82 | Mem:0.00M, Peak:0.00M | Scene, ViewLayer | Synchronizing object | Lined bodyside aperture panel.198
Fra:1 Mem:447.26M (Peak 447.26M) | Time:00:00.82 | Mem:0.00M, Peak:0.00M | Scene, ViewLayer | Synchronizing object | Pressed bodyside skin.199
Fra:1 Mem:447.26M (Peak 447.26M) | Time:00:00.82 | Mem:0.00M, Peak:0.00M | Scene, ViewLayer | Synchronizing object | Lined bodyside aperture panel.199
Fra:1 Mem:447.26M (Peak 447.26M) | Time:00:00.82 | Mem:0.00M, Peak:0.00M | Scene, ViewLayer | Synchronizing object | Pressed bodyside skin.200
Fra:1 Mem:447.26M (Peak 447.26M) | Time:00:00.82 | Mem:0.00M, Peak:0.00M | Scene, ViewLayer | Synchronizing object | Lined bodyside aperture panel.200
Fra:1 Mem:447.26M (Peak 447.26M) | Time:00:00.82 | Mem:0.00M, Peak:0.00M | Scene, ViewLayer | Synchronizing object | Pressed bodyside skin.201
Fra:1 Mem:447.27M (Peak 447.27M) | Time:00:00.82 | Mem:0.00M, Peak:0.00M | Scene, ViewLayer | Synchronizing object | Lined bodyside aperture panel.201
Fra:1 Mem:447.27M (Peak 447.27M) | Time:00:00.82 | Mem:0.00M, Peak:0.00M | Scene, ViewLayer | Synchronizing object | Pressed bodyside skin.202
Fra:1 Mem:447.27M (Peak 447.27M) | Time:00:00.82 | Mem:0.00M, Peak:0.00M | Scene, ViewLayer | Synchronizing object | Lined bodyside aperture panel.202
Fra:1 Mem:447.27M (Peak 447.27M) | Time:00:00.82 | Mem:0.00M, Peak:0.00M | Scene, ViewLayer | Synchronizing object | Pressed bodyside skin.203
Fra:1 Mem:447.27M (Peak 447.27M) | Time:00:00.82 | Mem:0.00M, Peak:0.00M | Scene, ViewLayer | Synchronizing object | Lined bodyside aperture panel.203
Fra:1 Mem:447.27M (Peak 447.27M) | Time:00:00.82 | Mem:0.00M, Peak:0.00M | Scene, ViewLayer | Synchronizing object | Pressed bodyside skin.204
Fra:1 Mem:447.27M (Peak 447.27M) | Time:00:00.82 | Mem:0.00M, Peak:0.00M | Scene, ViewLayer | Synchronizing object | Lined bodyside aperture panel.204
Fra:1 Mem:447.27M (Peak 447.27M) | Time:00:00.82 | Mem:0.00M, Peak:0.00M | Scene, ViewLayer | Synchronizing object | Pressed bodyside skin.205
Fra:1 Mem:447.28M (Peak 447.28M) | Time:00:00.82 | Mem:0.00M, Peak:0.00M | Scene, ViewLayer | Synchronizing object | Lined bodyside aperture panel.205
Fra:1 Mem:447.28M (Peak 447.28M) | Time:00:00.82 | Mem:0.00M, Peak:0.00M | Scene, ViewLayer | Synchronizing object | Pressed bodyside skin.206
Fra:1 Mem:447.28M (Peak 447.28M) | Time:00:00.82 | Mem:0.00M, Peak:0.00M | Scene, ViewLayer | Synchronizing object | Lined bodyside aperture panel.206
Fra:1 Mem:447.28M (Peak 447.28M) | Time:00:00.82 | Mem:0.00M, Peak:0.00M | Scene, ViewLayer | Synchronizing object | Pressed bodyside skin.207
Fra:1 Mem:447.28M (Peak 447.28M) | Time:00:00.82 | Mem:0.00M, Peak:0.00M | Scene, ViewLayer | Synchronizing object | Lined bodyside aperture panel.207
Fra:1 Mem:447.28M (Peak 447.28M) | Time:00:00.82 | Mem:0.00M, Peak:0.00M | Scene, ViewLayer | Synchronizing object | Pressed bodyside skin.208
Fra:1 Mem:447.28M (Peak 447.28M) | Time:00:00.82 | Mem:0.00M, Peak:0.00M | Scene, ViewLayer | Synchronizing object | Lined bodyside aperture panel.208
Fra:1 Mem:447.28M (Peak 447.28M) | Time:00:00.82 | Mem:0.00M, Peak:0.00M | Scene, ViewLayer | Synchronizing object | Pressed bodyside skin.209
Fra:1 Mem:447.29M (Peak 447.29M) | Time:00:00.82 | Mem:0.00M, Peak:0.00M | Scene, ViewLayer | Synchronizing object | Lined bodyside aperture panel.209
Fra:1 Mem:447.29M (Peak 447.29M) | Time:00:00.82 | Mem:0.00M, Peak:0.00M | Scene, ViewLayer | Synchronizing object | Pressed bodyside skin.210
Fra:1 Mem:447.29M (Peak 447.29M) | Time:00:00.82 | Mem:0.00M, Peak:0.00M | Scene, ViewLayer | Synchronizing object | Lined bodyside aperture panel.210
Fra:1 Mem:447.29M (Peak 447.29M) | Time:00:00.82 | Mem:0.00M, Peak:0.00M | Scene, ViewLayer | Synchronizing object | Pressed bodyside skin.211
Fra:1 Mem:447.29M (Peak 447.29M) | Time:00:00.82 | Mem:0.00M, Peak:0.00M | Scene, ViewLayer | Synchronizing object | Lined bodyside aperture panel.211
Fra:1 Mem:447.29M (Peak 447.29M) | Time:00:00.82 | Mem:0.00M, Peak:0.00M | Scene, ViewLayer | Synchronizing object | Pressed bodyside skin.212
Fra:1 Mem:447.29M (Peak 447.29M) | Time:00:00.82 | Mem:0.00M, Peak:0.00M | Scene, ViewLayer | Synchronizing object | Lined bodyside aperture panel.212
Fra:1 Mem:447.29M (Peak 447.29M) | Time:00:00.82 | Mem:0.00M, Peak:0.00M | Scene, ViewLayer | Synchronizing object | Pressed bodyside skin.213
Fra:1 Mem:447.30M (Peak 447.30M) | Time:00:00.82 | Mem:0.00M, Peak:0.00M | Scene, ViewLayer | Synchronizing object | Lined bodyside aperture panel.213
Fra:1 Mem:447.30M (Peak 447.30M) | Time:00:00.82 | Mem:0.00M, Peak:0.00M | Scene, ViewLayer | Synchronizing object | Pressed bodyside skin.214
Fra:1 Mem:447.30M (Peak 447.30M) | Time:00:00.82 | Mem:0.00M, Peak:0.00M | Scene, ViewLayer | Synchronizing object | Lined bodyside aperture panel.214
Fra:1 Mem:447.30M (Peak 447.30M) | Time:00:00.82 | Mem:0.00M, Peak:0.00M | Scene, ViewLayer | Synchronizing object | Pressed bodyside skin.215
Fra:1 Mem:447.30M (Peak 447.30M) | Time:00:00.82 | Mem:0.00M, Peak:0.00M | Scene, ViewLayer | Synchronizing object | Lined bodyside aperture panel.215
Fra:1 Mem:447.30M (Peak 447.30M) | Time:00:00.82 | Mem:0.00M, Peak:0.00M | Scene, ViewLayer | Synchronizing object | Pressed bodyside skin.216
Fra:1 Mem:447.30M (Peak 447.30M) | Time:00:00.82 | Mem:0.00M, Peak:0.00M | Scene, ViewLayer | Synchronizing object | Lined bodyside aperture panel.216
Fra:1 Mem:447.31M (Peak 447.31M) | Time:00:00.82 | Mem:0.00M, Peak:0.00M | Scene, ViewLayer | Synchronizing object | Pressed bodyside skin.217
Fra:1 Mem:447.33M (Peak 447.33M) | Time:00:00.82 | Mem:0.00M, Peak:0.00M | Scene, ViewLayer | Synchronizing object | Lined bodyside aperture panel.217
Fra:1 Mem:447.33M (Peak 447.33M) | Time:00:00.82 | Mem:0.00M, Peak:0.00M | Scene, ViewLayer | Synchronizing object | Pressed bodyside skin.218
Fra:1 Mem:447.33M (Peak 447.33M) | Time:00:00.82 | Mem:0.00M, Peak:0.00M | Scene, ViewLayer | Synchronizing object | Lined bodyside aperture panel.218
Fra:1 Mem:447.34M (Peak 447.34M) | Time:00:00.82 | Mem:0.00M, Peak:0.00M | Scene, ViewLayer | Synchronizing object | Pressed bodyside skin.219
Fra:1 Mem:447.34M (Peak 447.34M) | Time:00:00.82 | Mem:0.00M, Peak:0.00M | Scene, ViewLayer | Synchronizing object | Lined bodyside aperture panel.219
Fra:1 Mem:447.34M (Peak 447.34M) | Time:00:00.82 | Mem:0.00M, Peak:0.00M | Scene, ViewLayer | Synchronizing object | Pressed bodyside skin.220
Fra:1 Mem:447.34M (Peak 447.34M) | Time:00:00.82 | Mem:0.00M, Peak:0.00M | Scene, ViewLayer | Synchronizing object | Lined bodyside aperture panel.220
Fra:1 Mem:447.34M (Peak 447.34M) | Time:00:00.82 | Mem:0.00M, Peak:0.00M | Scene, ViewLayer | Synchronizing object | Pressed bodyside skin.221
Fra:1 Mem:447.34M (Peak 447.34M) | Time:00:00.82 | Mem:0.00M, Peak:0.00M | Scene, ViewLayer | Synchronizing object | Lined bodyside aperture panel.221
Fra:1 Mem:447.34M (Peak 447.34M) | Time:00:00.82 | Mem:0.00M, Peak:0.00M | Scene, ViewLayer | Synchronizing object | Pressed bodyside skin.222
Fra:1 Mem:447.35M (Peak 447.35M) | Time:00:00.82 | Mem:0.00M, Peak:0.00M | Scene, ViewLayer | Synchronizing object | Lined bodyside aperture panel.222
Fra:1 Mem:447.35M (Peak 447.35M) | Time:00:00.82 | Mem:0.00M, Peak:0.00M | Scene, ViewLayer | Synchronizing object | Pressed bodyside skin.223
Fra:1 Mem:447.35M (Peak 447.35M) | Time:00:00.82 | Mem:0.00M, Peak:0.00M | Scene, ViewLayer | Synchronizing object | Lined bodyside aperture panel.223
Fra:1 Mem:447.35M (Peak 447.35M) | Time:00:00.82 | Mem:0.00M, Peak:0.00M | Scene, ViewLayer | Synchronizing object | Pressed bodyside skin.224
Fra:1 Mem:447.35M (Peak 447.35M) | Time:00:00.82 | Mem:0.00M, Peak:0.00M | Scene, ViewLayer | Synchronizing object | Lined bodyside aperture panel.224
Fra:1 Mem:447.35M (Peak 447.35M) | Time:00:00.82 | Mem:0.00M, Peak:0.00M | Scene, ViewLayer | Synchronizing object | Pressed bodyside skin.225
Fra:1 Mem:447.35M (Peak 447.35M) | Time:00:00.82 | Mem:0.00M, Peak:0.00M | Scene, ViewLayer | Synchronizing object | Lined bodyside aperture panel.225
Fra:1 Mem:447.35M (Peak 447.35M) | Time:00:00.82 | Mem:0.00M, Peak:0.00M | Scene, ViewLayer | Synchronizing object | Pressed bodyside skin.226
Fra:1 Mem:447.35M (Peak 447.35M) | Time:00:00.82 | Mem:0.00M, Peak:0.00M | Scene, ViewLayer | Synchronizing object | Lined bodyside aperture panel.226
Fra:1 Mem:447.36M (Peak 447.36M) | Time:00:00.82 | Mem:0.00M, Peak:0.00M | Scene, ViewLayer | Synchronizing object | Pressed bodyside skin.227
Fra:1 Mem:447.36M (Peak 447.36M) | Time:00:00.82 | Mem:0.00M, Peak:0.00M | Scene, ViewLayer | Synchronizing object | Lined bodyside aperture panel.227
Fra:1 Mem:447.36M (Peak 447.36M) | Time:00:00.82 | Mem:0.00M, Peak:0.00M | Scene, ViewLayer | Synchronizing object | Pressed bodyside skin.228
Fra:1 Mem:447.36M (Peak 447.36M) | Time:00:00.82 | Mem:0.00M, Peak:0.00M | Scene, ViewLayer | Synchronizing object | Lined bodyside aperture panel.228
Fra:1 Mem:447.36M (Peak 447.36M) | Time:00:00.82 | Mem:0.00M, Peak:0.00M | Scene, ViewLayer | Synchronizing object | Pressed bodyside skin.229
Fra:1 Mem:447.36M (Peak 447.36M) | Time:00:00.82 | Mem:0.00M, Peak:0.00M | Scene, ViewLayer | Synchronizing object | Lined bodyside aperture panel.229
Fra:1 Mem:447.36M (Peak 447.36M) | Time:00:00.82 | Mem:0.00M, Peak:0.00M | Scene, ViewLayer | Synchronizing object | Pressed bodyside skin.230
Fra:1 Mem:447.36M (Peak 447.36M) | Time:00:00.82 | Mem:0.00M, Peak:0.00M | Scene, ViewLayer | Synchronizing object | Lined bodyside aperture panel.230
Fra:1 Mem:447.37M (Peak 447.37M) | Time:00:00.82 | Mem:0.00M, Peak:0.00M | Scene, ViewLayer | Synchronizing object | Pressed bodyside skin.231
Fra:1 Mem:447.37M (Peak 447.37M) | Time:00:00.82 | Mem:0.00M, Peak:0.00M | Scene, ViewLayer | Synchronizing object | Lined bodyside aperture panel.231
Fra:1 Mem:447.37M (Peak 447.37M) | Time:00:00.82 | Mem:0.00M, Peak:0.00M | Scene, ViewLayer | Synchronizing object | Pressed bodyside skin.232
Fra:1 Mem:447.37M (Peak 447.37M) | Time:00:00.82 | Mem:0.00M, Peak:0.00M | Scene, ViewLayer | Synchronizing object | Lined bodyside aperture panel.232
Fra:1 Mem:447.37M (Peak 447.37M) | Time:00:00.82 | Mem:0.00M, Peak:0.00M | Scene, ViewLayer | Synchronizing object | Pressed bodyside skin.233
Fra:1 Mem:447.37M (Peak 447.37M) | Time:00:00.82 | Mem:0.00M, Peak:0.00M | Scene, ViewLayer | Synchronizing object | Lined bodyside aperture panel.233
Fra:1 Mem:447.37M (Peak 447.37M) | Time:00:00.82 | Mem:0.00M, Peak:0.00M | Scene, ViewLayer | Synchronizing object | Pressed bodyside skin.234
Fra:1 Mem:447.37M (Peak 447.37M) | Time:00:00.82 | Mem:0.00M, Peak:0.00M | Scene, ViewLayer | Synchronizing object | Lined bodyside aperture panel.234
Fra:1 Mem:447.38M (Peak 447.38M) | Time:00:00.82 | Mem:0.00M, Peak:0.00M | Scene, ViewLayer | Synchronizing object | Pressed bodyside skin.235
Fra:1 Mem:447.38M (Peak 447.38M) | Time:00:00.82 | Mem:0.00M, Peak:0.00M | Scene, ViewLayer | Synchronizing object | Lined bodyside aperture panel.235
Fra:1 Mem:447.38M (Peak 447.38M) | Time:00:00.82 | Mem:0.00M, Peak:0.00M | Scene, ViewLayer | Synchronizing object | Pressed bodyside skin.236
Fra:1 Mem:447.38M (Peak 447.38M) | Time:00:00.82 | Mem:0.00M, Peak:0.00M | Scene, ViewLayer | Synchronizing object | Lined bodyside aperture panel.236
Fra:1 Mem:447.38M (Peak 447.38M) | Time:00:00.82 | Mem:0.00M, Peak:0.00M | Scene, ViewLayer | Synchronizing object | Pressed bodyside skin.237
Fra:1 Mem:447.38M (Peak 447.38M) | Time:00:00.82 | Mem:0.00M, Peak:0.00M | Scene, ViewLayer | Synchronizing object | Lined bodyside aperture panel.237
Fra:1 Mem:447.38M (Peak 447.38M) | Time:00:00.82 | Mem:0.00M, Peak:0.00M | Scene, ViewLayer | Synchronizing object | Pressed bodyside skin.238
Fra:1 Mem:447.38M (Peak 447.38M) | Time:00:00.82 | Mem:0.00M, Peak:0.00M | Scene, ViewLayer | Synchronizing object | Lined bodyside aperture panel.238
Fra:1 Mem:447.39M (Peak 447.39M) | Time:00:00.82 | Mem:0.00M, Peak:0.00M | Scene, ViewLayer | Synchronizing object | Pressed bodyside skin.239
Fra:1 Mem:447.39M (Peak 447.39M) | Time:00:00.82 | Mem:0.00M, Peak:0.00M | Scene, ViewLayer | Synchronizing object | Lined bodyside aperture panel.239
Fra:1 Mem:447.39M (Peak 447.39M) | Time:00:00.82 | Mem:0.00M, Peak:0.00M | Scene, ViewLayer | Synchronizing object | Pressed bodyside skin.240
Fra:1 Mem:447.39M (Peak 447.39M) | Time:00:00.82 | Mem:0.00M, Peak:0.00M | Scene, ViewLayer | Synchronizing object | Lined bodyside aperture panel.240
Fra:1 Mem:447.39M (Peak 447.39M) | Time:00:00.82 | Mem:0.00M, Peak:0.00M | Scene, ViewLayer | Synchronizing object | Pressed bodyside skin.241
Fra:1 Mem:447.39M (Peak 447.39M) | Time:00:00.82 | Mem:0.00M, Peak:0.00M | Scene, ViewLayer | Synchronizing object | Lined bodyside aperture panel.241
Fra:1 Mem:447.39M (Peak 447.39M) | Time:00:00.82 | Mem:0.00M, Peak:0.00M | Scene, ViewLayer | Synchronizing object | Pressed bodyside skin.242
Fra:1 Mem:447.39M (Peak 447.39M) | Time:00:00.82 | Mem:0.00M, Peak:0.00M | Scene, ViewLayer | Synchronizing object | Lined bodyside aperture panel.242
Fra:1 Mem:447.40M (Peak 447.40M) | Time:00:00.82 | Mem:0.00M, Peak:0.00M | Scene, ViewLayer | Synchronizing object | Pressed bodyside skin.243
Fra:1 Mem:447.40M (Peak 447.40M) | Time:00:00.82 | Mem:0.00M, Peak:0.00M | Scene, ViewLayer | Synchronizing object | Lined bodyside aperture panel.243
Fra:1 Mem:447.40M (Peak 447.40M) | Time:00:00.82 | Mem:0.00M, Peak:0.00M | Scene, ViewLayer | Synchronizing object | Pressed bodyside skin.244
Fra:1 Mem:447.40M (Peak 447.40M) | Time:00:00.82 | Mem:0.00M, Peak:0.00M | Scene, ViewLayer | Synchronizing object | Lined bodyside aperture panel.244
Fra:1 Mem:447.40M (Peak 447.40M) | Time:00:00.82 | Mem:0.00M, Peak:0.00M | Scene, ViewLayer | Synchronizing object | Pressed bodyside skin.245
Fra:1 Mem:447.40M (Peak 447.40M) | Time:00:00.82 | Mem:0.00M, Peak:0.00M | Scene, ViewLayer | Synchronizing object | Lined bodyside aperture panel.245
Fra:1 Mem:447.40M (Peak 447.40M) | Time:00:00.82 | Mem:0.00M, Peak:0.00M | Scene, ViewLayer | Synchronizing object | Pressed bodyside skin.246
Fra:1 Mem:447.40M (Peak 447.40M) | Time:00:00.82 | Mem:0.00M, Peak:0.00M | Scene, ViewLayer | Synchronizing object | Lined bodyside aperture panel.246
Fra:1 Mem:447.41M (Peak 447.41M) | Time:00:00.82 | Mem:0.00M, Peak:0.00M | Scene, ViewLayer | Synchronizing object | Pressed bodyside skin.247
Fra:1 Mem:447.41M (Peak 447.41M) | Time:00:00.82 | Mem:0.00M, Peak:0.00M | Scene, ViewLayer | Synchronizing object | Lined bodyside aperture panel.247
Fra:1 Mem:447.41M (Peak 447.41M) | Time:00:00.82 | Mem:0.00M, Peak:0.00M | Scene, ViewLayer | Synchronizing object | Pressed bodyside skin.248
Fra:1 Mem:447.41M (Peak 447.41M) | Time:00:00.82 | Mem:0.00M, Peak:0.00M | Scene, ViewLayer | Synchronizing object | Lined bodyside aperture panel.248
Fra:1 Mem:447.41M (Peak 447.41M) | Time:00:00.82 | Mem:0.00M, Peak:0.00M | Scene, ViewLayer | Synchronizing object | Pressed bodyside skin.249
Fra:1 Mem:447.41M (Peak 447.41M) | Time:00:00.82 | Mem:0.00M, Peak:0.00M | Scene, ViewLayer | Synchronizing object | Lined bodyside aperture panel.249
Fra:1 Mem:447.41M (Peak 447.41M) | Time:00:00.82 | Mem:0.00M, Peak:0.00M | Scene, ViewLayer | Synchronizing object | Pressed bodyside skin.250
Fra:1 Mem:447.41M (Peak 447.41M) | Time:00:00.82 | Mem:0.00M, Peak:0.00M | Scene, ViewLayer | Synchronizing object | Lined bodyside aperture panel.250
Fra:1 Mem:447.42M (Peak 447.42M) | Time:00:00.82 | Mem:0.00M, Peak:0.00M | Scene, ViewLayer | Synchronizing object | Pressed bodyside skin.251
Fra:1 Mem:447.42M (Peak 447.42M) | Time:00:00.82 | Mem:0.00M, Peak:0.00M | Scene, ViewLayer | Synchronizing object | Lined bodyside aperture panel.251
Fra:1 Mem:447.42M (Peak 447.42M) | Time:00:00.82 | Mem:0.00M, Peak:0.00M | Scene, ViewLayer | Synchronizing object | Pressed bodyside skin.252
Fra:1 Mem:447.42M (Peak 447.42M) | Time:00:00.82 | Mem:0.00M, Peak:0.00M | Scene, ViewLayer | Synchronizing object | Lined bodyside aperture panel.252
Fra:1 Mem:447.42M (Peak 447.42M) | Time:00:00.82 | Mem:0.00M, Peak:0.00M | Scene, ViewLayer | Synchronizing object | Pressed bodyside skin.253
Fra:1 Mem:447.42M (Peak 447.42M) | Time:00:00.82 | Mem:0.00M, Peak:0.00M | Scene, ViewLayer | Synchronizing object | Lined bodyside aperture panel.253
Fra:1 Mem:447.42M (Peak 447.42M) | Time:00:00.82 | Mem:0.00M, Peak:0.00M | Scene, ViewLayer | Synchronizing object | Pressed bodyside skin.254
Fra:1 Mem:447.42M (Peak 447.42M) | Time:00:00.82 | Mem:0.00M, Peak:0.00M | Scene, ViewLayer | Synchronizing object | Lined bodyside aperture panel.254
Fra:1 Mem:447.43M (Peak 447.43M) | Time:00:00.82 | Mem:0.00M, Peak:0.00M | Scene, ViewLayer | Synchronizing object | Pressed bodyside skin.255
Fra:1 Mem:447.43M (Peak 447.43M) | Time:00:00.82 | Mem:0.00M, Peak:0.00M | Scene, ViewLayer | Synchronizing object | Lined bodyside aperture panel.255
Fra:1 Mem:447.43M (Peak 447.43M) | Time:00:00.82 | Mem:0.00M, Peak:0.00M | Scene, ViewLayer | Synchronizing object | Pressed bodyside skin.256
Fra:1 Mem:447.43M (Peak 447.43M) | Time:00:00.82 | Mem:0.00M, Peak:0.00M | Scene, ViewLayer | Synchronizing object | Lined bodyside aperture panel.256
Fra:1 Mem:447.43M (Peak 447.43M) | Time:00:00.82 | Mem:0.00M, Peak:0.00M | Scene, ViewLayer | Synchronizing object | Pressed bodyside skin.257
Fra:1 Mem:447.43M (Peak 447.43M) | Time:00:00.82 | Mem:0.00M, Peak:0.00M | Scene, ViewLayer | Synchronizing object | Lined bodyside aperture panel.257
Fra:1 Mem:447.43M (Peak 447.43M) | Time:00:00.82 | Mem:0.00M, Peak:0.00M | Scene, ViewLayer | Synchronizing object | Pressed bodyside skin.258
Fra:1 Mem:447.43M (Peak 447.43M) | Time:00:00.82 | Mem:0.00M, Peak:0.00M | Scene, ViewLayer | Synchronizing object | Lined bodyside aperture panel.258
Fra:1 Mem:447.43M (Peak 447.43M) | Time:00:00.82 | Mem:0.00M, Peak:0.00M | Scene, ViewLayer | Synchronizing object | Pressed bodyside skin.259
Fra:1 Mem:447.44M (Peak 447.44M) | Time:00:00.82 | Mem:0.00M, Peak:0.00M | Scene, ViewLayer | Synchronizing object | Lined bodyside aperture panel.259
Fra:1 Mem:447.44M (Peak 447.44M) | Time:00:00.82 | Mem:0.00M, Peak:0.00M | Scene, ViewLayer | Synchronizing object | Pressed bodyside skin.260
Fra:1 Mem:447.44M (Peak 447.44M) | Time:00:00.82 | Mem:0.00M, Peak:0.00M | Scene, ViewLayer | Synchronizing object | Lined bodyside aperture panel.260
Fra:1 Mem:447.44M (Peak 447.44M) | Time:00:00.82 | Mem:0.00M, Peak:0.00M | Scene, ViewLayer | Synchronizing object | Pressed bodyside skin.261
Fra:1 Mem:447.44M (Peak 447.44M) | Time:00:00.82 | Mem:0.00M, Peak:0.00M | Scene, ViewLayer | Synchronizing object | Lined bodyside aperture panel.261
Fra:1 Mem:447.44M (Peak 447.44M) | Time:00:00.82 | Mem:0.00M, Peak:0.00M | Scene, ViewLayer | Synchronizing object | Pressed bodyside skin.262
Fra:1 Mem:447.44M (Peak 447.44M) | Time:00:00.82 | Mem:0.00M, Peak:0.00M | Scene, ViewLayer | Synchronizing object | Lined bodyside aperture panel.262
Fra:1 Mem:447.44M (Peak 447.44M) | Time:00:00.82 | Mem:0.00M, Peak:0.00M | Scene, ViewLayer | Synchronizing object | Pressed bodyside skin.263
Fra:1 Mem:447.45M (Peak 447.45M) | Time:00:00.82 | Mem:0.00M, Peak:0.00M | Scene, ViewLayer | Synchronizing object | Lined bodyside aperture panel.263
Fra:1 Mem:447.45M (Peak 447.45M) | Time:00:00.82 | Mem:0.00M, Peak:0.00M | Scene, ViewLayer | Synchronizing object | Pressed bodyside skin.264
Fra:1 Mem:447.45M (Peak 447.45M) | Time:00:00.82 | Mem:0.00M, Peak:0.00M | Scene, ViewLayer | Synchronizing object | Lined bodyside aperture panel.264
Fra:1 Mem:447.45M (Peak 447.45M) | Time:00:00.82 | Mem:0.00M, Peak:0.00M | Scene, ViewLayer | Synchronizing object | Pressed bodyside skin.265
Fra:1 Mem:447.45M (Peak 447.45M) | Time:00:00.82 | Mem:0.00M, Peak:0.00M | Scene, ViewLayer | Synchronizing object | Lined bodyside aperture panel.265
Fra:1 Mem:447.45M (Peak 447.45M) | Time:00:00.82 | Mem:0.00M, Peak:0.00M | Scene, ViewLayer | Synchronizing object | Pressed bodyside skin.266
Fra:1 Mem:447.45M (Peak 447.45M) | Time:00:00.82 | Mem:0.00M, Peak:0.00M | Scene, ViewLayer | Synchronizing object | Lined bodyside aperture panel.266
Fra:1 Mem:447.45M (Peak 447.45M) | Time:00:00.82 | Mem:0.00M, Peak:0.00M | Scene, ViewLayer | Synchronizing object | Pressed bodyside skin.267
Fra:1 Mem:447.46M (Peak 447.46M) | Time:00:00.82 | Mem:0.00M, Peak:0.00M | Scene, ViewLayer | Synchronizing object | Lined bodyside aperture panel.267
Fra:1 Mem:447.46M (Peak 447.46M) | Time:00:00.82 | Mem:0.00M, Peak:0.00M | Scene, ViewLayer | Synchronizing object | Pressed bodyside skin.268
Fra:1 Mem:447.46M (Peak 447.46M) | Time:00:00.82 | Mem:0.00M, Peak:0.00M | Scene, ViewLayer | Synchronizing object | Lined bodyside aperture panel.268
Fra:1 Mem:447.46M (Peak 447.46M) | Time:00:00.82 | Mem:0.00M, Peak:0.00M | Scene, ViewLayer | Synchronizing object | Pressed bodyside skin.269
Fra:1 Mem:447.46M (Peak 447.46M) | Time:00:00.82 | Mem:0.00M, Peak:0.00M | Scene, ViewLayer | Synchronizing object | Lined bodyside aperture panel.269
Fra:1 Mem:447.46M (Peak 447.46M) | Time:00:00.82 | Mem:0.00M, Peak:0.00M | Scene, ViewLayer | Synchronizing object | Pressed bodyside skin.270
Fra:1 Mem:447.46M (Peak 447.46M) | Time:00:00.82 | Mem:0.00M, Peak:0.00M | Scene, ViewLayer | Synchronizing object | Lined bodyside aperture panel.270
Fra:1 Mem:447.46M (Peak 447.46M) | Time:00:00.82 | Mem:0.00M, Peak:0.00M | Scene, ViewLayer | Synchronizing object | Pressed bodyside skin.271
Fra:1 Mem:447.46M (Peak 447.46M) | Time:00:00.82 | Mem:0.00M, Peak:0.00M | Scene, ViewLayer | Synchronizing object | Lined bodyside aperture panel.271
Fra:1 Mem:447.47M (Peak 447.47M) | Time:00:00.82 | Mem:0.00M, Peak:0.00M | Scene, ViewLayer | Synchronizing object | Pressed bodyside skin.272
Fra:1 Mem:447.47M (Peak 447.47M) | Time:00:00.82 | Mem:0.00M, Peak:0.00M | Scene, ViewLayer | Synchronizing object | Lined bodyside aperture panel.272
Fra:1 Mem:447.47M (Peak 447.47M) | Time:00:00.82 | Mem:0.00M, Peak:0.00M | Scene, ViewLayer | Synchronizing object | Pressed bodyside skin.273
Fra:1 Mem:447.47M (Peak 447.47M) | Time:00:00.82 | Mem:0.00M, Peak:0.00M | Scene, ViewLayer | Synchronizing object | Lined bodyside aperture panel.273
Fra:1 Mem:447.47M (Peak 447.47M) | Time:00:00.82 | Mem:0.00M, Peak:0.00M | Scene, ViewLayer | Synchronizing object | Pressed bodyside skin.274
Fra:1 Mem:447.47M (Peak 447.47M) | Time:00:00.82 | Mem:0.00M, Peak:0.00M | Scene, ViewLayer | Synchronizing object | Lined bodyside aperture panel.274
Fra:1 Mem:447.47M (Peak 447.47M) | Time:00:00.82 | Mem:0.00M, Peak:0.00M | Scene, ViewLayer | Synchronizing object | Pressed bodyside skin.275
Fra:1 Mem:447.47M (Peak 447.47M) | Time:00:00.82 | Mem:0.00M, Peak:0.00M | Scene, ViewLayer | Synchronizing object | Lined bodyside aperture panel.275
Fra:1 Mem:447.48M (Peak 447.48M) | Time:00:00.82 | Mem:0.00M, Peak:0.00M | Scene, ViewLayer | Synchronizing object | Pressed bodyside skin.276
Fra:1 Mem:447.48M (Peak 447.48M) | Time:00:00.82 | Mem:0.00M, Peak:0.00M | Scene, ViewLayer | Synchronizing object | Lined bodyside aperture panel.276
Fra:1 Mem:447.48M (Peak 447.48M) | Time:00:00.82 | Mem:0.00M, Peak:0.00M | Scene, ViewLayer | Synchronizing object | Pressed bodyside skin.277
Fra:1 Mem:447.48M (Peak 447.48M) | Time:00:00.82 | Mem:0.00M, Peak:0.00M | Scene, ViewLayer | Synchronizing object | Lined bodyside aperture panel.277
Fra:1 Mem:447.48M (Peak 447.48M) | Time:00:00.82 | Mem:0.00M, Peak:0.00M | Scene, ViewLayer | Synchronizing object | Pressed bodyside skin.278
Fra:1 Mem:447.48M (Peak 447.48M) | Time:00:00.82 | Mem:0.00M, Peak:0.00M | Scene, ViewLayer | Synchronizing object | Lined bodyside aperture panel.278
Fra:1 Mem:447.48M (Peak 447.48M) | Time:00:00.82 | Mem:0.00M, Peak:0.00M | Scene, ViewLayer | Synchronizing object | Pressed bodyside skin.279
Fra:1 Mem:447.48M (Peak 447.48M) | Time:00:00.82 | Mem:0.00M, Peak:0.00M | Scene, ViewLayer | Synchronizing object | Lined bodyside aperture panel.279
Fra:1 Mem:447.49M (Peak 447.49M) | Time:00:00.82 | Mem:0.00M, Peak:0.00M | Scene, ViewLayer | Synchronizing object | Pressed bodyside skin.280
Fra:1 Mem:447.49M (Peak 447.49M) | Time:00:00.82 | Mem:0.00M, Peak:0.00M | Scene, ViewLayer | Synchronizing object | Lined bodyside aperture panel.280
Fra:1 Mem:447.49M (Peak 447.49M) | Time:00:00.82 | Mem:0.00M, Peak:0.00M | Scene, ViewLayer | Synchronizing object | Pressed bodyside skin.281
Fra:1 Mem:447.49M (Peak 447.49M) | Time:00:00.82 | Mem:0.00M, Peak:0.00M | Scene, ViewLayer | Synchronizing object | Lined bodyside aperture panel.281
Fra:1 Mem:447.49M (Peak 447.49M) | Time:00:00.82 | Mem:0.00M, Peak:0.00M | Scene, ViewLayer | Synchronizing object | Pressed bodyside skin.282
Fra:1 Mem:447.49M (Peak 447.49M) | Time:00:00.82 | Mem:0.00M, Peak:0.00M | Scene, ViewLayer | Synchronizing object | Lined bodyside aperture panel.282
Fra:1 Mem:447.49M (Peak 447.49M) | Time:00:00.82 | Mem:0.00M, Peak:0.00M | Scene, ViewLayer | Synchronizing object | Pressed bodyside skin.283
Fra:1 Mem:447.49M (Peak 447.49M) | Time:00:00.82 | Mem:0.00M, Peak:0.00M | Scene, ViewLayer | Synchronizing object | Lined bodyside aperture panel.283
Fra:1 Mem:447.50M (Peak 447.50M) | Time:00:00.82 | Mem:0.00M, Peak:0.00M | Scene, ViewLayer | Synchronizing object | Pressed bodyside skin.284
Fra:1 Mem:447.50M (Peak 447.50M) | Time:00:00.82 | Mem:0.00M, Peak:0.00M | Scene, ViewLayer | Synchronizing object | Lined bodyside aperture panel.284
Fra:1 Mem:447.50M (Peak 447.50M) | Time:00:00.82 | Mem:0.00M, Peak:0.00M | Scene, ViewLayer | Synchronizing object | Pressed bodyside skin.285
Fra:1 Mem:447.50M (Peak 447.50M) | Time:00:00.82 | Mem:0.00M, Peak:0.00M | Scene, ViewLayer | Synchronizing object | Lined bodyside aperture panel.285
Fra:1 Mem:447.50M (Peak 447.50M) | Time:00:00.82 | Mem:0.00M, Peak:0.00M | Scene, ViewLayer | Synchronizing object | Pressed bodyside skin.286
Fra:1 Mem:447.50M (Peak 447.50M) | Time:00:00.82 | Mem:0.00M, Peak:0.00M | Scene, ViewLayer | Synchronizing object | Lined bodyside aperture panel.286
Fra:1 Mem:447.50M (Peak 447.50M) | Time:00:00.82 | Mem:0.00M, Peak:0.00M | Scene, ViewLayer | Synchronizing object | Pressed bodyside skin.287
Fra:1 Mem:447.51M (Peak 447.51M) | Time:00:00.82 | Mem:0.00M, Peak:0.00M | Scene, ViewLayer | Synchronizing object | Lined bodyside aperture panel.287
Fra:1 Mem:447.51M (Peak 447.51M) | Time:00:00.82 | Mem:0.00M, Peak:0.00M | Scene, ViewLayer | Synchronizing object | Pressed bodyside skin.288
Fra:1 Mem:447.51M (Peak 447.51M) | Time:00:00.82 | Mem:0.00M, Peak:0.00M | Scene, ViewLayer | Synchronizing object | Lined bodyside aperture panel.288
Fra:1 Mem:447.51M (Peak 447.51M) | Time:00:00.82 | Mem:0.00M, Peak:0.00M | Scene, ViewLayer | Synchronizing object | Pressed bodyside skin.289
Fra:1 Mem:447.51M (Peak 447.51M) | Time:00:00.82 | Mem:0.00M, Peak:0.00M | Scene, ViewLayer | Synchronizing object | Lined bodyside aperture panel.289
Fra:1 Mem:447.51M (Peak 447.51M) | Time:00:00.82 | Mem:0.00M, Peak:0.00M | Scene, ViewLayer | Synchronizing object | Pressed bodyside skin.290
Fra:1 Mem:447.51M (Peak 447.51M) | Time:00:00.82 | Mem:0.00M, Peak:0.00M | Scene, ViewLayer | Synchronizing object | Lined bodyside aperture panel.290
Fra:1 Mem:447.51M (Peak 447.51M) | Time:00:00.82 | Mem:0.00M, Peak:0.00M | Scene, ViewLayer | Synchronizing object | Pressed bodyside skin.291
Fra:1 Mem:447.52M (Peak 447.52M) | Time:00:00.82 | Mem:0.00M, Peak:0.00M | Scene, ViewLayer | Synchronizing object | Lined bodyside aperture panel.291
Fra:1 Mem:447.52M (Peak 447.52M) | Time:00:00.82 | Mem:0.00M, Peak:0.00M | Scene, ViewLayer | Synchronizing object | Pressed bodyside skin.292
Fra:1 Mem:447.52M (Peak 447.52M) | Time:00:00.82 | Mem:0.00M, Peak:0.00M | Scene, ViewLayer | Synchronizing object | Lined bodyside aperture panel.292
Fra:1 Mem:447.52M (Peak 447.52M) | Time:00:00.82 | Mem:0.00M, Peak:0.00M | Scene, ViewLayer | Synchronizing object | Pressed bodyside skin.293
Fra:1 Mem:447.52M (Peak 447.52M) | Time:00:00.82 | Mem:0.00M, Peak:0.00M | Scene, ViewLayer | Synchronizing object | Lined bodyside aperture panel.293
Fra:1 Mem:447.52M (Peak 447.52M) | Time:00:00.82 | Mem:0.00M, Peak:0.00M | Scene, ViewLayer | Synchronizing object | Pressed bodyside skin.294
Fra:1 Mem:447.52M (Peak 447.52M) | Time:00:00.82 | Mem:0.00M, Peak:0.00M | Scene, ViewLayer | Synchronizing object | Lined bodyside aperture panel.294
Fra:1 Mem:447.52M (Peak 447.52M) | Time:00:00.82 | Mem:0.00M, Peak:0.00M | Scene, ViewLayer | Synchronizing object | Pressed bodyside skin.295
Fra:1 Mem:447.53M (Peak 447.53M) | Time:00:00.82 | Mem:0.00M, Peak:0.00M | Scene, ViewLayer | Synchronizing object | Lined bodyside aperture panel.295
Fra:1 Mem:447.53M (Peak 447.53M) | Time:00:00.82 | Mem:0.00M, Peak:0.00M | Scene, ViewLayer | Synchronizing object | Pressed bodyside skin.296
Fra:1 Mem:447.53M (Peak 447.53M) | Time:00:00.82 | Mem:0.00M, Peak:0.00M | Scene, ViewLayer | Synchronizing object | Lined bodyside aperture panel.296
Fra:1 Mem:447.53M (Peak 447.53M) | Time:00:00.82 | Mem:0.00M, Peak:0.00M | Scene, ViewLayer | Synchronizing object | Pressed bodyside skin.297
Fra:1 Mem:447.53M (Peak 447.53M) | Time:00:00.82 | Mem:0.00M, Peak:0.00M | Scene, ViewLayer | Synchronizing object | Lined bodyside aperture panel.297
Fra:1 Mem:447.53M (Peak 447.53M) | Time:00:00.82 | Mem:0.00M, Peak:0.00M | Scene, ViewLayer | Synchronizing object | Pressed bodyside skin.298
Fra:1 Mem:447.53M (Peak 447.53M) | Time:00:00.82 | Mem:0.00M, Peak:0.00M | Scene, ViewLayer | Synchronizing object | Lined bodyside aperture panel.298
Fra:1 Mem:447.53M (Peak 447.53M) | Time:00:00.82 | Mem:0.00M, Peak:0.00M | Scene, ViewLayer | Synchronizing object | Pressed bodyside skin.299
Fra:1 Mem:447.54M (Peak 447.54M) | Time:00:00.82 | Mem:0.00M, Peak:0.00M | Scene, ViewLayer | Synchronizing object | Lined bodyside aperture panel.299
Fra:1 Mem:447.54M (Peak 447.54M) | Time:00:00.82 | Mem:0.00M, Peak:0.00M | Scene, ViewLayer | Synchronizing object | Pressed bodyside skin.300
Fra:1 Mem:447.54M (Peak 447.54M) | Time:00:00.82 | Mem:0.00M, Peak:0.00M | Scene, ViewLayer | Synchronizing object | Lined bodyside aperture panel.300
Fra:1 Mem:447.54M (Peak 447.54M) | Time:00:00.82 | Mem:0.00M, Peak:0.00M | Scene, ViewLayer | Synchronizing object | Pressed bodyside skin.301
Fra:1 Mem:447.54M (Peak 447.54M) | Time:00:00.82 | Mem:0.00M, Peak:0.00M | Scene, ViewLayer | Synchronizing object | Lined bodyside aperture panel.301
Fra:1 Mem:447.54M (Peak 447.54M) | Time:00:00.82 | Mem:0.00M, Peak:0.00M | Scene, ViewLayer | Synchronizing object | Pressed bodyside skin.302
Fra:1 Mem:447.54M (Peak 447.54M) | Time:00:00.82 | Mem:0.00M, Peak:0.00M | Scene, ViewLayer | Synchronizing object | Lined bodyside aperture panel.302
Fra:1 Mem:447.54M (Peak 447.54M) | Time:00:00.82 | Mem:0.00M, Peak:0.00M | Scene, ViewLayer | Synchronizing object | Pressed bodyside skin.303
Fra:1 Mem:447.55M (Peak 447.55M) | Time:00:00.82 | Mem:0.00M, Peak:0.00M | Scene, ViewLayer | Synchronizing object | Lined bodyside aperture panel.303
Fra:1 Mem:447.55M (Peak 447.55M) | Time:00:00.82 | Mem:0.00M, Peak:0.00M | Scene, ViewLayer | Synchronizing object | Pressed bodyside skin.304
Fra:1 Mem:447.55M (Peak 447.55M) | Time:00:00.82 | Mem:0.00M, Peak:0.00M | Scene, ViewLayer | Synchronizing object | Lined bodyside aperture panel.304
Fra:1 Mem:447.55M (Peak 447.55M) | Time:00:00.82 | Mem:0.00M, Peak:0.00M | Scene, ViewLayer | Synchronizing object | Pressed bodyside skin.305
Fra:1 Mem:447.55M (Peak 447.55M) | Time:00:00.82 | Mem:0.00M, Peak:0.00M | Scene, ViewLayer | Synchronizing object | Lined bodyside aperture panel.305
Fra:1 Mem:447.55M (Peak 447.55M) | Time:00:00.82 | Mem:0.00M, Peak:0.00M | Scene, ViewLayer | Synchronizing object | Pressed bodyside skin.306
Fra:1 Mem:447.55M (Peak 447.55M) | Time:00:00.82 | Mem:0.00M, Peak:0.00M | Scene, ViewLayer | Synchronizing object | Lined bodyside aperture panel.306
Fra:1 Mem:447.55M (Peak 447.55M) | Time:00:00.82 | Mem:0.00M, Peak:0.00M | Scene, ViewLayer | Synchronizing object | Pressed bodyside skin.307
Fra:1 Mem:447.55M (Peak 447.55M) | Time:00:00.82 | Mem:0.00M, Peak:0.00M | Scene, ViewLayer | Synchronizing object | Lined bodyside aperture panel.307
Fra:1 Mem:447.56M (Peak 447.56M) | Time:00:00.82 | Mem:0.00M, Peak:0.00M | Scene, ViewLayer | Synchronizing object | Pressed bodyside skin.308
Fra:1 Mem:447.56M (Peak 447.56M) | Time:00:00.82 | Mem:0.00M, Peak:0.00M | Scene, ViewLayer | Synchronizing object | Lined bodyside aperture panel.308
Fra:1 Mem:447.56M (Peak 447.56M) | Time:00:00.82 | Mem:0.00M, Peak:0.00M | Scene, ViewLayer | Synchronizing object | Pressed bodyside skin.309
Fra:1 Mem:447.56M (Peak 447.56M) | Time:00:00.82 | Mem:0.00M, Peak:0.00M | Scene, ViewLayer | Synchronizing object | Lined bodyside aperture panel.309
Fra:1 Mem:447.56M (Peak 447.56M) | Time:00:00.82 | Mem:0.00M, Peak:0.00M | Scene, ViewLayer | Synchronizing object | Pressed bodyside skin.310
Fra:1 Mem:447.56M (Peak 447.56M) | Time:00:00.82 | Mem:0.00M, Peak:0.00M | Scene, ViewLayer | Synchronizing object | Lined bodyside aperture panel.310
Fra:1 Mem:447.56M (Peak 447.56M) | Time:00:00.82 | Mem:0.00M, Peak:0.00M | Scene, ViewLayer | Synchronizing object | Pressed bodyside skin.311
Fra:1 Mem:447.56M (Peak 447.56M) | Time:00:00.82 | Mem:0.00M, Peak:0.00M | Scene, ViewLayer | Synchronizing object | Lined bodyside aperture panel.311
Fra:1 Mem:447.57M (Peak 447.57M) | Time:00:00.82 | Mem:0.00M, Peak:0.00M | Scene, ViewLayer | Synchronizing object | Pressed bodyside skin.312
Fra:1 Mem:447.57M (Peak 447.57M) | Time:00:00.82 | Mem:0.00M, Peak:0.00M | Scene, ViewLayer | Synchronizing object | Lined bodyside aperture panel.312
Fra:1 Mem:447.57M (Peak 447.57M) | Time:00:00.82 | Mem:0.00M, Peak:0.00M | Scene, ViewLayer | Synchronizing object | Pressed bodyside skin.313
Fra:1 Mem:447.57M (Peak 447.57M) | Time:00:00.82 | Mem:0.00M, Peak:0.00M | Scene, ViewLayer | Synchronizing object | Lined bodyside aperture panel.313
Fra:1 Mem:447.57M (Peak 447.57M) | Time:00:00.82 | Mem:0.00M, Peak:0.00M | Scene, ViewLayer | Synchronizing object | Pressed bodyside skin.314
Fra:1 Mem:447.57M (Peak 447.57M) | Time:00:00.82 | Mem:0.00M, Peak:0.00M | Scene, ViewLayer | Synchronizing object | Lined bodyside aperture panel.314
Fra:1 Mem:447.57M (Peak 447.57M) | Time:00:00.82 | Mem:0.00M, Peak:0.00M | Scene, ViewLayer | Synchronizing object | Pressed bodyside skin.315
Fra:1 Mem:447.57M (Peak 447.57M) | Time:00:00.82 | Mem:0.00M, Peak:0.00M | Scene, ViewLayer | Synchronizing object | Lined bodyside aperture panel.315
Fra:1 Mem:447.58M (Peak 447.58M) | Time:00:00.82 | Mem:0.00M, Peak:0.00M | Scene, ViewLayer | Synchronizing object | Pressed bodyside skin.316
Fra:1 Mem:447.58M (Peak 447.58M) | Time:00:00.82 | Mem:0.00M, Peak:0.00M | Scene, ViewLayer | Synchronizing object | Lined bodyside aperture panel.316
Fra:1 Mem:447.58M (Peak 447.58M) | Time:00:00.82 | Mem:0.00M, Peak:0.00M | Scene, ViewLayer | Synchronizing object | Pressed bodyside skin.317
Fra:1 Mem:447.58M (Peak 447.58M) | Time:00:00.82 | Mem:0.00M, Peak:0.00M | Scene, ViewLayer | Synchronizing object | Lined bodyside aperture panel.317
Fra:1 Mem:447.58M (Peak 447.58M) | Time:00:00.82 | Mem:0.00M, Peak:0.00M | Scene, ViewLayer | Synchronizing object | Pressed bodyside skin.318
Fra:1 Mem:447.58M (Peak 447.58M) | Time:00:00.82 | Mem:0.00M, Peak:0.00M | Scene, ViewLayer | Synchronizing object | Lined bodyside aperture panel.318
Fra:1 Mem:447.58M (Peak 447.58M) | Time:00:00.82 | Mem:0.00M, Peak:0.00M | Scene, ViewLayer | Synchronizing object | Pressed bodyside skin.319
Fra:1 Mem:447.58M (Peak 447.58M) | Time:00:00.82 | Mem:0.00M, Peak:0.00M | Scene, ViewLayer | Synchronizing object | Lined bodyside aperture panel.319
Fra:1 Mem:447.59M (Peak 447.59M) | Time:00:00.82 | Mem:0.00M, Peak:0.00M | Scene, ViewLayer | Synchronizing object | Pressed bodyside skin.320
Fra:1 Mem:447.59M (Peak 447.59M) | Time:00:00.82 | Mem:0.00M, Peak:0.00M | Scene, ViewLayer | Synchronizing object | Lined bodyside aperture panel.320
Fra:1 Mem:447.59M (Peak 447.59M) | Time:00:00.82 | Mem:0.00M, Peak:0.00M | Scene, ViewLayer | Synchronizing object | Pressed bodyside skin.321
Fra:1 Mem:447.59M (Peak 447.59M) | Time:00:00.82 | Mem:0.00M, Peak:0.00M | Scene, ViewLayer | Synchronizing object | Lined bodyside aperture panel.321
Fra:1 Mem:447.59M (Peak 447.59M) | Time:00:00.82 | Mem:0.00M, Peak:0.00M | Scene, ViewLayer | Synchronizing object | Pressed bodyside skin.322
Fra:1 Mem:447.59M (Peak 447.59M) | Time:00:00.82 | Mem:0.00M, Peak:0.00M | Scene, ViewLayer | Synchronizing object | Lined bodyside aperture panel.322
Fra:1 Mem:447.59M (Peak 447.59M) | Time:00:00.82 | Mem:0.00M, Peak:0.00M | Scene, ViewLayer | Synchronizing object | Pressed bodyside skin.323
Fra:1 Mem:447.59M (Peak 447.59M) | Time:00:00.82 | Mem:0.00M, Peak:0.00M | Scene, ViewLayer | Synchronizing object | Lined bodyside aperture panel.323
Fra:1 Mem:447.60M (Peak 447.60M) | Time:00:00.82 | Mem:0.00M, Peak:0.00M | Scene, ViewLayer | Synchronizing object | Pressed bodyside skin.324
Fra:1 Mem:447.60M (Peak 447.60M) | Time:00:00.82 | Mem:0.00M, Peak:0.00M | Scene, ViewLayer | Synchronizing object | Lined bodyside aperture panel.324
Fra:1 Mem:447.60M (Peak 447.60M) | Time:00:00.82 | Mem:0.00M, Peak:0.00M | Scene, ViewLayer | Synchronizing object | Pressed bodyside skin.325
Fra:1 Mem:447.60M (Peak 447.60M) | Time:00:00.82 | Mem:0.00M, Peak:0.00M | Scene, ViewLayer | Synchronizing object | Lined bodyside aperture panel.325
Fra:1 Mem:447.60M (Peak 447.60M) | Time:00:00.82 | Mem:0.00M, Peak:0.00M | Scene, ViewLayer | Synchronizing object | Pressed bodyside skin.326
Fra:1 Mem:447.60M (Peak 447.60M) | Time:00:00.82 | Mem:0.00M, Peak:0.00M | Scene, ViewLayer | Synchronizing object | Lined bodyside aperture panel.326
Fra:1 Mem:447.60M (Peak 447.60M) | Time:00:00.82 | Mem:0.00M, Peak:0.00M | Scene, ViewLayer | Synchronizing object | Pressed bodyside skin.327
Fra:1 Mem:447.60M (Peak 447.60M) | Time:00:00.82 | Mem:0.00M, Peak:0.00M | Scene, ViewLayer | Synchronizing object | Lined bodyside aperture panel.327
Fra:1 Mem:447.60M (Peak 447.60M) | Time:00:00.82 | Mem:0.00M, Peak:0.00M | Scene, ViewLayer | Synchronizing object | Pressed bodyside skin.328
Fra:1 Mem:447.61M (Peak 447.61M) | Time:00:00.82 | Mem:0.00M, Peak:0.00M | Scene, ViewLayer | Synchronizing object | Lined bodyside aperture panel.328
Fra:1 Mem:447.61M (Peak 447.61M) | Time:00:00.82 | Mem:0.00M, Peak:0.00M | Scene, ViewLayer | Synchronizing object | Pressed bodyside skin.329
Fra:1 Mem:447.61M (Peak 447.61M) | Time:00:00.82 | Mem:0.00M, Peak:0.00M | Scene, ViewLayer | Synchronizing object | Lined bodyside aperture panel.329
Fra:1 Mem:447.61M (Peak 447.61M) | Time:00:00.82 | Mem:0.00M, Peak:0.00M | Scene, ViewLayer | Synchronizing object | Pressed bodyside skin.330
Fra:1 Mem:447.61M (Peak 447.61M) | Time:00:00.82 | Mem:0.00M, Peak:0.00M | Scene, ViewLayer | Synchronizing object | Lined bodyside aperture panel.330
Fra:1 Mem:447.61M (Peak 447.61M) | Time:00:00.82 | Mem:0.00M, Peak:0.00M | Scene, ViewLayer | Synchronizing object | Pressed bodyside skin.331
Fra:1 Mem:447.61M (Peak 447.61M) | Time:00:00.82 | Mem:0.00M, Peak:0.00M | Scene, ViewLayer | Synchronizing object | Lined bodyside aperture panel.331
Fra:1 Mem:447.61M (Peak 447.61M) | Time:00:00.82 | Mem:0.00M, Peak:0.00M | Scene, ViewLayer | Synchronizing object | Pressed bodyside skin.332
Fra:1 Mem:447.62M (Peak 447.62M) | Time:00:00.82 | Mem:0.00M, Peak:0.00M | Scene, ViewLayer | Synchronizing object | Lined bodyside aperture panel.332
Fra:1 Mem:447.62M (Peak 447.62M) | Time:00:00.82 | Mem:0.00M, Peak:0.00M | Scene, ViewLayer | Synchronizing object | Pressed bodyside skin.333
Fra:1 Mem:447.62M (Peak 447.62M) | Time:00:00.82 | Mem:0.00M, Peak:0.00M | Scene, ViewLayer | Synchronizing object | Lined bodyside aperture panel.333
Fra:1 Mem:447.62M (Peak 447.62M) | Time:00:00.82 | Mem:0.00M, Peak:0.00M | Scene, ViewLayer | Synchronizing object | Pressed bodyside skin.334
Fra:1 Mem:447.62M (Peak 447.62M) | Time:00:00.82 | Mem:0.00M, Peak:0.00M | Scene, ViewLayer | Synchronizing object | Lined bodyside aperture panel.334
Fra:1 Mem:447.62M (Peak 447.62M) | Time:00:00.82 | Mem:0.00M, Peak:0.00M | Scene, ViewLayer | Synchronizing object | Pressed bodyside skin.335
Fra:1 Mem:447.62M (Peak 447.62M) | Time:00:00.82 | Mem:0.00M, Peak:0.00M | Scene, ViewLayer | Synchronizing object | Lined bodyside aperture panel.335
Fra:1 Mem:447.63M (Peak 447.63M) | Time:00:00.82 | Mem:0.00M, Peak:0.00M | Scene, ViewLayer | Synchronizing object | Pressed bodyside skin.336
Fra:1 Mem:447.63M (Peak 447.63M) | Time:00:00.82 | Mem:0.00M, Peak:0.00M | Scene, ViewLayer | Synchronizing object | Lined bodyside aperture panel.336
Fra:1 Mem:447.63M (Peak 447.63M) | Time:00:00.82 | Mem:0.00M, Peak:0.00M | Scene, ViewLayer | Synchronizing object | Pressed bodyside skin.337
Fra:1 Mem:447.63M (Peak 447.63M) | Time:00:00.82 | Mem:0.00M, Peak:0.00M | Scene, ViewLayer | Synchronizing object | Lined bodyside aperture panel.337
Fra:1 Mem:447.63M (Peak 447.63M) | Time:00:00.82 | Mem:0.00M, Peak:0.00M | Scene, ViewLayer | Synchronizing object | Pressed bodyside skin.338
Fra:1 Mem:447.63M (Peak 447.63M) | Time:00:00.82 | Mem:0.00M, Peak:0.00M | Scene, ViewLayer | Synchronizing object | Lined bodyside aperture panel.338
Fra:1 Mem:447.63M (Peak 447.63M) | Time:00:00.82 | Mem:0.00M, Peak:0.00M | Scene, ViewLayer | Synchronizing object | Pressed bodyside skin.339
Fra:1 Mem:447.63M (Peak 447.63M) | Time:00:00.82 | Mem:0.00M, Peak:0.00M | Scene, ViewLayer | Synchronizing object | Lined bodyside aperture panel.339
Fra:1 Mem:447.64M (Peak 447.64M) | Time:00:00.82 | Mem:0.00M, Peak:0.00M | Scene, ViewLayer | Synchronizing object | Pressed bodyside skin.340
Fra:1 Mem:447.64M (Peak 447.64M) | Time:00:00.82 | Mem:0.00M, Peak:0.00M | Scene, ViewLayer | Synchronizing object | Lined bodyside aperture panel.340
Fra:1 Mem:447.64M (Peak 447.64M) | Time:00:00.82 | Mem:0.00M, Peak:0.00M | Scene, ViewLayer | Synchronizing object | Pressed bodyside skin.341
Fra:1 Mem:447.64M (Peak 447.64M) | Time:00:00.82 | Mem:0.00M, Peak:0.00M | Scene, ViewLayer | Synchronizing object | Lined bodyside aperture panel.341
Fra:1 Mem:447.64M (Peak 447.64M) | Time:00:00.82 | Mem:0.00M, Peak:0.00M | Scene, ViewLayer | Synchronizing object | Pressed bodyside skin.342
Fra:1 Mem:447.64M (Peak 447.64M) | Time:00:00.82 | Mem:0.00M, Peak:0.00M | Scene, ViewLayer | Synchronizing object | Lined bodyside aperture panel.342
Fra:1 Mem:447.64M (Peak 447.64M) | Time:00:00.82 | Mem:0.00M, Peak:0.00M | Scene, ViewLayer | Synchronizing object | Pressed bodyside skin.343
Fra:1 Mem:447.64M (Peak 447.64M) | Time:00:00.82 | Mem:0.00M, Peak:0.00M | Scene, ViewLayer | Synchronizing object | Lined bodyside aperture panel.343
Fra:1 Mem:447.65M (Peak 447.65M) | Time:00:00.82 | Mem:0.00M, Peak:0.00M | Scene, ViewLayer | Synchronizing object | Pressed bodyside skin.344
Fra:1 Mem:447.65M (Peak 447.65M) | Time:00:00.82 | Mem:0.00M, Peak:0.00M | Scene, ViewLayer | Synchronizing object | Lined bodyside aperture panel.344
Fra:1 Mem:447.65M (Peak 447.65M) | Time:00:00.82 | Mem:0.00M, Peak:0.00M | Scene, ViewLayer | Synchronizing object | Pressed bodyside skin.345
Fra:1 Mem:447.65M (Peak 447.65M) | Time:00:00.82 | Mem:0.00M, Peak:0.00M | Scene, ViewLayer | Synchronizing object | Lined bodyside aperture panel.345
Fra:1 Mem:447.65M (Peak 447.65M) | Time:00:00.82 | Mem:0.00M, Peak:0.00M | Scene, ViewLayer | Synchronizing object | Pressed bodyside skin.346
Fra:1 Mem:447.65M (Peak 447.65M) | Time:00:00.82 | Mem:0.00M, Peak:0.00M | Scene, ViewLayer | Synchronizing object | Lined bodyside aperture panel.346
Fra:1 Mem:447.65M (Peak 447.65M) | Time:00:00.82 | Mem:0.00M, Peak:0.00M | Scene, ViewLayer | Synchronizing object | Pressed bodyside skin.347
Fra:1 Mem:447.65M (Peak 447.65M) | Time:00:00.82 | Mem:0.00M, Peak:0.00M | Scene, ViewLayer | Synchronizing object | Lined bodyside aperture panel.347
Fra:1 Mem:447.66M (Peak 447.66M) | Time:00:00.82 | Mem:0.00M, Peak:0.00M | Scene, ViewLayer | Synchronizing object | Pressed bodyside skin.348
Fra:1 Mem:447.66M (Peak 447.66M) | Time:00:00.82 | Mem:0.00M, Peak:0.00M | Scene, ViewLayer | Synchronizing object | Lined bodyside aperture panel.348
Fra:1 Mem:447.66M (Peak 447.66M) | Time:00:00.82 | Mem:0.00M, Peak:0.00M | Scene, ViewLayer | Synchronizing object | Pressed bodyside skin.349
Fra:1 Mem:447.66M (Peak 447.66M) | Time:00:00.82 | Mem:0.00M, Peak:0.00M | Scene, ViewLayer | Synchronizing object | Lined bodyside aperture panel.349
Fra:1 Mem:447.66M (Peak 447.66M) | Time:00:00.82 | Mem:0.00M, Peak:0.00M | Scene, ViewLayer | Synchronizing object | Pressed bodyside skin.350
Fra:1 Mem:447.66M (Peak 447.66M) | Time:00:00.82 | Mem:0.00M, Peak:0.00M | Scene, ViewLayer | Synchronizing object | Lined bodyside aperture panel.350
Fra:1 Mem:447.66M (Peak 447.66M) | Time:00:00.82 | Mem:0.00M, Peak:0.00M | Scene, ViewLayer | Synchronizing object | Pressed bodyside skin.351
Fra:1 Mem:447.66M (Peak 447.66M) | Time:00:00.82 | Mem:0.00M, Peak:0.00M | Scene, ViewLayer | Synchronizing object | Lined bodyside aperture panel.351
Fra:1 Mem:447.67M (Peak 447.67M) | Time:00:00.82 | Mem:0.00M, Peak:0.00M | Scene, ViewLayer | Synchronizing object | Pressed bodyside skin.352
Fra:1 Mem:447.67M (Peak 447.67M) | Time:00:00.82 | Mem:0.00M, Peak:0.00M | Scene, ViewLayer | Synchronizing object | Lined bodyside aperture panel.352
Fra:1 Mem:447.67M (Peak 447.67M) | Time:00:00.82 | Mem:0.00M, Peak:0.00M | Scene, ViewLayer | Synchronizing object | Pressed bodyside skin.353
Fra:1 Mem:447.67M (Peak 447.67M) | Time:00:00.82 | Mem:0.00M, Peak:0.00M | Scene, ViewLayer | Synchronizing object | Lined bodyside aperture panel.353
Fra:1 Mem:447.67M (Peak 447.67M) | Time:00:00.82 | Mem:0.00M, Peak:0.00M | Scene, ViewLayer | Synchronizing object | Pressed bodyside skin.354
Fra:1 Mem:447.67M (Peak 447.67M) | Time:00:00.82 | Mem:0.00M, Peak:0.00M | Scene, ViewLayer | Synchronizing object | Lined bodyside aperture panel.354
Fra:1 Mem:447.67M (Peak 447.67M) | Time:00:00.82 | Mem:0.00M, Peak:0.00M | Scene, ViewLayer | Synchronizing object | Pressed bodyside skin.355
Fra:1 Mem:447.67M (Peak 447.67M) | Time:00:00.82 | Mem:0.00M, Peak:0.00M | Scene, ViewLayer | Synchronizing object | Lined bodyside aperture panel.355
Fra:1 Mem:447.68M (Peak 447.68M) | Time:00:00.82 | Mem:0.00M, Peak:0.00M | Scene, ViewLayer | Synchronizing object | Bodyside roof rain gutter.001
Fra:1 Mem:447.68M (Peak 447.68M) | Time:00:00.82 | Mem:0.00M, Peak:0.00M | Scene, ViewLayer | Synchronizing object | Floor skin rolled seam.001
Fra:1 Mem:447.68M (Peak 447.68M) | Time:00:00.82 | Mem:0.00M, Peak:0.00M | Scene, ViewLayer | Synchronizing object | Rounded body aperture corner.009
Fra:1 Mem:447.70M (Peak 447.70M) | Time:00:00.82 | Mem:0.00M, Peak:0.00M | Scene, ViewLayer | Synchronizing object | Pressed window aperture corner infill.009
Fra:1 Mem:447.71M (Peak 447.71M) | Time:00:00.82 | Mem:0.00M, Peak:0.00M | Scene, ViewLayer | Synchronizing object | Window pressed reveal return.009
Fra:1 Mem:447.72M (Peak 447.72M) | Time:00:00.82 | Mem:0.00M, Peak:0.00M | Scene, ViewLayer | Synchronizing object | Continuous EPDM glazing gasket.009
Fra:1 Mem:447.74M (Peak 447.74M) | Time:00:00.82 | Mem:0.00M, Peak:0.00M | Scene, ViewLayer | Synchronizing object | Anodised window frame extrusion.009
Fra:1 Mem:447.76M (Peak 447.76M) | Time:00:00.82 | Mem:0.00M, Peak:0.00M | Scene, ViewLayer | Synchronizing object | Sealed tinted passenger pane.009
Fra:1 Mem:447.77M (Peak 447.77M) | Time:00:00.82 | Mem:0.00M, Peak:0.00M | Scene, ViewLayer | Synchronizing object | Interior rounded window sill.009
Fra:1 Mem:447.78M (Peak 447.78M) | Time:00:00.82 | Mem:0.00M, Peak:0.00M | Scene, ViewLayer | Synchronizing object | Window curtain upper rail.009
Fra:1 Mem:447.79M (Peak 447.79M) | Time:00:00.82 | Mem:0.00M, Peak:0.00M | Scene, ViewLayer | Synchronizing object | Gathered window curtain soft drape.018
Fra:1 Mem:447.86M (Peak 447.86M) | Time:00:00.82 | Mem:0.00M, Peak:0.00M | Scene, ViewLayer | Synchronizing object | Curtain stitched lower hem.018
Fra:1 Mem:447.89M (Peak 447.89M) | Time:00:00.82 | Mem:0.00M, Peak:0.00M | Scene, ViewLayer | Synchronizing object | Window curtain fabric tieback.018
Fra:1 Mem:447.89M (Peak 447.89M) | Time:00:00.82 | Mem:0.00M, Peak:0.00M | Scene, ViewLayer | Synchronizing object | Curtain suspension ring.090
Fra:1 Mem:447.91M (Peak 447.91M) | Time:00:00.82 | Mem:0.00M, Peak:0.00M | Scene, ViewLayer | Synchronizing object | Curtain suspension ring.091
Fra:1 Mem:447.92M (Peak 447.92M) | Time:00:00.82 | Mem:0.00M, Peak:0.00M | Scene, ViewLayer | Synchronizing object | Curtain suspension ring.092
Fra:1 Mem:447.94M (Peak 447.94M) | Time:00:00.82 | Mem:0.00M, Peak:0.00M | Scene, ViewLayer | Synchronizing object | Curtain suspension ring.093
Fra:1 Mem:447.95M (Peak 447.95M) | Time:00:00.82 | Mem:0.00M, Peak:0.00M | Scene, ViewLayer | Synchronizing object | Curtain suspension ring.094
Fra:1 Mem:447.97M (Peak 447.97M) | Time:00:00.82 | Mem:0.00M, Peak:0.00M | Scene, ViewLayer | Synchronizing object | Gathered window curtain soft drape.019
Fra:1 Mem:448.05M (Peak 448.05M) | Time:00:00.82 | Mem:0.00M, Peak:0.00M | Scene, ViewLayer | Synchronizing object | Curtain stitched lower hem.019
Fra:1 Mem:448.07M (Peak 448.07M) | Time:00:00.82 | Mem:0.00M, Peak:0.00M | Scene, ViewLayer | Synchronizing object | Window curtain fabric tieback.019
Fra:1 Mem:448.08M (Peak 448.08M) | Time:00:00.82 | Mem:0.00M, Peak:0.00M | Scene, ViewLayer | Synchronizing object | Curtain suspension ring.095
Fra:1 Mem:448.09M (Peak 448.09M) | Time:00:00.82 | Mem:0.00M, Peak:0.00M | Scene, ViewLayer | Synchronizing object | Curtain suspension ring.096
Fra:1 Mem:448.11M (Peak 448.11M) | Time:00:00.82 | Mem:0.00M, Peak:0.00M | Scene, ViewLayer | Synchronizing object | Curtain suspension ring.097
Fra:1 Mem:448.12M (Peak 448.12M) | Time:00:00.82 | Mem:0.00M, Peak:0.00M | Scene, ViewLayer | Synchronizing object | Curtain suspension ring.098
Fra:1 Mem:448.14M (Peak 448.14M) | Time:00:00.82 | Mem:0.00M, Peak:0.00M | Scene, ViewLayer | Synchronizing object | Curtain suspension ring.099
Fra:1 Mem:448.15M (Peak 448.15M) | Time:00:00.82 | Mem:0.00M, Peak:0.00M | Scene, ViewLayer | Synchronizing object | Rounded body aperture corner.010
Fra:1 Mem:448.18M (Peak 448.18M) | Time:00:00.82 | Mem:0.00M, Peak:0.00M | Scene, ViewLayer | Synchronizing object | Pressed window aperture corner infill.010
Fra:1 Mem:448.18M (Peak 448.18M) | Time:00:00.82 | Mem:0.00M, Peak:0.00M | Scene, ViewLayer | Synchronizing object | Window pressed reveal return.010
Fra:1 Mem:448.19M (Peak 448.19M) | Time:00:00.82 | Mem:0.00M, Peak:0.00M | Scene, ViewLayer | Synchronizing object | Continuous EPDM glazing gasket.010
Fra:1 Mem:448.21M (Peak 448.21M) | Time:00:00.82 | Mem:0.00M, Peak:0.00M | Scene, ViewLayer | Synchronizing object | Anodised window frame extrusion.010
Fra:1 Mem:448.24M (Peak 448.24M) | Time:00:00.82 | Mem:0.00M, Peak:0.00M | Scene, ViewLayer | Synchronizing object | Sealed tinted passenger pane.010
Fra:1 Mem:448.25M (Peak 448.25M) | Time:00:00.82 | Mem:0.00M, Peak:0.00M | Scene, ViewLayer | Synchronizing object | Interior rounded window sill.010
Fra:1 Mem:448.26M (Peak 448.26M) | Time:00:00.82 | Mem:0.00M, Peak:0.00M | Scene, ViewLayer | Synchronizing object | Window curtain upper rail.010
Fra:1 Mem:448.26M (Peak 448.26M) | Time:00:00.82 | Mem:0.00M, Peak:0.00M | Scene, ViewLayer | Synchronizing object | Gathered window curtain soft drape.020
Fra:1 Mem:448.34M (Peak 448.34M) | Time:00:00.82 | Mem:0.00M, Peak:0.00M | Scene, ViewLayer | Synchronizing object | Curtain stitched lower hem.020
Fra:1 Mem:448.36M (Peak 448.36M) | Time:00:00.82 | Mem:0.00M, Peak:0.00M | Scene, ViewLayer | Synchronizing object | Window curtain fabric tieback.020
Fra:1 Mem:448.37M (Peak 448.37M) | Time:00:00.82 | Mem:0.00M, Peak:0.00M | Scene, ViewLayer | Synchronizing object | Curtain suspension ring.100
Fra:1 Mem:448.38M (Peak 448.38M) | Time:00:00.82 | Mem:0.00M, Peak:0.00M | Scene, ViewLayer | Synchronizing object | Curtain suspension ring.101
Fra:1 Mem:448.40M (Peak 448.40M) | Time:00:00.82 | Mem:0.00M, Peak:0.00M | Scene, ViewLayer | Synchronizing object | Curtain suspension ring.102
Fra:1 Mem:448.41M (Peak 448.41M) | Time:00:00.82 | Mem:0.00M, Peak:0.00M | Scene, ViewLayer | Synchronizing object | Curtain suspension ring.103
Fra:1 Mem:448.43M (Peak 448.43M) | Time:00:00.82 | Mem:0.00M, Peak:0.00M | Scene, ViewLayer | Synchronizing object | Curtain suspension ring.104
Fra:1 Mem:448.44M (Peak 448.44M) | Time:00:00.82 | Mem:0.00M, Peak:0.00M | Scene, ViewLayer | Synchronizing object | Gathered window curtain soft drape.021
Fra:1 Mem:448.52M (Peak 448.52M) | Time:00:00.82 | Mem:0.00M, Peak:0.00M | Scene, ViewLayer | Synchronizing object | Curtain stitched lower hem.021
Fra:1 Mem:448.54M (Peak 448.54M) | Time:00:00.82 | Mem:0.00M, Peak:0.00M | Scene, ViewLayer | Synchronizing object | Window curtain fabric tieback.021
Fra:1 Mem:448.55M (Peak 448.55M) | Time:00:00.82 | Mem:0.00M, Peak:0.00M | Scene, ViewLayer | Synchronizing object | Curtain suspension ring.105
Fra:1 Mem:448.57M (Peak 448.57M) | Time:00:00.82 | Mem:0.00M, Peak:0.00M | Scene, ViewLayer | Synchronizing object | Curtain suspension ring.106
Fra:1 Mem:448.58M (Peak 448.58M) | Time:00:00.82 | Mem:0.00M, Peak:0.00M | Scene, ViewLayer | Synchronizing object | Curtain suspension ring.107
Fra:1 Mem:448.60M (Peak 448.60M) | Time:00:00.82 | Mem:0.00M, Peak:0.00M | Scene, ViewLayer | Synchronizing object | Curtain suspension ring.108
Fra:1 Mem:448.61M (Peak 448.61M) | Time:00:00.82 | Mem:0.00M, Peak:0.00M | Scene, ViewLayer | Synchronizing object | Curtain suspension ring.109
Fra:1 Mem:448.63M (Peak 448.63M) | Time:00:00.82 | Mem:0.00M, Peak:0.00M | Scene, ViewLayer | Synchronizing object | Emergency window stencil.002
Fra:1 Mem:448.79M (Peak 448.79M) | Time:00:00.82 | Mem:0.00M, Peak:0.00M | Scene, ViewLayer | Synchronizing object | Emergency red release indicator.004
Fra:1 Mem:448.80M (Peak 448.80M) | Time:00:00.82 | Mem:0.00M, Peak:0.00M | Scene, ViewLayer | Synchronizing object | Emergency red release indicator.005
Fra:1 Mem:448.81M (Peak 448.81M) | Time:00:00.82 | Mem:0.00M, Peak:0.00M | Scene, ViewLayer | Synchronizing object | Rounded body aperture corner.011
Fra:1 Mem:448.83M (Peak 448.83M) | Time:00:00.82 | Mem:0.00M, Peak:0.00M | Scene, ViewLayer | Synchronizing object | Pressed window aperture corner infill.011
Fra:1 Mem:448.84M (Peak 448.84M) | Time:00:00.82 | Mem:0.00M, Peak:0.00M | Scene, ViewLayer | Synchronizing object | Window pressed reveal return.011
Fra:1 Mem:448.85M (Peak 448.85M) | Time:00:00.82 | Mem:0.00M, Peak:0.00M | Scene, ViewLayer | Synchronizing object | Continuous EPDM glazing gasket.011
Fra:1 Mem:448.87M (Peak 448.87M) | Time:00:00.82 | Mem:0.00M, Peak:0.00M | Scene, ViewLayer | Synchronizing object | Anodised window frame extrusion.011
Fra:1 Mem:448.89M (Peak 448.89M) | Time:00:00.82 | Mem:0.00M, Peak:0.00M | Scene, ViewLayer | Synchronizing object | Sealed tinted passenger pane.011
Fra:1 Mem:448.90M (Peak 448.90M) | Time:00:00.82 | Mem:0.00M, Peak:0.00M | Scene, ViewLayer | Synchronizing object | Interior rounded window sill.011
Fra:1 Mem:448.91M (Peak 448.91M) | Time:00:00.82 | Mem:0.00M, Peak:0.00M | Scene, ViewLayer | Synchronizing object | Window curtain upper rail.011
Fra:1 Mem:448.91M (Peak 448.91M) | Time:00:00.82 | Mem:0.00M, Peak:0.00M | Scene, ViewLayer | Synchronizing object | Gathered window curtain soft drape.022
Fra:1 Mem:448.99M (Peak 448.99M) | Time:00:00.82 | Mem:0.00M, Peak:0.00M | Scene, ViewLayer | Synchronizing object | Curtain stitched lower hem.022
Fra:1 Mem:449.02M (Peak 449.02M) | Time:00:00.82 | Mem:0.00M, Peak:0.00M | Scene, ViewLayer | Synchronizing object | Window curtain fabric tieback.022
Fra:1 Mem:449.02M (Peak 449.02M) | Time:00:00.82 | Mem:0.00M, Peak:0.00M | Scene, ViewLayer | Synchronizing object | Curtain suspension ring.110
Fra:1 Mem:449.04M (Peak 449.04M) | Time:00:00.82 | Mem:0.00M, Peak:0.00M | Scene, ViewLayer | Synchronizing object | Curtain suspension ring.111
Fra:1 Mem:449.05M (Peak 449.05M) | Time:00:00.82 | Mem:0.00M, Peak:0.00M | Scene, ViewLayer | Synchronizing object | Curtain suspension ring.112
Fra:1 Mem:449.07M (Peak 449.07M) | Time:00:00.82 | Mem:0.00M, Peak:0.00M | Scene, ViewLayer | Synchronizing object | Curtain suspension ring.113
Fra:1 Mem:449.08M (Peak 449.08M) | Time:00:00.82 | Mem:0.00M, Peak:0.00M | Scene, ViewLayer | Synchronizing object | Curtain suspension ring.114
Fra:1 Mem:449.10M (Peak 449.10M) | Time:00:00.82 | Mem:0.00M, Peak:0.00M | Scene, ViewLayer | Synchronizing object | Gathered window curtain soft drape.023
Fra:1 Mem:449.17M (Peak 449.17M) | Time:00:00.83 | Mem:0.00M, Peak:0.00M | Scene, ViewLayer | Synchronizing object | Curtain stitched lower hem.023
Fra:1 Mem:449.20M (Peak 449.20M) | Time:00:00.83 | Mem:0.00M, Peak:0.00M | Scene, ViewLayer | Synchronizing object | Window curtain fabric tieback.023
Fra:1 Mem:449.21M (Peak 449.21M) | Time:00:00.83 | Mem:0.00M, Peak:0.00M | Scene, ViewLayer | Synchronizing object | Curtain suspension ring.115
Fra:1 Mem:449.22M (Peak 449.22M) | Time:00:00.83 | Mem:0.00M, Peak:0.00M | Scene, ViewLayer | Synchronizing object | Curtain suspension ring.116
Fra:1 Mem:449.23M (Peak 449.23M) | Time:00:00.83 | Mem:0.00M, Peak:0.00M | Scene, ViewLayer | Synchronizing object | Curtain suspension ring.117
Fra:1 Mem:449.25M (Peak 449.25M) | Time:00:00.83 | Mem:0.00M, Peak:0.00M | Scene, ViewLayer | Synchronizing object | Curtain suspension ring.118
Fra:1 Mem:449.26M (Peak 449.26M) | Time:00:00.83 | Mem:0.00M, Peak:0.00M | Scene, ViewLayer | Synchronizing object | Curtain suspension ring.119
Fra:1 Mem:449.28M (Peak 449.28M) | Time:00:00.83 | Mem:0.00M, Peak:0.00M | Scene, ViewLayer | Synchronizing object | Rounded body aperture corner.012
Fra:1 Mem:449.30M (Peak 449.30M) | Time:00:00.83 | Mem:0.00M, Peak:0.00M | Scene, ViewLayer | Synchronizing object | Pressed window aperture corner infill.012
Fra:1 Mem:449.31M (Peak 449.31M) | Time:00:00.83 | Mem:0.00M, Peak:0.00M | Scene, ViewLayer | Synchronizing object | Window pressed reveal return.012
Fra:1 Mem:449.32M (Peak 449.32M) | Time:00:00.83 | Mem:0.00M, Peak:0.00M | Scene, ViewLayer | Synchronizing object | Continuous EPDM glazing gasket.012
Fra:1 Mem:449.34M (Peak 449.34M) | Time:00:00.83 | Mem:0.00M, Peak:0.00M | Scene, ViewLayer | Synchronizing object | Anodised window frame extrusion.012
Fra:1 Mem:449.36M (Peak 449.36M) | Time:00:00.83 | Mem:0.00M, Peak:0.00M | Scene, ViewLayer | Synchronizing object | Sealed tinted passenger pane.012
Fra:1 Mem:449.37M (Peak 449.37M) | Time:00:00.83 | Mem:0.00M, Peak:0.00M | Scene, ViewLayer | Synchronizing object | Interior rounded window sill.012
Fra:1 Mem:449.38M (Peak 449.38M) | Time:00:00.83 | Mem:0.00M, Peak:0.00M | Scene, ViewLayer | Synchronizing object | Window curtain upper rail.012
Fra:1 Mem:449.39M (Peak 449.39M) | Time:00:00.83 | Mem:0.00M, Peak:0.00M | Scene, ViewLayer | Synchronizing object | Gathered window curtain soft drape.024
Fra:1 Mem:449.47M (Peak 449.47M) | Time:00:00.83 | Mem:0.00M, Peak:0.00M | Scene, ViewLayer | Synchronizing object | Curtain stitched lower hem.024
Fra:1 Mem:449.49M (Peak 449.49M) | Time:00:00.83 | Mem:0.00M, Peak:0.00M | Scene, ViewLayer | Synchronizing object | Window curtain fabric tieback.024
Fra:1 Mem:449.50M (Peak 449.50M) | Time:00:00.83 | Mem:0.00M, Peak:0.00M | Scene, ViewLayer | Synchronizing object | Curtain suspension ring.120
Fra:1 Mem:449.51M (Peak 449.51M) | Time:00:00.83 | Mem:0.00M, Peak:0.00M | Scene, ViewLayer | Synchronizing object | Curtain suspension ring.121
Fra:1 Mem:449.53M (Peak 449.53M) | Time:00:00.83 | Mem:0.00M, Peak:0.00M | Scene, ViewLayer | Synchronizing object | Curtain suspension ring.122
Fra:1 Mem:449.54M (Peak 449.54M) | Time:00:00.83 | Mem:0.00M, Peak:0.00M | Scene, ViewLayer | Synchronizing object | Curtain suspension ring.123
Fra:1 Mem:449.56M (Peak 449.56M) | Time:00:00.83 | Mem:0.00M, Peak:0.00M | Scene, ViewLayer | Synchronizing object | Curtain suspension ring.124
Fra:1 Mem:449.57M (Peak 449.57M) | Time:00:00.83 | Mem:0.00M, Peak:0.00M | Scene, ViewLayer | Synchronizing object | Gathered window curtain soft drape.025
Fra:1 Mem:449.65M (Peak 449.65M) | Time:00:00.83 | Mem:0.00M, Peak:0.00M | Scene, ViewLayer | Synchronizing object | Curtain stitched lower hem.025
Fra:1 Mem:449.67M (Peak 449.67M) | Time:00:00.83 | Mem:0.00M, Peak:0.00M | Scene, ViewLayer | Synchronizing object | Window curtain fabric tieback.025
Fra:1 Mem:449.68M (Peak 449.68M) | Time:00:00.83 | Mem:0.00M, Peak:0.00M | Scene, ViewLayer | Synchronizing object | Curtain suspension ring.125
Fra:1 Mem:449.70M (Peak 449.70M) | Time:00:00.83 | Mem:0.00M, Peak:0.00M | Scene, ViewLayer | Synchronizing object | Curtain suspension ring.126
Fra:1 Mem:449.71M (Peak 449.71M) | Time:00:00.83 | Mem:0.00M, Peak:0.00M | Scene, ViewLayer | Synchronizing object | Curtain suspension ring.127
Fra:1 Mem:449.73M (Peak 449.73M) | Time:00:00.83 | Mem:0.00M, Peak:0.00M | Scene, ViewLayer | Synchronizing object | Curtain suspension ring.128
Fra:1 Mem:449.74M (Peak 449.74M) | Time:00:00.83 | Mem:0.00M, Peak:0.00M | Scene, ViewLayer | Synchronizing object | Curtain suspension ring.129
Fra:1 Mem:449.76M (Peak 449.76M) | Time:00:00.83 | Mem:0.00M, Peak:0.00M | Scene, ViewLayer | Synchronizing object | Rounded body aperture corner.013
Fra:1 Mem:449.78M (Peak 449.78M) | Time:00:00.83 | Mem:0.00M, Peak:0.00M | Scene, ViewLayer | Synchronizing object | Pressed window aperture corner infill.013
Fra:1 Mem:449.79M (Peak 449.79M) | Time:00:00.83 | Mem:0.00M, Peak:0.00M | Scene, ViewLayer | Synchronizing object | Window pressed reveal return.013
Fra:1 Mem:449.80M (Peak 449.80M) | Time:00:00.83 | Mem:0.00M, Peak:0.00M | Scene, ViewLayer | Synchronizing object | Continuous EPDM glazing gasket.013
Fra:1 Mem:449.82M (Peak 449.82M) | Time:00:00.83 | Mem:0.00M, Peak:0.00M | Scene, ViewLayer | Synchronizing object | Anodised window frame extrusion.013
Fra:1 Mem:449.84M (Peak 449.84M) | Time:00:00.83 | Mem:0.00M, Peak:0.00M | Scene, ViewLayer | Synchronizing object | Sealed tinted passenger pane.013
Fra:1 Mem:449.85M (Peak 449.85M) | Time:00:00.83 | Mem:0.00M, Peak:0.00M | Scene, ViewLayer | Synchronizing object | Interior rounded window sill.013
Fra:1 Mem:449.86M (Peak 449.86M) | Time:00:00.83 | Mem:0.00M, Peak:0.00M | Scene, ViewLayer | Synchronizing object | Window curtain upper rail.013
Fra:1 Mem:449.86M (Peak 449.86M) | Time:00:00.83 | Mem:0.00M, Peak:0.00M | Scene, ViewLayer | Synchronizing object | Gathered window curtain soft drape.026
Fra:1 Mem:449.94M (Peak 449.94M) | Time:00:00.83 | Mem:0.00M, Peak:0.00M | Scene, ViewLayer | Synchronizing object | Curtain stitched lower hem.026
Fra:1 Mem:449.96M (Peak 449.96M) | Time:00:00.83 | Mem:0.00M, Peak:0.00M | Scene, ViewLayer | Synchronizing object | Window curtain fabric tieback.026
Fra:1 Mem:449.97M (Peak 449.97M) | Time:00:00.83 | Mem:0.00M, Peak:0.00M | Scene, ViewLayer | Synchronizing object | Curtain suspension ring.130
Fra:1 Mem:449.99M (Peak 449.99M) | Time:00:00.83 | Mem:0.00M, Peak:0.00M | Scene, ViewLayer | Synchronizing object | Curtain suspension ring.131
Fra:1 Mem:450.00M (Peak 450.00M) | Time:00:00.83 | Mem:0.00M, Peak:0.00M | Scene, ViewLayer | Synchronizing object | Curtain suspension ring.132
Fra:1 Mem:450.02M (Peak 450.02M) | Time:00:00.83 | Mem:0.00M, Peak:0.00M | Scene, ViewLayer | Synchronizing object | Curtain suspension ring.133
Fra:1 Mem:450.03M (Peak 450.03M) | Time:00:00.83 | Mem:0.00M, Peak:0.00M | Scene, ViewLayer | Synchronizing object | Curtain suspension ring.134
Fra:1 Mem:450.04M (Peak 450.04M) | Time:00:00.83 | Mem:0.00M, Peak:0.00M | Scene, ViewLayer | Synchronizing object | Gathered window curtain soft drape.027
Fra:1 Mem:450.12M (Peak 450.12M) | Time:00:00.83 | Mem:0.00M, Peak:0.00M | Scene, ViewLayer | Synchronizing object | Curtain stitched lower hem.027
Fra:1 Mem:450.14M (Peak 450.14M) | Time:00:00.83 | Mem:0.00M, Peak:0.00M | Scene, ViewLayer | Synchronizing object | Window curtain fabric tieback.027
Fra:1 Mem:450.15M (Peak 450.15M) | Time:00:00.83 | Mem:0.00M, Peak:0.00M | Scene, ViewLayer | Synchronizing object | Curtain suspension ring.135
Fra:1 Mem:450.17M (Peak 450.17M) | Time:00:00.83 | Mem:0.00M, Peak:0.00M | Scene, ViewLayer | Synchronizing object | Curtain suspension ring.136
Fra:1 Mem:450.18M (Peak 450.18M) | Time:00:00.83 | Mem:0.00M, Peak:0.00M | Scene, ViewLayer | Synchronizing object | Curtain suspension ring.137
Fra:1 Mem:450.20M (Peak 450.20M) | Time:00:00.83 | Mem:0.00M, Peak:0.00M | Scene, ViewLayer | Synchronizing object | Curtain suspension ring.138
Fra:1 Mem:450.21M (Peak 450.21M) | Time:00:00.83 | Mem:0.00M, Peak:0.00M | Scene, ViewLayer | Synchronizing object | Curtain suspension ring.139
Fra:1 Mem:450.23M (Peak 450.23M) | Time:00:00.83 | Mem:0.00M, Peak:0.00M | Scene, ViewLayer | Synchronizing object | Rounded body aperture corner.014
Fra:1 Mem:450.25M (Peak 450.25M) | Time:00:00.83 | Mem:0.00M, Peak:0.00M | Scene, ViewLayer | Synchronizing object | Pressed window aperture corner infill.014
Fra:1 Mem:450.26M (Peak 450.26M) | Time:00:00.83 | Mem:0.00M, Peak:0.00M | Scene, ViewLayer | Synchronizing object | Window pressed reveal return.014
Fra:1 Mem:450.26M (Peak 450.26M) | Time:00:00.83 | Mem:0.00M, Peak:0.00M | Scene, ViewLayer | Synchronizing object | Continuous EPDM glazing gasket.014
Fra:1 Mem:450.29M (Peak 450.29M) | Time:00:00.83 | Mem:0.00M, Peak:0.00M | Scene, ViewLayer | Synchronizing object | Anodised window frame extrusion.014
Fra:1 Mem:450.31M (Peak 450.31M) | Time:00:00.83 | Mem:0.00M, Peak:0.00M | Scene, ViewLayer | Synchronizing object | Sealed tinted passenger pane.014
Fra:1 Mem:450.32M (Peak 450.32M) | Time:00:00.83 | Mem:0.00M, Peak:0.00M | Scene, ViewLayer | Synchronizing object | Interior rounded window sill.014
Fra:1 Mem:450.33M (Peak 450.33M) | Time:00:00.83 | Mem:0.00M, Peak:0.00M | Scene, ViewLayer | Synchronizing object | Window curtain upper rail.014
Fra:1 Mem:450.33M (Peak 450.33M) | Time:00:00.83 | Mem:0.00M, Peak:0.00M | Scene, ViewLayer | Synchronizing object | Gathered window curtain soft drape.028
Fra:1 Mem:450.41M (Peak 450.41M) | Time:00:00.83 | Mem:0.00M, Peak:0.00M | Scene, ViewLayer | Synchronizing object | Curtain stitched lower hem.028
Fra:1 Mem:450.43M (Peak 450.43M) | Time:00:00.83 | Mem:0.00M, Peak:0.00M | Scene, ViewLayer | Synchronizing object | Window curtain fabric tieback.028
Fra:1 Mem:450.44M (Peak 450.44M) | Time:00:00.83 | Mem:0.00M, Peak:0.00M | Scene, ViewLayer | Synchronizing object | Curtain suspension ring.140
Fra:1 Mem:450.46M (Peak 450.46M) | Time:00:00.83 | Mem:0.00M, Peak:0.00M | Scene, ViewLayer | Synchronizing object | Curtain suspension ring.141
Fra:1 Mem:450.47M (Peak 450.47M) | Time:00:00.83 | Mem:0.00M, Peak:0.00M | Scene, ViewLayer | Synchronizing object | Curtain suspension ring.142
Fra:1 Mem:450.49M (Peak 450.49M) | Time:00:00.83 | Mem:0.00M, Peak:0.00M | Scene, ViewLayer | Synchronizing object | Curtain suspension ring.143
Fra:1 Mem:450.50M (Peak 450.50M) | Time:00:00.83 | Mem:0.00M, Peak:0.00M | Scene, ViewLayer | Synchronizing object | Curtain suspension ring.144
Fra:1 Mem:450.52M (Peak 450.52M) | Time:00:00.83 | Mem:0.00M, Peak:0.00M | Scene, ViewLayer | Synchronizing object | Gathered window curtain soft drape.029
Fra:1 Mem:450.59M (Peak 450.59M) | Time:00:00.83 | Mem:0.00M, Peak:0.00M | Scene, ViewLayer | Synchronizing object | Curtain stitched lower hem.029
Fra:1 Mem:450.62M (Peak 450.62M) | Time:00:00.83 | Mem:0.00M, Peak:0.00M | Scene, ViewLayer | Synchronizing object | Window curtain fabric tieback.029
Fra:1 Mem:450.62M (Peak 450.62M) | Time:00:00.83 | Mem:0.00M, Peak:0.00M | Scene, ViewLayer | Synchronizing object | Curtain suspension ring.145
Fra:1 Mem:450.64M (Peak 450.64M) | Time:00:00.83 | Mem:0.00M, Peak:0.00M | Scene, ViewLayer | Synchronizing object | Curtain suspension ring.146
Fra:1 Mem:450.65M (Peak 450.65M) | Time:00:00.83 | Mem:0.00M, Peak:0.00M | Scene, ViewLayer | Synchronizing object | Curtain suspension ring.147
Fra:1 Mem:450.67M (Peak 450.67M) | Time:00:00.83 | Mem:0.00M, Peak:0.00M | Scene, ViewLayer | Synchronizing object | Curtain suspension ring.148
Fra:1 Mem:450.69M (Peak 450.69M) | Time:00:00.83 | Mem:0.00M, Peak:0.00M | Scene, ViewLayer | Synchronizing object | Curtain suspension ring.149
Fra:1 Mem:450.70M (Peak 450.70M) | Time:00:00.83 | Mem:0.00M, Peak:0.00M | Scene, ViewLayer | Synchronizing object | Rounded body aperture corner.015
Fra:1 Mem:450.73M (Peak 450.73M) | Time:00:00.83 | Mem:0.00M, Peak:0.00M | Scene, ViewLayer | Synchronizing object | Pressed window aperture corner infill.015
Fra:1 Mem:450.73M (Peak 450.73M) | Time:00:00.83 | Mem:0.00M, Peak:0.00M | Scene, ViewLayer | Synchronizing object | Window pressed reveal return.015
Fra:1 Mem:450.74M (Peak 450.74M) | Time:00:00.83 | Mem:0.00M, Peak:0.00M | Scene, ViewLayer | Synchronizing object | Continuous EPDM glazing gasket.015
Fra:1 Mem:450.76M (Peak 450.76M) | Time:00:00.83 | Mem:0.00M, Peak:0.00M | Scene, ViewLayer | Synchronizing object | Anodised window frame extrusion.015
Fra:1 Mem:450.79M (Peak 450.79M) | Time:00:00.83 | Mem:0.00M, Peak:0.00M | Scene, ViewLayer | Synchronizing object | Sealed tinted passenger pane.015
Fra:1 Mem:450.80M (Peak 450.80M) | Time:00:00.83 | Mem:0.00M, Peak:0.00M | Scene, ViewLayer | Synchronizing object | Interior rounded window sill.015
Fra:1 Mem:450.81M (Peak 450.81M) | Time:00:00.83 | Mem:0.00M, Peak:0.00M | Scene, ViewLayer | Synchronizing object | Window curtain upper rail.015
Fra:1 Mem:450.81M (Peak 450.81M) | Time:00:00.83 | Mem:0.00M, Peak:0.00M | Scene, ViewLayer | Synchronizing object | Gathered window curtain soft drape.030
Fra:1 Mem:450.89M (Peak 450.89M) | Time:00:00.83 | Mem:0.00M, Peak:0.00M | Scene, ViewLayer | Synchronizing object | Curtain stitched lower hem.030
Fra:1 Mem:450.91M (Peak 450.91M) | Time:00:00.83 | Mem:0.00M, Peak:0.00M | Scene, ViewLayer | Synchronizing object | Window curtain fabric tieback.030
Fra:1 Mem:450.92M (Peak 450.92M) | Time:00:00.83 | Mem:0.00M, Peak:0.00M | Scene, ViewLayer | Synchronizing object | Curtain suspension ring.150
Fra:1 Mem:450.93M (Peak 450.93M) | Time:00:00.83 | Mem:0.00M, Peak:0.00M | Scene, ViewLayer | Synchronizing object | Curtain suspension ring.151
Fra:1 Mem:451.01M (Peak 451.01M) | Time:00:00.83 | Mem:0.00M, Peak:0.00M | Scene, ViewLayer | Synchronizing object | Curtain suspension ring.152
Fra:1 Mem:451.03M (Peak 451.03M) | Time:00:00.83 | Mem:0.00M, Peak:0.00M | Scene, ViewLayer | Synchronizing object | Curtain suspension ring.153
Fra:1 Mem:451.04M (Peak 451.04M) | Time:00:00.83 | Mem:0.00M, Peak:0.00M | Scene, ViewLayer | Synchronizing object | Curtain suspension ring.154
Fra:1 Mem:451.06M (Peak 451.06M) | Time:00:00.83 | Mem:0.00M, Peak:0.00M | Scene, ViewLayer | Synchronizing object | Gathered window curtain soft drape.031
Fra:1 Mem:451.13M (Peak 451.13M) | Time:00:00.83 | Mem:0.00M, Peak:0.00M | Scene, ViewLayer | Synchronizing object | Curtain stitched lower hem.031
Fra:1 Mem:451.16M (Peak 451.16M) | Time:00:00.83 | Mem:0.00M, Peak:0.00M | Scene, ViewLayer | Synchronizing object | Window curtain fabric tieback.031
Fra:1 Mem:451.18M (Peak 451.18M) | Time:00:00.83 | Mem:0.00M, Peak:0.00M | Scene, ViewLayer | Synchronizing object | Curtain suspension ring.155
Fra:1 Mem:451.19M (Peak 451.19M) | Time:00:00.83 | Mem:0.00M, Peak:0.00M | Scene, ViewLayer | Synchronizing object | Curtain suspension ring.156
Fra:1 Mem:451.21M (Peak 451.21M) | Time:00:00.83 | Mem:0.00M, Peak:0.00M | Scene, ViewLayer | Synchronizing object | Curtain suspension ring.157
Fra:1 Mem:451.22M (Peak 451.22M) | Time:00:00.83 | Mem:0.00M, Peak:0.00M | Scene, ViewLayer | Synchronizing object | Curtain suspension ring.158
Fra:1 Mem:451.24M (Peak 451.24M) | Time:00:00.83 | Mem:0.00M, Peak:0.00M | Scene, ViewLayer | Synchronizing object | Curtain suspension ring.159
Fra:1 Mem:451.25M (Peak 451.25M) | Time:00:00.83 | Mem:0.00M, Peak:0.00M | Scene, ViewLayer | Synchronizing object | Rounded body aperture corner.016
Fra:1 Mem:451.28M (Peak 451.28M) | Time:00:00.83 | Mem:0.00M, Peak:0.00M | Scene, ViewLayer | Synchronizing object | Pressed window aperture corner infill.016
Fra:1 Mem:451.29M (Peak 451.29M) | Time:00:00.83 | Mem:0.00M, Peak:0.00M | Scene, ViewLayer | Synchronizing object | Window pressed reveal return.016
Fra:1 Mem:451.29M (Peak 451.29M) | Time:00:00.83 | Mem:0.00M, Peak:0.00M | Scene, ViewLayer | Synchronizing object | Continuous EPDM glazing gasket.016
Fra:1 Mem:451.32M (Peak 451.32M) | Time:00:00.83 | Mem:0.00M, Peak:0.00M | Scene, ViewLayer | Synchronizing object | Anodised window frame extrusion.016
Fra:1 Mem:451.34M (Peak 451.34M) | Time:00:00.83 | Mem:0.00M, Peak:0.00M | Scene, ViewLayer | Synchronizing object | Sealed tinted passenger pane.016
Fra:1 Mem:451.35M (Peak 451.35M) | Time:00:00.83 | Mem:0.00M, Peak:0.00M | Scene, ViewLayer | Synchronizing object | Interior rounded window sill.016
Fra:1 Mem:451.36M (Peak 451.36M) | Time:00:00.83 | Mem:0.00M, Peak:0.00M | Scene, ViewLayer | Synchronizing object | Window curtain upper rail.016
Fra:1 Mem:451.37M (Peak 451.37M) | Time:00:00.83 | Mem:0.00M, Peak:0.00M | Scene, ViewLayer | Synchronizing object | Gathered window curtain soft drape.032
Fra:1 Mem:451.45M (Peak 451.45M) | Time:00:00.83 | Mem:0.00M, Peak:0.00M | Scene, ViewLayer | Synchronizing object | Curtain stitched lower hem.032
Fra:1 Mem:451.47M (Peak 451.47M) | Time:00:00.83 | Mem:0.00M, Peak:0.00M | Scene, ViewLayer | Synchronizing object | Window curtain fabric tieback.032
Fra:1 Mem:451.48M (Peak 451.48M) | Time:00:00.83 | Mem:0.00M, Peak:0.00M | Scene, ViewLayer | Synchronizing object | Curtain suspension ring.160
Fra:1 Mem:451.50M (Peak 451.50M) | Time:00:00.83 | Mem:0.00M, Peak:0.00M | Scene, ViewLayer | Synchronizing object | Curtain suspension ring.161
Fra:1 Mem:451.51M (Peak 451.51M) | Time:00:00.83 | Mem:0.00M, Peak:0.00M | Scene, ViewLayer | Synchronizing object | Curtain suspension ring.162
Fra:1 Mem:451.53M (Peak 451.53M) | Time:00:00.83 | Mem:0.00M, Peak:0.00M | Scene, ViewLayer | Synchronizing object | Curtain suspension ring.163
Fra:1 Mem:451.54M (Peak 451.54M) | Time:00:00.83 | Mem:0.00M, Peak:0.00M | Scene, ViewLayer | Synchronizing object | Curtain suspension ring.164
Fra:1 Mem:451.56M (Peak 451.56M) | Time:00:00.83 | Mem:0.00M, Peak:0.00M | Scene, ViewLayer | Synchronizing object | Gathered window curtain soft drape.033
Fra:1 Mem:451.64M (Peak 451.64M) | Time:00:00.83 | Mem:0.00M, Peak:0.00M | Scene, ViewLayer | Synchronizing object | Curtain stitched lower hem.033
Fra:1 Mem:451.66M (Peak 451.66M) | Time:00:00.83 | Mem:0.00M, Peak:0.00M | Scene, ViewLayer | Synchronizing object | Window curtain fabric tieback.033
Fra:1 Mem:451.67M (Peak 451.67M) | Time:00:00.83 | Mem:0.00M, Peak:0.00M | Scene, ViewLayer | Synchronizing object | Curtain suspension ring.165
Fra:1 Mem:451.68M (Peak 451.68M) | Time:00:00.83 | Mem:0.00M, Peak:0.00M | Scene, ViewLayer | Synchronizing object | Curtain suspension ring.166
Fra:1 Mem:451.70M (Peak 451.70M) | Time:00:00.83 | Mem:0.00M, Peak:0.00M | Scene, ViewLayer | Synchronizing object | Curtain suspension ring.167
Fra:1 Mem:451.71M (Peak 451.71M) | Time:00:00.83 | Mem:0.00M, Peak:0.00M | Scene, ViewLayer | Synchronizing object | Curtain suspension ring.168
Fra:1 Mem:451.73M (Peak 451.73M) | Time:00:00.83 | Mem:0.00M, Peak:0.00M | Scene, ViewLayer | Synchronizing object | Curtain suspension ring.169
Fra:1 Mem:451.74M (Peak 451.74M) | Time:00:00.83 | Mem:0.00M, Peak:0.00M | Scene, ViewLayer | Synchronizing object | Emergency window stencil.003
Fra:1 Mem:451.90M (Peak 451.90M) | Time:00:00.83 | Mem:0.00M, Peak:0.00M | Scene, ViewLayer | Synchronizing object | Emergency red release indicator.006
Fra:1 Mem:451.91M (Peak 451.91M) | Time:00:00.83 | Mem:0.00M, Peak:0.00M | Scene, ViewLayer | Synchronizing object | Emergency red release indicator.007
Fra:1 Mem:451.92M (Peak 451.92M) | Time:00:00.83 | Mem:0.00M, Peak:0.00M | Scene, ViewLayer | Synchronizing object | Rounded body aperture corner.017
Fra:1 Mem:451.94M (Peak 451.94M) | Time:00:00.83 | Mem:0.00M, Peak:0.00M | Scene, ViewLayer | Synchronizing object | Pressed window aperture corner infill.017
Fra:1 Mem:451.95M (Peak 451.95M) | Time:00:00.83 | Mem:0.00M, Peak:0.00M | Scene, ViewLayer | Synchronizing object | Window pressed reveal return.017
Fra:1 Mem:451.96M (Peak 451.96M) | Time:00:00.83 | Mem:0.00M, Peak:0.00M | Scene, ViewLayer | Synchronizing object | Continuous EPDM glazing gasket.017
Fra:1 Mem:451.98M (Peak 451.98M) | Time:00:00.83 | Mem:0.00M, Peak:0.00M | Scene, ViewLayer | Synchronizing object | Anodised window frame extrusion.017
Fra:1 Mem:452.01M (Peak 452.01M) | Time:00:00.83 | Mem:0.00M, Peak:0.00M | Scene, ViewLayer | Synchronizing object | Sealed tinted passenger pane.017
Fra:1 Mem:452.02M (Peak 452.02M) | Time:00:00.83 | Mem:0.00M, Peak:0.00M | Scene, ViewLayer | Synchronizing object | Interior rounded window sill.017
Fra:1 Mem:452.03M (Peak 452.03M) | Time:00:00.83 | Mem:0.00M, Peak:0.00M | Scene, ViewLayer | Synchronizing object | Window curtain upper rail.017
Fra:1 Mem:452.03M (Peak 452.03M) | Time:00:00.83 | Mem:0.00M, Peak:0.00M | Scene, ViewLayer | Synchronizing object | Gathered window curtain soft drape.034
Fra:1 Mem:452.11M (Peak 452.11M) | Time:00:00.83 | Mem:0.00M, Peak:0.00M | Scene, ViewLayer | Synchronizing object | Curtain stitched lower hem.034
Fra:1 Mem:452.14M (Peak 452.14M) | Time:00:00.83 | Mem:0.00M, Peak:0.00M | Scene, ViewLayer | Synchronizing object | Window curtain fabric tieback.034
Fra:1 Mem:452.15M (Peak 452.15M) | Time:00:00.83 | Mem:0.00M, Peak:0.00M | Scene, ViewLayer | Synchronizing object | Curtain suspension ring.170
Fra:1 Mem:452.16M (Peak 452.16M) | Time:00:00.83 | Mem:0.00M, Peak:0.00M | Scene, ViewLayer | Synchronizing object | Curtain suspension ring.171
Fra:1 Mem:452.18M (Peak 452.18M) | Time:00:00.83 | Mem:0.00M, Peak:0.00M | Scene, ViewLayer | Synchronizing object | Curtain suspension ring.172
Fra:1 Mem:452.19M (Peak 452.19M) | Time:00:00.83 | Mem:0.00M, Peak:0.00M | Scene, ViewLayer | Synchronizing object | Curtain suspension ring.173
Fra:1 Mem:452.21M (Peak 452.21M) | Time:00:00.83 | Mem:0.00M, Peak:0.00M | Scene, ViewLayer | Synchronizing object | Curtain suspension ring.174
Fra:1 Mem:452.22M (Peak 452.22M) | Time:00:00.83 | Mem:0.00M, Peak:0.00M | Scene, ViewLayer | Synchronizing object | Gathered window curtain soft drape.035
Fra:1 Mem:452.30M (Peak 452.30M) | Time:00:00.83 | Mem:0.00M, Peak:0.00M | Scene, ViewLayer | Synchronizing object | Curtain stitched lower hem.035
Fra:1 Mem:452.33M (Peak 452.33M) | Time:00:00.83 | Mem:0.00M, Peak:0.00M | Scene, ViewLayer | Synchronizing object | Window curtain fabric tieback.035
Fra:1 Mem:452.34M (Peak 452.34M) | Time:00:00.83 | Mem:0.00M, Peak:0.00M | Scene, ViewLayer | Synchronizing object | Curtain suspension ring.175
Fra:1 Mem:452.35M (Peak 452.35M) | Time:00:00.83 | Mem:0.00M, Peak:0.00M | Scene, ViewLayer | Synchronizing object | Curtain suspension ring.176
Fra:1 Mem:452.37M (Peak 452.37M) | Time:00:00.83 | Mem:0.00M, Peak:0.00M | Scene, ViewLayer | Synchronizing object | Curtain suspension ring.177
Fra:1 Mem:452.38M (Peak 452.38M) | Time:00:00.83 | Mem:0.00M, Peak:0.00M | Scene, ViewLayer | Synchronizing object | Curtain suspension ring.178
Fra:1 Mem:452.40M (Peak 452.40M) | Time:00:00.83 | Mem:0.00M, Peak:0.00M | Scene, ViewLayer | Synchronizing object | Curtain suspension ring.179
Fra:1 Mem:452.41M (Peak 452.41M) | Time:00:00.83 | Mem:0.00M, Peak:0.00M | Scene, ViewLayer | Synchronizing object | Entrance aperture steel return.002
Fra:1 Mem:452.41M (Peak 452.41M) | Time:00:00.83 | Mem:0.00M, Peak:0.00M | Scene, ViewLayer | Synchronizing object | Entrance door weatherseal.002
Fra:1 Mem:452.44M (Peak 452.44M) | Time:00:00.83 | Mem:0.00M, Peak:0.00M | Scene, ViewLayer | Synchronizing object | Entrance pressed steel door panel.004
Fra:1 Mem:452.45M (Peak 452.45M) | Time:00:00.83 | Mem:0.00M, Peak:0.00M | Scene, ViewLayer | Synchronizing object | Entrance pressed steel door panel.005
Fra:1 Mem:452.46M (Peak 452.46M) | Time:00:00.83 | Mem:0.00M, Peak:0.00M | Scene, ViewLayer | Synchronizing object | Entrance glazed opening side rail.004
Fra:1 Mem:452.47M (Peak 452.47M) | Time:00:00.83 | Mem:0.00M, Peak:0.00M | Scene, ViewLayer | Synchronizing object | Entrance glazed opening side rail.005
Fra:1 Mem:452.48M (Peak 452.48M) | Time:00:00.83 | Mem:0.00M, Peak:0.00M | Scene, ViewLayer | Synchronizing object | Door window band lower paint strip.002
Fra:1 Mem:452.48M (Peak 452.48M) | Time:00:00.83 | Mem:0.00M, Peak:0.00M | Scene, ViewLayer | Synchronizing object | Door window band upper paint strip.002
Fra:1 Mem:452.48M (Peak 452.48M) | Time:00:00.83 | Mem:0.00M, Peak:0.00M | Scene, ViewLayer | Synchronizing object | Entrance window gasket.002
Fra:1 Mem:452.50M (Peak 452.50M) | Time:00:00.83 | Mem:0.00M, Peak:0.00M | Scene, ViewLayer | Synchronizing object | Entrance clear door glazing.002
Fra:1 Mem:452.51M (Peak 452.51M) | Time:00:00.83 | Mem:0.00M, Peak:0.00M | Scene, ViewLayer | Synchronizing object | Pressed door lower panel bead.004
Fra:1 Mem:452.54M (Peak 452.54M) | Time:00:00.83 | Mem:0.00M, Peak:0.00M | Scene, ViewLayer | Synchronizing object | Pressed door lower panel bead.005
Fra:1 Mem:452.56M (Peak 452.56M) | Time:00:00.83 | Mem:0.00M, Peak:0.00M | Scene, ViewLayer | Synchronizing object | Door hinge knuckle.006
Fra:1 Mem:452.57M (Peak 452.57M) | Time:00:00.83 | Mem:0.00M, Peak:0.00M | Scene, ViewLayer | Synchronizing object | Door hinge plate.012
Fra:1 Mem:452.57M (Peak 452.57M) | Time:00:00.83 | Mem:0.00M, Peak:0.00M | Scene, ViewLayer | Synchronizing object | Door hinge plate.013
Fra:1 Mem:452.58M (Peak 452.58M) | Time:00:00.83 | Mem:0.00M, Peak:0.00M | Scene, ViewLayer | Synchronizing object | Door hinge knuckle.007
Fra:1 Mem:452.59M (Peak 452.59M) | Time:00:00.83 | Mem:0.00M, Peak:0.00M | Scene, ViewLayer | Synchronizing object | Door hinge plate.014
Fra:1 Mem:452.60M (Peak 452.60M) | Time:00:00.83 | Mem:0.00M, Peak:0.00M | Scene, ViewLayer | Synchronizing object | Door hinge plate.015
Fra:1 Mem:452.61M (Peak 452.61M) | Time:00:00.83 | Mem:0.00M, Peak:0.00M | Scene, ViewLayer | Synchronizing object | Door hinge knuckle.008
Fra:1 Mem:452.61M (Peak 452.61M) | Time:00:00.83 | Mem:0.00M, Peak:0.00M | Scene, ViewLayer | Synchronizing object | Door hinge plate.016
Fra:1 Mem:452.62M (Peak 452.62M) | Time:00:00.83 | Mem:0.00M, Peak:0.00M | Scene, ViewLayer | Synchronizing object | Door hinge plate.017
Fra:1 Mem:452.63M (Peak 452.63M) | Time:00:00.83 | Mem:0.00M, Peak:0.00M | Scene, ViewLayer | Synchronizing object | Door polished pull.002
Fra:1 Mem:452.64M (Peak 452.64M) | Time:00:00.83 | Mem:0.00M, Peak:0.00M | Scene, ViewLayer | Synchronizing object | Door handle mounting boss.004
Fra:1 Mem:452.64M (Peak 452.64M) | Time:00:00.83 | Mem:0.00M, Peak:0.00M | Scene, ViewLayer | Synchronizing object | Door handle mounting boss.005
Fra:1 Mem:452.64M (Peak 452.64M) | Time:00:00.83 | Mem:0.00M, Peak:0.00M | Scene, ViewLayer | Synchronizing object | Door lock escutcheon.002
Fra:1 Mem:452.65M (Peak 452.65M) | Time:00:00.83 | Mem:0.00M, Peak:0.00M | Scene, ViewLayer | Synchronizing object | Door key slot.002
Fra:1 Mem:452.65M (Peak 452.65M) | Time:00:00.83 | Mem:0.00M, Peak:0.00M | Scene, ViewLayer | Synchronizing object | Bent entrance stainless grabrail.004
Fra:1 Mem:452.66M (Peak 452.66M) | Time:00:00.83 | Mem:0.00M, Peak:0.00M | Scene, ViewLayer | Synchronizing object | Grabrail mounting pad.008
Fra:1 Mem:452.67M (Peak 452.67M) | Time:00:00.83 | Mem:0.00M, Peak:0.00M | Scene, ViewLayer | Synchronizing object | Grabrail mounting pad.009
Fra:1 Mem:452.68M (Peak 452.68M) | Time:00:00.83 | Mem:0.00M, Peak:0.00M | Scene, ViewLayer | Synchronizing object | Bent entrance stainless grabrail.005
Fra:1 Mem:452.69M (Peak 452.69M) | Time:00:00.83 | Mem:0.00M, Peak:0.00M | Scene, ViewLayer | Synchronizing object | Grabrail mounting pad.010
Fra:1 Mem:452.69M (Peak 452.69M) | Time:00:00.83 | Mem:0.00M, Peak:0.00M | Scene, ViewLayer | Synchronizing object | Grabrail mounting pad.011
Fra:1 Mem:452.70M (Peak 452.70M) | Time:00:00.83 | Mem:0.00M, Peak:0.00M | Scene, ViewLayer | Synchronizing object | Entrance ladder perforated tread.008
Fra:1 Mem:452.71M (Peak 452.71M) | Time:00:00.83 | Mem:0.00M, Peak:0.00M | Scene, ViewLayer | Synchronizing object | Entry tread raised antislip ridge.120
Fra:1 Mem:452.72M (Peak 452.72M) | Time:00:00.83 | Mem:0.00M, Peak:0.00M | Scene, ViewLayer | Synchronizing object | Entry tread raised antislip ridge.121
Fra:1 Mem:452.73M (Peak 452.73M) | Time:00:00.83 | Mem:0.00M, Peak:0.00M | Scene, ViewLayer | Synchronizing object | Entry tread raised antislip ridge.122
Fra:1 Mem:452.74M (Peak 452.74M) | Time:00:00.83 | Mem:0.00M, Peak:0.00M | Scene, ViewLayer | Synchronizing object | Entry tread raised antislip ridge.123
Fra:1 Mem:452.75M (Peak 452.75M) | Time:00:00.83 | Mem:0.00M, Peak:0.00M | Scene, ViewLayer | Synchronizing object | Entry tread raised antislip ridge.124
Fra:1 Mem:452.76M (Peak 452.76M) | Time:00:00.83 | Mem:0.00M, Peak:0.00M | Scene, ViewLayer | Synchronizing object | Entry tread raised antislip ridge.125
Fra:1 Mem:452.77M (Peak 452.77M) | Time:00:00.83 | Mem:0.00M, Peak:0.00M | Scene, ViewLayer | Synchronizing object | Entry tread raised antislip ridge.126
Fra:1 Mem:452.77M (Peak 452.77M) | Time:00:00.83 | Mem:0.00M, Peak:0.00M | Scene, ViewLayer | Synchronizing object | Entry tread raised antislip ridge.127
Fra:1 Mem:452.78M (Peak 452.78M) | Time:00:00.83 | Mem:0.00M, Peak:0.00M | Scene, ViewLayer | Synchronizing object | Entry tread raised antislip ridge.128
Fra:1 Mem:452.79M (Peak 452.79M) | Time:00:00.83 | Mem:0.00M, Peak:0.00M | Scene, ViewLayer | Synchronizing object | Entry tread raised antislip ridge.129
Fra:1 Mem:452.80M (Peak 452.80M) | Time:00:00.83 | Mem:0.00M, Peak:0.00M | Scene, ViewLayer | Synchronizing object | Entry tread raised antislip ridge.130
Fra:1 Mem:452.81M (Peak 452.81M) | Time:00:00.83 | Mem:0.00M, Peak:0.00M | Scene, ViewLayer | Synchronizing object | Entry tread raised antislip ridge.131
Fra:1 Mem:452.82M (Peak 452.82M) | Time:00:00.83 | Mem:0.00M, Peak:0.00M | Scene, ViewLayer | Synchronizing object | Entry tread raised antislip ridge.132
Fra:1 Mem:452.83M (Peak 452.83M) | Time:00:00.83 | Mem:0.00M, Peak:0.00M | Scene, ViewLayer | Synchronizing object | Entry tread raised antislip ridge.133
Fra:1 Mem:452.84M (Peak 452.84M) | Time:00:00.83 | Mem:0.00M, Peak:0.00M | Scene, ViewLayer | Synchronizing object | Entry tread raised antislip ridge.134
Fra:1 Mem:452.85M (Peak 452.85M) | Time:00:00.83 | Mem:0.00M, Peak:0.00M | Scene, ViewLayer | Synchronizing object | Entrance ladder perforated tread.009
Fra:1 Mem:452.86M (Peak 452.86M) | Time:00:00.83 | Mem:0.00M, Peak:0.00M | Scene, ViewLayer | Synchronizing object | Entry tread raised antislip ridge.135
Fra:1 Mem:452.86M (Peak 452.86M) | Time:00:00.83 | Mem:0.00M, Peak:0.00M | Scene, ViewLayer | Synchronizing object | Entry tread raised antislip ridge.136
Fra:1 Mem:452.87M (Peak 452.87M) | Time:00:00.83 | Mem:0.00M, Peak:0.00M | Scene, ViewLayer | Synchronizing object | Entry tread raised antislip ridge.137
Fra:1 Mem:452.88M (Peak 452.88M) | Time:00:00.83 | Mem:0.00M, Peak:0.00M | Scene, ViewLayer | Synchronizing object | Entry tread raised antislip ridge.138
Fra:1 Mem:452.89M (Peak 452.89M) | Time:00:00.83 | Mem:0.00M, Peak:0.00M | Scene, ViewLayer | Synchronizing object | Entry tread raised antislip ridge.139
Fra:1 Mem:452.90M (Peak 452.90M) | Time:00:00.83 | Mem:0.00M, Peak:0.00M | Scene, ViewLayer | Synchronizing object | Entry tread raised antislip ridge.140
Fra:1 Mem:452.91M (Peak 452.91M) | Time:00:00.83 | Mem:0.00M, Peak:0.00M | Scene, ViewLayer | Synchronizing object | Entry tread raised antislip ridge.141
Fra:1 Mem:452.92M (Peak 452.92M) | Time:00:00.83 | Mem:0.00M, Peak:0.00M | Scene, ViewLayer | Synchronizing object | Entry tread raised antislip ridge.142
Fra:1 Mem:452.93M (Peak 452.93M) | Time:00:00.83 | Mem:0.00M, Peak:0.00M | Scene, ViewLayer | Synchronizing object | Entry tread raised antislip ridge.143
Fra:1 Mem:452.94M (Peak 452.94M) | Time:00:00.83 | Mem:0.00M, Peak:0.00M | Scene, ViewLayer | Synchronizing object | Entry tread raised antislip ridge.144
Fra:1 Mem:452.95M (Peak 452.95M) | Time:00:00.83 | Mem:0.00M, Peak:0.00M | Scene, ViewLayer | Synchronizing object | Entry tread raised antislip ridge.145
Fra:1 Mem:452.95M (Peak 452.95M) | Time:00:00.83 | Mem:0.00M, Peak:0.00M | Scene, ViewLayer | Synchronizing object | Entry tread raised antislip ridge.146
Fra:1 Mem:452.96M (Peak 452.96M) | Time:00:00.83 | Mem:0.00M, Peak:0.00M | Scene, ViewLayer | Synchronizing object | Entry tread raised antislip ridge.147
Fra:1 Mem:452.97M (Peak 452.97M) | Time:00:00.83 | Mem:0.00M, Peak:0.00M | Scene, ViewLayer | Synchronizing object | Entry tread raised antislip ridge.148
Fra:1 Mem:452.98M (Peak 452.98M) | Time:00:00.83 | Mem:0.00M, Peak:0.00M | Scene, ViewLayer | Synchronizing object | Entry tread raised antislip ridge.149
Fra:1 Mem:452.99M (Peak 452.99M) | Time:00:00.83 | Mem:0.00M, Peak:0.00M | Scene, ViewLayer | Synchronizing object | Entrance ladder perforated tread.010
Fra:1 Mem:453.00M (Peak 453.00M) | Time:00:00.83 | Mem:0.00M, Peak:0.00M | Scene, ViewLayer | Synchronizing object | Entry tread raised antislip ridge.150
Fra:1 Mem:453.01M (Peak 453.01M) | Time:00:00.83 | Mem:0.00M, Peak:0.00M | Scene, ViewLayer | Synchronizing object | Entry tread raised antislip ridge.151
Fra:1 Mem:453.02M (Peak 453.02M) | Time:00:00.83 | Mem:0.00M, Peak:0.00M | Scene, ViewLayer | Synchronizing object | Entry tread raised antislip ridge.152
Fra:1 Mem:453.03M (Peak 453.03M) | Time:00:00.83 | Mem:0.00M, Peak:0.00M | Scene, ViewLayer | Synchronizing object | Entry tread raised antislip ridge.153
Fra:1 Mem:453.03M (Peak 453.03M) | Time:00:00.83 | Mem:0.00M, Peak:0.00M | Scene, ViewLayer | Synchronizing object | Entry tread raised antislip ridge.154
Fra:1 Mem:453.04M (Peak 453.04M) | Time:00:00.83 | Mem:0.00M, Peak:0.00M | Scene, ViewLayer | Synchronizing object | Entry tread raised antislip ridge.155
Fra:1 Mem:453.05M (Peak 453.05M) | Time:00:00.83 | Mem:0.00M, Peak:0.00M | Scene, ViewLayer | Synchronizing object | Entry tread raised antislip ridge.156
Fra:1 Mem:453.06M (Peak 453.06M) | Time:00:00.83 | Mem:0.00M, Peak:0.00M | Scene, ViewLayer | Synchronizing object | Entry tread raised antislip ridge.157
Fra:1 Mem:453.07M (Peak 453.07M) | Time:00:00.83 | Mem:0.00M, Peak:0.00M | Scene, ViewLayer | Synchronizing object | Entry tread raised antislip ridge.158
Fra:1 Mem:453.08M (Peak 453.08M) | Time:00:00.83 | Mem:0.00M, Peak:0.00M | Scene, ViewLayer | Synchronizing object | Entry tread raised antislip ridge.159
Fra:1 Mem:453.09M (Peak 453.09M) | Time:00:00.83 | Mem:0.00M, Peak:0.00M | Scene, ViewLayer | Synchronizing object | Entry tread raised antislip ridge.160
Fra:1 Mem:453.09M (Peak 453.09M) | Time:00:00.83 | Mem:0.00M, Peak:0.00M | Scene, ViewLayer | Synchronizing object | Entry tread raised antislip ridge.161
Fra:1 Mem:453.10M (Peak 453.10M) | Time:00:00.83 | Mem:0.00M, Peak:0.00M | Scene, ViewLayer | Synchronizing object | Entry tread raised antislip ridge.162
Fra:1 Mem:453.11M (Peak 453.11M) | Time:00:00.83 | Mem:0.00M, Peak:0.00M | Scene, ViewLayer | Synchronizing object | Entry tread raised antislip ridge.163
Fra:1 Mem:453.12M (Peak 453.12M) | Time:00:00.83 | Mem:0.00M, Peak:0.00M | Scene, ViewLayer | Synchronizing object | Entry tread raised antislip ridge.164
Fra:1 Mem:453.13M (Peak 453.13M) | Time:00:00.83 | Mem:0.00M, Peak:0.00M | Scene, ViewLayer | Synchronizing object | Entrance ladder perforated tread.011
Fra:1 Mem:453.14M (Peak 453.14M) | Time:00:00.83 | Mem:0.00M, Peak:0.00M | Scene, ViewLayer | Synchronizing object | Entry tread raised antislip ridge.165
Fra:1 Mem:453.15M (Peak 453.15M) | Time:00:00.83 | Mem:0.00M, Peak:0.00M | Scene, ViewLayer | Synchronizing object | Entry tread raised antislip ridge.166
Fra:1 Mem:453.16M (Peak 453.16M) | Time:00:00.83 | Mem:0.00M, Peak:0.00M | Scene, ViewLayer | Synchronizing object | Entry tread raised antislip ridge.167
Fra:1 Mem:453.17M (Peak 453.17M) | Time:00:00.83 | Mem:0.00M, Peak:0.00M | Scene, ViewLayer | Synchronizing object | Entry tread raised antislip ridge.168
Fra:1 Mem:453.18M (Peak 453.18M) | Time:00:00.83 | Mem:0.00M, Peak:0.00M | Scene, ViewLayer | Synchronizing object | Entry tread raised antislip ridge.169
Fra:1 Mem:453.18M (Peak 453.18M) | Time:00:00.83 | Mem:0.00M, Peak:0.00M | Scene, ViewLayer | Synchronizing object | Entry tread raised antislip ridge.170
Fra:1 Mem:453.19M (Peak 453.19M) | Time:00:00.83 | Mem:0.00M, Peak:0.00M | Scene, ViewLayer | Synchronizing object | Entry tread raised antislip ridge.171
Fra:1 Mem:453.20M (Peak 453.20M) | Time:00:00.83 | Mem:0.00M, Peak:0.00M | Scene, ViewLayer | Synchronizing object | Entry tread raised antislip ridge.172
Fra:1 Mem:453.21M (Peak 453.21M) | Time:00:00.83 | Mem:0.00M, Peak:0.00M | Scene, ViewLayer | Synchronizing object | Entry tread raised antislip ridge.173
Fra:1 Mem:453.22M (Peak 453.22M) | Time:00:00.83 | Mem:0.00M, Peak:0.00M | Scene, ViewLayer | Synchronizing object | Entry tread raised antislip ridge.174
Fra:1 Mem:453.23M (Peak 453.23M) | Time:00:00.83 | Mem:0.00M, Peak:0.00M | Scene, ViewLayer | Synchronizing object | Entry tread raised antislip ridge.175
Fra:1 Mem:453.24M (Peak 453.24M) | Time:00:00.83 | Mem:0.00M, Peak:0.00M | Scene, ViewLayer | Synchronizing object | Entry tread raised antislip ridge.176
Fra:1 Mem:453.25M (Peak 453.25M) | Time:00:00.83 | Mem:0.00M, Peak:0.00M | Scene, ViewLayer | Synchronizing object | Entry tread raised antislip ridge.177
Fra:1 Mem:453.26M (Peak 453.26M) | Time:00:00.83 | Mem:0.00M, Peak:0.00M | Scene, ViewLayer | Synchronizing object | Entry tread raised antislip ridge.178
Fra:1 Mem:453.27M (Peak 453.27M) | Time:00:00.83 | Mem:0.00M, Peak:0.00M | Scene, ViewLayer | Synchronizing object | Entry tread raised antislip ridge.179
Fra:1 Mem:453.27M (Peak 453.27M) | Time:00:00.83 | Mem:0.00M, Peak:0.00M | Scene, ViewLayer | Synchronizing object | Entrance ladder angle stringer.004
Fra:1 Mem:453.28M (Peak 453.28M) | Time:00:00.83 | Mem:0.00M, Peak:0.00M | Scene, ViewLayer | Synchronizing object | Entrance ladder angle stringer.005
Fra:1 Mem:453.29M (Peak 453.29M) | Time:00:00.83 | Mem:0.00M, Peak:0.00M | Scene, ViewLayer | Synchronizing object | Door instruction.002
Fra:1 Mem:453.33M (Peak 453.33M) | Time:00:00.83 | Mem:0.00M, Peak:0.00M | Scene, ViewLayer | Synchronizing object | Entry lettering.002
Fra:1 Mem:453.37M (Peak 453.37M) | Time:00:00.83 | Mem:0.00M, Peak:0.00M | Scene, ViewLayer | Synchronizing object | Entrance aperture steel return.003
Fra:1 Mem:453.38M (Peak 453.38M) | Time:00:00.83 | Mem:0.00M, Peak:0.00M | Scene, ViewLayer | Synchronizing object | Entrance door weatherseal.003
Fra:1 Mem:453.40M (Peak 453.40M) | Time:00:00.83 | Mem:0.00M, Peak:0.00M | Scene, ViewLayer | Synchronizing object | Entrance pressed steel door panel.006
Fra:1 Mem:453.41M (Peak 453.41M) | Time:00:00.83 | Mem:0.00M, Peak:0.00M | Scene, ViewLayer | Synchronizing object | Entrance pressed steel door panel.007
Fra:1 Mem:453.42M (Peak 453.42M) | Time:00:00.84 | Mem:0.00M, Peak:0.00M | Scene, ViewLayer | Synchronizing object | Entrance glazed opening side rail.006
Fra:1 Mem:453.43M (Peak 453.43M) | Time:00:00.84 | Mem:0.00M, Peak:0.00M | Scene, ViewLayer | Synchronizing object | Entrance glazed opening side rail.007
Fra:1 Mem:453.44M (Peak 453.44M) | Time:00:00.84 | Mem:0.00M, Peak:0.00M | Scene, ViewLayer | Synchronizing object | Door window band lower paint strip.003
Fra:1 Mem:453.44M (Peak 453.44M) | Time:00:00.84 | Mem:0.00M, Peak:0.00M | Scene, ViewLayer | Synchronizing object | Door window band upper paint strip.003
Fra:1 Mem:453.44M (Peak 453.44M) | Time:00:00.84 | Mem:0.00M, Peak:0.00M | Scene, ViewLayer | Synchronizing object | Entrance window gasket.003
Fra:1 Mem:453.46M (Peak 453.46M) | Time:00:00.84 | Mem:0.00M, Peak:0.00M | Scene, ViewLayer | Synchronizing object | Entrance clear door glazing.003
Fra:1 Mem:453.48M (Peak 453.48M) | Time:00:00.84 | Mem:0.00M, Peak:0.00M | Scene, ViewLayer | Synchronizing object | Pressed door lower panel bead.006
Fra:1 Mem:453.50M (Peak 453.50M) | Time:00:00.84 | Mem:0.00M, Peak:0.00M | Scene, ViewLayer | Synchronizing object | Pressed door lower panel bead.007
Fra:1 Mem:453.52M (Peak 453.52M) | Time:00:00.84 | Mem:0.00M, Peak:0.00M | Scene, ViewLayer | Synchronizing object | Door hinge knuckle.009
Fra:1 Mem:453.53M (Peak 453.53M) | Time:00:00.84 | Mem:0.00M, Peak:0.00M | Scene, ViewLayer | Synchronizing object | Door hinge plate.018
Fra:1 Mem:453.54M (Peak 453.54M) | Time:00:00.84 | Mem:0.00M, Peak:0.00M | Scene, ViewLayer | Synchronizing object | Door hinge plate.019
Fra:1 Mem:453.55M (Peak 453.55M) | Time:00:00.84 | Mem:0.00M, Peak:0.00M | Scene, ViewLayer | Synchronizing object | Door hinge knuckle.010
Fra:1 Mem:453.55M (Peak 453.55M) | Time:00:00.84 | Mem:0.00M, Peak:0.00M | Scene, ViewLayer | Synchronizing object | Door hinge plate.020
Fra:1 Mem:453.56M (Peak 453.56M) | Time:00:00.84 | Mem:0.00M, Peak:0.00M | Scene, ViewLayer | Synchronizing object | Door hinge plate.021
Fra:1 Mem:453.57M (Peak 453.57M) | Time:00:00.84 | Mem:0.00M, Peak:0.00M | Scene, ViewLayer | Synchronizing object | Door hinge knuckle.011
Fra:1 Mem:453.57M (Peak 453.57M) | Time:00:00.84 | Mem:0.00M, Peak:0.00M | Scene, ViewLayer | Synchronizing object | Door hinge plate.022
Fra:1 Mem:453.58M (Peak 453.58M) | Time:00:00.84 | Mem:0.00M, Peak:0.00M | Scene, ViewLayer | Synchronizing object | Door hinge plate.023
Fra:1 Mem:453.59M (Peak 453.59M) | Time:00:00.84 | Mem:0.00M, Peak:0.00M | Scene, ViewLayer | Synchronizing object | Door polished pull.003
Fra:1 Mem:453.60M (Peak 453.60M) | Time:00:00.84 | Mem:0.00M, Peak:0.00M | Scene, ViewLayer | Synchronizing object | Door handle mounting boss.006
Fra:1 Mem:453.60M (Peak 453.60M) | Time:00:00.84 | Mem:0.00M, Peak:0.00M | Scene, ViewLayer | Synchronizing object | Door handle mounting boss.007
Fra:1 Mem:453.61M (Peak 453.61M) | Time:00:00.84 | Mem:0.00M, Peak:0.00M | Scene, ViewLayer | Synchronizing object | Door lock escutcheon.003
Fra:1 Mem:453.61M (Peak 453.61M) | Time:00:00.84 | Mem:0.00M, Peak:0.00M | Scene, ViewLayer | Synchronizing object | Door key slot.003
Fra:1 Mem:453.62M (Peak 453.62M) | Time:00:00.84 | Mem:0.00M, Peak:0.00M | Scene, ViewLayer | Synchronizing object | Bent entrance stainless grabrail.006
Fra:1 Mem:453.63M (Peak 453.63M) | Time:00:00.84 | Mem:0.00M, Peak:0.00M | Scene, ViewLayer | Synchronizing object | Grabrail mounting pad.012
Fra:1 Mem:453.63M (Peak 453.63M) | Time:00:00.84 | Mem:0.00M, Peak:0.00M | Scene, ViewLayer | Synchronizing object | Grabrail mounting pad.013
Fra:1 Mem:453.64M (Peak 453.64M) | Time:00:00.84 | Mem:0.00M, Peak:0.00M | Scene, ViewLayer | Synchronizing object | Bent entrance stainless grabrail.007
Fra:1 Mem:453.65M (Peak 453.65M) | Time:00:00.84 | Mem:0.00M, Peak:0.00M | Scene, ViewLayer | Synchronizing object | Grabrail mounting pad.014
Fra:1 Mem:453.66M (Peak 453.66M) | Time:00:00.84 | Mem:0.00M, Peak:0.00M | Scene, ViewLayer | Synchronizing object | Grabrail mounting pad.015
Fra:1 Mem:453.67M (Peak 453.67M) | Time:00:00.84 | Mem:0.00M, Peak:0.00M | Scene, ViewLayer | Synchronizing object | Entrance ladder perforated tread.012
Fra:1 Mem:453.68M (Peak 453.68M) | Time:00:00.84 | Mem:0.00M, Peak:0.00M | Scene, ViewLayer | Synchronizing object | Entry tread raised antislip ridge.180
Fra:1 Mem:453.69M (Peak 453.69M) | Time:00:00.84 | Mem:0.00M, Peak:0.00M | Scene, ViewLayer | Synchronizing object | Entry tread raised antislip ridge.181
Fra:1 Mem:453.70M (Peak 453.70M) | Time:00:00.84 | Mem:0.00M, Peak:0.00M | Scene, ViewLayer | Synchronizing object | Entry tread raised antislip ridge.182
Fra:1 Mem:453.71M (Peak 453.71M) | Time:00:00.84 | Mem:0.00M, Peak:0.00M | Scene, ViewLayer | Synchronizing object | Entry tread raised antislip ridge.183
Fra:1 Mem:453.72M (Peak 453.72M) | Time:00:00.84 | Mem:0.00M, Peak:0.00M | Scene, ViewLayer | Synchronizing object | Entry tread raised antislip ridge.184
Fra:1 Mem:453.73M (Peak 453.73M) | Time:00:00.84 | Mem:0.00M, Peak:0.00M | Scene, ViewLayer | Synchronizing object | Entry tread raised antislip ridge.185
Fra:1 Mem:453.74M (Peak 453.74M) | Time:00:00.84 | Mem:0.00M, Peak:0.00M | Scene, ViewLayer | Synchronizing object | Entry tread raised antislip ridge.186
Fra:1 Mem:453.74M (Peak 453.74M) | Time:00:00.84 | Mem:0.00M, Peak:0.00M | Scene, ViewLayer | Synchronizing object | Entry tread raised antislip ridge.187
Fra:1 Mem:453.75M (Peak 453.75M) | Time:00:00.84 | Mem:0.00M, Peak:0.00M | Scene, ViewLayer | Synchronizing object | Entry tread raised antislip ridge.188
Fra:1 Mem:453.76M (Peak 453.76M) | Time:00:00.84 | Mem:0.00M, Peak:0.00M | Scene, ViewLayer | Synchronizing object | Entry tread raised antislip ridge.189
Fra:1 Mem:453.77M (Peak 453.77M) | Time:00:00.84 | Mem:0.00M, Peak:0.00M | Scene, ViewLayer | Synchronizing object | Entry tread raised antislip ridge.190
Fra:1 Mem:453.78M (Peak 453.78M) | Time:00:00.84 | Mem:0.00M, Peak:0.00M | Scene, ViewLayer | Synchronizing object | Entry tread raised antislip ridge.191
Fra:1 Mem:453.79M (Peak 453.79M) | Time:00:00.84 | Mem:0.00M, Peak:0.00M | Scene, ViewLayer | Synchronizing object | Entry tread raised antislip ridge.192
Fra:1 Mem:453.80M (Peak 453.80M) | Time:00:00.84 | Mem:0.00M, Peak:0.00M | Scene, ViewLayer | Synchronizing object | Entry tread raised antislip ridge.193
Fra:1 Mem:453.82M (Peak 453.82M) | Time:00:00.84 | Mem:0.00M, Peak:0.00M | Scene, ViewLayer | Synchronizing object | Entry tread raised antislip ridge.194
Fra:1 Mem:453.82M (Peak 453.82M) | Time:00:00.84 | Mem:0.00M, Peak:0.00M | Scene, ViewLayer | Synchronizing object | Entrance ladder perforated tread.013
Fra:1 Mem:453.83M (Peak 453.83M) | Time:00:00.84 | Mem:0.00M, Peak:0.00M | Scene, ViewLayer | Synchronizing object | Entry tread raised antislip ridge.195
Fra:1 Mem:453.84M (Peak 453.84M) | Time:00:00.84 | Mem:0.00M, Peak:0.00M | Scene, ViewLayer | Synchronizing object | Entry tread raised antislip ridge.196
Fra:1 Mem:453.85M (Peak 453.85M) | Time:00:00.84 | Mem:0.00M, Peak:0.00M | Scene, ViewLayer | Synchronizing object | Entry tread raised antislip ridge.197
Fra:1 Mem:453.86M (Peak 453.86M) | Time:00:00.84 | Mem:0.00M, Peak:0.00M | Scene, ViewLayer | Synchronizing object | Entry tread raised antislip ridge.198
Fra:1 Mem:453.87M (Peak 453.87M) | Time:00:00.84 | Mem:0.00M, Peak:0.00M | Scene, ViewLayer | Synchronizing object | Entry tread raised antislip ridge.199
Fra:1 Mem:453.88M (Peak 453.88M) | Time:00:00.84 | Mem:0.00M, Peak:0.00M | Scene, ViewLayer | Synchronizing object | Entry tread raised antislip ridge.200
Fra:1 Mem:453.89M (Peak 453.89M) | Time:00:00.84 | Mem:0.00M, Peak:0.00M | Scene, ViewLayer | Synchronizing object | Entry tread raised antislip ridge.201
Fra:1 Mem:453.90M (Peak 453.90M) | Time:00:00.84 | Mem:0.00M, Peak:0.00M | Scene, ViewLayer | Synchronizing object | Entry tread raised antislip ridge.202
Fra:1 Mem:453.91M (Peak 453.91M) | Time:00:00.84 | Mem:0.00M, Peak:0.00M | Scene, ViewLayer | Synchronizing object | Entry tread raised antislip ridge.203
Fra:1 Mem:453.92M (Peak 453.92M) | Time:00:00.84 | Mem:0.00M, Peak:0.00M | Scene, ViewLayer | Synchronizing object | Entry tread raised antislip ridge.204
Fra:1 Mem:453.92M (Peak 453.92M) | Time:00:00.84 | Mem:0.00M, Peak:0.00M | Scene, ViewLayer | Synchronizing object | Entry tread raised antislip ridge.205
Fra:1 Mem:453.93M (Peak 453.93M) | Time:00:00.84 | Mem:0.00M, Peak:0.00M | Scene, ViewLayer | Synchronizing object | Entry tread raised antislip ridge.206
Fra:1 Mem:453.94M (Peak 453.94M) | Time:00:00.84 | Mem:0.00M, Peak:0.00M | Scene, ViewLayer | Synchronizing object | Entry tread raised antislip ridge.207
Fra:1 Mem:453.95M (Peak 453.95M) | Time:00:00.84 | Mem:0.00M, Peak:0.00M | Scene, ViewLayer | Synchronizing object | Entry tread raised antislip ridge.208
Fra:1 Mem:453.96M (Peak 453.96M) | Time:00:00.84 | Mem:0.00M, Peak:0.00M | Scene, ViewLayer | Synchronizing object | Entry tread raised antislip ridge.209
Fra:1 Mem:453.97M (Peak 453.97M) | Time:00:00.84 | Mem:0.00M, Peak:0.00M | Scene, ViewLayer | Synchronizing object | Entrance ladder perforated tread.014
Fra:1 Mem:453.98M (Peak 453.98M) | Time:00:00.84 | Mem:0.00M, Peak:0.00M | Scene, ViewLayer | Synchronizing object | Entry tread raised antislip ridge.210
Fra:1 Mem:453.99M (Peak 453.99M) | Time:00:00.84 | Mem:0.00M, Peak:0.00M | Scene, ViewLayer | Synchronizing object | Entry tread raised antislip ridge.211
Fra:1 Mem:454.00M (Peak 454.00M) | Time:00:00.84 | Mem:0.00M, Peak:0.00M | Scene, ViewLayer | Synchronizing object | Entry tread raised antislip ridge.212
Fra:1 Mem:454.00M (Peak 454.00M) | Time:00:00.84 | Mem:0.00M, Peak:0.00M | Scene, ViewLayer | Synchronizing object | Entry tread raised antislip ridge.213
Fra:1 Mem:454.01M (Peak 454.01M) | Time:00:00.84 | Mem:0.00M, Peak:0.00M | Scene, ViewLayer | Synchronizing object | Entry tread raised antislip ridge.214
Fra:1 Mem:454.02M (Peak 454.02M) | Time:00:00.84 | Mem:0.00M, Peak:0.00M | Scene, ViewLayer | Synchronizing object | Entry tread raised antislip ridge.215
Fra:1 Mem:454.03M (Peak 454.03M) | Time:00:00.84 | Mem:0.00M, Peak:0.00M | Scene, ViewLayer | Synchronizing object | Entry tread raised antislip ridge.216
Fra:1 Mem:454.04M (Peak 454.04M) | Time:00:00.84 | Mem:0.00M, Peak:0.00M | Scene, ViewLayer | Synchronizing object | Entry tread raised antislip ridge.217
Fra:1 Mem:454.05M (Peak 454.05M) | Time:00:00.84 | Mem:0.00M, Peak:0.00M | Scene, ViewLayer | Synchronizing object | Entry tread raised antislip ridge.218
Fra:1 Mem:454.06M (Peak 454.06M) | Time:00:00.84 | Mem:0.00M, Peak:0.00M | Scene, ViewLayer | Synchronizing object | Entry tread raised antislip ridge.219
Fra:1 Mem:454.07M (Peak 454.07M) | Time:00:00.84 | Mem:0.00M, Peak:0.00M | Scene, ViewLayer | Synchronizing object | Entry tread raised antislip ridge.220
Fra:1 Mem:454.08M (Peak 454.08M) | Time:00:00.84 | Mem:0.00M, Peak:0.00M | Scene, ViewLayer | Synchronizing object | Entry tread raised antislip ridge.221
Fra:1 Mem:454.09M (Peak 454.09M) | Time:00:00.84 | Mem:0.00M, Peak:0.00M | Scene, ViewLayer | Synchronizing object | Entry tread raised antislip ridge.222
Fra:1 Mem:454.09M (Peak 454.09M) | Time:00:00.84 | Mem:0.00M, Peak:0.00M | Scene, ViewLayer | Synchronizing object | Entry tread raised antislip ridge.223
Fra:1 Mem:454.10M (Peak 454.10M) | Time:00:00.84 | Mem:0.00M, Peak:0.00M | Scene, ViewLayer | Synchronizing object | Entry tread raised antislip ridge.224
Fra:1 Mem:454.12M (Peak 454.12M) | Time:00:00.84 | Mem:0.00M, Peak:0.00M | Scene, ViewLayer | Synchronizing object | Entrance ladder perforated tread.015
Fra:1 Mem:454.13M (Peak 454.13M) | Time:00:00.84 | Mem:0.00M, Peak:0.00M | Scene, ViewLayer | Synchronizing object | Entry tread raised antislip ridge.225
Fra:1 Mem:454.13M (Peak 454.13M) | Time:00:00.84 | Mem:0.00M, Peak:0.00M | Scene, ViewLayer | Synchronizing object | Entry tread raised antislip ridge.226
Fra:1 Mem:454.14M (Peak 454.14M) | Time:00:00.84 | Mem:0.00M, Peak:0.00M | Scene, ViewLayer | Synchronizing object | Entry tread raised antislip ridge.227
Fra:1 Mem:454.15M (Peak 454.15M) | Time:00:00.84 | Mem:0.00M, Peak:0.00M | Scene, ViewLayer | Synchronizing object | Entry tread raised antislip ridge.228
Fra:1 Mem:454.16M (Peak 454.16M) | Time:00:00.84 | Mem:0.00M, Peak:0.00M | Scene, ViewLayer | Synchronizing object | Entry tread raised antislip ridge.229
Fra:1 Mem:454.17M (Peak 454.17M) | Time:00:00.84 | Mem:0.00M, Peak:0.00M | Scene, ViewLayer | Synchronizing object | Entry tread raised antislip ridge.230
Fra:1 Mem:454.18M (Peak 454.18M) | Time:00:00.84 | Mem:0.00M, Peak:0.00M | Scene, ViewLayer | Synchronizing object | Entry tread raised antislip ridge.231
Fra:1 Mem:454.19M (Peak 454.19M) | Time:00:00.84 | Mem:0.00M, Peak:0.00M | Scene, ViewLayer | Synchronizing object | Entry tread raised antislip ridge.232
Fra:1 Mem:454.20M (Peak 454.20M) | Time:00:00.84 | Mem:0.00M, Peak:0.00M | Scene, ViewLayer | Synchronizing object | Entry tread raised antislip ridge.233
Fra:1 Mem:454.21M (Peak 454.21M) | Time:00:00.84 | Mem:0.00M, Peak:0.00M | Scene, ViewLayer | Synchronizing object | Entry tread raised antislip ridge.234
Fra:1 Mem:454.22M (Peak 454.22M) | Time:00:00.84 | Mem:0.00M, Peak:0.00M | Scene, ViewLayer | Synchronizing object | Entry tread raised antislip ridge.235
Fra:1 Mem:454.22M (Peak 454.22M) | Time:00:00.84 | Mem:0.00M, Peak:0.00M | Scene, ViewLayer | Synchronizing object | Entry tread raised antislip ridge.236
Fra:1 Mem:454.23M (Peak 454.23M) | Time:00:00.84 | Mem:0.00M, Peak:0.00M | Scene, ViewLayer | Synchronizing object | Entry tread raised antislip ridge.237
Fra:1 Mem:454.24M (Peak 454.24M) | Time:00:00.84 | Mem:0.00M, Peak:0.00M | Scene, ViewLayer | Synchronizing object | Entry tread raised antislip ridge.238
Fra:1 Mem:454.25M (Peak 454.25M) | Time:00:00.84 | Mem:0.00M, Peak:0.00M | Scene, ViewLayer | Synchronizing object | Entry tread raised antislip ridge.239
Fra:1 Mem:454.26M (Peak 454.26M) | Time:00:00.84 | Mem:0.00M, Peak:0.00M | Scene, ViewLayer | Synchronizing object | Entrance ladder angle stringer.006
Fra:1 Mem:454.27M (Peak 454.27M) | Time:00:00.84 | Mem:0.00M, Peak:0.00M | Scene, ViewLayer | Synchronizing object | Entrance ladder angle stringer.007
Fra:1 Mem:454.28M (Peak 454.28M) | Time:00:00.84 | Mem:0.00M, Peak:0.00M | Scene, ViewLayer | Synchronizing object | Door instruction.003
Fra:1 Mem:454.32M (Peak 454.32M) | Time:00:00.84 | Mem:0.00M, Peak:0.00M | Scene, ViewLayer | Synchronizing object | Entry lettering.003
Fra:1 Mem:454.36M (Peak 454.36M) | Time:00:00.84 | Mem:0.00M, Peak:0.00M | Scene, ViewLayer | Synchronizing object | Toilet window black gasket.002
Fra:1 Mem:454.38M (Peak 454.38M) | Time:00:00.84 | Mem:0.00M, Peak:0.00M | Scene, ViewLayer | Synchronizing object | Obscure toilet glass.002
Fra:1 Mem:454.40M (Peak 454.40M) | Time:00:00.84 | Mem:0.00M, Peak:0.00M | Scene, ViewLayer | Synchronizing object | Toilet window external bar.008
Fra:1 Mem:454.40M (Peak 454.40M) | Time:00:00.84 | Mem:0.00M, Peak:0.00M | Scene, ViewLayer | Synchronizing object | Toilet window external bar.009
Fra:1 Mem:454.40M (Peak 454.40M) | Time:00:00.84 | Mem:0.00M, Peak:0.00M | Scene, ViewLayer | Synchronizing object | Toilet window external bar.010
Fra:1 Mem:454.41M (Peak 454.41M) | Time:00:00.84 | Mem:0.00M, Peak:0.00M | Scene, ViewLayer | Synchronizing object | Toilet window external bar.011
Fra:1 Mem:454.41M (Peak 454.41M) | Time:00:00.84 | Mem:0.00M, Peak:0.00M | Scene, ViewLayer | Synchronizing object | Toilet window black gasket.003
Fra:1 Mem:454.43M (Peak 454.43M) | Time:00:00.84 | Mem:0.00M, Peak:0.00M | Scene, ViewLayer | Synchronizing object | Obscure toilet glass.003
Fra:1 Mem:454.45M (Peak 454.45M) | Time:00:00.84 | Mem:0.00M, Peak:0.00M | Scene, ViewLayer | Synchronizing object | Toilet window external bar.012
Fra:1 Mem:454.45M (Peak 454.45M) | Time:00:00.84 | Mem:0.00M, Peak:0.00M | Scene, ViewLayer | Synchronizing object | Toilet window external bar.013
Fra:1 Mem:454.46M (Peak 454.46M) | Time:00:00.84 | Mem:0.00M, Peak:0.00M | Scene, ViewLayer | Synchronizing object | Toilet window external bar.014
Fra:1 Mem:454.46M (Peak 454.46M) | Time:00:00.84 | Mem:0.00M, Peak:0.00M | Scene, ViewLayer | Synchronizing object | Toilet window external bar.015
Fra:1 Mem:454.46M (Peak 454.46M) | Time:00:00.84 | Mem:0.00M, Peak:0.00M | Scene, ViewLayer | Synchronizing object | English class legend.001
Fra:1 Mem:454.67M (Peak 454.67M) | Time:00:00.84 | Mem:0.00M, Peak:0.00M | Scene, ViewLayer | Synchronizing object | Hindi class painted marking.001
Fra:1 Mem:454.67M (Peak 454.67M) | Time:00:00.84 | Mem:0.00M, Peak:0.00M | Scene, ViewLayer | Synchronizing object | Coach number illustrative.001
Fra:1 Mem:454.83M (Peak 454.83M) | Time:00:00.84 | Mem:0.00M, Peak:0.00M | Scene, ViewLayer | Synchronizing object | Zone initials.001
Fra:1 Mem:454.86M (Peak 454.86M) | Time:00:00.84 | Mem:0.00M, Peak:0.00M | Scene, ViewLayer | Synchronizing object | Yellow destination board.001
Fra:1 Mem:454.87M (Peak 454.87M) | Time:00:00.84 | Mem:0.00M, Peak:0.00M | Scene, ViewLayer | Synchronizing object | Route destination legend.001
Fra:1 Mem:454.98M (Peak 454.98M) | Time:00:00.84 | Mem:0.00M, Peak:0.00M | Scene, ViewLayer | Synchronizing object | Destination board mounting bracket.002
Fra:1 Mem:454.99M (Peak 454.99M) | Time:00:00.84 | Mem:0.00M, Peak:0.00M | Scene, ViewLayer | Synchronizing object | Destination board mounting bracket.003
Fra:1 Mem:455.00M (Peak 455.00M) | Time:00:00.84 | Mem:0.00M, Peak:0.00M | Scene, ViewLayer | Synchronizing object | Destination board fixing screw.004
Fra:1 Mem:455.00M (Peak 455.00M) | Time:00:00.84 | Mem:0.00M, Peak:0.00M | Scene, ViewLayer | Synchronizing object | Destination board fixing screw.005
Fra:1 Mem:455.00M (Peak 455.00M) | Time:00:00.84 | Mem:0.00M, Peak:0.00M | Scene, ViewLayer | Synchronizing object | Destination board fixing screw.006
Fra:1 Mem:455.00M (Peak 455.00M) | Time:00:00.84 | Mem:0.00M, Peak:0.00M | Scene, ViewLayer | Synchronizing object | Destination board fixing screw.007
Fra:1 Mem:455.01M (Peak 455.01M) | Time:00:00.84 | Mem:0.00M, Peak:0.00M | Scene, ViewLayer | Synchronizing object | Coach position plate.001
Fra:1 Mem:455.02M (Peak 455.02M) | Time:00:00.84 | Mem:0.00M, Peak:0.00M | Scene, ViewLayer | Synchronizing object | Coach position character.001
Fra:1 Mem:455.02M (Peak 455.02M) | Time:00:00.84 | Mem:0.00M, Peak:0.00M | Scene, ViewLayer | Synchronizing object | Technical maintenance stencil.002
Fra:1 Mem:455.19M (Peak 455.19M) | Time:00:00.84 | Mem:0.00M, Peak:0.00M | Scene, ViewLayer | Synchronizing object | Technical maintenance stencil.003
Fra:1 Mem:455.35M (Peak 455.35M) | Time:00:00.84 | Mem:0.00M, Peak:0.00M | Scene, ViewLayer | Synchronizing object | Pneumatic release stencil.001
Fra:1 Mem:455.43M (Peak 455.43M) | Time:00:00.84 | Mem:0.00M, Peak:0.00M | Scene, ViewLayer | Synchronizing object | Rounded end corner pressed skin.006
Fra:1 Mem:455.43M (Peak 455.43M) | Time:00:00.84 | Mem:0.00M, Peak:0.00M | Scene, ViewLayer | Synchronizing object | Rounded end corner pressed skin.007
Fra:1 Mem:455.43M (Peak 455.43M) | Time:00:00.84 | Mem:0.00M, Peak:0.00M | Scene, ViewLayer | Synchronizing object | Rounded end corner pressed skin.008
Fra:1 Mem:455.43M (Peak 455.43M) | Time:00:00.84 | Mem:0.00M, Peak:0.00M | Scene, ViewLayer | Synchronizing object | Rounded end corner pressed skin.009
Fra:1 Mem:455.44M (Peak 455.44M) | Time:00:00.84 | Mem:0.00M, Peak:0.00M | Scene, ViewLayer | Synchronizing object | Rounded end corner pressed skin.010
Fra:1 Mem:455.44M (Peak 455.44M) | Time:00:00.84 | Mem:0.00M, Peak:0.00M | Scene, ViewLayer | Synchronizing object | Rounded end corner pressed skin.011
Fra:1 Mem:455.44M (Peak 455.44M) | Time:00:00.84 | Mem:0.00M, Peak:0.00M | Scene, ViewLayer | Synchronizing object | Curved steel roof continuous skin
Fra:1 Mem:455.61M (Peak 455.61M) | Time:00:00.84 | Mem:0.00M, Peak:0.00M | Scene, ViewLayer | Synchronizing object | Arched interior ceiling laminate
Fra:1 Mem:455.63M (Peak 455.63M) | Time:00:00.84 | Mem:0.00M, Peak:0.00M | Scene, ViewLayer | Synchronizing object | Roof sheet flush weld
Fra:1 Mem:455.66M (Peak 455.66M) | Time:00:00.84 | Mem:0.00M, Peak:0.00M | Scene, ViewLayer | Synchronizing object | Roof sheet flush weld.001
Fra:1 Mem:455.69M (Peak 455.69M) | Time:00:00.84 | Mem:0.00M, Peak:0.00M | Scene, ViewLayer | Synchronizing object | Roof sheet flush weld.002
Fra:1 Mem:455.72M (Peak 455.72M) | Time:00:00.84 | Mem:0.00M, Peak:0.00M | Scene, ViewLayer | Synchronizing object | Roof sheet flush weld.003
Fra:1 Mem:455.75M (Peak 455.75M) | Time:00:00.84 | Mem:0.00M, Peak:0.00M | Scene, ViewLayer | Synchronizing object | Roof sheet flush weld.004
Fra:1 Mem:455.78M (Peak 455.78M) | Time:00:00.84 | Mem:0.00M, Peak:0.00M | Scene, ViewLayer | Synchronizing object | Roof sheet flush weld.005
Fra:1 Mem:455.81M (Peak 455.81M) | Time:00:00.84 | Mem:0.00M, Peak:0.00M | Scene, ViewLayer | Synchronizing object | Roof sheet flush weld.006
Fra:1 Mem:455.84M (Peak 455.84M) | Time:00:00.84 | Mem:0.00M, Peak:0.00M | Scene, ViewLayer | Synchronizing object | Roof sheet flush weld.007
Fra:1 Mem:455.88M (Peak 455.88M) | Time:00:00.84 | Mem:0.00M, Peak:0.00M | Scene, ViewLayer | Synchronizing object | Roof sheet flush weld.008
Fra:1 Mem:455.91M (Peak 455.91M) | Time:00:00.84 | Mem:0.00M, Peak:0.00M | Scene, ViewLayer | Synchronizing object | Conventional underslung AC internal trunk
Fra:1 Mem:455.92M (Peak 455.92M) | Time:00:00.84 | Mem:0.00M, Peak:0.00M | Scene, ViewLayer | Synchronizing object | AC louvre diffuser backing
Fra:1 Mem:455.93M (Peak 455.93M) | Time:00:00.84 | Mem:0.00M, Peak:0.00M | Scene, ViewLayer | Synchronizing object | AC diffuser directional vane
Fra:1 Mem:455.93M (Peak 455.93M) | Time:00:00.84 | Mem:0.00M, Peak:0.00M | Scene, ViewLayer | Synchronizing object | AC diffuser directional vane.001
Fra:1 Mem:455.94M (Peak 455.94M) | Time:00:00.84 | Mem:0.00M, Peak:0.00M | Scene, ViewLayer | Synchronizing object | AC diffuser directional vane.002
Fra:1 Mem:455.95M (Peak 455.95M) | Time:00:00.84 | Mem:0.00M, Peak:0.00M | Scene, ViewLayer | Synchronizing object | AC diffuser directional vane.003
Fra:1 Mem:455.96M (Peak 455.96M) | Time:00:00.84 | Mem:0.00M, Peak:0.00M | Scene, ViewLayer | Synchronizing object | AC diffuser directional vane.004
Fra:1 Mem:455.97M (Peak 455.97M) | Time:00:00.84 | Mem:0.00M, Peak:0.00M | Scene, ViewLayer | Synchronizing object | AC diffuser directional vane.005
Fra:1 Mem:455.98M (Peak 455.98M) | Time:00:00.84 | Mem:0.00M, Peak:0.00M | Scene, ViewLayer | Synchronizing object | AC diffuser directional vane.006
Fra:1 Mem:455.99M (Peak 455.99M) | Time:00:00.84 | Mem:0.00M, Peak:0.00M | Scene, ViewLayer | Synchronizing object | AC diffuser directional vane.007
Fra:1 Mem:456.00M (Peak 456.00M) | Time:00:00.84 | Mem:0.00M, Peak:0.00M | Scene, ViewLayer | Synchronizing object | AC louvre diffuser backing.001
Fra:1 Mem:456.01M (Peak 456.01M) | Time:00:00.84 | Mem:0.00M, Peak:0.00M | Scene, ViewLayer | Synchronizing object | AC diffuser directional vane.008
Fra:1 Mem:456.02M (Peak 456.02M) | Time:00:00.84 | Mem:0.00M, Peak:0.00M | Scene, ViewLayer | Synchronizing object | AC diffuser directional vane.009
Fra:1 Mem:456.03M (Peak 456.03M) | Time:00:00.84 | Mem:0.00M, Peak:0.00M | Scene, ViewLayer | Synchronizing object | AC diffuser directional vane.010
Fra:1 Mem:456.04M (Peak 456.04M) | Time:00:00.84 | Mem:0.00M, Peak:0.00M | Scene, ViewLayer | Synchronizing object | AC diffuser directional vane.011
Fra:1 Mem:456.05M (Peak 456.05M) | Time:00:00.84 | Mem:0.00M, Peak:0.00M | Scene, ViewLayer | Synchronizing object | AC diffuser directional vane.012
Fra:1 Mem:456.06M (Peak 456.06M) | Time:00:00.84 | Mem:0.00M, Peak:0.00M | Scene, ViewLayer | Synchronizing object | AC diffuser directional vane.013
Fra:1 Mem:456.06M (Peak 456.06M) | Time:00:00.84 | Mem:0.00M, Peak:0.00M | Scene, ViewLayer | Synchronizing object | AC diffuser directional vane.014
Fra:1 Mem:456.07M (Peak 456.07M) | Time:00:00.84 | Mem:0.00M, Peak:0.00M | Scene, ViewLayer | Synchronizing object | AC diffuser directional vane.015
Fra:1 Mem:456.08M (Peak 456.08M) | Time:00:00.84 | Mem:0.00M, Peak:0.00M | Scene, ViewLayer | Synchronizing object | AC louvre diffuser backing.002
Fra:1 Mem:456.10M (Peak 456.10M) | Time:00:00.84 | Mem:0.00M, Peak:0.00M | Scene, ViewLayer | Synchronizing object | AC diffuser directional vane.016
Fra:1 Mem:456.11M (Peak 456.11M) | Time:00:00.84 | Mem:0.00M, Peak:0.00M | Scene, ViewLayer | Synchronizing object | AC diffuser directional vane.017
Fra:1 Mem:456.12M (Peak 456.12M) | Time:00:00.84 | Mem:0.00M, Peak:0.00M | Scene, ViewLayer | Synchronizing object | AC diffuser directional vane.018
Fra:1 Mem:456.13M (Peak 456.13M) | Time:00:00.84 | Mem:0.00M, Peak:0.00M | Scene, ViewLayer | Synchronizing object | AC diffuser directional vane.019
Fra:1 Mem:456.14M (Peak 456.14M) | Time:00:00.84 | Mem:0.00M, Peak:0.00M | Scene, ViewLayer | Synchronizing object | AC diffuser directional vane.020
Fra:1 Mem:456.14M (Peak 456.14M) | Time:00:00.84 | Mem:0.00M, Peak:0.00M | Scene, ViewLayer | Synchronizing object | AC diffuser directional vane.021
Fra:1 Mem:456.15M (Peak 456.15M) | Time:00:00.84 | Mem:0.00M, Peak:0.00M | Scene, ViewLayer | Synchronizing object | AC diffuser directional vane.022
Fra:1 Mem:456.16M (Peak 456.16M) | Time:00:00.84 | Mem:0.00M, Peak:0.00M | Scene, ViewLayer | Synchronizing object | AC diffuser directional vane.023
Fra:1 Mem:456.17M (Peak 456.17M) | Time:00:00.84 | Mem:0.00M, Peak:0.00M | Scene, ViewLayer | Synchronizing object | AC louvre diffuser backing.003
Fra:1 Mem:456.18M (Peak 456.18M) | Time:00:00.84 | Mem:0.00M, Peak:0.00M | Scene, ViewLayer | Synchronizing object | AC diffuser directional vane.024
Fra:1 Mem:456.19M (Peak 456.19M) | Time:00:00.84 | Mem:0.00M, Peak:0.00M | Scene, ViewLayer | Synchronizing object | AC diffuser directional vane.025
Fra:1 Mem:456.20M (Peak 456.20M) | Time:00:00.84 | Mem:0.00M, Peak:0.00M | Scene, ViewLayer | Synchronizing object | AC diffuser directional vane.026
Fra:1 Mem:456.21M (Peak 456.21M) | Time:00:00.84 | Mem:0.00M, Peak:0.00M | Scene, ViewLayer | Synchronizing object | AC diffuser directional vane.027
Fra:1 Mem:456.22M (Peak 456.22M) | Time:00:00.84 | Mem:0.00M, Peak:0.00M | Scene, ViewLayer | Synchronizing object | AC diffuser directional vane.028
Fra:1 Mem:456.23M (Peak 456.23M) | Time:00:00.84 | Mem:0.00M, Peak:0.00M | Scene, ViewLayer | Synchronizing object | AC diffuser directional vane.029
Fra:1 Mem:456.24M (Peak 456.24M) | Time:00:00.84 | Mem:0.00M, Peak:0.00M | Scene, ViewLayer | Synchronizing object | AC diffuser directional vane.030
Fra:1 Mem:456.25M (Peak 456.25M) | Time:00:00.84 | Mem:0.00M, Peak:0.00M | Scene, ViewLayer | Synchronizing object | AC diffuser directional vane.031
Fra:1 Mem:456.26M (Peak 456.26M) | Time:00:00.84 | Mem:0.00M, Peak:0.00M | Scene, ViewLayer | Synchronizing object | AC louvre diffuser backing.004
Fra:1 Mem:456.27M (Peak 456.27M) | Time:00:00.84 | Mem:0.00M, Peak:0.00M | Scene, ViewLayer | Synchronizing object | AC diffuser directional vane.032
Fra:1 Mem:456.28M (Peak 456.28M) | Time:00:00.84 | Mem:0.00M, Peak:0.00M | Scene, ViewLayer | Synchronizing object | AC diffuser directional vane.033
Fra:1 Mem:456.29M (Peak 456.29M) | Time:00:00.84 | Mem:0.00M, Peak:0.00M | Scene, ViewLayer | Synchronizing object | AC diffuser directional vane.034
Fra:1 Mem:456.29M (Peak 456.29M) | Time:00:00.84 | Mem:0.00M, Peak:0.00M | Scene, ViewLayer | Synchronizing object | AC diffuser directional vane.035
Fra:1 Mem:456.30M (Peak 456.30M) | Time:00:00.84 | Mem:0.00M, Peak:0.00M | Scene, ViewLayer | Synchronizing object | AC diffuser directional vane.036
Fra:1 Mem:456.31M (Peak 456.31M) | Time:00:00.84 | Mem:0.00M, Peak:0.00M | Scene, ViewLayer | Synchronizing object | AC diffuser directional vane.037
Fra:1 Mem:456.32M (Peak 456.32M) | Time:00:00.84 | Mem:0.00M, Peak:0.00M | Scene, ViewLayer | Synchronizing object | AC diffuser directional vane.038
Fra:1 Mem:456.33M (Peak 456.33M) | Time:00:00.84 | Mem:0.00M, Peak:0.00M | Scene, ViewLayer | Synchronizing object | AC diffuser directional vane.039
Fra:1 Mem:456.34M (Peak 456.34M) | Time:00:00.84 | Mem:0.00M, Peak:0.00M | Scene, ViewLayer | Synchronizing object | AC louvre diffuser backing.005
Fra:1 Mem:456.35M (Peak 456.35M) | Time:00:00.84 | Mem:0.00M, Peak:0.00M | Scene, ViewLayer | Synchronizing object | AC diffuser directional vane.040
Fra:1 Mem:456.36M (Peak 456.36M) | Time:00:00.84 | Mem:0.00M, Peak:0.00M | Scene, ViewLayer | Synchronizing object | AC diffuser directional vane.041
Fra:1 Mem:456.37M (Peak 456.37M) | Time:00:00.84 | Mem:0.00M, Peak:0.00M | Scene, ViewLayer | Synchronizing object | AC diffuser directional vane.042
Fra:1 Mem:456.38M (Peak 456.38M) | Time:00:00.84 | Mem:0.00M, Peak:0.00M | Scene, ViewLayer | Synchronizing object | AC diffuser directional vane.043
Fra:1 Mem:456.38M (Peak 456.38M) | Time:00:00.84 | Mem:0.00M, Peak:0.00M | Scene, ViewLayer | Synchronizing object | AC diffuser directional vane.044
Fra:1 Mem:456.39M (Peak 456.39M) | Time:00:00.84 | Mem:0.00M, Peak:0.00M | Scene, ViewLayer | Synchronizing object | AC diffuser directional vane.045
Fra:1 Mem:456.40M (Peak 456.40M) | Time:00:00.84 | Mem:0.00M, Peak:0.00M | Scene, ViewLayer | Synchronizing object | AC diffuser directional vane.046
Fra:1 Mem:456.41M (Peak 456.41M) | Time:00:00.84 | Mem:0.00M, Peak:0.00M | Scene, ViewLayer | Synchronizing object | AC diffuser directional vane.047
Fra:1 Mem:456.42M (Peak 456.42M) | Time:00:00.84 | Mem:0.00M, Peak:0.00M | Scene, ViewLayer | Synchronizing object | AC louvre diffuser backing.006
Fra:1 Mem:456.43M (Peak 456.43M) | Time:00:00.84 | Mem:0.00M, Peak:0.00M | Scene, ViewLayer | Synchronizing object | AC diffuser directional vane.048
Fra:1 Mem:456.44M (Peak 456.44M) | Time:00:00.84 | Mem:0.00M, Peak:0.00M | Scene, ViewLayer | Synchronizing object | AC diffuser directional vane.049
Fra:1 Mem:456.45M (Peak 456.45M) | Time:00:00.84 | Mem:0.00M, Peak:0.00M | Scene, ViewLayer | Synchronizing object | AC diffuser directional vane.050
Fra:1 Mem:456.46M (Peak 456.46M) | Time:00:00.84 | Mem:0.00M, Peak:0.00M | Scene, ViewLayer | Synchronizing object | AC diffuser directional vane.051
Fra:1 Mem:456.47M (Peak 456.47M) | Time:00:00.84 | Mem:0.00M, Peak:0.00M | Scene, ViewLayer | Synchronizing object | AC diffuser directional vane.052
Fra:1 Mem:456.48M (Peak 456.48M) | Time:00:00.84 | Mem:0.00M, Peak:0.00M | Scene, ViewLayer | Synchronizing object | AC diffuser directional vane.053
Fra:1 Mem:456.49M (Peak 456.49M) | Time:00:00.84 | Mem:0.00M, Peak:0.00M | Scene, ViewLayer | Synchronizing object | AC diffuser directional vane.054
Fra:1 Mem:456.49M (Peak 456.49M) | Time:00:00.84 | Mem:0.00M, Peak:0.00M | Scene, ViewLayer | Synchronizing object | AC diffuser directional vane.055
Fra:1 Mem:456.51M (Peak 456.51M) | Time:00:00.84 | Mem:0.00M, Peak:0.00M | Scene, ViewLayer | Synchronizing object | AC louvre diffuser backing.007
Fra:1 Mem:456.52M (Peak 456.52M) | Time:00:00.84 | Mem:0.00M, Peak:0.00M | Scene, ViewLayer | Synchronizing object | AC diffuser directional vane.056
Fra:1 Mem:456.53M (Peak 456.53M) | Time:00:00.84 | Mem:0.00M, Peak:0.00M | Scene, ViewLayer | Synchronizing object | AC diffuser directional vane.057
Fra:1 Mem:456.53M (Peak 456.53M) | Time:00:00.84 | Mem:0.00M, Peak:0.00M | Scene, ViewLayer | Synchronizing object | AC diffuser directional vane.058
Fra:1 Mem:456.54M (Peak 456.54M) | Time:00:00.84 | Mem:0.00M, Peak:0.00M | Scene, ViewLayer | Synchronizing object | AC diffuser directional vane.059
Fra:1 Mem:456.55M (Peak 456.55M) | Time:00:00.84 | Mem:0.00M, Peak:0.00M | Scene, ViewLayer | Synchronizing object | AC diffuser directional vane.060
Fra:1 Mem:456.56M (Peak 456.56M) | Time:00:00.84 | Mem:0.00M, Peak:0.00M | Scene, ViewLayer | Synchronizing object | AC diffuser directional vane.061
Fra:1 Mem:456.57M (Peak 456.57M) | Time:00:00.84 | Mem:0.00M, Peak:0.00M | Scene, ViewLayer | Synchronizing object | AC diffuser directional vane.062
Fra:1 Mem:456.58M (Peak 456.58M) | Time:00:00.84 | Mem:0.00M, Peak:0.00M | Scene, ViewLayer | Synchronizing object | AC diffuser directional vane.063
Fra:1 Mem:456.59M (Peak 456.59M) | Time:00:00.84 | Mem:0.00M, Peak:0.00M | Scene, ViewLayer | Synchronizing object | AC louvre diffuser backing.008
Fra:1 Mem:456.60M (Peak 456.60M) | Time:00:00.84 | Mem:0.00M, Peak:0.00M | Scene, ViewLayer | Synchronizing object | AC diffuser directional vane.064
Fra:1 Mem:456.61M (Peak 456.61M) | Time:00:00.84 | Mem:0.00M, Peak:0.00M | Scene, ViewLayer | Synchronizing object | AC diffuser directional vane.065
Fra:1 Mem:456.62M (Peak 456.62M) | Time:00:00.84 | Mem:0.00M, Peak:0.00M | Scene, ViewLayer | Synchronizing object | AC diffuser directional vane.066
Fra:1 Mem:456.62M (Peak 456.62M) | Time:00:00.84 | Mem:0.00M, Peak:0.00M | Scene, ViewLayer | Synchronizing object | AC diffuser directional vane.067
Fra:1 Mem:456.63M (Peak 456.63M) | Time:00:00.84 | Mem:0.00M, Peak:0.00M | Scene, ViewLayer | Synchronizing object | AC diffuser directional vane.068
Fra:1 Mem:456.64M (Peak 456.64M) | Time:00:00.84 | Mem:0.00M, Peak:0.00M | Scene, ViewLayer | Synchronizing object | AC diffuser directional vane.069
Fra:1 Mem:456.65M (Peak 456.65M) | Time:00:00.84 | Mem:0.00M, Peak:0.00M | Scene, ViewLayer | Synchronizing object | STUDIO fastening clip.195
Fra:1 Mem:456.65M (Peak 456.65M) | Time:00:00.84 | Mem:0.00M, Peak:0.00M | Scene, ViewLayer | Synchronizing object | AC diffuser directional vane.070
Fra:1 Mem:456.66M (Peak 456.66M) | Time:00:00.84 | Mem:0.00M, Peak:0.00M | Scene, ViewLayer | Synchronizing object | STUDIO fastening clip.194
Fra:1 Mem:456.66M (Peak 456.66M) | Time:00:00.84 | Mem:0.00M, Peak:0.00M | Scene, ViewLayer | Synchronizing object | AC diffuser directional vane.071
Fra:1 Mem:456.67M (Peak 456.67M) | Time:00:00.84 | Mem:0.00M, Peak:0.00M | Scene, ViewLayer | Synchronizing object | STUDIO rail pad.097
Fra:1 Mem:456.67M (Peak 456.67M) | Time:00:00.84 | Mem:0.00M, Peak:0.00M | Scene, ViewLayer | Synchronizing object | AC louvre diffuser backing.009
Fra:1 Mem:456.67M (Peak 456.67M) | Time:00:00.84 | Mem:0.00M, Peak:0.00M | Scene, ViewLayer | Synchronizing object | STUDIO fastening clip.193
Fra:1 Mem:456.68M (Peak 456.68M) | Time:00:00.84 | Mem:0.00M, Peak:0.00M | Scene, ViewLayer | Synchronizing object | STUDIO fastening clip.192
Fra:1 Mem:456.68M (Peak 456.68M) | Time:00:00.84 | Mem:0.00M, Peak:0.00M | Scene, ViewLayer | Synchronizing object | AC diffuser directional vane.072
Fra:1 Mem:456.68M (Peak 456.68M) | Time:00:00.84 | Mem:0.00M, Peak:0.00M | Scene, ViewLayer | Synchronizing object | STUDIO rail pad.096
Fra:1 Mem:456.69M (Peak 456.69M) | Time:00:00.84 | Mem:0.00M, Peak:0.00M | Scene, ViewLayer | Synchronizing object | STUDIO sleeper.048
Fra:1 Mem:456.69M (Peak 456.69M) | Time:00:00.84 | Mem:0.00M, Peak:0.00M | Scene, ViewLayer | Synchronizing object | AC diffuser directional vane.073
Fra:1 Mem:456.69M (Peak 456.69M) | Time:00:00.84 | Mem:0.00M, Peak:0.00M | Scene, ViewLayer | Synchronizing object | STUDIO fastening clip.191
Fra:1 Mem:456.70M (Peak 456.70M) | Time:00:00.84 | Mem:0.00M, Peak:0.00M | Scene, ViewLayer | Synchronizing object | AC diffuser directional vane.074
Fra:1 Mem:456.71M (Peak 456.71M) | Time:00:00.84 | Mem:0.00M, Peak:0.00M | Scene, ViewLayer | Synchronizing object | STUDIO fastening clip.190
Fra:1 Mem:456.71M (Peak 456.71M) | Time:00:00.84 | Mem:0.00M, Peak:0.00M | Scene, ViewLayer | Synchronizing object | AC diffuser directional vane.075
Fra:1 Mem:456.71M (Peak 456.71M) | Time:00:00.84 | Mem:0.00M, Peak:0.00M | Scene, ViewLayer | Synchronizing object | STUDIO rail pad.095
Fra:1 Mem:456.72M (Peak 456.72M) | Time:00:00.84 | Mem:0.00M, Peak:0.00M | Scene, ViewLayer | Synchronizing object | STUDIO fastening clip.189
Fra:1 Mem:456.72M (Peak 456.72M) | Time:00:00.84 | Mem:0.00M, Peak:0.00M | Scene, ViewLayer | Synchronizing object | AC diffuser directional vane.076
Fra:1 Mem:456.72M (Peak 456.72M) | Time:00:00.84 | Mem:0.00M, Peak:0.00M | Scene, ViewLayer | Synchronizing object | STUDIO fastening clip.188
Fra:1 Mem:456.73M (Peak 456.73M) | Time:00:00.84 | Mem:0.00M, Peak:0.00M | Scene, ViewLayer | Synchronizing object | STUDIO rail pad.094
Fra:1 Mem:456.73M (Peak 456.73M) | Time:00:00.84 | Mem:0.00M, Peak:0.00M | Scene, ViewLayer | Synchronizing object | AC diffuser directional vane.077
Fra:1 Mem:456.74M (Peak 456.74M) | Time:00:00.84 | Mem:0.00M, Peak:0.00M | Scene, ViewLayer | Synchronizing object | STUDIO sleeper.047
Fra:1 Mem:456.74M (Peak 456.74M) | Time:00:00.84 | Mem:0.00M, Peak:0.00M | Scene, ViewLayer | Synchronizing object | STUDIO fastening clip.187
Fra:1 Mem:456.74M (Peak 456.74M) | Time:00:00.84 | Mem:0.00M, Peak:0.00M | Scene, ViewLayer | Synchronizing object | AC diffuser directional vane.078
Fra:1 Mem:456.74M (Peak 456.74M) | Time:00:00.84 | Mem:0.00M, Peak:0.00M | Scene, ViewLayer | Synchronizing object | STUDIO fastening clip.186
Fra:1 Mem:456.75M (Peak 456.75M) | Time:00:00.84 | Mem:0.00M, Peak:0.00M | Scene, ViewLayer | Synchronizing object | STUDIO rail pad.093
Fra:1 Mem:456.75M (Peak 456.75M) | Time:00:00.84 | Mem:0.00M, Peak:0.00M | Scene, ViewLayer | Synchronizing object | STUDIO fastening clip.185
Fra:1 Mem:456.75M (Peak 456.75M) | Time:00:00.84 | Mem:0.00M, Peak:0.00M | Scene, ViewLayer | Synchronizing object | AC diffuser directional vane.079
Fra:1 Mem:456.75M (Peak 456.75M) | Time:00:00.84 | Mem:0.00M, Peak:0.00M | Scene, ViewLayer | Synchronizing object | STUDIO fastening clip.184
Fra:1 Mem:456.76M (Peak 456.76M) | Time:00:00.84 | Mem:0.00M, Peak:0.00M | Scene, ViewLayer | Synchronizing object | STUDIO rail pad.092
Fra:1 Mem:456.76M (Peak 456.76M) | Time:00:00.84 | Mem:0.00M, Peak:0.00M | Scene, ViewLayer | Synchronizing object | AC louvre diffuser backing.010
Fra:1 Mem:456.77M (Peak 456.77M) | Time:00:00.84 | Mem:0.00M, Peak:0.00M | Scene, ViewLayer | Synchronizing object | STUDIO sleeper.046
Fra:1 Mem:456.77M (Peak 456.77M) | Time:00:00.84 | Mem:0.00M, Peak:0.00M | Scene, ViewLayer | Synchronizing object | STUDIO fastening clip.183
Fra:1 Mem:456.77M (Peak 456.77M) | Time:00:00.84 | Mem:0.00M, Peak:0.00M | Scene, ViewLayer | Synchronizing object | AC diffuser directional vane.080
Fra:1 Mem:456.78M (Peak 456.78M) | Time:00:00.84 | Mem:0.00M, Peak:0.00M | Scene, ViewLayer | Synchronizing object | STUDIO fastening clip.182
Fra:1 Mem:456.78M (Peak 456.78M) | Time:00:00.84 | Mem:0.00M, Peak:0.00M | Scene, ViewLayer | Synchronizing object | STUDIO rail pad.091
Fra:1 Mem:456.78M (Peak 456.78M) | Time:00:00.84 | Mem:0.00M, Peak:0.00M | Scene, ViewLayer | Synchronizing object | AC diffuser directional vane.081
Fra:1 Mem:456.79M (Peak 456.79M) | Time:00:00.84 | Mem:0.00M, Peak:0.00M | Scene, ViewLayer | Synchronizing object | STUDIO fastening clip.181
Fra:1 Mem:456.79M (Peak 456.79M) | Time:00:00.84 | Mem:0.00M, Peak:0.00M | Scene, ViewLayer | Synchronizing object | STUDIO fastening clip.180
Fra:1 Mem:456.79M (Peak 456.79M) | Time:00:00.84 | Mem:0.00M, Peak:0.00M | Scene, ViewLayer | Synchronizing object | AC diffuser directional vane.082
Fra:1 Mem:456.80M (Peak 456.80M) | Time:00:00.84 | Mem:0.00M, Peak:0.00M | Scene, ViewLayer | Synchronizing object | STUDIO rail pad.090
Fra:1 Mem:456.80M (Peak 456.80M) | Time:00:00.84 | Mem:0.00M, Peak:0.00M | Scene, ViewLayer | Synchronizing object | STUDIO sleeper.045
Fra:1 Mem:456.80M (Peak 456.80M) | Time:00:00.84 | Mem:0.00M, Peak:0.00M | Scene, ViewLayer | Synchronizing object | AC diffuser directional vane.083
Fra:1 Mem:456.81M (Peak 456.81M) | Time:00:00.84 | Mem:0.00M, Peak:0.00M | Scene, ViewLayer | Synchronizing object | STUDIO fastening clip.179
Fra:1 Mem:456.81M (Peak 456.81M) | Time:00:00.84 | Mem:0.00M, Peak:0.00M | Scene, ViewLayer | Synchronizing object | STUDIO fastening clip.178
Fra:1 Mem:456.82M (Peak 456.82M) | Time:00:00.84 | Mem:0.00M, Peak:0.00M | Scene, ViewLayer | Synchronizing object | STUDIO rail pad.089
Fra:1 Mem:456.82M (Peak 456.82M) | Time:00:00.84 | Mem:0.00M, Peak:0.00M | Scene, ViewLayer | Synchronizing object | AC diffuser directional vane.084
Fra:1 Mem:456.82M (Peak 456.82M) | Time:00:00.84 | Mem:0.00M, Peak:0.00M | Scene, ViewLayer | Synchronizing object | STUDIO fastening clip.177
Fra:1 Mem:456.83M (Peak 456.83M) | Time:00:00.84 | Mem:0.00M, Peak:0.00M | Scene, ViewLayer | Synchronizing object | STUDIO fastening clip.176
Fra:1 Mem:456.83M (Peak 456.83M) | Time:00:00.84 | Mem:0.00M, Peak:0.00M | Scene, ViewLayer | Synchronizing object | AC diffuser directional vane.085
Fra:1 Mem:456.83M (Peak 456.83M) | Time:00:00.84 | Mem:0.00M, Peak:0.00M | Scene, ViewLayer | Synchronizing object | STUDIO rail pad.088
Fra:1 Mem:456.84M (Peak 456.84M) | Time:00:00.84 | Mem:0.00M, Peak:0.00M | Scene, ViewLayer | Synchronizing object | STUDIO sleeper.044
Fra:1 Mem:456.84M (Peak 456.84M) | Time:00:00.84 | Mem:0.00M, Peak:0.00M | Scene, ViewLayer | Synchronizing object | AC diffuser directional vane.086
Fra:1 Mem:456.84M (Peak 456.84M) | Time:00:00.84 | Mem:0.00M, Peak:0.00M | Scene, ViewLayer | Synchronizing object | STUDIO fastening clip.175
Fra:1 Mem:456.85M (Peak 456.85M) | Time:00:00.84 | Mem:0.00M, Peak:0.00M | Scene, ViewLayer | Synchronizing object | STUDIO fastening clip.174
Fra:1 Mem:456.85M (Peak 456.85M) | Time:00:00.84 | Mem:0.00M, Peak:0.00M | Scene, ViewLayer | Synchronizing object | STUDIO rail pad.087
Fra:1 Mem:456.85M (Peak 456.85M) | Time:00:00.84 | Mem:0.00M, Peak:0.00M | Scene, ViewLayer | Synchronizing object | AC diffuser directional vane.087
Fra:1 Mem:456.85M (Peak 456.85M) | Time:00:00.84 | Mem:0.00M, Peak:0.00M | Scene, ViewLayer | Synchronizing object | STUDIO fastening clip.173
Fra:1 Mem:456.86M (Peak 456.86M) | Time:00:00.84 | Mem:0.00M, Peak:0.00M | Scene, ViewLayer | Synchronizing object | STUDIO fastening clip.172
Fra:1 Mem:456.86M (Peak 456.86M) | Time:00:00.84 | Mem:0.00M, Peak:0.00M | Scene, ViewLayer | Synchronizing object | AC louvre diffuser backing.011
Fra:1 Mem:456.86M (Peak 456.86M) | Time:00:00.84 | Mem:0.00M, Peak:0.00M | Scene, ViewLayer | Synchronizing object | STUDIO rail pad.086
Fra:1 Mem:456.87M (Peak 456.87M) | Time:00:00.84 | Mem:0.00M, Peak:0.00M | Scene, ViewLayer | Synchronizing object | STUDIO sleeper.043
Fra:1 Mem:456.87M (Peak 456.87M) | Time:00:00.84 | Mem:0.00M, Peak:0.00M | Scene, ViewLayer | Synchronizing object | AC diffuser directional vane.088
Fra:1 Mem:456.87M (Peak 456.87M) | Time:00:00.84 | Mem:0.00M, Peak:0.00M | Scene, ViewLayer | Synchronizing object | STUDIO fastening clip.171
Fra:1 Mem:456.88M (Peak 456.88M) | Time:00:00.84 | Mem:0.00M, Peak:0.00M | Scene, ViewLayer | Synchronizing object | STUDIO fastening clip.170
Fra:1 Mem:456.88M (Peak 456.88M) | Time:00:00.84 | Mem:0.00M, Peak:0.00M | Scene, ViewLayer | Synchronizing object | AC diffuser directional vane.089
Fra:1 Mem:456.88M (Peak 456.88M) | Time:00:00.84 | Mem:0.00M, Peak:0.00M | Scene, ViewLayer | Synchronizing object | STUDIO rail pad.085
Fra:1 Mem:456.89M (Peak 456.89M) | Time:00:00.84 | Mem:0.00M, Peak:0.00M | Scene, ViewLayer | Synchronizing object | STUDIO fastening clip.169
Fra:1 Mem:456.89M (Peak 456.89M) | Time:00:00.84 | Mem:0.00M, Peak:0.00M | Scene, ViewLayer | Synchronizing object | AC diffuser directional vane.090
Fra:1 Mem:456.89M (Peak 456.89M) | Time:00:00.84 | Mem:0.00M, Peak:0.00M | Scene, ViewLayer | Synchronizing object | STUDIO fastening clip.168
Fra:1 Mem:456.89M (Peak 456.89M) | Time:00:00.84 | Mem:0.00M, Peak:0.00M | Scene, ViewLayer | Synchronizing object | STUDIO rail pad.084
Fra:1 Mem:456.89M (Peak 456.89M) | Time:00:00.84 | Mem:0.00M, Peak:0.00M | Scene, ViewLayer | Synchronizing object | STUDIO sleeper.042
Fra:1 Mem:456.90M (Peak 456.90M) | Time:00:00.84 | Mem:0.00M, Peak:0.00M | Scene, ViewLayer | Synchronizing object | STUDIO fastening clip.167
Fra:1 Mem:456.90M (Peak 456.90M) | Time:00:00.84 | Mem:0.00M, Peak:0.00M | Scene, ViewLayer | Synchronizing object | STUDIO fastening clip.166
Fra:1 Mem:456.90M (Peak 456.90M) | Time:00:00.84 | Mem:0.00M, Peak:0.00M | Scene, ViewLayer | Synchronizing object | STUDIO rail pad.083
Fra:1 Mem:456.90M (Peak 456.90M) | Time:00:00.84 | Mem:0.00M, Peak:0.00M | Scene, ViewLayer | Synchronizing object | STUDIO fastening clip.165
Fra:1 Mem:456.90M (Peak 456.90M) | Time:00:00.84 | Mem:0.00M, Peak:0.00M | Scene, ViewLayer | Synchronizing object | STUDIO fastening clip.164
Fra:1 Mem:456.91M (Peak 456.91M) | Time:00:00.84 | Mem:0.00M, Peak:0.00M | Scene, ViewLayer | Synchronizing object | STUDIO rail pad.082
Fra:1 Mem:456.91M (Peak 456.91M) | Time:00:00.84 | Mem:0.00M, Peak:0.00M | Scene, ViewLayer | Synchronizing object | AC diffuser directional vane.091
Fra:1 Mem:456.91M (Peak 456.91M) | Time:00:00.84 | Mem:0.00M, Peak:0.00M | Scene, ViewLayer | Synchronizing object | STUDIO sleeper.041
Fra:1 Mem:456.92M (Peak 456.92M) | Time:00:00.84 | Mem:0.00M, Peak:0.00M | Scene, ViewLayer | Synchronizing object | STUDIO fastening clip.163
Fra:1 Mem:456.92M (Peak 456.92M) | Time:00:00.84 | Mem:0.00M, Peak:0.00M | Scene, ViewLayer | Synchronizing object | AC diffuser directional vane.092
Fra:1 Mem:456.92M (Peak 456.92M) | Time:00:00.84 | Mem:0.00M, Peak:0.00M | Scene, ViewLayer | Synchronizing object | STUDIO fastening clip.162
Fra:1 Mem:456.93M (Peak 456.93M) | Time:00:00.84 | Mem:0.00M, Peak:0.00M | Scene, ViewLayer | Synchronizing object | STUDIO rail pad.081
Fra:1 Mem:456.93M (Peak 456.93M) | Time:00:00.84 | Mem:0.00M, Peak:0.00M | Scene, ViewLayer | Synchronizing object | AC diffuser directional vane.093
Fra:1 Mem:456.93M (Peak 456.93M) | Time:00:00.84 | Mem:0.00M, Peak:0.00M | Scene, ViewLayer | Synchronizing object | STUDIO fastening clip.161
Fra:1 Mem:456.94M (Peak 456.94M) | Time:00:00.84 | Mem:0.00M, Peak:0.00M | Scene, ViewLayer | Synchronizing object | STUDIO fastening clip.160
Fra:1 Mem:456.94M (Peak 456.94M) | Time:00:00.84 | Mem:0.00M, Peak:0.00M | Scene, ViewLayer | Synchronizing object | STUDIO rail pad.080
Fra:1 Mem:456.95M (Peak 456.95M) | Time:00:00.84 | Mem:0.00M, Peak:0.00M | Scene, ViewLayer | Synchronizing object | STUDIO sleeper.040
Fra:1 Mem:456.95M (Peak 456.95M) | Time:00:00.84 | Mem:0.00M, Peak:0.00M | Scene, ViewLayer | Synchronizing object | AC diffuser directional vane.095
Fra:1 Mem:456.95M (Peak 456.95M) | Time:00:00.84 | Mem:0.00M, Peak:0.00M | Scene, ViewLayer | Synchronizing object | STUDIO fastening clip.159
Fra:1 Mem:456.96M (Peak 456.96M) | Time:00:00.84 | Mem:0.00M, Peak:0.00M | Scene, ViewLayer | Synchronizing object | STUDIO fastening clip.158
Fra:1 Mem:456.96M (Peak 456.96M) | Time:00:00.84 | Mem:0.00M, Peak:0.00M | Scene, ViewLayer | Synchronizing object | AC louvre diffuser backing.012
Fra:1 Mem:456.97M (Peak 456.97M) | Time:00:00.84 | Mem:0.00M, Peak:0.00M | Scene, ViewLayer | Synchronizing object | STUDIO rail pad.079
Fra:1 Mem:456.97M (Peak 456.97M) | Time:00:00.84 | Mem:0.00M, Peak:0.00M | Scene, ViewLayer | Synchronizing object | STUDIO fastening clip.157
Fra:1 Mem:456.97M (Peak 456.97M) | Time:00:00.84 | Mem:0.00M, Peak:0.00M | Scene, ViewLayer | Synchronizing object | AC diffuser directional vane.096
Fra:1 Mem:456.97M (Peak 456.97M) | Time:00:00.84 | Mem:0.00M, Peak:0.00M | Scene, ViewLayer | Synchronizing object | STUDIO fastening clip.156
Fra:1 Mem:456.98M (Peak 456.98M) | Time:00:00.84 | Mem:0.00M, Peak:0.00M | Scene, ViewLayer | Synchronizing object | STUDIO rail pad.078
Fra:1 Mem:456.98M (Peak 456.98M) | Time:00:00.84 | Mem:0.00M, Peak:0.00M | Scene, ViewLayer | Synchronizing object | AC diffuser directional vane.097
Fra:1 Mem:456.98M (Peak 456.98M) | Time:00:00.84 | Mem:0.00M, Peak:0.00M | Scene, ViewLayer | Synchronizing object | STUDIO sleeper.039
Fra:1 Mem:456.99M (Peak 456.99M) | Time:00:00.84 | Mem:0.00M, Peak:0.00M | Scene, ViewLayer | Synchronizing object | STUDIO fastening clip.155
Fra:1 Mem:456.99M (Peak 456.99M) | Time:00:00.84 | Mem:0.00M, Peak:0.00M | Scene, ViewLayer | Synchronizing object | AC diffuser directional vane.098
Fra:1 Mem:457.00M (Peak 457.00M) | Time:00:00.84 | Mem:0.00M, Peak:0.00M | Scene, ViewLayer | Synchronizing object | STUDIO fastening clip.154
Fra:1 Mem:457.00M (Peak 457.00M) | Time:00:00.84 | Mem:0.00M, Peak:0.00M | Scene, ViewLayer | Synchronizing object | STUDIO rail pad.077
Fra:1 Mem:457.00M (Peak 457.00M) | Time:00:00.84 | Mem:0.00M, Peak:0.00M | Scene, ViewLayer | Synchronizing object | AC diffuser directional vane.099
Fra:1 Mem:457.01M (Peak 457.01M) | Time:00:00.84 | Mem:0.00M, Peak:0.00M | Scene, ViewLayer | Synchronizing object | STUDIO fastening clip.153
Fra:1 Mem:457.01M (Peak 457.01M) | Time:00:00.84 | Mem:0.00M, Peak:0.00M | Scene, ViewLayer | Synchronizing object | AC diffuser directional vane.100
Fra:1 Mem:457.01M (Peak 457.01M) | Time:00:00.84 | Mem:0.00M, Peak:0.00M | Scene, ViewLayer | Synchronizing object | STUDIO fastening clip.152
Fra:1 Mem:457.02M (Peak 457.02M) | Time:00:00.84 | Mem:0.00M, Peak:0.00M | Scene, ViewLayer | Synchronizing object | STUDIO rail pad.076
Fra:1 Mem:457.02M (Peak 457.02M) | Time:00:00.84 | Mem:0.00M, Peak:0.00M | Scene, ViewLayer | Synchronizing object | AC diffuser directional vane.101
Fra:1 Mem:457.02M (Peak 457.02M) | Time:00:00.85 | Mem:0.00M, Peak:0.00M | Scene, ViewLayer | Synchronizing object | STUDIO sleeper.038
Fra:1 Mem:457.03M (Peak 457.03M) | Time:00:00.85 | Mem:0.00M, Peak:0.00M | Scene, ViewLayer | Synchronizing object | STUDIO fastening clip.151
Fra:1 Mem:457.03M (Peak 457.03M) | Time:00:00.85 | Mem:0.00M, Peak:0.00M | Scene, ViewLayer | Synchronizing object | AC diffuser directional vane.102
Fra:1 Mem:457.03M (Peak 457.03M) | Time:00:00.85 | Mem:0.00M, Peak:0.00M | Scene, ViewLayer | Synchronizing object | STUDIO fastening clip.150
Fra:1 Mem:457.04M (Peak 457.04M) | Time:00:00.85 | Mem:0.00M, Peak:0.00M | Scene, ViewLayer | Synchronizing object | STUDIO rail pad.075
Fra:1 Mem:457.04M (Peak 457.04M) | Time:00:00.85 | Mem:0.00M, Peak:0.00M | Scene, ViewLayer | Synchronizing object | STUDIO fastening clip.149
Fra:1 Mem:457.04M (Peak 457.04M) | Time:00:00.85 | Mem:0.00M, Peak:0.00M | Scene, ViewLayer | Synchronizing object | STUDIO fastening clip.148
Fra:1 Mem:457.04M (Peak 457.04M) | Time:00:00.85 | Mem:0.00M, Peak:0.00M | Scene, ViewLayer | Synchronizing object | STUDIO rail pad.074
Fra:1 Mem:457.05M (Peak 457.05M) | Time:00:00.85 | Mem:0.00M, Peak:0.00M | Scene, ViewLayer | Synchronizing object | STUDIO sleeper.037
Fra:1 Mem:457.05M (Peak 457.05M) | Time:00:00.85 | Mem:0.00M, Peak:0.00M | Scene, ViewLayer | Synchronizing object | STUDIO fastening clip.147
Fra:1 Mem:457.05M (Peak 457.05M) | Time:00:00.85 | Mem:0.00M, Peak:0.00M | Scene, ViewLayer | Synchronizing object | STUDIO fastening clip.146
Fra:1 Mem:457.05M (Peak 457.05M) | Time:00:00.85 | Mem:0.00M, Peak:0.00M | Scene, ViewLayer | Synchronizing object | STUDIO rail pad.073
Fra:1 Mem:457.05M (Peak 457.05M) | Time:00:00.85 | Mem:0.00M, Peak:0.00M | Scene, ViewLayer | Synchronizing object | STUDIO fastening clip.145
Fra:1 Mem:457.05M (Peak 457.05M) | Time:00:00.85 | Mem:0.00M, Peak:0.00M | Scene, ViewLayer | Synchronizing object | STUDIO fastening clip.144
Fra:1 Mem:457.05M (Peak 457.05M) | Time:00:00.85 | Mem:0.00M, Peak:0.00M | Scene, ViewLayer | Synchronizing object | STUDIO rail pad.072
Fra:1 Mem:457.05M (Peak 457.05M) | Time:00:00.85 | Mem:0.00M, Peak:0.00M | Scene, ViewLayer | Synchronizing object | AC diffuser directional vane.103
Fra:1 Mem:457.05M (Peak 457.05M) | Time:00:00.85 | Mem:0.00M, Peak:0.00M | Scene, ViewLayer | Synchronizing object | STUDIO sleeper.036
Fra:1 Mem:457.06M (Peak 457.06M) | Time:00:00.85 | Mem:0.00M, Peak:0.00M | Scene, ViewLayer | Synchronizing object | STUDIO fastening clip.143
Fra:1 Mem:457.06M (Peak 457.06M) | Time:00:00.85 | Mem:0.00M, Peak:0.00M | Scene, ViewLayer | Synchronizing object | STUDIO fastening clip.142
Fra:1 Mem:457.06M (Peak 457.06M) | Time:00:00.85 | Mem:0.00M, Peak:0.00M | Scene, ViewLayer | Synchronizing object | AC louvre diffuser backing.013
Fra:1 Mem:457.07M (Peak 457.07M) | Time:00:00.85 | Mem:0.00M, Peak:0.00M | Scene, ViewLayer | Synchronizing object | STUDIO rail pad.071
Fra:1 Mem:457.07M (Peak 457.07M) | Time:00:00.85 | Mem:0.00M, Peak:0.00M | Scene, ViewLayer | Synchronizing object | STUDIO fastening clip.141
Fra:1 Mem:457.07M (Peak 457.07M) | Time:00:00.85 | Mem:0.00M, Peak:0.00M | Scene, ViewLayer | Synchronizing object | STUDIO fastening clip.140
Fra:1 Mem:457.08M (Peak 457.08M) | Time:00:00.85 | Mem:0.00M, Peak:0.00M | Scene, ViewLayer | Synchronizing object | STUDIO rail pad.070
Fra:1 Mem:457.08M (Peak 457.08M) | Time:00:00.85 | Mem:0.00M, Peak:0.00M | Scene, ViewLayer | Synchronizing object | AC diffuser directional vane.104
Fra:1 Mem:457.08M (Peak 457.08M) | Time:00:00.85 | Mem:0.00M, Peak:0.00M | Scene, ViewLayer | Synchronizing object | STUDIO sleeper.035
Fra:1 Mem:457.08M (Peak 457.08M) | Time:00:00.85 | Mem:0.00M, Peak:0.00M | Scene, ViewLayer | Synchronizing object | STUDIO fastening clip.139
Fra:1 Mem:457.09M (Peak 457.09M) | Time:00:00.85 | Mem:0.00M, Peak:0.00M | Scene, ViewLayer | Synchronizing object | AC diffuser directional vane.105
Fra:1 Mem:457.09M (Peak 457.09M) | Time:00:00.85 | Mem:0.00M, Peak:0.00M | Scene, ViewLayer | Synchronizing object | STUDIO fastening clip.138
Fra:1 Mem:457.10M (Peak 457.10M) | Time:00:00.85 | Mem:0.00M, Peak:0.00M | Scene, ViewLayer | Synchronizing object | STUDIO rail pad.069
Fra:1 Mem:457.10M (Peak 457.10M) | Time:00:00.85 | Mem:0.00M, Peak:0.00M | Scene, ViewLayer | Synchronizing object | AC diffuser directional vane.106
Fra:1 Mem:457.10M (Peak 457.10M) | Time:00:00.85 | Mem:0.00M, Peak:0.00M | Scene, ViewLayer | Synchronizing object | STUDIO fastening clip.137
Fra:1 Mem:457.11M (Peak 457.11M) | Time:00:00.85 | Mem:0.00M, Peak:0.00M | Scene, ViewLayer | Synchronizing object | STUDIO fastening clip.136
Fra:1 Mem:457.11M (Peak 457.11M) | Time:00:00.85 | Mem:0.00M, Peak:0.00M | Scene, ViewLayer | Synchronizing object | AC diffuser directional vane.107
Fra:1 Mem:457.11M (Peak 457.11M) | Time:00:00.85 | Mem:0.00M, Peak:0.00M | Scene, ViewLayer | Synchronizing object | STUDIO rail pad.068
Fra:1 Mem:457.12M (Peak 457.12M) | Time:00:00.85 | Mem:0.00M, Peak:0.00M | Scene, ViewLayer | Synchronizing object | STUDIO sleeper.034
Fra:1 Mem:457.12M (Peak 457.12M) | Time:00:00.85 | Mem:0.00M, Peak:0.00M | Scene, ViewLayer | Synchronizing object | AC diffuser directional vane.108
Fra:1 Mem:457.12M (Peak 457.12M) | Time:00:00.85 | Mem:0.00M, Peak:0.00M | Scene, ViewLayer | Synchronizing object | STUDIO fastening clip.135
Fra:1 Mem:457.13M (Peak 457.13M) | Time:00:00.85 | Mem:0.00M, Peak:0.00M | Scene, ViewLayer | Synchronizing object | STUDIO fastening clip.134
Fra:1 Mem:457.13M (Peak 457.13M) | Time:00:00.85 | Mem:0.00M, Peak:0.00M | Scene, ViewLayer | Synchronizing object | AC diffuser directional vane.109
Fra:1 Mem:457.13M (Peak 457.13M) | Time:00:00.85 | Mem:0.00M, Peak:0.00M | Scene, ViewLayer | Synchronizing object | STUDIO rail pad.067
Fra:1 Mem:457.14M (Peak 457.14M) | Time:00:00.85 | Mem:0.00M, Peak:0.00M | Scene, ViewLayer | Synchronizing object | AC diffuser directional vane.110
Fra:1 Mem:457.14M (Peak 457.14M) | Time:00:00.85 | Mem:0.00M, Peak:0.00M | Scene, ViewLayer | Synchronizing object | STUDIO fastening clip.133
Fra:1 Mem:457.15M (Peak 457.15M) | Time:00:00.85 | Mem:0.00M, Peak:0.00M | Scene, ViewLayer | Synchronizing object | STUDIO fastening clip.132
Fra:1 Mem:457.15M (Peak 457.15M) | Time:00:00.85 | Mem:0.00M, Peak:0.00M | Scene, ViewLayer | Synchronizing object | AC diffuser directional vane.111
Fra:1 Mem:457.15M (Peak 457.15M) | Time:00:00.85 | Mem:0.00M, Peak:0.00M | Scene, ViewLayer | Synchronizing object | STUDIO rail pad.066
Fra:1 Mem:457.16M (Peak 457.16M) | Time:00:00.85 | Mem:0.00M, Peak:0.00M | Scene, ViewLayer | Synchronizing object | AC louvre diffuser backing.014
Fra:1 Mem:457.16M (Peak 457.16M) | Time:00:00.85 | Mem:0.00M, Peak:0.00M | Scene, ViewLayer | Synchronizing object | STUDIO sleeper.033
Fra:1 Mem:457.17M (Peak 457.17M) | Time:00:00.85 | Mem:0.00M, Peak:0.00M | Scene, ViewLayer | Synchronizing object | STUDIO fastening clip.131
Fra:1 Mem:457.17M (Peak 457.17M) | Time:00:00.85 | Mem:0.00M, Peak:0.00M | Scene, ViewLayer | Synchronizing object | AC diffuser directional vane.112
Fra:1 Mem:457.17M (Peak 457.17M) | Time:00:00.85 | Mem:0.00M, Peak:0.00M | Scene, ViewLayer | Synchronizing object | STUDIO fastening clip.130
Fra:1 Mem:457.18M (Peak 457.18M) | Time:00:00.85 | Mem:0.00M, Peak:0.00M | Scene, ViewLayer | Synchronizing object | STUDIO rail pad.065
Fra:1 Mem:457.18M (Peak 457.18M) | Time:00:00.85 | Mem:0.00M, Peak:0.00M | Scene, ViewLayer | Synchronizing object | AC diffuser directional vane.113
Fra:1 Mem:457.18M (Peak 457.18M) | Time:00:00.85 | Mem:0.00M, Peak:0.00M | Scene, ViewLayer | Synchronizing object | STUDIO fastening clip.129
Fra:1 Mem:457.19M (Peak 457.19M) | Time:00:00.85 | Mem:0.00M, Peak:0.00M | Scene, ViewLayer | Synchronizing object | STUDIO fastening clip.128
Fra:1 Mem:457.19M (Peak 457.19M) | Time:00:00.85 | Mem:0.00M, Peak:0.00M | Scene, ViewLayer | Synchronizing object | AC diffuser directional vane.114
Fra:1 Mem:457.19M (Peak 457.19M) | Time:00:00.85 | Mem:0.00M, Peak:0.00M | Scene, ViewLayer | Synchronizing object | STUDIO rail pad.064
Fra:1 Mem:457.20M (Peak 457.20M) | Time:00:00.85 | Mem:0.00M, Peak:0.00M | Scene, ViewLayer | Synchronizing object | STUDIO sleeper.032
Fra:1 Mem:457.20M (Peak 457.20M) | Time:00:00.85 | Mem:0.00M, Peak:0.00M | Scene, ViewLayer | Synchronizing object | AC diffuser directional vane.115
Fra:1 Mem:457.20M (Peak 457.20M) | Time:00:00.85 | Mem:0.00M, Peak:0.00M | Scene, ViewLayer | Synchronizing object | STUDIO fastening clip.127
Fra:1 Mem:457.21M (Peak 457.21M) | Time:00:00.85 | Mem:0.00M, Peak:0.00M | Scene, ViewLayer | Synchronizing object | STUDIO fastening clip.126
Fra:1 Mem:457.21M (Peak 457.21M) | Time:00:00.85 | Mem:0.00M, Peak:0.00M | Scene, ViewLayer | Synchronizing object | AC diffuser directional vane.116
Fra:1 Mem:457.21M (Peak 457.21M) | Time:00:00.85 | Mem:0.00M, Peak:0.00M | Scene, ViewLayer | Synchronizing object | STUDIO rail pad.063
Fra:1 Mem:457.22M (Peak 457.22M) | Time:00:00.85 | Mem:0.00M, Peak:0.00M | Scene, ViewLayer | Synchronizing object | STUDIO fastening clip.125
Fra:1 Mem:457.22M (Peak 457.22M) | Time:00:00.85 | Mem:0.00M, Peak:0.00M | Scene, ViewLayer | Synchronizing object | AC diffuser directional vane.117
Fra:1 Mem:457.23M (Peak 457.23M) | Time:00:00.85 | Mem:0.00M, Peak:0.00M | Scene, ViewLayer | Synchronizing object | STUDIO fastening clip.124
Fra:1 Mem:457.23M (Peak 457.23M) | Time:00:00.85 | Mem:0.00M, Peak:0.00M | Scene, ViewLayer | Synchronizing object | AC diffuser directional vane.118
Fra:1 Mem:457.23M (Peak 457.23M) | Time:00:00.85 | Mem:0.00M, Peak:0.00M | Scene, ViewLayer | Synchronizing object | STUDIO rail pad.062
Fra:1 Mem:457.24M (Peak 457.24M) | Time:00:00.85 | Mem:0.00M, Peak:0.00M | Scene, ViewLayer | Synchronizing object | STUDIO sleeper.031
Fra:1 Mem:457.24M (Peak 457.24M) | Time:00:00.85 | Mem:0.00M, Peak:0.00M | Scene, ViewLayer | Synchronizing object | AC diffuser directional vane.119
Fra:1 Mem:457.24M (Peak 457.24M) | Time:00:00.85 | Mem:0.00M, Peak:0.00M | Scene, ViewLayer | Synchronizing object | STUDIO fastening clip.123
Fra:1 Mem:457.25M (Peak 457.25M) | Time:00:00.85 | Mem:0.00M, Peak:0.00M | Scene, ViewLayer | Synchronizing object | STUDIO fastening clip.122
Fra:1 Mem:457.25M (Peak 457.25M) | Time:00:00.85 | Mem:0.00M, Peak:0.00M | Scene, ViewLayer | Synchronizing object | AC louvre diffuser backing.015
Fra:1 Mem:457.25M (Peak 457.25M) | Time:00:00.85 | Mem:0.00M, Peak:0.00M | Scene, ViewLayer | Synchronizing object | STUDIO rail pad.061
Fra:1 Mem:457.26M (Peak 457.26M) | Time:00:00.85 | Mem:0.00M, Peak:0.00M | Scene, ViewLayer | Synchronizing object | STUDIO fastening clip.121
Fra:1 Mem:457.26M (Peak 457.26M) | Time:00:00.85 | Mem:0.00M, Peak:0.00M | Scene, ViewLayer | Synchronizing object | AC diffuser directional vane.120
Fra:1 Mem:457.26M (Peak 457.26M) | Time:00:00.85 | Mem:0.00M, Peak:0.00M | Scene, ViewLayer | Synchronizing object | STUDIO fastening clip.120
Fra:1 Mem:457.27M (Peak 457.27M) | Time:00:00.85 | Mem:0.00M, Peak:0.00M | Scene, ViewLayer | Synchronizing object | STUDIO rail pad.060
Fra:1 Mem:457.27M (Peak 457.27M) | Time:00:00.85 | Mem:0.00M, Peak:0.00M | Scene, ViewLayer | Synchronizing object | AC diffuser directional vane.121
Fra:1 Mem:457.28M (Peak 457.28M) | Time:00:00.85 | Mem:0.00M, Peak:0.00M | Scene, ViewLayer | Synchronizing object | STUDIO sleeper.030
Fra:1 Mem:457.28M (Peak 457.28M) | Time:00:00.85 | Mem:0.00M, Peak:0.00M | Scene, ViewLayer | Synchronizing object | STUDIO fastening clip.119
Fra:1 Mem:457.28M (Peak 457.28M) | Time:00:00.85 | Mem:0.00M, Peak:0.00M | Scene, ViewLayer | Synchronizing object | AC diffuser directional vane.122
Fra:1 Mem:457.29M (Peak 457.29M) | Time:00:00.85 | Mem:0.00M, Peak:0.00M | Scene, ViewLayer | Synchronizing object | STUDIO fastening clip.118
Fra:1 Mem:457.29M (Peak 457.29M) | Time:00:00.85 | Mem:0.00M, Peak:0.00M | Scene, ViewLayer | Synchronizing object | AC diffuser directional vane.123
Fra:1 Mem:457.29M (Peak 457.29M) | Time:00:00.85 | Mem:0.00M, Peak:0.00M | Scene, ViewLayer | Synchronizing object | STUDIO rail pad.059
Fra:1 Mem:457.30M (Peak 457.30M) | Time:00:00.85 | Mem:0.00M, Peak:0.00M | Scene, ViewLayer | Synchronizing object | STUDIO fastening clip.117
Fra:1 Mem:457.30M (Peak 457.30M) | Time:00:00.85 | Mem:0.00M, Peak:0.00M | Scene, ViewLayer | Synchronizing object | AC diffuser directional vane.124
Fra:1 Mem:457.30M (Peak 457.30M) | Time:00:00.85 | Mem:0.00M, Peak:0.00M | Scene, ViewLayer | Synchronizing object | STUDIO fastening clip.116
Fra:1 Mem:457.31M (Peak 457.31M) | Time:00:00.85 | Mem:0.00M, Peak:0.00M | Scene, ViewLayer | Synchronizing object | STUDIO rail pad.058
Fra:1 Mem:457.31M (Peak 457.31M) | Time:00:00.85 | Mem:0.00M, Peak:0.00M | Scene, ViewLayer | Synchronizing object | AC diffuser directional vane.125
Fra:1 Mem:457.31M (Peak 457.31M) | Time:00:00.85 | Mem:0.00M, Peak:0.00M | Scene, ViewLayer | Synchronizing object | STUDIO sleeper.029
Fra:1 Mem:457.32M (Peak 457.32M) | Time:00:00.85 | Mem:0.00M, Peak:0.00M | Scene, ViewLayer | Synchronizing object | STUDIO fastening clip.115
Fra:1 Mem:457.32M (Peak 457.32M) | Time:00:00.85 | Mem:0.00M, Peak:0.00M | Scene, ViewLayer | Synchronizing object | AC diffuser directional vane.126
Fra:1 Mem:457.32M (Peak 457.32M) | Time:00:00.85 | Mem:0.00M, Peak:0.00M | Scene, ViewLayer | Synchronizing object | STUDIO fastening clip.114
Fra:1 Mem:457.33M (Peak 457.33M) | Time:00:00.85 | Mem:0.00M, Peak:0.00M | Scene, ViewLayer | Synchronizing object | STUDIO rail pad.057
Fra:1 Mem:457.33M (Peak 457.33M) | Time:00:00.85 | Mem:0.00M, Peak:0.00M | Scene, ViewLayer | Synchronizing object | AC diffuser directional vane.127
Fra:1 Mem:457.33M (Peak 457.33M) | Time:00:00.85 | Mem:0.00M, Peak:0.00M | Scene, ViewLayer | Synchronizing object | STUDIO fastening clip.113
Fra:1 Mem:457.34M (Peak 457.34M) | Time:00:00.85 | Mem:0.00M, Peak:0.00M | Scene, ViewLayer | Synchronizing object | STUDIO fastening clip.112
Fra:1 Mem:457.34M (Peak 457.34M) | Time:00:00.85 | Mem:0.00M, Peak:0.00M | Scene, ViewLayer | Synchronizing object | AC louvre diffuser backing.016
Fra:1 Mem:457.35M (Peak 457.35M) | Time:00:00.85 | Mem:0.00M, Peak:0.00M | Scene, ViewLayer | Synchronizing object | STUDIO rail pad.056
Fra:1 Mem:457.35M (Peak 457.35M) | Time:00:00.85 | Mem:0.00M, Peak:0.00M | Scene, ViewLayer | Synchronizing object | AC diffuser directional vane.128
Fra:1 Mem:457.35M (Peak 457.35M) | Time:00:00.85 | Mem:0.00M, Peak:0.00M | Scene, ViewLayer | Synchronizing object | STUDIO sleeper.028
Fra:1 Mem:457.36M (Peak 457.36M) | Time:00:00.85 | Mem:0.00M, Peak:0.00M | Scene, ViewLayer | Synchronizing object | STUDIO fastening clip.111
Fra:1 Mem:457.36M (Peak 457.36M) | Time:00:00.85 | Mem:0.00M, Peak:0.00M | Scene, ViewLayer | Synchronizing object | STUDIO fastening clip.110
Fra:1 Mem:457.36M (Peak 457.36M) | Time:00:00.85 | Mem:0.00M, Peak:0.00M | Scene, ViewLayer | Synchronizing object | STUDIO rail pad.055
Fra:1 Mem:457.36M (Peak 457.36M) | Time:00:00.85 | Mem:0.00M, Peak:0.00M | Scene, ViewLayer | Synchronizing object | STUDIO fastening clip.109
Fra:1 Mem:457.37M (Peak 457.37M) | Time:00:00.85 | Mem:0.00M, Peak:0.00M | Scene, ViewLayer | Synchronizing object | STUDIO fastening clip.108
Fra:1 Mem:457.37M (Peak 457.37M) | Time:00:00.85 | Mem:0.00M, Peak:0.00M | Scene, ViewLayer | Synchronizing object | STUDIO rail pad.054
Fra:1 Mem:457.37M (Peak 457.37M) | Time:00:00.85 | Mem:0.00M, Peak:0.00M | Scene, ViewLayer | Synchronizing object | STUDIO sleeper.027
Fra:1 Mem:457.37M (Peak 457.37M) | Time:00:00.85 | Mem:0.00M, Peak:0.00M | Scene, ViewLayer | Synchronizing object | STUDIO fastening clip.107
Fra:1 Mem:457.37M (Peak 457.37M) | Time:00:00.85 | Mem:0.00M, Peak:0.00M | Scene, ViewLayer | Synchronizing object | AC diffuser directional vane.129
Fra:1 Mem:457.37M (Peak 457.37M) | Time:00:00.85 | Mem:0.00M, Peak:0.00M | Scene, ViewLayer | Synchronizing object | STUDIO fastening clip.106
Fra:1 Mem:457.38M (Peak 457.38M) | Time:00:00.85 | Mem:0.00M, Peak:0.00M | Scene, ViewLayer | Synchronizing object | STUDIO rail pad.053
Fra:1 Mem:457.38M (Peak 457.38M) | Time:00:00.85 | Mem:0.00M, Peak:0.00M | Scene, ViewLayer | Synchronizing object | AC diffuser directional vane.130
Fra:1 Mem:457.38M (Peak 457.38M) | Time:00:00.85 | Mem:0.00M, Peak:0.00M | Scene, ViewLayer | Synchronizing object | STUDIO fastening clip.105
Fra:1 Mem:457.39M (Peak 457.39M) | Time:00:00.85 | Mem:0.00M, Peak:0.00M | Scene, ViewLayer | Synchronizing object | STUDIO fastening clip.104
Fra:1 Mem:457.39M (Peak 457.39M) | Time:00:00.85 | Mem:0.00M, Peak:0.00M | Scene, ViewLayer | Synchronizing object | AC diffuser directional vane.131
Fra:1 Mem:457.39M (Peak 457.39M) | Time:00:00.85 | Mem:0.00M, Peak:0.00M | Scene, ViewLayer | Synchronizing object | STUDIO rail pad.052
Fra:1 Mem:457.40M (Peak 457.40M) | Time:00:00.85 | Mem:0.00M, Peak:0.00M | Scene, ViewLayer | Synchronizing object | STUDIO sleeper.026
Fra:1 Mem:457.40M (Peak 457.40M) | Time:00:00.85 | Mem:0.00M, Peak:0.00M | Scene, ViewLayer | Synchronizing object | AC diffuser directional vane.132
Fra:1 Mem:457.41M (Peak 457.41M) | Time:00:00.85 | Mem:0.00M, Peak:0.00M | Scene, ViewLayer | Synchronizing object | STUDIO fastening clip.103
Fra:1 Mem:457.41M (Peak 457.41M) | Time:00:00.85 | Mem:0.00M, Peak:0.00M | Scene, ViewLayer | Synchronizing object | AC diffuser directional vane.133
Fra:1 Mem:457.41M (Peak 457.41M) | Time:00:00.85 | Mem:0.00M, Peak:0.00M | Scene, ViewLayer | Synchronizing object | STUDIO fastening clip.102
Fra:1 Mem:457.42M (Peak 457.42M) | Time:00:00.85 | Mem:0.00M, Peak:0.00M | Scene, ViewLayer | Synchronizing object | STUDIO rail pad.051
Fra:1 Mem:457.42M (Peak 457.42M) | Time:00:00.85 | Mem:0.00M, Peak:0.00M | Scene, ViewLayer | Synchronizing object | AC diffuser directional vane.134
Fra:1 Mem:457.42M (Peak 457.42M) | Time:00:00.85 | Mem:0.00M, Peak:0.00M | Scene, ViewLayer | Synchronizing object | STUDIO fastening clip.101
Fra:1 Mem:457.43M (Peak 457.43M) | Time:00:00.85 | Mem:0.00M, Peak:0.00M | Scene, ViewLayer | Synchronizing object | STUDIO fastening clip.100
Fra:1 Mem:457.43M (Peak 457.43M) | Time:00:00.85 | Mem:0.00M, Peak:0.00M | Scene, ViewLayer | Synchronizing object | AC diffuser directional vane.135
Fra:1 Mem:457.44M (Peak 457.44M) | Time:00:00.85 | Mem:0.00M, Peak:0.00M | Scene, ViewLayer | Synchronizing object | STUDIO rail pad.050
Fra:1 Mem:457.44M (Peak 457.44M) | Time:00:00.85 | Mem:0.00M, Peak:0.00M | Scene, ViewLayer | Synchronizing object | STUDIO sleeper.025
Fra:1 Mem:457.44M (Peak 457.44M) | Time:00:00.85 | Mem:0.00M, Peak:0.00M | Scene, ViewLayer | Synchronizing object | AC louvre diffuser backing.017
Fra:1 Mem:457.44M (Peak 457.44M) | Time:00:00.85 | Mem:0.00M, Peak:0.00M | Scene, ViewLayer | Synchronizing object | STUDIO fastening clip.099
Fra:1 Mem:457.45M (Peak 457.45M) | Time:00:00.85 | Mem:0.00M, Peak:0.00M | Scene, ViewLayer | Synchronizing object | STUDIO fastening clip.098
Fra:1 Mem:457.45M (Peak 457.45M) | Time:00:00.85 | Mem:0.00M, Peak:0.00M | Scene, ViewLayer | Synchronizing object | AC diffuser directional vane.136
Fra:1 Mem:457.45M (Peak 457.45M) | Time:00:00.85 | Mem:0.00M, Peak:0.00M | Scene, ViewLayer | Synchronizing object | STUDIO rail pad.049
Fra:1 Mem:457.46M (Peak 457.46M) | Time:00:00.85 | Mem:0.00M, Peak:0.00M | Scene, ViewLayer | Synchronizing object | STUDIO fastening clip.097
Fra:1 Mem:457.46M (Peak 457.46M) | Time:00:00.85 | Mem:0.00M, Peak:0.00M | Scene, ViewLayer | Synchronizing object | AC diffuser directional vane.137
Fra:1 Mem:457.46M (Peak 457.46M) | Time:00:00.85 | Mem:0.00M, Peak:0.00M | Scene, ViewLayer | Synchronizing object | STUDIO fastening clip.096
Fra:1 Mem:457.47M (Peak 457.47M) | Time:00:00.85 | Mem:0.00M, Peak:0.00M | Scene, ViewLayer | Synchronizing object | STUDIO rail pad.048
Fra:1 Mem:457.47M (Peak 457.47M) | Time:00:00.85 | Mem:0.00M, Peak:0.00M | Scene, ViewLayer | Synchronizing object | AC diffuser directional vane.138
Fra:1 Mem:457.48M (Peak 457.48M) | Time:00:00.85 | Mem:0.00M, Peak:0.00M | Scene, ViewLayer | Synchronizing object | STUDIO sleeper.024
Fra:1 Mem:457.48M (Peak 457.48M) | Time:00:00.85 | Mem:0.00M, Peak:0.00M | Scene, ViewLayer | Synchronizing object | STUDIO fastening clip.095
Fra:1 Mem:457.48M (Peak 457.48M) | Time:00:00.85 | Mem:0.00M, Peak:0.00M | Scene, ViewLayer | Synchronizing object | AC diffuser directional vane.139
Fra:1 Mem:457.48M (Peak 457.48M) | Time:00:00.85 | Mem:0.00M, Peak:0.00M | Scene, ViewLayer | Synchronizing object | STUDIO fastening clip.094
Fra:1 Mem:457.49M (Peak 457.49M) | Time:00:00.85 | Mem:0.00M, Peak:0.00M | Scene, ViewLayer | Synchronizing object | STUDIO rail pad.047
Fra:1 Mem:457.49M (Peak 457.49M) | Time:00:00.85 | Mem:0.00M, Peak:0.00M | Scene, ViewLayer | Synchronizing object | AC diffuser directional vane.140
Fra:1 Mem:457.49M (Peak 457.49M) | Time:00:00.85 | Mem:0.00M, Peak:0.00M | Scene, ViewLayer | Synchronizing object | STUDIO fastening clip.093
Fra:1 Mem:457.50M (Peak 457.50M) | Time:00:00.85 | Mem:0.00M, Peak:0.00M | Scene, ViewLayer | Synchronizing object | STUDIO fastening clip.092
Fra:1 Mem:457.50M (Peak 457.50M) | Time:00:00.85 | Mem:0.00M, Peak:0.00M | Scene, ViewLayer | Synchronizing object | AC diffuser directional vane.141
Fra:1 Mem:457.51M (Peak 457.51M) | Time:00:00.85 | Mem:0.00M, Peak:0.00M | Scene, ViewLayer | Synchronizing object | STUDIO rail pad.046
Fra:1 Mem:457.51M (Peak 457.51M) | Time:00:00.85 | Mem:0.00M, Peak:0.00M | Scene, ViewLayer | Synchronizing object | STUDIO sleeper.023
Fra:1 Mem:457.51M (Peak 457.51M) | Time:00:00.85 | Mem:0.00M, Peak:0.00M | Scene, ViewLayer | Synchronizing object | AC diffuser directional vane.142
Fra:1 Mem:457.52M (Peak 457.52M) | Time:00:00.85 | Mem:0.00M, Peak:0.00M | Scene, ViewLayer | Synchronizing object | STUDIO fastening clip.091
Fra:1 Mem:457.52M (Peak 457.52M) | Time:00:00.85 | Mem:0.00M, Peak:0.00M | Scene, ViewLayer | Synchronizing object | STUDIO fastening clip.090
Fra:1 Mem:457.52M (Peak 457.52M) | Time:00:00.85 | Mem:0.00M, Peak:0.00M | Scene, ViewLayer | Synchronizing object | AC diffuser directional vane.143
Fra:1 Mem:457.52M (Peak 457.52M) | Time:00:00.85 | Mem:0.00M, Peak:0.00M | Scene, ViewLayer | Synchronizing object | STUDIO rail pad.045
Fra:1 Mem:457.53M (Peak 457.53M) | Time:00:00.85 | Mem:0.00M, Peak:0.00M | Scene, ViewLayer | Synchronizing object | STUDIO fastening clip.089
Fra:1 Mem:457.53M (Peak 457.53M) | Time:00:00.85 | Mem:0.00M, Peak:0.00M | Scene, ViewLayer | Synchronizing object | STUDIO fastening clip.088
Fra:1 Mem:457.54M (Peak 457.54M) | Time:00:00.85 | Mem:0.00M, Peak:0.00M | Scene, ViewLayer | Synchronizing object | Formed end wall
Fra:1 Mem:457.54M (Peak 457.54M) | Time:00:00.85 | Mem:0.00M, Peak:0.00M | Scene, ViewLayer | Synchronizing object | STUDIO rail pad.044
Fra:1 Mem:457.54M (Peak 457.54M) | Time:00:00.85 | Mem:0.00M, Peak:0.00M | Scene, ViewLayer | Synchronizing object | STUDIO sleeper.022
Fra:1 Mem:457.54M (Peak 457.54M) | Time:00:00.85 | Mem:0.00M, Peak:0.00M | Scene, ViewLayer | Synchronizing object | Formed end wall.001
Fra:1 Mem:457.55M (Peak 457.55M) | Time:00:00.85 | Mem:0.00M, Peak:0.00M | Scene, ViewLayer | Synchronizing object | STUDIO fastening clip.087
Fra:1 Mem:457.55M (Peak 457.55M) | Time:00:00.85 | Mem:0.00M, Peak:0.00M | Scene, ViewLayer | Synchronizing object | STUDIO fastening clip.086
Fra:1 Mem:457.56M (Peak 457.56M) | Time:00:00.85 | Mem:0.00M, Peak:0.00M | Scene, ViewLayer | Synchronizing object | End wall door header
Fra:1 Mem:457.56M (Peak 457.56M) | Time:00:00.85 | Mem:0.00M, Peak:0.00M | Scene, ViewLayer | Synchronizing object | STUDIO rail pad.043
Fra:1 Mem:457.56M (Peak 457.56M) | Time:00:00.85 | Mem:0.00M, Peak:0.00M | Scene, ViewLayer | Synchronizing object | STUDIO fastening clip.085
Fra:1 Mem:457.56M (Peak 457.56M) | Time:00:00.85 | Mem:0.00M, Peak:0.00M | Scene, ViewLayer | Synchronizing object | Domed end cap skin
Fra:1 Mem:457.58M (Peak 457.58M) | Time:00:00.85 | Mem:0.00M, Peak:0.00M | Scene, ViewLayer | Synchronizing object | STUDIO fastening clip.084
Fra:1 Mem:457.57M (Peak 457.58M) | Time:00:00.85 | Mem:0.00M, Peak:0.00M | Scene, ViewLayer | Synchronizing object | STUDIO rail pad.042
Fra:1 Mem:457.57M (Peak 457.58M) | Time:00:00.85 | Mem:0.00M, Peak:0.00M | Scene, ViewLayer | Synchronizing object | Yellow end visibility stripe
Fra:1 Mem:457.57M (Peak 457.58M) | Time:00:00.85 | Mem:0.00M, Peak:0.00M | Scene, ViewLayer | Synchronizing object | STUDIO sleeper.021
Fra:1 Mem:457.57M (Peak 457.58M) | Time:00:00.85 | Mem:0.00M, Peak:0.00M | Scene, ViewLayer | Synchronizing object | Yellow end visibility stripe.001
Fra:1 Mem:457.57M (Peak 457.58M) | Time:00:00.85 | Mem:0.00M, Peak:0.00M | Scene, ViewLayer | Synchronizing object | STUDIO fastening clip.083
Fra:1 Mem:457.57M (Peak 457.58M) | Time:00:00.85 | Mem:0.00M, Peak:0.00M | Scene, ViewLayer | Synchronizing object | Concertina gangway upright fold
Fra:1 Mem:457.57M (Peak 457.58M) | Time:00:00.85 | Mem:0.00M, Peak:0.00M | Scene, ViewLayer | Synchronizing object | STUDIO fastening clip.082
Fra:1 Mem:457.57M (Peak 457.58M) | Time:00:00.85 | Mem:0.00M, Peak:0.00M | Scene, ViewLayer | Synchronizing object | STUDIO rail pad.041
Fra:1 Mem:457.58M (Peak 457.58M) | Time:00:00.85 | Mem:0.00M, Peak:0.00M | Scene, ViewLayer | Synchronizing object | STUDIO fastening clip.081
Fra:1 Mem:457.58M (Peak 457.58M) | Time:00:00.85 | Mem:0.00M, Peak:0.00M | Scene, ViewLayer | Synchronizing object | Concertina gangway upright fold.001
Fra:1 Mem:457.59M (Peak 457.59M) | Time:00:00.85 | Mem:0.00M, Peak:0.00M | Scene, ViewLayer | Synchronizing object | STUDIO fastening clip.080
Fra:1 Mem:457.59M (Peak 457.59M) | Time:00:00.85 | Mem:0.00M, Peak:0.00M | Scene, ViewLayer | Synchronizing object | STUDIO rail pad.040
Fra:1 Mem:457.59M (Peak 457.59M) | Time:00:00.85 | Mem:0.00M, Peak:0.00M | Scene, ViewLayer | Synchronizing object | STUDIO sleeper.020
Fra:1 Mem:457.60M (Peak 457.60M) | Time:00:00.85 | Mem:0.00M, Peak:0.00M | Scene, ViewLayer | Synchronizing object | STUDIO fastening clip.079
Fra:1 Mem:457.60M (Peak 457.60M) | Time:00:00.85 | Mem:0.00M, Peak:0.00M | Scene, ViewLayer | Synchronizing object | Concertina gangway upright fold.002
Fra:1 Mem:457.60M (Peak 457.60M) | Time:00:00.85 | Mem:0.00M, Peak:0.00M | Scene, ViewLayer | Synchronizing object | STUDIO fastening clip.078
Fra:1 Mem:457.61M (Peak 457.61M) | Time:00:00.85 | Mem:0.00M, Peak:0.00M | Scene, ViewLayer | Synchronizing object | STUDIO rail pad.039
Fra:1 Mem:457.61M (Peak 457.61M) | Time:00:00.85 | Mem:0.00M, Peak:0.00M | Scene, ViewLayer | Synchronizing object | Concertina gangway upright fold.003
Fra:1 Mem:457.61M (Peak 457.61M) | Time:00:00.85 | Mem:0.00M, Peak:0.00M | Scene, ViewLayer | Synchronizing object | STUDIO fastening clip.077
Fra:1 Mem:457.61M (Peak 457.61M) | Time:00:00.85 | Mem:0.00M, Peak:0.00M | Scene, ViewLayer | Synchronizing object | STUDIO fastening clip.076
Fra:1 Mem:457.61M (Peak 457.61M) | Time:00:00.85 | Mem:0.00M, Peak:0.00M | Scene, ViewLayer | Synchronizing object | STUDIO rail pad.038
Fra:1 Mem:457.61M (Peak 457.61M) | Time:00:00.85 | Mem:0.00M, Peak:0.00M | Scene, ViewLayer | Synchronizing object | STUDIO sleeper.019
Fra:1 Mem:457.61M (Peak 457.61M) | Time:00:00.85 | Mem:0.00M, Peak:0.00M | Scene, ViewLayer | Synchronizing object | STUDIO fastening clip.075
Fra:1 Mem:457.62M (Peak 457.62M) | Time:00:00.85 | Mem:0.00M, Peak:0.00M | Scene, ViewLayer | Synchronizing object | STUDIO fastening clip.074
Fra:1 Mem:457.62M (Peak 457.62M) | Time:00:00.85 | Mem:0.00M, Peak:0.00M | Scene, ViewLayer | Synchronizing object | STUDIO rail pad.037
Fra:1 Mem:457.62M (Peak 457.62M) | Time:00:00.85 | Mem:0.00M, Peak:0.00M | Scene, ViewLayer | Synchronizing object | STUDIO fastening clip.073
Fra:1 Mem:457.62M (Peak 457.62M) | Time:00:00.85 | Mem:0.00M, Peak:0.00M | Scene, ViewLayer | Synchronizing object | STUDIO fastening clip.072
Fra:1 Mem:457.62M (Peak 457.62M) | Time:00:00.85 | Mem:0.00M, Peak:0.00M | Scene, ViewLayer | Synchronizing object | STUDIO rail pad.036
Fra:1 Mem:457.62M (Peak 457.62M) | Time:00:00.85 | Mem:0.00M, Peak:0.00M | Scene, ViewLayer | Synchronizing object | STUDIO sleeper.018
Fra:1 Mem:457.62M (Peak 457.62M) | Time:00:00.85 | Mem:0.00M, Peak:0.00M | Scene, ViewLayer | Synchronizing object | STUDIO fastening clip.071
Fra:1 Mem:457.62M (Peak 457.62M) | Time:00:00.85 | Mem:0.00M, Peak:0.00M | Scene, ViewLayer | Synchronizing object | STUDIO fastening clip.070
Fra:1 Mem:457.63M (Peak 457.63M) | Time:00:00.85 | Mem:0.00M, Peak:0.00M | Scene, ViewLayer | Synchronizing object | STUDIO rail pad.035
Fra:1 Mem:457.63M (Peak 457.63M) | Time:00:00.85 | Mem:0.00M, Peak:0.00M | Scene, ViewLayer | Synchronizing object | STUDIO fastening clip.069
Fra:1 Mem:457.63M (Peak 457.63M) | Time:00:00.85 | Mem:0.00M, Peak:0.00M | Scene, ViewLayer | Synchronizing object | STUDIO fastening clip.068
Fra:1 Mem:457.63M (Peak 457.63M) | Time:00:00.85 | Mem:0.00M, Peak:0.00M | Scene, ViewLayer | Synchronizing object | STUDIO rail pad.034
Fra:1 Mem:457.63M (Peak 457.63M) | Time:00:00.85 | Mem:0.00M, Peak:0.00M | Scene, ViewLayer | Synchronizing object | STUDIO sleeper.017
Fra:1 Mem:457.63M (Peak 457.63M) | Time:00:00.85 | Mem:0.00M, Peak:0.00M | Scene, ViewLayer | Synchronizing object | STUDIO fastening clip.067
Fra:1 Mem:457.64M (Peak 457.64M) | Time:00:00.85 | Mem:0.00M, Peak:0.00M | Scene, ViewLayer | Synchronizing object | STUDIO fastening clip.066
Fra:1 Mem:457.64M (Peak 457.64M) | Time:00:00.85 | Mem:0.00M, Peak:0.00M | Scene, ViewLayer | Synchronizing object | STUDIO rail pad.033
Fra:1 Mem:457.64M (Peak 457.64M) | Time:00:00.85 | Mem:0.00M, Peak:0.00M | Scene, ViewLayer | Synchronizing object | Concertina gangway roof fold.001
Fra:1 Mem:457.64M (Peak 457.64M) | Time:00:00.85 | Mem:0.00M, Peak:0.00M | Scene, ViewLayer | Synchronizing object | STUDIO fastening clip.065
Fra:1 Mem:457.65M (Peak 457.65M) | Time:00:00.85 | Mem:0.00M, Peak:0.00M | Scene, ViewLayer | Synchronizing object | STUDIO fastening clip.064
Fra:1 Mem:457.65M (Peak 457.65M) | Time:00:00.85 | Mem:0.00M, Peak:0.00M | Scene, ViewLayer | Synchronizing object | Concertina gangway upright fold.004
Fra:1 Mem:457.65M (Peak 457.65M) | Time:00:00.85 | Mem:0.00M, Peak:0.00M | Scene, ViewLayer | Synchronizing object | STUDIO rail pad.032
Fra:1 Mem:457.66M (Peak 457.66M) | Time:00:00.85 | Mem:0.00M, Peak:0.00M | Scene, ViewLayer | Synchronizing object | STUDIO sleeper.016
Fra:1 Mem:457.66M (Peak 457.66M) | Time:00:00.85 | Mem:0.00M, Peak:0.00M | Scene, ViewLayer | Synchronizing object | Concertina gangway upright fold.005
Fra:1 Mem:457.66M (Peak 457.66M) | Time:00:00.85 | Mem:0.00M, Peak:0.00M | Scene, ViewLayer | Synchronizing object | STUDIO fastening clip.063
Fra:1 Mem:457.67M (Peak 457.67M) | Time:00:00.85 | Mem:0.00M, Peak:0.00M | Scene, ViewLayer | Synchronizing object | STUDIO fastening clip.062
Fra:1 Mem:457.67M (Peak 457.67M) | Time:00:00.85 | Mem:0.00M, Peak:0.00M | Scene, ViewLayer | Synchronizing object | Concertina gangway roof fold.002
Fra:1 Mem:457.67M (Peak 457.67M) | Time:00:00.85 | Mem:0.00M, Peak:0.00M | Scene, ViewLayer | Synchronizing object | STUDIO rail pad.031
Fra:1 Mem:457.68M (Peak 457.68M) | Time:00:00.85 | Mem:0.00M, Peak:0.00M | Scene, ViewLayer | Synchronizing object | STUDIO fastening clip.061
Fra:1 Mem:457.68M (Peak 457.68M) | Time:00:00.85 | Mem:0.00M, Peak:0.00M | Scene, ViewLayer | Synchronizing object | Concertina gangway upright fold.006
Fra:1 Mem:457.68M (Peak 457.68M) | Time:00:00.85 | Mem:0.00M, Peak:0.00M | Scene, ViewLayer | Synchronizing object | STUDIO fastening clip.060
Fra:1 Mem:457.69M (Peak 457.69M) | Time:00:00.85 | Mem:0.00M, Peak:0.00M | Scene, ViewLayer | Synchronizing object | STUDIO rail pad.030
Fra:1 Mem:457.69M (Peak 457.69M) | Time:00:00.85 | Mem:0.00M, Peak:0.00M | Scene, ViewLayer | Synchronizing object | Concertina gangway upright fold.007
Fra:1 Mem:457.69M (Peak 457.69M) | Time:00:00.85 | Mem:0.00M, Peak:0.00M | Scene, ViewLayer | Synchronizing object | STUDIO sleeper.015
Fra:1 Mem:457.70M (Peak 457.70M) | Time:00:00.85 | Mem:0.00M, Peak:0.00M | Scene, ViewLayer | Synchronizing object | STUDIO fastening clip.059
Fra:1 Mem:457.70M (Peak 457.70M) | Time:00:00.85 | Mem:0.00M, Peak:0.00M | Scene, ViewLayer | Synchronizing object | Concertina gangway roof fold.003
Fra:1 Mem:457.70M (Peak 457.70M) | Time:00:00.85 | Mem:0.00M, Peak:0.00M | Scene, ViewLayer | Synchronizing object | STUDIO fastening clip.058
Fra:1 Mem:457.71M (Peak 457.71M) | Time:00:00.85 | Mem:0.00M, Peak:0.00M | Scene, ViewLayer | Synchronizing object | STUDIO rail pad.029
Fra:1 Mem:457.71M (Peak 457.71M) | Time:00:00.85 | Mem:0.00M, Peak:0.00M | Scene, ViewLayer | Synchronizing object | Concertina gangway upright fold.008
Fra:1 Mem:457.71M (Peak 457.71M) | Time:00:00.85 | Mem:0.00M, Peak:0.00M | Scene, ViewLayer | Synchronizing object | STUDIO fastening clip.057
Fra:1 Mem:457.72M (Peak 457.72M) | Time:00:00.85 | Mem:0.00M, Peak:0.00M | Scene, ViewLayer | Synchronizing object | STUDIO fastening clip.056
Fra:1 Mem:457.72M (Peak 457.72M) | Time:00:00.85 | Mem:0.00M, Peak:0.00M | Scene, ViewLayer | Synchronizing object | Concertina gangway upright fold.009
Fra:1 Mem:457.72M (Peak 457.72M) | Time:00:00.85 | Mem:0.00M, Peak:0.00M | Scene, ViewLayer | Synchronizing object | STUDIO rail pad.028
Fra:1 Mem:457.73M (Peak 457.73M) | Time:00:00.85 | Mem:0.00M, Peak:0.00M | Scene, ViewLayer | Synchronizing object | STUDIO sleeper.014
Fra:1 Mem:457.73M (Peak 457.73M) | Time:00:00.85 | Mem:0.00M, Peak:0.00M | Scene, ViewLayer | Synchronizing object | Concertina gangway roof fold.004
Fra:1 Mem:457.73M (Peak 457.73M) | Time:00:00.85 | Mem:0.00M, Peak:0.00M | Scene, ViewLayer | Synchronizing object | STUDIO fastening clip.055
Fra:1 Mem:457.74M (Peak 457.74M) | Time:00:00.85 | Mem:0.00M, Peak:0.00M | Scene, ViewLayer | Synchronizing object | STUDIO fastening clip.054
Fra:1 Mem:457.74M (Peak 457.74M) | Time:00:00.85 | Mem:0.00M, Peak:0.00M | Scene, ViewLayer | Synchronizing object | Concertina gangway upright fold.010
Fra:1 Mem:457.74M (Peak 457.74M) | Time:00:00.85 | Mem:0.00M, Peak:0.00M | Scene, ViewLayer | Synchronizing object | STUDIO rail pad.027
Fra:1 Mem:457.75M (Peak 457.75M) | Time:00:00.85 | Mem:0.00M, Peak:0.00M | Scene, ViewLayer | Synchronizing object | STUDIO fastening clip.053
Fra:1 Mem:457.75M (Peak 457.75M) | Time:00:00.85 | Mem:0.00M, Peak:0.00M | Scene, ViewLayer | Synchronizing object | Concertina gangway upright fold.011
Fra:1 Mem:457.75M (Peak 457.75M) | Time:00:00.85 | Mem:0.00M, Peak:0.00M | Scene, ViewLayer | Synchronizing object | STUDIO fastening clip.052
Fra:1 Mem:457.76M (Peak 457.76M) | Time:00:00.85 | Mem:0.00M, Peak:0.00M | Scene, ViewLayer | Synchronizing object | STUDIO rail pad.026
Fra:1 Mem:457.76M (Peak 457.76M) | Time:00:00.85 | Mem:0.00M, Peak:0.00M | Scene, ViewLayer | Synchronizing object | Concertina gangway roof fold.005
Fra:1 Mem:457.76M (Peak 457.76M) | Time:00:00.85 | Mem:0.00M, Peak:0.00M | Scene, ViewLayer | Synchronizing object | STUDIO sleeper.013
Fra:1 Mem:457.77M (Peak 457.77M) | Time:00:00.85 | Mem:0.00M, Peak:0.00M | Scene, ViewLayer | Synchronizing object | Concertina gangway upright fold.012
Fra:1 Mem:457.77M (Peak 457.77M) | Time:00:00.85 | Mem:0.00M, Peak:0.00M | Scene, ViewLayer | Synchronizing object | STUDIO fastening clip.051
Fra:1 Mem:457.78M (Peak 457.78M) | Time:00:00.85 | Mem:0.00M, Peak:0.00M | Scene, ViewLayer | Synchronizing object | STUDIO fastening clip.050
Fra:1 Mem:457.78M (Peak 457.78M) | Time:00:00.85 | Mem:0.00M, Peak:0.00M | Scene, ViewLayer | Synchronizing object | Concertina gangway upright fold.013
Fra:1 Mem:457.78M (Peak 457.78M) | Time:00:00.85 | Mem:0.00M, Peak:0.00M | Scene, ViewLayer | Synchronizing object | STUDIO rail pad.025
Fra:1 Mem:457.79M (Peak 457.79M) | Time:00:00.85 | Mem:0.00M, Peak:0.00M | Scene, ViewLayer | Synchronizing object | STUDIO fastening clip.049
Fra:1 Mem:457.79M (Peak 457.79M) | Time:00:00.85 | Mem:0.00M, Peak:0.00M | Scene, ViewLayer | Synchronizing object | Concertina gangway roof fold.006
Fra:1 Mem:457.79M (Peak 457.79M) | Time:00:00.85 | Mem:0.00M, Peak:0.00M | Scene, ViewLayer | Synchronizing object | STUDIO fastening clip.048
Fra:1 Mem:457.79M (Peak 457.79M) | Time:00:00.85 | Mem:0.00M, Peak:0.00M | Scene, ViewLayer | Synchronizing object | Concertina gangway upright fold.014
Fra:1 Mem:457.79M (Peak 457.79M) | Time:00:00.85 | Mem:0.00M, Peak:0.00M | Scene, ViewLayer | Synchronizing object | STUDIO rail pad.024
Fra:1 Mem:457.80M (Peak 457.80M) | Time:00:00.85 | Mem:0.00M, Peak:0.00M | Scene, ViewLayer | Synchronizing object | STUDIO sleeper.012
Fra:1 Mem:457.80M (Peak 457.80M) | Time:00:00.85 | Mem:0.00M, Peak:0.00M | Scene, ViewLayer | Synchronizing object | Concertina gangway upright fold.015
Fra:1 Mem:457.81M (Peak 457.81M) | Time:00:00.85 | Mem:0.00M, Peak:0.00M | Scene, ViewLayer | Synchronizing object | STUDIO fastening clip.047
Fra:1 Mem:457.81M (Peak 457.81M) | Time:00:00.85 | Mem:0.00M, Peak:0.00M | Scene, ViewLayer | Synchronizing object | STUDIO fastening clip.046
Fra:1 Mem:457.81M (Peak 457.81M) | Time:00:00.85 | Mem:0.00M, Peak:0.00M | Scene, ViewLayer | Synchronizing object | STUDIO rail pad.023
Fra:1 Mem:457.82M (Peak 457.82M) | Time:00:00.85 | Mem:0.00M, Peak:0.00M | Scene, ViewLayer | Synchronizing object | STUDIO fastening clip.045
Fra:1 Mem:457.82M (Peak 457.82M) | Time:00:00.85 | Mem:0.00M, Peak:0.00M | Scene, ViewLayer | Synchronizing object | STUDIO fastening clip.044
Fra:1 Mem:457.82M (Peak 457.82M) | Time:00:00.85 | Mem:0.00M, Peak:0.00M | Scene, ViewLayer | Synchronizing object | Concertina gangway upright fold.016
Fra:1 Mem:457.83M (Peak 457.83M) | Time:00:00.85 | Mem:0.00M, Peak:0.00M | Scene, ViewLayer | Synchronizing object | STUDIO rail pad.022
Fra:1 Mem:457.83M (Peak 457.83M) | Time:00:00.85 | Mem:0.00M, Peak:0.00M | Scene, ViewLayer | Synchronizing object | STUDIO sleeper.011
Fra:1 Mem:457.83M (Peak 457.83M) | Time:00:00.85 | Mem:0.00M, Peak:0.00M | Scene, ViewLayer | Synchronizing object | Concertina gangway upright fold.017
Fra:1 Mem:457.84M (Peak 457.84M) | Time:00:00.85 | Mem:0.00M, Peak:0.00M | Scene, ViewLayer | Synchronizing object | STUDIO fastening clip.043
Fra:1 Mem:457.84M (Peak 457.84M) | Time:00:00.85 | Mem:0.00M, Peak:0.00M | Scene, ViewLayer | Synchronizing object | STUDIO fastening clip.042
Fra:1 Mem:457.84M (Peak 457.84M) | Time:00:00.85 | Mem:0.00M, Peak:0.00M | Scene, ViewLayer | Synchronizing object | Concertina gangway roof fold.008
Fra:1 Mem:457.85M (Peak 457.85M) | Time:00:00.85 | Mem:0.00M, Peak:0.00M | Scene, ViewLayer | Synchronizing object | STUDIO rail pad.021
Fra:1 Mem:457.85M (Peak 457.85M) | Time:00:00.85 | Mem:0.00M, Peak:0.00M | Scene, ViewLayer | Synchronizing object | STUDIO fastening clip.041
Fra:1 Mem:457.85M (Peak 457.85M) | Time:00:00.85 | Mem:0.00M, Peak:0.00M | Scene, ViewLayer | Synchronizing object | Gangway sprung face frame
Fra:1 Mem:457.85M (Peak 457.85M) | Time:00:00.85 | Mem:0.00M, Peak:0.00M | Scene, ViewLayer | Synchronizing object | STUDIO fastening clip.040
Fra:1 Mem:457.86M (Peak 457.86M) | Time:00:00.85 | Mem:0.00M, Peak:0.00M | Scene, ViewLayer | Synchronizing object | STUDIO rail pad.020
Fra:1 Mem:457.86M (Peak 457.86M) | Time:00:00.85 | Mem:0.00M, Peak:0.00M | Scene, ViewLayer | Synchronizing object | Gangway sprung face frame.001
Fra:1 Mem:457.87M (Peak 457.87M) | Time:00:00.85 | Mem:0.00M, Peak:0.00M | Scene, ViewLayer | Synchronizing object | STUDIO sleeper.010
Fra:1 Mem:457.87M (Peak 457.87M) | Time:00:00.85 | Mem:0.00M, Peak:0.00M | Scene, ViewLayer | Synchronizing object | STUDIO fastening clip.039
Fra:1 Mem:457.87M (Peak 457.87M) | Time:00:00.85 | Mem:0.00M, Peak:0.00M | Scene, ViewLayer | Synchronizing object | Gangway sprung top frame
Fra:1 Mem:457.88M (Peak 457.88M) | Time:00:00.85 | Mem:0.00M, Peak:0.00M | Scene, ViewLayer | Synchronizing object | STUDIO fastening clip.038
Fra:1 Mem:457.88M (Peak 457.88M) | Time:00:00.85 | Mem:0.00M, Peak:0.00M | Scene, ViewLayer | Synchronizing object | STUDIO rail pad.019
Fra:1 Mem:457.88M (Peak 457.88M) | Time:00:00.85 | Mem:0.00M, Peak:0.00M | Scene, ViewLayer | Synchronizing object | Vestibule bridge plate
Fra:1 Mem:457.89M (Peak 457.89M) | Time:00:00.85 | Mem:0.00M, Peak:0.00M | Scene, ViewLayer | Synchronizing object | STUDIO fastening clip.037
Fra:1 Mem:457.89M (Peak 457.89M) | Time:00:00.85 | Mem:0.00M, Peak:0.00M | Scene, ViewLayer | Synchronizing object | STUDIO fastening clip.036
Fra:1 Mem:457.89M (Peak 457.89M) | Time:00:00.85 | Mem:0.00M, Peak:0.00M | Scene, ViewLayer | Synchronizing object | Bridge plate grip rib
Fra:1 Mem:457.90M (Peak 457.90M) | Time:00:00.85 | Mem:0.00M, Peak:0.00M | Scene, ViewLayer | Synchronizing object | STUDIO rail pad.018
Fra:1 Mem:457.90M (Peak 457.90M) | Time:00:00.85 | Mem:0.00M, Peak:0.00M | Scene, ViewLayer | Synchronizing object | Bridge plate grip rib.001
Fra:1 Mem:457.90M (Peak 457.90M) | Time:00:00.85 | Mem:0.00M, Peak:0.00M | Scene, ViewLayer | Synchronizing object | STUDIO sleeper.009
Fra:1 Mem:457.90M (Peak 457.90M) | Time:00:00.85 | Mem:0.00M, Peak:0.00M | Scene, ViewLayer | Synchronizing object | Bridge plate grip rib.002
Fra:1 Mem:457.90M (Peak 457.90M) | Time:00:00.85 | Mem:0.00M, Peak:0.00M | Scene, ViewLayer | Synchronizing object | STUDIO fastening clip.035
Fra:1 Mem:457.90M (Peak 457.90M) | Time:00:00.85 | Mem:0.00M, Peak:0.00M | Scene, ViewLayer | Synchronizing object | Bridge plate grip rib.003
Fra:1 Mem:457.90M (Peak 457.90M) | Time:00:00.85 | Mem:0.00M, Peak:0.00M | Scene, ViewLayer | Synchronizing object | STUDIO fastening clip.034
Fra:1 Mem:457.90M (Peak 457.90M) | Time:00:00.85 | Mem:0.00M, Peak:0.00M | Scene, ViewLayer | Synchronizing object | Bridge plate grip rib.004
Fra:1 Mem:457.90M (Peak 457.90M) | Time:00:00.85 | Mem:0.00M, Peak:0.00M | Scene, ViewLayer | Synchronizing object | STUDIO rail pad.017
Fra:1 Mem:457.91M (Peak 457.91M) | Time:00:00.85 | Mem:0.00M, Peak:0.00M | Scene, ViewLayer | Synchronizing object | Bridge plate grip rib.005
Fra:1 Mem:457.91M (Peak 457.91M) | Time:00:00.85 | Mem:0.00M, Peak:0.00M | Scene, ViewLayer | Synchronizing object | STUDIO fastening clip.033
Fra:1 Mem:457.91M (Peak 457.91M) | Time:00:00.85 | Mem:0.00M, Peak:0.00M | Scene, ViewLayer | Synchronizing object | Bridge plate grip rib.006
Fra:1 Mem:457.91M (Peak 457.91M) | Time:00:00.85 | Mem:0.00M, Peak:0.00M | Scene, ViewLayer | Synchronizing object | STUDIO fastening clip.032
Fra:1 Mem:457.91M (Peak 457.91M) | Time:00:00.85 | Mem:0.00M, Peak:0.00M | Scene, ViewLayer | Synchronizing object | Bridge plate grip rib.007
Fra:1 Mem:457.91M (Peak 457.91M) | Time:00:00.85 | Mem:0.00M, Peak:0.00M | Scene, ViewLayer | Synchronizing object | STUDIO rail pad.016
Fra:1 Mem:457.91M (Peak 457.91M) | Time:00:00.85 | Mem:0.00M, Peak:0.00M | Scene, ViewLayer | Synchronizing object | Bridge plate grip rib.008
Fra:1 Mem:457.91M (Peak 457.91M) | Time:00:00.85 | Mem:0.00M, Peak:0.00M | Scene, ViewLayer | Synchronizing object | STUDIO sleeper.008
Fra:1 Mem:457.91M (Peak 457.91M) | Time:00:00.85 | Mem:0.00M, Peak:0.00M | Scene, ViewLayer | Synchronizing object | Bridge plate grip rib.009
Fra:1 Mem:457.91M (Peak 457.91M) | Time:00:00.85 | Mem:0.00M, Peak:0.00M | Scene, ViewLayer | Synchronizing object | STUDIO fastening clip.031
Fra:1 Mem:457.92M (Peak 457.92M) | Time:00:00.85 | Mem:0.00M, Peak:0.00M | Scene, ViewLayer | Synchronizing object | Bridge plate grip rib.010
Fra:1 Mem:457.92M (Peak 457.92M) | Time:00:00.85 | Mem:0.00M, Peak:0.00M | Scene, ViewLayer | Synchronizing object | STUDIO fastening clip.030
Fra:1 Mem:457.92M (Peak 457.92M) | Time:00:00.85 | Mem:0.00M, Peak:0.00M | Scene, ViewLayer | Synchronizing object | Bridge plate grip rib.011
Fra:1 Mem:457.92M (Peak 457.92M) | Time:00:00.85 | Mem:0.00M, Peak:0.00M | Scene, ViewLayer | Synchronizing object | STUDIO rail pad.015
Fra:1 Mem:457.92M (Peak 457.92M) | Time:00:00.85 | Mem:0.00M, Peak:0.00M | Scene, ViewLayer | Synchronizing object | Bridge plate grip rib.012
Fra:1 Mem:457.92M (Peak 457.92M) | Time:00:00.85 | Mem:0.00M, Peak:0.00M | Scene, ViewLayer | Synchronizing object | STUDIO fastening clip.029
Fra:1 Mem:457.92M (Peak 457.92M) | Time:00:00.85 | Mem:0.00M, Peak:0.00M | Scene, ViewLayer | Synchronizing object | End sliding door stile
Fra:1 Mem:457.92M (Peak 457.92M) | Time:00:00.85 | Mem:0.00M, Peak:0.00M | Scene, ViewLayer | Synchronizing object | STUDIO fastening clip.028
Fra:1 Mem:457.93M (Peak 457.93M) | Time:00:00.85 | Mem:0.00M, Peak:0.00M | Scene, ViewLayer | Synchronizing object | STUDIO rail pad.014
Fra:1 Mem:457.93M (Peak 457.93M) | Time:00:00.85 | Mem:0.00M, Peak:0.00M | Scene, ViewLayer | Synchronizing object | End sliding door stile.001
Fra:1 Mem:457.93M (Peak 457.93M) | Time:00:00.85 | Mem:0.00M, Peak:0.00M | Scene, ViewLayer | Synchronizing object | STUDIO sleeper.007
Fra:1 Mem:457.94M (Peak 457.94M) | Time:00:00.85 | Mem:0.00M, Peak:0.00M | Scene, ViewLayer | Synchronizing object | STUDIO fastening clip.027
Fra:1 Mem:457.94M (Peak 457.94M) | Time:00:00.85 | Mem:0.00M, Peak:0.00M | Scene, ViewLayer | Synchronizing object | End sliding door panel
Fra:1 Mem:457.94M (Peak 457.94M) | Time:00:00.85 | Mem:0.00M, Peak:0.00M | Scene, ViewLayer | Synchronizing object | STUDIO fastening clip.026
Fra:1 Mem:457.95M (Peak 457.95M) | Time:00:00.85 | Mem:0.00M, Peak:0.00M | Scene, ViewLayer | Synchronizing object | STUDIO rail pad.013
Fra:1 Mem:457.95M (Peak 457.95M) | Time:00:00.85 | Mem:0.00M, Peak:0.00M | Scene, ViewLayer | Synchronizing object | End sliding door panel.001
Fra:1 Mem:457.95M (Peak 457.95M) | Time:00:00.85 | Mem:0.00M, Peak:0.00M | Scene, ViewLayer | Synchronizing object | STUDIO fastening clip.025
Fra:1 Mem:457.96M (Peak 457.96M) | Time:00:00.85 | Mem:0.00M, Peak:0.00M | Scene, ViewLayer | Synchronizing object | STUDIO fastening clip.024
Fra:1 Mem:457.96M (Peak 457.96M) | Time:00:00.85 | Mem:0.00M, Peak:0.00M | Scene, ViewLayer | Synchronizing object | End door clear window
Fra:1 Mem:457.96M (Peak 457.96M) | Time:00:00.85 | Mem:0.00M, Peak:0.00M | Scene, ViewLayer | Synchronizing object | STUDIO rail pad.012
Fra:1 Mem:457.97M (Peak 457.97M) | Time:00:00.85 | Mem:0.00M, Peak:0.00M | Scene, ViewLayer | Synchronizing object | STUDIO sleeper.006
Fra:1 Mem:457.97M (Peak 457.97M) | Time:00:00.85 | Mem:0.00M, Peak:0.00M | Scene, ViewLayer | Synchronizing object | End glazed door vertical gasket
Fra:1 Mem:457.97M (Peak 457.97M) | Time:00:00.85 | Mem:0.00M, Peak:0.00M | Scene, ViewLayer | Synchronizing object | STUDIO fastening clip.023
Fra:1 Mem:457.98M (Peak 457.98M) | Time:00:00.85 | Mem:0.00M, Peak:0.00M | Scene, ViewLayer | Synchronizing object | End glazed door vertical gasket.001
Fra:1 Mem:457.98M (Peak 457.98M) | Time:00:00.85 | Mem:0.00M, Peak:0.00M | Scene, ViewLayer | Synchronizing object | STUDIO fastening clip.022
Fra:1 Mem:457.98M (Peak 457.98M) | Time:00:00.85 | Mem:0.00M, Peak:0.00M | Scene, ViewLayer | Synchronizing object | STUDIO rail pad.011
Fra:1 Mem:457.98M (Peak 457.98M) | Time:00:00.85 | Mem:0.00M, Peak:0.00M | Scene, ViewLayer | Synchronizing object | End glazed door horizontal gasket
Fra:1 Mem:457.98M (Peak 457.98M) | Time:00:00.85 | Mem:0.00M, Peak:0.00M | Scene, ViewLayer | Synchronizing object | STUDIO fastening clip.021
Fra:1 Mem:457.98M (Peak 457.98M) | Time:00:00.85 | Mem:0.00M, Peak:0.00M | Scene, ViewLayer | Synchronizing object | End glazed door horizontal gasket.001
Fra:1 Mem:457.99M (Peak 457.99M) | Time:00:00.85 | Mem:0.00M, Peak:0.00M | Scene, ViewLayer | Synchronizing object | STUDIO fastening clip.020
Fra:1 Mem:457.99M (Peak 457.99M) | Time:00:00.85 | Mem:0.00M, Peak:0.00M | Scene, ViewLayer | Synchronizing object | Vestibule door grab pull
Fra:1 Mem:457.99M (Peak 457.99M) | Time:00:00.85 | Mem:0.00M, Peak:0.00M | Scene, ViewLayer | Synchronizing object | STUDIO rail pad.010
Fra:1 Mem:457.99M (Peak 457.99M) | Time:00:00.85 | Mem:0.00M, Peak:0.00M | Scene, ViewLayer | Synchronizing object | STUDIO sleeper.005
Fra:1 Mem:457.99M (Peak 457.99M) | Time:00:00.85 | Mem:0.00M, Peak:0.00M | Scene, ViewLayer | Synchronizing object | Vestibule door grab pull.001
Fra:1 Mem:458.00M (Peak 458.00M) | Time:00:00.85 | Mem:0.00M, Peak:0.00M | Scene, ViewLayer | Synchronizing object | STUDIO fastening clip.019
Fra:1 Mem:458.00M (Peak 458.00M) | Time:00:00.85 | Mem:0.00M, Peak:0.00M | Scene, ViewLayer | Synchronizing object | STUDIO fastening clip.018
Fra:1 Mem:458.00M (Peak 458.00M) | Time:00:00.85 | Mem:0.00M, Peak:0.00M | Scene, ViewLayer | Synchronizing object | End marker lamp socket
Fra:1 Mem:458.00M (Peak 458.00M) | Time:00:00.85 | Mem:0.00M, Peak:0.00M | Scene, ViewLayer | Synchronizing object | STUDIO rail pad.009
Fra:1 Mem:458.01M (Peak 458.01M) | Time:00:00.85 | Mem:0.00M, Peak:0.00M | Scene, ViewLayer | Synchronizing object | STUDIO fastening clip.017
Fra:1 Mem:458.01M (Peak 458.01M) | Time:00:00.85 | Mem:0.00M, Peak:0.00M | Scene, ViewLayer | Synchronizing object | End red marker reflector
Fra:1 Mem:458.01M (Peak 458.01M) | Time:00:00.85 | Mem:0.00M, Peak:0.00M | Scene, ViewLayer | Synchronizing object | STUDIO fastening clip.016
Fra:1 Mem:458.02M (Peak 458.02M) | Time:00:00.85 | Mem:0.00M, Peak:0.00M | Scene, ViewLayer | Synchronizing object | End marker lamp socket.001
Fra:1 Mem:458.02M (Peak 458.02M) | Time:00:00.85 | Mem:0.00M, Peak:0.00M | Scene, ViewLayer | Synchronizing object | STUDIO rail pad.008
Fra:1 Mem:458.02M (Peak 458.02M) | Time:00:00.85 | Mem:0.00M, Peak:0.00M | Scene, ViewLayer | Synchronizing object | End red marker reflector.001
Fra:1 Mem:458.03M (Peak 458.03M) | Time:00:00.85 | Mem:0.00M, Peak:0.00M | Scene, ViewLayer | Synchronizing object | STUDIO sleeper.004
Fra:1 Mem:458.03M (Peak 458.03M) | Time:00:00.85 | Mem:0.00M, Peak:0.00M | Scene, ViewLayer | Synchronizing object | End water fill pipe
Fra:1 Mem:458.03M (Peak 458.03M) | Time:00:00.85 | Mem:0.00M, Peak:0.00M | Scene, ViewLayer | Synchronizing object | STUDIO fastening clip.015
Fra:1 Mem:458.04M (Peak 458.04M) | Time:00:00.85 | Mem:0.00M, Peak:0.00M | Scene, ViewLayer | Synchronizing object | STUDIO fastening clip.014
Fra:1 Mem:458.04M (Peak 458.04M) | Time:00:00.85 | Mem:0.00M, Peak:0.00M | Scene, ViewLayer | Synchronizing object | Water pipe end wall retaining strap
Fra:1 Mem:458.04M (Peak 458.04M) | Time:00:00.85 | Mem:0.00M, Peak:0.00M | Scene, ViewLayer | Synchronizing object | STUDIO rail pad.007
Fra:1 Mem:458.05M (Peak 458.05M) | Time:00:00.85 | Mem:0.00M, Peak:0.00M | Scene, ViewLayer | Synchronizing object | STUDIO fastening clip.013
Fra:1 Mem:458.05M (Peak 458.05M) | Time:00:00.85 | Mem:0.00M, Peak:0.00M | Scene, ViewLayer | Synchronizing object | Water pipe end wall retaining strap.001
Fra:1 Mem:458.05M (Peak 458.05M) | Time:00:00.85 | Mem:0.00M, Peak:0.00M | Scene, ViewLayer | Synchronizing object | STUDIO fastening clip.012
Fra:1 Mem:458.06M (Peak 458.06M) | Time:00:00.85 | Mem:0.00M, Peak:0.00M | Scene, ViewLayer | Synchronizing object | STUDIO rail pad.006
Fra:1 Mem:458.06M (Peak 458.06M) | Time:00:00.85 | Mem:0.00M, Peak:0.00M | Scene, ViewLayer | Synchronizing object | Water pipe end wall retaining strap.002
Fra:1 Mem:458.07M (Peak 458.07M) | Time:00:00.85 | Mem:0.00M, Peak:0.00M | Scene, ViewLayer | Synchronizing object | STUDIO sleeper.003
Fra:1 Mem:458.07M (Peak 458.07M) | Time:00:00.85 | Mem:0.00M, Peak:0.00M | Scene, ViewLayer | Synchronizing object | End maintenance grab handle
Fra:1 Mem:458.07M (Peak 458.07M) | Time:00:00.85 | Mem:0.00M, Peak:0.00M | Scene, ViewLayer | Synchronizing object | STUDIO fastening clip.011
Fra:1 Mem:458.08M (Peak 458.08M) | Time:00:00.85 | Mem:0.00M, Peak:0.00M | Scene, ViewLayer | Synchronizing object | STUDIO fastening clip.010
Fra:1 Mem:458.08M (Peak 458.08M) | Time:00:00.85 | Mem:0.00M, Peak:0.00M | Scene, ViewLayer | Synchronizing object | End maintenance grab handle.001
Fra:1 Mem:458.10M (Peak 458.10M) | Time:00:00.85 | Mem:0.00M, Peak:0.00M | Scene, ViewLayer | Synchronizing object | STUDIO rail pad.005
Fra:1 Mem:458.09M (Peak 458.10M) | Time:00:00.85 | Mem:0.00M, Peak:0.00M | Scene, ViewLayer | Synchronizing object | STUDIO fastening clip.009
Fra:1 Mem:458.09M (Peak 458.10M) | Time:00:00.85 | Mem:0.00M, Peak:0.00M | Scene, ViewLayer | Synchronizing object | Formed end wall.002
Fra:1 Mem:458.10M (Peak 458.10M) | Time:00:00.85 | Mem:0.00M, Peak:0.00M | Scene, ViewLayer | Synchronizing object | STUDIO fastening clip.008
Fra:1 Mem:458.10M (Peak 458.10M) | Time:00:00.85 | Mem:0.00M, Peak:0.00M | Scene, ViewLayer | Synchronizing object | STUDIO rail pad.004
Fra:1 Mem:458.10M (Peak 458.10M) | Time:00:00.85 | Mem:0.00M, Peak:0.00M | Scene, ViewLayer | Synchronizing object | Formed end wall.003
Fra:1 Mem:458.11M (Peak 458.11M) | Time:00:00.85 | Mem:0.00M, Peak:0.00M | Scene, ViewLayer | Synchronizing object | STUDIO sleeper.002
Fra:1 Mem:458.11M (Peak 458.11M) | Time:00:00.85 | Mem:0.00M, Peak:0.00M | Scene, ViewLayer | Synchronizing object | End wall door header.001
Fra:1 Mem:458.11M (Peak 458.11M) | Time:00:00.85 | Mem:0.00M, Peak:0.00M | Scene, ViewLayer | Synchronizing object | STUDIO fastening clip.007
Fra:1 Mem:458.11M (Peak 458.11M) | Time:00:00.85 | Mem:0.00M, Peak:0.00M | Scene, ViewLayer | Synchronizing object | Domed end cap skin.001
Fra:1 Mem:458.11M (Peak 458.11M) | Time:00:00.85 | Mem:0.00M, Peak:0.00M | Scene, ViewLayer | Synchronizing object | STUDIO fastening clip.006
Fra:1 Mem:458.12M (Peak 458.12M) | Time:00:00.85 | Mem:0.00M, Peak:0.00M | Scene, ViewLayer | Synchronizing object | STUDIO rail pad.003
Fra:1 Mem:458.12M (Peak 458.12M) | Time:00:00.85 | Mem:0.00M, Peak:0.00M | Scene, ViewLayer | Synchronizing object | Yellow end visibility stripe.002
Fra:1 Mem:458.12M (Peak 458.12M) | Time:00:00.85 | Mem:0.00M, Peak:0.00M | Scene, ViewLayer | Synchronizing object | STUDIO fastening clip.005
Fra:1 Mem:458.12M (Peak 458.12M) | Time:00:00.85 | Mem:0.00M, Peak:0.00M | Scene, ViewLayer | Synchronizing object | Yellow end visibility stripe.003
Fra:1 Mem:458.12M (Peak 458.12M) | Time:00:00.85 | Mem:0.00M, Peak:0.00M | Scene, ViewLayer | Synchronizing object | STUDIO fastening clip.004
Fra:1 Mem:458.12M (Peak 458.12M) | Time:00:00.85 | Mem:0.00M, Peak:0.00M | Scene, ViewLayer | Synchronizing object | Concertina gangway upright fold.018
Fra:1 Mem:458.13M (Peak 458.13M) | Time:00:00.85 | Mem:0.00M, Peak:0.00M | Scene, ViewLayer | Synchronizing object | STUDIO rail pad.002
Fra:1 Mem:458.13M (Peak 458.13M) | Time:00:00.85 | Mem:0.00M, Peak:0.00M | Scene, ViewLayer | Synchronizing object | STUDIO sleeper.001
Fra:1 Mem:458.13M (Peak 458.13M) | Time:00:00.85 | Mem:0.00M, Peak:0.00M | Scene, ViewLayer | Synchronizing object | Concertina gangway upright fold.019
Fra:1 Mem:458.14M (Peak 458.14M) | Time:00:00.85 | Mem:0.00M, Peak:0.00M | Scene, ViewLayer | Synchronizing object | STUDIO fastening clip.003
Fra:1 Mem:458.14M (Peak 458.14M) | Time:00:00.85 | Mem:0.00M, Peak:0.00M | Scene, ViewLayer | Synchronizing object | STUDIO fastening clip.002
Fra:1 Mem:458.14M (Peak 458.14M) | Time:00:00.85 | Mem:0.00M, Peak:0.00M | Scene, ViewLayer | Synchronizing object | STUDIO rail pad.001
Fra:1 Mem:458.14M (Peak 458.14M) | Time:00:00.85 | Mem:0.00M, Peak:0.00M | Scene, ViewLayer | Synchronizing object | STUDIO fastening clip.001
Fra:1 Mem:458.15M (Peak 458.15M) | Time:00:00.85 | Mem:0.00M, Peak:0.00M | Scene, ViewLayer | Synchronizing object | STUDIO fastening clip
Fra:1 Mem:458.15M (Peak 458.15M) | Time:00:00.85 | Mem:0.00M, Peak:0.00M | Scene, ViewLayer | Synchronizing object | STUDIO rail pad
Fra:1 Mem:458.15M (Peak 458.15M) | Time:00:00.85 | Mem:0.00M, Peak:0.00M | Scene, ViewLayer | Synchronizing object | STUDIO sleeper
Fra:1 Mem:458.15M (Peak 458.15M) | Time:00:00.85 | Mem:0.00M, Peak:0.00M | Scene, ViewLayer | Synchronizing object | STUDIO rail base.001
Fra:1 Mem:458.15M (Peak 458.15M) | Time:00:00.85 | Mem:0.00M, Peak:0.00M | Scene, ViewLayer | Synchronizing object | STUDIO rail web.001
Fra:1 Mem:458.16M (Peak 458.16M) | Time:00:00.85 | Mem:0.00M, Peak:0.00M | Scene, ViewLayer | Synchronizing object | STUDIO rail head.001
Fra:1 Mem:458.16M (Peak 458.16M) | Time:00:00.85 | Mem:0.00M, Peak:0.00M | Scene, ViewLayer | Synchronizing object | Concertina gangway upright fold.020
Fra:1 Mem:458.16M (Peak 458.16M) | Time:00:00.85 | Mem:0.00M, Peak:0.00M | Scene, ViewLayer | Synchronizing object | STUDIO rail base
Fra:1 Mem:458.17M (Peak 458.17M) | Time:00:00.85 | Mem:0.00M, Peak:0.00M | Scene, ViewLayer | Synchronizing object | STUDIO rail web
Fra:1 Mem:458.17M (Peak 458.17M) | Time:00:00.85 | Mem:0.00M, Peak:0.00M | Scene, ViewLayer | Synchronizing object | Concertina gangway upright fold.021
Fra:1 Mem:458.17M (Peak 458.17M) | Time:00:00.85 | Mem:0.00M, Peak:0.00M | Scene, ViewLayer | Synchronizing object | STUDIO rail head
Fra:1 Mem:458.18M (Peak 458.18M) | Time:00:00.85 | Mem:0.00M, Peak:0.00M | Scene, ViewLayer | Synchronizing object | STUDIO ground
Fra:1 Mem:458.18M (Peak 458.18M) | Time:00:00.85 | Mem:0.00M, Peak:0.00M | Scene, ViewLayer | Synchronizing object | Concertina gangway roof fold.010
Fra:1 Mem:458.18M (Peak 458.18M) | Time:00:00.85 | Mem:0.00M, Peak:0.00M | Scene, ViewLayer | Synchronizing object | First AC upper guard upright.026
Fra:1 Mem:458.19M (Peak 458.19M) | Time:00:00.85 | Mem:0.00M, Peak:0.00M | Scene, ViewLayer | Synchronizing object | Concertina gangway upright fold.022
Fra:1 Mem:458.20M (Peak 458.20M) | Time:00:00.85 | Mem:0.00M, Peak:0.00M | Scene, ViewLayer | Synchronizing object | First AC upper guard upright.025
Fra:1 Mem:458.20M (Peak 458.20M) | Time:00:00.85 | Mem:0.00M, Peak:0.00M | Scene, ViewLayer | Synchronizing object | Concertina gangway upright fold.023
Fra:1 Mem:458.20M (Peak 458.20M) | Time:00:00.85 | Mem:0.00M, Peak:0.00M | Scene, ViewLayer | Synchronizing object | First AC upper guard upright.024
Fra:1 Mem:458.21M (Peak 458.21M) | Time:00:00.85 | Mem:0.00M, Peak:0.00M | Scene, ViewLayer | Synchronizing object | First AC upper guard rail.017
Fra:1 Mem:458.22M (Peak 458.22M) | Time:00:00.85 | Mem:0.00M, Peak:0.00M | Scene, ViewLayer | Synchronizing object | First AC upper guard rail.016
Fra:1 Mem:458.22M (Peak 458.22M) | Time:00:00.85 | Mem:0.00M, Peak:0.00M | Scene, ViewLayer | Synchronizing object | Concertina gangway roof fold.011
Fra:1 Mem:458.23M (Peak 458.23M) | Time:00:00.85 | Mem:0.00M, Peak:0.00M | Scene, ViewLayer | Synchronizing object | First AC armrest support.017
Fra:1 Mem:458.24M (Peak 458.24M) | Time:00:00.85 | Mem:0.00M, Peak:0.00M | Scene, ViewLayer | Synchronizing object | Concertina gangway upright fold.024
Fra:1 Mem:458.25M (Peak 458.25M) | Time:00:00.85 | Mem:0.00M, Peak:0.00M | Scene, ViewLayer | Synchronizing object | First AC armrest pivot.017
Fra:1 Mem:458.25M (Peak 458.25M) | Time:00:00.85 | Mem:0.00M, Peak:0.00M | Scene, ViewLayer | Synchronizing object | Concertina gangway upright fold.025
Fra:1 Mem:458.26M (Peak 458.26M) | Time:00:00.85 | Mem:0.00M, Peak:0.00M | Scene, ViewLayer | Synchronizing object | First AC upholstered arm pad.017
Fra:1 Mem:458.26M (Peak 458.26M) | Time:00:00.85 | Mem:0.00M, Peak:0.00M | Scene, ViewLayer | Synchronizing object | Concertina gangway roof fold.012
Fra:1 Mem:458.28M (Peak 458.28M) | Time:00:00.85 | Mem:0.00M, Peak:0.00M | Scene, ViewLayer | Synchronizing object | Concertina gangway upright fold.026
Fra:1 Mem:458.28M (Peak 458.28M) | Time:00:00.85 | Mem:0.00M, Peak:0.00M | Scene, ViewLayer | Synchronizing object | First AC armrest support.016
Fra:1 Mem:458.29M (Peak 458.29M) | Time:00:00.85 | Mem:0.00M, Peak:0.00M | Scene, ViewLayer | Synchronizing object | Concertina gangway upright fold.027
Fra:1 Mem:458.29M (Peak 458.29M) | Time:00:00.85 | Mem:0.00M, Peak:0.00M | Scene, ViewLayer | Synchronizing object | First AC armrest pivot.016
Fra:1 Mem:458.31M (Peak 458.31M) | Time:00:00.85 | Mem:0.00M, Peak:0.00M | Scene, ViewLayer | Synchronizing object | Concertina gangway roof fold.013
Fra:1 Mem:458.31M (Peak 458.31M) | Time:00:00.85 | Mem:0.00M, Peak:0.00M | Scene, ViewLayer | Synchronizing object | First AC upholstered arm pad.016
Fra:1 Mem:458.32M (Peak 458.32M) | Time:00:00.85 | Mem:0.00M, Peak:0.00M | Scene, ViewLayer | Synchronizing object | Concertina gangway upright fold.028
Fra:1 Mem:458.33M (Peak 458.33M) | Time:00:00.85 | Mem:0.00M, Peak:0.00M | Scene, ViewLayer | Synchronizing object | First AC personal lamp switch.017
Fra:1 Mem:458.34M (Peak 458.34M) | Time:00:00.85 | Mem:0.00M, Peak:0.00M | Scene, ViewLayer | Synchronizing object | Concertina gangway upright fold.029
Fra:1 Mem:458.35M (Peak 458.35M) | Time:00:00.85 | Mem:0.00M, Peak:0.00M | Scene, ViewLayer | Synchronizing object | First AC reading lamp diffuser.017
Fra:1 Mem:458.35M (Peak 458.35M) | Time:00:00.85 | Mem:0.00M, Peak:0.00M | Scene, ViewLayer | Synchronizing object | First AC shielded reading lamp.017
Fra:1 Mem:458.36M (Peak 458.36M) | Time:00:00.85 | Mem:0.00M, Peak:0.00M | Scene, ViewLayer | Synchronizing object | Concertina gangway roof fold.014
Fra:1 Mem:458.37M (Peak 458.37M) | Time:00:00.85 | Mem:0.00M, Peak:0.00M | Scene, ViewLayer | Synchronizing object | First AC individual reading light mount.017
Fra:1 Mem:458.37M (Peak 458.37M) | Time:00:00.85 | Mem:0.00M, Peak:0.00M | Scene, ViewLayer | Synchronizing object | Concertina gangway upright fold.030
Fra:1 Mem:458.38M (Peak 458.38M) | Time:00:00.85 | Mem:0.00M, Peak:0.00M | Scene, ViewLayer | Synchronizing object | First AC personal lamp switch.016
Fra:1 Mem:458.39M (Peak 458.39M) | Time:00:00.85 | Mem:0.00M, Peak:0.00M | Scene, ViewLayer | Synchronizing object | Concertina gangway upright fold.031
Fra:1 Mem:458.40M (Peak 458.40M) | Time:00:00.85 | Mem:0.00M, Peak:0.00M | Scene, ViewLayer | Synchronizing object | First AC reading lamp diffuser.016
Fra:1 Mem:458.41M (Peak 458.41M) | Time:00:00.85 | Mem:0.00M, Peak:0.00M | Scene, ViewLayer | Synchronizing object | Concertina gangway roof fold.015
Fra:1 Mem:458.41M (Peak 458.41M) | Time:00:00.85 | Mem:0.00M, Peak:0.00M | Scene, ViewLayer | Synchronizing object | First AC shielded reading lamp.016
Fra:1 Mem:458.42M (Peak 458.42M) | Time:00:00.85 | Mem:0.00M, Peak:0.00M | Scene, ViewLayer | Synchronizing object | Concertina gangway upright fold.032
Fra:1 Mem:458.42M (Peak 458.42M) | Time:00:00.85 | Mem:0.00M, Peak:0.00M | Scene, ViewLayer | Synchronizing object | First AC individual reading light mount.016
Fra:1 Mem:458.44M (Peak 458.44M) | Time:00:00.85 | Mem:0.00M, Peak:0.00M | Scene, ViewLayer | Synchronizing object | Concertina gangway upright fold.033
Fra:1 Mem:458.44M (Peak 458.44M) | Time:00:00.85 | Mem:0.00M, Peak:0.00M | Scene, ViewLayer | Synchronizing object | First AC upper guard upright.023
Fra:1 Mem:458.45M (Peak 458.45M) | Time:00:00.85 | Mem:0.00M, Peak:0.00M | Scene, ViewLayer | Synchronizing object | First AC upper guard upright.022
Fra:1 Mem:458.46M (Peak 458.46M) | Time:00:00.85 | Mem:0.00M, Peak:0.00M | Scene, ViewLayer | Synchronizing object | Concertina gangway roof fold.016
Fra:1 Mem:458.46M (Peak 458.46M) | Time:00:00.85 | Mem:0.00M, Peak:0.00M | Scene, ViewLayer | Synchronizing object | First AC upper guard upright.021
Fra:1 Mem:458.47M (Peak 458.47M) | Time:00:00.85 | Mem:0.00M, Peak:0.00M | Scene, ViewLayer | Synchronizing object | Concertina gangway upright fold.034
Fra:1 Mem:458.47M (Peak 458.47M) | Time:00:00.85 | Mem:0.00M, Peak:0.00M | Scene, ViewLayer | Synchronizing object | First AC upper guard rail.015
Fra:1 Mem:458.48M (Peak 458.48M) | Time:00:00.85 | Mem:0.00M, Peak:0.00M | Scene, ViewLayer | Synchronizing object | Concertina gangway upright fold.035
Fra:1 Mem:458.48M (Peak 458.48M) | Time:00:00.85 | Mem:0.00M, Peak:0.00M | Scene, ViewLayer | Synchronizing object | First AC upper guard rail.014
Fra:1 Mem:458.49M (Peak 458.49M) | Time:00:00.85 | Mem:0.00M, Peak:0.00M | Scene, ViewLayer | Synchronizing object | Concertina gangway roof fold.017
Fra:1 Mem:458.49M (Peak 458.49M) | Time:00:00.85 | Mem:0.00M, Peak:0.00M | Scene, ViewLayer | Synchronizing object | First AC armrest support.015
Fra:1 Mem:458.51M (Peak 458.51M) | Time:00:00.85 | Mem:0.00M, Peak:0.00M | Scene, ViewLayer | Synchronizing object | Gangway sprung face frame.002
Fra:1 Mem:458.51M (Peak 458.51M) | Time:00:00.85 | Mem:0.00M, Peak:0.00M | Scene, ViewLayer | Synchronizing object | First AC armrest pivot.015
Fra:1 Mem:458.52M (Peak 458.52M) | Time:00:00.85 | Mem:0.00M, Peak:0.00M | Scene, ViewLayer | Synchronizing object | Gangway sprung face frame.003
Fra:1 Mem:458.52M (Peak 458.52M) | Time:00:00.85 | Mem:0.00M, Peak:0.00M | Scene, ViewLayer | Synchronizing object | First AC upholstered arm pad.015
Fra:1 Mem:458.54M (Peak 458.54M) | Time:00:00.85 | Mem:0.00M, Peak:0.00M | Scene, ViewLayer | Synchronizing object | Gangway sprung top frame.001
Fra:1 Mem:458.54M (Peak 458.54M) | Time:00:00.85 | Mem:0.00M, Peak:0.00M | Scene, ViewLayer | Synchronizing object | First AC armrest support.014
Fra:1 Mem:458.56M (Peak 458.56M) | Time:00:00.85 | Mem:0.00M, Peak:0.00M | Scene, ViewLayer | Synchronizing object | Vestibule bridge plate.001
Fra:1 Mem:458.56M (Peak 458.56M) | Time:00:00.85 | Mem:0.00M, Peak:0.00M | Scene, ViewLayer | Synchronizing object | First AC armrest pivot.014
Fra:1 Mem:458.57M (Peak 458.57M) | Time:00:00.85 | Mem:0.00M, Peak:0.00M | Scene, ViewLayer | Synchronizing object | Bridge plate grip rib.013
Fra:1 Mem:458.57M (Peak 458.57M) | Time:00:00.85 | Mem:0.00M, Peak:0.00M | Scene, ViewLayer | Synchronizing object | First AC upholstered arm pad.014
Fra:1 Mem:458.58M (Peak 458.58M) | Time:00:00.85 | Mem:0.00M, Peak:0.00M | Scene, ViewLayer | Synchronizing object | Bridge plate grip rib.014
Fra:1 Mem:458.58M (Peak 458.58M) | Time:00:00.85 | Mem:0.00M, Peak:0.00M | Scene, ViewLayer | Synchronizing object | First AC personal lamp switch.015
Fra:1 Mem:458.58M (Peak 458.58M) | Time:00:00.85 | Mem:0.00M, Peak:0.00M | Scene, ViewLayer | Synchronizing object | Bridge plate grip rib.015
Fra:1 Mem:458.59M (Peak 458.59M) | Time:00:00.85 | Mem:0.00M, Peak:0.00M | Scene, ViewLayer | Synchronizing object | Bridge plate grip rib.016
Fra:1 Mem:458.59M (Peak 458.59M) | Time:00:00.85 | Mem:0.00M, Peak:0.00M | Scene, ViewLayer | Synchronizing object | First AC reading lamp diffuser.015
Fra:1 Mem:458.60M (Peak 458.60M) | Time:00:00.85 | Mem:0.00M, Peak:0.00M | Scene, ViewLayer | Synchronizing object | Bridge plate grip rib.017
Fra:1 Mem:458.60M (Peak 458.60M) | Time:00:00.85 | Mem:0.00M, Peak:0.00M | Scene, ViewLayer | Synchronizing object | First AC shielded reading lamp.015
Fra:1 Mem:458.60M (Peak 458.60M) | Time:00:00.85 | Mem:0.00M, Peak:0.00M | Scene, ViewLayer | Synchronizing object | Bridge plate grip rib.018
Fra:1 Mem:458.61M (Peak 458.61M) | Time:00:00.85 | Mem:0.00M, Peak:0.00M | Scene, ViewLayer | Synchronizing object | Bridge plate grip rib.019
Fra:1 Mem:458.61M (Peak 458.61M) | Time:00:00.85 | Mem:0.00M, Peak:0.00M | Scene, ViewLayer | Synchronizing object | First AC individual reading light mount.015
Fra:1 Mem:458.61M (Peak 458.61M) | Time:00:00.85 | Mem:0.00M, Peak:0.00M | Scene, ViewLayer | Synchronizing object | Bridge plate grip rib.020
Fra:1 Mem:458.62M (Peak 458.62M) | Time:00:00.85 | Mem:0.00M, Peak:0.00M | Scene, ViewLayer | Synchronizing object | Bridge plate grip rib.021
Fra:1 Mem:458.62M (Peak 458.62M) | Time:00:00.85 | Mem:0.00M, Peak:0.00M | Scene, ViewLayer | Synchronizing object | First AC personal lamp switch.014
Fra:1 Mem:458.62M (Peak 458.62M) | Time:00:00.85 | Mem:0.00M, Peak:0.00M | Scene, ViewLayer | Synchronizing object | Bridge plate grip rib.022
Fra:1 Mem:458.63M (Peak 458.63M) | Time:00:00.85 | Mem:0.00M, Peak:0.00M | Scene, ViewLayer | Synchronizing object | Bridge plate grip rib.023
Fra:1 Mem:458.63M (Peak 458.63M) | Time:00:00.85 | Mem:0.00M, Peak:0.00M | Scene, ViewLayer | Synchronizing object | First AC reading lamp diffuser.014
Fra:1 Mem:458.63M (Peak 458.63M) | Time:00:00.85 | Mem:0.00M, Peak:0.00M | Scene, ViewLayer | Synchronizing object | Bridge plate grip rib.024
Fra:1 Mem:458.64M (Peak 458.64M) | Time:00:00.85 | Mem:0.00M, Peak:0.00M | Scene, ViewLayer | Synchronizing object | First AC shielded reading lamp.014
Fra:1 Mem:458.65M (Peak 458.65M) | Time:00:00.85 | Mem:0.00M, Peak:0.00M | Scene, ViewLayer | Synchronizing object | End sliding door stile.002
Fra:1 Mem:458.65M (Peak 458.65M) | Time:00:00.85 | Mem:0.00M, Peak:0.00M | Scene, ViewLayer | Synchronizing object | First AC individual reading light mount.014
Fra:1 Mem:458.66M (Peak 458.66M) | Time:00:00.85 | Mem:0.00M, Peak:0.00M | Scene, ViewLayer | Synchronizing object | End sliding door stile.003
Fra:1 Mem:458.67M (Peak 458.67M) | Time:00:00.85 | Mem:0.00M, Peak:0.00M | Scene, ViewLayer | Synchronizing object | First AC upper guard upright.020
Fra:1 Mem:458.67M (Peak 458.67M) | Time:00:00.85 | Mem:0.00M, Peak:0.00M | Scene, ViewLayer | Synchronizing object | End sliding door panel.002
Fra:1 Mem:458.68M (Peak 458.68M) | Time:00:00.85 | Mem:0.00M, Peak:0.00M | Scene, ViewLayer | Synchronizing object | First AC upper guard upright.019
Fra:1 Mem:458.69M (Peak 458.69M) | Time:00:00.85 | Mem:0.00M, Peak:0.00M | Scene, ViewLayer | Synchronizing object | End sliding door panel.003
Fra:1 Mem:458.69M (Peak 458.69M) | Time:00:00.85 | Mem:0.00M, Peak:0.00M | Scene, ViewLayer | Synchronizing object | First AC upper guard upright.018
Fra:1 Mem:458.70M (Peak 458.70M) | Time:00:00.85 | Mem:0.00M, Peak:0.00M | Scene, ViewLayer | Synchronizing object | End door clear window.001
Fra:1 Mem:458.70M (Peak 458.70M) | Time:00:00.85 | Mem:0.00M, Peak:0.00M | Scene, ViewLayer | Synchronizing object | First AC upper guard rail.013
Fra:1 Mem:458.71M (Peak 458.71M) | Time:00:00.85 | Mem:0.00M, Peak:0.00M | Scene, ViewLayer | Synchronizing object | First AC upper guard rail.012
Fra:1 Mem:458.72M (Peak 458.72M) | Time:00:00.85 | Mem:0.00M, Peak:0.00M | Scene, ViewLayer | Synchronizing object | First AC armrest support.013
Fra:1 Mem:458.72M (Peak 458.72M) | Time:00:00.85 | Mem:0.00M, Peak:0.00M | Scene, ViewLayer | Synchronizing object | First AC armrest pivot.013
Fra:1 Mem:458.73M (Peak 458.73M) | Time:00:00.85 | Mem:0.00M, Peak:0.00M | Scene, ViewLayer | Synchronizing object | First AC upholstered arm pad.013
Fra:1 Mem:458.74M (Peak 458.74M) | Time:00:00.85 | Mem:0.00M, Peak:0.00M | Scene, ViewLayer | Synchronizing object | First AC armrest support.012
Fra:1 Mem:458.75M (Peak 458.75M) | Time:00:00.85 | Mem:0.00M, Peak:0.00M | Scene, ViewLayer | Synchronizing object | First AC armrest pivot.012
Fra:1 Mem:458.75M (Peak 458.75M) | Time:00:00.85 | Mem:0.00M, Peak:0.00M | Scene, ViewLayer | Synchronizing object | First AC upholstered arm pad.012
Fra:1 Mem:458.76M (Peak 458.76M) | Time:00:00.85 | Mem:0.00M, Peak:0.00M | Scene, ViewLayer | Synchronizing object | First AC personal lamp switch.013
Fra:1 Mem:458.77M (Peak 458.77M) | Time:00:00.85 | Mem:0.00M, Peak:0.00M | Scene, ViewLayer | Synchronizing object | End glazed door vertical gasket.002
Fra:1 Mem:458.77M (Peak 458.77M) | Time:00:00.85 | Mem:0.00M, Peak:0.00M | Scene, ViewLayer | Synchronizing object | First AC reading lamp diffuser.013
Fra:1 Mem:458.78M (Peak 458.78M) | Time:00:00.85 | Mem:0.00M, Peak:0.00M | Scene, ViewLayer | Synchronizing object | End glazed door vertical gasket.003
Fra:1 Mem:458.78M (Peak 458.78M) | Time:00:00.85 | Mem:0.00M, Peak:0.00M | Scene, ViewLayer | Synchronizing object | First AC shielded reading lamp.013
Fra:1 Mem:458.79M (Peak 458.79M) | Time:00:00.85 | Mem:0.00M, Peak:0.00M | Scene, ViewLayer | Synchronizing object | End glazed door horizontal gasket.002
Fra:1 Mem:458.79M (Peak 458.79M) | Time:00:00.85 | Mem:0.00M, Peak:0.00M | Scene, ViewLayer | Synchronizing object | First AC individual reading light mount.013
Fra:1 Mem:458.79M (Peak 458.79M) | Time:00:00.85 | Mem:0.00M, Peak:0.00M | Scene, ViewLayer | Synchronizing object | End glazed door horizontal gasket.003
Fra:1 Mem:458.81M (Peak 458.81M) | Time:00:00.85 | Mem:0.00M, Peak:0.00M | Scene, ViewLayer | Synchronizing object | First AC personal lamp switch.012
Fra:1 Mem:458.81M (Peak 458.81M) | Time:00:00.85 | Mem:0.00M, Peak:0.00M | Scene, ViewLayer | Synchronizing object | Vestibule door grab pull.002
Fra:1 Mem:458.82M (Peak 458.82M) | Time:00:00.85 | Mem:0.00M, Peak:0.00M | Scene, ViewLayer | Synchronizing object | First AC reading lamp diffuser.012
Fra:1 Mem:458.82M (Peak 458.82M) | Time:00:00.85 | Mem:0.00M, Peak:0.00M | Scene, ViewLayer | Synchronizing object | Vestibule door grab pull.003
Fra:1 Mem:458.83M (Peak 458.83M) | Time:00:00.85 | Mem:0.00M, Peak:0.00M | Scene, ViewLayer | Synchronizing object | First AC shielded reading lamp.012
Fra:1 Mem:458.83M (Peak 458.83M) | Time:00:00.85 | Mem:0.00M, Peak:0.00M | Scene, ViewLayer | Synchronizing object | End marker lamp socket.002
Fra:1 Mem:458.84M (Peak 458.84M) | Time:00:00.85 | Mem:0.00M, Peak:0.00M | Scene, ViewLayer | Synchronizing object | First AC individual reading light mount.012
Fra:1 Mem:458.85M (Peak 458.85M) | Time:00:00.85 | Mem:0.00M, Peak:0.00M | Scene, ViewLayer | Synchronizing object | End red marker reflector.002
Fra:1 Mem:458.86M (Peak 458.86M) | Time:00:00.85 | Mem:0.00M, Peak:0.00M | Scene, ViewLayer | Synchronizing object | First AC upper guard upright.017
Fra:1 Mem:458.86M (Peak 458.86M) | Time:00:00.85 | Mem:0.00M, Peak:0.00M | Scene, ViewLayer | Synchronizing object | End marker lamp socket.003
Fra:1 Mem:458.86M (Peak 458.86M) | Time:00:00.85 | Mem:0.00M, Peak:0.00M | Scene, ViewLayer | Synchronizing object | First AC upper guard upright.016
Fra:1 Mem:458.87M (Peak 458.87M) | Time:00:00.85 | Mem:0.00M, Peak:0.00M | Scene, ViewLayer | Synchronizing object | End red marker reflector.003
Fra:1 Mem:458.87M (Peak 458.87M) | Time:00:00.85 | Mem:0.00M, Peak:0.00M | Scene, ViewLayer | Synchronizing object | First AC upper guard upright.015
Fra:1 Mem:458.88M (Peak 458.88M) | Time:00:00.85 | Mem:0.00M, Peak:0.00M | Scene, ViewLayer | Synchronizing object | End water fill pipe.001
Fra:1 Mem:458.90M (Peak 458.90M) | Time:00:00.85 | Mem:0.00M, Peak:0.00M | Scene, ViewLayer | Synchronizing object | First AC upper guard rail.011
Fra:1 Mem:458.90M (Peak 458.90M) | Time:00:00.85 | Mem:0.00M, Peak:0.00M | Scene, ViewLayer | Synchronizing object | First AC upper guard rail.010
Fra:1 Mem:458.90M (Peak 458.90M) | Time:00:00.85 | Mem:0.00M, Peak:0.00M | Scene, ViewLayer | Synchronizing object | Water pipe end wall retaining strap.003
Fra:1 Mem:458.91M (Peak 458.91M) | Time:00:00.85 | Mem:0.00M, Peak:0.00M | Scene, ViewLayer | Synchronizing object | First AC armrest support.011
Fra:1 Mem:458.91M (Peak 458.91M) | Time:00:00.85 | Mem:0.00M, Peak:0.00M | Scene, ViewLayer | Synchronizing object | Water pipe end wall retaining strap.004
Fra:1 Mem:458.92M (Peak 458.92M) | Time:00:00.85 | Mem:0.00M, Peak:0.00M | Scene, ViewLayer | Synchronizing object | First AC armrest pivot.011
Fra:1 Mem:458.93M (Peak 458.93M) | Time:00:00.85 | Mem:0.00M, Peak:0.00M | Scene, ViewLayer | Synchronizing object | Water pipe end wall retaining strap.005
Fra:1 Mem:458.94M (Peak 458.94M) | Time:00:00.85 | Mem:0.00M, Peak:0.00M | Scene, ViewLayer | Synchronizing object | First AC upholstered arm pad.011
Fra:1 Mem:458.94M (Peak 458.94M) | Time:00:00.85 | Mem:0.00M, Peak:0.00M | Scene, ViewLayer | Synchronizing object | End maintenance grab handle.002
Fra:1 Mem:458.95M (Peak 458.95M) | Time:00:00.85 | Mem:0.00M, Peak:0.00M | Scene, ViewLayer | Synchronizing object | First AC armrest support.010
Fra:1 Mem:458.96M (Peak 458.96M) | Time:00:00.85 | Mem:0.00M, Peak:0.00M | Scene, ViewLayer | Synchronizing object | End maintenance grab handle.003
Fra:1 Mem:458.97M (Peak 458.97M) | Time:00:00.85 | Mem:0.00M, Peak:0.00M | Scene, ViewLayer | Synchronizing object | First AC armrest pivot.010
Fra:1 Mem:458.98M (Peak 458.98M) | Time:00:00.85 | Mem:0.00M, Peak:0.00M | Scene, ViewLayer | Synchronizing object | Fabricated sideframe vertical web
Fra:1 Mem:458.98M (Peak 458.98M) | Time:00:00.85 | Mem:0.00M, Peak:0.00M | Scene, ViewLayer | Synchronizing object | First AC upholstered arm pad.010
Fra:1 Mem:458.98M (Peak 458.98M) | Time:00:00.85 | Mem:0.00M, Peak:0.00M | Scene, ViewLayer | Synchronizing object | Fabricated sideframe vertical web.001
Fra:1 Mem:458.99M (Peak 458.99M) | Time:00:00.85 | Mem:0.00M, Peak:0.00M | Scene, ViewLayer | Synchronizing object | Sideframe continuous upper flange
Fra:1 Mem:458.99M (Peak 458.99M) | Time:00:00.85 | Mem:0.00M, Peak:0.00M | Scene, ViewLayer | Synchronizing object | First AC personal lamp switch.011
Fra:1 Mem:459.01M (Peak 459.01M) | Time:00:00.85 | Mem:0.00M, Peak:0.00M | Scene, ViewLayer | Synchronizing object | First AC reading lamp diffuser.011
Fra:1 Mem:459.01M (Peak 459.01M) | Time:00:00.85 | Mem:0.00M, Peak:0.00M | Scene, ViewLayer | Synchronizing object | Sideframe lower spring flange
Fra:1 Mem:459.02M (Peak 459.02M) | Time:00:00.85 | Mem:0.00M, Peak:0.00M | Scene, ViewLayer | Synchronizing object | First AC shielded reading lamp.011
Fra:1 Mem:459.03M (Peak 459.03M) | Time:00:00.85 | Mem:0.00M, Peak:0.00M | Scene, ViewLayer | Synchronizing object | Sideframe welded vertical stiffener
Fra:1 Mem:459.04M (Peak 459.04M) | Time:00:00.85 | Mem:0.00M, Peak:0.00M | Scene, ViewLayer | Synchronizing object | First AC individual reading light mount.011
Fra:1 Mem:459.04M (Peak 459.04M) | Time:00:00.85 | Mem:0.00M, Peak:0.00M | Scene, ViewLayer | Synchronizing object | Visible sideframe fillet weld
Fra:1 Mem:459.05M (Peak 459.05M) | Time:00:00.85 | Mem:0.00M, Peak:0.00M | Scene, ViewLayer | Synchronizing object | First AC personal lamp switch.010
Fra:1 Mem:459.05M (Peak 459.05M) | Time:00:00.85 | Mem:0.00M, Peak:0.00M | Scene, ViewLayer | Synchronizing object | Sideframe welded vertical stiffener.001
Fra:1 Mem:459.06M (Peak 459.06M) | Time:00:00.85 | Mem:0.00M, Peak:0.00M | Scene, ViewLayer | Synchronizing object | First AC reading lamp diffuser.010
Fra:1 Mem:459.06M (Peak 459.06M) | Time:00:00.85 | Mem:0.00M, Peak:0.00M | Scene, ViewLayer | Synchronizing object | Visible sideframe fillet weld.001
Fra:1 Mem:459.07M (Peak 459.07M) | Time:00:00.85 | Mem:0.00M, Peak:0.00M | Scene, ViewLayer | Synchronizing object | Sideframe welded vertical stiffener.002
Fra:1 Mem:459.07M (Peak 459.07M) | Time:00:00.85 | Mem:0.00M, Peak:0.00M | Scene, ViewLayer | Synchronizing object | First AC shielded reading lamp.010
Fra:1 Mem:459.09M (Peak 459.09M) | Time:00:00.85 | Mem:0.00M, Peak:0.00M | Scene, ViewLayer | Synchronizing object | Visible sideframe fillet weld.002
Fra:1 Mem:459.09M (Peak 459.09M) | Time:00:00.85 | Mem:0.00M, Peak:0.00M | Scene, ViewLayer | Synchronizing object | Sideframe welded vertical stiffener.003
Fra:1 Mem:459.10M (Peak 459.10M) | Time:00:00.85 | Mem:0.00M, Peak:0.00M | Scene, ViewLayer | Synchronizing object | Visible sideframe fillet weld.003
Fra:1 Mem:459.10M (Peak 459.10M) | Time:00:00.85 | Mem:0.00M, Peak:0.00M | Scene, ViewLayer | Synchronizing object | Sideframe welded vertical stiffener.004
Fra:1 Mem:459.10M (Peak 459.10M) | Time:00:00.85 | Mem:0.00M, Peak:0.00M | Scene, ViewLayer | Synchronizing object | First AC individual reading light mount.010
Fra:1 Mem:459.12M (Peak 459.12M) | Time:00:00.85 | Mem:0.00M, Peak:0.00M | Scene, ViewLayer | Synchronizing object | Visible sideframe fillet weld.004
Fra:1 Mem:459.12M (Peak 459.12M) | Time:00:00.85 | Mem:0.00M, Peak:0.00M | Scene, ViewLayer | Synchronizing object | First AC upper guard upright.014
Fra:1 Mem:459.12M (Peak 459.12M) | Time:00:00.85 | Mem:0.00M, Peak:0.00M | Scene, ViewLayer | Synchronizing object | Sideframe welded vertical stiffener.005
Fra:1 Mem:459.13M (Peak 459.13M) | Time:00:00.85 | Mem:0.00M, Peak:0.00M | Scene, ViewLayer | Synchronizing object | First AC upper guard upright.013
Fra:1 Mem:459.13M (Peak 459.13M) | Time:00:00.85 | Mem:0.00M, Peak:0.00M | Scene, ViewLayer | Synchronizing object | Visible sideframe fillet weld.005
Fra:1 Mem:459.15M (Peak 459.15M) | Time:00:00.85 | Mem:0.00M, Peak:0.00M | Scene, ViewLayer | Synchronizing object | First AC upper guard upright.012
Fra:1 Mem:459.14M (Peak 459.15M) | Time:00:00.85 | Mem:0.00M, Peak:0.00M | Scene, ViewLayer | Synchronizing object | Bogie maker plate
Fra:1 Mem:459.14M (Peak 459.15M) | Time:00:00.85 | Mem:0.00M, Peak:0.00M | Scene, ViewLayer | Synchronizing object | First AC upper guard rail.009
Fra:1 Mem:459.15M (Peak 459.15M) | Time:00:00.85 | Mem:0.00M, Peak:0.00M | Scene, ViewLayer | Synchronizing object | First AC upper guard rail.008
Fra:1 Mem:459.16M (Peak 459.16M) | Time:00:00.85 | Mem:0.00M, Peak:0.00M | Scene, ViewLayer | Synchronizing object | First AC armrest support.009
Fra:1 Mem:459.17M (Peak 459.17M) | Time:00:00.85 | Mem:0.00M, Peak:0.00M | Scene, ViewLayer | Synchronizing object | First AC armrest pivot.009
Fra:1 Mem:459.17M (Peak 459.17M) | Time:00:00.85 | Mem:0.00M, Peak:0.00M | Scene, ViewLayer | Synchronizing object | Maker plate rivet hex head.001
Fra:1 Mem:459.18M (Peak 459.18M) | Time:00:00.85 | Mem:0.00M, Peak:0.00M | Scene, ViewLayer | Synchronizing object | First AC upholstered arm pad.009
Fra:1 Mem:459.18M (Peak 459.18M) | Time:00:00.85 | Mem:0.00M, Peak:0.00M | Scene, ViewLayer | Synchronizing object | Fabricated sideframe vertical web.002
Fra:1 Mem:459.19M (Peak 459.19M) | Time:00:00.85 | Mem:0.00M, Peak:0.00M | Scene, ViewLayer | Synchronizing object | First AC armrest support.008
Fra:1 Mem:459.19M (Peak 459.19M) | Time:00:00.85 | Mem:0.00M, Peak:0.00M | Scene, ViewLayer | Synchronizing object | Fabricated sideframe vertical web.003
Fra:1 Mem:459.20M (Peak 459.20M) | Time:00:00.85 | Mem:0.00M, Peak:0.00M | Scene, ViewLayer | Synchronizing object | Sideframe continuous upper flange.001
Fra:1 Mem:459.20M (Peak 459.20M) | Time:00:00.85 | Mem:0.00M, Peak:0.00M | Scene, ViewLayer | Synchronizing object | First AC armrest pivot.008
Fra:1 Mem:459.21M (Peak 459.21M) | Time:00:00.85 | Mem:0.00M, Peak:0.00M | Scene, ViewLayer | Synchronizing object | Sideframe lower spring flange.001
Fra:1 Mem:459.21M (Peak 459.21M) | Time:00:00.85 | Mem:0.00M, Peak:0.00M | Scene, ViewLayer | Synchronizing object | First AC upholstered arm pad.008
Fra:1 Mem:459.23M (Peak 459.23M) | Time:00:00.85 | Mem:0.00M, Peak:0.00M | Scene, ViewLayer | Synchronizing object | First AC personal lamp switch.009
Fra:1 Mem:459.23M (Peak 459.23M) | Time:00:00.85 | Mem:0.00M, Peak:0.00M | Scene, ViewLayer | Synchronizing object | Sideframe welded vertical stiffener.006
Fra:1 Mem:459.25M (Peak 459.25M) | Time:00:00.85 | Mem:0.00M, Peak:0.00M | Scene, ViewLayer | Synchronizing object | First AC reading lamp diffuser.009
Fra:1 Mem:459.25M (Peak 459.25M) | Time:00:00.85 | Mem:0.00M, Peak:0.00M | Scene, ViewLayer | Synchronizing object | Visible sideframe fillet weld.006
Fra:1 Mem:459.25M (Peak 459.25M) | Time:00:00.85 | Mem:0.00M, Peak:0.00M | Scene, ViewLayer | Synchronizing object | First AC shielded reading lamp.009
Fra:1 Mem:459.26M (Peak 459.26M) | Time:00:00.85 | Mem:0.00M, Peak:0.00M | Scene, ViewLayer | Synchronizing object | Sideframe welded vertical stiffener.007
Fra:1 Mem:459.27M (Peak 459.27M) | Time:00:00.85 | Mem:0.00M, Peak:0.00M | Scene, ViewLayer | Synchronizing object | First AC individual reading light mount.009
Fra:1 Mem:459.27M (Peak 459.27M) | Time:00:00.85 | Mem:0.00M, Peak:0.00M | Scene, ViewLayer | Synchronizing object | Visible sideframe fillet weld.007
Fra:1 Mem:459.28M (Peak 459.28M) | Time:00:00.85 | Mem:0.00M, Peak:0.00M | Scene, ViewLayer | Synchronizing object | Sideframe welded vertical stiffener.008
Fra:1 Mem:459.28M (Peak 459.28M) | Time:00:00.85 | Mem:0.00M, Peak:0.00M | Scene, ViewLayer | Synchronizing object | First AC personal lamp switch.008
Fra:1 Mem:459.30M (Peak 459.30M) | Time:00:00.85 | Mem:0.00M, Peak:0.00M | Scene, ViewLayer | Synchronizing object | Visible sideframe fillet weld.008
Fra:1 Mem:459.30M (Peak 459.30M) | Time:00:00.85 | Mem:0.00M, Peak:0.00M | Scene, ViewLayer | Synchronizing object | First AC reading lamp diffuser.008
Fra:1 Mem:459.30M (Peak 459.30M) | Time:00:00.85 | Mem:0.00M, Peak:0.00M | Scene, ViewLayer | Synchronizing object | Sideframe welded vertical stiffener.009
Fra:1 Mem:459.31M (Peak 459.31M) | Time:00:00.85 | Mem:0.00M, Peak:0.00M | Scene, ViewLayer | Synchronizing object | First AC shielded reading lamp.008
Fra:1 Mem:459.31M (Peak 459.31M) | Time:00:00.85 | Mem:0.00M, Peak:0.00M | Scene, ViewLayer | Synchronizing object | Visible sideframe fillet weld.009
Fra:1 Mem:459.32M (Peak 459.32M) | Time:00:00.85 | Mem:0.00M, Peak:0.00M | Scene, ViewLayer | Synchronizing object | Sideframe welded vertical stiffener.010
Fra:1 Mem:459.33M (Peak 459.33M) | Time:00:00.85 | Mem:0.00M, Peak:0.00M | Scene, ViewLayer | Synchronizing object | First AC individual reading light mount.008
Fra:1 Mem:459.34M (Peak 459.34M) | Time:00:00.85 | Mem:0.00M, Peak:0.00M | Scene, ViewLayer | Synchronizing object | Visible sideframe fillet weld.010
Fra:1 Mem:459.34M (Peak 459.34M) | Time:00:00.85 | Mem:0.00M, Peak:0.00M | Scene, ViewLayer | Synchronizing object | First AC upper guard upright.011
Fra:1 Mem:459.34M (Peak 459.34M) | Time:00:00.85 | Mem:0.00M, Peak:0.00M | Scene, ViewLayer | Synchronizing object | Sideframe welded vertical stiffener.011
Fra:1 Mem:459.35M (Peak 459.35M) | Time:00:00.85 | Mem:0.00M, Peak:0.00M | Scene, ViewLayer | Synchronizing object | First AC upper guard upright.010
Fra:1 Mem:459.35M (Peak 459.35M) | Time:00:00.85 | Mem:0.00M, Peak:0.00M | Scene, ViewLayer | Synchronizing object | Visible sideframe fillet weld.011
Fra:1 Mem:459.36M (Peak 459.36M) | Time:00:00.85 | Mem:0.00M, Peak:0.00M | Scene, ViewLayer | Synchronizing object | First AC upper guard upright.009
Fra:1 Mem:459.36M (Peak 459.36M) | Time:00:00.85 | Mem:0.00M, Peak:0.00M | Scene, ViewLayer | Synchronizing object | Bogie maker plate.001
Fra:1 Mem:459.37M (Peak 459.37M) | Time:00:00.85 | Mem:0.00M, Peak:0.00M | Scene, ViewLayer | Synchronizing object | First AC upper guard rail.007
Fra:1 Mem:459.37M (Peak 459.37M) | Time:00:00.85 | Mem:0.00M, Peak:0.00M | Scene, ViewLayer | Synchronizing object | Maker plate rivet hex head.002
Fra:1 Mem:459.38M (Peak 459.38M) | Time:00:00.85 | Mem:0.00M, Peak:0.00M | Scene, ViewLayer | Synchronizing object | First AC upper guard rail.006
Fra:1 Mem:459.38M (Peak 459.38M) | Time:00:00.85 | Mem:0.00M, Peak:0.00M | Scene, ViewLayer | Synchronizing object | Maker plate rivet hex head.003
Fra:1 Mem:459.39M (Peak 459.39M) | Time:00:00.85 | Mem:0.00M, Peak:0.00M | Scene, ViewLayer | Synchronizing object | Bogie headstock transverse box
Fra:1 Mem:459.39M (Peak 459.39M) | Time:00:00.85 | Mem:0.00M, Peak:0.00M | Scene, ViewLayer | Synchronizing object | First AC armrest support.007
Fra:1 Mem:459.40M (Peak 459.40M) | Time:00:00.85 | Mem:0.00M, Peak:0.00M | Scene, ViewLayer | Synchronizing object | Headstock upper flange
Fra:1 Mem:459.40M (Peak 459.40M) | Time:00:00.85 | Mem:0.00M, Peak:0.00M | Scene, ViewLayer | Synchronizing object | First AC armrest pivot.007
Fra:1 Mem:459.42M (Peak 459.42M) | Time:00:00.85 | Mem:0.00M, Peak:0.00M | Scene, ViewLayer | Synchronizing object | Headstock corner gusset
Fra:1 Mem:459.42M (Peak 459.42M) | Time:00:00.85 | Mem:0.00M, Peak:0.00M | Scene, ViewLayer | Synchronizing object | First AC upholstered arm pad.007
Fra:1 Mem:459.42M (Peak 459.42M) | Time:00:00.85 | Mem:0.00M, Peak:0.00M | Scene, ViewLayer | Synchronizing object | Headstock corner gusset.001
Fra:1 Mem:459.43M (Peak 459.43M) | Time:00:00.85 | Mem:0.00M, Peak:0.00M | Scene, ViewLayer | Synchronizing object | First AC armrest support.006
Fra:1 Mem:459.43M (Peak 459.43M) | Time:00:00.85 | Mem:0.00M, Peak:0.00M | Scene, ViewLayer | Synchronizing object | Bogie headstock transverse box.001
Fra:1 Mem:459.44M (Peak 459.44M) | Time:00:00.85 | Mem:0.00M, Peak:0.00M | Scene, ViewLayer | Synchronizing object | First AC armrest pivot.006
Fra:1 Mem:459.44M (Peak 459.44M) | Time:00:00.85 | Mem:0.00M, Peak:0.00M | Scene, ViewLayer | Synchronizing object | First AC upholstered arm pad.006
Fra:1 Mem:459.45M (Peak 459.45M) | Time:00:00.85 | Mem:0.00M, Peak:0.00M | Scene, ViewLayer | Synchronizing object | First AC personal lamp switch.007
Fra:1 Mem:459.46M (Peak 459.46M) | Time:00:00.85 | Mem:0.00M, Peak:0.00M | Scene, ViewLayer | Synchronizing object | First AC reading lamp diffuser.007
Fra:1 Mem:459.47M (Peak 459.47M) | Time:00:00.85 | Mem:0.00M, Peak:0.00M | Scene, ViewLayer | Synchronizing object | First AC shielded reading lamp.007
Fra:1 Mem:459.47M (Peak 459.47M) | Time:00:00.85 | Mem:0.00M, Peak:0.00M | Scene, ViewLayer | Synchronizing object | First AC individual reading light mount.007
Fra:1 Mem:459.49M (Peak 459.49M) | Time:00:00.85 | Mem:0.00M, Peak:0.00M | Scene, ViewLayer | Synchronizing object | First AC personal lamp switch.006
Fra:1 Mem:459.50M (Peak 459.50M) | Time:00:00.85 | Mem:0.00M, Peak:0.00M | Scene, ViewLayer | Synchronizing object | Headstock upper flange.001
Fra:1 Mem:459.50M (Peak 459.50M) | Time:00:00.85 | Mem:0.00M, Peak:0.00M | Scene, ViewLayer | Synchronizing object | First AC reading lamp diffuser.006
Fra:1 Mem:459.51M (Peak 459.51M) | Time:00:00.85 | Mem:0.00M, Peak:0.00M | Scene, ViewLayer | Synchronizing object | Headstock corner gusset.002
Fra:1 Mem:459.51M (Peak 459.51M) | Time:00:00.85 | Mem:0.00M, Peak:0.00M | Scene, ViewLayer | Synchronizing object | First AC shielded reading lamp.006
Fra:1 Mem:459.52M (Peak 459.52M) | Time:00:00.85 | Mem:0.00M, Peak:0.00M | Scene, ViewLayer | Synchronizing object | Headstock corner gusset.003
Fra:1 Mem:459.52M (Peak 459.52M) | Time:00:00.85 | Mem:0.00M, Peak:0.00M | Scene, ViewLayer | Synchronizing object | First AC individual reading light mount.006
Fra:1 Mem:459.52M (Peak 459.52M) | Time:00:00.85 | Mem:0.00M, Peak:0.00M | Scene, ViewLayer | Synchronizing object | Bogie centre transom box
Fra:1 Mem:459.54M (Peak 459.54M) | Time:00:00.85 | Mem:0.00M, Peak:0.00M | Scene, ViewLayer | Synchronizing object | First AC upper guard upright.008
Fra:1 Mem:459.54M (Peak 459.54M) | Time:00:00.85 | Mem:0.00M, Peak:0.00M | Scene, ViewLayer | Synchronizing object | Transom upper closing flange
Fra:1 Mem:459.55M (Peak 459.55M) | Time:00:00.85 | Mem:0.00M, Peak:0.00M | Scene, ViewLayer | Synchronizing object | First AC upper guard upright.007
Fra:1 Mem:459.56M (Peak 459.56M) | Time:00:00.85 | Mem:0.00M, Peak:0.00M | Scene, ViewLayer | Synchronizing object | Bogie centre transom box.001
Fra:1 Mem:459.56M (Peak 459.56M) | Time:00:00.85 | Mem:0.00M, Peak:0.00M | Scene, ViewLayer | Synchronizing object | First AC upper guard upright.006
Fra:1 Mem:459.57M (Peak 459.57M) | Time:00:00.85 | Mem:0.00M, Peak:0.00M | Scene, ViewLayer | Synchronizing object | Transom upper closing flange.001
Fra:1 Mem:459.57M (Peak 459.57M) | Time:00:00.85 | Mem:0.00M, Peak:0.00M | Scene, ViewLayer | Synchronizing object | First AC upper guard rail.005
Fra:1 Mem:459.58M (Peak 459.58M) | Time:00:00.85 | Mem:0.00M, Peak:0.00M | Scene, ViewLayer | Synchronizing object | Bogie air feed manifold
Fra:1 Mem:459.58M (Peak 459.58M) | Time:00:00.85 | Mem:0.00M, Peak:0.00M | Scene, ViewLayer | Synchronizing object | First AC upper guard rail.004
Fra:1 Mem:459.59M (Peak 459.59M) | Time:00:00.85 | Mem:0.00M, Peak:0.00M | Scene, ViewLayer | Synchronizing object | Bogie feed pipe clip
Fra:1 Mem:459.60M (Peak 459.60M) | Time:00:00.85 | Mem:0.00M, Peak:0.00M | Scene, ViewLayer | Synchronizing object | First AC armrest support.005
Fra:1 Mem:459.61M (Peak 459.61M) | Time:00:00.85 | Mem:0.00M, Peak:0.00M | Scene, ViewLayer | Synchronizing object | Bogie feed pipe clip.001
Fra:1 Mem:459.61M (Peak 459.61M) | Time:00:00.85 | Mem:0.00M, Peak:0.00M | Scene, ViewLayer | Synchronizing object | First AC armrest pivot.005
Fra:1 Mem:459.62M (Peak 459.62M) | Time:00:00.85 | Mem:0.00M, Peak:0.00M | Scene, ViewLayer | Synchronizing object | Bogie feed pipe clip.002
Fra:1 Mem:459.63M (Peak 459.63M) | Time:00:00.85 | Mem:0.00M, Peak:0.00M | Scene, ViewLayer | Synchronizing object | First AC upholstered arm pad.005
Fra:1 Mem:459.64M (Peak 459.64M) | Time:00:00.85 | Mem:0.00M, Peak:0.00M | Scene, ViewLayer | Synchronizing object | Bogie feed pipe clip.003
Fra:1 Mem:459.64M (Peak 459.64M) | Time:00:00.85 | Mem:0.00M, Peak:0.00M | Scene, ViewLayer | Synchronizing object | First AC armrest support.004
Fra:1 Mem:459.66M (Peak 459.66M) | Time:00:00.85 | Mem:0.00M, Peak:0.00M | Scene, ViewLayer | Synchronizing object | Bogie feed pipe clip.004
Fra:1 Mem:459.66M (Peak 459.66M) | Time:00:00.85 | Mem:0.00M, Peak:0.00M | Scene, ViewLayer | Synchronizing object | First AC armrest pivot.004
Fra:1 Mem:459.67M (Peak 459.67M) | Time:00:00.85 | Mem:0.00M, Peak:0.00M | Scene, ViewLayer | Synchronizing object | Bogie feed pipe clip.005
Fra:1 Mem:459.68M (Peak 459.68M) | Time:00:00.85 | Mem:0.00M, Peak:0.00M | Scene, ViewLayer | Synchronizing object | First AC upholstered arm pad.004
Fra:1 Mem:459.69M (Peak 459.69M) | Time:00:00.85 | Mem:0.00M, Peak:0.00M | Scene, ViewLayer | Synchronizing object | Bogie feed pipe clip.006
Fra:1 Mem:459.69M (Peak 459.69M) | Time:00:00.85 | Mem:0.00M, Peak:0.00M | Scene, ViewLayer | Synchronizing object | First AC personal lamp switch.005
Fra:1 Mem:459.70M (Peak 459.70M) | Time:00:00.85 | Mem:0.00M, Peak:0.00M | Scene, ViewLayer | Synchronizing object | Floating bogie bolster main box
Fra:1 Mem:459.70M (Peak 459.70M) | Time:00:00.85 | Mem:0.00M, Peak:0.00M | Scene, ViewLayer | Synchronizing object | First AC reading lamp diffuser.005
Fra:1 Mem:459.72M (Peak 459.72M) | Time:00:00.85 | Mem:0.00M, Peak:0.00M | Scene, ViewLayer | Synchronizing object | Bolster upper flange
Fra:1 Mem:459.72M (Peak 459.72M) | Time:00:00.85 | Mem:0.00M, Peak:0.00M | Scene, ViewLayer | Synchronizing object | First AC shielded reading lamp.005
Fra:1 Mem:459.73M (Peak 459.73M) | Time:00:00.85 | Mem:0.00M, Peak:0.00M | Scene, ViewLayer | Synchronizing object | Bolster upper flange.001
Fra:1 Mem:459.73M (Peak 459.73M) | Time:00:00.85 | Mem:0.00M, Peak:0.00M | Scene, ViewLayer | Synchronizing object | First AC individual reading light mount.005
Fra:1 Mem:459.75M (Peak 459.75M) | Time:00:00.85 | Mem:0.00M, Peak:0.00M | Scene, ViewLayer | Synchronizing object | Bolster spring head seat
Fra:1 Mem:459.75M (Peak 459.75M) | Time:00:00.85 | Mem:0.00M, Peak:0.00M | Scene, ViewLayer | Synchronizing object | First AC personal lamp switch.004
Fra:1 Mem:459.77M (Peak 459.77M) | Time:00:00.85 | Mem:0.00M, Peak:0.00M | Scene, ViewLayer | Synchronizing object | Lower spring beam end tray
Fra:1 Mem:459.77M (Peak 459.77M) | Time:00:00.85 | Mem:0.00M, Peak:0.00M | Scene, ViewLayer | Synchronizing object | First AC reading lamp diffuser.004
Fra:1 Mem:459.78M (Peak 459.78M) | Time:00:00.85 | Mem:0.00M, Peak:0.00M | Scene, ViewLayer | Synchronizing object | Bolster spring bottom rubber pad
Fra:1 Mem:459.78M (Peak 459.78M) | Time:00:00.85 | Mem:0.00M, Peak:0.00M | Scene, ViewLayer | Synchronizing object | First AC shielded reading lamp.004
Fra:1 Mem:459.80M (Peak 459.80M) | Time:00:00.85 | Mem:0.00M, Peak:0.00M | Scene, ViewLayer | Synchronizing object | First AC individual reading light mount.004
Fra:1 Mem:459.80M (Peak 459.80M) | Time:00:00.85 | Mem:0.00M, Peak:0.00M | Scene, ViewLayer | Synchronizing object | Bolster spring top seating flange
Fra:1 Mem:459.81M (Peak 459.81M) | Time:00:00.85 | Mem:0.00M, Peak:0.00M | Scene, ViewLayer | Synchronizing object | First AC upper guard upright.005
Fra:1 Mem:459.82M (Peak 459.82M) | Time:00:00.85 | Mem:0.00M, Peak:0.00M | Scene, ViewLayer | Synchronizing object | Secondary 42mm bolster coil
Fra:1 Mem:459.82M (Peak 459.82M) | Time:00:00.85 | Mem:0.00M, Peak:0.00M | Scene, ViewLayer | Synchronizing object | First AC upper guard upright.004
Fra:1 Mem:459.85M (Peak 459.85M) | Time:00:00.85 | Mem:0.00M, Peak:0.00M | Scene, ViewLayer | Synchronizing object | First AC upper guard upright.003
Fra:1 Mem:459.91M (Peak 459.91M) | Time:00:00.85 | Mem:0.00M, Peak:0.00M | Scene, ViewLayer | Synchronizing object | First AC upper guard rail.003
Fra:1 Mem:459.95M (Peak 459.95M) | Time:00:00.85 | Mem:0.00M, Peak:0.00M | Scene, ViewLayer | Synchronizing object | First AC upper guard rail.002
Fra:1 Mem:459.95M (Peak 459.95M) | Time:00:00.85 | Mem:0.00M, Peak:0.00M | Scene, ViewLayer | Synchronizing object | First AC armrest support.003
Fra:1 Mem:459.99M (Peak 459.99M) | Time:00:00.85 | Mem:0.00M, Peak:0.00M | Scene, ViewLayer | Synchronizing object | First AC armrest pivot.003
Fra:1 Mem:460.00M (Peak 460.00M) | Time:00:00.85 | Mem:0.00M, Peak:0.00M | Scene, ViewLayer | Synchronizing object | First AC upholstered arm pad.003
Fra:1 Mem:460.01M (Peak 460.01M) | Time:00:00.85 | Mem:0.00M, Peak:0.00M | Scene, ViewLayer | Synchronizing object | First AC armrest support.002
Fra:1 Mem:460.02M (Peak 460.02M) | Time:00:00.85 | Mem:0.00M, Peak:0.00M | Scene, ViewLayer | Synchronizing object | First AC armrest pivot.002
Fra:1 Mem:460.03M (Peak 460.03M) | Time:00:00.85 | Mem:0.00M, Peak:0.00M | Scene, ViewLayer | Synchronizing object | First AC upholstered arm pad.002
Fra:1 Mem:460.04M (Peak 460.04M) | Time:00:00.85 | Mem:0.00M, Peak:0.00M | Scene, ViewLayer | Synchronizing object | First AC personal lamp switch.003
Fra:1 Mem:460.04M (Peak 460.04M) | Time:00:00.85 | Mem:0.00M, Peak:0.00M | Scene, ViewLayer | Synchronizing object | First AC reading lamp diffuser.003
Fra:1 Mem:460.05M (Peak 460.05M) | Time:00:00.85 | Mem:0.00M, Peak:0.00M | Scene, ViewLayer | Synchronizing object | First AC shielded reading lamp.003
Fra:1 Mem:460.06M (Peak 460.06M) | Time:00:00.85 | Mem:0.00M, Peak:0.00M | Scene, ViewLayer | Synchronizing object | First AC individual reading light mount.003
Fra:1 Mem:460.07M (Peak 460.07M) | Time:00:00.85 | Mem:0.00M, Peak:0.00M | Scene, ViewLayer | Synchronizing object | First AC personal lamp switch.002
Fra:1 Mem:460.08M (Peak 460.08M) | Time:00:00.85 | Mem:0.00M, Peak:0.00M | Scene, ViewLayer | Synchronizing object | First AC reading lamp diffuser.002
Fra:1 Mem:460.08M (Peak 460.08M) | Time:00:00.85 | Mem:0.00M, Peak:0.00M | Scene, ViewLayer | Synchronizing object | First AC shielded reading lamp.002
Fra:1 Mem:460.11M (Peak 460.11M) | Time:00:00.85 | Mem:0.00M, Peak:0.00M | Scene, ViewLayer | Synchronizing object | First AC individual reading light mount.002
Fra:1 Mem:460.12M (Peak 460.12M) | Time:00:00.85 | Mem:0.00M, Peak:0.00M | Scene, ViewLayer | Synchronizing object | First AC upper guard upright.002
Fra:1 Mem:460.13M (Peak 460.13M) | Time:00:00.85 | Mem:0.00M, Peak:0.00M | Scene, ViewLayer | Synchronizing object | First AC upper guard upright.001
Fra:1 Mem:460.13M (Peak 460.13M) | Time:00:00.85 | Mem:0.00M, Peak:0.00M | Scene, ViewLayer | Synchronizing object | First AC upper guard upright
Fra:1 Mem:460.14M (Peak 460.14M) | Time:00:00.85 | Mem:0.00M, Peak:0.00M | Scene, ViewLayer | Synchronizing object | Secondary 42mm bolster coil group mark
Fra:1 Mem:460.14M (Peak 460.14M) | Time:00:00.85 | Mem:0.00M, Peak:0.00M | Scene, ViewLayer | Synchronizing object | First AC upper guard rail.001
Fra:1 Mem:460.15M (Peak 460.15M) | Time:00:00.85 | Mem:0.00M, Peak:0.00M | Scene, ViewLayer | Synchronizing object | First AC upper guard rail
Fra:1 Mem:460.15M (Peak 460.15M) | Time:00:00.85 | Mem:0.00M, Peak:0.00M | Scene, ViewLayer | Synchronizing object | Secondary 42mm bolster coil group mark.001
Fra:1 Mem:460.15M (Peak 460.15M) | Time:00:00.85 | Mem:0.00M, Peak:0.00M | Scene, ViewLayer | Synchronizing object | First AC armrest support.001
Fra:1 Mem:460.16M (Peak 460.16M) | Time:00:00.85 | Mem:0.00M, Peak:0.00M | Scene, ViewLayer | Synchronizing object | Secondary 42mm bolster coil group mark.002
Fra:1 Mem:460.17M (Peak 460.17M) | Time:00:00.85 | Mem:0.00M, Peak:0.00M | Scene, ViewLayer | Synchronizing object | First AC armrest pivot.001
Fra:1 Mem:460.17M (Peak 460.17M) | Time:00:00.85 | Mem:0.00M, Peak:0.00M | Scene, ViewLayer | Synchronizing object | Secondary 42mm bolster coil group mark.003
Fra:1 Mem:460.18M (Peak 460.18M) | Time:00:00.85 | Mem:0.00M, Peak:0.00M | Scene, ViewLayer | Synchronizing object | First AC upholstered arm pad.001
Fra:1 Mem:460.18M (Peak 460.18M) | Time:00:00.85 | Mem:0.00M, Peak:0.00M | Scene, ViewLayer | Synchronizing object | Secondary 42mm bolster coil group mark.004
Fra:1 Mem:460.19M (Peak 460.19M) | Time:00:00.85 | Mem:0.00M, Peak:0.00M | Scene, ViewLayer | Synchronizing object | Secondary 42mm bolster coil group mark.005
Fra:1 Mem:460.19M (Peak 460.19M) | Time:00:00.85 | Mem:0.00M, Peak:0.00M | Scene, ViewLayer | Synchronizing object | First AC armrest support
Fra:1 Mem:460.20M (Peak 460.20M) | Time:00:00.85 | Mem:0.00M, Peak:0.00M | Scene, ViewLayer | Synchronizing object | Secondary 42mm bolster coil group mark.006
Fra:1 Mem:460.22M (Peak 460.22M) | Time:00:00.85 | Mem:0.00M, Peak:0.00M | Scene, ViewLayer | Synchronizing object | First AC armrest pivot
Fra:1 Mem:460.21M (Peak 460.22M) | Time:00:00.85 | Mem:0.00M, Peak:0.00M | Scene, ViewLayer | Synchronizing object | Secondary 42mm bolster coil group mark.007
Fra:1 Mem:460.21M (Peak 460.22M) | Time:00:00.85 | Mem:0.00M, Peak:0.00M | Scene, ViewLayer | Synchronizing object | First AC upholstered arm pad
Fra:1 Mem:460.21M (Peak 460.22M) | Time:00:00.85 | Mem:0.00M, Peak:0.00M | Scene, ViewLayer | Synchronizing object | Secondary 42mm bolster coil group mark.008
Fra:1 Mem:460.22M (Peak 460.22M) | Time:00:00.85 | Mem:0.00M, Peak:0.00M | Scene, ViewLayer | Synchronizing object | Secondary 42mm bolster coil group mark.009
Fra:1 Mem:460.22M (Peak 460.22M) | Time:00:00.85 | Mem:0.00M, Peak:0.00M | Scene, ViewLayer | Synchronizing object | First AC personal lamp switch.001
Fra:1 Mem:460.23M (Peak 460.23M) | Time:00:00.85 | Mem:0.00M, Peak:0.00M | Scene, ViewLayer | Synchronizing object | Secondary 42mm bolster coil group mark.010
Fra:1 Mem:460.24M (Peak 460.24M) | Time:00:00.85 | Mem:0.00M, Peak:0.00M | Scene, ViewLayer | Synchronizing object | First AC reading lamp diffuser.001
Fra:1 Mem:460.24M (Peak 460.24M) | Time:00:00.85 | Mem:0.00M, Peak:0.00M | Scene, ViewLayer | Synchronizing object | Bolster spring bottom rubber pad.001
Fra:1 Mem:460.25M (Peak 460.25M) | Time:00:00.85 | Mem:0.00M, Peak:0.00M | Scene, ViewLayer | Synchronizing object | First AC shielded reading lamp.001
Fra:1 Mem:460.26M (Peak 460.26M) | Time:00:00.85 | Mem:0.00M, Peak:0.00M | Scene, ViewLayer | Synchronizing object | Bolster spring top seating flange.001
Fra:1 Mem:460.27M (Peak 460.27M) | Time:00:00.85 | Mem:0.00M, Peak:0.00M | Scene, ViewLayer | Synchronizing object | First AC individual reading light mount.001
Fra:1 Mem:460.28M (Peak 460.28M) | Time:00:00.85 | Mem:0.00M, Peak:0.00M | Scene, ViewLayer | Synchronizing object | Secondary 42mm bolster coil.001
Fra:1 Mem:460.28M (Peak 460.28M) | Time:00:00.85 | Mem:0.00M, Peak:0.00M | Scene, ViewLayer | Synchronizing object | First AC personal lamp switch
Fra:1 Mem:460.32M (Peak 460.32M) | Time:00:00.85 | Mem:0.00M, Peak:0.00M | Scene, ViewLayer | Synchronizing object | First AC reading lamp diffuser
Fra:1 Mem:460.40M (Peak 460.40M) | Time:00:00.85 | Mem:0.00M, Peak:0.00M | Scene, ViewLayer | Synchronizing object | First AC shielded reading lamp
Fra:1 Mem:460.42M (Peak 460.42M) | Time:00:00.85 | Mem:0.00M, Peak:0.00M | Scene, ViewLayer | Synchronizing object | First AC individual reading light mount
Fra:1 Mem:460.45M (Peak 460.45M) | Time:00:00.85 | Mem:0.00M, Peak:0.00M | Scene, ViewLayer | Synchronizing object | Extinguisher fine print line.009
Fra:1 Mem:460.45M (Peak 460.45M) | Time:00:00.85 | Mem:0.00M, Peak:0.00M | Scene, ViewLayer | Synchronizing object | Extinguisher fine print line.008
Fra:1 Mem:460.46M (Peak 460.46M) | Time:00:00.85 | Mem:0.00M, Peak:0.00M | Scene, ViewLayer | Synchronizing object | Extinguisher fine print line.007
Fra:1 Mem:460.47M (Peak 460.47M) | Time:00:00.85 | Mem:0.00M, Peak:0.00M | Scene, ViewLayer | Synchronizing object | Extinguisher fine print line.006
Fra:1 Mem:460.47M (Peak 460.47M) | Time:00:00.85 | Mem:0.00M, Peak:0.00M | Scene, ViewLayer | Synchronizing object | Extinguisher fine print line.005
Fra:1 Mem:460.47M (Peak 460.47M) | Time:00:00.85 | Mem:0.00M, Peak:0.00M | Scene, ViewLayer | Synchronizing object | Extinguisher instruction label.001
Fra:1 Mem:460.47M (Peak 460.47M) | Time:00:00.85 | Mem:0.00M, Peak:0.00M | Scene, ViewLayer | Synchronizing object | Extinguisher mounting strap.003
Fra:1 Mem:460.56M (Peak 460.56M) | Time:00:00.85 | Mem:0.00M, Peak:0.00M | Scene, ViewLayer | Synchronizing object | Secondary 42mm bolster coil group mark.011
Fra:1 Mem:460.56M (Peak 460.56M) | Time:00:00.85 | Mem:0.00M, Peak:0.00M | Scene, ViewLayer | Synchronizing object | Extinguisher mounting strap.002
Fra:1 Mem:460.57M (Peak 460.57M) | Time:00:00.85 | Mem:0.00M, Peak:0.00M | Scene, ViewLayer | Synchronizing object | Secondary 42mm bolster coil group mark.012
Fra:1 Mem:460.60M (Peak 460.60M) | Time:00:00.85 | Mem:0.00M, Peak:0.00M | Scene, ViewLayer | Synchronizing object | Secondary 42mm bolster coil group mark.013
Fra:1 Mem:460.62M (Peak 460.62M) | Time:00:00.85 | Mem:0.00M, Peak:0.00M | Scene, ViewLayer | Synchronizing object | Secondary 42mm bolster coil group mark.014
Fra:1 Mem:460.62M (Peak 460.62M) | Time:00:00.85 | Mem:0.00M, Peak:0.00M | Scene, ViewLayer | Synchronizing object | Secondary 42mm bolster coil group mark.015
Fra:1 Mem:460.64M (Peak 460.64M) | Time:00:00.85 | Mem:0.00M, Peak:0.00M | Scene, ViewLayer | Synchronizing object | Secondary 42mm bolster coil group mark.016
Fra:1 Mem:460.64M (Peak 460.64M) | Time:00:00.85 | Mem:0.00M, Peak:0.00M | Scene, ViewLayer | Synchronizing object | Extinguisher black hose.001
Fra:1 Mem:460.64M (Peak 460.64M) | Time:00:00.85 | Mem:0.00M, Peak:0.00M | Scene, ViewLayer | Synchronizing object | Secondary 42mm bolster coil group mark.017
Fra:1 Mem:460.65M (Peak 460.65M) | Time:00:00.85 | Mem:0.00M, Peak:0.00M | Scene, ViewLayer | Synchronizing object | Extinguisher squeeze handle.001
Fra:1 Mem:460.65M (Peak 460.65M) | Time:00:00.85 | Mem:0.00M, Peak:0.00M | Scene, ViewLayer | Synchronizing object | Secondary 42mm bolster coil group mark.018
Fra:1 Mem:460.66M (Peak 460.66M) | Time:00:00.85 | Mem:0.00M, Peak:0.00M | Scene, ViewLayer | Synchronizing object | Extinguisher valve neck.001
Fra:1 Mem:460.66M (Peak 460.66M) | Time:00:00.85 | Mem:0.00M, Peak:0.00M | Scene, ViewLayer | Synchronizing object | Secondary 42mm bolster coil group mark.019
Fra:1 Mem:460.66M (Peak 460.66M) | Time:00:00.85 | Mem:0.00M, Peak:0.00M | Scene, ViewLayer | Synchronizing object | Vestibule fire extinguisher steel bottle.001
Fra:1 Mem:460.67M (Peak 460.67M) | Time:00:00.85 | Mem:0.00M, Peak:0.00M | Scene, ViewLayer | Synchronizing object | Secondary 42mm bolster coil group mark.020
Fra:1 Mem:460.68M (Peak 460.68M) | Time:00:00.85 | Mem:0.00M, Peak:0.00M | Scene, ViewLayer | Synchronizing object | Secondary 42mm bolster coil group mark.021
Fra:1 Mem:460.68M (Peak 460.68M) | Time:00:00.85 | Mem:0.00M, Peak:0.00M | Scene, ViewLayer | Synchronizing object | Extinguisher steel mounting backplate.001
Fra:1 Mem:460.69M (Peak 460.69M) | Time:00:00.85 | Mem:0.00M, Peak:0.00M | Scene, ViewLayer | Synchronizing object | BSS swing hanger forged link strap
Fra:1 Mem:460.69M (Peak 460.69M) | Time:00:00.85 | Mem:0.00M, Peak:0.00M | Scene, ViewLayer | Synchronizing object | Extinguisher fine print line.004
Fra:1 Mem:460.69M (Peak 460.69M) | Time:00:00.85 | Mem:0.00M, Peak:0.00M | Scene, ViewLayer | Synchronizing object | BSS swing hanger forged link eye
Fra:1 Mem:460.69M (Peak 460.69M) | Time:00:00.85 | Mem:0.00M, Peak:0.00M | Scene, ViewLayer | Synchronizing object | Extinguisher fine print line.003
Fra:1 Mem:460.70M (Peak 460.70M) | Time:00:00.85 | Mem:0.00M, Peak:0.00M | Scene, ViewLayer | Synchronizing object | Extinguisher fine print line.002
Fra:1 Mem:460.70M (Peak 460.70M) | Time:00:00.85 | Mem:0.00M, Peak:0.00M | Scene, ViewLayer | Synchronizing object | BSS swing hanger forged link eye.001
Fra:1 Mem:460.70M (Peak 460.70M) | Time:00:00.85 | Mem:0.00M, Peak:0.00M | Scene, ViewLayer | Synchronizing object | Extinguisher fine print line.001
Fra:1 Mem:460.70M (Peak 460.70M) | Time:00:00.85 | Mem:0.00M, Peak:0.00M | Scene, ViewLayer | Synchronizing object | BSS swing hanger forged link strap.001
Fra:1 Mem:460.70M (Peak 460.70M) | Time:00:00.85 | Mem:0.00M, Peak:0.00M | Scene, ViewLayer | Synchronizing object | BSS swing hanger forged link eye.002
Fra:1 Mem:460.71M (Peak 460.71M) | Time:00:00.85 | Mem:0.00M, Peak:0.00M | Scene, ViewLayer | Synchronizing object | Extinguisher instruction label
Fra:1 Mem:460.71M (Peak 460.71M) | Time:00:00.85 | Mem:0.00M, Peak:0.00M | Scene, ViewLayer | Synchronizing object | BSS swing hanger forged link eye.003
Fra:1 Mem:460.72M (Peak 460.72M) | Time:00:00.85 | Mem:0.00M, Peak:0.00M | Scene, ViewLayer | Synchronizing object | Extinguisher mounting strap.001
Fra:1 Mem:460.73M (Peak 460.73M) | Time:00:00.85 | Mem:0.00M, Peak:0.00M | Scene, ViewLayer | Synchronizing object | BSS upper hanger pin pin
Fra:1 Mem:460.76M (Peak 460.76M) | Time:00:00.85 | Mem:0.00M, Peak:0.00M | Scene, ViewLayer | Synchronizing object | BSS upper hanger pin retaining washer
Fra:1 Mem:460.78M (Peak 460.78M) | Time:00:00.85 | Mem:0.00M, Peak:0.00M | Scene, ViewLayer | Synchronizing object | BSS upper hanger pin retaining hex head
Fra:1 Mem:460.78M (Peak 460.78M) | Time:00:00.85 | Mem:0.00M, Peak:0.00M | Scene, ViewLayer | Synchronizing object | BSS upper hanger pin retaining washer.001
Fra:1 Mem:460.80M (Peak 460.80M) | Time:00:00.85 | Mem:0.00M, Peak:0.00M | Scene, ViewLayer | Synchronizing object | BSS upper hanger pin retaining hex head.001
Fra:1 Mem:460.80M (Peak 460.80M) | Time:00:00.85 | Mem:0.00M, Peak:0.00M | Scene, ViewLayer | Synchronizing object | Extinguisher mounting strap
Fra:1 Mem:460.81M (Peak 460.81M) | Time:00:00.85 | Mem:0.00M, Peak:0.00M | Scene, ViewLayer | Synchronizing object | BSS lower hanger pin pin
Fra:1 Mem:460.84M (Peak 460.84M) | Time:00:00.85 | Mem:0.00M, Peak:0.00M | Scene, ViewLayer | Synchronizing object | BSS lower hanger pin retaining washer
Fra:1 Mem:460.86M (Peak 460.86M) | Time:00:00.85 | Mem:0.00M, Peak:0.00M | Scene, ViewLayer | Synchronizing object | BSS lower hanger pin retaining hex head
Fra:1 Mem:460.86M (Peak 460.86M) | Time:00:00.85 | Mem:0.00M, Peak:0.00M | Scene, ViewLayer | Synchronizing object | BSS lower hanger pin retaining washer.001
Fra:1 Mem:460.87M (Peak 460.87M) | Time:00:00.85 | Mem:0.00M, Peak:0.00M | Scene, ViewLayer | Synchronizing object | BSS lower hanger pin retaining hex head.001
Fra:1 Mem:460.88M (Peak 460.88M) | Time:00:00.85 | Mem:0.00M, Peak:0.00M | Scene, ViewLayer | Synchronizing object | BSS hanger block
Fra:1 Mem:460.88M (Peak 460.88M) | Time:00:00.85 | Mem:0.00M, Peak:0.00M | Scene, ViewLayer | Synchronizing object | Extinguisher black hose
Fra:1 Mem:460.89M (Peak 460.89M) | Time:00:00.85 | Mem:0.00M, Peak:0.00M | Scene, ViewLayer | Synchronizing object | Spring plank hanger block
Fra:1 Mem:460.89M (Peak 460.89M) | Time:00:00.85 | Mem:0.00M, Peak:0.00M | Scene, ViewLayer | Synchronizing object | Extinguisher squeeze handle
Fra:1 Mem:460.91M (Peak 460.91M) | Time:00:00.85 | Mem:0.00M, Peak:0.00M | Scene, ViewLayer | Synchronizing object | BSS swing hanger forged link strap.002
Fra:1 Mem:460.91M (Peak 460.91M) | Time:00:00.85 | Mem:0.00M, Peak:0.00M | Scene, ViewLayer | Synchronizing object | Extinguisher valve neck
Fra:1 Mem:460.91M (Peak 460.91M) | Time:00:00.85 | Mem:0.00M, Peak:0.00M | Scene, ViewLayer | Synchronizing object | BSS swing hanger forged link eye.004
Fra:1 Mem:460.92M (Peak 460.92M) | Time:00:00.85 | Mem:0.00M, Peak:0.00M | Scene, ViewLayer | Synchronizing object | Vestibule fire extinguisher steel bottle
Fra:1 Mem:460.92M (Peak 460.92M) | Time:00:00.85 | Mem:0.00M, Peak:0.00M | Scene, ViewLayer | Synchronizing object | BSS swing hanger forged link eye.005
Fra:1 Mem:460.93M (Peak 460.93M) | Time:00:00.85 | Mem:0.00M, Peak:0.00M | Scene, ViewLayer | Synchronizing object | Extinguisher steel mounting backplate
Fra:1 Mem:460.93M (Peak 460.93M) | Time:00:00.85 | Mem:0.00M, Peak:0.00M | Scene, ViewLayer | Synchronizing object | BSS swing hanger forged link strap.003
Fra:1 Mem:460.94M (Peak 460.94M) | Time:00:00.85 | Mem:0.00M, Peak:0.00M | Scene, ViewLayer | Synchronizing object | BSS swing hanger forged link eye.006
Fra:1 Mem:460.94M (Peak 460.94M) | Time:00:00.85 | Mem:0.00M, Peak:0.00M | Scene, ViewLayer | Synchronizing object | Compartment call pushbutton.005
Fra:1 Mem:460.95M (Peak 460.95M) | Time:00:00.85 | Mem:0.00M, Peak:0.00M | Scene, ViewLayer | Synchronizing object | BSS swing hanger forged link eye.007
Fra:1 Mem:460.95M (Peak 460.95M) | Time:00:00.85 | Mem:0.00M, Peak:0.00M | Scene, ViewLayer | Synchronizing object | First AC compartment call plate.005
Fra:1 Mem:460.97M (Peak 460.97M) | Time:00:00.85 | Mem:0.00M, Peak:0.00M | Scene, ViewLayer | Synchronizing object | BSS upper hanger pin pin.001
Fra:1 Mem:460.97M (Peak 460.97M) | Time:00:00.85 | Mem:0.00M, Peak:0.00M | Scene, ViewLayer | Synchronizing object | First AC polished coat hook.011
Fra:1 Mem:460.98M (Peak 460.98M) | Time:00:00.85 | Mem:0.00M, Peak:0.00M | Scene, ViewLayer | Synchronizing object | BSS upper hanger pin retaining washer.002
Fra:1 Mem:460.98M (Peak 460.98M) | Time:00:00.85 | Mem:0.00M, Peak:0.00M | Scene, ViewLayer | Synchronizing object | First AC polished coat hook.010
Fra:1 Mem:460.99M (Peak 460.99M) | Time:00:00.85 | Mem:0.00M, Peak:0.00M | Scene, ViewLayer | Synchronizing object | BSS upper hanger pin retaining hex head.002
Fra:1 Mem:460.99M (Peak 460.99M) | Time:00:00.85 | Mem:0.00M, Peak:0.00M | Scene, ViewLayer | Synchronizing object | Bottle holder fixing screw.023
Fra:1 Mem:460.99M (Peak 460.99M) | Time:00:00.85 | Mem:0.00M, Peak:0.00M | Scene, ViewLayer | Synchronizing object | BSS upper hanger pin retaining washer.003
Fra:1 Mem:460.99M (Peak 460.99M) | Time:00:00.85 | Mem:0.00M, Peak:0.00M | Scene, ViewLayer | Synchronizing object | Bottle basket wall standoff.023
Fra:1 Mem:461.00M (Peak 461.00M) | Time:00:00.85 | Mem:0.00M, Peak:0.00M | Scene, ViewLayer | Synchronizing object | BSS upper hanger pin retaining hex head.003
Fra:1 Mem:461.00M (Peak 461.00M) | Time:00:00.85 | Mem:0.00M, Peak:0.00M | Scene, ViewLayer | Synchronizing object | Bottle holder fixing screw.022
Fra:1 Mem:461.00M (Peak 461.00M) | Time:00:00.85 | Mem:0.00M, Peak:0.00M | Scene, ViewLayer | Synchronizing object | BSS lower hanger pin pin.001
Fra:1 Mem:461.01M (Peak 461.01M) | Time:00:00.85 | Mem:0.00M, Peak:0.00M | Scene, ViewLayer | Synchronizing object | Bottle basket wall standoff.022
Fra:1 Mem:461.01M (Peak 461.01M) | Time:00:00.85 | Mem:0.00M, Peak:0.00M | Scene, ViewLayer | Synchronizing object | BSS lower hanger pin retaining washer.002
Fra:1 Mem:461.02M (Peak 461.02M) | Time:00:00.85 | Mem:0.00M, Peak:0.00M | Scene, ViewLayer | Synchronizing object | Bottle holder wall mounting plate.011
Fra:1 Mem:461.02M (Peak 461.02M) | Time:00:00.85 | Mem:0.00M, Peak:0.00M | Scene, ViewLayer | Synchronizing object | BSS lower hanger pin retaining hex head.002
Fra:1 Mem:461.03M (Peak 461.03M) | Time:00:00.85 | Mem:0.00M, Peak:0.00M | Scene, ViewLayer | Synchronizing object | Bottle basket bottom wire.023
Fra:1 Mem:461.03M (Peak 461.03M) | Time:00:00.85 | Mem:0.00M, Peak:0.00M | Scene, ViewLayer | Synchronizing object | BSS lower hanger pin retaining washer.003
Fra:1 Mem:461.03M (Peak 461.03M) | Time:00:00.85 | Mem:0.00M, Peak:0.00M | Scene, ViewLayer | Synchronizing object | Bottle basket bottom wire.022
Fra:1 Mem:461.03M (Peak 461.03M) | Time:00:00.85 | Mem:0.00M, Peak:0.00M | Scene, ViewLayer | Synchronizing object | BSS lower hanger pin retaining hex head.003
Fra:1 Mem:461.04M (Peak 461.04M) | Time:00:00.85 | Mem:0.00M, Peak:0.00M | Scene, ViewLayer | Synchronizing object | Bottle holder wire upright.047
Fra:1 Mem:461.04M (Peak 461.04M) | Time:00:00.85 | Mem:0.00M, Peak:0.00M | Scene, ViewLayer | Synchronizing object | BSS hanger block.001
Fra:1 Mem:461.05M (Peak 461.05M) | Time:00:00.85 | Mem:0.00M, Peak:0.00M | Scene, ViewLayer | Synchronizing object | Bottle holder wire upright.046
Fra:1 Mem:461.05M (Peak 461.05M) | Time:00:00.85 | Mem:0.00M, Peak:0.00M | Scene, ViewLayer | Synchronizing object | Bottle holder wire upright.045
Fra:1 Mem:461.05M (Peak 461.05M) | Time:00:00.85 | Mem:0.00M, Peak:0.00M | Scene, ViewLayer | Synchronizing object | Spring plank hanger block.001
Fra:1 Mem:461.06M (Peak 461.06M) | Time:00:00.85 | Mem:0.00M, Peak:0.00M | Scene, ViewLayer | Synchronizing object | Bottle holder wire upright.044
Fra:1 Mem:461.06M (Peak 461.06M) | Time:00:00.85 | Mem:0.00M, Peak:0.00M | Scene, ViewLayer | Synchronizing object | Bolster safety U strap
Fra:1 Mem:461.06M (Peak 461.06M) | Time:00:00.85 | Mem:0.00M, Peak:0.00M | Scene, ViewLayer | Synchronizing object | Bottle holder rolled hoop.023
Fra:1 Mem:461.09M (Peak 461.09M) | Time:00:00.85 | Mem:0.00M, Peak:0.00M | Scene, ViewLayer | Synchronizing object | Bolster safety U strap.001
Fra:1 Mem:461.10M (Peak 461.10M) | Time:00:00.85 | Mem:0.00M, Peak:0.00M | Scene, ViewLayer | Synchronizing object | Vertical secondary hydraulic damper body
Fra:1 Mem:461.10M (Peak 461.10M) | Time:00:00.85 | Mem:0.00M, Peak:0.00M | Scene, ViewLayer | Synchronizing object | Secondary damper polished piston
Fra:1 Mem:461.11M (Peak 461.11M) | Time:00:00.85 | Mem:0.00M, Peak:0.00M | Scene, ViewLayer | Synchronizing object | Secondary damper dust sleeve
Fra:1 Mem:461.12M (Peak 461.12M) | Time:00:00.85 | Mem:0.00M, Peak:0.00M | Scene, ViewLayer | Synchronizing object | Bottle holder rolled hoop.022
Fra:1 Mem:461.12M (Peak 461.12M) | Time:00:00.85 | Mem:0.00M, Peak:0.00M | Scene, ViewLayer | Synchronizing object | Damper eye silent rubber
Fra:1 Mem:461.14M (Peak 461.14M) | Time:00:00.85 | Mem:0.00M, Peak:0.00M | Scene, ViewLayer | Synchronizing object | Secondary damper eye pin pin
Fra:1 Mem:461.16M (Peak 461.16M) | Time:00:00.85 | Mem:0.00M, Peak:0.00M | Scene, ViewLayer | Synchronizing object | Secondary damper eye pin retaining washer
Fra:1 Mem:461.17M (Peak 461.17M) | Time:00:00.85 | Mem:0.00M, Peak:0.00M | Scene, ViewLayer | Synchronizing object | Bottle holder fixing screw.021
Fra:1 Mem:461.17M (Peak 461.17M) | Time:00:00.85 | Mem:0.00M, Peak:0.00M | Scene, ViewLayer | Synchronizing object | Secondary damper eye pin retaining hex head
Fra:1 Mem:461.17M (Peak 461.17M) | Time:00:00.85 | Mem:0.00M, Peak:0.00M | Scene, ViewLayer | Synchronizing object | Bottle basket wall standoff.021
Fra:1 Mem:461.17M (Peak 461.17M) | Time:00:00.85 | Mem:0.00M, Peak:0.00M | Scene, ViewLayer | Synchronizing object | Secondary damper eye pin retaining washer.001
Fra:1 Mem:461.18M (Peak 461.18M) | Time:00:00.85 | Mem:0.00M, Peak:0.00M | Scene, ViewLayer | Synchronizing object | Bottle holder fixing screw.020
Fra:1 Mem:461.18M (Peak 461.18M) | Time:00:00.85 | Mem:0.00M, Peak:0.00M | Scene, ViewLayer | Synchronizing object | Secondary damper eye pin retaining hex head.001
Fra:1 Mem:461.18M (Peak 461.18M) | Time:00:00.85 | Mem:0.00M, Peak:0.00M | Scene, ViewLayer | Synchronizing object | Bottle basket wall standoff.020
Fra:1 Mem:461.19M (Peak 461.19M) | Time:00:00.85 | Mem:0.00M, Peak:0.00M | Scene, ViewLayer | Synchronizing object | Damper attachment lug
Fra:1 Mem:461.19M (Peak 461.19M) | Time:00:00.85 | Mem:0.00M, Peak:0.00M | Scene, ViewLayer | Synchronizing object | Bottle holder wall mounting plate.010
Fra:1 Mem:461.20M (Peak 461.20M) | Time:00:00.85 | Mem:0.00M, Peak:0.00M | Scene, ViewLayer | Synchronizing object | Damper eye silent rubber.001
Fra:1 Mem:461.20M (Peak 461.20M) | Time:00:00.85 | Mem:0.00M, Peak:0.00M | Scene, ViewLayer | Synchronizing object | Bottle basket bottom wire.021
Fra:1 Mem:461.21M (Peak 461.21M) | Time:00:00.85 | Mem:0.00M, Peak:0.00M | Scene, ViewLayer | Synchronizing object | Bottle basket bottom wire.020
Fra:1 Mem:461.21M (Peak 461.21M) | Time:00:00.85 | Mem:0.00M, Peak:0.00M | Scene, ViewLayer | Synchronizing object | Secondary damper eye pin pin.001
Fra:1 Mem:461.21M (Peak 461.21M) | Time:00:00.85 | Mem:0.00M, Peak:0.00M | Scene, ViewLayer | Synchronizing object | Bottle holder wire upright.043
Fra:1 Mem:461.21M (Peak 461.21M) | Time:00:00.85 | Mem:0.00M, Peak:0.00M | Scene, ViewLayer | Synchronizing object | Bottle holder wire upright.042
Fra:1 Mem:461.22M (Peak 461.22M) | Time:00:00.85 | Mem:0.00M, Peak:0.00M | Scene, ViewLayer | Synchronizing object | Bottle holder wire upright.041
Fra:1 Mem:461.22M (Peak 461.22M) | Time:00:00.85 | Mem:0.00M, Peak:0.00M | Scene, ViewLayer | Synchronizing object | Bottle holder wire upright.040
Fra:1 Mem:461.22M (Peak 461.22M) | Time:00:00.85 | Mem:0.00M, Peak:0.00M | Scene, ViewLayer | Synchronizing object | Bottle holder rolled hoop.021
Fra:1 Mem:461.25M (Peak 461.25M) | Time:00:00.85 | Mem:0.00M, Peak:0.00M | Scene, ViewLayer | Synchronizing object | Bottle holder rolled hoop.020
Fra:1 Mem:461.28M (Peak 461.28M) | Time:00:00.85 | Mem:0.00M, Peak:0.00M | Scene, ViewLayer | Synchronizing object | Compartment call pushbutton.004
Fra:1 Mem:461.28M (Peak 461.28M) | Time:00:00.85 | Mem:0.00M, Peak:0.00M | Scene, ViewLayer | Synchronizing object | First AC compartment call plate.004
Fra:1 Mem:461.29M (Peak 461.29M) | Time:00:00.85 | Mem:0.00M, Peak:0.00M | Scene, ViewLayer | Synchronizing object | First AC polished coat hook.009
Fra:1 Mem:461.30M (Peak 461.30M) | Time:00:00.85 | Mem:0.00M, Peak:0.00M | Scene, ViewLayer | Synchronizing object | First AC polished coat hook.008
Fra:1 Mem:461.30M (Peak 461.30M) | Time:00:00.85 | Mem:0.00M, Peak:0.00M | Scene, ViewLayer | Synchronizing object | Bottle holder fixing screw.019
Fra:1 Mem:461.31M (Peak 461.31M) | Time:00:00.85 | Mem:0.00M, Peak:0.00M | Scene, ViewLayer | Synchronizing object | Bottle basket wall standoff.019
Fra:1 Mem:461.31M (Peak 461.31M) | Time:00:00.85 | Mem:0.00M, Peak:0.00M | Scene, ViewLayer | Synchronizing object | Bottle holder fixing screw.018
Fra:1 Mem:461.31M (Peak 461.31M) | Time:00:00.85 | Mem:0.00M, Peak:0.00M | Scene, ViewLayer | Synchronizing object | Bottle basket wall standoff.018
Fra:1 Mem:461.31M (Peak 461.31M) | Time:00:00.85 | Mem:0.00M, Peak:0.00M | Scene, ViewLayer | Synchronizing object | Bottle holder wall mounting plate.009
Fra:1 Mem:461.32M (Peak 461.32M) | Time:00:00.85 | Mem:0.00M, Peak:0.00M | Scene, ViewLayer | Synchronizing object | Bottle basket bottom wire.019
Fra:1 Mem:461.32M (Peak 461.32M) | Time:00:00.85 | Mem:0.00M, Peak:0.00M | Scene, ViewLayer | Synchronizing object | Bottle basket bottom wire.018
Fra:1 Mem:461.32M (Peak 461.32M) | Time:00:00.85 | Mem:0.00M, Peak:0.00M | Scene, ViewLayer | Synchronizing object | Bottle holder wire upright.039
Fra:1 Mem:461.33M (Peak 461.33M) | Time:00:00.85 | Mem:0.00M, Peak:0.00M | Scene, ViewLayer | Synchronizing object | Bottle holder wire upright.038
Fra:1 Mem:461.33M (Peak 461.33M) | Time:00:00.85 | Mem:0.00M, Peak:0.00M | Scene, ViewLayer | Synchronizing object | Bottle holder wire upright.037
Fra:1 Mem:461.33M (Peak 461.33M) | Time:00:00.85 | Mem:0.00M, Peak:0.00M | Scene, ViewLayer | Synchronizing object | Secondary damper eye pin retaining washer.002
Fra:1 Mem:461.34M (Peak 461.34M) | Time:00:00.85 | Mem:0.00M, Peak:0.00M | Scene, ViewLayer | Synchronizing object | Bottle holder wire upright.036
Fra:1 Mem:461.34M (Peak 461.34M) | Time:00:00.85 | Mem:0.00M, Peak:0.00M | Scene, ViewLayer | Synchronizing object | Secondary damper eye pin retaining hex head.002
Fra:1 Mem:461.34M (Peak 461.34M) | Time:00:00.85 | Mem:0.00M, Peak:0.00M | Scene, ViewLayer | Synchronizing object | Bottle holder rolled hoop.019
Fra:1 Mem:461.36M (Peak 461.36M) | Time:00:00.85 | Mem:0.00M, Peak:0.00M | Scene, ViewLayer | Synchronizing object | Secondary damper eye pin retaining washer.003
Fra:1 Mem:461.38M (Peak 461.38M) | Time:00:00.85 | Mem:0.00M, Peak:0.00M | Scene, ViewLayer | Synchronizing object | Secondary damper eye pin retaining hex head.003
Fra:1 Mem:461.38M (Peak 461.38M) | Time:00:00.85 | Mem:0.00M, Peak:0.00M | Scene, ViewLayer | Synchronizing object | Damper attachment lug.001
Fra:1 Mem:461.38M (Peak 461.38M) | Time:00:00.85 | Mem:0.00M, Peak:0.00M | Scene, ViewLayer | Synchronizing object | Bottle holder rolled hoop.018
Fra:1 Mem:461.41M (Peak 461.41M) | Time:00:00.85 | Mem:0.00M, Peak:0.00M | Scene, ViewLayer | Synchronizing object | Side bearer lubricating oil bath
Fra:1 Mem:461.43M (Peak 461.43M) | Time:00:00.86 | Mem:0.00M, Peak:0.00M | Scene, ViewLayer | Synchronizing object | Side bearer bronze wearing piece
Fra:1 Mem:461.43M (Peak 461.43M) | Time:00:00.86 | Mem:0.00M, Peak:0.00M | Scene, ViewLayer | Synchronizing object | Bottle holder fixing screw.017
Fra:1 Mem:461.44M (Peak 461.44M) | Time:00:00.86 | Mem:0.00M, Peak:0.00M | Scene, ViewLayer | Synchronizing object | Bottle basket wall standoff.017
Fra:1 Mem:461.44M (Peak 461.44M) | Time:00:00.86 | Mem:0.00M, Peak:0.00M | Scene, ViewLayer | Synchronizing object | Bottle holder fixing screw.016
Fra:1 Mem:461.44M (Peak 461.44M) | Time:00:00.86 | Mem:0.00M, Peak:0.00M | Scene, ViewLayer | Synchronizing object | Bottle basket wall standoff.016
Fra:1 Mem:461.45M (Peak 461.45M) | Time:00:00.86 | Mem:0.00M, Peak:0.00M | Scene, ViewLayer | Synchronizing object | Bottle holder wall mounting plate.008
Fra:1 Mem:461.45M (Peak 461.45M) | Time:00:00.86 | Mem:0.00M, Peak:0.00M | Scene, ViewLayer | Synchronizing object | Side bearer dust excluding cover
Fra:1 Mem:461.45M (Peak 461.45M) | Time:00:00.86 | Mem:0.00M, Peak:0.00M | Scene, ViewLayer | Synchronizing object | Bottle basket bottom wire.017
Fra:1 Mem:461.46M (Peak 461.46M) | Time:00:00.86 | Mem:0.00M, Peak:0.00M | Scene, ViewLayer | Synchronizing object | Bottle basket bottom wire.016
Fra:1 Mem:461.47M (Peak 461.47M) | Time:00:00.86 | Mem:0.00M, Peak:0.00M | Scene, ViewLayer | Synchronizing object | Bottle holder wire upright.035
Fra:1 Mem:461.47M (Peak 461.47M) | Time:00:00.86 | Mem:0.00M, Peak:0.00M | Scene, ViewLayer | Synchronizing object | Body bolster side-bearer attachment
Fra:1 Mem:461.47M (Peak 461.47M) | Time:00:00.86 | Mem:0.00M, Peak:0.00M | Scene, ViewLayer | Synchronizing object | Bottle holder wire upright.034
Fra:1 Mem:461.47M (Peak 461.47M) | Time:00:00.86 | Mem:0.00M, Peak:0.00M | Scene, ViewLayer | Synchronizing object | Bottle holder wire upright.033
Fra:1 Mem:461.47M (Peak 461.47M) | Time:00:00.86 | Mem:0.00M, Peak:0.00M | Scene, ViewLayer | Synchronizing object | Bottle holder wire upright.032
Fra:1 Mem:461.48M (Peak 461.48M) | Time:00:00.86 | Mem:0.00M, Peak:0.00M | Scene, ViewLayer | Synchronizing object | Bottle holder rolled hoop.017
Fra:1 Mem:461.49M (Peak 461.49M) | Time:00:00.86 | Mem:0.00M, Peak:0.00M | Scene, ViewLayer | Synchronizing object | Side bearer oil filler pipe
Fra:1 Mem:461.51M (Peak 461.51M) | Time:00:00.86 | Mem:0.00M, Peak:0.00M | Scene, ViewLayer | Synchronizing object | Side bearer oil filler cap
Fra:1 Mem:461.52M (Peak 461.52M) | Time:00:00.86 | Mem:0.00M, Peak:0.00M | Scene, ViewLayer | Synchronizing object | Bolster diagonal anchor link shank
Fra:1 Mem:461.52M (Peak 461.52M) | Time:00:00.86 | Mem:0.00M, Peak:0.00M | Scene, ViewLayer | Synchronizing object | Bottle holder rolled hoop.016
Fra:1 Mem:461.53M (Peak 461.53M) | Time:00:00.86 | Mem:0.00M, Peak:0.00M | Scene, ViewLayer | Synchronizing object | Anchor link silent block outer housing
Fra:1 Mem:461.55M (Peak 461.55M) | Time:00:00.86 | Mem:0.00M, Peak:0.00M | Scene, ViewLayer | Synchronizing object | Anchor link rubber bush
Fra:1 Mem:461.56M (Peak 461.56M) | Time:00:00.86 | Mem:0.00M, Peak:0.00M | Scene, ViewLayer | Synchronizing object | Compartment call pushbutton.003
Fra:1 Mem:461.56M (Peak 461.56M) | Time:00:00.86 | Mem:0.00M, Peak:0.00M | Scene, ViewLayer | Synchronizing object | Anchor link pin pin
Fra:1 Mem:461.57M (Peak 461.57M) | Time:00:00.86 | Mem:0.00M, Peak:0.00M | Scene, ViewLayer | Synchronizing object | First AC compartment call plate.003
Fra:1 Mem:461.57M (Peak 461.57M) | Time:00:00.86 | Mem:0.00M, Peak:0.00M | Scene, ViewLayer | Synchronizing object | Anchor link pin retaining washer
Fra:1 Mem:461.59M (Peak 461.59M) | Time:00:00.86 | Mem:0.00M, Peak:0.00M | Scene, ViewLayer | Synchronizing object | First AC polished coat hook.007
Fra:1 Mem:461.59M (Peak 461.59M) | Time:00:00.86 | Mem:0.00M, Peak:0.00M | Scene, ViewLayer | Synchronizing object | Anchor link pin retaining hex head
Fra:1 Mem:461.60M (Peak 461.60M) | Time:00:00.86 | Mem:0.00M, Peak:0.00M | Scene, ViewLayer | Synchronizing object | First AC polished coat hook.006
Fra:1 Mem:461.60M (Peak 461.60M) | Time:00:00.86 | Mem:0.00M, Peak:0.00M | Scene, ViewLayer | Synchronizing object | Anchor link pin retaining washer.001
Fra:1 Mem:461.61M (Peak 461.61M) | Time:00:00.86 | Mem:0.00M, Peak:0.00M | Scene, ViewLayer | Synchronizing object | Bottle holder fixing screw.015
Fra:1 Mem:461.61M (Peak 461.61M) | Time:00:00.86 | Mem:0.00M, Peak:0.00M | Scene, ViewLayer | Synchronizing object | Anchor link pin retaining hex head.001
Fra:1 Mem:461.61M (Peak 461.61M) | Time:00:00.86 | Mem:0.00M, Peak:0.00M | Scene, ViewLayer | Synchronizing object | Bottle basket wall standoff.015
Fra:1 Mem:461.61M (Peak 461.61M) | Time:00:00.86 | Mem:0.00M, Peak:0.00M | Scene, ViewLayer | Synchronizing object | Anchor link silent block outer housing.001
Fra:1 Mem:461.62M (Peak 461.62M) | Time:00:00.86 | Mem:0.00M, Peak:0.00M | Scene, ViewLayer | Synchronizing object | Bottle holder fixing screw.014
Fra:1 Mem:461.63M (Peak 461.63M) | Time:00:00.86 | Mem:0.00M, Peak:0.00M | Scene, ViewLayer | Synchronizing object | Bottle basket wall standoff.014
Fra:1 Mem:461.62M (Peak 461.63M) | Time:00:00.86 | Mem:0.00M, Peak:0.00M | Scene, ViewLayer | Synchronizing object | Anchor link rubber bush.001
Fra:1 Mem:461.63M (Peak 461.63M) | Time:00:00.86 | Mem:0.00M, Peak:0.00M | Scene, ViewLayer | Synchronizing object | Bottle holder wall mounting plate.007
Fra:1 Mem:461.64M (Peak 461.64M) | Time:00:00.86 | Mem:0.00M, Peak:0.00M | Scene, ViewLayer | Synchronizing object | Bottle basket bottom wire.015
Fra:1 Mem:461.64M (Peak 461.64M) | Time:00:00.86 | Mem:0.00M, Peak:0.00M | Scene, ViewLayer | Synchronizing object | Bottle basket bottom wire.014
Fra:1 Mem:461.64M (Peak 461.64M) | Time:00:00.86 | Mem:0.00M, Peak:0.00M | Scene, ViewLayer | Synchronizing object | Bottle holder wire upright.031
Fra:1 Mem:461.65M (Peak 461.65M) | Time:00:00.86 | Mem:0.00M, Peak:0.00M | Scene, ViewLayer | Synchronizing object | Bottle holder wire upright.030
Fra:1 Mem:461.65M (Peak 461.65M) | Time:00:00.86 | Mem:0.00M, Peak:0.00M | Scene, ViewLayer | Synchronizing object | Bottle holder wire upright.029
Fra:1 Mem:461.65M (Peak 461.65M) | Time:00:00.86 | Mem:0.00M, Peak:0.00M | Scene, ViewLayer | Synchronizing object | Bottle holder wire upright.028
Fra:1 Mem:461.67M (Peak 461.67M) | Time:00:00.86 | Mem:0.00M, Peak:0.00M | Scene, ViewLayer | Synchronizing object | Bottle holder rolled hoop.015
Fra:1 Mem:461.68M (Peak 461.68M) | Time:00:00.86 | Mem:0.00M, Peak:0.00M | Scene, ViewLayer | Synchronizing object | Anchor link pin retaining washer.002
Fra:1 Mem:461.69M (Peak 461.69M) | Time:00:00.86 | Mem:0.00M, Peak:0.00M | Scene, ViewLayer | Synchronizing object | Anchor link pin retaining hex head.002
Fra:1 Mem:461.69M (Peak 461.69M) | Time:00:00.86 | Mem:0.00M, Peak:0.00M | Scene, ViewLayer | Synchronizing object | Bottle holder rolled hoop.014
Fra:1 Mem:461.70M (Peak 461.70M) | Time:00:00.86 | Mem:0.00M, Peak:0.00M | Scene, ViewLayer | Synchronizing object | Anchor link pin retaining washer.003
Fra:1 Mem:461.72M (Peak 461.72M) | Time:00:00.86 | Mem:0.00M, Peak:0.00M | Scene, ViewLayer | Synchronizing object | Anchor link pin retaining hex head.003
Fra:1 Mem:461.73M (Peak 461.73M) | Time:00:00.86 | Mem:0.00M, Peak:0.00M | Scene, ViewLayer | Synchronizing object | Equalising stay rod
Fra:1 Mem:461.73M (Peak 461.73M) | Time:00:00.86 | Mem:0.00M, Peak:0.00M | Scene, ViewLayer | Synchronizing object | Bottle holder fixing screw.013
Fra:1 Mem:461.74M (Peak 461.74M) | Time:00:00.86 | Mem:0.00M, Peak:0.00M | Scene, ViewLayer | Synchronizing object | Equalising stay pin eye
Fra:1 Mem:461.74M (Peak 461.74M) | Time:00:00.86 | Mem:0.00M, Peak:0.00M | Scene, ViewLayer | Synchronizing object | Bottle basket wall standoff.013
Fra:1 Mem:461.75M (Peak 461.75M) | Time:00:00.86 | Mem:0.00M, Peak:0.00M | Scene, ViewLayer | Synchronizing object | Bottle holder fixing screw.012
Fra:1 Mem:461.75M (Peak 461.75M) | Time:00:00.86 | Mem:0.00M, Peak:0.00M | Scene, ViewLayer | Synchronizing object | Equalising stay pin pin
Fra:1 Mem:461.75M (Peak 461.75M) | Time:00:00.86 | Mem:0.00M, Peak:0.00M | Scene, ViewLayer | Synchronizing object | Bottle basket wall standoff.012
Fra:1 Mem:461.75M (Peak 461.75M) | Time:00:00.86 | Mem:0.00M, Peak:0.00M | Scene, ViewLayer | Synchronizing object | Equalising stay pin retaining washer
Fra:1 Mem:461.76M (Peak 461.76M) | Time:00:00.86 | Mem:0.00M, Peak:0.00M | Scene, ViewLayer | Synchronizing object | Bottle holder wall mounting plate.006
Fra:1 Mem:461.76M (Peak 461.76M) | Time:00:00.86 | Mem:0.00M, Peak:0.00M | Scene, ViewLayer | Synchronizing object | Equalising stay pin retaining hex head
Fra:1 Mem:461.77M (Peak 461.77M) | Time:00:00.86 | Mem:0.00M, Peak:0.00M | Scene, ViewLayer | Synchronizing object | Equalising stay pin retaining washer.001
Fra:1 Mem:461.77M (Peak 461.77M) | Time:00:00.86 | Mem:0.00M, Peak:0.00M | Scene, ViewLayer | Synchronizing object | Bottle basket bottom wire.013
Fra:1 Mem:461.78M (Peak 461.78M) | Time:00:00.86 | Mem:0.00M, Peak:0.00M | Scene, ViewLayer | Synchronizing object | Equalising stay pin retaining hex head.001
Fra:1 Mem:461.78M (Peak 461.78M) | Time:00:00.86 | Mem:0.00M, Peak:0.00M | Scene, ViewLayer | Synchronizing object | Bottle basket bottom wire.012
Fra:1 Mem:461.78M (Peak 461.78M) | Time:00:00.86 | Mem:0.00M, Peak:0.00M | Scene, ViewLayer | Synchronizing object | Equalising stay pin eye.001
Fra:1 Mem:461.78M (Peak 461.78M) | Time:00:00.86 | Mem:0.00M, Peak:0.00M | Scene, ViewLayer | Synchronizing object | Bottle holder wire upright.027
Fra:1 Mem:461.79M (Peak 461.79M) | Time:00:00.86 | Mem:0.00M, Peak:0.00M | Scene, ViewLayer | Synchronizing object | Bottle holder wire upright.026
Fra:1 Mem:461.79M (Peak 461.79M) | Time:00:00.86 | Mem:0.00M, Peak:0.00M | Scene, ViewLayer | Synchronizing object | Equalising stay pin pin.001
Fra:1 Mem:461.79M (Peak 461.79M) | Time:00:00.86 | Mem:0.00M, Peak:0.00M | Scene, ViewLayer | Synchronizing object | Bottle holder wire upright.025
Fra:1 Mem:461.80M (Peak 461.80M) | Time:00:00.86 | Mem:0.00M, Peak:0.00M | Scene, ViewLayer | Synchronizing object | Bottle holder wire upright.024
Fra:1 Mem:461.80M (Peak 461.80M) | Time:00:00.86 | Mem:0.00M, Peak:0.00M | Scene, ViewLayer | Synchronizing object | Bottle holder rolled hoop.013
Fra:1 Mem:461.83M (Peak 461.83M) | Time:00:00.86 | Mem:0.00M, Peak:0.00M | Scene, ViewLayer | Synchronizing object | Bottle holder rolled hoop.012
Fra:1 Mem:461.84M (Peak 461.84M) | Time:00:00.86 | Mem:0.00M, Peak:0.00M | Scene, ViewLayer | Synchronizing object | Equalising stay pin retaining washer.002
Fra:1 Mem:461.86M (Peak 461.86M) | Time:00:00.86 | Mem:0.00M, Peak:0.00M | Scene, ViewLayer | Synchronizing object | Equalising stay pin retaining hex head.002
Fra:1 Mem:461.87M (Peak 461.87M) | Time:00:00.86 | Mem:0.00M, Peak:0.00M | Scene, ViewLayer | Synchronizing object | Compartment call pushbutton.002
Fra:1 Mem:461.87M (Peak 461.87M) | Time:00:00.86 | Mem:0.00M, Peak:0.00M | Scene, ViewLayer | Synchronizing object | Equalising stay pin retaining washer.003
Fra:1 Mem:461.88M (Peak 461.88M) | Time:00:00.86 | Mem:0.00M, Peak:0.00M | Scene, ViewLayer | Synchronizing object | First AC compartment call plate.002
Fra:1 Mem:461.88M (Peak 461.88M) | Time:00:00.86 | Mem:0.00M, Peak:0.00M | Scene, ViewLayer | Synchronizing object | Equalising stay pin retaining hex head.003
Fra:1 Mem:461.89M (Peak 461.89M) | Time:00:00.86 | Mem:0.00M, Peak:0.00M | Scene, ViewLayer | Synchronizing object | First AC polished coat hook.005
Fra:1 Mem:461.89M (Peak 461.89M) | Time:00:00.86 | Mem:0.00M, Peak:0.00M | Scene, ViewLayer | Synchronizing object | Bolster spring head seat.001
Fra:1 Mem:461.90M (Peak 461.90M) | Time:00:00.86 | Mem:0.00M, Peak:0.00M | Scene, ViewLayer | Synchronizing object | First AC polished coat hook.004
Fra:1 Mem:461.91M (Peak 461.91M) | Time:00:00.86 | Mem:0.00M, Peak:0.00M | Scene, ViewLayer | Synchronizing object | Lower spring beam end tray.001
Fra:1 Mem:461.91M (Peak 461.91M) | Time:00:00.86 | Mem:0.00M, Peak:0.00M | Scene, ViewLayer | Synchronizing object | Bottle holder fixing screw.011
Fra:1 Mem:461.92M (Peak 461.92M) | Time:00:00.86 | Mem:0.00M, Peak:0.00M | Scene, ViewLayer | Synchronizing object | Bottle basket wall standoff.011
Fra:1 Mem:461.92M (Peak 461.92M) | Time:00:00.86 | Mem:0.00M, Peak:0.00M | Scene, ViewLayer | Synchronizing object | Bolster spring bottom rubber pad.002
Fra:1 Mem:461.93M (Peak 461.93M) | Time:00:00.86 | Mem:0.00M, Peak:0.00M | Scene, ViewLayer | Synchronizing object | Bottle holder fixing screw.010
Fra:1 Mem:461.93M (Peak 461.93M) | Time:00:00.86 | Mem:0.00M, Peak:0.00M | Scene, ViewLayer | Synchronizing object | Bottle basket wall standoff.010
Fra:1 Mem:461.94M (Peak 461.94M) | Time:00:00.86 | Mem:0.00M, Peak:0.00M | Scene, ViewLayer | Synchronizing object | Bolster spring top seating flange.002
Fra:1 Mem:461.94M (Peak 461.94M) | Time:00:00.86 | Mem:0.00M, Peak:0.00M | Scene, ViewLayer | Synchronizing object | Bottle holder wall mounting plate.005
Fra:1 Mem:461.95M (Peak 461.95M) | Time:00:00.86 | Mem:0.00M, Peak:0.00M | Scene, ViewLayer | Synchronizing object | Secondary 42mm bolster coil.002
Fra:1 Mem:461.95M (Peak 461.95M) | Time:00:00.86 | Mem:0.00M, Peak:0.00M | Scene, ViewLayer | Synchronizing object | Bottle basket bottom wire.011
Fra:1 Mem:461.95M (Peak 461.95M) | Time:00:00.86 | Mem:0.00M, Peak:0.00M | Scene, ViewLayer | Synchronizing object | Bottle basket bottom wire.010
Fra:1 Mem:461.96M (Peak 461.96M) | Time:00:00.86 | Mem:0.00M, Peak:0.00M | Scene, ViewLayer | Synchronizing object | Bottle holder wire upright.023
Fra:1 Mem:461.96M (Peak 461.96M) | Time:00:00.86 | Mem:0.00M, Peak:0.00M | Scene, ViewLayer | Synchronizing object | Bottle holder wire upright.022
Fra:1 Mem:461.96M (Peak 461.96M) | Time:00:00.86 | Mem:0.00M, Peak:0.00M | Scene, ViewLayer | Synchronizing object | Bottle holder wire upright.021
Fra:1 Mem:461.96M (Peak 461.96M) | Time:00:00.86 | Mem:0.00M, Peak:0.00M | Scene, ViewLayer | Synchronizing object | Bottle holder wire upright.020
Fra:1 Mem:461.96M (Peak 461.96M) | Time:00:00.86 | Mem:0.00M, Peak:0.00M | Scene, ViewLayer | Synchronizing object | Bottle holder rolled hoop.011
Fra:1 Mem:461.99M (Peak 461.99M) | Time:00:00.86 | Mem:0.00M, Peak:0.00M | Scene, ViewLayer | Synchronizing object | Bottle holder rolled hoop.010
Fra:1 Mem:462.02M (Peak 462.02M) | Time:00:00.86 | Mem:0.00M, Peak:0.00M | Scene, ViewLayer | Synchronizing object | Bottle holder fixing screw.009
Fra:1 Mem:462.05M (Peak 462.05M) | Time:00:00.86 | Mem:0.00M, Peak:0.00M | Scene, ViewLayer | Synchronizing object | Bottle basket wall standoff.009
Fra:1 Mem:462.05M (Peak 462.05M) | Time:00:00.86 | Mem:0.00M, Peak:0.00M | Scene, ViewLayer | Synchronizing object | Bottle holder fixing screw.008
Fra:1 Mem:462.13M (Peak 462.13M) | Time:00:00.86 | Mem:0.00M, Peak:0.00M | Scene, ViewLayer | Synchronizing object | Bottle basket wall standoff.008
Fra:1 Mem:462.13M (Peak 462.13M) | Time:00:00.86 | Mem:0.00M, Peak:0.00M | Scene, ViewLayer | Synchronizing object | Bottle holder wall mounting plate.004
Fra:1 Mem:462.14M (Peak 462.14M) | Time:00:00.86 | Mem:0.00M, Peak:0.00M | Scene, ViewLayer | Synchronizing object | Bottle basket bottom wire.009
Fra:1 Mem:462.14M (Peak 462.14M) | Time:00:00.86 | Mem:0.00M, Peak:0.00M | Scene, ViewLayer | Synchronizing object | Bottle basket bottom wire.008
Fra:1 Mem:462.16M (Peak 462.16M) | Time:00:00.86 | Mem:0.00M, Peak:0.00M | Scene, ViewLayer | Synchronizing object | Bottle holder wire upright.019
Fra:1 Mem:462.16M (Peak 462.16M) | Time:00:00.86 | Mem:0.00M, Peak:0.00M | Scene, ViewLayer | Synchronizing object | Bottle holder wire upright.018
Fra:1 Mem:462.18M (Peak 462.18M) | Time:00:00.86 | Mem:0.00M, Peak:0.00M | Scene, ViewLayer | Synchronizing object | Bottle holder wire upright.017
Fra:1 Mem:462.19M (Peak 462.19M) | Time:00:00.86 | Mem:0.00M, Peak:0.00M | Scene, ViewLayer | Synchronizing object | Bottle holder wire upright.016
Fra:1 Mem:462.20M (Peak 462.20M) | Time:00:00.86 | Mem:0.00M, Peak:0.00M | Scene, ViewLayer | Synchronizing object | Bottle holder rolled hoop.009
Fra:1 Mem:462.23M (Peak 462.23M) | Time:00:00.86 | Mem:0.00M, Peak:0.00M | Scene, ViewLayer | Synchronizing object | Bottle holder rolled hoop.008
Fra:1 Mem:462.26M (Peak 462.26M) | Time:00:00.86 | Mem:0.00M, Peak:0.00M | Scene, ViewLayer | Synchronizing object | Compartment call pushbutton.001
Fra:1 Mem:462.27M (Peak 462.27M) | Time:00:00.86 | Mem:0.00M, Peak:0.00M | Scene, ViewLayer | Synchronizing object | First AC compartment call plate.001
Fra:1 Mem:462.27M (Peak 462.27M) | Time:00:00.86 | Mem:0.00M, Peak:0.00M | Scene, ViewLayer | Synchronizing object | First AC polished coat hook.003
Fra:1 Mem:462.28M (Peak 462.28M) | Time:00:00.86 | Mem:0.00M, Peak:0.00M | Scene, ViewLayer | Synchronizing object | First AC polished coat hook.002
Fra:1 Mem:462.28M (Peak 462.28M) | Time:00:00.86 | Mem:0.00M, Peak:0.00M | Scene, ViewLayer | Synchronizing object | Bottle holder fixing screw.007
Fra:1 Mem:462.29M (Peak 462.29M) | Time:00:00.86 | Mem:0.00M, Peak:0.00M | Scene, ViewLayer | Synchronizing object | Bottle basket wall standoff.007
Fra:1 Mem:462.31M (Peak 462.31M) | Time:00:00.86 | Mem:0.00M, Peak:0.00M | Scene, ViewLayer | Synchronizing object | Bottle holder fixing screw.006
Fra:1 Mem:462.31M (Peak 462.31M) | Time:00:00.86 | Mem:0.00M, Peak:0.00M | Scene, ViewLayer | Synchronizing object | Bottle basket wall standoff.006
Fra:1 Mem:462.32M (Peak 462.32M) | Time:00:00.86 | Mem:0.00M, Peak:0.00M | Scene, ViewLayer | Synchronizing object | Bottle holder wall mounting plate.003
Fra:1 Mem:462.35M (Peak 462.35M) | Time:00:00.86 | Mem:0.00M, Peak:0.00M | Scene, ViewLayer | Synchronizing object | Bottle basket bottom wire.007
Fra:1 Mem:462.33M (Peak 462.35M) | Time:00:00.86 | Mem:0.00M, Peak:0.00M | Scene, ViewLayer | Synchronizing object | Bottle basket bottom wire.006
Fra:1 Mem:462.33M (Peak 462.35M) | Time:00:00.86 | Mem:0.00M, Peak:0.00M | Scene, ViewLayer | Synchronizing object | Bottle holder wire upright.015
Fra:1 Mem:462.34M (Peak 462.35M) | Time:00:00.86 | Mem:0.00M, Peak:0.00M | Scene, ViewLayer | Synchronizing object | Bottle holder wire upright.014
Fra:1 Mem:462.34M (Peak 462.35M) | Time:00:00.86 | Mem:0.00M, Peak:0.00M | Scene, ViewLayer | Synchronizing object | Bottle holder wire upright.013
Fra:1 Mem:462.34M (Peak 462.35M) | Time:00:00.86 | Mem:0.00M, Peak:0.00M | Scene, ViewLayer | Synchronizing object | Bottle holder wire upright.012
Fra:1 Mem:462.35M (Peak 462.35M) | Time:00:00.86 | Mem:0.00M, Peak:0.00M | Scene, ViewLayer | Synchronizing object | Bottle holder rolled hoop.007
Fra:1 Mem:462.35M (Peak 462.35M) | Time:00:00.86 | Mem:0.00M, Peak:0.00M | Scene, ViewLayer | Synchronizing object | Secondary 42mm bolster coil group mark.023
Fra:1 Mem:462.38M (Peak 462.38M) | Time:00:00.86 | Mem:0.00M, Peak:0.00M | Scene, ViewLayer | Synchronizing object | Secondary 42mm bolster coil group mark.024
Fra:1 Mem:462.38M (Peak 462.38M) | Time:00:00.86 | Mem:0.00M, Peak:0.00M | Scene, ViewLayer | Synchronizing object | Bottle holder rolled hoop.006
Fra:1 Mem:462.40M (Peak 462.40M) | Time:00:00.86 | Mem:0.00M, Peak:0.00M | Scene, ViewLayer | Synchronizing object | Secondary 42mm bolster coil group mark.025
Fra:1 Mem:462.41M (Peak 462.41M) | Time:00:00.86 | Mem:0.00M, Peak:0.00M | Scene, ViewLayer | Synchronizing object | Secondary 42mm bolster coil group mark.026
Fra:1 Mem:462.42M (Peak 462.42M) | Time:00:00.86 | Mem:0.00M, Peak:0.00M | Scene, ViewLayer | Synchronizing object | Bottle holder fixing screw.005
Fra:1 Mem:462.42M (Peak 462.42M) | Time:00:00.86 | Mem:0.00M, Peak:0.00M | Scene, ViewLayer | Synchronizing object | Secondary 42mm bolster coil group mark.027
Fra:1 Mem:462.42M (Peak 462.42M) | Time:00:00.86 | Mem:0.00M, Peak:0.00M | Scene, ViewLayer | Synchronizing object | Bottle basket wall standoff.005
Fra:1 Mem:462.43M (Peak 462.43M) | Time:00:00.86 | Mem:0.00M, Peak:0.00M | Scene, ViewLayer | Synchronizing object | Secondary 42mm bolster coil group mark.028
Fra:1 Mem:462.44M (Peak 462.44M) | Time:00:00.86 | Mem:0.00M, Peak:0.00M | Scene, ViewLayer | Synchronizing object | Bottle holder fixing screw.004
Fra:1 Mem:462.43M (Peak 462.44M) | Time:00:00.86 | Mem:0.00M, Peak:0.00M | Scene, ViewLayer | Synchronizing object | Secondary 42mm bolster coil group mark.029
Fra:1 Mem:462.43M (Peak 462.44M) | Time:00:00.86 | Mem:0.00M, Peak:0.00M | Scene, ViewLayer | Synchronizing object | Bottle basket wall standoff.004
Fra:1 Mem:462.44M (Peak 462.44M) | Time:00:00.86 | Mem:0.00M, Peak:0.00M | Scene, ViewLayer | Synchronizing object | Secondary 42mm bolster coil group mark.030
Fra:1 Mem:462.45M (Peak 462.45M) | Time:00:00.86 | Mem:0.00M, Peak:0.00M | Scene, ViewLayer | Synchronizing object | Bottle holder wall mounting plate.002
Fra:1 Mem:462.45M (Peak 462.45M) | Time:00:00.86 | Mem:0.00M, Peak:0.00M | Scene, ViewLayer | Synchronizing object | Secondary 42mm bolster coil group mark.031
Fra:1 Mem:462.45M (Peak 462.45M) | Time:00:00.86 | Mem:0.00M, Peak:0.00M | Scene, ViewLayer | Synchronizing object | Bottle basket bottom wire.005
Fra:1 Mem:462.45M (Peak 462.45M) | Time:00:00.86 | Mem:0.00M, Peak:0.00M | Scene, ViewLayer | Synchronizing object | Secondary 42mm bolster coil group mark.032
Fra:1 Mem:462.45M (Peak 462.45M) | Time:00:00.86 | Mem:0.00M, Peak:0.00M | Scene, ViewLayer | Synchronizing object | Bottle basket bottom wire.004
Fra:1 Mem:462.46M (Peak 462.46M) | Time:00:00.86 | Mem:0.00M, Peak:0.00M | Scene, ViewLayer | Synchronizing object | Bolster spring bottom rubber pad.003
Fra:1 Mem:462.46M (Peak 462.46M) | Time:00:00.86 | Mem:0.00M, Peak:0.00M | Scene, ViewLayer | Synchronizing object | Bottle holder wire upright.011
Fra:1 Mem:462.47M (Peak 462.47M) | Time:00:00.86 | Mem:0.00M, Peak:0.00M | Scene, ViewLayer | Synchronizing object | Bottle holder wire upright.010
Fra:1 Mem:462.47M (Peak 462.47M) | Time:00:00.86 | Mem:0.00M, Peak:0.00M | Scene, ViewLayer | Synchronizing object | Bolster spring top seating flange.003
Fra:1 Mem:462.47M (Peak 462.47M) | Time:00:00.86 | Mem:0.00M, Peak:0.00M | Scene, ViewLayer | Synchronizing object | Bottle holder wire upright.009
Fra:1 Mem:462.48M (Peak 462.48M) | Time:00:00.86 | Mem:0.00M, Peak:0.00M | Scene, ViewLayer | Synchronizing object | Bottle holder wire upright.008
Fra:1 Mem:462.48M (Peak 462.48M) | Time:00:00.86 | Mem:0.00M, Peak:0.00M | Scene, ViewLayer | Synchronizing object | Secondary 42mm bolster coil.003
Fra:1 Mem:462.51M (Peak 462.51M) | Time:00:00.86 | Mem:0.00M, Peak:0.00M | Scene, ViewLayer | Synchronizing object | Bottle holder rolled hoop.005
Fra:1 Mem:462.63M (Peak 462.63M) | Time:00:00.86 | Mem:0.00M, Peak:0.00M | Scene, ViewLayer | Synchronizing object | Bottle holder rolled hoop.004
Fra:1 Mem:462.69M (Peak 462.69M) | Time:00:00.86 | Mem:0.00M, Peak:0.00M | Scene, ViewLayer | Synchronizing object | Compartment call pushbutton
Fra:1 Mem:462.70M (Peak 462.70M) | Time:00:00.86 | Mem:0.00M, Peak:0.00M | Scene, ViewLayer | Synchronizing object | First AC compartment call plate
Fra:1 Mem:462.71M (Peak 462.71M) | Time:00:00.86 | Mem:0.00M, Peak:0.00M | Scene, ViewLayer | Synchronizing object | First AC polished coat hook.001
Fra:1 Mem:462.71M (Peak 462.71M) | Time:00:00.86 | Mem:0.00M, Peak:0.00M | Scene, ViewLayer | Synchronizing object | First AC polished coat hook
Fra:1 Mem:462.72M (Peak 462.72M) | Time:00:00.86 | Mem:0.00M, Peak:0.00M | Scene, ViewLayer | Synchronizing object | Bottle holder fixing screw.003
Fra:1 Mem:462.74M (Peak 462.74M) | Time:00:00.86 | Mem:0.00M, Peak:0.00M | Scene, ViewLayer | Synchronizing object | Bottle basket wall standoff.003
Fra:1 Mem:462.75M (Peak 462.75M) | Time:00:00.86 | Mem:0.00M, Peak:0.00M | Scene, ViewLayer | Synchronizing object | Bottle holder fixing screw.002
Fra:1 Mem:462.77M (Peak 462.77M) | Time:00:00.86 | Mem:0.00M, Peak:0.00M | Scene, ViewLayer | Synchronizing object | Bottle basket wall standoff.002
Fra:1 Mem:462.76M (Peak 462.77M) | Time:00:00.86 | Mem:0.00M, Peak:0.00M | Scene, ViewLayer | Synchronizing object | Bottle holder wall mounting plate.001
Fra:1 Mem:462.76M (Peak 462.77M) | Time:00:00.86 | Mem:0.00M, Peak:0.00M | Scene, ViewLayer | Synchronizing object | Secondary 42mm bolster coil group mark.033
Fra:1 Mem:462.76M (Peak 462.77M) | Time:00:00.86 | Mem:0.00M, Peak:0.00M | Scene, ViewLayer | Synchronizing object | Bottle basket bottom wire.003
Fra:1 Mem:462.77M (Peak 462.77M) | Time:00:00.86 | Mem:0.00M, Peak:0.00M | Scene, ViewLayer | Synchronizing object | Secondary 42mm bolster coil group mark.034
Fra:1 Mem:462.77M (Peak 462.77M) | Time:00:00.86 | Mem:0.00M, Peak:0.00M | Scene, ViewLayer | Synchronizing object | Bottle basket bottom wire.002
Fra:1 Mem:462.77M (Peak 462.77M) | Time:00:00.86 | Mem:0.00M, Peak:0.00M | Scene, ViewLayer | Synchronizing object | Secondary 42mm bolster coil group mark.035
Fra:1 Mem:462.78M (Peak 462.78M) | Time:00:00.86 | Mem:0.00M, Peak:0.00M | Scene, ViewLayer | Synchronizing object | Bottle holder wire upright.006
Fra:1 Mem:462.79M (Peak 462.79M) | Time:00:00.86 | Mem:0.00M, Peak:0.00M | Scene, ViewLayer | Synchronizing object | Secondary 42mm bolster coil group mark.036
Fra:1 Mem:462.78M (Peak 462.79M) | Time:00:00.86 | Mem:0.00M, Peak:0.00M | Scene, ViewLayer | Synchronizing object | Bottle holder wire upright.005
Fra:1 Mem:462.78M (Peak 462.79M) | Time:00:00.86 | Mem:0.00M, Peak:0.00M | Scene, ViewLayer | Synchronizing object | Secondary 42mm bolster coil group mark.037
Fra:1 Mem:462.79M (Peak 462.79M) | Time:00:00.86 | Mem:0.00M, Peak:0.00M | Scene, ViewLayer | Synchronizing object | Bottle holder wire upright.004
Fra:1 Mem:462.79M (Peak 462.79M) | Time:00:00.86 | Mem:0.00M, Peak:0.00M | Scene, ViewLayer | Synchronizing object | Secondary 42mm bolster coil group mark.038
Fra:1 Mem:462.79M (Peak 462.79M) | Time:00:00.86 | Mem:0.00M, Peak:0.00M | Scene, ViewLayer | Synchronizing object | Bottle holder rolled hoop.003
Fra:1 Mem:462.80M (Peak 462.80M) | Time:00:00.86 | Mem:0.00M, Peak:0.00M | Scene, ViewLayer | Synchronizing object | Secondary 42mm bolster coil group mark.039
Fra:1 Mem:462.82M (Peak 462.82M) | Time:00:00.86 | Mem:0.00M, Peak:0.00M | Scene, ViewLayer | Synchronizing object | Secondary 42mm bolster coil group mark.040
Fra:1 Mem:462.83M (Peak 462.83M) | Time:00:00.86 | Mem:0.00M, Peak:0.00M | Scene, ViewLayer | Synchronizing object | Bottle holder rolled hoop.002
Fra:1 Mem:462.84M (Peak 462.84M) | Time:00:00.86 | Mem:0.00M, Peak:0.00M | Scene, ViewLayer | Synchronizing object | Secondary 42mm bolster coil group mark.041
Fra:1 Mem:462.86M (Peak 462.86M) | Time:00:00.86 | Mem:0.00M, Peak:0.00M | Scene, ViewLayer | Synchronizing object | Secondary 42mm bolster coil group mark.042
Fra:1 Mem:462.86M (Peak 462.86M) | Time:00:00.86 | Mem:0.00M, Peak:0.00M | Scene, ViewLayer | Synchronizing object | Secondary 42mm bolster coil group mark.043
Fra:1 Mem:462.87M (Peak 462.87M) | Time:00:00.86 | Mem:0.00M, Peak:0.00M | Scene, ViewLayer | Synchronizing object | Bottle holder fixing screw.001
Fra:1 Mem:462.87M (Peak 462.87M) | Time:00:00.86 | Mem:0.00M, Peak:0.00M | Scene, ViewLayer | Synchronizing object | BSS swing hanger forged link strap.004
Fra:1 Mem:462.87M (Peak 462.87M) | Time:00:00.86 | Mem:0.00M, Peak:0.00M | Scene, ViewLayer | Synchronizing object | Bottle basket wall standoff.001
Fra:1 Mem:462.87M (Peak 462.87M) | Time:00:00.86 | Mem:0.00M, Peak:0.00M | Scene, ViewLayer | Synchronizing object | BSS swing hanger forged link eye.008
Fra:1 Mem:462.88M (Peak 462.88M) | Time:00:00.86 | Mem:0.00M, Peak:0.00M | Scene, ViewLayer | Synchronizing object | Bottle holder fixing screw
Fra:1 Mem:462.88M (Peak 462.88M) | Time:00:00.86 | Mem:0.00M, Peak:0.00M | Scene, ViewLayer | Synchronizing object | BSS swing hanger forged link eye.009
Fra:1 Mem:462.89M (Peak 462.89M) | Time:00:00.86 | Mem:0.00M, Peak:0.00M | Scene, ViewLayer | Synchronizing object | Bottle basket wall standoff
Fra:1 Mem:462.89M (Peak 462.89M) | Time:00:00.86 | Mem:0.00M, Peak:0.00M | Scene, ViewLayer | Synchronizing object | BSS swing hanger forged link strap.005
Fra:1 Mem:462.89M (Peak 462.89M) | Time:00:00.86 | Mem:0.00M, Peak:0.00M | Scene, ViewLayer | Synchronizing object | Bottle holder wall mounting plate
Fra:1 Mem:462.90M (Peak 462.90M) | Time:00:00.86 | Mem:0.00M, Peak:0.00M | Scene, ViewLayer | Synchronizing object | BSS swing hanger forged link eye.010
Fra:1 Mem:462.91M (Peak 462.91M) | Time:00:00.86 | Mem:0.00M, Peak:0.00M | Scene, ViewLayer | Synchronizing object | Bottle basket bottom wire.001
Fra:1 Mem:462.91M (Peak 462.91M) | Time:00:00.86 | Mem:0.00M, Peak:0.00M | Scene, ViewLayer | Synchronizing object | BSS swing hanger forged link eye.011
Fra:1 Mem:462.91M (Peak 462.91M) | Time:00:00.86 | Mem:0.00M, Peak:0.00M | Scene, ViewLayer | Synchronizing object | Bottle basket bottom wire
Fra:1 Mem:462.92M (Peak 462.92M) | Time:00:00.86 | Mem:0.00M, Peak:0.00M | Scene, ViewLayer | Synchronizing object | Bottle holder wire upright.003
Fra:1 Mem:462.92M (Peak 462.92M) | Time:00:00.86 | Mem:0.00M, Peak:0.00M | Scene, ViewLayer | Synchronizing object | BSS upper hanger pin pin.002
Fra:1 Mem:462.92M (Peak 462.92M) | Time:00:00.86 | Mem:0.00M, Peak:0.00M | Scene, ViewLayer | Synchronizing object | Bottle holder wire upright.002
Fra:1 Mem:462.92M (Peak 462.92M) | Time:00:00.86 | Mem:0.00M, Peak:0.00M | Scene, ViewLayer | Synchronizing object | BSS upper hanger pin retaining washer.004
Fra:1 Mem:462.94M (Peak 462.94M) | Time:00:00.86 | Mem:0.00M, Peak:0.00M | Scene, ViewLayer | Synchronizing object | Bottle holder wire upright.001
Fra:1 Mem:462.93M (Peak 462.94M) | Time:00:00.86 | Mem:0.00M, Peak:0.00M | Scene, ViewLayer | Synchronizing object | Bottle holder wire upright
Fra:1 Mem:462.93M (Peak 462.94M) | Time:00:00.86 | Mem:0.00M, Peak:0.00M | Scene, ViewLayer | Synchronizing object | BSS upper hanger pin retaining hex head.004
Fra:1 Mem:462.94M (Peak 462.94M) | Time:00:00.86 | Mem:0.00M, Peak:0.00M | Scene, ViewLayer | Synchronizing object | Bottle holder rolled hoop.001
Fra:1 Mem:462.94M (Peak 462.94M) | Time:00:00.86 | Mem:0.00M, Peak:0.00M | Scene, ViewLayer | Synchronizing object | BSS upper hanger pin retaining washer.005
Fra:1 Mem:462.97M (Peak 462.97M) | Time:00:00.86 | Mem:0.00M, Peak:0.00M | Scene, ViewLayer | Synchronizing object | BSS upper hanger pin retaining hex head.005
Fra:1 Mem:462.97M (Peak 462.97M) | Time:00:00.86 | Mem:0.00M, Peak:0.00M | Scene, ViewLayer | Synchronizing object | BSS lower hanger pin pin.002
Fra:1 Mem:462.98M (Peak 462.98M) | Time:00:00.86 | Mem:0.00M, Peak:0.00M | Scene, ViewLayer | Synchronizing object | Bottle holder rolled hoop
Fra:1 Mem:462.99M (Peak 462.99M) | Time:00:00.86 | Mem:0.00M, Peak:0.00M | Scene, ViewLayer | Synchronizing object | BSS lower hanger pin retaining washer.004
Fra:1 Mem:463.01M (Peak 463.01M) | Time:00:00.86 | Mem:0.00M, Peak:0.00M | Scene, ViewLayer | Synchronizing object | BSS lower hanger pin retaining hex head.004
Fra:1 Mem:463.01M (Peak 463.01M) | Time:00:00.86 | Mem:0.00M, Peak:0.00M | Scene, ViewLayer | Synchronizing object | BSS lower hanger pin retaining washer.005
Fra:1 Mem:463.01M (Peak 463.01M) | Time:00:00.86 | Mem:0.00M, Peak:0.00M | Scene, ViewLayer | Synchronizing object | Lining panel vertical joint.037
Fra:1 Mem:463.02M (Peak 463.02M) | Time:00:00.86 | Mem:0.00M, Peak:0.00M | Scene, ViewLayer | Synchronizing object | Lining panel vertical joint.036
Fra:1 Mem:463.02M (Peak 463.02M) | Time:00:00.86 | Mem:0.00M, Peak:0.00M | Scene, ViewLayer | Synchronizing object | BSS lower hanger pin retaining hex head.005
Fra:1 Mem:463.02M (Peak 463.02M) | Time:00:00.86 | Mem:0.00M, Peak:0.00M | Scene, ViewLayer | Synchronizing object | Lining panel vertical joint.035
Fra:1 Mem:463.03M (Peak 463.03M) | Time:00:00.86 | Mem:0.00M, Peak:0.00M | Scene, ViewLayer | Synchronizing object | BSS hanger block.002
Fra:1 Mem:463.03M (Peak 463.03M) | Time:00:00.86 | Mem:0.00M, Peak:0.00M | Scene, ViewLayer | Synchronizing object | Lining panel vertical joint.034
Fra:1 Mem:463.03M (Peak 463.03M) | Time:00:00.86 | Mem:0.00M, Peak:0.00M | Scene, ViewLayer | Synchronizing object | Lining panel vertical joint.033
Fra:1 Mem:463.04M (Peak 463.04M) | Time:00:00.86 | Mem:0.00M, Peak:0.00M | Scene, ViewLayer | Synchronizing object | Spring plank hanger block.002
Fra:1 Mem:463.04M (Peak 463.04M) | Time:00:00.86 | Mem:0.00M, Peak:0.00M | Scene, ViewLayer | Synchronizing object | Lining panel vertical joint.032
Fra:1 Mem:463.04M (Peak 463.04M) | Time:00:00.86 | Mem:0.00M, Peak:0.00M | Scene, ViewLayer | Synchronizing object | Lining panel vertical joint.031
Fra:1 Mem:463.05M (Peak 463.05M) | Time:00:00.86 | Mem:0.00M, Peak:0.00M | Scene, ViewLayer | Synchronizing object | BSS swing hanger forged link strap.006
Fra:1 Mem:463.05M (Peak 463.05M) | Time:00:00.86 | Mem:0.00M, Peak:0.00M | Scene, ViewLayer | Synchronizing object | Lining panel vertical joint.030
Fra:1 Mem:463.05M (Peak 463.05M) | Time:00:00.86 | Mem:0.00M, Peak:0.00M | Scene, ViewLayer | Synchronizing object | BSS swing hanger forged link eye.012
Fra:1 Mem:463.05M (Peak 463.05M) | Time:00:00.86 | Mem:0.00M, Peak:0.00M | Scene, ViewLayer | Synchronizing object | Lining panel vertical joint.029
Fra:1 Mem:463.06M (Peak 463.06M) | Time:00:00.86 | Mem:0.00M, Peak:0.00M | Scene, ViewLayer | Synchronizing object | Lining panel vertical joint.028
Fra:1 Mem:463.06M (Peak 463.06M) | Time:00:00.86 | Mem:0.00M, Peak:0.00M | Scene, ViewLayer | Synchronizing object | BSS swing hanger forged link eye.013
Fra:1 Mem:463.06M (Peak 463.06M) | Time:00:00.86 | Mem:0.00M, Peak:0.00M | Scene, ViewLayer | Synchronizing object | Lining panel vertical joint.027
Fra:1 Mem:463.06M (Peak 463.06M) | Time:00:00.86 | Mem:0.00M, Peak:0.00M | Scene, ViewLayer | Synchronizing object | Lining panel vertical joint.026
Fra:1 Mem:463.06M (Peak 463.06M) | Time:00:00.86 | Mem:0.00M, Peak:0.00M | Scene, ViewLayer | Synchronizing object | BSS swing hanger forged link strap.007
Fra:1 Mem:463.06M (Peak 463.06M) | Time:00:00.86 | Mem:0.00M, Peak:0.00M | Scene, ViewLayer | Synchronizing object | Lining panel vertical joint.025
Fra:1 Mem:463.06M (Peak 463.06M) | Time:00:00.86 | Mem:0.00M, Peak:0.00M | Scene, ViewLayer | Synchronizing object | BSS swing hanger forged link eye.014
Fra:1 Mem:463.07M (Peak 463.07M) | Time:00:00.86 | Mem:0.00M, Peak:0.00M | Scene, ViewLayer | Synchronizing object | Lining panel vertical joint.024
Fra:1 Mem:463.07M (Peak 463.07M) | Time:00:00.86 | Mem:0.00M, Peak:0.00M | Scene, ViewLayer | Synchronizing object | BSS swing hanger forged link eye.015
Fra:1 Mem:463.07M (Peak 463.07M) | Time:00:00.86 | Mem:0.00M, Peak:0.00M | Scene, ViewLayer | Synchronizing object | Lining panel vertical joint.023
Fra:1 Mem:463.08M (Peak 463.08M) | Time:00:00.86 | Mem:0.00M, Peak:0.00M | Scene, ViewLayer | Synchronizing object | Lining panel vertical joint.022
Fra:1 Mem:463.08M (Peak 463.08M) | Time:00:00.86 | Mem:0.00M, Peak:0.00M | Scene, ViewLayer | Synchronizing object | Lining panel vertical joint.021
Fra:1 Mem:463.08M (Peak 463.08M) | Time:00:00.86 | Mem:0.00M, Peak:0.00M | Scene, ViewLayer | Synchronizing object | Lining panel vertical joint.020
Fra:1 Mem:463.09M (Peak 463.09M) | Time:00:00.86 | Mem:0.00M, Peak:0.00M | Scene, ViewLayer | Synchronizing object | Lining panel vertical joint.019
Fra:1 Mem:463.09M (Peak 463.09M) | Time:00:00.86 | Mem:0.00M, Peak:0.00M | Scene, ViewLayer | Synchronizing object | Interior stainless kick strip.001
Fra:1 Mem:463.09M (Peak 463.09M) | Time:00:00.86 | Mem:0.00M, Peak:0.00M | Scene, ViewLayer | Synchronizing object | BSS upper hanger pin retaining washer.006
Fra:1 Mem:463.10M (Peak 463.10M) | Time:00:00.86 | Mem:0.00M, Peak:0.00M | Scene, ViewLayer | Synchronizing object | Lining panel vertical joint.018
Fra:1 Mem:463.10M (Peak 463.10M) | Time:00:00.86 | Mem:0.00M, Peak:0.00M | Scene, ViewLayer | Synchronizing object | Lining panel vertical joint.017
Fra:1 Mem:463.10M (Peak 463.10M) | Time:00:00.86 | Mem:0.00M, Peak:0.00M | Scene, ViewLayer | Synchronizing object | Lining panel vertical joint.016
Fra:1 Mem:463.11M (Peak 463.11M) | Time:00:00.86 | Mem:0.00M, Peak:0.00M | Scene, ViewLayer | Synchronizing object | Lining panel vertical joint.015
Fra:1 Mem:463.11M (Peak 463.11M) | Time:00:00.86 | Mem:0.00M, Peak:0.00M | Scene, ViewLayer | Synchronizing object | BSS upper hanger pin retaining washer.007
Fra:1 Mem:463.11M (Peak 463.11M) | Time:00:00.86 | Mem:0.00M, Peak:0.00M | Scene, ViewLayer | Synchronizing object | Lining panel vertical joint.014
Fra:1 Mem:463.12M (Peak 463.12M) | Time:00:00.86 | Mem:0.00M, Peak:0.00M | Scene, ViewLayer | Synchronizing object | Lining panel vertical joint.013
Fra:1 Mem:463.11M (Peak 463.12M) | Time:00:00.86 | Mem:0.00M, Peak:0.00M | Scene, ViewLayer | Synchronizing object | BSS upper hanger pin retaining hex head.007
Fra:1 Mem:463.12M (Peak 463.12M) | Time:00:00.86 | Mem:0.00M, Peak:0.00M | Scene, ViewLayer | Synchronizing object | Lining panel vertical joint.012
Fra:1 Mem:463.12M (Peak 463.12M) | Time:00:00.86 | Mem:0.00M, Peak:0.00M | Scene, ViewLayer | Synchronizing object | BSS lower hanger pin pin.003
Fra:1 Mem:463.12M (Peak 463.12M) | Time:00:00.86 | Mem:0.00M, Peak:0.00M | Scene, ViewLayer | Synchronizing object | Lining panel vertical joint.011
Fra:1 Mem:463.12M (Peak 463.12M) | Time:00:00.86 | Mem:0.00M, Peak:0.00M | Scene, ViewLayer | Synchronizing object | Lining panel vertical joint.010
Fra:1 Mem:463.12M (Peak 463.12M) | Time:00:00.86 | Mem:0.00M, Peak:0.00M | Scene, ViewLayer | Synchronizing object | BSS lower hanger pin retaining washer.006
Fra:1 Mem:463.13M (Peak 463.13M) | Time:00:00.86 | Mem:0.00M, Peak:0.00M | Scene, ViewLayer | Synchronizing object | Lining panel vertical joint.009
Fra:1 Mem:463.13M (Peak 463.13M) | Time:00:00.86 | Mem:0.00M, Peak:0.00M | Scene, ViewLayer | Synchronizing object | Lining panel vertical joint.008
Fra:1 Mem:463.13M (Peak 463.13M) | Time:00:00.86 | Mem:0.00M, Peak:0.00M | Scene, ViewLayer | Synchronizing object | BSS lower hanger pin retaining hex head.006
Fra:1 Mem:463.13M (Peak 463.13M) | Time:00:00.86 | Mem:0.00M, Peak:0.00M | Scene, ViewLayer | Synchronizing object | Lining panel vertical joint.007
Fra:1 Mem:463.14M (Peak 463.14M) | Time:00:00.86 | Mem:0.00M, Peak:0.00M | Scene, ViewLayer | Synchronizing object | BSS lower hanger pin retaining washer.007
Fra:1 Mem:463.15M (Peak 463.15M) | Time:00:00.86 | Mem:0.00M, Peak:0.00M | Scene, ViewLayer | Synchronizing object | Lining panel vertical joint.006
Fra:1 Mem:463.14M (Peak 463.15M) | Time:00:00.86 | Mem:0.00M, Peak:0.00M | Scene, ViewLayer | Synchronizing object | Lining panel vertical joint.005
Fra:1 Mem:463.14M (Peak 463.15M) | Time:00:00.86 | Mem:0.00M, Peak:0.00M | Scene, ViewLayer | Synchronizing object | BSS lower hanger pin retaining hex head.007
Fra:1 Mem:463.14M (Peak 463.15M) | Time:00:00.86 | Mem:0.00M, Peak:0.00M | Scene, ViewLayer | Synchronizing object | Lining panel vertical joint.004
Fra:1 Mem:463.15M (Peak 463.15M) | Time:00:00.86 | Mem:0.00M, Peak:0.00M | Scene, ViewLayer | Synchronizing object | BSS hanger block.003
Fra:1 Mem:463.15M (Peak 463.15M) | Time:00:00.86 | Mem:0.00M, Peak:0.00M | Scene, ViewLayer | Synchronizing object | Lining panel vertical joint.003
Fra:1 Mem:463.16M (Peak 463.16M) | Time:00:00.86 | Mem:0.00M, Peak:0.00M | Scene, ViewLayer | Synchronizing object | Lining panel vertical joint.002
Fra:1 Mem:463.16M (Peak 463.16M) | Time:00:00.86 | Mem:0.00M, Peak:0.00M | Scene, ViewLayer | Synchronizing object | Spring plank hanger block.003
Fra:1 Mem:463.16M (Peak 463.16M) | Time:00:00.86 | Mem:0.00M, Peak:0.00M | Scene, ViewLayer | Synchronizing object | Lining panel vertical joint.001
Fra:1 Mem:463.17M (Peak 463.17M) | Time:00:00.86 | Mem:0.00M, Peak:0.00M | Scene, ViewLayer | Synchronizing object | Lining panel vertical joint
Fra:1 Mem:463.17M (Peak 463.17M) | Time:00:00.86 | Mem:0.00M, Peak:0.00M | Scene, ViewLayer | Synchronizing object | Bolster safety U strap.002
Fra:1 Mem:463.17M (Peak 463.17M) | Time:00:00.86 | Mem:0.00M, Peak:0.00M | Scene, ViewLayer | Synchronizing object | Interior stainless kick strip
Fra:1 Mem:463.17M (Peak 463.17M) | Time:00:00.86 | Mem:0.00M, Peak:0.00M | Scene, ViewLayer | Synchronizing object | Bolster safety U strap.003
Fra:1 Mem:463.19M (Peak 463.19M) | Time:00:00.86 | Mem:0.00M, Peak:0.00M | Scene, ViewLayer | Synchronizing object | Fluorescent lamp diffuser.006
Fra:1 Mem:463.19M (Peak 463.19M) | Time:00:00.86 | Mem:0.00M, Peak:0.00M | Scene, ViewLayer | Synchronizing object | Vertical secondary hydraulic damper body.001
Fra:1 Mem:463.20M (Peak 463.20M) | Time:00:00.86 | Mem:0.00M, Peak:0.00M | Scene, ViewLayer | Synchronizing object | Fluorescent lamp housing.006
Fra:1 Mem:463.20M (Peak 463.20M) | Time:00:00.86 | Mem:0.00M, Peak:0.00M | Scene, ViewLayer | Synchronizing object | Secondary damper polished piston.001
Fra:1 Mem:463.21M (Peak 463.21M) | Time:00:00.86 | Mem:0.00M, Peak:0.00M | Scene, ViewLayer | Synchronizing object | Fluorescent lamp diffuser.005
Fra:1 Mem:463.22M (Peak 463.22M) | Time:00:00.86 | Mem:0.00M, Peak:0.00M | Scene, ViewLayer | Synchronizing object | Secondary damper dust sleeve.001
Fra:1 Mem:463.23M (Peak 463.23M) | Time:00:00.86 | Mem:0.00M, Peak:0.00M | Scene, ViewLayer | Synchronizing object | Fluorescent lamp housing.005
Fra:1 Mem:463.23M (Peak 463.23M) | Time:00:00.86 | Mem:0.00M, Peak:0.00M | Scene, ViewLayer | Synchronizing object | Damper eye silent rubber.002
Fra:1 Mem:463.24M (Peak 463.24M) | Time:00:00.86 | Mem:0.00M, Peak:0.00M | Scene, ViewLayer | Synchronizing object | Fluorescent lamp diffuser.004
Fra:1 Mem:463.24M (Peak 463.24M) | Time:00:00.86 | Mem:0.00M, Peak:0.00M | Scene, ViewLayer | Synchronizing object | Secondary damper eye pin pin.002
Fra:1 Mem:463.26M (Peak 463.26M) | Time:00:00.86 | Mem:0.00M, Peak:0.00M | Scene, ViewLayer | Synchronizing object | Fluorescent lamp housing.004
Fra:1 Mem:463.26M (Peak 463.26M) | Time:00:00.86 | Mem:0.00M, Peak:0.00M | Scene, ViewLayer | Synchronizing object | Secondary damper eye pin retaining washer.004
Fra:1 Mem:463.27M (Peak 463.27M) | Time:00:00.86 | Mem:0.00M, Peak:0.00M | Scene, ViewLayer | Synchronizing object | Fluorescent lamp diffuser.003
Fra:1 Mem:463.27M (Peak 463.27M) | Time:00:00.86 | Mem:0.00M, Peak:0.00M | Scene, ViewLayer | Synchronizing object | Secondary damper eye pin retaining hex head.004
Fra:1 Mem:463.28M (Peak 463.28M) | Time:00:00.86 | Mem:0.00M, Peak:0.00M | Scene, ViewLayer | Synchronizing object | Fluorescent lamp housing.003
Fra:1 Mem:463.29M (Peak 463.29M) | Time:00:00.86 | Mem:0.00M, Peak:0.00M | Scene, ViewLayer | Synchronizing object | Secondary damper eye pin retaining washer.005
Fra:1 Mem:463.29M (Peak 463.29M) | Time:00:00.86 | Mem:0.00M, Peak:0.00M | Scene, ViewLayer | Synchronizing object | Fluorescent lamp diffuser.002
Fra:1 Mem:463.30M (Peak 463.30M) | Time:00:00.86 | Mem:0.00M, Peak:0.00M | Scene, ViewLayer | Synchronizing object | Secondary damper eye pin retaining hex head.005
Fra:1 Mem:463.30M (Peak 463.30M) | Time:00:00.86 | Mem:0.00M, Peak:0.00M | Scene, ViewLayer | Synchronizing object | Fluorescent lamp housing.002
Fra:1 Mem:463.31M (Peak 463.31M) | Time:00:00.86 | Mem:0.00M, Peak:0.00M | Scene, ViewLayer | Synchronizing object | Damper attachment lug.002
Fra:1 Mem:463.32M (Peak 463.32M) | Time:00:00.86 | Mem:0.00M, Peak:0.00M | Scene, ViewLayer | Synchronizing object | Fluorescent lamp diffuser.001
Fra:1 Mem:463.33M (Peak 463.33M) | Time:00:00.86 | Mem:0.00M, Peak:0.00M | Scene, ViewLayer | Synchronizing object | Damper eye silent rubber.003
Fra:1 Mem:463.33M (Peak 463.33M) | Time:00:00.86 | Mem:0.00M, Peak:0.00M | Scene, ViewLayer | Synchronizing object | Fluorescent lamp housing.001
Fra:1 Mem:463.35M (Peak 463.35M) | Time:00:00.86 | Mem:0.00M, Peak:0.00M | Scene, ViewLayer | Synchronizing object | Secondary damper eye pin pin.003
Fra:1 Mem:463.35M (Peak 463.35M) | Time:00:00.86 | Mem:0.00M, Peak:0.00M | Scene, ViewLayer | Synchronizing object | Fluorescent lamp diffuser
Fra:1 Mem:463.36M (Peak 463.36M) | Time:00:00.86 | Mem:0.00M, Peak:0.00M | Scene, ViewLayer | Synchronizing object | Secondary damper eye pin retaining washer.006
Fra:1 Mem:463.36M (Peak 463.36M) | Time:00:00.86 | Mem:0.00M, Peak:0.00M | Scene, ViewLayer | Synchronizing object | Fluorescent lamp housing
Fra:1 Mem:463.37M (Peak 463.37M) | Time:00:00.86 | Mem:0.00M, Peak:0.00M | Scene, ViewLayer | Synchronizing object | Secondary damper eye pin retaining hex head.006
Fra:1 Mem:463.37M (Peak 463.37M) | Time:00:00.86 | Mem:0.00M, Peak:0.00M | Scene, ViewLayer | Synchronizing object | Cabin_F_end_partition.001
Fra:1 Mem:463.37M (Peak 463.37M) | Time:00:00.86 | Mem:0.00M, Peak:0.00M | Scene, ViewLayer | Synchronizing object | Secondary damper eye pin retaining washer.007
Fra:1 Mem:463.38M (Peak 463.38M) | Time:00:00.86 | Mem:0.00M, Peak:0.00M | Scene, ViewLayer | Synchronizing object | Fan grille locking clip.023
Fra:1 Mem:463.38M (Peak 463.38M) | Time:00:00.86 | Mem:0.00M, Peak:0.00M | Scene, ViewLayer | Synchronizing object | Secondary damper eye pin retaining hex head.007
Fra:1 Mem:463.39M (Peak 463.39M) | Time:00:00.86 | Mem:0.00M, Peak:0.00M | Scene, ViewLayer | Synchronizing object | Damper attachment lug.003
Fra:1 Mem:463.39M (Peak 463.39M) | Time:00:00.86 | Mem:0.00M, Peak:0.00M | Scene, ViewLayer | Synchronizing object | Fan grille locking clip.022
Fra:1 Mem:463.41M (Peak 463.41M) | Time:00:00.86 | Mem:0.00M, Peak:0.00M | Scene, ViewLayer | Synchronizing object | Side bearer lubricating oil bath.001
Fra:1 Mem:463.41M (Peak 463.41M) | Time:00:00.86 | Mem:0.00M, Peak:0.00M | Scene, ViewLayer | Synchronizing object | Fan grille locking clip.021
Fra:1 Mem:463.42M (Peak 463.42M) | Time:00:00.86 | Mem:0.00M, Peak:0.00M | Scene, ViewLayer | Synchronizing object | Fan grille locking clip.020
Fra:1 Mem:463.42M (Peak 463.42M) | Time:00:00.86 | Mem:0.00M, Peak:0.00M | Scene, ViewLayer | Synchronizing object | Side bearer bronze wearing piece.001
Fra:1 Mem:463.44M (Peak 463.44M) | Time:00:00.86 | Mem:0.00M, Peak:0.00M | Scene, ViewLayer | Synchronizing object | Fan centre decorative cap.005
Fra:1 Mem:463.45M (Peak 463.45M) | Time:00:00.86 | Mem:0.00M, Peak:0.00M | Scene, ViewLayer | Synchronizing object | Side bearer dust excluding cover.001
Fra:1 Mem:463.46M (Peak 463.46M) | Time:00:00.86 | Mem:0.00M, Peak:0.00M | Scene, ViewLayer | Synchronizing object | Fan swept three blade rotor.017
Fra:1 Mem:463.46M (Peak 463.46M) | Time:00:00.86 | Mem:0.00M, Peak:0.00M | Scene, ViewLayer | Synchronizing object | Body bolster side-bearer attachment.001
Fra:1 Mem:463.46M (Peak 463.46M) | Time:00:00.86 | Mem:0.00M, Peak:0.00M | Scene, ViewLayer | Synchronizing object | Fan swept three blade rotor.016
Fra:1 Mem:463.47M (Peak 463.47M) | Time:00:00.86 | Mem:0.00M, Peak:0.00M | Scene, ViewLayer | Synchronizing object | Fan swept three blade rotor.015
Fra:1 Mem:463.47M (Peak 463.47M) | Time:00:00.86 | Mem:0.00M, Peak:0.00M | Scene, ViewLayer | Synchronizing object | Side bearer oil filler pipe.001
Fra:1 Mem:463.47M (Peak 463.47M) | Time:00:00.86 | Mem:0.00M, Peak:0.00M | Scene, ViewLayer | Synchronizing object | Fan radial cage wire.143
Fra:1 Mem:463.48M (Peak 463.48M) | Time:00:00.86 | Mem:0.00M, Peak:0.00M | Scene, ViewLayer | Synchronizing object | Side bearer oil filler cap.001
Fra:1 Mem:463.48M (Peak 463.48M) | Time:00:00.86 | Mem:0.00M, Peak:0.00M | Scene, ViewLayer | Synchronizing object | Fan radial cage wire.142
Fra:1 Mem:463.48M (Peak 463.48M) | Time:00:00.86 | Mem:0.00M, Peak:0.00M | Scene, ViewLayer | Synchronizing object | Bolster diagonal anchor link shank.001
Fra:1 Mem:463.49M (Peak 463.49M) | Time:00:00.86 | Mem:0.00M, Peak:0.00M | Scene, ViewLayer | Synchronizing object | Fan radial cage wire.141
Fra:1 Mem:463.49M (Peak 463.49M) | Time:00:00.86 | Mem:0.00M, Peak:0.00M | Scene, ViewLayer | Synchronizing object | Anchor link silent block outer housing.002
Fra:1 Mem:463.50M (Peak 463.50M) | Time:00:00.86 | Mem:0.00M, Peak:0.00M | Scene, ViewLayer | Synchronizing object | Fan radial cage wire.140
Fra:1 Mem:463.51M (Peak 463.51M) | Time:00:00.86 | Mem:0.00M, Peak:0.00M | Scene, ViewLayer | Synchronizing object | Anchor link rubber bush.002
Fra:1 Mem:463.51M (Peak 463.51M) | Time:00:00.86 | Mem:0.00M, Peak:0.00M | Scene, ViewLayer | Synchronizing object | Fan radial cage wire.139
Fra:1 Mem:463.52M (Peak 463.52M) | Time:00:00.86 | Mem:0.00M, Peak:0.00M | Scene, ViewLayer | Synchronizing object | Anchor link pin pin.002
Fra:1 Mem:463.52M (Peak 463.52M) | Time:00:00.86 | Mem:0.00M, Peak:0.00M | Scene, ViewLayer | Synchronizing object | Fan radial cage wire.138
Fra:1 Mem:463.53M (Peak 463.53M) | Time:00:00.86 | Mem:0.00M, Peak:0.00M | Scene, ViewLayer | Synchronizing object | Anchor link pin retaining washer.004
Fra:1 Mem:463.55M (Peak 463.55M) | Time:00:00.86 | Mem:0.00M, Peak:0.00M | Scene, ViewLayer | Synchronizing object | Fan radial cage wire.137
Fra:1 Mem:463.54M (Peak 463.55M) | Time:00:00.86 | Mem:0.00M, Peak:0.00M | Scene, ViewLayer | Synchronizing object | Anchor link pin retaining hex head.004
Fra:1 Mem:463.54M (Peak 463.55M) | Time:00:00.86 | Mem:0.00M, Peak:0.00M | Scene, ViewLayer | Synchronizing object | Fan radial cage wire.136
Fra:1 Mem:463.55M (Peak 463.55M) | Time:00:00.86 | Mem:0.00M, Peak:0.00M | Scene, ViewLayer | Synchronizing object | Anchor link pin retaining washer.005
Fra:1 Mem:463.55M (Peak 463.55M) | Time:00:00.86 | Mem:0.00M, Peak:0.00M | Scene, ViewLayer | Synchronizing object | Fan radial cage wire.135
Fra:1 Mem:463.56M (Peak 463.56M) | Time:00:00.86 | Mem:0.00M, Peak:0.00M | Scene, ViewLayer | Synchronizing object | Anchor link pin retaining hex head.005
Fra:1 Mem:463.56M (Peak 463.56M) | Time:00:00.86 | Mem:0.00M, Peak:0.00M | Scene, ViewLayer | Synchronizing object | Fan radial cage wire.134
Fra:1 Mem:463.56M (Peak 463.56M) | Time:00:00.86 | Mem:0.00M, Peak:0.00M | Scene, ViewLayer | Synchronizing object | Anchor link silent block outer housing.003
Fra:1 Mem:463.57M (Peak 463.57M) | Time:00:00.86 | Mem:0.00M, Peak:0.00M | Scene, ViewLayer | Synchronizing object | Fan radial cage wire.133
Fra:1 Mem:463.58M (Peak 463.58M) | Time:00:00.86 | Mem:0.00M, Peak:0.00M | Scene, ViewLayer | Synchronizing object | Anchor link rubber bush.003
Fra:1 Mem:463.58M (Peak 463.58M) | Time:00:00.86 | Mem:0.00M, Peak:0.00M | Scene, ViewLayer | Synchronizing object | Fan radial cage wire.132
Fra:1 Mem:463.59M (Peak 463.59M) | Time:00:00.86 | Mem:0.00M, Peak:0.00M | Scene, ViewLayer | Synchronizing object | Anchor link pin pin.003
Fra:1 Mem:463.59M (Peak 463.59M) | Time:00:00.86 | Mem:0.00M, Peak:0.00M | Scene, ViewLayer | Synchronizing object | Fan radial cage wire.131
Fra:1 Mem:463.60M (Peak 463.60M) | Time:00:00.86 | Mem:0.00M, Peak:0.00M | Scene, ViewLayer | Synchronizing object | Anchor link pin retaining washer.006
Fra:1 Mem:463.60M (Peak 463.60M) | Time:00:00.86 | Mem:0.00M, Peak:0.00M | Scene, ViewLayer | Synchronizing object | Fan radial cage wire.130
Fra:1 Mem:463.61M (Peak 463.61M) | Time:00:00.86 | Mem:0.00M, Peak:0.00M | Scene, ViewLayer | Synchronizing object | Anchor link pin retaining hex head.006
Fra:1 Mem:463.61M (Peak 463.61M) | Time:00:00.86 | Mem:0.00M, Peak:0.00M | Scene, ViewLayer | Synchronizing object | Fan radial cage wire.129
Fra:1 Mem:463.62M (Peak 463.62M) | Time:00:00.86 | Mem:0.00M, Peak:0.00M | Scene, ViewLayer | Synchronizing object | Anchor link pin retaining washer.007
Fra:1 Mem:463.62M (Peak 463.62M) | Time:00:00.86 | Mem:0.00M, Peak:0.00M | Scene, ViewLayer | Synchronizing object | Fan radial cage wire.128
Fra:1 Mem:463.63M (Peak 463.63M) | Time:00:00.86 | Mem:0.00M, Peak:0.00M | Scene, ViewLayer | Synchronizing object | Anchor link pin retaining hex head.007
Fra:1 Mem:463.63M (Peak 463.63M) | Time:00:00.86 | Mem:0.00M, Peak:0.00M | Scene, ViewLayer | Synchronizing object | Fan radial cage wire.127
Fra:1 Mem:463.63M (Peak 463.63M) | Time:00:00.86 | Mem:0.00M, Peak:0.00M | Scene, ViewLayer | Synchronizing object | Equalising stay rod.001
Fra:1 Mem:463.64M (Peak 463.64M) | Time:00:00.86 | Mem:0.00M, Peak:0.00M | Scene, ViewLayer | Synchronizing object | Equalising stay pin eye.002
Fra:1 Mem:463.64M (Peak 463.64M) | Time:00:00.86 | Mem:0.00M, Peak:0.00M | Scene, ViewLayer | Synchronizing object | Fan radial cage wire.126
Fra:1 Mem:463.65M (Peak 463.65M) | Time:00:00.86 | Mem:0.00M, Peak:0.00M | Scene, ViewLayer | Synchronizing object | Fan radial cage wire.125
Fra:1 Mem:463.65M (Peak 463.65M) | Time:00:00.86 | Mem:0.00M, Peak:0.00M | Scene, ViewLayer | Synchronizing object | Equalising stay pin pin.002
Fra:1 Mem:463.66M (Peak 463.66M) | Time:00:00.86 | Mem:0.00M, Peak:0.00M | Scene, ViewLayer | Synchronizing object | Fan radial cage wire.124
Fra:1 Mem:463.66M (Peak 463.66M) | Time:00:00.86 | Mem:0.00M, Peak:0.00M | Scene, ViewLayer | Synchronizing object | Equalising stay pin retaining washer.004
Fra:1 Mem:463.67M (Peak 463.67M) | Time:00:00.86 | Mem:0.00M, Peak:0.00M | Scene, ViewLayer | Synchronizing object | Equalising stay pin retaining hex head.004
Fra:1 Mem:463.67M (Peak 463.67M) | Time:00:00.86 | Mem:0.00M, Peak:0.00M | Scene, ViewLayer | Synchronizing object | Fan radial cage wire.123
Fra:1 Mem:463.68M (Peak 463.68M) | Time:00:00.86 | Mem:0.00M, Peak:0.00M | Scene, ViewLayer | Synchronizing object | Equalising stay pin retaining washer.005
Fra:1 Mem:463.68M (Peak 463.68M) | Time:00:00.86 | Mem:0.00M, Peak:0.00M | Scene, ViewLayer | Synchronizing object | Fan radial cage wire.122
Fra:1 Mem:463.69M (Peak 463.69M) | Time:00:00.86 | Mem:0.00M, Peak:0.00M | Scene, ViewLayer | Synchronizing object | Equalising stay pin retaining hex head.005
Fra:1 Mem:463.69M (Peak 463.69M) | Time:00:00.86 | Mem:0.00M, Peak:0.00M | Scene, ViewLayer | Synchronizing object | Fan radial cage wire.121
Fra:1 Mem:463.70M (Peak 463.70M) | Time:00:00.86 | Mem:0.00M, Peak:0.00M | Scene, ViewLayer | Synchronizing object | Equalising stay pin eye.003
Fra:1 Mem:463.70M (Peak 463.70M) | Time:00:00.86 | Mem:0.00M, Peak:0.00M | Scene, ViewLayer | Synchronizing object | Fan radial cage wire.120
Fra:1 Mem:463.71M (Peak 463.71M) | Time:00:00.86 | Mem:0.00M, Peak:0.00M | Scene, ViewLayer | Synchronizing object | Equalising stay pin pin.003
Fra:1 Mem:463.71M (Peak 463.71M) | Time:00:00.86 | Mem:0.00M, Peak:0.00M | Scene, ViewLayer | Synchronizing object | Fan concentric safety grille.035
Fra:1 Mem:463.72M (Peak 463.72M) | Time:00:00.86 | Mem:0.00M, Peak:0.00M | Scene, ViewLayer | Synchronizing object | Equalising stay pin retaining washer.006
Fra:1 Mem:463.76M (Peak 463.76M) | Time:00:00.86 | Mem:0.00M, Peak:0.00M | Scene, ViewLayer | Synchronizing object | Equalising stay pin retaining hex head.006
Fra:1 Mem:463.77M (Peak 463.77M) | Time:00:00.86 | Mem:0.00M, Peak:0.00M | Scene, ViewLayer | Synchronizing object | Equalising stay pin retaining washer.007
Fra:1 Mem:463.78M (Peak 463.78M) | Time:00:00.86 | Mem:0.00M, Peak:0.00M | Scene, ViewLayer | Synchronizing object | Equalising stay pin retaining hex head.007
Fra:1 Mem:463.78M (Peak 463.78M) | Time:00:00.86 | Mem:0.00M, Peak:0.00M | Scene, ViewLayer | Synchronizing object | Lower spring cradle transverse channel
Fra:1 Mem:463.79M (Peak 463.79M) | Time:00:00.86 | Mem:0.00M, Peak:0.00M | Scene, ViewLayer | Synchronizing object | Fan concentric safety grille.034
Fra:1 Mem:463.80M (Peak 463.80M) | Time:00:00.86 | Mem:0.00M, Peak:0.00M | Scene, ViewLayer | Synchronizing object | Spring cradle transverse stiffener
Fra:1 Mem:463.85M (Peak 463.85M) | Time:00:00.86 | Mem:0.00M, Peak:0.00M | Scene, ViewLayer | Synchronizing object | Spring cradle transverse stiffener.001
Fra:1 Mem:463.86M (Peak 463.86M) | Time:00:00.86 | Mem:0.00M, Peak:0.00M | Scene, ViewLayer | Synchronizing object | Spring cradle transverse stiffener.002
Fra:1 Mem:463.88M (Peak 463.88M) | Time:00:00.86 | Mem:0.00M, Peak:0.00M | Scene, ViewLayer | Synchronizing object | Lower spring cradle transverse channel.001
Fra:1 Mem:463.88M (Peak 463.88M) | Time:00:00.86 | Mem:0.00M, Peak:0.00M | Scene, ViewLayer | Synchronizing object | Fan concentric safety grille.033
Fra:1 Mem:463.90M (Peak 463.90M) | Time:00:00.86 | Mem:0.00M, Peak:0.00M | Scene, ViewLayer | Synchronizing object | Spring cradle transverse stiffener.003
Fra:1 Mem:463.94M (Peak 463.94M) | Time:00:00.86 | Mem:0.00M, Peak:0.00M | Scene, ViewLayer | Synchronizing object | Spring cradle transverse stiffener.004
Fra:1 Mem:463.96M (Peak 463.96M) | Time:00:00.86 | Mem:0.00M, Peak:0.00M | Scene, ViewLayer | Synchronizing object | Spring cradle transverse stiffener.005
Fra:1 Mem:463.97M (Peak 463.97M) | Time:00:00.86 | Mem:0.00M, Peak:0.00M | Scene, ViewLayer | Synchronizing object | Fan concentric safety grille.032
Fra:1 Mem:463.98M (Peak 463.98M) | Time:00:00.86 | Mem:0.00M, Peak:0.00M | Scene, ViewLayer | Synchronizing object | Centre pivot silent block housing
Fra:1 Mem:464.03M (Peak 464.03M) | Time:00:00.86 | Mem:0.00M, Peak:0.00M | Scene, ViewLayer | Synchronizing object | Centre pivot rubber silent block
Fra:1 Mem:464.04M (Peak 464.04M) | Time:00:00.86 | Mem:0.00M, Peak:0.00M | Scene, ViewLayer | Synchronizing object | Centre pivot tractive force pin
Fra:1 Mem:464.06M (Peak 464.06M) | Time:00:00.86 | Mem:0.00M, Peak:0.00M | Scene, ViewLayer | Synchronizing object | Fan concentric safety grille.031
Fra:1 Mem:464.06M (Peak 464.06M) | Time:00:00.86 | Mem:0.00M, Peak:0.00M | Scene, ViewLayer | Synchronizing object | Centre pivot retaining plate
Fra:1 Mem:464.11M (Peak 464.11M) | Time:00:00.86 | Mem:0.00M, Peak:0.00M | Scene, ViewLayer | Synchronizing object | Centre pivot retaining screw hex head
Fra:1 Mem:464.12M (Peak 464.12M) | Time:00:00.86 | Mem:0.00M, Peak:0.00M | Scene, ViewLayer | Synchronizing object | Centre pivot retaining screw hex head.001
Fra:1 Mem:464.12M (Peak 464.12M) | Time:00:00.86 | Mem:0.00M, Peak:0.00M | Scene, ViewLayer | Synchronizing object | Centre pivot retaining screw hex head.002
Fra:1 Mem:464.14M (Peak 464.14M) | Time:00:00.86 | Mem:0.00M, Peak:0.00M | Scene, ViewLayer | Synchronizing object | Centre pivot retaining screw hex head.003
Fra:1 Mem:464.13M (Peak 464.14M) | Time:00:00.86 | Mem:0.00M, Peak:0.00M | Scene, ViewLayer | Synchronizing object | Fan concentric safety grille.030
Fra:1 Mem:464.14M (Peak 464.14M) | Time:00:00.86 | Mem:0.00M, Peak:0.00M | Scene, ViewLayer | Synchronizing object | Turned stepped solid ICF axle
Fra:1 Mem:464.25M (Peak 464.25M) | Time:00:00.86 | Mem:0.00M, Peak:0.00M | Scene, ViewLayer | Synchronizing object | Fan round motor housing.005
Fra:1 Mem:464.27M (Peak 464.27M) | Time:00:00.86 | Mem:0.00M, Peak:0.00M | Scene, ViewLayer | Synchronizing object | Fan pressed ceiling flange.005
Fra:1 Mem:464.28M (Peak 464.28M) | Time:00:00.86 | Mem:0.00M, Peak:0.00M | Scene, ViewLayer | Synchronizing object | ICF monobloc 915mm dished wheel
Fra:1 Mem:464.34M (Peak 464.34M) | Time:00:00.86 | Mem:0.00M, Peak:0.00M | Scene, ViewLayer | Synchronizing object | Fan ceiling stem.005
Fra:1 Mem:464.35M (Peak 464.35M) | Time:00:00.86 | Mem:0.00M, Peak:0.00M | Scene, ViewLayer | Synchronizing object | Cabin_F_underberth_luggage_retainer.003
Fra:1 Mem:464.35M (Peak 464.35M) | Time:00:00.86 | Mem:0.00M, Peak:0.00M | Scene, ViewLayer | Synchronizing object | Cabin_F_underberth_luggage_retainer.002
Fra:1 Mem:464.49M (Peak 464.49M) | Time:00:00.86 | Mem:0.00M, Peak:0.00M | Scene, ViewLayer | Synchronizing object | Cabin_F_underberth_luggage_retainer.001
Fra:1 Mem:464.53M (Peak 464.53M) | Time:00:00.86 | Mem:0.00M, Peak:0.00M | Scene, ViewLayer | Synchronizing object | Cabin_F_underberth_luggage_retainer
Fra:1 Mem:464.54M (Peak 464.54M) | Time:00:00.86 | Mem:0.00M, Peak:0.00M | Scene, ViewLayer | Synchronizing object | Cabin_F_reading_light
Fra:1 Mem:464.58M (Peak 464.58M) | Time:00:00.86 | Mem:0.00M, Peak:0.00M | Scene, ViewLayer | Synchronizing object | Cabin_F_door_privacy_latch
Fra:1 Mem:464.58M (Peak 464.58M) | Time:00:00.86 | Mem:0.00M, Peak:0.00M | Scene, ViewLayer | Synchronizing object | Cabin_F_door_lock_plate
Fra:1 Mem:464.60M (Peak 464.60M) | Time:00:00.86 | Mem:0.00M, Peak:0.00M | Scene, ViewLayer | Synchronizing object | Cabin_F_sliding_door_guide_rail
Fra:1 Mem:464.66M (Peak 464.66M) | Time:00:00.86 | Mem:0.00M, Peak:0.00M | Scene, ViewLayer | Synchronizing object | Cabin_F_voltage_label
Fra:1 Mem:464.81M (Peak 464.81M) | Time:00:00.86 | Mem:0.00M, Peak:0.00M | Scene, ViewLayer | Synchronizing object | Cabin_F_three_pin_socket_recess.002
Fra:1 Mem:464.81M (Peak 464.81M) | Time:00:00.86 | Mem:0.00M, Peak:0.00M | Scene, ViewLayer | Synchronizing object | Cabin_F_three_pin_socket_recess.001
Fra:1 Mem:464.81M (Peak 464.81M) | Time:00:00.86 | Mem:0.00M, Peak:0.00M | Scene, ViewLayer | Synchronizing object | Cabin_F_three_pin_socket_recess
Fra:1 Mem:464.86M (Peak 464.86M) | Time:00:00.86 | Mem:0.00M, Peak:0.00M | Scene, ViewLayer | Synchronizing object | Cabin_F_socket_faceplate
Fra:1 Mem:464.87M (Peak 464.87M) | Time:00:00.86 | Mem:0.00M, Peak:0.00M | Scene, ViewLayer | Synchronizing object | Cabin_F_rocker_switch.004
Fra:1 Mem:464.90M (Peak 464.90M) | Time:00:00.86 | Mem:0.00M, Peak:0.00M | Scene, ViewLayer | Synchronizing object | Cabin_F_individual_switch_plate.004
Fra:1 Mem:464.95M (Peak 464.95M) | Time:00:00.86 | Mem:0.00M, Peak:0.00M | Scene, ViewLayer | Synchronizing object | Cabin_F_rocker_switch.003
Fra:1 Mem:464.96M (Peak 464.96M) | Time:00:00.86 | Mem:0.00M, Peak:0.00M | Scene, ViewLayer | Synchronizing object | Cabin_F_individual_switch_plate.003
Fra:1 Mem:464.92M (Peak 464.96M) | Time:00:00.86 | Mem:0.00M, Peak:0.00M | Scene, ViewLayer | Synchronizing object | Wheel hub machining line
Fra:1 Mem:464.92M (Peak 464.96M) | Time:00:00.86 | Mem:0.00M, Peak:0.00M | Scene, ViewLayer | Synchronizing object | Cabin_F_rocker_switch.002
Fra:1 Mem:464.97M (Peak 464.97M) | Time:00:00.86 | Mem:0.00M, Peak:0.00M | Scene, ViewLayer | Synchronizing object | Cabin_F_individual_switch_plate.002
Fra:1 Mem:464.99M (Peak 464.99M) | Time:00:00.86 | Mem:0.00M, Peak:0.00M | Scene, ViewLayer | Synchronizing object | Cabin_F_rocker_switch.001
Fra:1 Mem:465.00M (Peak 465.00M) | Time:00:00.86 | Mem:0.00M, Peak:0.00M | Scene, ViewLayer | Synchronizing object | Cabin_F_individual_switch_plate.001
Fra:1 Mem:465.01M (Peak 465.01M) | Time:00:00.86 | Mem:0.00M, Peak:0.00M | Scene, ViewLayer | Synchronizing object | Wheel rim witness line
Fra:1 Mem:465.01M (Peak 465.01M) | Time:00:00.86 | Mem:0.00M, Peak:0.00M | Scene, ViewLayer | Synchronizing object | Cabin_F_rocker_switch
Fra:1 Mem:465.10M (Peak 465.10M) | Time:00:00.86 | Mem:0.00M, Peak:0.00M | Scene, ViewLayer | Synchronizing object | Cabin_F_individual_switch_plate
Fra:1 Mem:465.13M (Peak 465.13M) | Time:00:00.86 | Mem:0.00M, Peak:0.00M | Scene, ViewLayer | Synchronizing object | Cabin_F_vertical_control_column
Fra:1 Mem:465.12M (Peak 465.13M) | Time:00:00.86 | Mem:0.00M, Peak:0.00M | Scene, ViewLayer | Synchronizing object | Wing-type axlebox casting
Fra:1 Mem:465.13M (Peak 465.13M) | Time:00:00.86 | Mem:0.00M, Peak:0.00M | Scene, ViewLayer | Synchronizing object | Cabin_F_mirror
Fra:1 Mem:465.13M (Peak 465.13M) | Time:00:00.86 | Mem:0.00M, Peak:0.00M | Scene, ViewLayer | Synchronizing object | Axlebox spherical bearing housing
Fra:1 Mem:465.14M (Peak 465.14M) | Time:00:00.86 | Mem:0.00M, Peak:0.00M | Scene, ViewLayer | Synchronizing object | Cabin_F_mirror_frame
Fra:1 Mem:465.15M (Peak 465.15M) | Time:00:00.86 | Mem:0.00M, Peak:0.00M | Scene, ViewLayer | Synchronizing object | Axlebox circular gasket
Fra:1 Mem:465.16M (Peak 465.16M) | Time:00:00.86 | Mem:0.00M, Peak:0.00M | Scene, ViewLayer | Synchronizing object | Cabin_F_table_bracket
Fra:1 Mem:465.17M (Peak 465.17M) | Time:00:00.86 | Mem:0.00M, Peak:0.00M | Scene, ViewLayer | Synchronizing object | Cabin_F_folding_table
Fra:1 Mem:465.17M (Peak 465.17M) | Time:00:00.86 | Mem:0.00M, Peak:0.00M | Scene, ViewLayer | Synchronizing object | Axlebox bolted front cover
Fra:1 Mem:465.18M (Peak 465.18M) | Time:00:00.86 | Mem:0.00M, Peak:0.00M | Scene, ViewLayer | Synchronizing object | Cabin_F_ladder_step.009
Fra:1 Mem:465.19M (Peak 465.19M) | Time:00:00.86 | Mem:0.00M, Peak:0.00M | Scene, ViewLayer | Synchronizing object | Cabin_F_ladder_step.008
Fra:1 Mem:465.19M (Peak 465.19M) | Time:00:00.86 | Mem:0.00M, Peak:0.00M | Scene, ViewLayer | Synchronizing object | Axlebox centre inspection emboss
Fra:1 Mem:465.20M (Peak 465.20M) | Time:00:00.86 | Mem:0.00M, Peak:0.00M | Scene, ViewLayer | Synchronizing object | Cabin_F_ladder_step.007
Fra:1 Mem:465.20M (Peak 465.20M) | Time:00:00.86 | Mem:0.00M, Peak:0.00M | Scene, ViewLayer | Synchronizing object | Axlebox cover M20 hex head
Fra:1 Mem:465.21M (Peak 465.21M) | Time:00:00.86 | Mem:0.00M, Peak:0.00M | Scene, ViewLayer | Synchronizing object | Cabin_F_ladder_step.006
Fra:1 Mem:465.21M (Peak 465.21M) | Time:00:00.86 | Mem:0.00M, Peak:0.00M | Scene, ViewLayer | Synchronizing object | Axlebox cover M20 hex head.001
Fra:1 Mem:465.21M (Peak 465.21M) | Time:00:00.86 | Mem:0.00M, Peak:0.00M | Scene, ViewLayer | Synchronizing object | Cabin_F_ladder_step.005
Fra:1 Mem:465.21M (Peak 465.21M) | Time:00:00.86 | Mem:0.00M, Peak:0.00M | Scene, ViewLayer | Synchronizing object | Axlebox cover M20 hex head.002
Fra:1 Mem:465.22M (Peak 465.22M) | Time:00:00.86 | Mem:0.00M, Peak:0.00M | Scene, ViewLayer | Synchronizing object | Cabin_F_ladder_upright.003
Fra:1 Mem:465.22M (Peak 465.22M) | Time:00:00.86 | Mem:0.00M, Peak:0.00M | Scene, ViewLayer | Synchronizing object | Axlebox cover M20 hex head.003
Fra:1 Mem:465.22M (Peak 465.22M) | Time:00:00.86 | Mem:0.00M, Peak:0.00M | Scene, ViewLayer | Synchronizing object | Cabin_F_ladder_upright.002
Fra:1 Mem:465.24M (Peak 465.24M) | Time:00:00.86 | Mem:0.00M, Peak:0.00M | Scene, ViewLayer | Synchronizing object | Axlebox cover M20 hex head.004
Fra:1 Mem:465.23M (Peak 465.24M) | Time:00:00.86 | Mem:0.00M, Peak:0.00M | Scene, ViewLayer | Synchronizing object | Cabin_F_upper_safety_rail.001
Fra:1 Mem:465.23M (Peak 465.24M) | Time:00:00.86 | Mem:0.00M, Peak:0.00M | Scene, ViewLayer | Synchronizing object | Axlebox cover M20 hex head.005
Fra:1 Mem:465.23M (Peak 465.24M) | Time:00:00.86 | Mem:0.00M, Peak:0.00M | Scene, ViewLayer | Synchronizing object | Cabin_F_upper_hanger_ceiling_plate.003
Fra:1 Mem:465.24M (Peak 465.24M) | Time:00:00.86 | Mem:0.00M, Peak:0.00M | Scene, ViewLayer | Synchronizing object | Axlebox crown bump rubber
Fra:1 Mem:465.25M (Peak 465.25M) | Time:00:00.86 | Mem:0.00M, Peak:0.00M | Scene, ViewLayer | Synchronizing object | Cabin_F_upper_hanger.003
Fra:1 Mem:465.25M (Peak 465.25M) | Time:00:00.86 | Mem:0.00M, Peak:0.00M | Scene, ViewLayer | Synchronizing object | Axlebox crown stop bracket
Fra:1 Mem:465.26M (Peak 465.26M) | Time:00:00.86 | Mem:0.00M, Peak:0.00M | Scene, ViewLayer | Synchronizing object | Cabin_F_upper_hanger_ceiling_plate.002
Fra:1 Mem:465.27M (Peak 465.27M) | Time:00:00.86 | Mem:0.00M, Peak:0.00M | Scene, ViewLayer | Synchronizing object | Crown clearance stop bolt
Fra:1 Mem:465.27M (Peak 465.27M) | Time:00:00.86 | Mem:0.00M, Peak:0.00M | Scene, ViewLayer | Synchronizing object | Primary lower spring seat cup
Fra:1 Mem:465.27M (Peak 465.27M) | Time:00:00.86 | Mem:0.00M, Peak:0.00M | Scene, ViewLayer | Synchronizing object | Cabin_F_upper_hanger.002
Fra:1 Mem:465.28M (Peak 465.28M) | Time:00:00.86 | Mem:0.00M, Peak:0.00M | Scene, ViewLayer | Synchronizing object | Primary isolation rubber pad
Fra:1 Mem:465.29M (Peak 465.29M) | Time:00:00.86 | Mem:0.00M, Peak:0.00M | Scene, ViewLayer | Synchronizing object | Cabin_F_lower_berth_base.001
Fra:1 Mem:465.30M (Peak 465.30M) | Time:00:00.86 | Mem:0.00M, Peak:0.00M | Scene, ViewLayer | Synchronizing object | Primary dashpot oil cylinder
Fra:1 Mem:465.31M (Peak 465.31M) | Time:00:00.86 | Mem:0.00M, Peak:0.00M | Scene, ViewLayer | Synchronizing object | Cabin_F_upper_berth_subtle_cover_stitch.003
Fra:1 Mem:465.32M (Peak 465.32M) | Time:00:00.86 | Mem:0.00M, Peak:0.00M | Scene, ViewLayer | Synchronizing object | Telescopic axle guide piston sleeve
Fra:1 Mem:465.33M (Peak 465.33M) | Time:00:00.86 | Mem:0.00M, Peak:0.00M | Scene, ViewLayer | Synchronizing object | Dashpot sealing lip
Fra:1 Mem:465.35M (Peak 465.35M) | Time:00:00.86 | Mem:0.00M, Peak:0.00M | Scene, ViewLayer | Synchronizing object | Cabin_F_upper_berth_subtle_cover_stitch.002
Fra:1 Mem:465.38M (Peak 465.38M) | Time:00:00.86 | Mem:0.00M, Peak:0.00M | Scene, ViewLayer | Synchronizing object | Cabin_F_upper_berth_stitched_edge_welt.001
Fra:1 Mem:465.40M (Peak 465.40M) | Time:00:00.86 | Mem:0.00M, Peak:0.00M | Scene, ViewLayer | Synchronizing object | Primary upper spring seat
Fra:1 Mem:465.42M (Peak 465.42M) | Time:00:00.86 | Mem:0.00M, Peak:0.00M | Scene, ViewLayer | Synchronizing object | Primary 33.5mm helical spring
Fra:1 Mem:465.45M (Peak 465.45M) | Time:00:00.86 | Mem:0.00M, Peak:0.00M | Scene, ViewLayer | Synchronizing object | Cabin_F_upper_berth.001
Fra:1 Mem:465.59M (Peak 465.59M) | Time:00:00.86 | Mem:0.00M, Peak:0.00M | Scene, ViewLayer | Synchronizing object | Cabin_F_lower_backrest.001
Fra:1 Mem:467.66M (Peak 467.66M) | Time:00:00.86 | Mem:0.00M, Peak:0.00M | Scene, ViewLayer | Synchronizing object | Primary 33.5mm helical spring group mark
Fra:1 Mem:467.67M (Peak 467.67M) | Time:00:00.86 | Mem:0.00M, Peak:0.00M | Scene, ViewLayer | Synchronizing object | Primary 33.5mm helical spring group mark.001
Fra:1 Mem:467.67M (Peak 467.67M) | Time:00:00.86 | Mem:0.00M, Peak:0.00M | Scene, ViewLayer | Synchronizing object | Primary 33.5mm helical spring group mark.002
Fra:1 Mem:467.67M (Peak 467.67M) | Time:00:00.86 | Mem:0.00M, Peak:0.00M | Scene, ViewLayer | Synchronizing object | Primary 33.5mm helical spring group mark.003
Fra:1 Mem:467.68M (Peak 467.68M) | Time:00:00.86 | Mem:0.00M, Peak:0.00M | Scene, ViewLayer | Synchronizing object | Primary 33.5mm helical spring group mark.004
Fra:1 Mem:467.68M (Peak 467.68M) | Time:00:00.86 | Mem:0.00M, Peak:0.00M | Scene, ViewLayer | Synchronizing object | Primary 33.5mm helical spring group mark.005
Fra:1 Mem:467.68M (Peak 467.68M) | Time:00:00.86 | Mem:0.00M, Peak:0.00M | Scene, ViewLayer | Synchronizing object | Primary 33.5mm helical spring group mark.006
Fra:1 Mem:467.69M (Peak 467.69M) | Time:00:00.86 | Mem:0.00M, Peak:0.00M | Scene, ViewLayer | Synchronizing object | Primary 33.5mm helical spring group mark.007
Fra:1 Mem:467.69M (Peak 467.69M) | Time:00:00.86 | Mem:0.00M, Peak:0.00M | Scene, ViewLayer | Synchronizing object | Primary 33.5mm helical spring group mark.008
Fra:1 Mem:467.69M (Peak 467.69M) | Time:00:00.86 | Mem:0.00M, Peak:0.00M | Scene, ViewLayer | Synchronizing object | Primary 33.5mm helical spring group mark.009
Fra:1 Mem:467.70M (Peak 467.70M) | Time:00:00.86 | Mem:0.00M, Peak:0.00M | Scene, ViewLayer | Synchronizing object | Primary 33.5mm helical spring group mark.010
Fra:1 Mem:467.70M (Peak 467.70M) | Time:00:00.86 | Mem:0.00M, Peak:0.00M | Scene, ViewLayer | Synchronizing object | Primary 33.5mm helical spring group mark.011
Fra:1 Mem:467.70M (Peak 467.70M) | Time:00:00.86 | Mem:0.00M, Peak:0.00M | Scene, ViewLayer | Synchronizing object | Primary 33.5mm helical spring group mark.012
Fra:1 Mem:467.71M (Peak 467.71M) | Time:00:00.86 | Mem:0.00M, Peak:0.00M | Scene, ViewLayer | Synchronizing object | Primary 33.5mm helical spring group mark.013
Fra:1 Mem:467.71M (Peak 467.71M) | Time:00:00.86 | Mem:0.00M, Peak:0.00M | Scene, ViewLayer | Synchronizing object | Dashpot oil filling vent screw hex head
Fra:1 Mem:467.71M (Peak 467.71M) | Time:00:00.86 | Mem:0.00M, Peak:0.00M | Scene, ViewLayer | Synchronizing object | Dashpot safety U bolt
Fra:1 Mem:467.72M (Peak 467.72M) | Time:00:00.86 | Mem:0.00M, Peak:0.00M | Scene, ViewLayer | Synchronizing object | Primary lower spring seat cup.001
Fra:1 Mem:467.73M (Peak 467.73M) | Time:00:00.86 | Mem:0.00M, Peak:0.00M | Scene, ViewLayer | Synchronizing object | Primary isolation rubber pad.001
Fra:1 Mem:467.74M (Peak 467.74M) | Time:00:00.86 | Mem:0.00M, Peak:0.00M | Scene, ViewLayer | Synchronizing object | Primary dashpot oil cylinder.001
Fra:1 Mem:467.75M (Peak 467.75M) | Time:00:00.86 | Mem:0.00M, Peak:0.00M | Scene, ViewLayer | Synchronizing object | Telescopic axle guide piston sleeve.001
Fra:1 Mem:467.75M (Peak 467.75M) | Time:00:00.86 | Mem:0.00M, Peak:0.00M | Scene, ViewLayer | Synchronizing object | Dashpot sealing lip.001
Fra:1 Mem:467.79M (Peak 467.79M) | Time:00:00.86 | Mem:0.00M, Peak:0.00M | Scene, ViewLayer | Synchronizing object | Primary upper spring seat.001
Fra:1 Mem:467.80M (Peak 467.80M) | Time:00:00.86 | Mem:0.00M, Peak:0.00M | Scene, ViewLayer | Synchronizing object | Primary 33.5mm helical spring.001
Fra:1 Mem:468.03M (Peak 468.03M) | Time:00:00.86 | Mem:0.00M, Peak:0.00M | Scene, ViewLayer | Synchronizing object | Cabin_F_lower_berth_subtle_cover_stitch.003
Fra:1 Mem:468.08M (Peak 468.08M) | Time:00:00.86 | Mem:0.00M, Peak:0.00M | Scene, ViewLayer | Synchronizing object | Cabin_F_lower_berth_subtle_cover_stitch.002
Fra:1 Mem:468.06M (Peak 468.08M) | Time:00:00.86 | Mem:0.00M, Peak:0.00M | Scene, ViewLayer | Synchronizing object | Primary 33.5mm helical spring group mark.014
Fra:1 Mem:468.08M (Peak 468.08M) | Time:00:00.86 | Mem:0.00M, Peak:0.00M | Scene, ViewLayer | Synchronizing object | Primary 33.5mm helical spring group mark.015
Fra:1 Mem:468.07M (Peak 468.08M) | Time:00:00.86 | Mem:0.00M, Peak:0.00M | Scene, ViewLayer | Synchronizing object | Cabin_F_lower_berth_stitched_edge_welt.001
Fra:1 Mem:468.08M (Peak 468.08M) | Time:00:00.86 | Mem:0.00M, Peak:0.00M | Scene, ViewLayer | Synchronizing object | Primary 33.5mm helical spring group mark.016
Fra:1 Mem:468.10M (Peak 468.10M) | Time:00:00.86 | Mem:0.00M, Peak:0.00M | Scene, ViewLayer | Synchronizing object | Primary 33.5mm helical spring group mark.017
Fra:1 Mem:468.11M (Peak 468.11M) | Time:00:00.86 | Mem:0.00M, Peak:0.00M | Scene, ViewLayer | Synchronizing object | Cabin_F_lower_berth.001
Fra:1 Mem:468.11M (Peak 468.11M) | Time:00:00.86 | Mem:0.00M, Peak:0.00M | Scene, ViewLayer | Synchronizing object | Primary 33.5mm helical spring group mark.018
Fra:1 Mem:468.13M (Peak 468.13M) | Time:00:00.86 | Mem:0.00M, Peak:0.00M | Scene, ViewLayer | Synchronizing object | Primary 33.5mm helical spring group mark.019
Fra:1 Mem:468.14M (Peak 468.14M) | Time:00:00.86 | Mem:0.00M, Peak:0.00M | Scene, ViewLayer | Synchronizing object | Primary 33.5mm helical spring group mark.020
Fra:1 Mem:468.15M (Peak 468.15M) | Time:00:00.86 | Mem:0.00M, Peak:0.00M | Scene, ViewLayer | Synchronizing object | Primary 33.5mm helical spring group mark.021
Fra:1 Mem:468.15M (Peak 468.15M) | Time:00:00.86 | Mem:0.00M, Peak:0.00M | Scene, ViewLayer | Synchronizing object | Cabin_F_ladder_step.004
Fra:1 Mem:468.16M (Peak 468.16M) | Time:00:00.86 | Mem:0.00M, Peak:0.00M | Scene, ViewLayer | Synchronizing object | Primary 33.5mm helical spring group mark.022
Fra:1 Mem:468.16M (Peak 468.16M) | Time:00:00.86 | Mem:0.00M, Peak:0.00M | Scene, ViewLayer | Synchronizing object | Cabin_F_ladder_step.003
Fra:1 Mem:468.16M (Peak 468.16M) | Time:00:00.86 | Mem:0.00M, Peak:0.00M | Scene, ViewLayer | Synchronizing object | Primary 33.5mm helical spring group mark.023
Fra:1 Mem:468.17M (Peak 468.17M) | Time:00:00.86 | Mem:0.00M, Peak:0.00M | Scene, ViewLayer | Synchronizing object | Cabin_F_ladder_step.002
Fra:1 Mem:468.17M (Peak 468.17M) | Time:00:00.86 | Mem:0.00M, Peak:0.00M | Scene, ViewLayer | Synchronizing object | Primary 33.5mm helical spring group mark.024
Fra:1 Mem:468.18M (Peak 468.18M) | Time:00:00.86 | Mem:0.00M, Peak:0.00M | Scene, ViewLayer | Synchronizing object | Cabin_F_ladder_step.001
Fra:1 Mem:468.18M (Peak 468.18M) | Time:00:00.86 | Mem:0.00M, Peak:0.00M | Scene, ViewLayer | Synchronizing object | Primary 33.5mm helical spring group mark.025
Fra:1 Mem:468.18M (Peak 468.18M) | Time:00:00.86 | Mem:0.00M, Peak:0.00M | Scene, ViewLayer | Synchronizing object | Cabin_F_ladder_step
Fra:1 Mem:468.19M (Peak 468.19M) | Time:00:00.86 | Mem:0.00M, Peak:0.00M | Scene, ViewLayer | Synchronizing object | Primary 33.5mm helical spring group mark.026
Fra:1 Mem:468.19M (Peak 468.19M) | Time:00:00.86 | Mem:0.00M, Peak:0.00M | Scene, ViewLayer | Synchronizing object | Cabin_F_ladder_upright.001
Fra:1 Mem:468.19M (Peak 468.19M) | Time:00:00.86 | Mem:0.00M, Peak:0.00M | Scene, ViewLayer | Synchronizing object | Primary 33.5mm helical spring group mark.027
Fra:1 Mem:468.20M (Peak 468.20M) | Time:00:00.86 | Mem:0.00M, Peak:0.00M | Scene, ViewLayer | Synchronizing object | Cabin_F_ladder_upright
Fra:1 Mem:468.20M (Peak 468.20M) | Time:00:00.86 | Mem:0.00M, Peak:0.00M | Scene, ViewLayer | Synchronizing object | Dashpot oil filling vent screw hex head.001
Fra:1 Mem:468.20M (Peak 468.20M) | Time:00:00.86 | Mem:0.00M, Peak:0.00M | Scene, ViewLayer | Synchronizing object | Cabin_F_upper_safety_rail
Fra:1 Mem:468.20M (Peak 468.20M) | Time:00:00.86 | Mem:0.00M, Peak:0.00M | Scene, ViewLayer | Synchronizing object | Dashpot safety U bolt.001
Fra:1 Mem:468.21M (Peak 468.21M) | Time:00:00.86 | Mem:0.00M, Peak:0.00M | Scene, ViewLayer | Synchronizing object | Cabin_F_upper_hanger_ceiling_plate.001
Fra:1 Mem:468.22M (Peak 468.22M) | Time:00:00.86 | Mem:0.00M, Peak:0.00M | Scene, ViewLayer | Synchronizing object | Axlebox wing strengthening rib
Fra:1 Mem:468.22M (Peak 468.22M) | Time:00:00.86 | Mem:0.00M, Peak:0.00M | Scene, ViewLayer | Synchronizing object | Cabin_F_upper_hanger.001
Fra:1 Mem:468.22M (Peak 468.22M) | Time:00:00.86 | Mem:0.00M, Peak:0.00M | Scene, ViewLayer | Synchronizing object | Axlebox wing strengthening rib.001
Fra:1 Mem:468.22M (Peak 468.22M) | Time:00:00.86 | Mem:0.00M, Peak:0.00M | Scene, ViewLayer | Synchronizing object | ICF monobloc 915mm dished wheel.001
Fra:1 Mem:468.29M (Peak 468.29M) | Time:00:00.86 | Mem:0.00M, Peak:0.00M | Scene, ViewLayer | Synchronizing object | Cabin_F_upper_hanger_ceiling_plate
Fra:1 Mem:468.29M (Peak 468.29M) | Time:00:00.86 | Mem:0.00M, Peak:0.00M | Scene, ViewLayer | Synchronizing object | Cabin_F_upper_hanger
Fra:1 Mem:468.30M (Peak 468.30M) | Time:00:00.86 | Mem:0.00M, Peak:0.00M | Scene, ViewLayer | Synchronizing object | Cabin_F_lower_berth_base
Fra:1 Mem:468.48M (Peak 468.48M) | Time:00:00.86 | Mem:0.00M, Peak:0.00M | Scene, ViewLayer | Synchronizing object | Cabin_F_upper_berth_subtle_cover_stitch.001
Fra:1 Mem:468.53M (Peak 468.53M) | Time:00:00.86 | Mem:0.00M, Peak:0.00M | Scene, ViewLayer | Synchronizing object | Cabin_F_upper_berth_subtle_cover_stitch
Fra:1 Mem:468.54M (Peak 468.54M) | Time:00:00.86 | Mem:0.00M, Peak:0.00M | Scene, ViewLayer | Synchronizing object | Cabin_F_upper_berth_stitched_edge_welt
Fra:1 Mem:468.63M (Peak 468.63M) | Time:00:00.86 | Mem:0.00M, Peak:0.00M | Scene, ViewLayer | Synchronizing object | Cabin_F_upper_berth
Fra:1 Mem:468.69M (Peak 468.69M) | Time:00:00.86 | Mem:0.00M, Peak:0.00M | Scene, ViewLayer | Synchronizing object | Cabin_F_lower_backrest
Fra:1 Mem:468.77M (Peak 468.77M) | Time:00:00.86 | Mem:0.00M, Peak:0.00M | Scene, ViewLayer | Synchronizing object | Cabin_F_lower_berth_subtle_cover_stitch.001
Fra:1 Mem:468.78M (Peak 468.78M) | Time:00:00.86 | Mem:0.00M, Peak:0.00M | Scene, ViewLayer | Synchronizing object | Cabin_F_lower_berth_subtle_cover_stitch
Fra:1 Mem:468.86M (Peak 468.86M) | Time:00:00.86 | Mem:0.00M, Peak:0.00M | Scene, ViewLayer | Synchronizing object | Cabin_F_lower_berth_stitched_edge_welt
Fra:1 Mem:468.85M (Peak 468.86M) | Time:00:00.86 | Mem:0.00M, Peak:0.00M | Scene, ViewLayer | Synchronizing object | Cabin_F_lower_berth
Fra:1 Mem:468.85M (Peak 468.86M) | Time:00:00.86 | Mem:0.00M, Peak:0.00M | Scene, ViewLayer | Synchronizing object | Wheel hub machining line.001
Fra:1 Mem:468.93M (Peak 468.93M) | Time:00:00.86 | Mem:0.00M, Peak:0.00M | Scene, ViewLayer | Synchronizing object | Cabin_F_nameplate
Fra:1 Mem:469.02M (Peak 469.02M) | Time:00:00.86 | Mem:0.00M, Peak:0.00M | Scene, ViewLayer | Synchronizing object | Wheel rim witness line.001
Fra:1 Mem:469.16M (Peak 469.16M) | Time:00:00.86 | Mem:0.00M, Peak:0.00M | Scene, ViewLayer | Synchronizing object | Wing-type axlebox casting.001
Fra:1 Mem:469.16M (Peak 469.16M) | Time:00:00.86 | Mem:0.00M, Peak:0.00M | Scene, ViewLayer | Synchronizing object | Cabin_F_door_pull
Fra:1 Mem:469.16M (Peak 469.16M) | Time:00:00.86 | Mem:0.00M, Peak:0.00M | Scene, ViewLayer | Synchronizing object | Axlebox spherical bearing housing.001
Fra:1 Mem:469.16M (Peak 469.16M) | Time:00:00.86 | Mem:0.00M, Peak:0.00M | Scene, ViewLayer | Synchronizing object | Cabin_F_sliding_door_parked
Fra:1 Mem:469.18M (Peak 469.18M) | Time:00:00.86 | Mem:0.00M, Peak:0.00M | Scene, ViewLayer | Synchronizing object | Axlebox circular gasket.001
Fra:1 Mem:469.18M (Peak 469.18M) | Time:00:00.86 | Mem:0.00M, Peak:0.00M | Scene, ViewLayer | Synchronizing object | Cabin_F_door_header
Fra:1 Mem:469.19M (Peak 469.19M) | Time:00:00.86 | Mem:0.00M, Peak:0.00M | Scene, ViewLayer | Synchronizing object | Cabin_F_corridor_wall.001
Fra:1 Mem:469.19M (Peak 469.19M) | Time:00:00.86 | Mem:0.00M, Peak:0.00M | Scene, ViewLayer | Synchronizing object | Axlebox bolted front cover.001
Fra:1 Mem:469.20M (Peak 469.20M) | Time:00:00.86 | Mem:0.00M, Peak:0.00M | Scene, ViewLayer | Synchronizing object | Cabin_F_corridor_wall
Fra:1 Mem:469.21M (Peak 469.21M) | Time:00:00.86 | Mem:0.00M, Peak:0.00M | Scene, ViewLayer | Synchronizing object | Cabin_F_end_partition
Fra:1 Mem:469.21M (Peak 469.21M) | Time:00:00.86 | Mem:0.00M, Peak:0.00M | Scene, ViewLayer | Synchronizing object | Axlebox centre inspection emboss.001
Fra:1 Mem:469.21M (Peak 469.21M) | Time:00:00.86 | Mem:0.00M, Peak:0.00M | Scene, ViewLayer | Synchronizing object | Fan grille locking clip.019
Fra:1 Mem:469.23M (Peak 469.23M) | Time:00:00.86 | Mem:0.00M, Peak:0.00M | Scene, ViewLayer | Synchronizing object | Axlebox cover M20 hex head.006
Fra:1 Mem:469.23M (Peak 469.23M) | Time:00:00.86 | Mem:0.00M, Peak:0.00M | Scene, ViewLayer | Synchronizing object | Fan grille locking clip.018
Fra:1 Mem:469.23M (Peak 469.23M) | Time:00:00.86 | Mem:0.00M, Peak:0.00M | Scene, ViewLayer | Synchronizing object | Axlebox cover M20 hex head.007
Fra:1 Mem:469.24M (Peak 469.24M) | Time:00:00.86 | Mem:0.00M, Peak:0.00M | Scene, ViewLayer | Synchronizing object | Fan grille locking clip.017
Fra:1 Mem:469.24M (Peak 469.24M) | Time:00:00.86 | Mem:0.00M, Peak:0.00M | Scene, ViewLayer | Synchronizing object | Axlebox cover M20 hex head.008
Fra:1 Mem:469.25M (Peak 469.25M) | Time:00:00.86 | Mem:0.00M, Peak:0.00M | Scene, ViewLayer | Synchronizing object | Axlebox cover M20 hex head.009
Fra:1 Mem:469.25M (Peak 469.25M) | Time:00:00.86 | Mem:0.00M, Peak:0.00M | Scene, ViewLayer | Synchronizing object | Fan grille locking clip.016
Fra:1 Mem:469.26M (Peak 469.26M) | Time:00:00.86 | Mem:0.00M, Peak:0.00M | Scene, ViewLayer | Synchronizing object | Axlebox cover M20 hex head.010
Fra:1 Mem:469.26M (Peak 469.26M) | Time:00:00.86 | Mem:0.00M, Peak:0.00M | Scene, ViewLayer | Synchronizing object | Fan centre decorative cap.004
Fra:1 Mem:469.26M (Peak 469.26M) | Time:00:00.86 | Mem:0.00M, Peak:0.00M | Scene, ViewLayer | Synchronizing object | Axlebox cover M20 hex head.011
Fra:1 Mem:469.27M (Peak 469.27M) | Time:00:00.86 | Mem:0.00M, Peak:0.00M | Scene, ViewLayer | Synchronizing object | Axlebox crown bump rubber.001
Fra:1 Mem:469.28M (Peak 469.28M) | Time:00:00.86 | Mem:0.00M, Peak:0.00M | Scene, ViewLayer | Synchronizing object | Fan swept three blade rotor.014
Fra:1 Mem:469.28M (Peak 469.28M) | Time:00:00.86 | Mem:0.00M, Peak:0.00M | Scene, ViewLayer | Synchronizing object | Fan swept three blade rotor.013
Fra:1 Mem:469.28M (Peak 469.28M) | Time:00:00.86 | Mem:0.00M, Peak:0.00M | Scene, ViewLayer | Synchronizing object | Axlebox crown stop bracket.001
Fra:1 Mem:469.29M (Peak 469.29M) | Time:00:00.86 | Mem:0.00M, Peak:0.00M | Scene, ViewLayer | Synchronizing object | Fan swept three blade rotor.012
Fra:1 Mem:469.29M (Peak 469.29M) | Time:00:00.86 | Mem:0.00M, Peak:0.00M | Scene, ViewLayer | Synchronizing object | Crown clearance stop bolt.001
Fra:1 Mem:469.29M (Peak 469.29M) | Time:00:00.86 | Mem:0.00M, Peak:0.00M | Scene, ViewLayer | Synchronizing object | Fan radial cage wire.119
Fra:1 Mem:469.30M (Peak 469.30M) | Time:00:00.86 | Mem:0.00M, Peak:0.00M | Scene, ViewLayer | Synchronizing object | Primary lower spring seat cup.002
Fra:1 Mem:469.31M (Peak 469.31M) | Time:00:00.86 | Mem:0.00M, Peak:0.00M | Scene, ViewLayer | Synchronizing object | Fan radial cage wire.118
Fra:1 Mem:469.31M (Peak 469.31M) | Time:00:00.86 | Mem:0.00M, Peak:0.00M | Scene, ViewLayer | Synchronizing object | Primary isolation rubber pad.002
Fra:1 Mem:469.32M (Peak 469.32M) | Time:00:00.86 | Mem:0.00M, Peak:0.00M | Scene, ViewLayer | Synchronizing object | Fan radial cage wire.117
Fra:1 Mem:469.33M (Peak 469.33M) | Time:00:00.86 | Mem:0.00M, Peak:0.00M | Scene, ViewLayer | Synchronizing object | Primary dashpot oil cylinder.002
Fra:1 Mem:469.35M (Peak 469.35M) | Time:00:00.86 | Mem:0.00M, Peak:0.00M | Scene, ViewLayer | Synchronizing object | Fan radial cage wire.116
Fra:1 Mem:469.34M (Peak 469.35M) | Time:00:00.86 | Mem:0.00M, Peak:0.00M | Scene, ViewLayer | Synchronizing object | Telescopic axle guide piston sleeve.002
Fra:1 Mem:469.34M (Peak 469.35M) | Time:00:00.86 | Mem:0.00M, Peak:0.00M | Scene, ViewLayer | Synchronizing object | Fan radial cage wire.115
Fra:1 Mem:469.36M (Peak 469.36M) | Time:00:00.86 | Mem:0.00M, Peak:0.00M | Scene, ViewLayer | Synchronizing object | Fan radial cage wire.114
Fra:1 Mem:469.36M (Peak 469.36M) | Time:00:00.86 | Mem:0.00M, Peak:0.00M | Scene, ViewLayer | Synchronizing object | Dashpot sealing lip.002
Fra:1 Mem:469.37M (Peak 469.37M) | Time:00:00.86 | Mem:0.00M, Peak:0.00M | Scene, ViewLayer | Synchronizing object | Fan radial cage wire.113
Fra:1 Mem:469.40M (Peak 469.40M) | Time:00:00.86 | Mem:0.00M, Peak:0.00M | Scene, ViewLayer | Synchronizing object | Fan radial cage wire.112
Fra:1 Mem:469.40M (Peak 469.40M) | Time:00:00.86 | Mem:0.00M, Peak:0.00M | Scene, ViewLayer | Synchronizing object | Fan radial cage wire.111
Fra:1 Mem:469.42M (Peak 469.42M) | Time:00:00.86 | Mem:0.00M, Peak:0.00M | Scene, ViewLayer | Synchronizing object | Fan radial cage wire.110
Fra:1 Mem:469.42M (Peak 469.42M) | Time:00:00.86 | Mem:0.00M, Peak:0.00M | Scene, ViewLayer | Synchronizing object | Primary upper spring seat.002
Fra:1 Mem:469.43M (Peak 469.43M) | Time:00:00.86 | Mem:0.00M, Peak:0.00M | Scene, ViewLayer | Synchronizing object | Fan radial cage wire.109
Fra:1 Mem:469.43M (Peak 469.43M) | Time:00:00.86 | Mem:0.00M, Peak:0.00M | Scene, ViewLayer | Synchronizing object | Primary 33.5mm helical spring.002
Fra:1 Mem:469.43M (Peak 469.43M) | Time:00:00.86 | Mem:0.00M, Peak:0.00M | Scene, ViewLayer | Synchronizing object | Fan radial cage wire.108
Fra:1 Mem:469.47M (Peak 469.47M) | Time:00:00.86 | Mem:0.00M, Peak:0.00M | Scene, ViewLayer | Synchronizing object | Fan radial cage wire.107
Fra:1 Mem:469.56M (Peak 469.56M) | Time:00:00.86 | Mem:0.00M, Peak:0.00M | Scene, ViewLayer | Synchronizing object | Fan radial cage wire.106
Fra:1 Mem:469.58M (Peak 469.58M) | Time:00:00.86 | Mem:0.00M, Peak:0.00M | Scene, ViewLayer | Synchronizing object | Fan radial cage wire.105
Fra:1 Mem:469.59M (Peak 469.59M) | Time:00:00.86 | Mem:0.00M, Peak:0.00M | Scene, ViewLayer | Synchronizing object | Fan radial cage wire.104
Fra:1 Mem:469.62M (Peak 469.62M) | Time:00:00.86 | Mem:0.00M, Peak:0.00M | Scene, ViewLayer | Synchronizing object | Fan radial cage wire.103
Fra:1 Mem:469.63M (Peak 469.63M) | Time:00:00.86 | Mem:0.00M, Peak:0.00M | Scene, ViewLayer | Synchronizing object | Fan radial cage wire.102
Fra:1 Mem:469.64M (Peak 469.64M) | Time:00:00.86 | Mem:0.00M, Peak:0.00M | Scene, ViewLayer | Synchronizing object | Fan radial cage wire.101
Fra:1 Mem:469.65M (Peak 469.65M) | Time:00:00.86 | Mem:0.00M, Peak:0.00M | Scene, ViewLayer | Synchronizing object | Fan radial cage wire.100
Fra:1 Mem:469.66M (Peak 469.66M) | Time:00:00.86 | Mem:0.00M, Peak:0.00M | Scene, ViewLayer | Synchronizing object | Fan radial cage wire.099
Fra:1 Mem:469.66M (Peak 469.66M) | Time:00:00.86 | Mem:0.00M, Peak:0.00M | Scene, ViewLayer | Synchronizing object | Fan radial cage wire.098
Fra:1 Mem:469.67M (Peak 469.67M) | Time:00:00.86 | Mem:0.00M, Peak:0.00M | Scene, ViewLayer | Synchronizing object | Fan radial cage wire.097
Fra:1 Mem:469.69M (Peak 469.69M) | Time:00:00.86 | Mem:0.00M, Peak:0.00M | Scene, ViewLayer | Synchronizing object | Fan radial cage wire.096
Fra:1 Mem:469.73M (Peak 469.73M) | Time:00:00.86 | Mem:0.00M, Peak:0.00M | Scene, ViewLayer | Synchronizing object | Fan concentric safety grille.029
Fra:1 Mem:469.72M (Peak 469.73M) | Time:00:00.86 | Mem:0.00M, Peak:0.00M | Scene, ViewLayer | Synchronizing object | Primary 33.5mm helical spring group mark.028
Fra:1 Mem:469.72M (Peak 469.73M) | Time:00:00.86 | Mem:0.00M, Peak:0.00M | Scene, ViewLayer | Synchronizing object | Primary 33.5mm helical spring group mark.029
Fra:1 Mem:469.72M (Peak 469.73M) | Time:00:00.86 | Mem:0.00M, Peak:0.00M | Scene, ViewLayer | Synchronizing object | Primary 33.5mm helical spring group mark.030
Fra:1 Mem:469.73M (Peak 469.73M) | Time:00:00.86 | Mem:0.00M, Peak:0.00M | Scene, ViewLayer | Synchronizing object | Primary 33.5mm helical spring group mark.031
Fra:1 Mem:469.75M (Peak 469.75M) | Time:00:00.86 | Mem:0.00M, Peak:0.00M | Scene, ViewLayer | Synchronizing object | Primary 33.5mm helical spring group mark.032
Fra:1 Mem:469.77M (Peak 469.77M) | Time:00:00.86 | Mem:0.00M, Peak:0.00M | Scene, ViewLayer | Synchronizing object | Primary 33.5mm helical spring group mark.033
Fra:1 Mem:469.78M (Peak 469.78M) | Time:00:00.86 | Mem:0.00M, Peak:0.00M | Scene, ViewLayer | Synchronizing object | Primary 33.5mm helical spring group mark.034
Fra:1 Mem:469.79M (Peak 469.79M) | Time:00:00.86 | Mem:0.00M, Peak:0.00M | Scene, ViewLayer | Synchronizing object | Primary 33.5mm helical spring group mark.035
Fra:1 Mem:469.80M (Peak 469.80M) | Time:00:00.86 | Mem:0.00M, Peak:0.00M | Scene, ViewLayer | Synchronizing object | Primary 33.5mm helical spring group mark.036
Fra:1 Mem:469.79M (Peak 469.80M) | Time:00:00.86 | Mem:0.00M, Peak:0.00M | Scene, ViewLayer | Synchronizing object | Fan concentric safety grille.028
Fra:1 Mem:469.80M (Peak 469.80M) | Time:00:00.86 | Mem:0.00M, Peak:0.00M | Scene, ViewLayer | Synchronizing object | Primary 33.5mm helical spring group mark.037
Fra:1 Mem:469.83M (Peak 469.83M) | Time:00:00.86 | Mem:0.00M, Peak:0.00M | Scene, ViewLayer | Synchronizing object | Primary 33.5mm helical spring group mark.038
Fra:1 Mem:469.85M (Peak 469.85M) | Time:00:00.86 | Mem:0.00M, Peak:0.00M | Scene, ViewLayer | Synchronizing object | Primary 33.5mm helical spring group mark.039
Fra:1 Mem:469.85M (Peak 469.85M) | Time:00:00.86 | Mem:0.00M, Peak:0.00M | Scene, ViewLayer | Synchronizing object | Primary 33.5mm helical spring group mark.040
Fra:1 Mem:469.86M (Peak 469.86M) | Time:00:00.86 | Mem:0.00M, Peak:0.00M | Scene, ViewLayer | Synchronizing object | Primary 33.5mm helical spring group mark.041
Fra:1 Mem:469.87M (Peak 469.87M) | Time:00:00.86 | Mem:0.00M, Peak:0.00M | Scene, ViewLayer | Synchronizing object | Fan concentric safety grille.027
Fra:1 Mem:469.87M (Peak 469.87M) | Time:00:00.86 | Mem:0.00M, Peak:0.00M | Scene, ViewLayer | Synchronizing object | Dashpot oil filling vent screw hex head.002
Fra:1 Mem:469.91M (Peak 469.91M) | Time:00:00.86 | Mem:0.00M, Peak:0.00M | Scene, ViewLayer | Synchronizing object | Dashpot safety U bolt.002
Fra:1 Mem:469.92M (Peak 469.92M) | Time:00:00.86 | Mem:0.00M, Peak:0.00M | Scene, ViewLayer | Synchronizing object | Primary lower spring seat cup.003
Fra:1 Mem:469.94M (Peak 469.94M) | Time:00:00.86 | Mem:0.00M, Peak:0.00M | Scene, ViewLayer | Synchronizing object | Primary isolation rubber pad.003
Fra:1 Mem:469.96M (Peak 469.96M) | Time:00:00.86 | Mem:0.00M, Peak:0.00M | Scene, ViewLayer | Synchronizing object | Primary dashpot oil cylinder.003
Fra:1 Mem:469.95M (Peak 469.96M) | Time:00:00.86 | Mem:0.00M, Peak:0.00M | Scene, ViewLayer | Synchronizing object | Fan concentric safety grille.026
Fra:1 Mem:470.00M (Peak 470.00M) | Time:00:00.86 | Mem:0.00M, Peak:0.00M | Scene, ViewLayer | Synchronizing object | Telescopic axle guide piston sleeve.003
Fra:1 Mem:470.02M (Peak 470.02M) | Time:00:00.86 | Mem:0.00M, Peak:0.00M | Scene, ViewLayer | Synchronizing object | Dashpot sealing lip.003
Fra:1 Mem:470.06M (Peak 470.06M) | Time:00:00.86 | Mem:0.00M, Peak:0.00M | Scene, ViewLayer | Synchronizing object | Fan concentric safety grille.025
Fra:1 Mem:470.10M (Peak 470.10M) | Time:00:00.86 | Mem:0.00M, Peak:0.00M | Scene, ViewLayer | Synchronizing object | Primary upper spring seat.003
Fra:1 Mem:470.12M (Peak 470.12M) | Time:00:00.86 | Mem:0.00M, Peak:0.00M | Scene, ViewLayer | Synchronizing object | Primary 33.5mm helical spring.003
Fra:1 Mem:470.25M (Peak 470.25M) | Time:00:00.86 | Mem:0.00M, Peak:0.00M | Scene, ViewLayer | Synchronizing object | Fan concentric safety grille.024
Fra:1 Mem:470.36M (Peak 470.36M) | Time:00:00.86 | Mem:0.00M, Peak:0.00M | Scene, ViewLayer | Synchronizing object | Fan round motor housing.004
Fra:1 Mem:470.37M (Peak 470.37M) | Time:00:00.86 | Mem:0.00M, Peak:0.00M | Scene, ViewLayer | Synchronizing object | Fan pressed ceiling flange.004
Fra:1 Mem:470.38M (Peak 470.38M) | Time:00:00.86 | Mem:0.00M, Peak:0.00M | Scene, ViewLayer | Synchronizing object | Fan ceiling stem.004
Fra:1 Mem:470.41M (Peak 470.41M) | Time:00:00.87 | Mem:0.00M, Peak:0.00M | Scene, ViewLayer | Synchronizing object | Coupe_E_underberth_luggage_retainer.001
Fra:1 Mem:470.41M (Peak 470.41M) | Time:00:00.87 | Mem:0.00M, Peak:0.00M | Scene, ViewLayer | Synchronizing object | Coupe_E_underberth_luggage_retainer
Fra:1 Mem:470.43M (Peak 470.43M) | Time:00:00.87 | Mem:0.00M, Peak:0.00M | Scene, ViewLayer | Synchronizing object | Coupe_E_reading_light
Fra:1 Mem:470.45M (Peak 470.45M) | Time:00:00.87 | Mem:0.00M, Peak:0.00M | Scene, ViewLayer | Synchronizing object | Coupe_E_door_privacy_latch
Fra:1 Mem:470.45M (Peak 470.45M) | Time:00:00.87 | Mem:0.00M, Peak:0.00M | Scene, ViewLayer | Synchronizing object | Primary 33.5mm helical spring group mark.042
Fra:1 Mem:470.44M (Peak 470.45M) | Time:00:00.87 | Mem:0.00M, Peak:0.00M | Scene, ViewLayer | Synchronizing object | Coupe_E_door_lock_plate
Fra:1 Mem:470.44M (Peak 470.45M) | Time:00:00.87 | Mem:0.00M, Peak:0.00M | Scene, ViewLayer | Synchronizing object | Primary 33.5mm helical spring group mark.043
Fra:1 Mem:470.45M (Peak 470.45M) | Time:00:00.87 | Mem:0.00M, Peak:0.00M | Scene, ViewLayer | Synchronizing object | Primary 33.5mm helical spring group mark.044
Fra:1 Mem:470.46M (Peak 470.46M) | Time:00:00.87 | Mem:0.00M, Peak:0.00M | Scene, ViewLayer | Synchronizing object | Coupe_E_sliding_door_guide_rail
Fra:1 Mem:470.46M (Peak 470.46M) | Time:00:00.87 | Mem:0.00M, Peak:0.00M | Scene, ViewLayer | Synchronizing object | Primary 33.5mm helical spring group mark.045
Fra:1 Mem:470.47M (Peak 470.47M) | Time:00:00.87 | Mem:0.00M, Peak:0.00M | Scene, ViewLayer | Synchronizing object | Coupe_E_coupe_switch.002
Fra:1 Mem:470.47M (Peak 470.47M) | Time:00:00.87 | Mem:0.00M, Peak:0.00M | Scene, ViewLayer | Synchronizing object | Primary 33.5mm helical spring group mark.046
Fra:1 Mem:470.48M (Peak 470.48M) | Time:00:00.87 | Mem:0.00M, Peak:0.00M | Scene, ViewLayer | Synchronizing object | Coupe_E_coupe_switch.001
Fra:1 Mem:470.48M (Peak 470.48M) | Time:00:00.87 | Mem:0.00M, Peak:0.00M | Scene, ViewLayer | Synchronizing object | Primary 33.5mm helical spring group mark.047
Fra:1 Mem:470.49M (Peak 470.49M) | Time:00:00.87 | Mem:0.00M, Peak:0.00M | Scene, ViewLayer | Synchronizing object | Coupe_E_coupe_switch
Fra:1 Mem:470.49M (Peak 470.49M) | Time:00:00.87 | Mem:0.00M, Peak:0.00M | Scene, ViewLayer | Synchronizing object | Primary 33.5mm helical spring group mark.048
Fra:1 Mem:470.50M (Peak 470.50M) | Time:00:00.87 | Mem:0.00M, Peak:0.00M | Scene, ViewLayer | Synchronizing object | Coupe_E_coupe_controls
Fra:1 Mem:470.51M (Peak 470.51M) | Time:00:00.87 | Mem:0.00M, Peak:0.00M | Scene, ViewLayer | Synchronizing object | Primary 33.5mm helical spring group mark.049
Fra:1 Mem:470.52M (Peak 470.52M) | Time:00:00.87 | Mem:0.00M, Peak:0.00M | Scene, ViewLayer | Synchronizing object | Primary 33.5mm helical spring group mark.050
Fra:1 Mem:470.52M (Peak 470.52M) | Time:00:00.87 | Mem:0.00M, Peak:0.00M | Scene, ViewLayer | Synchronizing object | Coupe_E_coupe_partition_mirror
Fra:1 Mem:470.52M (Peak 470.52M) | Time:00:00.87 | Mem:0.00M, Peak:0.00M | Scene, ViewLayer | Synchronizing object | Primary 33.5mm helical spring group mark.051
Fra:1 Mem:470.53M (Peak 470.53M) | Time:00:00.87 | Mem:0.00M, Peak:0.00M | Scene, ViewLayer | Synchronizing object | Coupe_E_coupe_partition_mirror_frame
Fra:1 Mem:470.53M (Peak 470.53M) | Time:00:00.87 | Mem:0.00M, Peak:0.00M | Scene, ViewLayer | Synchronizing object | Primary 33.5mm helical spring group mark.052
Fra:1 Mem:470.54M (Peak 470.54M) | Time:00:00.87 | Mem:0.00M, Peak:0.00M | Scene, ViewLayer | Synchronizing object | Coupe_E_table_bracket
Fra:1 Mem:470.54M (Peak 470.54M) | Time:00:00.87 | Mem:0.00M, Peak:0.00M | Scene, ViewLayer | Synchronizing object | Primary 33.5mm helical spring group mark.053
Fra:1 Mem:470.55M (Peak 470.55M) | Time:00:00.87 | Mem:0.00M, Peak:0.00M | Scene, ViewLayer | Synchronizing object | Coupe_E_folding_table
Fra:1 Mem:470.55M (Peak 470.55M) | Time:00:00.87 | Mem:0.00M, Peak:0.00M | Scene, ViewLayer | Synchronizing object | Primary 33.5mm helical spring group mark.054
Fra:1 Mem:470.56M (Peak 470.56M) | Time:00:00.87 | Mem:0.00M, Peak:0.00M | Scene, ViewLayer | Synchronizing object | Primary 33.5mm helical spring group mark.055
Fra:1 Mem:470.56M (Peak 470.56M) | Time:00:00.87 | Mem:0.00M, Peak:0.00M | Scene, ViewLayer | Synchronizing object | Coupe_E_ladder_step.003
Fra:1 Mem:470.56M (Peak 470.56M) | Time:00:00.87 | Mem:0.00M, Peak:0.00M | Scene, ViewLayer | Synchronizing object | Dashpot oil filling vent screw hex head.003
Fra:1 Mem:470.57M (Peak 470.57M) | Time:00:00.87 | Mem:0.00M, Peak:0.00M | Scene, ViewLayer | Synchronizing object | Coupe_E_ladder_step.002
Fra:1 Mem:470.57M (Peak 470.57M) | Time:00:00.87 | Mem:0.00M, Peak:0.00M | Scene, ViewLayer | Synchronizing object | Dashpot safety U bolt.003
Fra:1 Mem:470.57M (Peak 470.57M) | Time:00:00.87 | Mem:0.00M, Peak:0.00M | Scene, ViewLayer | Synchronizing object | Coupe_E_ladder_step.001
Fra:1 Mem:470.58M (Peak 470.58M) | Time:00:00.87 | Mem:0.00M, Peak:0.00M | Scene, ViewLayer | Synchronizing object | Axlebox wing strengthening rib.002
Fra:1 Mem:470.58M (Peak 470.58M) | Time:00:00.87 | Mem:0.00M, Peak:0.00M | Scene, ViewLayer | Synchronizing object | Coupe_E_ladder_step
Fra:1 Mem:470.58M (Peak 470.58M) | Time:00:00.87 | Mem:0.00M, Peak:0.00M | Scene, ViewLayer | Synchronizing object | Axlebox wing strengthening rib.003
Fra:1 Mem:470.58M (Peak 470.58M) | Time:00:00.87 | Mem:0.00M, Peak:0.00M | Scene, ViewLayer | Synchronizing object | Coupe_E_ladder_upright.001
Fra:1 Mem:470.58M (Peak 470.58M) | Time:00:00.87 | Mem:0.00M, Peak:0.00M | Scene, ViewLayer | Synchronizing object | Turned stepped solid ICF axle.001
Fra:1 Mem:470.60M (Peak 470.60M) | Time:00:00.87 | Mem:0.00M, Peak:0.00M | Scene, ViewLayer | Synchronizing object | Coupe_E_ladder_upright
Fra:1 Mem:470.64M (Peak 470.64M) | Time:00:00.87 | Mem:0.00M, Peak:0.00M | Scene, ViewLayer | Synchronizing object | Coupe_E_upper_safety_rail
Fra:1 Mem:470.65M (Peak 470.65M) | Time:00:00.87 | Mem:0.00M, Peak:0.00M | Scene, ViewLayer | Synchronizing object | Coupe_E_upper_hanger_ceiling_plate.001
Fra:1 Mem:470.66M (Peak 470.66M) | Time:00:00.87 | Mem:0.00M, Peak:0.00M | Scene, ViewLayer | Synchronizing object | Coupe_E_upper_hanger.001
Fra:1 Mem:470.67M (Peak 470.67M) | Time:00:00.87 | Mem:0.00M, Peak:0.00M | Scene, ViewLayer | Synchronizing object | Coupe_E_upper_hanger_ceiling_plate
Fra:1 Mem:470.69M (Peak 470.69M) | Time:00:00.87 | Mem:0.00M, Peak:0.00M | Scene, ViewLayer | Synchronizing object | Coupe_E_upper_hanger
Fra:1 Mem:470.69M (Peak 470.69M) | Time:00:00.87 | Mem:0.00M, Peak:0.00M | Scene, ViewLayer | Synchronizing object | ICF monobloc 915mm dished wheel.002
Fra:1 Mem:470.75M (Peak 470.75M) | Time:00:00.87 | Mem:0.00M, Peak:0.00M | Scene, ViewLayer | Synchronizing object | Coupe_E_lower_berth_base
Fra:1 Mem:470.76M (Peak 470.76M) | Time:00:00.87 | Mem:0.00M, Peak:0.00M | Scene, ViewLayer | Synchronizing object | Coupe_E_upper_berth_subtle_cover_stitch.001
Fra:1 Mem:470.91M (Peak 470.91M) | Time:00:00.87 | Mem:0.00M, Peak:0.00M | Scene, ViewLayer | Synchronizing object | Coupe_E_upper_berth_subtle_cover_stitch
Fra:1 Mem:471.00M (Peak 471.00M) | Time:00:00.87 | Mem:0.00M, Peak:0.00M | Scene, ViewLayer | Synchronizing object | Coupe_E_upper_berth_stitched_edge_welt
Fra:1 Mem:471.02M (Peak 471.02M) | Time:00:00.87 | Mem:0.00M, Peak:0.00M | Scene, ViewLayer | Synchronizing object | Coupe_E_upper_berth
Fra:1 Mem:471.12M (Peak 471.12M) | Time:00:00.87 | Mem:0.00M, Peak:0.00M | Scene, ViewLayer | Synchronizing object | Coupe_E_lower_backrest
Fra:1 Mem:471.18M (Peak 471.18M) | Time:00:00.87 | Mem:0.00M, Peak:0.00M | Scene, ViewLayer | Synchronizing object | Coupe_E_lower_berth_subtle_cover_stitch.001
Fra:1 Mem:471.20M (Peak 471.20M) | Time:00:00.87 | Mem:0.00M, Peak:0.00M | Scene, ViewLayer | Synchronizing object | Coupe_E_lower_berth_subtle_cover_stitch
Fra:1 Mem:471.21M (Peak 471.21M) | Time:00:00.87 | Mem:0.00M, Peak:0.00M | Scene, ViewLayer | Synchronizing object | Coupe_E_lower_berth_stitched_edge_welt
Fra:1 Mem:471.24M (Peak 471.24M) | Time:00:00.87 | Mem:0.00M, Peak:0.00M | Scene, ViewLayer | Synchronizing object | Coupe_E_lower_berth
Fra:1 Mem:471.31M (Peak 471.31M) | Time:00:00.87 | Mem:0.00M, Peak:0.00M | Scene, ViewLayer | Synchronizing object | Coupe_E_nameplate
Fra:1 Mem:471.44M (Peak 471.44M) | Time:00:00.87 | Mem:0.00M, Peak:0.00M | Scene, ViewLayer | Synchronizing object | Wheel hub machining line.002
Fra:1 Mem:471.50M (Peak 471.50M) | Time:00:00.87 | Mem:0.00M, Peak:0.00M | Scene, ViewLayer | Synchronizing object | Coupe_E_door_pull
Fra:1 Mem:471.51M (Peak 471.51M) | Time:00:00.87 | Mem:0.00M, Peak:0.00M | Scene, ViewLayer | Synchronizing object | Coupe_E_sliding_door_parked
Fra:1 Mem:471.52M (Peak 471.52M) | Time:00:00.87 | Mem:0.00M, Peak:0.00M | Scene, ViewLayer | Synchronizing object | Wheel rim witness line.002
Fra:1 Mem:471.54M (Peak 471.54M) | Time:00:00.87 | Mem:0.00M, Peak:0.00M | Scene, ViewLayer | Synchronizing object | Coupe_E_door_header
Fra:1 Mem:471.54M (Peak 471.54M) | Time:00:00.87 | Mem:0.00M, Peak:0.00M | Scene, ViewLayer | Synchronizing object | Coupe_E_corridor_wall.001
Fra:1 Mem:471.54M (Peak 471.54M) | Time:00:00.87 | Mem:0.00M, Peak:0.00M | Scene, ViewLayer | Synchronizing object | Coupe_E_corridor_wall
Fra:1 Mem:471.54M (Peak 471.54M) | Time:00:00.87 | Mem:0.00M, Peak:0.00M | Scene, ViewLayer | Synchronizing object | Coupe_E_end_partition
Fra:1 Mem:471.54M (Peak 471.54M) | Time:00:00.87 | Mem:0.00M, Peak:0.00M | Scene, ViewLayer | Synchronizing object | Fan grille locking clip.015
Fra:1 Mem:471.55M (Peak 471.55M) | Time:00:00.87 | Mem:0.00M, Peak:0.00M | Scene, ViewLayer | Synchronizing object | Fan grille locking clip.014
Fra:1 Mem:471.59M (Peak 471.59M) | Time:00:00.87 | Mem:0.00M, Peak:0.00M | Scene, ViewLayer | Synchronizing object | Fan grille locking clip.013
Fra:1 Mem:471.62M (Peak 471.62M) | Time:00:00.87 | Mem:0.00M, Peak:0.00M | Scene, ViewLayer | Synchronizing object | Fan grille locking clip.012
Fra:1 Mem:471.63M (Peak 471.63M) | Time:00:00.87 | Mem:0.00M, Peak:0.00M | Scene, ViewLayer | Synchronizing object | Fan centre decorative cap.003
Fra:1 Mem:471.64M (Peak 471.64M) | Time:00:00.87 | Mem:0.00M, Peak:0.00M | Scene, ViewLayer | Synchronizing object | Fan swept three blade rotor.011
Fra:1 Mem:471.65M (Peak 471.65M) | Time:00:00.87 | Mem:0.00M, Peak:0.00M | Scene, ViewLayer | Synchronizing object | Fan swept three blade rotor.010
Fra:1 Mem:471.66M (Peak 471.66M) | Time:00:00.87 | Mem:0.00M, Peak:0.00M | Scene, ViewLayer | Synchronizing object | Fan swept three blade rotor.009
Fra:1 Mem:471.66M (Peak 471.66M) | Time:00:00.87 | Mem:0.00M, Peak:0.00M | Scene, ViewLayer | Synchronizing object | Wing-type axlebox casting.002
Fra:1 Mem:471.66M (Peak 471.66M) | Time:00:00.87 | Mem:0.00M, Peak:0.00M | Scene, ViewLayer | Synchronizing object | Fan radial cage wire.095
Fra:1 Mem:471.67M (Peak 471.67M) | Time:00:00.87 | Mem:0.00M, Peak:0.00M | Scene, ViewLayer | Synchronizing object | Axlebox spherical bearing housing.002
Fra:1 Mem:471.67M (Peak 471.67M) | Time:00:00.87 | Mem:0.00M, Peak:0.00M | Scene, ViewLayer | Synchronizing object | Fan radial cage wire.094
Fra:1 Mem:471.68M (Peak 471.68M) | Time:00:00.87 | Mem:0.00M, Peak:0.00M | Scene, ViewLayer | Synchronizing object | Fan radial cage wire.093
Fra:1 Mem:471.69M (Peak 471.69M) | Time:00:00.87 | Mem:0.00M, Peak:0.00M | Scene, ViewLayer | Synchronizing object | Axlebox circular gasket.002
Fra:1 Mem:471.69M (Peak 471.69M) | Time:00:00.87 | Mem:0.00M, Peak:0.00M | Scene, ViewLayer | Synchronizing object | Fan radial cage wire.092
Fra:1 Mem:471.71M (Peak 471.71M) | Time:00:00.87 | Mem:0.00M, Peak:0.00M | Scene, ViewLayer | Synchronizing object | Fan radial cage wire.091
Fra:1 Mem:471.71M (Peak 471.71M) | Time:00:00.87 | Mem:0.00M, Peak:0.00M | Scene, ViewLayer | Synchronizing object | Axlebox bolted front cover.002
Fra:1 Mem:471.72M (Peak 471.72M) | Time:00:00.87 | Mem:0.00M, Peak:0.00M | Scene, ViewLayer | Synchronizing object | Fan radial cage wire.090
Fra:1 Mem:471.73M (Peak 471.73M) | Time:00:00.87 | Mem:0.00M, Peak:0.00M | Scene, ViewLayer | Synchronizing object | Axlebox centre inspection emboss.002
Fra:1 Mem:471.73M (Peak 471.73M) | Time:00:00.87 | Mem:0.00M, Peak:0.00M | Scene, ViewLayer | Synchronizing object | Fan radial cage wire.089
Fra:1 Mem:471.74M (Peak 471.74M) | Time:00:00.87 | Mem:0.00M, Peak:0.00M | Scene, ViewLayer | Synchronizing object | Axlebox cover M20 hex head.012
Fra:1 Mem:471.76M (Peak 471.76M) | Time:00:00.87 | Mem:0.00M, Peak:0.00M | Scene, ViewLayer | Synchronizing object | Fan radial cage wire.088
Fra:1 Mem:471.75M (Peak 471.76M) | Time:00:00.87 | Mem:0.00M, Peak:0.00M | Scene, ViewLayer | Synchronizing object | Axlebox cover M20 hex head.013
Fra:1 Mem:471.75M (Peak 471.76M) | Time:00:00.87 | Mem:0.00M, Peak:0.00M | Scene, ViewLayer | Synchronizing object | Fan radial cage wire.087
Fra:1 Mem:471.75M (Peak 471.76M) | Time:00:00.87 | Mem:0.00M, Peak:0.00M | Scene, ViewLayer | Synchronizing object | Axlebox cover M20 hex head.014
Fra:1 Mem:471.76M (Peak 471.76M) | Time:00:00.87 | Mem:0.00M, Peak:0.00M | Scene, ViewLayer | Synchronizing object | Fan radial cage wire.086
Fra:1 Mem:471.76M (Peak 471.76M) | Time:00:00.87 | Mem:0.00M, Peak:0.00M | Scene, ViewLayer | Synchronizing object | Axlebox cover M20 hex head.015
Fra:1 Mem:471.77M (Peak 471.77M) | Time:00:00.87 | Mem:0.00M, Peak:0.00M | Scene, ViewLayer | Synchronizing object | Fan radial cage wire.085
Fra:1 Mem:471.77M (Peak 471.77M) | Time:00:00.87 | Mem:0.00M, Peak:0.00M | Scene, ViewLayer | Synchronizing object | Axlebox cover M20 hex head.016
Fra:1 Mem:471.77M (Peak 471.77M) | Time:00:00.87 | Mem:0.00M, Peak:0.00M | Scene, ViewLayer | Synchronizing object | Fan radial cage wire.084
Fra:1 Mem:471.77M (Peak 471.77M) | Time:00:00.87 | Mem:0.00M, Peak:0.00M | Scene, ViewLayer | Synchronizing object | Axlebox cover M20 hex head.017
Fra:1 Mem:471.78M (Peak 471.78M) | Time:00:00.87 | Mem:0.00M, Peak:0.00M | Scene, ViewLayer | Synchronizing object | Axlebox crown bump rubber.002
Fra:1 Mem:471.79M (Peak 471.79M) | Time:00:00.87 | Mem:0.00M, Peak:0.00M | Scene, ViewLayer | Synchronizing object | Axlebox crown stop bracket.002
Fra:1 Mem:471.80M (Peak 471.80M) | Time:00:00.87 | Mem:0.00M, Peak:0.00M | Scene, ViewLayer | Synchronizing object | Fan radial cage wire.083
Fra:1 Mem:471.80M (Peak 471.80M) | Time:00:00.87 | Mem:0.00M, Peak:0.00M | Scene, ViewLayer | Synchronizing object | Fan radial cage wire.082
Fra:1 Mem:471.81M (Peak 471.81M) | Time:00:00.87 | Mem:0.00M, Peak:0.00M | Scene, ViewLayer | Synchronizing object | Fan radial cage wire.081
Fra:1 Mem:471.81M (Peak 471.81M) | Time:00:00.87 | Mem:0.00M, Peak:0.00M | Scene, ViewLayer | Synchronizing object | Fan radial cage wire.080
Fra:1 Mem:471.82M (Peak 471.82M) | Time:00:00.87 | Mem:0.00M, Peak:0.00M | Scene, ViewLayer | Synchronizing object | Fan radial cage wire.079
Fra:1 Mem:471.82M (Peak 471.82M) | Time:00:00.87 | Mem:0.00M, Peak:0.00M | Scene, ViewLayer | Synchronizing object | Fan radial cage wire.078
Fra:1 Mem:471.83M (Peak 471.83M) | Time:00:00.87 | Mem:0.00M, Peak:0.00M | Scene, ViewLayer | Synchronizing object | Fan radial cage wire.077
Fra:1 Mem:471.83M (Peak 471.83M) | Time:00:00.87 | Mem:0.00M, Peak:0.00M | Scene, ViewLayer | Synchronizing object | Fan radial cage wire.076
Fra:1 Mem:471.84M (Peak 471.84M) | Time:00:00.87 | Mem:0.00M, Peak:0.00M | Scene, ViewLayer | Synchronizing object | Fan radial cage wire.075
Fra:1 Mem:471.84M (Peak 471.84M) | Time:00:00.87 | Mem:0.00M, Peak:0.00M | Scene, ViewLayer | Synchronizing object | Fan radial cage wire.074
Fra:1 Mem:471.85M (Peak 471.85M) | Time:00:00.87 | Mem:0.00M, Peak:0.00M | Scene, ViewLayer | Synchronizing object | Fan radial cage wire.073
Fra:1 Mem:471.85M (Peak 471.85M) | Time:00:00.87 | Mem:0.00M, Peak:0.00M | Scene, ViewLayer | Synchronizing object | Crown clearance stop bolt.002
Fra:1 Mem:471.85M (Peak 471.85M) | Time:00:00.87 | Mem:0.00M, Peak:0.00M | Scene, ViewLayer | Synchronizing object | Fan radial cage wire.072
Fra:1 Mem:471.86M (Peak 471.86M) | Time:00:00.87 | Mem:0.00M, Peak:0.00M | Scene, ViewLayer | Synchronizing object | Fan concentric safety grille.023
Fra:1 Mem:471.87M (Peak 471.87M) | Time:00:00.87 | Mem:0.00M, Peak:0.00M | Scene, ViewLayer | Synchronizing object | Primary lower spring seat cup.004
Fra:1 Mem:471.92M (Peak 471.92M) | Time:00:00.87 | Mem:0.00M, Peak:0.00M | Scene, ViewLayer | Synchronizing object | Primary isolation rubber pad.004
Fra:1 Mem:471.94M (Peak 471.94M) | Time:00:00.87 | Mem:0.00M, Peak:0.00M | Scene, ViewLayer | Synchronizing object | Fan concentric safety grille.022
Fra:1 Mem:471.95M (Peak 471.95M) | Time:00:00.87 | Mem:0.00M, Peak:0.00M | Scene, ViewLayer | Synchronizing object | Primary dashpot oil cylinder.004
Fra:1 Mem:471.99M (Peak 471.99M) | Time:00:00.87 | Mem:0.00M, Peak:0.00M | Scene, ViewLayer | Synchronizing object | Telescopic axle guide piston sleeve.004
Fra:1 Mem:472.00M (Peak 472.00M) | Time:00:00.87 | Mem:0.00M, Peak:0.00M | Scene, ViewLayer | Synchronizing object | Dashpot sealing lip.004
Fra:1 Mem:472.05M (Peak 472.05M) | Time:00:00.87 | Mem:0.00M, Peak:0.00M | Scene, ViewLayer | Synchronizing object | Fan concentric safety grille.021
Fra:1 Mem:472.10M (Peak 472.10M) | Time:00:00.87 | Mem:0.00M, Peak:0.00M | Scene, ViewLayer | Synchronizing object | Primary upper spring seat.004
Fra:1 Mem:472.11M (Peak 472.11M) | Time:00:00.87 | Mem:0.00M, Peak:0.00M | Scene, ViewLayer | Synchronizing object | Primary 33.5mm helical spring.004
Fra:1 Mem:472.15M (Peak 472.15M) | Time:00:00.87 | Mem:0.00M, Peak:0.00M | Scene, ViewLayer | Synchronizing object | Fan concentric safety grille.020
Fra:1 Mem:472.34M (Peak 472.34M) | Time:00:00.87 | Mem:0.00M, Peak:0.00M | Scene, ViewLayer | Synchronizing object | Fan concentric safety grille.019
Fra:1 Mem:472.41M (Peak 472.41M) | Time:00:00.87 | Mem:0.00M, Peak:0.00M | Scene, ViewLayer | Synchronizing object | Fan concentric safety grille.018
Fra:1 Mem:472.52M (Peak 472.52M) | Time:00:00.87 | Mem:0.00M, Peak:0.00M | Scene, ViewLayer | Synchronizing object | Fan round motor housing.003
Fra:1 Mem:472.50M (Peak 472.52M) | Time:00:00.87 | Mem:0.00M, Peak:0.00M | Scene, ViewLayer | Synchronizing object | Primary 33.5mm helical spring group mark.056
Fra:1 Mem:472.51M (Peak 472.52M) | Time:00:00.87 | Mem:0.00M, Peak:0.00M | Scene, ViewLayer | Synchronizing object | Fan pressed ceiling flange.003
Fra:1 Mem:472.51M (Peak 472.52M) | Time:00:00.87 | Mem:0.00M, Peak:0.00M | Scene, ViewLayer | Synchronizing object | Primary 33.5mm helical spring group mark.057
Fra:1 Mem:472.52M (Peak 472.52M) | Time:00:00.87 | Mem:0.00M, Peak:0.00M | Scene, ViewLayer | Synchronizing object | Fan ceiling stem.003
Fra:1 Mem:472.52M (Peak 472.52M) | Time:00:00.87 | Mem:0.00M, Peak:0.00M | Scene, ViewLayer | Synchronizing object | Primary 33.5mm helical spring group mark.058
Fra:1 Mem:472.53M (Peak 472.53M) | Time:00:00.87 | Mem:0.00M, Peak:0.00M | Scene, ViewLayer | Synchronizing object | Primary 33.5mm helical spring group mark.059
Fra:1 Mem:472.53M (Peak 472.53M) | Time:00:00.87 | Mem:0.00M, Peak:0.00M | Scene, ViewLayer | Synchronizing object | Coupe_D_underberth_luggage_retainer.001
Fra:1 Mem:472.53M (Peak 472.53M) | Time:00:00.87 | Mem:0.00M, Peak:0.00M | Scene, ViewLayer | Synchronizing object | Primary 33.5mm helical spring group mark.060
Fra:1 Mem:472.54M (Peak 472.54M) | Time:00:00.87 | Mem:0.00M, Peak:0.00M | Scene, ViewLayer | Synchronizing object | Coupe_D_underberth_luggage_retainer
Fra:1 Mem:472.54M (Peak 472.54M) | Time:00:00.87 | Mem:0.00M, Peak:0.00M | Scene, ViewLayer | Synchronizing object | Primary 33.5mm helical spring group mark.061
Fra:1 Mem:472.55M (Peak 472.55M) | Time:00:00.87 | Mem:0.00M, Peak:0.00M | Scene, ViewLayer | Synchronizing object | Coupe_D_reading_light
Fra:1 Mem:472.55M (Peak 472.55M) | Time:00:00.87 | Mem:0.00M, Peak:0.00M | Scene, ViewLayer | Synchronizing object | Primary 33.5mm helical spring group mark.062
Fra:1 Mem:472.56M (Peak 472.56M) | Time:00:00.87 | Mem:0.00M, Peak:0.00M | Scene, ViewLayer | Synchronizing object | Primary 33.5mm helical spring group mark.063
Fra:1 Mem:472.56M (Peak 472.56M) | Time:00:00.87 | Mem:0.00M, Peak:0.00M | Scene, ViewLayer | Synchronizing object | Coupe_D_door_privacy_latch
Fra:1 Mem:472.57M (Peak 472.57M) | Time:00:00.87 | Mem:0.00M, Peak:0.00M | Scene, ViewLayer | Synchronizing object | Primary 33.5mm helical spring group mark.064
Fra:1 Mem:472.57M (Peak 472.57M) | Time:00:00.87 | Mem:0.00M, Peak:0.00M | Scene, ViewLayer | Synchronizing object | Coupe_D_door_lock_plate
Fra:1 Mem:472.58M (Peak 472.58M) | Time:00:00.87 | Mem:0.00M, Peak:0.00M | Scene, ViewLayer | Synchronizing object | Primary 33.5mm helical spring group mark.065
Fra:1 Mem:472.58M (Peak 472.58M) | Time:00:00.87 | Mem:0.00M, Peak:0.00M | Scene, ViewLayer | Synchronizing object | Coupe_D_sliding_door_guide_rail
Fra:1 Mem:472.58M (Peak 472.58M) | Time:00:00.87 | Mem:0.00M, Peak:0.00M | Scene, ViewLayer | Synchronizing object | Primary 33.5mm helical spring group mark.066
Fra:1 Mem:472.59M (Peak 472.59M) | Time:00:00.87 | Mem:0.00M, Peak:0.00M | Scene, ViewLayer | Synchronizing object | Primary 33.5mm helical spring group mark.067
Fra:1 Mem:472.59M (Peak 472.59M) | Time:00:00.87 | Mem:0.00M, Peak:0.00M | Scene, ViewLayer | Synchronizing object | Coupe_D_coupe_switch.002
Fra:1 Mem:472.60M (Peak 472.60M) | Time:00:00.87 | Mem:0.00M, Peak:0.00M | Scene, ViewLayer | Synchronizing object | Primary 33.5mm helical spring group mark.068
Fra:1 Mem:472.61M (Peak 472.61M) | Time:00:00.87 | Mem:0.00M, Peak:0.00M | Scene, ViewLayer | Synchronizing object | Coupe_D_coupe_switch.001
Fra:1 Mem:472.62M (Peak 472.62M) | Time:00:00.87 | Mem:0.00M, Peak:0.00M | Scene, ViewLayer | Synchronizing object | Primary 33.5mm helical spring group mark.069
Fra:1 Mem:472.62M (Peak 472.62M) | Time:00:00.87 | Mem:0.00M, Peak:0.00M | Scene, ViewLayer | Synchronizing object | Coupe_D_coupe_switch
Fra:1 Mem:472.63M (Peak 472.63M) | Time:00:00.87 | Mem:0.00M, Peak:0.00M | Scene, ViewLayer | Synchronizing object | Dashpot oil filling vent screw hex head.004
Fra:1 Mem:472.63M (Peak 472.63M) | Time:00:00.87 | Mem:0.00M, Peak:0.00M | Scene, ViewLayer | Synchronizing object | Coupe_D_coupe_controls
Fra:1 Mem:472.63M (Peak 472.63M) | Time:00:00.87 | Mem:0.00M, Peak:0.00M | Scene, ViewLayer | Synchronizing object | Dashpot safety U bolt.004
Fra:1 Mem:472.64M (Peak 472.64M) | Time:00:00.87 | Mem:0.00M, Peak:0.00M | Scene, ViewLayer | Synchronizing object | Primary lower spring seat cup.005
Fra:1 Mem:472.65M (Peak 472.65M) | Time:00:00.87 | Mem:0.00M, Peak:0.00M | Scene, ViewLayer | Synchronizing object | Coupe_D_coupe_partition_mirror
Fra:1 Mem:472.66M (Peak 472.66M) | Time:00:00.87 | Mem:0.00M, Peak:0.00M | Scene, ViewLayer | Synchronizing object | Primary isolation rubber pad.005
Fra:1 Mem:472.66M (Peak 472.66M) | Time:00:00.87 | Mem:0.00M, Peak:0.00M | Scene, ViewLayer | Synchronizing object | Coupe_D_coupe_partition_mirror_frame
Fra:1 Mem:472.67M (Peak 472.67M) | Time:00:00.87 | Mem:0.00M, Peak:0.00M | Scene, ViewLayer | Synchronizing object | Coupe_D_table_bracket
Fra:1 Mem:472.68M (Peak 472.68M) | Time:00:00.87 | Mem:0.00M, Peak:0.00M | Scene, ViewLayer | Synchronizing object | Primary dashpot oil cylinder.005
Fra:1 Mem:472.68M (Peak 472.68M) | Time:00:00.87 | Mem:0.00M, Peak:0.00M | Scene, ViewLayer | Synchronizing object | Coupe_D_folding_table
Fra:1 Mem:472.69M (Peak 472.69M) | Time:00:00.87 | Mem:0.00M, Peak:0.00M | Scene, ViewLayer | Synchronizing object | Telescopic axle guide piston sleeve.005
Fra:1 Mem:472.71M (Peak 472.71M) | Time:00:00.87 | Mem:0.00M, Peak:0.00M | Scene, ViewLayer | Synchronizing object | Coupe_D_ladder_step.004
Fra:1 Mem:472.70M (Peak 472.71M) | Time:00:00.87 | Mem:0.00M, Peak:0.00M | Scene, ViewLayer | Synchronizing object | Dashpot sealing lip.005
Fra:1 Mem:472.70M (Peak 472.71M) | Time:00:00.87 | Mem:0.00M, Peak:0.00M | Scene, ViewLayer | Synchronizing object | Coupe_D_ladder_step.003
Fra:1 Mem:472.73M (Peak 472.73M) | Time:00:00.87 | Mem:0.00M, Peak:0.00M | Scene, ViewLayer | Synchronizing object | Coupe_D_ladder_step.002
Fra:1 Mem:472.74M (Peak 472.74M) | Time:00:00.87 | Mem:0.00M, Peak:0.00M | Scene, ViewLayer | Synchronizing object | Coupe_D_ladder_step.001
Fra:1 Mem:472.75M (Peak 472.75M) | Time:00:00.87 | Mem:0.00M, Peak:0.00M | Scene, ViewLayer | Synchronizing object | Coupe_D_ladder_step
Fra:1 Mem:472.76M (Peak 472.76M) | Time:00:00.87 | Mem:0.00M, Peak:0.00M | Scene, ViewLayer | Synchronizing object | Coupe_D_ladder_upright.001
Fra:1 Mem:472.76M (Peak 472.76M) | Time:00:00.87 | Mem:0.00M, Peak:0.00M | Scene, ViewLayer | Synchronizing object | Primary upper spring seat.005
Fra:1 Mem:472.76M (Peak 472.76M) | Time:00:00.87 | Mem:0.00M, Peak:0.00M | Scene, ViewLayer | Synchronizing object | Coupe_D_ladder_upright
Fra:1 Mem:472.76M (Peak 472.76M) | Time:00:00.87 | Mem:0.00M, Peak:0.00M | Scene, ViewLayer | Synchronizing object | Coupe_D_upper_safety_rail
Fra:1 Mem:472.77M (Peak 472.77M) | Time:00:00.87 | Mem:0.00M, Peak:0.00M | Scene, ViewLayer | Synchronizing object | Coupe_D_upper_hanger_ceiling_plate.001
Fra:1 Mem:472.77M (Peak 472.77M) | Time:00:00.87 | Mem:0.00M, Peak:0.00M | Scene, ViewLayer | Synchronizing object | Coupe_D_upper_hanger.001
Fra:1 Mem:472.78M (Peak 472.78M) | Time:00:00.87 | Mem:0.00M, Peak:0.00M | Scene, ViewLayer | Synchronizing object | Coupe_D_upper_hanger_ceiling_plate
Fra:1 Mem:472.79M (Peak 472.79M) | Time:00:00.87 | Mem:0.00M, Peak:0.00M | Scene, ViewLayer | Synchronizing object | Primary 33.5mm helical spring.005
Fra:1 Mem:472.79M (Peak 472.79M) | Time:00:00.87 | Mem:0.00M, Peak:0.00M | Scene, ViewLayer | Synchronizing object | Coupe_D_upper_hanger
Fra:1 Mem:472.83M (Peak 472.83M) | Time:00:00.87 | Mem:0.00M, Peak:0.00M | Scene, ViewLayer | Synchronizing object | Coupe_D_lower_berth_base
Fra:1 Mem:472.92M (Peak 472.92M) | Time:00:00.87 | Mem:0.00M, Peak:0.00M | Scene, ViewLayer | Synchronizing object | Coupe_D_upper_berth_subtle_cover_stitch.001
Fra:1 Mem:472.95M (Peak 472.95M) | Time:00:00.87 | Mem:0.00M, Peak:0.00M | Scene, ViewLayer | Synchronizing object | Coupe_D_upper_berth_subtle_cover_stitch
Fra:1 Mem:473.00M (Peak 473.00M) | Time:00:00.87 | Mem:0.00M, Peak:0.00M | Scene, ViewLayer | Synchronizing object | Coupe_D_upper_berth_stitched_edge_welt
Fra:1 Mem:473.03M (Peak 473.03M) | Time:00:00.87 | Mem:0.00M, Peak:0.00M | Scene, ViewLayer | Synchronizing object | Coupe_D_upper_berth
Fra:1 Mem:473.07M (Peak 473.07M) | Time:00:00.87 | Mem:0.00M, Peak:0.00M | Scene, ViewLayer | Synchronizing object | Coupe_D_lower_backrest
Fra:1 Mem:473.15M (Peak 473.15M) | Time:00:00.87 | Mem:0.00M, Peak:0.00M | Scene, ViewLayer | Synchronizing object | Primary 33.5mm helical spring group mark.070
Fra:1 Mem:473.19M (Peak 473.19M) | Time:00:00.87 | Mem:0.00M, Peak:0.00M | Scene, ViewLayer | Synchronizing object | Primary 33.5mm helical spring group mark.071
Fra:1 Mem:473.19M (Peak 473.19M) | Time:00:00.87 | Mem:0.00M, Peak:0.00M | Scene, ViewLayer | Synchronizing object | Primary 33.5mm helical spring group mark.072
Fra:1 Mem:473.19M (Peak 473.19M) | Time:00:00.87 | Mem:0.00M, Peak:0.00M | Scene, ViewLayer | Synchronizing object | Primary 33.5mm helical spring group mark.073
Fra:1 Mem:473.19M (Peak 473.19M) | Time:00:00.87 | Mem:0.00M, Peak:0.00M | Scene, ViewLayer | Synchronizing object | Primary 33.5mm helical spring group mark.074
Fra:1 Mem:473.16M (Peak 473.19M) | Time:00:00.87 | Mem:0.00M, Peak:0.00M | Scene, ViewLayer | Synchronizing object | Primary 33.5mm helical spring group mark.075
Fra:1 Mem:473.16M (Peak 473.19M) | Time:00:00.87 | Mem:0.00M, Peak:0.00M | Scene, ViewLayer | Synchronizing object | Coupe_D_lower_berth_subtle_cover_stitch.001
Fra:1 Mem:473.16M (Peak 473.19M) | Time:00:00.87 | Mem:0.00M, Peak:0.00M | Scene, ViewLayer | Synchronizing object | Primary 33.5mm helical spring group mark.076
Fra:1 Mem:473.18M (Peak 473.19M) | Time:00:00.87 | Mem:0.00M, Peak:0.00M | Scene, ViewLayer | Synchronizing object | Primary 33.5mm helical spring group mark.077
Fra:1 Mem:473.18M (Peak 473.19M) | Time:00:00.87 | Mem:0.00M, Peak:0.00M | Scene, ViewLayer | Synchronizing object | Coupe_D_lower_berth_subtle_cover_stitch
Fra:1 Mem:473.18M (Peak 473.19M) | Time:00:00.87 | Mem:0.00M, Peak:0.00M | Scene, ViewLayer | Synchronizing object | Primary 33.5mm helical spring group mark.078
Fra:1 Mem:473.20M (Peak 473.20M) | Time:00:00.87 | Mem:0.00M, Peak:0.00M | Scene, ViewLayer | Synchronizing object | Primary 33.5mm helical spring group mark.079
Fra:1 Mem:473.20M (Peak 473.20M) | Time:00:00.87 | Mem:0.00M, Peak:0.00M | Scene, ViewLayer | Synchronizing object | Coupe_D_lower_berth_stitched_edge_welt
Fra:1 Mem:473.21M (Peak 473.21M) | Time:00:00.87 | Mem:0.00M, Peak:0.00M | Scene, ViewLayer | Synchronizing object | Primary 33.5mm helical spring group mark.080
Fra:1 Mem:473.23M (Peak 473.23M) | Time:00:00.87 | Mem:0.00M, Peak:0.00M | Scene, ViewLayer | Synchronizing object | Primary 33.5mm helical spring group mark.081
Fra:1 Mem:473.24M (Peak 473.24M) | Time:00:00.87 | Mem:0.00M, Peak:0.00M | Scene, ViewLayer | Synchronizing object | Coupe_D_lower_berth
Fra:1 Mem:473.24M (Peak 473.24M) | Time:00:00.87 | Mem:0.00M, Peak:0.00M | Scene, ViewLayer | Synchronizing object | Primary 33.5mm helical spring group mark.082
Fra:1 Mem:473.27M (Peak 473.27M) | Time:00:00.87 | Mem:0.00M, Peak:0.00M | Scene, ViewLayer | Synchronizing object | Primary 33.5mm helical spring group mark.083
Fra:1 Mem:473.27M (Peak 473.27M) | Time:00:00.87 | Mem:0.00M, Peak:0.00M | Scene, ViewLayer | Synchronizing object | Dashpot oil filling vent screw hex head.005
Fra:1 Mem:473.28M (Peak 473.28M) | Time:00:00.87 | Mem:0.00M, Peak:0.00M | Scene, ViewLayer | Synchronizing object | Coupe_D_nameplate
Fra:1 Mem:473.28M (Peak 473.28M) | Time:00:00.87 | Mem:0.00M, Peak:0.00M | Scene, ViewLayer | Synchronizing object | Dashpot safety U bolt.005
Fra:1 Mem:473.30M (Peak 473.30M) | Time:00:00.87 | Mem:0.00M, Peak:0.00M | Scene, ViewLayer | Synchronizing object | Axlebox wing strengthening rib.004
Fra:1 Mem:473.37M (Peak 473.37M) | Time:00:00.87 | Mem:0.00M, Peak:0.00M | Scene, ViewLayer | Synchronizing object | Axlebox wing strengthening rib.005
Fra:1 Mem:473.39M (Peak 473.39M) | Time:00:00.87 | Mem:0.00M, Peak:0.00M | Scene, ViewLayer | Synchronizing object | ICF monobloc 915mm dished wheel.003
Fra:1 Mem:473.68M (Peak 473.68M) | Time:00:00.87 | Mem:0.00M, Peak:0.00M | Scene, ViewLayer | Synchronizing object | Coupe_D_door_pull
Fra:1 Mem:473.74M (Peak 473.74M) | Time:00:00.87 | Mem:0.00M, Peak:0.00M | Scene, ViewLayer | Synchronizing object | Coupe_D_sliding_door_parked
Fra:1 Mem:473.76M (Peak 473.76M) | Time:00:00.87 | Mem:0.00M, Peak:0.00M | Scene, ViewLayer | Synchronizing object | Coupe_D_door_header
Fra:1 Mem:473.76M (Peak 473.76M) | Time:00:00.87 | Mem:0.00M, Peak:0.00M | Scene, ViewLayer | Synchronizing object | Coupe_D_corridor_wall.001
Fra:1 Mem:473.76M (Peak 473.76M) | Time:00:00.87 | Mem:0.00M, Peak:0.00M | Scene, ViewLayer | Synchronizing object | Coupe_D_corridor_wall
Fra:1 Mem:473.76M (Peak 473.76M) | Time:00:00.87 | Mem:0.00M, Peak:0.00M | Scene, ViewLayer | Synchronizing object | Coupe_D_end_partition
Fra:1 Mem:473.78M (Peak 473.78M) | Time:00:00.87 | Mem:0.00M, Peak:0.00M | Scene, ViewLayer | Synchronizing object | Fan grille locking clip.011
Fra:1 Mem:473.79M (Peak 473.79M) | Time:00:00.87 | Mem:0.00M, Peak:0.00M | Scene, ViewLayer | Synchronizing object | Fan grille locking clip.010
Fra:1 Mem:473.80M (Peak 473.80M) | Time:00:00.87 | Mem:0.00M, Peak:0.00M | Scene, ViewLayer | Synchronizing object | Fan grille locking clip.009
Fra:1 Mem:473.81M (Peak 473.81M) | Time:00:00.87 | Mem:0.00M, Peak:0.00M | Scene, ViewLayer | Synchronizing object | Fan grille locking clip.008
Fra:1 Mem:473.82M (Peak 473.82M) | Time:00:00.87 | Mem:0.00M, Peak:0.00M | Scene, ViewLayer | Synchronizing object | Fan centre decorative cap.002
Fra:1 Mem:473.83M (Peak 473.83M) | Time:00:00.87 | Mem:0.00M, Peak:0.00M | Scene, ViewLayer | Synchronizing object | Fan swept three blade rotor.008
Fra:1 Mem:473.83M (Peak 473.83M) | Time:00:00.87 | Mem:0.00M, Peak:0.00M | Scene, ViewLayer | Synchronizing object | Fan swept three blade rotor.007
Fra:1 Mem:473.83M (Peak 473.83M) | Time:00:00.87 | Mem:0.00M, Peak:0.00M | Scene, ViewLayer | Synchronizing object | Fan swept three blade rotor.006
Fra:1 Mem:473.83M (Peak 473.83M) | Time:00:00.87 | Mem:0.00M, Peak:0.00M | Scene, ViewLayer | Synchronizing object | Fan radial cage wire.071
Fra:1 Mem:473.84M (Peak 473.84M) | Time:00:00.87 | Mem:0.00M, Peak:0.00M | Scene, ViewLayer | Synchronizing object | Fan radial cage wire.070
Fra:1 Mem:473.88M (Peak 473.88M) | Time:00:00.87 | Mem:0.00M, Peak:0.00M | Scene, ViewLayer | Synchronizing object | Fan radial cage wire.069
Fra:1 Mem:473.89M (Peak 473.89M) | Time:00:00.87 | Mem:0.00M, Peak:0.00M | Scene, ViewLayer | Synchronizing object | Fan radial cage wire.068
Fra:1 Mem:473.92M (Peak 473.92M) | Time:00:00.87 | Mem:0.00M, Peak:0.00M | Scene, ViewLayer | Synchronizing object | Fan radial cage wire.067
Fra:1 Mem:473.92M (Peak 473.92M) | Time:00:00.87 | Mem:0.00M, Peak:0.00M | Scene, ViewLayer | Synchronizing object | Fan radial cage wire.066
Fra:1 Mem:473.97M (Peak 473.97M) | Time:00:00.87 | Mem:0.00M, Peak:0.00M | Scene, ViewLayer | Synchronizing object | Fan radial cage wire.065
Fra:1 Mem:473.97M (Peak 473.97M) | Time:00:00.87 | Mem:0.00M, Peak:0.00M | Scene, ViewLayer | Synchronizing object | Fan radial cage wire.064
Fra:1 Mem:473.98M (Peak 473.98M) | Time:00:00.87 | Mem:0.00M, Peak:0.00M | Scene, ViewLayer | Synchronizing object | Fan radial cage wire.063
Fra:1 Mem:473.98M (Peak 473.98M) | Time:00:00.87 | Mem:0.00M, Peak:0.00M | Scene, ViewLayer | Synchronizing object | Fan radial cage wire.062
Fra:1 Mem:473.99M (Peak 473.99M) | Time:00:00.87 | Mem:0.00M, Peak:0.00M | Scene, ViewLayer | Synchronizing object | Fan radial cage wire.061
Fra:1 Mem:473.95M (Peak 473.99M) | Time:00:00.87 | Mem:0.00M, Peak:0.00M | Scene, ViewLayer | Synchronizing object | Fan radial cage wire.060
Fra:1 Mem:473.95M (Peak 473.99M) | Time:00:00.87 | Mem:0.00M, Peak:0.00M | Scene, ViewLayer | Synchronizing object | Wheel hub machining line.003
Fra:1 Mem:473.97M (Peak 473.99M) | Time:00:00.87 | Mem:0.00M, Peak:0.00M | Scene, ViewLayer | Synchronizing object | Fan radial cage wire.059
Fra:1 Mem:474.00M (Peak 474.00M) | Time:00:00.87 | Mem:0.00M, Peak:0.00M | Scene, ViewLayer | Synchronizing object | Fan radial cage wire.058
Fra:1 Mem:474.02M (Peak 474.02M) | Time:00:00.87 | Mem:0.00M, Peak:0.00M | Scene, ViewLayer | Synchronizing object | Fan radial cage wire.057
Fra:1 Mem:474.02M (Peak 474.02M) | Time:00:00.87 | Mem:0.00M, Peak:0.00M | Scene, ViewLayer | Synchronizing object | Fan radial cage wire.056
Fra:1 Mem:474.04M (Peak 474.04M) | Time:00:00.87 | Mem:0.00M, Peak:0.00M | Scene, ViewLayer | Synchronizing object | Fan radial cage wire.055
Fra:1 Mem:474.04M (Peak 474.04M) | Time:00:00.87 | Mem:0.00M, Peak:0.00M | Scene, ViewLayer | Synchronizing object | Wheel rim witness line.003
Fra:1 Mem:474.04M (Peak 474.04M) | Time:00:00.87 | Mem:0.00M, Peak:0.00M | Scene, ViewLayer | Synchronizing object | Fan radial cage wire.054
Fra:1 Mem:474.10M (Peak 474.10M) | Time:00:00.87 | Mem:0.00M, Peak:0.00M | Scene, ViewLayer | Synchronizing object | Fan radial cage wire.053
Fra:1 Mem:474.12M (Peak 474.12M) | Time:00:00.87 | Mem:0.00M, Peak:0.00M | Scene, ViewLayer | Synchronizing object | Fan radial cage wire.052
Fra:1 Mem:474.13M (Peak 474.13M) | Time:00:00.87 | Mem:0.00M, Peak:0.00M | Scene, ViewLayer | Synchronizing object | Fan radial cage wire.051
Fra:1 Mem:474.14M (Peak 474.14M) | Time:00:00.87 | Mem:0.00M, Peak:0.00M | Scene, ViewLayer | Synchronizing object | Fan radial cage wire.050
Fra:1 Mem:474.15M (Peak 474.15M) | Time:00:00.87 | Mem:0.00M, Peak:0.00M | Scene, ViewLayer | Synchronizing object | Fan radial cage wire.049
Fra:1 Mem:474.17M (Peak 474.17M) | Time:00:00.87 | Mem:0.00M, Peak:0.00M | Scene, ViewLayer | Synchronizing object | Fan radial cage wire.048
Fra:1 Mem:474.16M (Peak 474.17M) | Time:00:00.87 | Mem:0.00M, Peak:0.00M | Scene, ViewLayer | Synchronizing object | Wing-type axlebox casting.003
Fra:1 Mem:474.17M (Peak 474.17M) | Time:00:00.87 | Mem:0.00M, Peak:0.00M | Scene, ViewLayer | Synchronizing object | Fan concentric safety grille.017
Fra:1 Mem:474.17M (Peak 474.17M) | Time:00:00.87 | Mem:0.00M, Peak:0.00M | Scene, ViewLayer | Synchronizing object | Axlebox spherical bearing housing.003
Fra:1 Mem:474.23M (Peak 474.23M) | Time:00:00.87 | Mem:0.00M, Peak:0.00M | Scene, ViewLayer | Synchronizing object | Axlebox circular gasket.003
Fra:1 Mem:474.25M (Peak 474.25M) | Time:00:00.87 | Mem:0.00M, Peak:0.00M | Scene, ViewLayer | Synchronizing object | Axlebox bolted front cover.003
Fra:1 Mem:474.26M (Peak 474.26M) | Time:00:00.87 | Mem:0.00M, Peak:0.00M | Scene, ViewLayer | Synchronizing object | Fan concentric safety grille.016
Fra:1 Mem:474.27M (Peak 474.27M) | Time:00:00.87 | Mem:0.00M, Peak:0.00M | Scene, ViewLayer | Synchronizing object | Axlebox centre inspection emboss.003
Fra:1 Mem:474.32M (Peak 474.32M) | Time:00:00.87 | Mem:0.00M, Peak:0.00M | Scene, ViewLayer | Synchronizing object | Axlebox cover M20 hex head.018
Fra:1 Mem:474.32M (Peak 474.32M) | Time:00:00.87 | Mem:0.00M, Peak:0.00M | Scene, ViewLayer | Synchronizing object | Axlebox cover M20 hex head.019
Fra:1 Mem:474.33M (Peak 474.33M) | Time:00:00.87 | Mem:0.00M, Peak:0.00M | Scene, ViewLayer | Synchronizing object | Axlebox cover M20 hex head.020
Fra:1 Mem:474.33M (Peak 474.33M) | Time:00:00.87 | Mem:0.00M, Peak:0.00M | Scene, ViewLayer | Synchronizing object | Fan concentric safety grille.015
Fra:1 Mem:474.34M (Peak 474.34M) | Time:00:00.87 | Mem:0.00M, Peak:0.00M | Scene, ViewLayer | Synchronizing object | Axlebox cover M20 hex head.021
Fra:1 Mem:474.37M (Peak 474.37M) | Time:00:00.87 | Mem:0.00M, Peak:0.00M | Scene, ViewLayer | Synchronizing object | Axlebox cover M20 hex head.022
Fra:1 Mem:474.37M (Peak 474.37M) | Time:00:00.87 | Mem:0.00M, Peak:0.00M | Scene, ViewLayer | Synchronizing object | Axlebox cover M20 hex head.023
Fra:1 Mem:474.39M (Peak 474.39M) | Time:00:00.87 | Mem:0.00M, Peak:0.00M | Scene, ViewLayer | Synchronizing object | Axlebox crown bump rubber.003
Fra:1 Mem:474.40M (Peak 474.40M) | Time:00:00.87 | Mem:0.00M, Peak:0.00M | Scene, ViewLayer | Synchronizing object | Axlebox crown stop bracket.003
Fra:1 Mem:474.42M (Peak 474.42M) | Time:00:00.87 | Mem:0.00M, Peak:0.00M | Scene, ViewLayer | Synchronizing object | Crown clearance stop bolt.003
Fra:1 Mem:474.41M (Peak 474.42M) | Time:00:00.87 | Mem:0.00M, Peak:0.00M | Scene, ViewLayer | Synchronizing object | Fan concentric safety grille.014
Fra:1 Mem:474.42M (Peak 474.42M) | Time:00:00.87 | Mem:0.00M, Peak:0.00M | Scene, ViewLayer | Synchronizing object | Primary lower spring seat cup.006
Fra:1 Mem:474.47M (Peak 474.47M) | Time:00:00.87 | Mem:0.00M, Peak:0.00M | Scene, ViewLayer | Synchronizing object | Primary isolation rubber pad.006
Fra:1 Mem:474.49M (Peak 474.49M) | Time:00:00.87 | Mem:0.00M, Peak:0.00M | Scene, ViewLayer | Synchronizing object | Primary dashpot oil cylinder.006
Fra:1 Mem:474.50M (Peak 474.50M) | Time:00:00.87 | Mem:0.00M, Peak:0.00M | Scene, ViewLayer | Synchronizing object | Fan concentric safety grille.013
Fra:1 Mem:474.51M (Peak 474.51M) | Time:00:00.87 | Mem:0.00M, Peak:0.00M | Scene, ViewLayer | Synchronizing object | Telescopic axle guide piston sleeve.006
Fra:1 Mem:474.55M (Peak 474.55M) | Time:00:00.87 | Mem:0.00M, Peak:0.00M | Scene, ViewLayer | Synchronizing object | Dashpot sealing lip.006
Fra:1 Mem:474.60M (Peak 474.60M) | Time:00:00.87 | Mem:0.00M, Peak:0.00M | Scene, ViewLayer | Synchronizing object | Fan concentric safety grille.012
Fra:1 Mem:474.61M (Peak 474.61M) | Time:00:00.87 | Mem:0.00M, Peak:0.00M | Scene, ViewLayer | Synchronizing object | Primary upper spring seat.006
Fra:1 Mem:474.66M (Peak 474.66M) | Time:00:00.87 | Mem:0.00M, Peak:0.00M | Scene, ViewLayer | Synchronizing object | Primary 33.5mm helical spring.006
Fra:1 Mem:474.80M (Peak 474.80M) | Time:00:00.87 | Mem:0.00M, Peak:0.00M | Scene, ViewLayer | Synchronizing object | Fan round motor housing.002
Fra:1 Mem:474.82M (Peak 474.82M) | Time:00:00.87 | Mem:0.00M, Peak:0.00M | Scene, ViewLayer | Synchronizing object | Fan pressed ceiling flange.002
Fra:1 Mem:474.85M (Peak 474.85M) | Time:00:00.87 | Mem:0.00M, Peak:0.00M | Scene, ViewLayer | Synchronizing object | Fan ceiling stem.002
Fra:1 Mem:474.87M (Peak 474.87M) | Time:00:00.87 | Mem:0.00M, Peak:0.00M | Scene, ViewLayer | Synchronizing object | Coupe_C_underberth_luggage_retainer.001
Fra:1 Mem:474.87M (Peak 474.87M) | Time:00:00.87 | Mem:0.00M, Peak:0.00M | Scene, ViewLayer | Synchronizing object | Coupe_C_underberth_luggage_retainer
Fra:1 Mem:474.88M (Peak 474.88M) | Time:00:00.87 | Mem:0.00M, Peak:0.00M | Scene, ViewLayer | Synchronizing object | Coupe_C_reading_light
Fra:1 Mem:474.88M (Peak 474.88M) | Time:00:00.87 | Mem:0.00M, Peak:0.00M | Scene, ViewLayer | Synchronizing object | Coupe_C_door_privacy_latch
Fra:1 Mem:474.89M (Peak 474.89M) | Time:00:00.87 | Mem:0.00M, Peak:0.00M | Scene, ViewLayer | Synchronizing object | Coupe_C_door_lock_plate
Fra:1 Mem:474.90M (Peak 474.90M) | Time:00:00.87 | Mem:0.00M, Peak:0.00M | Scene, ViewLayer | Synchronizing object | Coupe_C_sliding_door_guide_rail
Fra:1 Mem:474.94M (Peak 474.94M) | Time:00:00.87 | Mem:0.00M, Peak:0.00M | Scene, ViewLayer | Synchronizing object | Coupe_C_coupe_switch.002
Fra:1 Mem:474.97M (Peak 474.97M) | Time:00:00.87 | Mem:0.00M, Peak:0.00M | Scene, ViewLayer | Synchronizing object | Coupe_C_coupe_switch.001
Fra:1 Mem:474.95M (Peak 474.97M) | Time:00:00.87 | Mem:0.00M, Peak:0.00M | Scene, ViewLayer | Synchronizing object | Primary 33.5mm helical spring group mark.084
Fra:1 Mem:474.95M (Peak 474.97M) | Time:00:00.87 | Mem:0.00M, Peak:0.00M | Scene, ViewLayer | Synchronizing object | Coupe_C_coupe_switch
Fra:1 Mem:474.97M (Peak 474.97M) | Time:00:00.87 | Mem:0.00M, Peak:0.00M | Scene, ViewLayer | Synchronizing object | Primary 33.5mm helical spring group mark.085
Fra:1 Mem:474.97M (Peak 474.97M) | Time:00:00.87 | Mem:0.00M, Peak:0.00M | Scene, ViewLayer | Synchronizing object | Primary 33.5mm helical spring group mark.086
Fra:1 Mem:474.98M (Peak 474.98M) | Time:00:00.87 | Mem:0.00M, Peak:0.00M | Scene, ViewLayer | Synchronizing object | Primary 33.5mm helical spring group mark.087
Fra:1 Mem:474.98M (Peak 474.98M) | Time:00:00.87 | Mem:0.00M, Peak:0.00M | Scene, ViewLayer | Synchronizing object | Coupe_C_coupe_partition_mirror
Fra:1 Mem:474.98M (Peak 474.98M) | Time:00:00.87 | Mem:0.00M, Peak:0.00M | Scene, ViewLayer | Synchronizing object | Primary 33.5mm helical spring group mark.088
Fra:1 Mem:474.99M (Peak 474.99M) | Time:00:00.87 | Mem:0.00M, Peak:0.00M | Scene, ViewLayer | Synchronizing object | Coupe_C_coupe_partition_mirror_frame
Fra:1 Mem:474.99M (Peak 474.99M) | Time:00:00.87 | Mem:0.00M, Peak:0.00M | Scene, ViewLayer | Synchronizing object | Primary 33.5mm helical spring group mark.089
Fra:1 Mem:475.00M (Peak 475.00M) | Time:00:00.87 | Mem:0.00M, Peak:0.00M | Scene, ViewLayer | Synchronizing object | Primary 33.5mm helical spring group mark.090
Fra:1 Mem:475.02M (Peak 475.02M) | Time:00:00.87 | Mem:0.00M, Peak:0.00M | Scene, ViewLayer | Synchronizing object | Coupe_C_table_bracket
Fra:1 Mem:475.01M (Peak 475.02M) | Time:00:00.87 | Mem:0.00M, Peak:0.00M | Scene, ViewLayer | Synchronizing object | Primary 33.5mm helical spring group mark.091
Fra:1 Mem:475.01M (Peak 475.02M) | Time:00:00.87 | Mem:0.00M, Peak:0.00M | Scene, ViewLayer | Synchronizing object | Coupe_C_folding_table
Fra:1 Mem:475.02M (Peak 475.02M) | Time:00:00.87 | Mem:0.00M, Peak:0.00M | Scene, ViewLayer | Synchronizing object | Primary 33.5mm helical spring group mark.092
Fra:1 Mem:475.02M (Peak 475.02M) | Time:00:00.87 | Mem:0.00M, Peak:0.00M | Scene, ViewLayer | Synchronizing object | Coupe_C_ladder_step.004
Fra:1 Mem:475.02M (Peak 475.02M) | Time:00:00.87 | Mem:0.00M, Peak:0.00M | Scene, ViewLayer | Synchronizing object | Primary 33.5mm helical spring group mark.093
Fra:1 Mem:475.03M (Peak 475.03M) | Time:00:00.87 | Mem:0.00M, Peak:0.00M | Scene, ViewLayer | Synchronizing object | Coupe_C_ladder_step.003
Fra:1 Mem:475.03M (Peak 475.03M) | Time:00:00.87 | Mem:0.00M, Peak:0.00M | Scene, ViewLayer | Synchronizing object | Primary 33.5mm helical spring group mark.094
Fra:1 Mem:475.04M (Peak 475.04M) | Time:00:00.87 | Mem:0.00M, Peak:0.00M | Scene, ViewLayer | Synchronizing object | Coupe_C_ladder_step.002
Fra:1 Mem:475.04M (Peak 475.04M) | Time:00:00.87 | Mem:0.00M, Peak:0.00M | Scene, ViewLayer | Synchronizing object | Primary 33.5mm helical spring group mark.095
Fra:1 Mem:475.04M (Peak 475.04M) | Time:00:00.87 | Mem:0.00M, Peak:0.00M | Scene, ViewLayer | Synchronizing object | Coupe_C_ladder_step.001
Fra:1 Mem:475.04M (Peak 475.04M) | Time:00:00.87 | Mem:0.00M, Peak:0.00M | Scene, ViewLayer | Synchronizing object | Primary 33.5mm helical spring group mark.096
Fra:1 Mem:475.05M (Peak 475.05M) | Time:00:00.87 | Mem:0.00M, Peak:0.00M | Scene, ViewLayer | Synchronizing object | Coupe_C_ladder_step
Fra:1 Mem:475.05M (Peak 475.05M) | Time:00:00.87 | Mem:0.00M, Peak:0.00M | Scene, ViewLayer | Synchronizing object | Primary 33.5mm helical spring group mark.097
Fra:1 Mem:475.05M (Peak 475.05M) | Time:00:00.87 | Mem:0.00M, Peak:0.00M | Scene, ViewLayer | Synchronizing object | Coupe_C_ladder_upright.001
Fra:1 Mem:475.06M (Peak 475.06M) | Time:00:00.87 | Mem:0.00M, Peak:0.00M | Scene, ViewLayer | Synchronizing object | Dashpot oil filling vent screw hex head.006
Fra:1 Mem:475.06M (Peak 475.06M) | Time:00:00.87 | Mem:0.00M, Peak:0.00M | Scene, ViewLayer | Synchronizing object | Coupe_C_ladder_upright
Fra:1 Mem:475.06M (Peak 475.06M) | Time:00:00.87 | Mem:0.00M, Peak:0.00M | Scene, ViewLayer | Synchronizing object | Dashpot safety U bolt.006
Fra:1 Mem:475.07M (Peak 475.07M) | Time:00:00.87 | Mem:0.00M, Peak:0.00M | Scene, ViewLayer | Synchronizing object | Coupe_C_upper_safety_rail
Fra:1 Mem:475.07M (Peak 475.07M) | Time:00:00.87 | Mem:0.00M, Peak:0.00M | Scene, ViewLayer | Synchronizing object | Primary lower spring seat cup.007
Fra:1 Mem:475.07M (Peak 475.07M) | Time:00:00.87 | Mem:0.00M, Peak:0.00M | Scene, ViewLayer | Synchronizing object | Coupe_C_upper_hanger_ceiling_plate.001
Fra:1 Mem:475.09M (Peak 475.09M) | Time:00:00.87 | Mem:0.00M, Peak:0.00M | Scene, ViewLayer | Synchronizing object | Primary isolation rubber pad.007
Fra:1 Mem:475.10M (Peak 475.10M) | Time:00:00.87 | Mem:0.00M, Peak:0.00M | Scene, ViewLayer | Synchronizing object | Coupe_C_upper_hanger.001
Fra:1 Mem:475.10M (Peak 475.10M) | Time:00:00.87 | Mem:0.00M, Peak:0.00M | Scene, ViewLayer | Synchronizing object | Primary dashpot oil cylinder.007
Fra:1 Mem:475.10M (Peak 475.10M) | Time:00:00.87 | Mem:0.00M, Peak:0.00M | Scene, ViewLayer | Synchronizing object | Coupe_C_upper_hanger_ceiling_plate
Fra:1 Mem:475.12M (Peak 475.12M) | Time:00:00.87 | Mem:0.00M, Peak:0.00M | Scene, ViewLayer | Synchronizing object | Telescopic axle guide piston sleeve.007
Fra:1 Mem:475.12M (Peak 475.12M) | Time:00:00.87 | Mem:0.00M, Peak:0.00M | Scene, ViewLayer | Synchronizing object | Coupe_C_upper_hanger
Fra:1 Mem:475.13M (Peak 475.13M) | Time:00:00.87 | Mem:0.00M, Peak:0.00M | Scene, ViewLayer | Synchronizing object | Coupe_C_lower_berth_base
Fra:1 Mem:475.13M (Peak 475.13M) | Time:00:00.87 | Mem:0.00M, Peak:0.00M | Scene, ViewLayer | Synchronizing object | Dashpot sealing lip.007
Fra:1 Mem:475.16M (Peak 475.16M) | Time:00:00.87 | Mem:0.00M, Peak:0.00M | Scene, ViewLayer | Synchronizing object | Coupe_C_upper_berth_subtle_cover_stitch.001
Fra:1 Mem:475.19M (Peak 475.19M) | Time:00:00.87 | Mem:0.00M, Peak:0.00M | Scene, ViewLayer | Synchronizing object | Coupe_C_upper_berth_subtle_cover_stitch
Fra:1 Mem:475.20M (Peak 475.20M) | Time:00:00.87 | Mem:0.00M, Peak:0.00M | Scene, ViewLayer | Synchronizing object | Primary upper spring seat.007
Fra:1 Mem:475.22M (Peak 475.22M) | Time:00:00.87 | Mem:0.00M, Peak:0.00M | Scene, ViewLayer | Synchronizing object | Primary 33.5mm helical spring.007
Fra:1 Mem:475.22M (Peak 475.22M) | Time:00:00.87 | Mem:0.00M, Peak:0.00M | Scene, ViewLayer | Synchronizing object | Coupe_C_upper_berth_stitched_edge_welt
Fra:1 Mem:475.36M (Peak 475.36M) | Time:00:00.87 | Mem:0.00M, Peak:0.00M | Scene, ViewLayer | Synchronizing object | Coupe_C_upper_berth
Fra:1 Mem:475.45M (Peak 475.45M) | Time:00:00.87 | Mem:0.00M, Peak:0.00M | Scene, ViewLayer | Synchronizing object | Coupe_C_lower_backrest
Fra:1 Mem:475.53M (Peak 475.53M) | Time:00:00.87 | Mem:0.00M, Peak:0.00M | Scene, ViewLayer | Synchronizing object | Primary 33.5mm helical spring group mark.098
Fra:1 Mem:475.57M (Peak 475.57M) | Time:00:00.87 | Mem:0.00M, Peak:0.00M | Scene, ViewLayer | Synchronizing object | Primary 33.5mm helical spring group mark.099
Fra:1 Mem:475.57M (Peak 475.57M) | Time:00:00.87 | Mem:0.00M, Peak:0.00M | Scene, ViewLayer | Synchronizing object | Primary 33.5mm helical spring group mark.100
Fra:1 Mem:475.57M (Peak 475.57M) | Time:00:00.87 | Mem:0.00M, Peak:0.00M | Scene, ViewLayer | Synchronizing object | Primary 33.5mm helical spring group mark.101
Fra:1 Mem:475.55M (Peak 475.57M) | Time:00:00.87 | Mem:0.00M, Peak:0.00M | Scene, ViewLayer | Synchronizing object | Primary 33.5mm helical spring group mark.102
Fra:1 Mem:475.58M (Peak 475.58M) | Time:00:00.87 | Mem:0.00M, Peak:0.00M | Scene, ViewLayer | Synchronizing object | Primary 33.5mm helical spring group mark.103
Fra:1 Mem:475.55M (Peak 475.58M) | Time:00:00.87 | Mem:0.00M, Peak:0.00M | Scene, ViewLayer | Synchronizing object | Primary 33.5mm helical spring group mark.104
Fra:1 Mem:475.54M (Peak 475.58M) | Time:00:00.87 | Mem:0.00M, Peak:0.00M | Scene, ViewLayer | Synchronizing object | Coupe_C_lower_berth_subtle_cover_stitch.001
Fra:1 Mem:475.54M (Peak 475.58M) | Time:00:00.87 | Mem:0.00M, Peak:0.00M | Scene, ViewLayer | Synchronizing object | Primary 33.5mm helical spring group mark.105
Fra:1 Mem:475.56M (Peak 475.58M) | Time:00:00.87 | Mem:0.00M, Peak:0.00M | Scene, ViewLayer | Synchronizing object | Primary 33.5mm helical spring group mark.106
Fra:1 Mem:475.56M (Peak 475.58M) | Time:00:00.87 | Mem:0.00M, Peak:0.00M | Scene, ViewLayer | Synchronizing object | Coupe_C_lower_berth_subtle_cover_stitch
Fra:1 Mem:475.56M (Peak 475.58M) | Time:00:00.87 | Mem:0.00M, Peak:0.00M | Scene, ViewLayer | Synchronizing object | Primary 33.5mm helical spring group mark.107
Fra:1 Mem:475.58M (Peak 475.58M) | Time:00:00.87 | Mem:0.00M, Peak:0.00M | Scene, ViewLayer | Synchronizing object | Primary 33.5mm helical spring group mark.108
Fra:1 Mem:475.59M (Peak 475.59M) | Time:00:00.87 | Mem:0.00M, Peak:0.00M | Scene, ViewLayer | Synchronizing object | Coupe_C_lower_berth_stitched_edge_welt
Fra:1 Mem:475.59M (Peak 475.59M) | Time:00:00.87 | Mem:0.00M, Peak:0.00M | Scene, ViewLayer | Synchronizing object | Primary 33.5mm helical spring group mark.109
Fra:1 Mem:475.61M (Peak 475.61M) | Time:00:00.87 | Mem:0.00M, Peak:0.00M | Scene, ViewLayer | Synchronizing object | Primary 33.5mm helical spring group mark.110
Fra:1 Mem:475.62M (Peak 475.62M) | Time:00:00.87 | Mem:0.00M, Peak:0.00M | Scene, ViewLayer | Synchronizing object | Coupe_C_lower_berth
Fra:1 Mem:475.63M (Peak 475.63M) | Time:00:00.87 | Mem:0.00M, Peak:0.00M | Scene, ViewLayer | Synchronizing object | Dashpot oil filling vent screw hex head.007
Fra:1 Mem:475.65M (Peak 475.65M) | Time:00:00.87 | Mem:0.00M, Peak:0.00M | Scene, ViewLayer | Synchronizing object | Dashpot safety U bolt.007
Fra:1 Mem:475.66M (Peak 475.66M) | Time:00:00.87 | Mem:0.00M, Peak:0.00M | Scene, ViewLayer | Synchronizing object | Axlebox wing strengthening rib.006
Fra:1 Mem:475.66M (Peak 475.66M) | Time:00:00.87 | Mem:0.00M, Peak:0.00M | Scene, ViewLayer | Synchronizing object | Axlebox wing strengthening rib.007
Fra:1 Mem:475.66M (Peak 475.66M) | Time:00:00.87 | Mem:0.00M, Peak:0.00M | Scene, ViewLayer | Synchronizing object | Coupe_C_nameplate
Fra:1 Mem:475.66M (Peak 475.66M) | Time:00:00.87 | Mem:0.00M, Peak:0.00M | Scene, ViewLayer | Synchronizing object | Brake transverse channel beam
Fra:1 Mem:475.71M (Peak 475.71M) | Time:00:00.87 | Mem:0.00M, Peak:0.00M | Scene, ViewLayer | Synchronizing object | Brake beam tension truss
Fra:1 Mem:475.77M (Peak 475.77M) | Time:00:00.87 | Mem:0.00M, Peak:0.00M | Scene, ViewLayer | Synchronizing object | Brake beam tension truss.001
Fra:1 Mem:475.77M (Peak 475.77M) | Time:00:00.87 | Mem:0.00M, Peak:0.00M | Scene, ViewLayer | Synchronizing object | Curved K-type composition tread brake block
Fra:1 Mem:475.80M (Peak 475.80M) | Time:00:00.87 | Mem:0.00M, Peak:0.00M | Scene, ViewLayer | Synchronizing object | Brake head cast backplate
Fra:1 Mem:475.82M (Peak 475.82M) | Time:00:00.87 | Mem:0.00M, Peak:0.00M | Scene, ViewLayer | Synchronizing object | Brake head shoe retaining pin pin
Fra:1 Mem:475.82M (Peak 475.82M) | Time:00:00.87 | Mem:0.00M, Peak:0.00M | Scene, ViewLayer | Synchronizing object | Brake head shoe retaining pin retaining washer
Fra:1 Mem:475.83M (Peak 475.83M) | Time:00:00.87 | Mem:0.00M, Peak:0.00M | Scene, ViewLayer | Synchronizing object | Brake head shoe retaining pin retaining hex head
Fra:1 Mem:475.83M (Peak 475.83M) | Time:00:00.87 | Mem:0.00M, Peak:0.00M | Scene, ViewLayer | Synchronizing object | Brake head shoe retaining pin retaining washer.001
Fra:1 Mem:475.83M (Peak 475.83M) | Time:00:00.87 | Mem:0.00M, Peak:0.00M | Scene, ViewLayer | Synchronizing object | Brake head shoe retaining pin retaining hex head.001
Fra:1 Mem:475.85M (Peak 475.85M) | Time:00:00.87 | Mem:0.00M, Peak:0.00M | Scene, ViewLayer | Synchronizing object | Brake block suspension hanger strap
Fra:1 Mem:475.85M (Peak 475.85M) | Time:00:00.87 | Mem:0.00M, Peak:0.00M | Scene, ViewLayer | Synchronizing object | Brake block suspension hanger eye
Fra:1 Mem:475.86M (Peak 475.86M) | Time:00:00.87 | Mem:0.00M, Peak:0.00M | Scene, ViewLayer | Synchronizing object | Brake block suspension hanger eye.001
Fra:1 Mem:475.88M (Peak 475.88M) | Time:00:00.87 | Mem:0.00M, Peak:0.00M | Scene, ViewLayer | Synchronizing object | Coupe_C_door_pull
Fra:1 Mem:475.87M (Peak 475.88M) | Time:00:00.87 | Mem:0.00M, Peak:0.00M | Scene, ViewLayer | Synchronizing object | Brake hanger upper pivot pin
Fra:1 Mem:475.89M (Peak 475.89M) | Time:00:00.87 | Mem:0.00M, Peak:0.00M | Scene, ViewLayer | Synchronizing object | Coupe_C_sliding_door_parked
Fra:1 Mem:475.88M (Peak 475.89M) | Time:00:00.87 | Mem:0.00M, Peak:0.00M | Scene, ViewLayer | Synchronizing object | Brake hanger upper pivot retaining washer
Fra:1 Mem:475.89M (Peak 475.89M) | Time:00:00.87 | Mem:0.00M, Peak:0.00M | Scene, ViewLayer | Synchronizing object | Coupe_C_door_header
Fra:1 Mem:475.89M (Peak 475.89M) | Time:00:00.87 | Mem:0.00M, Peak:0.00M | Scene, ViewLayer | Synchronizing object | Brake hanger upper pivot retaining hex head
Fra:1 Mem:475.89M (Peak 475.89M) | Time:00:00.87 | Mem:0.00M, Peak:0.00M | Scene, ViewLayer | Synchronizing object | Coupe_C_corridor_wall.001
Fra:1 Mem:475.89M (Peak 475.89M) | Time:00:00.87 | Mem:0.00M, Peak:0.00M | Scene, ViewLayer | Synchronizing object | Brake hanger upper pivot retaining washer.001
Fra:1 Mem:475.89M (Peak 475.89M) | Time:00:00.87 | Mem:0.00M, Peak:0.00M | Scene, ViewLayer | Synchronizing object | Coupe_C_corridor_wall
Fra:1 Mem:475.90M (Peak 475.90M) | Time:00:00.87 | Mem:0.00M, Peak:0.00M | Scene, ViewLayer | Synchronizing object | Brake hanger upper pivot retaining hex head.001
Fra:1 Mem:475.90M (Peak 475.90M) | Time:00:00.87 | Mem:0.00M, Peak:0.00M | Scene, ViewLayer | Synchronizing object | Coupe_C_end_partition
Fra:1 Mem:475.90M (Peak 475.90M) | Time:00:00.87 | Mem:0.00M, Peak:0.00M | Scene, ViewLayer | Synchronizing object | Brake beam safety wire rope
Fra:1 Mem:475.90M (Peak 475.90M) | Time:00:00.87 | Mem:0.00M, Peak:0.00M | Scene, ViewLayer | Synchronizing object | Fan grille locking clip.007
Fra:1 Mem:475.91M (Peak 475.91M) | Time:00:00.87 | Mem:0.00M, Peak:0.00M | Scene, ViewLayer | Synchronizing object | Curved K-type composition tread brake block.001
Fra:1 Mem:475.92M (Peak 475.92M) | Time:00:00.87 | Mem:0.00M, Peak:0.00M | Scene, ViewLayer | Synchronizing object | Fan grille locking clip.006
Fra:1 Mem:475.93M (Peak 475.93M) | Time:00:00.87 | Mem:0.00M, Peak:0.00M | Scene, ViewLayer | Synchronizing object | Brake head cast backplate.001
Fra:1 Mem:475.93M (Peak 475.93M) | Time:00:00.87 | Mem:0.00M, Peak:0.00M | Scene, ViewLayer | Synchronizing object | Fan grille locking clip.005
Fra:1 Mem:475.95M (Peak 475.95M) | Time:00:00.87 | Mem:0.00M, Peak:0.00M | Scene, ViewLayer | Synchronizing object | Brake head shoe retaining pin pin.001
Fra:1 Mem:475.95M (Peak 475.95M) | Time:00:00.87 | Mem:0.00M, Peak:0.00M | Scene, ViewLayer | Synchronizing object | Fan grille locking clip.004
Fra:1 Mem:475.96M (Peak 475.96M) | Time:00:00.87 | Mem:0.00M, Peak:0.00M | Scene, ViewLayer | Synchronizing object | Brake head shoe retaining pin retaining washer.002
Fra:1 Mem:475.97M (Peak 475.97M) | Time:00:00.87 | Mem:0.00M, Peak:0.00M | Scene, ViewLayer | Synchronizing object | Fan centre decorative cap.001
Fra:1 Mem:475.97M (Peak 475.97M) | Time:00:00.87 | Mem:0.00M, Peak:0.00M | Scene, ViewLayer | Synchronizing object | Brake head shoe retaining pin retaining hex head.002
Fra:1 Mem:475.98M (Peak 475.98M) | Time:00:00.87 | Mem:0.00M, Peak:0.00M | Scene, ViewLayer | Synchronizing object | Fan swept three blade rotor.005
Fra:1 Mem:475.98M (Peak 475.98M) | Time:00:00.87 | Mem:0.00M, Peak:0.00M | Scene, ViewLayer | Synchronizing object | Brake head shoe retaining pin retaining washer.003
Fra:1 Mem:475.98M (Peak 475.98M) | Time:00:00.87 | Mem:0.00M, Peak:0.00M | Scene, ViewLayer | Synchronizing object | Fan swept three blade rotor.004
Fra:1 Mem:475.99M (Peak 475.99M) | Time:00:00.87 | Mem:0.00M, Peak:0.00M | Scene, ViewLayer | Synchronizing object | Brake head shoe retaining pin retaining hex head.003
Fra:1 Mem:475.99M (Peak 475.99M) | Time:00:00.87 | Mem:0.00M, Peak:0.00M | Scene, ViewLayer | Synchronizing object | Fan swept three blade rotor.003
Fra:1 Mem:475.99M (Peak 475.99M) | Time:00:00.87 | Mem:0.00M, Peak:0.00M | Scene, ViewLayer | Synchronizing object | Brake block suspension hanger strap.001
Fra:1 Mem:475.99M (Peak 475.99M) | Time:00:00.87 | Mem:0.00M, Peak:0.00M | Scene, ViewLayer | Synchronizing object | Fan radial cage wire.047
Fra:1 Mem:475.99M (Peak 475.99M) | Time:00:00.87 | Mem:0.00M, Peak:0.00M | Scene, ViewLayer | Synchronizing object | Brake block suspension hanger eye.002
Fra:1 Mem:476.00M (Peak 476.00M) | Time:00:00.87 | Mem:0.00M, Peak:0.00M | Scene, ViewLayer | Synchronizing object | Fan radial cage wire.046
Fra:1 Mem:476.00M (Peak 476.00M) | Time:00:00.87 | Mem:0.00M, Peak:0.00M | Scene, ViewLayer | Synchronizing object | Brake block suspension hanger eye.003
Fra:1 Mem:476.01M (Peak 476.01M) | Time:00:00.87 | Mem:0.00M, Peak:0.00M | Scene, ViewLayer | Synchronizing object | Fan radial cage wire.045
Fra:1 Mem:476.03M (Peak 476.03M) | Time:00:00.87 | Mem:0.00M, Peak:0.00M | Scene, ViewLayer | Synchronizing object | Brake hanger upper pivot pin.001
Fra:1 Mem:476.02M (Peak 476.03M) | Time:00:00.87 | Mem:0.00M, Peak:0.00M | Scene, ViewLayer | Synchronizing object | Fan radial cage wire.044
Fra:1 Mem:476.02M (Peak 476.03M) | Time:00:00.87 | Mem:0.00M, Peak:0.00M | Scene, ViewLayer | Synchronizing object | Brake hanger upper pivot retaining washer.002
Fra:1 Mem:476.03M (Peak 476.03M) | Time:00:00.87 | Mem:0.00M, Peak:0.00M | Scene, ViewLayer | Synchronizing object | Fan radial cage wire.043
Fra:1 Mem:476.03M (Peak 476.03M) | Time:00:00.87 | Mem:0.00M, Peak:0.00M | Scene, ViewLayer | Synchronizing object | Brake hanger upper pivot retaining hex head.002
Fra:1 Mem:476.04M (Peak 476.04M) | Time:00:00.87 | Mem:0.00M, Peak:0.00M | Scene, ViewLayer | Synchronizing object | Fan radial cage wire.042
Fra:1 Mem:476.04M (Peak 476.04M) | Time:00:00.87 | Mem:0.00M, Peak:0.00M | Scene, ViewLayer | Synchronizing object | Brake hanger upper pivot retaining washer.003
Fra:1 Mem:476.05M (Peak 476.05M) | Time:00:00.87 | Mem:0.00M, Peak:0.00M | Scene, ViewLayer | Synchronizing object | Fan radial cage wire.041
Fra:1 Mem:476.05M (Peak 476.05M) | Time:00:00.87 | Mem:0.00M, Peak:0.00M | Scene, ViewLayer | Synchronizing object | Brake hanger upper pivot retaining hex head.003
Fra:1 Mem:476.06M (Peak 476.06M) | Time:00:00.87 | Mem:0.00M, Peak:0.00M | Scene, ViewLayer | Synchronizing object | Brake beam safety wire rope.001
Fra:1 Mem:476.06M (Peak 476.06M) | Time:00:00.87 | Mem:0.00M, Peak:0.00M | Scene, ViewLayer | Synchronizing object | Fan radial cage wire.040
Fra:1 Mem:476.07M (Peak 476.07M) | Time:00:00.87 | Mem:0.00M, Peak:0.00M | Scene, ViewLayer | Synchronizing object | Brake transverse channel beam.001
Fra:1 Mem:476.07M (Peak 476.07M) | Time:00:00.87 | Mem:0.00M, Peak:0.00M | Scene, ViewLayer | Synchronizing object | Fan radial cage wire.039
Fra:1 Mem:476.08M (Peak 476.08M) | Time:00:00.87 | Mem:0.00M, Peak:0.00M | Scene, ViewLayer | Synchronizing object | Brake beam tension truss.002
Fra:1 Mem:476.08M (Peak 476.08M) | Time:00:00.87 | Mem:0.00M, Peak:0.00M | Scene, ViewLayer | Synchronizing object | Fan radial cage wire.038
Fra:1 Mem:476.09M (Peak 476.09M) | Time:00:00.87 | Mem:0.00M, Peak:0.00M | Scene, ViewLayer | Synchronizing object | Brake beam tension truss.003
Fra:1 Mem:476.11M (Peak 476.11M) | Time:00:00.87 | Mem:0.00M, Peak:0.00M | Scene, ViewLayer | Synchronizing object | Fan radial cage wire.037
Fra:1 Mem:476.10M (Peak 476.11M) | Time:00:00.87 | Mem:0.00M, Peak:0.00M | Scene, ViewLayer | Synchronizing object | Curved K-type composition tread brake block.002
Fra:1 Mem:476.11M (Peak 476.11M) | Time:00:00.87 | Mem:0.00M, Peak:0.00M | Scene, ViewLayer | Synchronizing object | Fan radial cage wire.036
Fra:1 Mem:476.11M (Peak 476.11M) | Time:00:00.87 | Mem:0.00M, Peak:0.00M | Scene, ViewLayer | Synchronizing object | Brake head cast backplate.002
Fra:1 Mem:476.12M (Peak 476.12M) | Time:00:00.87 | Mem:0.00M, Peak:0.00M | Scene, ViewLayer | Synchronizing object | Fan radial cage wire.035
Fra:1 Mem:476.13M (Peak 476.13M) | Time:00:00.87 | Mem:0.00M, Peak:0.00M | Scene, ViewLayer | Synchronizing object | Brake head shoe retaining pin pin.002
Fra:1 Mem:476.13M (Peak 476.13M) | Time:00:00.87 | Mem:0.00M, Peak:0.00M | Scene, ViewLayer | Synchronizing object | Fan radial cage wire.034
Fra:1 Mem:476.13M (Peak 476.13M) | Time:00:00.87 | Mem:0.00M, Peak:0.00M | Scene, ViewLayer | Synchronizing object | Brake head shoe retaining pin retaining washer.004
Fra:1 Mem:476.14M (Peak 476.14M) | Time:00:00.87 | Mem:0.00M, Peak:0.00M | Scene, ViewLayer | Synchronizing object | Fan radial cage wire.033
Fra:1 Mem:476.14M (Peak 476.14M) | Time:00:00.87 | Mem:0.00M, Peak:0.00M | Scene, ViewLayer | Synchronizing object | Brake head shoe retaining pin retaining hex head.004
Fra:1 Mem:476.15M (Peak 476.15M) | Time:00:00.87 | Mem:0.00M, Peak:0.00M | Scene, ViewLayer | Synchronizing object | Fan radial cage wire.032
Fra:1 Mem:476.15M (Peak 476.15M) | Time:00:00.87 | Mem:0.00M, Peak:0.00M | Scene, ViewLayer | Synchronizing object | Brake head shoe retaining pin retaining washer.005
Fra:1 Mem:476.16M (Peak 476.16M) | Time:00:00.87 | Mem:0.00M, Peak:0.00M | Scene, ViewLayer | Synchronizing object | Fan radial cage wire.031
Fra:1 Mem:476.16M (Peak 476.16M) | Time:00:00.87 | Mem:0.00M, Peak:0.00M | Scene, ViewLayer | Synchronizing object | Brake head shoe retaining pin retaining hex head.005
Fra:1 Mem:476.17M (Peak 476.17M) | Time:00:00.87 | Mem:0.00M, Peak:0.00M | Scene, ViewLayer | Synchronizing object | Fan radial cage wire.030
Fra:1 Mem:476.17M (Peak 476.17M) | Time:00:00.87 | Mem:0.00M, Peak:0.00M | Scene, ViewLayer | Synchronizing object | Brake block suspension hanger strap.002
Fra:1 Mem:476.17M (Peak 476.17M) | Time:00:00.87 | Mem:0.00M, Peak:0.00M | Scene, ViewLayer | Synchronizing object | Brake block suspension hanger eye.004
Fra:1 Mem:476.18M (Peak 476.18M) | Time:00:00.87 | Mem:0.00M, Peak:0.00M | Scene, ViewLayer | Synchronizing object | Fan radial cage wire.029
Fra:1 Mem:476.18M (Peak 476.18M) | Time:00:00.87 | Mem:0.00M, Peak:0.00M | Scene, ViewLayer | Synchronizing object | Brake block suspension hanger eye.005
Fra:1 Mem:476.19M (Peak 476.19M) | Time:00:00.87 | Mem:0.00M, Peak:0.00M | Scene, ViewLayer | Synchronizing object | Fan radial cage wire.028
Fra:1 Mem:476.19M (Peak 476.19M) | Time:00:00.87 | Mem:0.00M, Peak:0.00M | Scene, ViewLayer | Synchronizing object | Brake hanger upper pivot pin.002
Fra:1 Mem:476.20M (Peak 476.20M) | Time:00:00.87 | Mem:0.00M, Peak:0.00M | Scene, ViewLayer | Synchronizing object | Fan radial cage wire.027
Fra:1 Mem:476.20M (Peak 476.20M) | Time:00:00.87 | Mem:0.00M, Peak:0.00M | Scene, ViewLayer | Synchronizing object | Brake hanger upper pivot retaining washer.004
Fra:1 Mem:476.21M (Peak 476.21M) | Time:00:00.87 | Mem:0.00M, Peak:0.00M | Scene, ViewLayer | Synchronizing object | Fan radial cage wire.026
Fra:1 Mem:476.21M (Peak 476.21M) | Time:00:00.87 | Mem:0.00M, Peak:0.00M | Scene, ViewLayer | Synchronizing object | Brake hanger upper pivot retaining hex head.004
Fra:1 Mem:476.22M (Peak 476.22M) | Time:00:00.87 | Mem:0.00M, Peak:0.00M | Scene, ViewLayer | Synchronizing object | Brake hanger upper pivot retaining washer.005
Fra:1 Mem:476.23M (Peak 476.23M) | Time:00:00.87 | Mem:0.00M, Peak:0.00M | Scene, ViewLayer | Synchronizing object | Fan radial cage wire.025
Fra:1 Mem:476.23M (Peak 476.23M) | Time:00:00.87 | Mem:0.00M, Peak:0.00M | Scene, ViewLayer | Synchronizing object | Brake hanger upper pivot retaining hex head.005
Fra:1 Mem:476.23M (Peak 476.23M) | Time:00:00.87 | Mem:0.00M, Peak:0.00M | Scene, ViewLayer | Synchronizing object | Fan radial cage wire.024
Fra:1 Mem:476.23M (Peak 476.23M) | Time:00:00.87 | Mem:0.00M, Peak:0.00M | Scene, ViewLayer | Synchronizing object | Brake beam safety wire rope.002
Fra:1 Mem:476.24M (Peak 476.24M) | Time:00:00.87 | Mem:0.00M, Peak:0.00M | Scene, ViewLayer | Synchronizing object | Fan concentric safety grille.011
Fra:1 Mem:476.25M (Peak 476.25M) | Time:00:00.87 | Mem:0.00M, Peak:0.00M | Scene, ViewLayer | Synchronizing object | Curved K-type composition tread brake block.003
Fra:1 Mem:476.29M (Peak 476.29M) | Time:00:00.87 | Mem:0.00M, Peak:0.00M | Scene, ViewLayer | Synchronizing object | Brake head cast backplate.003
Fra:1 Mem:476.30M (Peak 476.30M) | Time:00:00.87 | Mem:0.00M, Peak:0.00M | Scene, ViewLayer | Synchronizing object | Brake head shoe retaining pin pin.003
Fra:1 Mem:476.31M (Peak 476.31M) | Time:00:00.87 | Mem:0.00M, Peak:0.00M | Scene, ViewLayer | Synchronizing object | Brake head shoe retaining pin retaining washer.006
Fra:1 Mem:476.32M (Peak 476.32M) | Time:00:00.87 | Mem:0.00M, Peak:0.00M | Scene, ViewLayer | Synchronizing object | Brake head shoe retaining pin retaining hex head.006
Fra:1 Mem:476.33M (Peak 476.33M) | Time:00:00.87 | Mem:0.00M, Peak:0.00M | Scene, ViewLayer | Synchronizing object | Fan concentric safety grille.010
Fra:1 Mem:476.33M (Peak 476.33M) | Time:00:00.87 | Mem:0.00M, Peak:0.00M | Scene, ViewLayer | Synchronizing object | Brake head shoe retaining pin retaining washer.007
Fra:1 Mem:476.37M (Peak 476.37M) | Time:00:00.87 | Mem:0.00M, Peak:0.00M | Scene, ViewLayer | Synchronizing object | Brake head shoe retaining pin retaining hex head.007
Fra:1 Mem:476.38M (Peak 476.38M) | Time:00:00.87 | Mem:0.00M, Peak:0.00M | Scene, ViewLayer | Synchronizing object | Brake block suspension hanger strap.003
Fra:1 Mem:476.38M (Peak 476.38M) | Time:00:00.87 | Mem:0.00M, Peak:0.00M | Scene, ViewLayer | Synchronizing object | Brake block suspension hanger eye.006
Fra:1 Mem:476.40M (Peak 476.40M) | Time:00:00.87 | Mem:0.00M, Peak:0.00M | Scene, ViewLayer | Synchronizing object | Brake block suspension hanger eye.007
Fra:1 Mem:476.40M (Peak 476.40M) | Time:00:00.87 | Mem:0.00M, Peak:0.00M | Scene, ViewLayer | Synchronizing object | Fan concentric safety grille.009
Fra:1 Mem:476.44M (Peak 476.44M) | Time:00:00.87 | Mem:0.00M, Peak:0.00M | Scene, ViewLayer | Synchronizing object | Brake hanger upper pivot pin.003
Fra:1 Mem:476.45M (Peak 476.45M) | Time:00:00.87 | Mem:0.00M, Peak:0.00M | Scene, ViewLayer | Synchronizing object | Brake hanger upper pivot retaining washer.006
Fra:1 Mem:476.46M (Peak 476.46M) | Time:00:00.87 | Mem:0.00M, Peak:0.00M | Scene, ViewLayer | Synchronizing object | Brake hanger upper pivot retaining hex head.006
Fra:1 Mem:476.46M (Peak 476.46M) | Time:00:00.87 | Mem:0.00M, Peak:0.00M | Scene, ViewLayer | Synchronizing object | Brake hanger upper pivot retaining washer.007
Fra:1 Mem:476.48M (Peak 476.48M) | Time:00:00.87 | Mem:0.00M, Peak:0.00M | Scene, ViewLayer | Synchronizing object | Brake hanger upper pivot retaining hex head.007
Fra:1 Mem:476.48M (Peak 476.48M) | Time:00:00.87 | Mem:0.00M, Peak:0.00M | Scene, ViewLayer | Synchronizing object | Fan concentric safety grille.008
Fra:1 Mem:476.49M (Peak 476.49M) | Time:00:00.87 | Mem:0.00M, Peak:0.00M | Scene, ViewLayer | Synchronizing object | Brake beam safety wire rope.003
Fra:1 Mem:476.52M (Peak 476.52M) | Time:00:00.87 | Mem:0.00M, Peak:0.00M | Scene, ViewLayer | Synchronizing object | Brake transverse channel beam.002
Fra:1 Mem:476.54M (Peak 476.54M) | Time:00:00.87 | Mem:0.00M, Peak:0.00M | Scene, ViewLayer | Synchronizing object | Brake beam tension truss.004
Fra:1 Mem:476.54M (Peak 476.54M) | Time:00:00.87 | Mem:0.00M, Peak:0.00M | Scene, ViewLayer | Synchronizing object | Brake beam tension truss.005
Fra:1 Mem:476.56M (Peak 476.56M) | Time:00:00.87 | Mem:0.00M, Peak:0.00M | Scene, ViewLayer | Synchronizing object | Curved K-type composition tread brake block.004
Fra:1 Mem:476.56M (Peak 476.56M) | Time:00:00.87 | Mem:0.00M, Peak:0.00M | Scene, ViewLayer | Synchronizing object | Fan concentric safety grille.007
Fra:1 Mem:476.60M (Peak 476.60M) | Time:00:00.87 | Mem:0.00M, Peak:0.00M | Scene, ViewLayer | Synchronizing object | Brake head cast backplate.004
Fra:1 Mem:476.62M (Peak 476.62M) | Time:00:00.87 | Mem:0.00M, Peak:0.00M | Scene, ViewLayer | Synchronizing object | Brake head shoe retaining pin pin.004
Fra:1 Mem:476.63M (Peak 476.63M) | Time:00:00.87 | Mem:0.00M, Peak:0.00M | Scene, ViewLayer | Synchronizing object | Brake head shoe retaining pin retaining washer.008
Fra:1 Mem:476.64M (Peak 476.64M) | Time:00:00.87 | Mem:0.00M, Peak:0.00M | Scene, ViewLayer | Synchronizing object | Brake head shoe retaining pin retaining hex head.008
Fra:1 Mem:476.64M (Peak 476.64M) | Time:00:00.87 | Mem:0.00M, Peak:0.00M | Scene, ViewLayer | Synchronizing object | Fan concentric safety grille.006
Fra:1 Mem:476.64M (Peak 476.64M) | Time:00:00.87 | Mem:0.00M, Peak:0.00M | Scene, ViewLayer | Synchronizing object | Brake head shoe retaining pin retaining washer.009
Fra:1 Mem:476.69M (Peak 476.69M) | Time:00:00.87 | Mem:0.00M, Peak:0.00M | Scene, ViewLayer | Synchronizing object | Brake head shoe retaining pin retaining hex head.009
Fra:1 Mem:476.70M (Peak 476.70M) | Time:00:00.87 | Mem:0.00M, Peak:0.00M | Scene, ViewLayer | Synchronizing object | Brake block suspension hanger strap.004
Fra:1 Mem:476.70M (Peak 476.70M) | Time:00:00.87 | Mem:0.00M, Peak:0.00M | Scene, ViewLayer | Synchronizing object | Brake block suspension hanger eye.008
Fra:1 Mem:476.71M (Peak 476.71M) | Time:00:00.87 | Mem:0.00M, Peak:0.00M | Scene, ViewLayer | Synchronizing object | Brake block suspension hanger eye.009
Fra:1 Mem:476.72M (Peak 476.72M) | Time:00:00.87 | Mem:0.00M, Peak:0.00M | Scene, ViewLayer | Synchronizing object | Brake hanger upper pivot pin.004
Fra:1 Mem:476.73M (Peak 476.73M) | Time:00:00.87 | Mem:0.00M, Peak:0.00M | Scene, ViewLayer | Synchronizing object | Fan round motor housing.001
Fra:1 Mem:476.73M (Peak 476.73M) | Time:00:00.87 | Mem:0.00M, Peak:0.00M | Scene, ViewLayer | Synchronizing object | Brake hanger upper pivot retaining washer.008
Fra:1 Mem:476.74M (Peak 476.74M) | Time:00:00.87 | Mem:0.00M, Peak:0.00M | Scene, ViewLayer | Synchronizing object | Brake hanger upper pivot retaining hex head.008
Fra:1 Mem:476.74M (Peak 476.74M) | Time:00:00.87 | Mem:0.00M, Peak:0.00M | Scene, ViewLayer | Synchronizing object | Fan pressed ceiling flange.001
Fra:1 Mem:476.75M (Peak 476.75M) | Time:00:00.87 | Mem:0.00M, Peak:0.00M | Scene, ViewLayer | Synchronizing object | Brake hanger upper pivot retaining washer.009
Fra:1 Mem:476.76M (Peak 476.76M) | Time:00:00.87 | Mem:0.00M, Peak:0.00M | Scene, ViewLayer | Synchronizing object | Fan ceiling stem.001
Fra:1 Mem:476.77M (Peak 476.77M) | Time:00:00.87 | Mem:0.00M, Peak:0.00M | Scene, ViewLayer | Synchronizing object | Brake hanger upper pivot retaining hex head.009
Fra:1 Mem:476.77M (Peak 476.77M) | Time:00:00.87 | Mem:0.00M, Peak:0.00M | Scene, ViewLayer | Synchronizing object | Cabin_B_underberth_luggage_retainer.003
Fra:1 Mem:476.77M (Peak 476.77M) | Time:00:00.87 | Mem:0.00M, Peak:0.00M | Scene, ViewLayer | Synchronizing object | Brake beam safety wire rope.004
Fra:1 Mem:476.77M (Peak 476.77M) | Time:00:00.87 | Mem:0.00M, Peak:0.00M | Scene, ViewLayer | Synchronizing object | Curved K-type composition tread brake block.005
Fra:1 Mem:476.77M (Peak 476.77M) | Time:00:00.87 | Mem:0.00M, Peak:0.00M | Scene, ViewLayer | Synchronizing object | Cabin_B_underberth_luggage_retainer.002
Fra:1 Mem:476.78M (Peak 476.78M) | Time:00:00.87 | Mem:0.00M, Peak:0.00M | Scene, ViewLayer | Synchronizing object | Cabin_B_underberth_luggage_retainer.001
Fra:1 Mem:476.80M (Peak 476.80M) | Time:00:00.87 | Mem:0.00M, Peak:0.00M | Scene, ViewLayer | Synchronizing object | Brake head cast backplate.005
Fra:1 Mem:476.79M (Peak 476.80M) | Time:00:00.87 | Mem:0.00M, Peak:0.00M | Scene, ViewLayer | Synchronizing object | Cabin_B_underberth_luggage_retainer
Fra:1 Mem:476.80M (Peak 476.80M) | Time:00:00.87 | Mem:0.00M, Peak:0.00M | Scene, ViewLayer | Synchronizing object | Brake head shoe retaining pin pin.005
Fra:1 Mem:476.80M (Peak 476.80M) | Time:00:00.87 | Mem:0.00M, Peak:0.00M | Scene, ViewLayer | Synchronizing object | Cabin_B_reading_light
Fra:1 Mem:476.81M (Peak 476.81M) | Time:00:00.87 | Mem:0.00M, Peak:0.00M | Scene, ViewLayer | Synchronizing object | Brake head shoe retaining pin retaining washer.010
Fra:1 Mem:476.82M (Peak 476.82M) | Time:00:00.87 | Mem:0.00M, Peak:0.00M | Scene, ViewLayer | Synchronizing object | Cabin_B_door_privacy_latch
Fra:1 Mem:476.82M (Peak 476.82M) | Time:00:00.87 | Mem:0.00M, Peak:0.00M | Scene, ViewLayer | Synchronizing object | Brake head shoe retaining pin retaining hex head.010
Fra:1 Mem:476.82M (Peak 476.82M) | Time:00:00.87 | Mem:0.00M, Peak:0.00M | Scene, ViewLayer | Synchronizing object | Cabin_B_door_lock_plate
Fra:1 Mem:476.83M (Peak 476.83M) | Time:00:00.87 | Mem:0.00M, Peak:0.00M | Scene, ViewLayer | Synchronizing object | Brake head shoe retaining pin retaining washer.011
Fra:1 Mem:476.84M (Peak 476.84M) | Time:00:00.87 | Mem:0.00M, Peak:0.00M | Scene, ViewLayer | Synchronizing object | Cabin_B_sliding_door_guide_rail
Fra:1 Mem:476.84M (Peak 476.84M) | Time:00:00.87 | Mem:0.00M, Peak:0.00M | Scene, ViewLayer | Synchronizing object | Brake head shoe retaining pin retaining hex head.011
Fra:1 Mem:476.85M (Peak 476.85M) | Time:00:00.87 | Mem:0.00M, Peak:0.00M | Scene, ViewLayer | Synchronizing object | Cabin_B_voltage_label
Fra:1 Mem:476.87M (Peak 476.87M) | Time:00:00.87 | Mem:0.00M, Peak:0.00M | Scene, ViewLayer | Synchronizing object | Brake block suspension hanger eye.010
Fra:1 Mem:476.91M (Peak 476.91M) | Time:00:00.87 | Mem:0.00M, Peak:0.00M | Scene, ViewLayer | Synchronizing object | Brake block suspension hanger eye.011
Fra:1 Mem:476.94M (Peak 476.94M) | Time:00:00.87 | Mem:0.00M, Peak:0.00M | Scene, ViewLayer | Synchronizing object | Brake hanger upper pivot pin.005
Fra:1 Mem:476.96M (Peak 476.96M) | Time:00:00.87 | Mem:0.00M, Peak:0.00M | Scene, ViewLayer | Synchronizing object | Brake hanger upper pivot retaining washer.010
Fra:1 Mem:476.97M (Peak 476.97M) | Time:00:00.87 | Mem:0.00M, Peak:0.00M | Scene, ViewLayer | Synchronizing object | Brake hanger upper pivot retaining hex head.010
Fra:1 Mem:476.97M (Peak 476.97M) | Time:00:00.87 | Mem:0.00M, Peak:0.00M | Scene, ViewLayer | Synchronizing object | Brake hanger upper pivot retaining washer.011
Fra:1 Mem:476.98M (Peak 476.98M) | Time:00:00.87 | Mem:0.00M, Peak:0.00M | Scene, ViewLayer | Synchronizing object | Brake hanger upper pivot retaining hex head.011
Fra:1 Mem:476.98M (Peak 476.98M) | Time:00:00.87 | Mem:0.00M, Peak:0.00M | Scene, ViewLayer | Synchronizing object | Brake beam safety wire rope.005
Fra:1 Mem:476.99M (Peak 476.99M) | Time:00:00.87 | Mem:0.00M, Peak:0.00M | Scene, ViewLayer | Synchronizing object | Brake transverse channel beam.003
Fra:1 Mem:477.00M (Peak 477.00M) | Time:00:00.87 | Mem:0.00M, Peak:0.00M | Scene, ViewLayer | Synchronizing object | Brake beam tension truss.006
Fra:1 Mem:477.01M (Peak 477.01M) | Time:00:00.87 | Mem:0.00M, Peak:0.00M | Scene, ViewLayer | Synchronizing object | Brake beam tension truss.007
Fra:1 Mem:477.03M (Peak 477.03M) | Time:00:00.87 | Mem:0.00M, Peak:0.00M | Scene, ViewLayer | Synchronizing object | Curved K-type composition tread brake block.006
Fra:1 Mem:477.02M (Peak 477.03M) | Time:00:00.87 | Mem:0.00M, Peak:0.00M | Scene, ViewLayer | Synchronizing object | Cabin_B_three_pin_socket_recess.002
Fra:1 Mem:477.03M (Peak 477.03M) | Time:00:00.87 | Mem:0.00M, Peak:0.00M | Scene, ViewLayer | Synchronizing object | Brake head cast backplate.006
Fra:1 Mem:477.04M (Peak 477.04M) | Time:00:00.87 | Mem:0.00M, Peak:0.00M | Scene, ViewLayer | Synchronizing object | Cabin_B_three_pin_socket_recess.001
Fra:1 Mem:477.05M (Peak 477.05M) | Time:00:00.87 | Mem:0.00M, Peak:0.00M | Scene, ViewLayer | Synchronizing object | Brake head shoe retaining pin pin.006
Fra:1 Mem:477.05M (Peak 477.05M) | Time:00:00.87 | Mem:0.00M, Peak:0.00M | Scene, ViewLayer | Synchronizing object | Cabin_B_three_pin_socket_recess
Fra:1 Mem:477.05M (Peak 477.05M) | Time:00:00.87 | Mem:0.00M, Peak:0.00M | Scene, ViewLayer | Synchronizing object | Brake head shoe retaining pin retaining washer.012
Fra:1 Mem:477.06M (Peak 477.06M) | Time:00:00.87 | Mem:0.00M, Peak:0.00M | Scene, ViewLayer | Synchronizing object | Cabin_B_socket_faceplate
Fra:1 Mem:477.07M (Peak 477.07M) | Time:00:00.87 | Mem:0.00M, Peak:0.00M | Scene, ViewLayer | Synchronizing object | Brake head shoe retaining pin retaining hex head.012
Fra:1 Mem:477.07M (Peak 477.07M) | Time:00:00.87 | Mem:0.00M, Peak:0.00M | Scene, ViewLayer | Synchronizing object | Brake head shoe retaining pin retaining washer.013
Fra:1 Mem:477.07M (Peak 477.07M) | Time:00:00.87 | Mem:0.00M, Peak:0.00M | Scene, ViewLayer | Synchronizing object | Cabin_B_rocker_switch.004
Fra:1 Mem:477.08M (Peak 477.08M) | Time:00:00.87 | Mem:0.00M, Peak:0.00M | Scene, ViewLayer | Synchronizing object | Brake head shoe retaining pin retaining hex head.013
Fra:1 Mem:477.08M (Peak 477.08M) | Time:00:00.87 | Mem:0.00M, Peak:0.00M | Scene, ViewLayer | Synchronizing object | Cabin_B_individual_switch_plate.004
Fra:1 Mem:477.09M (Peak 477.09M) | Time:00:00.87 | Mem:0.00M, Peak:0.00M | Scene, ViewLayer | Synchronizing object | Brake block suspension hanger strap.006
Fra:1 Mem:477.10M (Peak 477.10M) | Time:00:00.87 | Mem:0.00M, Peak:0.00M | Scene, ViewLayer | Synchronizing object | Brake block suspension hanger eye.012
Fra:1 Mem:477.11M (Peak 477.11M) | Time:00:00.87 | Mem:0.00M, Peak:0.00M | Scene, ViewLayer | Synchronizing object | Cabin_B_rocker_switch.003
Fra:1 Mem:477.11M (Peak 477.11M) | Time:00:00.87 | Mem:0.00M, Peak:0.00M | Scene, ViewLayer | Synchronizing object | Brake block suspension hanger eye.013
Fra:1 Mem:477.11M (Peak 477.11M) | Time:00:00.87 | Mem:0.00M, Peak:0.00M | Scene, ViewLayer | Synchronizing object | Cabin_B_individual_switch_plate.003
Fra:1 Mem:477.12M (Peak 477.12M) | Time:00:00.87 | Mem:0.00M, Peak:0.00M | Scene, ViewLayer | Synchronizing object | Brake hanger upper pivot pin.006
Fra:1 Mem:477.13M (Peak 477.13M) | Time:00:00.87 | Mem:0.00M, Peak:0.00M | Scene, ViewLayer | Synchronizing object | Cabin_B_rocker_switch.002
Fra:1 Mem:477.13M (Peak 477.13M) | Time:00:00.87 | Mem:0.00M, Peak:0.00M | Scene, ViewLayer | Synchronizing object | Brake hanger upper pivot retaining washer.012
Fra:1 Mem:477.14M (Peak 477.14M) | Time:00:00.87 | Mem:0.00M, Peak:0.00M | Scene, ViewLayer | Synchronizing object | Cabin_B_individual_switch_plate.002
Fra:1 Mem:477.14M (Peak 477.14M) | Time:00:00.87 | Mem:0.00M, Peak:0.00M | Scene, ViewLayer | Synchronizing object | Brake hanger upper pivot retaining hex head.012
Fra:1 Mem:477.15M (Peak 477.15M) | Time:00:00.87 | Mem:0.00M, Peak:0.00M | Scene, ViewLayer | Synchronizing object | Brake hanger upper pivot retaining washer.013
Fra:1 Mem:477.15M (Peak 477.15M) | Time:00:00.87 | Mem:0.00M, Peak:0.00M | Scene, ViewLayer | Synchronizing object | Cabin_B_rocker_switch.001
Fra:1 Mem:477.16M (Peak 477.16M) | Time:00:00.87 | Mem:0.00M, Peak:0.00M | Scene, ViewLayer | Synchronizing object | Brake hanger upper pivot retaining hex head.013
Fra:1 Mem:477.17M (Peak 477.17M) | Time:00:00.87 | Mem:0.00M, Peak:0.00M | Scene, ViewLayer | Synchronizing object | Cabin_B_individual_switch_plate.001
Fra:1 Mem:477.17M (Peak 477.17M) | Time:00:00.87 | Mem:0.00M, Peak:0.00M | Scene, ViewLayer | Synchronizing object | Brake beam safety wire rope.006
Fra:1 Mem:477.18M (Peak 477.18M) | Time:00:00.87 | Mem:0.00M, Peak:0.00M | Scene, ViewLayer | Synchronizing object | Curved K-type composition tread brake block.007
Fra:1 Mem:477.19M (Peak 477.19M) | Time:00:00.87 | Mem:0.00M, Peak:0.00M | Scene, ViewLayer | Synchronizing object | Cabin_B_rocker_switch
Fra:1 Mem:477.19M (Peak 477.19M) | Time:00:00.87 | Mem:0.00M, Peak:0.00M | Scene, ViewLayer | Synchronizing object | Brake head cast backplate.007
Fra:1 Mem:477.20M (Peak 477.20M) | Time:00:00.87 | Mem:0.00M, Peak:0.00M | Scene, ViewLayer | Synchronizing object | Cabin_B_individual_switch_plate
Fra:1 Mem:477.21M (Peak 477.21M) | Time:00:00.87 | Mem:0.00M, Peak:0.00M | Scene, ViewLayer | Synchronizing object | Brake head shoe retaining pin pin.007
Fra:1 Mem:477.22M (Peak 477.22M) | Time:00:00.87 | Mem:0.00M, Peak:0.00M | Scene, ViewLayer | Synchronizing object | Cabin_B_vertical_control_column
Fra:1 Mem:477.22M (Peak 477.22M) | Time:00:00.87 | Mem:0.00M, Peak:0.00M | Scene, ViewLayer | Synchronizing object | Brake head shoe retaining pin retaining washer.014
Fra:1 Mem:477.23M (Peak 477.23M) | Time:00:00.87 | Mem:0.00M, Peak:0.00M | Scene, ViewLayer | Synchronizing object | Brake head shoe retaining pin retaining hex head.014
Fra:1 Mem:477.23M (Peak 477.23M) | Time:00:00.87 | Mem:0.00M, Peak:0.00M | Scene, ViewLayer | Synchronizing object | Cabin_B_mirror
Fra:1 Mem:477.24M (Peak 477.24M) | Time:00:00.87 | Mem:0.00M, Peak:0.00M | Scene, ViewLayer | Synchronizing object | Brake head shoe retaining pin retaining washer.015
Fra:1 Mem:477.24M (Peak 477.24M) | Time:00:00.87 | Mem:0.00M, Peak:0.00M | Scene, ViewLayer | Synchronizing object | Cabin_B_mirror_frame
Fra:1 Mem:477.25M (Peak 477.25M) | Time:00:00.87 | Mem:0.00M, Peak:0.00M | Scene, ViewLayer | Synchronizing object | Brake head shoe retaining pin retaining hex head.015
Fra:1 Mem:477.25M (Peak 477.25M) | Time:00:00.87 | Mem:0.00M, Peak:0.00M | Scene, ViewLayer | Synchronizing object | Cabin_B_table_bracket
Fra:1 Mem:477.25M (Peak 477.25M) | Time:00:00.87 | Mem:0.00M, Peak:0.00M | Scene, ViewLayer | Synchronizing object | Brake block suspension hanger strap.007
Fra:1 Mem:477.26M (Peak 477.26M) | Time:00:00.87 | Mem:0.00M, Peak:0.00M | Scene, ViewLayer | Synchronizing object | Cabin_B_folding_table
Fra:1 Mem:477.26M (Peak 477.26M) | Time:00:00.87 | Mem:0.00M, Peak:0.00M | Scene, ViewLayer | Synchronizing object | Brake block suspension hanger eye.014
Fra:1 Mem:477.27M (Peak 477.27M) | Time:00:00.87 | Mem:0.00M, Peak:0.00M | Scene, ViewLayer | Synchronizing object | Cabin_B_ladder_step.009
Fra:1 Mem:477.27M (Peak 477.27M) | Time:00:00.87 | Mem:0.00M, Peak:0.00M | Scene, ViewLayer | Synchronizing object | Brake block suspension hanger eye.015
Fra:1 Mem:477.28M (Peak 477.28M) | Time:00:00.87 | Mem:0.00M, Peak:0.00M | Scene, ViewLayer | Synchronizing object | Cabin_B_ladder_step.008
Fra:1 Mem:477.28M (Peak 477.28M) | Time:00:00.87 | Mem:0.00M, Peak:0.00M | Scene, ViewLayer | Synchronizing object | Brake hanger upper pivot pin.007
Fra:1 Mem:477.28M (Peak 477.28M) | Time:00:00.87 | Mem:0.00M, Peak:0.00M | Scene, ViewLayer | Synchronizing object | Cabin_B_ladder_step.007
Fra:1 Mem:477.29M (Peak 477.29M) | Time:00:00.87 | Mem:0.00M, Peak:0.00M | Scene, ViewLayer | Synchronizing object | Brake hanger upper pivot retaining washer.014
Fra:1 Mem:477.29M (Peak 477.29M) | Time:00:00.87 | Mem:0.00M, Peak:0.00M | Scene, ViewLayer | Synchronizing object | Cabin_B_ladder_step.006
Fra:1 Mem:477.30M (Peak 477.30M) | Time:00:00.87 | Mem:0.00M, Peak:0.00M | Scene, ViewLayer | Synchronizing object | Cabin_B_ladder_step.005
Fra:1 Mem:477.30M (Peak 477.30M) | Time:00:00.87 | Mem:0.00M, Peak:0.00M | Scene, ViewLayer | Synchronizing object | Brake hanger upper pivot retaining washer.015
Fra:1 Mem:477.31M (Peak 477.31M) | Time:00:00.87 | Mem:0.00M, Peak:0.00M | Scene, ViewLayer | Synchronizing object | Cabin_B_ladder_upright.003
Fra:1 Mem:477.31M (Peak 477.31M) | Time:00:00.87 | Mem:0.00M, Peak:0.00M | Scene, ViewLayer | Synchronizing object | Brake hanger upper pivot retaining hex head.015
Fra:1 Mem:477.31M (Peak 477.31M) | Time:00:00.87 | Mem:0.00M, Peak:0.00M | Scene, ViewLayer | Synchronizing object | Cabin_B_ladder_upright.002
Fra:1 Mem:477.32M (Peak 477.32M) | Time:00:00.87 | Mem:0.00M, Peak:0.00M | Scene, ViewLayer | Synchronizing object | Brake beam safety wire rope.007
Fra:1 Mem:477.32M (Peak 477.32M) | Time:00:00.87 | Mem:0.00M, Peak:0.00M | Scene, ViewLayer | Synchronizing object | Cabin_B_upper_safety_rail.001
Fra:1 Mem:477.32M (Peak 477.32M) | Time:00:00.87 | Mem:0.00M, Peak:0.00M | Scene, ViewLayer | Synchronizing object | Bogie mounted 8-inch air brake cylinder
Fra:1 Mem:477.33M (Peak 477.33M) | Time:00:00.87 | Mem:0.00M, Peak:0.00M | Scene, ViewLayer | Synchronizing object | Cabin_B_upper_hanger_ceiling_plate.003
Fra:1 Mem:477.34M (Peak 477.34M) | Time:00:00.87 | Mem:0.00M, Peak:0.00M | Scene, ViewLayer | Synchronizing object | Brake cylinder end flange
Fra:1 Mem:477.34M (Peak 477.34M) | Time:00:00.87 | Mem:0.00M, Peak:0.00M | Scene, ViewLayer | Synchronizing object | Cabin_B_upper_hanger.003
Fra:1 Mem:477.36M (Peak 477.36M) | Time:00:00.87 | Mem:0.00M, Peak:0.00M | Scene, ViewLayer | Synchronizing object | Cabin_B_upper_hanger_ceiling_plate.002
Fra:1 Mem:477.36M (Peak 477.36M) | Time:00:00.87 | Mem:0.00M, Peak:0.00M | Scene, ViewLayer | Synchronizing object | Brake cylinder piston guide
Fra:1 Mem:477.37M (Peak 477.37M) | Time:00:00.87 | Mem:0.00M, Peak:0.00M | Scene, ViewLayer | Synchronizing object | Cabin_B_upper_hanger.002
Fra:1 Mem:477.37M (Peak 477.37M) | Time:00:00.87 | Mem:0.00M, Peak:0.00M | Scene, ViewLayer | Synchronizing object | Brake cylinder piston rod
Fra:1 Mem:477.38M (Peak 477.38M) | Time:00:00.87 | Mem:0.00M, Peak:0.00M | Scene, ViewLayer | Synchronizing object | Cabin_B_lower_berth_base.001
Fra:1 Mem:477.38M (Peak 477.38M) | Time:00:00.87 | Mem:0.00M, Peak:0.00M | Scene, ViewLayer | Synchronizing object | Brake cylinder flange hex head
Fra:1 Mem:477.39M (Peak 477.39M) | Time:00:00.87 | Mem:0.00M, Peak:0.00M | Scene, ViewLayer | Synchronizing object | Brake cylinder flange hex head.001
Fra:1 Mem:477.39M (Peak 477.39M) | Time:00:00.87 | Mem:0.00M, Peak:0.00M | Scene, ViewLayer | Synchronizing object | Cabin_B_upper_berth_subtle_cover_stitch.003
Fra:1 Mem:477.40M (Peak 477.40M) | Time:00:00.87 | Mem:0.00M, Peak:0.00M | Scene, ViewLayer | Synchronizing object | Brake cylinder flange hex head.002
Fra:1 Mem:477.41M (Peak 477.41M) | Time:00:00.87 | Mem:0.00M, Peak:0.00M | Scene, ViewLayer | Synchronizing object | Brake cylinder flange hex head.003
Fra:1 Mem:477.41M (Peak 477.41M) | Time:00:00.87 | Mem:0.00M, Peak:0.00M | Scene, ViewLayer | Synchronizing object | Cabin_B_upper_berth_subtle_cover_stitch.002
Fra:1 Mem:477.43M (Peak 477.43M) | Time:00:00.87 | Mem:0.00M, Peak:0.00M | Scene, ViewLayer | Synchronizing object | Brake cylinder flange hex head.004
Fra:1 Mem:477.43M (Peak 477.43M) | Time:00:00.87 | Mem:0.00M, Peak:0.00M | Scene, ViewLayer | Synchronizing object | Brake cylinder flange hex head.005
Fra:1 Mem:477.43M (Peak 477.43M) | Time:00:00.87 | Mem:0.00M, Peak:0.00M | Scene, ViewLayer | Synchronizing object | Cabin_B_upper_berth_stitched_edge_welt.001
Fra:1 Mem:477.43M (Peak 477.43M) | Time:00:00.88 | Mem:0.00M, Peak:0.00M | Scene, ViewLayer | Synchronizing object | Brake cylinder transom support
Fra:1 Mem:477.46M (Peak 477.46M) | Time:00:00.88 | Mem:0.00M, Peak:0.00M | Scene, ViewLayer | Synchronizing object | Brake cylinder air flex hose
Fra:1 Mem:477.47M (Peak 477.47M) | Time:00:00.88 | Mem:0.00M, Peak:0.00M | Scene, ViewLayer | Synchronizing object | Cabin_B_upper_berth.001
Fra:1 Mem:477.47M (Peak 477.47M) | Time:00:00.88 | Mem:0.00M, Peak:0.00M | Scene, ViewLayer | Synchronizing object | Brake live lever strap
Fra:1 Mem:477.49M (Peak 477.49M) | Time:00:00.88 | Mem:0.00M, Peak:0.00M | Scene, ViewLayer | Synchronizing object | Brake live lever eye
Fra:1 Mem:477.50M (Peak 477.50M) | Time:00:00.88 | Mem:0.00M, Peak:0.00M | Scene, ViewLayer | Synchronizing object | Brake live lever eye.001
Fra:1 Mem:477.51M (Peak 477.51M) | Time:00:00.88 | Mem:0.00M, Peak:0.00M | Scene, ViewLayer | Synchronizing object | Cabin_B_lower_backrest.001
Fra:1 Mem:477.51M (Peak 477.51M) | Time:00:00.88 | Mem:0.00M, Peak:0.00M | Scene, ViewLayer | Synchronizing object | Brake lever fulcrum pin
Fra:1 Mem:477.52M (Peak 477.52M) | Time:00:00.88 | Mem:0.00M, Peak:0.00M | Scene, ViewLayer | Synchronizing object | Brake lever fulcrum retaining washer
Fra:1 Mem:477.54M (Peak 477.54M) | Time:00:00.88 | Mem:0.00M, Peak:0.00M | Scene, ViewLayer | Synchronizing object | Brake lever fulcrum retaining hex head
Fra:1 Mem:477.57M (Peak 477.57M) | Time:00:00.88 | Mem:0.00M, Peak:0.00M | Scene, ViewLayer | Synchronizing object | Brake lever fulcrum retaining washer.001
Fra:1 Mem:477.59M (Peak 477.59M) | Time:00:00.88 | Mem:0.00M, Peak:0.00M | Scene, ViewLayer | Synchronizing object | Brake lever fulcrum retaining hex head.001
Fra:1 Mem:477.56M (Peak 477.59M) | Time:00:00.88 | Mem:0.00M, Peak:0.00M | Scene, ViewLayer | Synchronizing object | Curved brake pull rod
Fra:1 Mem:477.59M (Peak 477.59M) | Time:00:00.88 | Mem:0.00M, Peak:0.00M | Scene, ViewLayer | Synchronizing object | Brake rigging safety cradle
Fra:1 Mem:477.63M (Peak 477.63M) | Time:00:00.88 | Mem:0.00M, Peak:0.00M | Scene, ViewLayer | Synchronizing object | Brake live lever strap.001
Fra:1 Mem:477.63M (Peak 477.63M) | Time:00:00.88 | Mem:0.00M, Peak:0.00M | Scene, ViewLayer | Synchronizing object | Brake live lever eye.002
Fra:1 Mem:477.64M (Peak 477.64M) | Time:00:00.88 | Mem:0.00M, Peak:0.00M | Scene, ViewLayer | Synchronizing object | Brake live lever eye.003
Fra:1 Mem:477.64M (Peak 477.64M) | Time:00:00.88 | Mem:0.00M, Peak:0.00M | Scene, ViewLayer | Synchronizing object | Brake lever fulcrum pin.001
Fra:1 Mem:477.64M (Peak 477.64M) | Time:00:00.88 | Mem:0.00M, Peak:0.00M | Scene, ViewLayer | Synchronizing object | Brake lever fulcrum retaining washer.002
Fra:1 Mem:477.61M (Peak 477.64M) | Time:00:00.88 | Mem:0.00M, Peak:0.00M | Scene, ViewLayer | Synchronizing object | Cabin_B_lower_berth_subtle_cover_stitch.003
Fra:1 Mem:477.61M (Peak 477.64M) | Time:00:00.88 | Mem:0.00M, Peak:0.00M | Scene, ViewLayer | Synchronizing object | Brake lever fulcrum retaining hex head.002
Fra:1 Mem:477.62M (Peak 477.64M) | Time:00:00.88 | Mem:0.00M, Peak:0.00M | Scene, ViewLayer | Synchronizing object | Brake lever fulcrum retaining washer.003
Fra:1 Mem:477.63M (Peak 477.64M) | Time:00:00.88 | Mem:0.00M, Peak:0.00M | Scene, ViewLayer | Synchronizing object | Cabin_B_lower_berth_subtle_cover_stitch.002
Fra:1 Mem:477.63M (Peak 477.64M) | Time:00:00.88 | Mem:0.00M, Peak:0.00M | Scene, ViewLayer | Synchronizing object | Brake lever fulcrum retaining hex head.003
Fra:1 Mem:477.64M (Peak 477.64M) | Time:00:00.88 | Mem:0.00M, Peak:0.00M | Scene, ViewLayer | Synchronizing object | Curved brake pull rod.001
Fra:1 Mem:477.65M (Peak 477.65M) | Time:00:00.88 | Mem:0.00M, Peak:0.00M | Scene, ViewLayer | Synchronizing object | Cabin_B_lower_berth_stitched_edge_welt.001
Fra:1 Mem:477.66M (Peak 477.66M) | Time:00:00.88 | Mem:0.00M, Peak:0.00M | Scene, ViewLayer | Synchronizing object | Brake rigging safety cradle.001
Fra:1 Mem:477.68M (Peak 477.68M) | Time:00:00.88 | Mem:0.00M, Peak:0.00M | Scene, ViewLayer | Synchronizing object | Brake cross balance spindle
Fra:1 Mem:477.68M (Peak 477.68M) | Time:00:00.88 | Mem:0.00M, Peak:0.00M | Scene, ViewLayer | Synchronizing object | Cabin_B_lower_berth.001
Fra:1 Mem:477.71M (Peak 477.71M) | Time:00:00.88 | Mem:0.00M, Peak:0.00M | Scene, ViewLayer | Synchronizing object | Bogie mounted 8-inch air brake cylinder.001
Fra:1 Mem:477.73M (Peak 477.73M) | Time:00:00.88 | Mem:0.00M, Peak:0.00M | Scene, ViewLayer | Synchronizing object | Brake cylinder end flange.001
Fra:1 Mem:477.74M (Peak 477.74M) | Time:00:00.88 | Mem:0.00M, Peak:0.00M | Scene, ViewLayer | Synchronizing object | Cabin_B_ladder_step.004
Fra:1 Mem:477.74M (Peak 477.74M) | Time:00:00.88 | Mem:0.00M, Peak:0.00M | Scene, ViewLayer | Synchronizing object | Brake cylinder piston guide.001
Fra:1 Mem:477.75M (Peak 477.75M) | Time:00:00.88 | Mem:0.00M, Peak:0.00M | Scene, ViewLayer | Synchronizing object | Cabin_B_ladder_step.003
Fra:1 Mem:477.75M (Peak 477.75M) | Time:00:00.88 | Mem:0.00M, Peak:0.00M | Scene, ViewLayer | Synchronizing object | Brake cylinder piston rod.001
Fra:1 Mem:477.76M (Peak 477.76M) | Time:00:00.88 | Mem:0.00M, Peak:0.00M | Scene, ViewLayer | Synchronizing object | Cabin_B_ladder_step.002
Fra:1 Mem:477.76M (Peak 477.76M) | Time:00:00.88 | Mem:0.00M, Peak:0.00M | Scene, ViewLayer | Synchronizing object | Brake cylinder flange hex head.006
Fra:1 Mem:477.76M (Peak 477.76M) | Time:00:00.88 | Mem:0.00M, Peak:0.00M | Scene, ViewLayer | Synchronizing object | Cabin_B_ladder_step.001
Fra:1 Mem:477.77M (Peak 477.77M) | Time:00:00.88 | Mem:0.00M, Peak:0.00M | Scene, ViewLayer | Synchronizing object | Brake cylinder flange hex head.007
Fra:1 Mem:477.77M (Peak 477.77M) | Time:00:00.88 | Mem:0.00M, Peak:0.00M | Scene, ViewLayer | Synchronizing object | Cabin_B_ladder_step
Fra:1 Mem:477.77M (Peak 477.77M) | Time:00:00.88 | Mem:0.00M, Peak:0.00M | Scene, ViewLayer | Synchronizing object | Brake cylinder flange hex head.008
Fra:1 Mem:477.77M (Peak 477.77M) | Time:00:00.88 | Mem:0.00M, Peak:0.00M | Scene, ViewLayer | Synchronizing object | Cabin_B_ladder_upright.001
Fra:1 Mem:477.78M (Peak 477.78M) | Time:00:00.88 | Mem:0.00M, Peak:0.00M | Scene, ViewLayer | Synchronizing object | Brake cylinder flange hex head.009
Fra:1 Mem:477.78M (Peak 477.78M) | Time:00:00.88 | Mem:0.00M, Peak:0.00M | Scene, ViewLayer | Synchronizing object | Cabin_B_ladder_upright
Fra:1 Mem:477.78M (Peak 477.78M) | Time:00:00.88 | Mem:0.00M, Peak:0.00M | Scene, ViewLayer | Synchronizing object | Brake cylinder flange hex head.010
Fra:1 Mem:477.78M (Peak 477.78M) | Time:00:00.88 | Mem:0.00M, Peak:0.00M | Scene, ViewLayer | Synchronizing object | Cabin_B_upper_safety_rail
Fra:1 Mem:477.79M (Peak 477.79M) | Time:00:00.88 | Mem:0.00M, Peak:0.00M | Scene, ViewLayer | Synchronizing object | Brake cylinder flange hex head.011
Fra:1 Mem:477.79M (Peak 477.79M) | Time:00:00.88 | Mem:0.00M, Peak:0.00M | Scene, ViewLayer | Synchronizing object | Cabin_B_upper_hanger_ceiling_plate.001
Fra:1 Mem:477.79M (Peak 477.79M) | Time:00:00.88 | Mem:0.00M, Peak:0.00M | Scene, ViewLayer | Synchronizing object | Brake cylinder transom support.001
Fra:1 Mem:477.81M (Peak 477.81M) | Time:00:00.88 | Mem:0.00M, Peak:0.00M | Scene, ViewLayer | Synchronizing object | Cabin_B_upper_hanger.001
Fra:1 Mem:477.81M (Peak 477.81M) | Time:00:00.88 | Mem:0.00M, Peak:0.00M | Scene, ViewLayer | Synchronizing object | Brake cylinder air flex hose.001
Fra:1 Mem:477.81M (Peak 477.81M) | Time:00:00.88 | Mem:0.00M, Peak:0.00M | Scene, ViewLayer | Synchronizing object | Cabin_B_upper_hanger_ceiling_plate
Fra:1 Mem:477.81M (Peak 477.81M) | Time:00:00.88 | Mem:0.00M, Peak:0.00M | Scene, ViewLayer | Synchronizing object | Brake live lever strap.002
Fra:1 Mem:477.82M (Peak 477.82M) | Time:00:00.88 | Mem:0.00M, Peak:0.00M | Scene, ViewLayer | Synchronizing object | Brake live lever eye.004
Fra:1 Mem:477.82M (Peak 477.82M) | Time:00:00.88 | Mem:0.00M, Peak:0.00M | Scene, ViewLayer | Synchronizing object | Cabin_B_upper_hanger
Fra:1 Mem:477.83M (Peak 477.83M) | Time:00:00.88 | Mem:0.00M, Peak:0.00M | Scene, ViewLayer | Synchronizing object | Brake live lever eye.005
Fra:1 Mem:477.83M (Peak 477.83M) | Time:00:00.88 | Mem:0.00M, Peak:0.00M | Scene, ViewLayer | Synchronizing object | Cabin_B_lower_berth_base
Fra:1 Mem:477.84M (Peak 477.84M) | Time:00:00.88 | Mem:0.00M, Peak:0.00M | Scene, ViewLayer | Synchronizing object | Brake lever fulcrum pin.002
Fra:1 Mem:477.85M (Peak 477.85M) | Time:00:00.88 | Mem:0.00M, Peak:0.00M | Scene, ViewLayer | Synchronizing object | Cabin_B_upper_berth_subtle_cover_stitch.001
Fra:1 Mem:477.86M (Peak 477.86M) | Time:00:00.88 | Mem:0.00M, Peak:0.00M | Scene, ViewLayer | Synchronizing object | Brake lever fulcrum retaining washer.004
Fra:1 Mem:477.87M (Peak 477.87M) | Time:00:00.88 | Mem:0.00M, Peak:0.00M | Scene, ViewLayer | Synchronizing object | Cabin_B_upper_berth_subtle_cover_stitch
Fra:1 Mem:477.88M (Peak 477.88M) | Time:00:00.88 | Mem:0.00M, Peak:0.00M | Scene, ViewLayer | Synchronizing object | Brake lever fulcrum retaining hex head.004
Fra:1 Mem:477.89M (Peak 477.89M) | Time:00:00.88 | Mem:0.00M, Peak:0.00M | Scene, ViewLayer | Synchronizing object | Brake lever fulcrum retaining washer.005
Fra:1 Mem:477.89M (Peak 477.89M) | Time:00:00.88 | Mem:0.00M, Peak:0.00M | Scene, ViewLayer | Synchronizing object | Cabin_B_upper_berth_stitched_edge_welt
Fra:1 Mem:477.91M (Peak 477.91M) | Time:00:00.88 | Mem:0.00M, Peak:0.00M | Scene, ViewLayer | Synchronizing object | Brake lever fulcrum retaining hex head.005
Fra:1 Mem:477.92M (Peak 477.92M) | Time:00:00.88 | Mem:0.00M, Peak:0.00M | Scene, ViewLayer | Synchronizing object | Curved brake pull rod.002
Fra:1 Mem:477.93M (Peak 477.93M) | Time:00:00.88 | Mem:0.00M, Peak:0.00M | Scene, ViewLayer | Synchronizing object | Cabin_B_upper_berth
Fra:1 Mem:477.93M (Peak 477.93M) | Time:00:00.88 | Mem:0.00M, Peak:0.00M | Scene, ViewLayer | Synchronizing object | Brake rigging safety cradle.002
Fra:1 Mem:477.96M (Peak 477.96M) | Time:00:00.88 | Mem:0.00M, Peak:0.00M | Scene, ViewLayer | Synchronizing object | Brake live lever strap.003
Fra:1 Mem:477.96M (Peak 477.96M) | Time:00:00.88 | Mem:0.00M, Peak:0.00M | Scene, ViewLayer | Synchronizing object | Brake live lever eye.006
Fra:1 Mem:477.97M (Peak 477.97M) | Time:00:00.88 | Mem:0.00M, Peak:0.00M | Scene, ViewLayer | Synchronizing object | Cabin_B_lower_backrest
Fra:1 Mem:477.98M (Peak 477.98M) | Time:00:00.88 | Mem:0.00M, Peak:0.00M | Scene, ViewLayer | Synchronizing object | Brake live lever eye.007
Fra:1 Mem:477.99M (Peak 477.99M) | Time:00:00.88 | Mem:0.00M, Peak:0.00M | Scene, ViewLayer | Synchronizing object | Brake lever fulcrum pin.003
Fra:1 Mem:478.03M (Peak 478.03M) | Time:00:00.88 | Mem:0.00M, Peak:0.00M | Scene, ViewLayer | Synchronizing object | Brake lever fulcrum retaining washer.006
Fra:1 Mem:478.05M (Peak 478.05M) | Time:00:00.88 | Mem:0.00M, Peak:0.00M | Scene, ViewLayer | Synchronizing object | Brake lever fulcrum retaining hex head.006
Fra:1 Mem:478.04M (Peak 478.05M) | Time:00:00.88 | Mem:0.00M, Peak:0.00M | Scene, ViewLayer | Synchronizing object | Brake lever fulcrum retaining washer.007
Fra:1 Mem:478.05M (Peak 478.05M) | Time:00:00.88 | Mem:0.00M, Peak:0.00M | Scene, ViewLayer | Synchronizing object | Brake lever fulcrum retaining hex head.007
Fra:1 Mem:478.08M (Peak 478.08M) | Time:00:00.88 | Mem:0.00M, Peak:0.00M | Scene, ViewLayer | Synchronizing object | Curved brake pull rod.003
Fra:1 Mem:478.09M (Peak 478.09M) | Time:00:00.88 | Mem:0.00M, Peak:0.00M | Scene, ViewLayer | Synchronizing object | Brake rigging safety cradle.003
Fra:1 Mem:478.10M (Peak 478.10M) | Time:00:00.88 | Mem:0.00M, Peak:0.00M | Scene, ViewLayer | Synchronizing object | Brake cross balance spindle.001
Fra:1 Mem:478.07M (Peak 478.10M) | Time:00:00.88 | Mem:0.00M, Peak:0.00M | Scene, ViewLayer | Synchronizing object | 18kW split-AC self-generating alternator barrel
Fra:1 Mem:478.08M (Peak 478.10M) | Time:00:00.88 | Mem:0.00M, Peak:0.00M | Scene, ViewLayer | Synchronizing object | Alternator bolted end shield
Fra:1 Mem:478.07M (Peak 478.10M) | Time:00:00.88 | Mem:0.00M, Peak:0.00M | Scene, ViewLayer | Synchronizing object | Cabin_B_lower_berth_subtle_cover_stitch.001
Fra:1 Mem:478.09M (Peak 478.10M) | Time:00:00.88 | Mem:0.00M, Peak:0.00M | Scene, ViewLayer | Synchronizing object | Alternator end shield hex head
Fra:1 Mem:478.09M (Peak 478.10M) | Time:00:00.88 | Mem:0.00M, Peak:0.00M | Scene, ViewLayer | Synchronizing object | Cabin_B_lower_berth_subtle_cover_stitch
Fra:1 Mem:478.09M (Peak 478.10M) | Time:00:00.88 | Mem:0.00M, Peak:0.00M | Scene, ViewLayer | Synchronizing object | Alternator end shield hex head.001
Fra:1 Mem:478.11M (Peak 478.11M) | Time:00:00.88 | Mem:0.00M, Peak:0.00M | Scene, ViewLayer | Synchronizing object | Alternator end shield hex head.002
Fra:1 Mem:478.11M (Peak 478.11M) | Time:00:00.88 | Mem:0.00M, Peak:0.00M | Scene, ViewLayer | Synchronizing object | Cabin_B_lower_berth_stitched_edge_welt
Fra:1 Mem:478.13M (Peak 478.13M) | Time:00:00.88 | Mem:0.00M, Peak:0.00M | Scene, ViewLayer | Synchronizing object | Alternator end shield hex head.003
Fra:1 Mem:478.14M (Peak 478.14M) | Time:00:00.88 | Mem:0.00M, Peak:0.00M | Scene, ViewLayer | Synchronizing object | Alternator end shield hex head.004
Fra:1 Mem:478.14M (Peak 478.14M) | Time:00:00.88 | Mem:0.00M, Peak:0.00M | Scene, ViewLayer | Synchronizing object | Alternator end shield hex head.005
Fra:1 Mem:478.15M (Peak 478.15M) | Time:00:00.88 | Mem:0.00M, Peak:0.00M | Scene, ViewLayer | Synchronizing object | Cabin_B_lower_berth
Fra:1 Mem:478.15M (Peak 478.15M) | Time:00:00.88 | Mem:0.00M, Peak:0.00M | Scene, ViewLayer | Synchronizing object | Alternator end shield hex head.006
Fra:1 Mem:478.17M (Peak 478.17M) | Time:00:00.88 | Mem:0.00M, Peak:0.00M | Scene, ViewLayer | Synchronizing object | Alternator end shield hex head.007
Fra:1 Mem:478.18M (Peak 478.18M) | Time:00:00.88 | Mem:0.00M, Peak:0.00M | Scene, ViewLayer | Synchronizing object | Alternator bolted end shield.001
Fra:1 Mem:478.19M (Peak 478.19M) | Time:00:00.88 | Mem:0.00M, Peak:0.00M | Scene, ViewLayer | Synchronizing object | Cabin_B_nameplate
Fra:1 Mem:478.19M (Peak 478.19M) | Time:00:00.88 | Mem:0.00M, Peak:0.00M | Scene, ViewLayer | Synchronizing object | Alternator end shield hex head.008
Fra:1 Mem:478.22M (Peak 478.22M) | Time:00:00.88 | Mem:0.00M, Peak:0.00M | Scene, ViewLayer | Synchronizing object | Alternator end shield hex head.009
Fra:1 Mem:478.27M (Peak 478.27M) | Time:00:00.88 | Mem:0.00M, Peak:0.00M | Scene, ViewLayer | Synchronizing object | Alternator end shield hex head.010
Fra:1 Mem:478.30M (Peak 478.30M) | Time:00:00.88 | Mem:0.00M, Peak:0.00M | Scene, ViewLayer | Synchronizing object | Alternator end shield hex head.011
Fra:1 Mem:478.30M (Peak 478.30M) | Time:00:00.88 | Mem:0.00M, Peak:0.00M | Scene, ViewLayer | Synchronizing object | Alternator end shield hex head.012
Fra:1 Mem:478.31M (Peak 478.31M) | Time:00:00.88 | Mem:0.00M, Peak:0.00M | Scene, ViewLayer | Synchronizing object | Alternator end shield hex head.013
Fra:1 Mem:478.33M (Peak 478.33M) | Time:00:00.88 | Mem:0.00M, Peak:0.00M | Scene, ViewLayer | Synchronizing object | Alternator end shield hex head.014
Fra:1 Mem:478.34M (Peak 478.34M) | Time:00:00.88 | Mem:0.00M, Peak:0.00M | Scene, ViewLayer | Synchronizing object | Alternator end shield hex head.015
Fra:1 Mem:478.35M (Peak 478.35M) | Time:00:00.88 | Mem:0.00M, Peak:0.00M | Scene, ViewLayer | Synchronizing object | Alternator longitudinal cooling fin
Fra:1 Mem:478.35M (Peak 478.35M) | Time:00:00.88 | Mem:0.00M, Peak:0.00M | Scene, ViewLayer | Synchronizing object | Alternator longitudinal cooling fin.001
Fra:1 Mem:478.35M (Peak 478.35M) | Time:00:00.88 | Mem:0.00M, Peak:0.00M | Scene, ViewLayer | Synchronizing object | Alternator longitudinal cooling fin.002
Fra:1 Mem:478.35M (Peak 478.35M) | Time:00:00.88 | Mem:0.00M, Peak:0.00M | Scene, ViewLayer | Synchronizing object | Alternator longitudinal cooling fin.003
Fra:1 Mem:478.35M (Peak 478.35M) | Time:00:00.88 | Mem:0.00M, Peak:0.00M | Scene, ViewLayer | Synchronizing object | Alternator longitudinal cooling fin.004
Fra:1 Mem:478.35M (Peak 478.35M) | Time:00:00.88 | Mem:0.00M, Peak:0.00M | Scene, ViewLayer | Synchronizing object | Alternator longitudinal cooling fin.005
Fra:1 Mem:478.35M (Peak 478.35M) | Time:00:00.88 | Mem:0.00M, Peak:0.00M | Scene, ViewLayer | Synchronizing object | Alternator longitudinal cooling fin.006
Fra:1 Mem:478.37M (Peak 478.37M) | Time:00:00.88 | Mem:0.00M, Peak:0.00M | Scene, ViewLayer | Synchronizing object | Alternator longitudinal cooling fin.007
Fra:1 Mem:478.38M (Peak 478.38M) | Time:00:00.88 | Mem:0.00M, Peak:0.00M | Scene, ViewLayer | Synchronizing object | Alternator longitudinal cooling fin.008
Fra:1 Mem:478.40M (Peak 478.40M) | Time:00:00.88 | Mem:0.00M, Peak:0.00M | Scene, ViewLayer | Synchronizing object | Alternator longitudinal cooling fin.009
Fra:1 Mem:478.38M (Peak 478.40M) | Time:00:00.88 | Mem:0.00M, Peak:0.00M | Scene, ViewLayer | Synchronizing object | Cabin_B_door_pull
Fra:1 Mem:478.38M (Peak 478.40M) | Time:00:00.88 | Mem:0.00M, Peak:0.00M | Scene, ViewLayer | Synchronizing object | Alternator longitudinal cooling fin.010
Fra:1 Mem:478.39M (Peak 478.40M) | Time:00:00.88 | Mem:0.00M, Peak:0.00M | Scene, ViewLayer | Synchronizing object | Alternator longitudinal cooling fin.011
Fra:1 Mem:478.39M (Peak 478.40M) | Time:00:00.88 | Mem:0.00M, Peak:0.00M | Scene, ViewLayer | Synchronizing object | Alternator longitudinal cooling fin.012
Fra:1 Mem:478.39M (Peak 478.40M) | Time:00:00.88 | Mem:0.00M, Peak:0.00M | Scene, ViewLayer | Synchronizing object | Alternator longitudinal cooling fin.013
Fra:1 Mem:478.40M (Peak 478.40M) | Time:00:00.88 | Mem:0.00M, Peak:0.00M | Scene, ViewLayer | Synchronizing object | Alternator longitudinal cooling fin.014
Fra:1 Mem:478.40M (Peak 478.40M) | Time:00:00.88 | Mem:0.00M, Peak:0.00M | Scene, ViewLayer | Synchronizing object | Cabin_B_door_header
Fra:1 Mem:478.40M (Peak 478.40M) | Time:00:00.88 | Mem:0.00M, Peak:0.00M | Scene, ViewLayer | Synchronizing object | Alternator longitudinal cooling fin.015
Fra:1 Mem:478.40M (Peak 478.40M) | Time:00:00.88 | Mem:0.00M, Peak:0.00M | Scene, ViewLayer | Synchronizing object | Cabin_B_corridor_wall.001
Fra:1 Mem:478.40M (Peak 478.40M) | Time:00:00.88 | Mem:0.00M, Peak:0.00M | Scene, ViewLayer | Synchronizing object | Alternator longitudinal cooling fin.016
Fra:1 Mem:478.40M (Peak 478.40M) | Time:00:00.88 | Mem:0.00M, Peak:0.00M | Scene, ViewLayer | Synchronizing object | Cabin_B_corridor_wall
Fra:1 Mem:478.41M (Peak 478.41M) | Time:00:00.88 | Mem:0.00M, Peak:0.00M | Scene, ViewLayer | Synchronizing object | Alternator longitudinal cooling fin.017
Fra:1 Mem:478.41M (Peak 478.41M) | Time:00:00.88 | Mem:0.00M, Peak:0.00M | Scene, ViewLayer | Synchronizing object | Cabin_B_end_partition
Fra:1 Mem:478.41M (Peak 478.41M) | Time:00:00.88 | Mem:0.00M, Peak:0.00M | Scene, ViewLayer | Synchronizing object | Alternator field terminal box
Fra:1 Mem:478.41M (Peak 478.41M) | Time:00:00.88 | Mem:0.00M, Peak:0.00M | Scene, ViewLayer | Synchronizing object | Fan grille locking clip.003
Fra:1 Mem:478.42M (Peak 478.42M) | Time:00:00.88 | Mem:0.00M, Peak:0.00M | Scene, ViewLayer | Synchronizing object | Alternator flexible cable
Fra:1 Mem:478.42M (Peak 478.42M) | Time:00:00.88 | Mem:0.00M, Peak:0.00M | Scene, ViewLayer | Synchronizing object | Fan grille locking clip.002
Fra:1 Mem:478.44M (Peak 478.44M) | Time:00:00.88 | Mem:0.00M, Peak:0.00M | Scene, ViewLayer | Synchronizing object | Fan grille locking clip.001
Fra:1 Mem:478.44M (Peak 478.44M) | Time:00:00.88 | Mem:0.00M, Peak:0.00M | Scene, ViewLayer | Synchronizing object | Alternator suspension crossbar
Fra:1 Mem:478.45M (Peak 478.45M) | Time:00:00.88 | Mem:0.00M, Peak:0.00M | Scene, ViewLayer | Synchronizing object | Fan grille locking clip
Fra:1 Mem:478.45M (Peak 478.45M) | Time:00:00.88 | Mem:0.00M, Peak:0.00M | Scene, ViewLayer | Synchronizing object | Alternator suspension arm strap
Fra:1 Mem:478.46M (Peak 478.46M) | Time:00:00.88 | Mem:0.00M, Peak:0.00M | Scene, ViewLayer | Synchronizing object | Alternator suspension arm eye
Fra:1 Mem:478.46M (Peak 478.46M) | Time:00:00.88 | Mem:0.00M, Peak:0.00M | Scene, ViewLayer | Synchronizing object | Fan centre decorative cap
Fra:1 Mem:478.48M (Peak 478.48M) | Time:00:00.88 | Mem:0.00M, Peak:0.00M | Scene, ViewLayer | Synchronizing object | Alternator suspension arm eye.001
Fra:1 Mem:478.48M (Peak 478.48M) | Time:00:00.88 | Mem:0.00M, Peak:0.00M | Scene, ViewLayer | Synchronizing object | Fan swept three blade rotor.002
Fra:1 Mem:478.48M (Peak 478.48M) | Time:00:00.88 | Mem:0.00M, Peak:0.00M | Scene, ViewLayer | Synchronizing object | Alternator suspension pin pin
Fra:1 Mem:478.49M (Peak 478.49M) | Time:00:00.88 | Mem:0.00M, Peak:0.00M | Scene, ViewLayer | Synchronizing object | Fan swept three blade rotor.001
Fra:1 Mem:478.49M (Peak 478.49M) | Time:00:00.88 | Mem:0.00M, Peak:0.00M | Scene, ViewLayer | Synchronizing object | Alternator suspension pin retaining washer
Fra:1 Mem:478.49M (Peak 478.49M) | Time:00:00.88 | Mem:0.00M, Peak:0.00M | Scene, ViewLayer | Synchronizing object | Fan swept three blade rotor
Fra:1 Mem:478.50M (Peak 478.50M) | Time:00:00.88 | Mem:0.00M, Peak:0.00M | Scene, ViewLayer | Synchronizing object | Alternator suspension pin retaining hex head
Fra:1 Mem:478.50M (Peak 478.50M) | Time:00:00.88 | Mem:0.00M, Peak:0.00M | Scene, ViewLayer | Synchronizing object | Fan radial cage wire.023
Fra:1 Mem:478.50M (Peak 478.50M) | Time:00:00.88 | Mem:0.00M, Peak:0.00M | Scene, ViewLayer | Synchronizing object | Alternator suspension pin retaining washer.001
Fra:1 Mem:478.51M (Peak 478.51M) | Time:00:00.88 | Mem:0.00M, Peak:0.00M | Scene, ViewLayer | Synchronizing object | Alternator suspension pin retaining hex head.001
Fra:1 Mem:478.51M (Peak 478.51M) | Time:00:00.88 | Mem:0.00M, Peak:0.00M | Scene, ViewLayer | Synchronizing object | Alternator suspension arm strap.001
Fra:1 Mem:478.51M (Peak 478.51M) | Time:00:00.88 | Mem:0.00M, Peak:0.00M | Scene, ViewLayer | Synchronizing object | Alternator suspension arm eye.002
Fra:1 Mem:478.51M (Peak 478.51M) | Time:00:00.88 | Mem:0.00M, Peak:0.00M | Scene, ViewLayer | Synchronizing object | Alternator suspension arm eye.003
Fra:1 Mem:478.52M (Peak 478.52M) | Time:00:00.88 | Mem:0.00M, Peak:0.00M | Scene, ViewLayer | Synchronizing object | Alternator suspension pin pin.001
Fra:1 Mem:478.53M (Peak 478.53M) | Time:00:00.88 | Mem:0.00M, Peak:0.00M | Scene, ViewLayer | Synchronizing object | Fan radial cage wire.022
Fra:1 Mem:478.53M (Peak 478.53M) | Time:00:00.88 | Mem:0.00M, Peak:0.00M | Scene, ViewLayer | Synchronizing object | Alternator suspension pin retaining washer.002
Fra:1 Mem:478.54M (Peak 478.54M) | Time:00:00.88 | Mem:0.00M, Peak:0.00M | Scene, ViewLayer | Synchronizing object | Fan radial cage wire.021
Fra:1 Mem:478.54M (Peak 478.54M) | Time:00:00.88 | Mem:0.00M, Peak:0.00M | Scene, ViewLayer | Synchronizing object | Alternator suspension pin retaining hex head.002
Fra:1 Mem:478.55M (Peak 478.55M) | Time:00:00.88 | Mem:0.00M, Peak:0.00M | Scene, ViewLayer | Synchronizing object | Alternator suspension pin retaining washer.003
Fra:1 Mem:478.55M (Peak 478.55M) | Time:00:00.88 | Mem:0.00M, Peak:0.00M | Scene, ViewLayer | Synchronizing object | Fan radial cage wire.020
Fra:1 Mem:478.56M (Peak 478.56M) | Time:00:00.88 | Mem:0.00M, Peak:0.00M | Scene, ViewLayer | Synchronizing object | Alternator suspension pin retaining hex head.003
Fra:1 Mem:478.56M (Peak 478.56M) | Time:00:00.88 | Mem:0.00M, Peak:0.00M | Scene, ViewLayer | Synchronizing object | Fan radial cage wire.019
Fra:1 Mem:478.56M (Peak 478.56M) | Time:00:00.88 | Mem:0.00M, Peak:0.00M | Scene, ViewLayer | Synchronizing object | Split axle V-belt drive pulley
Fra:1 Mem:478.60M (Peak 478.60M) | Time:00:00.88 | Mem:0.00M, Peak:0.00M | Scene, ViewLayer | Synchronizing object | Fan radial cage wire.018
Fra:1 Mem:478.60M (Peak 478.60M) | Time:00:00.88 | Mem:0.00M, Peak:0.00M | Scene, ViewLayer | Synchronizing object | Fan radial cage wire.017
Fra:1 Mem:478.69M (Peak 478.69M) | Time:00:00.88 | Mem:0.00M, Peak:0.00M | Scene, ViewLayer | Synchronizing object | Fan radial cage wire.016
Fra:1 Mem:478.71M (Peak 478.71M) | Time:00:00.88 | Mem:0.00M, Peak:0.00M | Scene, ViewLayer | Synchronizing object | Fan radial cage wire.015
Fra:1 Mem:478.72M (Peak 478.72M) | Time:00:00.88 | Mem:0.00M, Peak:0.00M | Scene, ViewLayer | Synchronizing object | Fan radial cage wire.014
Fra:1 Mem:478.75M (Peak 478.75M) | Time:00:00.88 | Mem:0.00M, Peak:0.00M | Scene, ViewLayer | Synchronizing object | Fan radial cage wire.013
Fra:1 Mem:478.76M (Peak 478.76M) | Time:00:00.88 | Mem:0.00M, Peak:0.00M | Scene, ViewLayer | Synchronizing object | Fan radial cage wire.012
Fra:1 Mem:478.77M (Peak 478.77M) | Time:00:00.88 | Mem:0.00M, Peak:0.00M | Scene, ViewLayer | Synchronizing object | Fan radial cage wire.011
Fra:1 Mem:478.78M (Peak 478.78M) | Time:00:00.88 | Mem:0.00M, Peak:0.00M | Scene, ViewLayer | Synchronizing object | Fan radial cage wire.010
Fra:1 Mem:478.78M (Peak 478.78M) | Time:00:00.88 | Mem:0.00M, Peak:0.00M | Scene, ViewLayer | Synchronizing object | Fan radial cage wire.009
Fra:1 Mem:478.79M (Peak 478.79M) | Time:00:00.88 | Mem:0.00M, Peak:0.00M | Scene, ViewLayer | Synchronizing object | Fan radial cage wire.008
Fra:1 Mem:478.79M (Peak 478.79M) | Time:00:00.88 | Mem:0.00M, Peak:0.00M | Scene, ViewLayer | Synchronizing object | Fan radial cage wire.007
Fra:1 Mem:478.82M (Peak 478.82M) | Time:00:00.88 | Mem:0.00M, Peak:0.00M | Scene, ViewLayer | Synchronizing object | Fan radial cage wire.006
Fra:1 Mem:478.82M (Peak 478.82M) | Time:00:00.88 | Mem:0.00M, Peak:0.00M | Scene, ViewLayer | Synchronizing object | Fan radial cage wire.005
Fra:1 Mem:478.84M (Peak 478.84M) | Time:00:00.88 | Mem:0.00M, Peak:0.00M | Scene, ViewLayer | Synchronizing object | Alternator V-belt driven pulley
Fra:1 Mem:478.84M (Peak 478.84M) | Time:00:00.88 | Mem:0.00M, Peak:0.00M | Scene, ViewLayer | Synchronizing object | Fan radial cage wire.004
Fra:1 Mem:479.02M (Peak 479.02M) | Time:00:00.88 | Mem:0.00M, Peak:0.00M | Scene, ViewLayer | Synchronizing object | Fan radial cage wire.003
Fra:1 Mem:479.02M (Peak 479.02M) | Time:00:00.88 | Mem:0.00M, Peak:0.00M | Scene, ViewLayer | Synchronizing object | Fan radial cage wire.002
Fra:1 Mem:479.03M (Peak 479.03M) | Time:00:00.88 | Mem:0.00M, Peak:0.00M | Scene, ViewLayer | Synchronizing object | Fan radial cage wire.001
Fra:1 Mem:479.03M (Peak 479.03M) | Time:00:00.88 | Mem:0.00M, Peak:0.00M | Scene, ViewLayer | Synchronizing object | Fan radial cage wire
Fra:1 Mem:479.04M (Peak 479.04M) | Time:00:00.88 | Mem:0.00M, Peak:0.00M | Scene, ViewLayer | Synchronizing object | Fan concentric safety grille.005
Fra:1 Mem:479.10M (Peak 479.10M) | Time:00:00.88 | Mem:0.00M, Peak:0.00M | Scene, ViewLayer | Synchronizing object | Fan concentric safety grille.004
Fra:1 Mem:479.19M (Peak 479.19M) | Time:00:00.88 | Mem:0.00M, Peak:0.00M | Scene, ViewLayer | Synchronizing object | Matched alternator V belt 01
Fra:1 Mem:479.18M (Peak 479.19M) | Time:00:00.88 | Mem:0.00M, Peak:0.00M | Scene, ViewLayer | Synchronizing object | Fan concentric safety grille.003
Fra:1 Mem:479.26M (Peak 479.26M) | Time:00:00.88 | Mem:0.00M, Peak:0.00M | Scene, ViewLayer | Synchronizing object | Matched alternator V belt 02
Fra:1 Mem:479.29M (Peak 479.29M) | Time:00:00.88 | Mem:0.00M, Peak:0.00M | Scene, ViewLayer | Synchronizing object | Fan concentric safety grille.002
Fra:1 Mem:479.32M (Peak 479.32M) | Time:00:00.88 | Mem:0.00M, Peak:0.00M | Scene, ViewLayer | Synchronizing object | Matched alternator V belt 03
Fra:1 Mem:479.36M (Peak 479.36M) | Time:00:00.88 | Mem:0.00M, Peak:0.00M | Scene, ViewLayer | Synchronizing object | Matched alternator V belt 04
Fra:1 Mem:479.39M (Peak 479.39M) | Time:00:00.88 | Mem:0.00M, Peak:0.00M | Scene, ViewLayer | Synchronizing object | Matched alternator V belt 05
Fra:1 Mem:479.41M (Peak 479.41M) | Time:00:00.88 | Mem:0.00M, Peak:0.00M | Scene, ViewLayer | Synchronizing object | Matched alternator V belt 06
Fra:1 Mem:479.45M (Peak 479.45M) | Time:00:00.88 | Mem:0.00M, Peak:0.00M | Scene, ViewLayer | Synchronizing object | Fan concentric safety grille.001
Fra:1 Mem:479.45M (Peak 479.45M) | Time:00:00.88 | Mem:0.00M, Peak:0.00M | Scene, ViewLayer | Synchronizing object | Split axle pulley fixing hex head
Fra:1 Mem:479.49M (Peak 479.49M) | Time:00:00.88 | Mem:0.00M, Peak:0.00M | Scene, ViewLayer | Synchronizing object | Split axle pulley fixing hex head.001
Fra:1 Mem:479.50M (Peak 479.50M) | Time:00:00.88 | Mem:0.00M, Peak:0.00M | Scene, ViewLayer | Synchronizing object | Split axle pulley fixing hex head.002
Fra:1 Mem:479.50M (Peak 479.50M) | Time:00:00.88 | Mem:0.00M, Peak:0.00M | Scene, ViewLayer | Synchronizing object | Split axle pulley fixing hex head.003
Fra:1 Mem:479.51M (Peak 479.51M) | Time:00:00.88 | Mem:0.00M, Peak:0.00M | Scene, ViewLayer | Synchronizing object | Split axle pulley fixing hex head.004
Fra:1 Mem:479.51M (Peak 479.51M) | Time:00:00.88 | Mem:0.00M, Peak:0.00M | Scene, ViewLayer | Synchronizing object | Fan concentric safety grille
Fra:1 Mem:479.51M (Peak 479.51M) | Time:00:00.88 | Mem:0.00M, Peak:0.00M | Scene, ViewLayer | Synchronizing object | Split axle pulley fixing hex head.005
Fra:1 Mem:479.55M (Peak 479.55M) | Time:00:00.88 | Mem:0.00M, Peak:0.00M | Scene, ViewLayer | Synchronizing object | Split axle V-belt drive pulley.001
Fra:1 Mem:479.70M (Peak 479.70M) | Time:00:00.88 | Mem:0.00M, Peak:0.00M | Scene, ViewLayer | Synchronizing object | Fan round motor housing
Fra:1 Mem:479.74M (Peak 479.74M) | Time:00:00.88 | Mem:0.00M, Peak:0.00M | Scene, ViewLayer | Synchronizing object | Fan pressed ceiling flange
Fra:1 Mem:479.75M (Peak 479.75M) | Time:00:00.88 | Mem:0.00M, Peak:0.00M | Scene, ViewLayer | Synchronizing object | Fan ceiling stem
Fra:1 Mem:479.77M (Peak 479.77M) | Time:00:00.88 | Mem:0.00M, Peak:0.00M | Scene, ViewLayer | Synchronizing object | Cabin_A_underberth_luggage_retainer.003
Fra:1 Mem:479.77M (Peak 479.77M) | Time:00:00.88 | Mem:0.00M, Peak:0.00M | Scene, ViewLayer | Synchronizing object | Cabin_A_underberth_luggage_retainer.002
Fra:1 Mem:479.78M (Peak 479.78M) | Time:00:00.88 | Mem:0.00M, Peak:0.00M | Scene, ViewLayer | Synchronizing object | Cabin_A_underberth_luggage_retainer.001
Fra:1 Mem:479.78M (Peak 479.78M) | Time:00:00.88 | Mem:0.00M, Peak:0.00M | Scene, ViewLayer | Synchronizing object | Cabin_A_underberth_luggage_retainer
Fra:1 Mem:479.78M (Peak 479.78M) | Time:00:00.88 | Mem:0.00M, Peak:0.00M | Scene, ViewLayer | Synchronizing object | Cabin_A_reading_light
Fra:1 Mem:479.81M (Peak 479.81M) | Time:00:00.88 | Mem:0.00M, Peak:0.00M | Scene, ViewLayer | Synchronizing object | Cabin_A_sliding_door_guide_rail
Fra:1 Mem:479.83M (Peak 479.83M) | Time:00:00.88 | Mem:0.00M, Peak:0.00M | Scene, ViewLayer | Synchronizing object | Cabin_A_voltage_label
Fra:1 Mem:479.89M (Peak 479.89M) | Time:00:00.88 | Mem:0.00M, Peak:0.00M | Scene, ViewLayer | Synchronizing object | Alternator V-belt driven pulley.001
Fra:1 Mem:480.12M (Peak 480.12M) | Time:00:00.88 | Mem:0.00M, Peak:0.00M | Scene, ViewLayer | Synchronizing object | Cabin_A_three_pin_socket_recess.002
Fra:1 Mem:480.15M (Peak 480.15M) | Time:00:00.88 | Mem:0.00M, Peak:0.00M | Scene, ViewLayer | Synchronizing object | Cabin_A_three_pin_socket_recess.001
Fra:1 Mem:480.15M (Peak 480.15M) | Time:00:00.88 | Mem:0.00M, Peak:0.00M | Scene, ViewLayer | Synchronizing object | Cabin_A_three_pin_socket_recess
Fra:1 Mem:480.19M (Peak 480.19M) | Time:00:00.88 | Mem:0.00M, Peak:0.00M | Scene, ViewLayer | Synchronizing object | Cabin_A_socket_faceplate
Fra:1 Mem:480.19M (Peak 480.19M) | Time:00:00.88 | Mem:0.00M, Peak:0.00M | Scene, ViewLayer | Synchronizing object | Cabin_A_rocker_switch.004
Fra:1 Mem:480.17M (Peak 480.19M) | Time:00:00.88 | Mem:0.00M, Peak:0.00M | Scene, ViewLayer | Synchronizing object | Matched alternator V belt 01.001
Fra:1 Mem:480.19M (Peak 480.19M) | Time:00:00.88 | Mem:0.00M, Peak:0.00M | Scene, ViewLayer | Synchronizing object | Cabin_A_individual_switch_plate.004
Fra:1 Mem:480.21M (Peak 480.21M) | Time:00:00.88 | Mem:0.00M, Peak:0.00M | Scene, ViewLayer | Synchronizing object | Cabin_A_rocker_switch.003
Fra:1 Mem:480.22M (Peak 480.22M) | Time:00:00.88 | Mem:0.00M, Peak:0.00M | Scene, ViewLayer | Synchronizing object | Matched alternator V belt 02.001
Fra:1 Mem:480.22M (Peak 480.22M) | Time:00:00.88 | Mem:0.00M, Peak:0.00M | Scene, ViewLayer | Synchronizing object | Cabin_A_individual_switch_plate.003
Fra:1 Mem:480.25M (Peak 480.25M) | Time:00:00.88 | Mem:0.00M, Peak:0.00M | Scene, ViewLayer | Synchronizing object | Cabin_A_rocker_switch.002
Fra:1 Mem:480.26M (Peak 480.26M) | Time:00:00.88 | Mem:0.00M, Peak:0.00M | Scene, ViewLayer | Synchronizing object | Cabin_A_individual_switch_plate.002
Fra:1 Mem:480.26M (Peak 480.26M) | Time:00:00.88 | Mem:0.00M, Peak:0.00M | Scene, ViewLayer | Synchronizing object | Matched alternator V belt 03.001
Fra:1 Mem:480.29M (Peak 480.29M) | Time:00:00.88 | Mem:0.00M, Peak:0.00M | Scene, ViewLayer | Synchronizing object | Cabin_A_rocker_switch.001
Fra:1 Mem:480.30M (Peak 480.30M) | Time:00:00.88 | Mem:0.00M, Peak:0.00M | Scene, ViewLayer | Synchronizing object | Cabin_A_individual_switch_plate.001
Fra:1 Mem:480.31M (Peak 480.31M) | Time:00:00.88 | Mem:0.00M, Peak:0.00M | Scene, ViewLayer | Synchronizing object | Matched alternator V belt 04.001
Fra:1 Mem:480.33M (Peak 480.33M) | Time:00:00.88 | Mem:0.00M, Peak:0.00M | Scene, ViewLayer | Synchronizing object | Cabin_A_rocker_switch
Fra:1 Mem:480.34M (Peak 480.34M) | Time:00:00.88 | Mem:0.00M, Peak:0.00M | Scene, ViewLayer | Synchronizing object | Matched alternator V belt 05.001
Fra:1 Mem:480.34M (Peak 480.34M) | Time:00:00.88 | Mem:0.00M, Peak:0.00M | Scene, ViewLayer | Synchronizing object | Cabin_A_individual_switch_plate
Fra:1 Mem:480.37M (Peak 480.37M) | Time:00:00.88 | Mem:0.00M, Peak:0.00M | Scene, ViewLayer | Synchronizing object | Cabin_A_vertical_control_column
Fra:1 Mem:480.38M (Peak 480.38M) | Time:00:00.88 | Mem:0.00M, Peak:0.00M | Scene, ViewLayer | Synchronizing object | Cabin_A_mirror
Fra:1 Mem:480.39M (Peak 480.39M) | Time:00:00.88 | Mem:0.00M, Peak:0.00M | Scene, ViewLayer | Synchronizing object | Matched alternator V belt 06.001
Fra:1 Mem:480.41M (Peak 480.41M) | Time:00:00.88 | Mem:0.00M, Peak:0.00M | Scene, ViewLayer | Synchronizing object | Cabin_A_mirror_frame
Fra:1 Mem:480.42M (Peak 480.42M) | Time:00:00.88 | Mem:0.00M, Peak:0.00M | Scene, ViewLayer | Synchronizing object | Cabin_A_table_bracket
Fra:1 Mem:480.42M (Peak 480.42M) | Time:00:00.88 | Mem:0.00M, Peak:0.00M | Scene, ViewLayer | Synchronizing object | Split axle pulley fixing hex head.006
Fra:1 Mem:480.43M (Peak 480.43M) | Time:00:00.88 | Mem:0.00M, Peak:0.00M | Scene, ViewLayer | Synchronizing object | Cabin_A_folding_table
Fra:1 Mem:480.43M (Peak 480.43M) | Time:00:00.88 | Mem:0.00M, Peak:0.00M | Scene, ViewLayer | Synchronizing object | Split axle pulley fixing hex head.007
Fra:1 Mem:480.43M (Peak 480.43M) | Time:00:00.88 | Mem:0.00M, Peak:0.00M | Scene, ViewLayer | Synchronizing object | Cabin_A_ladder_step.009
Fra:1 Mem:480.44M (Peak 480.44M) | Time:00:00.88 | Mem:0.00M, Peak:0.00M | Scene, ViewLayer | Synchronizing object | Cabin_A_ladder_step.008
Fra:1 Mem:480.44M (Peak 480.44M) | Time:00:00.88 | Mem:0.00M, Peak:0.00M | Scene, ViewLayer | Synchronizing object | Split axle pulley fixing hex head.008
Fra:1 Mem:480.44M (Peak 480.44M) | Time:00:00.88 | Mem:0.00M, Peak:0.00M | Scene, ViewLayer | Synchronizing object | Cabin_A_ladder_step.007
Fra:1 Mem:480.46M (Peak 480.46M) | Time:00:00.88 | Mem:0.00M, Peak:0.00M | Scene, ViewLayer | Synchronizing object | Split axle pulley fixing hex head.009
Fra:1 Mem:480.45M (Peak 480.46M) | Time:00:00.88 | Mem:0.00M, Peak:0.00M | Scene, ViewLayer | Synchronizing object | Cabin_A_ladder_step.006
Fra:1 Mem:480.45M (Peak 480.46M) | Time:00:00.88 | Mem:0.00M, Peak:0.00M | Scene, ViewLayer | Synchronizing object | Split axle pulley fixing hex head.010
Fra:1 Mem:480.46M (Peak 480.46M) | Time:00:00.88 | Mem:0.00M, Peak:0.00M | Scene, ViewLayer | Synchronizing object | Split axle pulley fixing hex head.011
Fra:1 Mem:480.46M (Peak 480.46M) | Time:00:00.88 | Mem:0.00M, Peak:0.00M | Scene, ViewLayer | Synchronizing object | Cabin_A_ladder_step.005
Fra:1 Mem:480.46M (Peak 480.46M) | Time:00:00.88 | Mem:0.00M, Peak:0.00M | Scene, ViewLayer | Synchronizing object | Alternator spring tension screw
Fra:1 Mem:480.46M (Peak 480.46M) | Time:00:00.88 | Mem:0.00M, Peak:0.00M | Scene, ViewLayer | Synchronizing object | Cabin_A_ladder_upright.003
Fra:1 Mem:480.47M (Peak 480.47M) | Time:00:00.88 | Mem:0.00M, Peak:0.00M | Scene, ViewLayer | Synchronizing object | Alternator tension rod clevis
Fra:1 Mem:480.47M (Peak 480.47M) | Time:00:00.88 | Mem:0.00M, Peak:0.00M | Scene, ViewLayer | Synchronizing object | Cabin_A_ladder_upright.002
Fra:1 Mem:480.48M (Peak 480.48M) | Time:00:00.88 | Mem:0.00M, Peak:0.00M | Scene, ViewLayer | Synchronizing object | Cabin_A_upper_safety_rail.001
Fra:1 Mem:480.48M (Peak 480.48M) | Time:00:00.88 | Mem:0.00M, Peak:0.00M | Scene, ViewLayer | Synchronizing object | Alternator tension bracket vertical support
Fra:1 Mem:480.49M (Peak 480.49M) | Time:00:00.88 | Mem:0.00M, Peak:0.00M | Scene, ViewLayer | Synchronizing object | Cabin_A_upper_hanger_ceiling_plate.003
Fra:1 Mem:480.50M (Peak 480.50M) | Time:00:00.88 | Mem:0.00M, Peak:0.00M | Scene, ViewLayer | Synchronizing object | Alternator safety chain link
Fra:1 Mem:480.51M (Peak 480.51M) | Time:00:00.88 | Mem:0.00M, Peak:0.00M | Scene, ViewLayer | Synchronizing object | Cabin_A_upper_hanger.003
Fra:1 Mem:480.51M (Peak 480.51M) | Time:00:00.88 | Mem:0.00M, Peak:0.00M | Scene, ViewLayer | Synchronizing object | Cabin_A_upper_hanger_ceiling_plate.002
Fra:1 Mem:480.51M (Peak 480.51M) | Time:00:00.88 | Mem:0.00M, Peak:0.00M | Scene, ViewLayer | Synchronizing object | Alternator safety chain link.001
Fra:1 Mem:480.53M (Peak 480.53M) | Time:00:00.88 | Mem:0.00M, Peak:0.00M | Scene, ViewLayer | Synchronizing object | Cabin_A_upper_hanger.002
Fra:1 Mem:480.54M (Peak 480.54M) | Time:00:00.88 | Mem:0.00M, Peak:0.00M | Scene, ViewLayer | Synchronizing object | Alternator safety chain link.002
Fra:1 Mem:480.54M (Peak 480.54M) | Time:00:00.88 | Mem:0.00M, Peak:0.00M | Scene, ViewLayer | Synchronizing object | Cabin_A_lower_berth_base.001
Fra:1 Mem:480.56M (Peak 480.56M) | Time:00:00.88 | Mem:0.00M, Peak:0.00M | Scene, ViewLayer | Synchronizing object | Cabin_A_upper_berth_subtle_cover_stitch.003
Fra:1 Mem:480.56M (Peak 480.56M) | Time:00:00.88 | Mem:0.00M, Peak:0.00M | Scene, ViewLayer | Synchronizing object | Alternator safety chain link.003
Fra:1 Mem:480.59M (Peak 480.59M) | Time:00:00.88 | Mem:0.00M, Peak:0.00M | Scene, ViewLayer | Synchronizing object | Cabin_A_upper_berth_subtle_cover_stitch.002
Fra:1 Mem:480.59M (Peak 480.59M) | Time:00:00.88 | Mem:0.00M, Peak:0.00M | Scene, ViewLayer | Synchronizing object | Alternator safety chain link.004
Fra:1 Mem:480.61M (Peak 480.61M) | Time:00:00.88 | Mem:0.00M, Peak:0.00M | Scene, ViewLayer | Synchronizing object | Alternator safety chain link.005
Fra:1 Mem:480.61M (Peak 480.61M) | Time:00:00.88 | Mem:0.00M, Peak:0.00M | Scene, ViewLayer | Synchronizing object | Cabin_A_upper_berth_stitched_edge_welt.001
Fra:1 Mem:480.64M (Peak 480.64M) | Time:00:00.88 | Mem:0.00M, Peak:0.00M | Scene, ViewLayer | Synchronizing object | Alternator safety chain link.006
Fra:1 Mem:480.66M (Peak 480.66M) | Time:00:00.88 | Mem:0.00M, Peak:0.00M | Scene, ViewLayer | Synchronizing object | Cabin_A_upper_berth.001
Fra:1 Mem:480.67M (Peak 480.67M) | Time:00:00.88 | Mem:0.00M, Peak:0.00M | Scene, ViewLayer | Synchronizing object | Alternator safety chain link.007
Fra:1 Mem:480.70M (Peak 480.70M) | Time:00:00.88 | Mem:0.00M, Peak:0.00M | Scene, ViewLayer | Synchronizing object | Alternator safety chain link.008
Fra:1 Mem:480.72M (Peak 480.72M) | Time:00:00.88 | Mem:0.00M, Peak:0.00M | Scene, ViewLayer | Synchronizing object | Cabin_A_lower_backrest.001
Fra:1 Mem:480.72M (Peak 480.72M) | Time:00:00.88 | Mem:0.00M, Peak:0.00M | Scene, ViewLayer | Synchronizing object | Alternator safety chain link.009
Fra:1 Mem:480.74M (Peak 480.74M) | Time:00:00.88 | Mem:0.00M, Peak:0.00M | Scene, ViewLayer | Synchronizing object | Alternator safety chain link.010
Fra:1 Mem:480.79M (Peak 480.79M) | Time:00:00.88 | Mem:0.00M, Peak:0.00M | Scene, ViewLayer | Synchronizing object | Alternator safety chain link.011
Fra:1 Mem:480.79M (Peak 480.79M) | Time:00:00.88 | Mem:0.00M, Peak:0.00M | Scene, ViewLayer | Synchronizing object | Alternator safety chain link.012
Fra:1 Mem:480.82M (Peak 480.82M) | Time:00:00.88 | Mem:0.00M, Peak:0.00M | Scene, ViewLayer | Synchronizing object | Alternator safety chain link.013
Fra:1 Mem:480.86M (Peak 480.86M) | Time:00:00.88 | Mem:0.00M, Peak:0.00M | Scene, ViewLayer | Synchronizing object | Alternator safety chain link.014
Fra:1 Mem:480.88M (Peak 480.88M) | Time:00:00.88 | Mem:0.00M, Peak:0.00M | Scene, ViewLayer | Synchronizing object | Alternator safety chain link.015
Fra:1 Mem:480.89M (Peak 480.89M) | Time:00:00.88 | Mem:0.00M, Peak:0.00M | Scene, ViewLayer | Synchronizing object | Alternator safety chain link.016
Fra:1 Mem:480.85M (Peak 480.89M) | Time:00:00.88 | Mem:0.00M, Peak:0.00M | Scene, ViewLayer | Synchronizing object | Cabin_A_lower_berth_subtle_cover_stitch.003
Fra:1 Mem:480.86M (Peak 480.89M) | Time:00:00.88 | Mem:0.00M, Peak:0.00M | Scene, ViewLayer | Synchronizing object | Alternator safety chain link.017
Fra:1 Mem:480.88M (Peak 480.89M) | Time:00:00.88 | Mem:0.00M, Peak:0.00M | Scene, ViewLayer | Synchronizing object | Cabin_A_lower_berth_subtle_cover_stitch.002
Fra:1 Mem:480.88M (Peak 480.89M) | Time:00:00.88 | Mem:0.00M, Peak:0.00M | Scene, ViewLayer | Synchronizing object | Alternator safety chain link.018
Fra:1 Mem:480.91M (Peak 480.91M) | Time:00:00.88 | Mem:0.00M, Peak:0.00M | Scene, ViewLayer | Synchronizing object | Cabin_A_lower_berth_stitched_edge_welt.001
Fra:1 Mem:480.91M (Peak 480.91M) | Time:00:00.88 | Mem:0.00M, Peak:0.00M | Scene, ViewLayer | Synchronizing object | Alternator safety chain link.019
Fra:1 Mem:480.95M (Peak 480.95M) | Time:00:00.88 | Mem:0.00M, Peak:0.00M | Scene, ViewLayer | Synchronizing object | Fabricated sideframe vertical web.004
Fra:1 Mem:480.95M (Peak 480.95M) | Time:00:00.88 | Mem:0.00M, Peak:0.00M | Scene, ViewLayer | Synchronizing object | Cabin_A_lower_berth.001
Fra:1 Mem:480.97M (Peak 480.97M) | Time:00:00.88 | Mem:0.00M, Peak:0.00M | Scene, ViewLayer | Synchronizing object | Fabricated sideframe vertical web.005
Fra:1 Mem:480.98M (Peak 480.98M) | Time:00:00.88 | Mem:0.00M, Peak:0.00M | Scene, ViewLayer | Synchronizing object | Sideframe continuous upper flange.002
Fra:1 Mem:480.99M (Peak 480.99M) | Time:00:00.88 | Mem:0.00M, Peak:0.00M | Scene, ViewLayer | Synchronizing object | Cabin_A_ladder_step.004
Fra:1 Mem:481.01M (Peak 481.01M) | Time:00:00.88 | Mem:0.00M, Peak:0.00M | Scene, ViewLayer | Synchronizing object | Sideframe lower spring flange.002
Fra:1 Mem:481.00M (Peak 481.01M) | Time:00:00.88 | Mem:0.00M, Peak:0.00M | Scene, ViewLayer | Synchronizing object | Cabin_A_ladder_step.003
Fra:1 Mem:481.01M (Peak 481.01M) | Time:00:00.88 | Mem:0.00M, Peak:0.00M | Scene, ViewLayer | Synchronizing object | Sideframe welded vertical stiffener.012
Fra:1 Mem:481.01M (Peak 481.01M) | Time:00:00.88 | Mem:0.00M, Peak:0.00M | Scene, ViewLayer | Synchronizing object | Cabin_A_ladder_step.002
Fra:1 Mem:481.02M (Peak 481.02M) | Time:00:00.88 | Mem:0.00M, Peak:0.00M | Scene, ViewLayer | Synchronizing object | Cabin_A_ladder_step.001
Fra:1 Mem:481.02M (Peak 481.02M) | Time:00:00.88 | Mem:0.00M, Peak:0.00M | Scene, ViewLayer | Synchronizing object | Visible sideframe fillet weld.012
Fra:1 Mem:481.02M (Peak 481.02M) | Time:00:00.88 | Mem:0.00M, Peak:0.00M | Scene, ViewLayer | Synchronizing object | Cabin_A_ladder_step
Fra:1 Mem:481.03M (Peak 481.03M) | Time:00:00.88 | Mem:0.00M, Peak:0.00M | Scene, ViewLayer | Synchronizing object | Sideframe welded vertical stiffener.013
Fra:1 Mem:481.03M (Peak 481.03M) | Time:00:00.88 | Mem:0.00M, Peak:0.00M | Scene, ViewLayer | Synchronizing object | Cabin_A_ladder_upright.001
Fra:1 Mem:481.04M (Peak 481.04M) | Time:00:00.88 | Mem:0.00M, Peak:0.00M | Scene, ViewLayer | Synchronizing object | Cabin_A_ladder_upright
Fra:1 Mem:481.04M (Peak 481.04M) | Time:00:00.88 | Mem:0.00M, Peak:0.00M | Scene, ViewLayer | Synchronizing object | Visible sideframe fillet weld.013
Fra:1 Mem:481.04M (Peak 481.04M) | Time:00:00.88 | Mem:0.00M, Peak:0.00M | Scene, ViewLayer | Synchronizing object | Cabin_A_upper_safety_rail
Fra:1 Mem:481.04M (Peak 481.04M) | Time:00:00.88 | Mem:0.00M, Peak:0.00M | Scene, ViewLayer | Synchronizing object | Sideframe welded vertical stiffener.014
Fra:1 Mem:481.05M (Peak 481.05M) | Time:00:00.88 | Mem:0.00M, Peak:0.00M | Scene, ViewLayer | Synchronizing object | Cabin_A_upper_hanger_ceiling_plate.001
Fra:1 Mem:481.06M (Peak 481.06M) | Time:00:00.88 | Mem:0.00M, Peak:0.00M | Scene, ViewLayer | Synchronizing object | Visible sideframe fillet weld.014
Fra:1 Mem:481.07M (Peak 481.07M) | Time:00:00.88 | Mem:0.00M, Peak:0.00M | Scene, ViewLayer | Synchronizing object | Cabin_A_upper_hanger.001
Fra:1 Mem:481.07M (Peak 481.07M) | Time:00:00.88 | Mem:0.00M, Peak:0.00M | Scene, ViewLayer | Synchronizing object | Sideframe welded vertical stiffener.015
Fra:1 Mem:481.08M (Peak 481.08M) | Time:00:00.88 | Mem:0.00M, Peak:0.00M | Scene, ViewLayer | Synchronizing object | Cabin_A_upper_hanger_ceiling_plate
Fra:1 Mem:481.08M (Peak 481.08M) | Time:00:00.88 | Mem:0.00M, Peak:0.00M | Scene, ViewLayer | Synchronizing object | Visible sideframe fillet weld.015
Fra:1 Mem:481.09M (Peak 481.09M) | Time:00:00.88 | Mem:0.00M, Peak:0.00M | Scene, ViewLayer | Synchronizing object | Sideframe welded vertical stiffener.016
Fra:1 Mem:481.09M (Peak 481.09M) | Time:00:00.88 | Mem:0.00M, Peak:0.00M | Scene, ViewLayer | Synchronizing object | Visible sideframe fillet weld.016
Fra:1 Mem:481.10M (Peak 481.10M) | Time:00:00.88 | Mem:0.00M, Peak:0.00M | Scene, ViewLayer | Synchronizing object | Sideframe welded vertical stiffener.017
Fra:1 Mem:481.10M (Peak 481.10M) | Time:00:00.88 | Mem:0.00M, Peak:0.00M | Scene, ViewLayer | Synchronizing object | Visible sideframe fillet weld.017
Fra:1 Mem:481.11M (Peak 481.11M) | Time:00:00.88 | Mem:0.00M, Peak:0.00M | Scene, ViewLayer | Synchronizing object | Bogie maker plate.002
Fra:1 Mem:481.12M (Peak 481.12M) | Time:00:00.88 | Mem:0.00M, Peak:0.00M | Scene, ViewLayer | Synchronizing object | Cabin_A_lower_berth_base
Fra:1 Mem:481.13M (Peak 481.13M) | Time:00:00.88 | Mem:0.00M, Peak:0.00M | Scene, ViewLayer | Synchronizing object | Maker plate rivet hex head.004
Fra:1 Mem:481.13M (Peak 481.13M) | Time:00:00.88 | Mem:0.00M, Peak:0.00M | Scene, ViewLayer | Synchronizing object | Cabin_A_upper_berth_subtle_cover_stitch.001
Fra:1 Mem:481.14M (Peak 481.14M) | Time:00:00.88 | Mem:0.00M, Peak:0.00M | Scene, ViewLayer | Synchronizing object | Maker plate rivet hex head.005
Fra:1 Mem:481.15M (Peak 481.15M) | Time:00:00.88 | Mem:0.00M, Peak:0.00M | Scene, ViewLayer | Synchronizing object | Fabricated sideframe vertical web.006
Fra:1 Mem:481.15M (Peak 481.15M) | Time:00:00.88 | Mem:0.00M, Peak:0.00M | Scene, ViewLayer | Synchronizing object | Cabin_A_upper_berth_subtle_cover_stitch
Fra:1 Mem:481.16M (Peak 481.16M) | Time:00:00.88 | Mem:0.00M, Peak:0.00M | Scene, ViewLayer | Synchronizing object | Fabricated sideframe vertical web.007
Fra:1 Mem:481.17M (Peak 481.17M) | Time:00:00.88 | Mem:0.00M, Peak:0.00M | Scene, ViewLayer | Synchronizing object | Sideframe continuous upper flange.003
Fra:1 Mem:481.17M (Peak 481.17M) | Time:00:00.88 | Mem:0.00M, Peak:0.00M | Scene, ViewLayer | Synchronizing object | Cabin_A_upper_berth_stitched_edge_welt
Fra:1 Mem:481.19M (Peak 481.19M) | Time:00:00.88 | Mem:0.00M, Peak:0.00M | Scene, ViewLayer | Synchronizing object | Sideframe lower spring flange.003
Fra:1 Mem:481.21M (Peak 481.21M) | Time:00:00.88 | Mem:0.00M, Peak:0.00M | Scene, ViewLayer | Synchronizing object | Cabin_A_upper_berth
Fra:1 Mem:481.21M (Peak 481.21M) | Time:00:00.88 | Mem:0.00M, Peak:0.00M | Scene, ViewLayer | Synchronizing object | Sideframe welded vertical stiffener.018
Fra:1 Mem:481.24M (Peak 481.24M) | Time:00:00.88 | Mem:0.00M, Peak:0.00M | Scene, ViewLayer | Synchronizing object | Visible sideframe fillet weld.018
Fra:1 Mem:481.25M (Peak 481.25M) | Time:00:00.88 | Mem:0.00M, Peak:0.00M | Scene, ViewLayer | Synchronizing object | Sideframe welded vertical stiffener.019
Fra:1 Mem:481.26M (Peak 481.26M) | Time:00:00.88 | Mem:0.00M, Peak:0.00M | Scene, ViewLayer | Synchronizing object | Cabin_A_lower_backrest
Fra:1 Mem:481.26M (Peak 481.26M) | Time:00:00.88 | Mem:0.00M, Peak:0.00M | Scene, ViewLayer | Synchronizing object | Visible sideframe fillet weld.019
Fra:1 Mem:481.26M (Peak 481.26M) | Time:00:00.88 | Mem:0.00M, Peak:0.00M | Scene, ViewLayer | Synchronizing object | Sideframe welded vertical stiffener.020
Fra:1 Mem:481.31M (Peak 481.31M) | Time:00:00.88 | Mem:0.00M, Peak:0.00M | Scene, ViewLayer | Synchronizing object | Visible sideframe fillet weld.020
Fra:1 Mem:481.32M (Peak 481.32M) | Time:00:00.88 | Mem:0.00M, Peak:0.00M | Scene, ViewLayer | Synchronizing object | Sideframe welded vertical stiffener.021
Fra:1 Mem:481.30M (Peak 481.32M) | Time:00:00.88 | Mem:0.00M, Peak:0.00M | Scene, ViewLayer | Synchronizing object | Visible sideframe fillet weld.021
Fra:1 Mem:481.32M (Peak 481.32M) | Time:00:00.88 | Mem:0.00M, Peak:0.00M | Scene, ViewLayer | Synchronizing object | Sideframe welded vertical stiffener.022
Fra:1 Mem:481.35M (Peak 481.35M) | Time:00:00.88 | Mem:0.00M, Peak:0.00M | Scene, ViewLayer | Synchronizing object | Visible sideframe fillet weld.022
Fra:1 Mem:481.37M (Peak 481.37M) | Time:00:00.88 | Mem:0.00M, Peak:0.00M | Scene, ViewLayer | Synchronizing object | Sideframe welded vertical stiffener.023
Fra:1 Mem:481.38M (Peak 481.38M) | Time:00:00.88 | Mem:0.00M, Peak:0.00M | Scene, ViewLayer | Synchronizing object | Visible sideframe fillet weld.023
Fra:1 Mem:481.38M (Peak 481.38M) | Time:00:00.88 | Mem:0.00M, Peak:0.00M | Scene, ViewLayer | Synchronizing object | Bogie maker plate.003
Fra:1 Mem:481.39M (Peak 481.39M) | Time:00:00.88 | Mem:0.00M, Peak:0.00M | Scene, ViewLayer | Synchronizing object | Maker plate rivet hex head.006
Fra:1 Mem:481.36M (Peak 481.39M) | Time:00:00.88 | Mem:0.00M, Peak:0.00M | Scene, ViewLayer | Synchronizing object | Maker plate rivet hex head.007
Fra:1 Mem:481.35M (Peak 481.39M) | Time:00:00.88 | Mem:0.00M, Peak:0.00M | Scene, ViewLayer | Synchronizing object | Cabin_A_lower_berth_subtle_cover_stitch.001
Fra:1 Mem:481.35M (Peak 481.39M) | Time:00:00.88 | Mem:0.00M, Peak:0.00M | Scene, ViewLayer | Synchronizing object | Bogie headstock transverse box.002
Fra:1 Mem:481.37M (Peak 481.39M) | Time:00:00.88 | Mem:0.00M, Peak:0.00M | Scene, ViewLayer | Synchronizing object | Headstock upper flange.002
Fra:1 Mem:481.38M (Peak 481.39M) | Time:00:00.88 | Mem:0.00M, Peak:0.00M | Scene, ViewLayer | Synchronizing object | Cabin_A_lower_berth_subtle_cover_stitch
Fra:1 Mem:481.40M (Peak 481.40M) | Time:00:00.88 | Mem:0.00M, Peak:0.00M | Scene, ViewLayer | Synchronizing object | Headstock corner gusset.004
Fra:1 Mem:481.40M (Peak 481.40M) | Time:00:00.88 | Mem:0.00M, Peak:0.00M | Scene, ViewLayer | Synchronizing object | Cabin_A_lower_berth_stitched_edge_welt
Fra:1 Mem:481.40M (Peak 481.40M) | Time:00:00.88 | Mem:0.00M, Peak:0.00M | Scene, ViewLayer | Synchronizing object | Headstock corner gusset.005
Fra:1 Mem:481.42M (Peak 481.42M) | Time:00:00.88 | Mem:0.00M, Peak:0.00M | Scene, ViewLayer | Synchronizing object | Bogie headstock transverse box.003
Fra:1 Mem:481.44M (Peak 481.44M) | Time:00:00.88 | Mem:0.00M, Peak:0.00M | Scene, ViewLayer | Synchronizing object | Headstock upper flange.003
Fra:1 Mem:481.43M (Peak 481.44M) | Time:00:00.88 | Mem:0.00M, Peak:0.00M | Scene, ViewLayer | Synchronizing object | Cabin_A_lower_berth
Fra:1 Mem:481.47M (Peak 481.47M) | Time:00:00.88 | Mem:0.00M, Peak:0.00M | Scene, ViewLayer | Synchronizing object | Headstock corner gusset.006
Fra:1 Mem:481.47M (Peak 481.47M) | Time:00:00.88 | Mem:0.00M, Peak:0.00M | Scene, ViewLayer | Synchronizing object | Headstock corner gusset.007
Fra:1 Mem:481.48M (Peak 481.48M) | Time:00:00.88 | Mem:0.00M, Peak:0.00M | Scene, ViewLayer | Synchronizing object | Bogie centre transom box.002
Fra:1 Mem:481.48M (Peak 481.48M) | Time:00:00.88 | Mem:0.00M, Peak:0.00M | Scene, ViewLayer | Synchronizing object | Cabin_A_end_partition
Fra:1 Mem:481.49M (Peak 481.49M) | Time:00:00.88 | Mem:0.00M, Peak:0.00M | Scene, ViewLayer | Synchronizing object | Distribution panel quarter turn latch.007
Fra:1 Mem:481.49M (Peak 481.49M) | Time:00:00.88 | Mem:0.00M, Peak:0.00M | Scene, ViewLayer | Synchronizing object | Transom upper closing flange.002
Fra:1 Mem:481.50M (Peak 481.50M) | Time:00:00.88 | Mem:0.00M, Peak:0.00M | Scene, ViewLayer | Synchronizing object | Distribution cupboard access panel.007
Fra:1 Mem:481.50M (Peak 481.50M) | Time:00:00.88 | Mem:0.00M, Peak:0.00M | Scene, ViewLayer | Synchronizing object | Bogie centre transom box.003
Fra:1 Mem:481.52M (Peak 481.52M) | Time:00:00.88 | Mem:0.00M, Peak:0.00M | Scene, ViewLayer | Synchronizing object | Distribution panel quarter turn latch.006
Fra:1 Mem:481.52M (Peak 481.52M) | Time:00:00.88 | Mem:0.00M, Peak:0.00M | Scene, ViewLayer | Synchronizing object | Transom upper closing flange.003
Fra:1 Mem:481.53M (Peak 481.53M) | Time:00:00.88 | Mem:0.00M, Peak:0.00M | Scene, ViewLayer | Synchronizing object | Distribution cupboard access panel.006
Fra:1 Mem:481.53M (Peak 481.53M) | Time:00:00.88 | Mem:0.00M, Peak:0.00M | Scene, ViewLayer | Synchronizing object | Bogie air feed manifold.001
Fra:1 Mem:481.55M (Peak 481.55M) | Time:00:00.88 | Mem:0.00M, Peak:0.00M | Scene, ViewLayer | Synchronizing object | Bogie feed pipe clip.007
Fra:1 Mem:481.55M (Peak 481.55M) | Time:00:00.88 | Mem:0.00M, Peak:0.00M | Scene, ViewLayer | Synchronizing object | Distribution panel quarter turn latch.005
Fra:1 Mem:481.56M (Peak 481.56M) | Time:00:00.88 | Mem:0.00M, Peak:0.00M | Scene, ViewLayer | Synchronizing object | Bogie feed pipe clip.008
Fra:1 Mem:481.57M (Peak 481.57M) | Time:00:00.88 | Mem:0.00M, Peak:0.00M | Scene, ViewLayer | Synchronizing object | Distribution cupboard access panel.005
Fra:1 Mem:481.58M (Peak 481.58M) | Time:00:00.88 | Mem:0.00M, Peak:0.00M | Scene, ViewLayer | Synchronizing object | Bogie feed pipe clip.009
Fra:1 Mem:481.58M (Peak 481.58M) | Time:00:00.88 | Mem:0.00M, Peak:0.00M | Scene, ViewLayer | Synchronizing object | Distribution panel quarter turn latch.004
Fra:1 Mem:481.60M (Peak 481.60M) | Time:00:00.88 | Mem:0.00M, Peak:0.00M | Scene, ViewLayer | Synchronizing object | Bogie feed pipe clip.010
Fra:1 Mem:481.60M (Peak 481.60M) | Time:00:00.88 | Mem:0.00M, Peak:0.00M | Scene, ViewLayer | Synchronizing object | Distribution cupboard access panel.004
Fra:1 Mem:481.61M (Peak 481.61M) | Time:00:00.88 | Mem:0.00M, Peak:0.00M | Scene, ViewLayer | Synchronizing object | Electrical distribution cupboard.001
Fra:1 Mem:481.61M (Peak 481.61M) | Time:00:00.88 | Mem:0.00M, Peak:0.00M | Scene, ViewLayer | Synchronizing object | Bogie feed pipe clip.011
Fra:1 Mem:481.63M (Peak 481.63M) | Time:00:00.88 | Mem:0.00M, Peak:0.00M | Scene, ViewLayer | Synchronizing object | Interior emergency instructions.001
Fra:1 Mem:481.64M (Peak 481.64M) | Time:00:00.88 | Mem:0.00M, Peak:0.00M | Scene, ViewLayer | Synchronizing object | Bogie feed pipe clip.012
Fra:1 Mem:481.69M (Peak 481.69M) | Time:00:00.88 | Mem:0.00M, Peak:0.00M | Scene, ViewLayer | Synchronizing object | Bogie feed pipe clip.013
Fra:1 Mem:481.73M (Peak 481.73M) | Time:00:00.88 | Mem:0.00M, Peak:0.00M | Scene, ViewLayer | Synchronizing object | Floating bogie bolster main box.001
Fra:1 Mem:481.74M (Peak 481.74M) | Time:00:00.88 | Mem:0.00M, Peak:0.00M | Scene, ViewLayer | Synchronizing object | Bolster upper flange.002
Fra:1 Mem:481.75M (Peak 481.75M) | Time:00:00.88 | Mem:0.00M, Peak:0.00M | Scene, ViewLayer | Synchronizing object | Bolster upper flange.003
Fra:1 Mem:481.76M (Peak 481.76M) | Time:00:00.88 | Mem:0.00M, Peak:0.00M | Scene, ViewLayer | Synchronizing object | Bolster spring head seat.002
Fra:1 Mem:481.78M (Peak 481.78M) | Time:00:00.88 | Mem:0.00M, Peak:0.00M | Scene, ViewLayer | Synchronizing object | Lower spring beam end tray.002
Fra:1 Mem:481.79M (Peak 481.79M) | Time:00:00.88 | Mem:0.00M, Peak:0.00M | Scene, ViewLayer | Synchronizing object | Vestibule interior grab pole.003
Fra:1 Mem:481.79M (Peak 481.79M) | Time:00:00.88 | Mem:0.00M, Peak:0.00M | Scene, ViewLayer | Synchronizing object | Bolster spring bottom rubber pad.004
Fra:1 Mem:481.80M (Peak 481.80M) | Time:00:00.88 | Mem:0.00M, Peak:0.00M | Scene, ViewLayer | Synchronizing object | Vestibule interior grab pole.002
Fra:1 Mem:481.80M (Peak 481.80M) | Time:00:00.88 | Mem:0.00M, Peak:0.00M | Scene, ViewLayer | Synchronizing object | Bolster spring top seating flange.004
Fra:1 Mem:481.81M (Peak 481.81M) | Time:00:00.88 | Mem:0.00M, Peak:0.00M | Scene, ViewLayer | Synchronizing object | Washbasin mirror horizontal trim.007
Fra:1 Mem:481.82M (Peak 481.82M) | Time:00:00.88 | Mem:0.00M, Peak:0.00M | Scene, ViewLayer | Synchronizing object | Secondary 42mm bolster coil.004
Fra:1 Mem:481.82M (Peak 481.82M) | Time:00:00.88 | Mem:0.00M, Peak:0.00M | Scene, ViewLayer | Synchronizing object | Washbasin mirror horizontal trim.006
Fra:1 Mem:481.86M (Peak 481.86M) | Time:00:00.88 | Mem:0.00M, Peak:0.00M | Scene, ViewLayer | Synchronizing object | Washbasin mirror.003
Fra:1 Mem:481.94M (Peak 481.94M) | Time:00:00.88 | Mem:0.00M, Peak:0.00M | Scene, ViewLayer | Synchronizing object | Washbasin bent tap.003
Fra:1 Mem:481.99M (Peak 481.99M) | Time:00:00.88 | Mem:0.00M, Peak:0.00M | Scene, ViewLayer | Synchronizing object | Vestibule handwash bowl drain slot.011
Fra:1 Mem:481.99M (Peak 481.99M) | Time:00:00.88 | Mem:0.00M, Peak:0.00M | Scene, ViewLayer | Synchronizing object | Vestibule handwash bowl drain slot.010
Fra:1 Mem:482.00M (Peak 482.00M) | Time:00:00.88 | Mem:0.00M, Peak:0.00M | Scene, ViewLayer | Synchronizing object | Vestibule handwash bowl drain slot.009
Fra:1 Mem:482.01M (Peak 482.01M) | Time:00:00.88 | Mem:0.00M, Peak:0.00M | Scene, ViewLayer | Synchronizing object | Vestibule handwash bowl drain.003
Fra:1 Mem:482.03M (Peak 482.03M) | Time:00:00.88 | Mem:0.00M, Peak:0.00M | Scene, ViewLayer | Synchronizing object | Vestibule handwash bowl.003
Fra:1 Mem:482.05M (Peak 482.05M) | Time:00:00.88 | Mem:0.00M, Peak:0.00M | Scene, ViewLayer | Synchronizing object | Secondary 42mm bolster coil group mark.044
Fra:1 Mem:482.05M (Peak 482.05M) | Time:00:00.88 | Mem:0.00M, Peak:0.00M | Scene, ViewLayer | Synchronizing object | Washbasin undercounter cabinet.003
Fra:1 Mem:482.06M (Peak 482.06M) | Time:00:00.88 | Mem:0.00M, Peak:0.00M | Scene, ViewLayer | Synchronizing object | Secondary 42mm bolster coil group mark.045
Fra:1 Mem:482.07M (Peak 482.07M) | Time:00:00.88 | Mem:0.00M, Peak:0.00M | Scene, ViewLayer | Synchronizing object | Lavatory drain perforation.019
Fra:1 Mem:482.07M (Peak 482.07M) | Time:00:00.88 | Mem:0.00M, Peak:0.00M | Scene, ViewLayer | Synchronizing object | Secondary 42mm bolster coil group mark.046
Fra:1 Mem:482.08M (Peak 482.08M) | Time:00:00.88 | Mem:0.00M, Peak:0.00M | Scene, ViewLayer | Synchronizing object | Secondary 42mm bolster coil group mark.047
Fra:1 Mem:482.08M (Peak 482.08M) | Time:00:00.88 | Mem:0.00M, Peak:0.00M | Scene, ViewLayer | Synchronizing object | Lavatory drain perforation.018
Fra:1 Mem:482.09M (Peak 482.09M) | Time:00:00.88 | Mem:0.00M, Peak:0.00M | Scene, ViewLayer | Synchronizing object | Secondary 42mm bolster coil group mark.048
Fra:1 Mem:482.09M (Peak 482.09M) | Time:00:00.88 | Mem:0.00M, Peak:0.00M | Scene, ViewLayer | Synchronizing object | Lavatory drain perforation.017
Fra:1 Mem:482.10M (Peak 482.10M) | Time:00:00.88 | Mem:0.00M, Peak:0.00M | Scene, ViewLayer | Synchronizing object | Secondary 42mm bolster coil group mark.049
Fra:1 Mem:482.10M (Peak 482.10M) | Time:00:00.88 | Mem:0.00M, Peak:0.00M | Scene, ViewLayer | Synchronizing object | Lavatory drain perforation.016
Fra:1 Mem:482.10M (Peak 482.10M) | Time:00:00.88 | Mem:0.00M, Peak:0.00M | Scene, ViewLayer | Synchronizing object | Secondary 42mm bolster coil group mark.050
Fra:1 Mem:482.11M (Peak 482.11M) | Time:00:00.88 | Mem:0.00M, Peak:0.00M | Scene, ViewLayer | Synchronizing object | Secondary 42mm bolster coil group mark.051
Fra:1 Mem:482.12M (Peak 482.12M) | Time:00:00.88 | Mem:0.00M, Peak:0.00M | Scene, ViewLayer | Synchronizing object | Secondary 42mm bolster coil group mark.052
Fra:1 Mem:482.12M (Peak 482.12M) | Time:00:00.88 | Mem:0.00M, Peak:0.00M | Scene, ViewLayer | Synchronizing object | Secondary 42mm bolster coil group mark.053
Fra:1 Mem:482.13M (Peak 482.13M) | Time:00:00.88 | Mem:0.00M, Peak:0.00M | Scene, ViewLayer | Synchronizing object | Lavatory stainless floor drain.003
Fra:1 Mem:482.13M (Peak 482.13M) | Time:00:00.88 | Mem:0.00M, Peak:0.00M | Scene, ViewLayer | Synchronizing object | Secondary 42mm bolster coil group mark.054
Fra:1 Mem:482.14M (Peak 482.14M) | Time:00:00.88 | Mem:0.00M, Peak:0.00M | Scene, ViewLayer | Synchronizing object | Lavatory wash spray hose.003
Fra:1 Mem:482.14M (Peak 482.14M) | Time:00:00.88 | Mem:0.00M, Peak:0.00M | Scene, ViewLayer | Synchronizing object | Bolster spring bottom rubber pad.005
Fra:1 Mem:482.15M (Peak 482.15M) | Time:00:00.88 | Mem:0.00M, Peak:0.00M | Scene, ViewLayer | Synchronizing object | Lavatory grab handle.003
Fra:1 Mem:482.16M (Peak 482.16M) | Time:00:00.88 | Mem:0.00M, Peak:0.00M | Scene, ViewLayer | Synchronizing object | Bolster spring top seating flange.005
Fra:1 Mem:482.16M (Peak 482.16M) | Time:00:00.88 | Mem:0.00M, Peak:0.00M | Scene, ViewLayer | Synchronizing object | Lavatory flush pipe.003
Fra:1 Mem:482.17M (Peak 482.17M) | Time:00:00.88 | Mem:0.00M, Peak:0.00M | Scene, ViewLayer | Synchronizing object | Secondary 42mm bolster coil.005
Fra:1 Mem:482.17M (Peak 482.17M) | Time:00:00.88 | Mem:0.00M, Peak:0.00M | Scene, ViewLayer | Synchronizing object | Lavatory flush pushbutton.003
Fra:1 Mem:482.21M (Peak 482.21M) | Time:00:00.88 | Mem:0.00M, Peak:0.00M | Scene, ViewLayer | Synchronizing object | Lavatory flush valve mount.003
Fra:1 Mem:482.29M (Peak 482.29M) | Time:00:00.88 | Mem:0.00M, Peak:0.00M | Scene, ViewLayer | Synchronizing object | Toilet tissue roll.001
Fra:1 Mem:482.32M (Peak 482.32M) | Time:00:00.88 | Mem:0.00M, Peak:0.00M | Scene, ViewLayer | Synchronizing object | Western toilet open seat ring.001
Fra:1 Mem:482.39M (Peak 482.39M) | Time:00:00.88 | Mem:0.00M, Peak:0.00M | Scene, ViewLayer | Synchronizing object | Toilet seat hinge.003
Fra:1 Mem:482.39M (Peak 482.39M) | Time:00:00.88 | Mem:0.00M, Peak:0.00M | Scene, ViewLayer | Synchronizing object | Toilet seat hinge.002
Fra:1 Mem:482.40M (Peak 482.40M) | Time:00:00.88 | Mem:0.00M, Peak:0.00M | Scene, ViewLayer | Synchronizing object | Western toilet hollow bowl drain slot.005
Fra:1 Mem:482.42M (Peak 482.42M) | Time:00:00.88 | Mem:0.00M, Peak:0.00M | Scene, ViewLayer | Synchronizing object | Western toilet hollow bowl drain slot.004
Fra:1 Mem:482.42M (Peak 482.42M) | Time:00:00.88 | Mem:0.00M, Peak:0.00M | Scene, ViewLayer | Synchronizing object | Western toilet hollow bowl drain slot.003
Fra:1 Mem:482.43M (Peak 482.43M) | Time:00:00.88 | Mem:0.00M, Peak:0.00M | Scene, ViewLayer | Synchronizing object | Western toilet hollow bowl drain.001
Fra:1 Mem:482.46M (Peak 482.46M) | Time:00:00.88 | Mem:0.00M, Peak:0.00M | Scene, ViewLayer | Synchronizing object | Western toilet hollow bowl.001
Fra:1 Mem:482.44M (Peak 482.46M) | Time:00:00.88 | Mem:0.00M, Peak:0.00M | Scene, ViewLayer | Synchronizing object | Secondary 42mm bolster coil group mark.055
Fra:1 Mem:482.46M (Peak 482.46M) | Time:00:00.88 | Mem:0.00M, Peak:0.00M | Scene, ViewLayer | Synchronizing object | Secondary 42mm bolster coil group mark.056
Fra:1 Mem:482.47M (Peak 482.47M) | Time:00:00.88 | Mem:0.00M, Peak:0.00M | Scene, ViewLayer | Synchronizing object | Secondary 42mm bolster coil group mark.057
Fra:1 Mem:482.47M (Peak 482.47M) | Time:00:00.88 | Mem:0.00M, Peak:0.00M | Scene, ViewLayer | Synchronizing object | Western toilet ceramic pedestal.001
Fra:1 Mem:482.47M (Peak 482.47M) | Time:00:00.88 | Mem:0.00M, Peak:0.00M | Scene, ViewLayer | Synchronizing object | Secondary 42mm bolster coil group mark.058
Fra:1 Mem:482.49M (Peak 482.49M) | Time:00:00.88 | Mem:0.00M, Peak:0.00M | Scene, ViewLayer | Synchronizing object | Secondary 42mm bolster coil group mark.059
Fra:1 Mem:482.49M (Peak 482.49M) | Time:00:00.88 | Mem:0.00M, Peak:0.00M | Scene, ViewLayer | Synchronizing object | Lavatory nonslip tray.003
Fra:1 Mem:482.49M (Peak 482.49M) | Time:00:00.88 | Mem:0.00M, Peak:0.00M | Scene, ViewLayer | Synchronizing object | Secondary 42mm bolster coil group mark.060
Fra:1 Mem:482.50M (Peak 482.50M) | Time:00:00.88 | Mem:0.00M, Peak:0.00M | Scene, ViewLayer | Synchronizing object | Lavatory style label.003
Fra:1 Mem:482.50M (Peak 482.50M) | Time:00:00.88 | Mem:0.00M, Peak:0.00M | Scene, ViewLayer | Synchronizing object | Secondary 42mm bolster coil group mark.061
Fra:1 Mem:482.54M (Peak 482.54M) | Time:00:00.88 | Mem:0.00M, Peak:0.00M | Scene, ViewLayer | Synchronizing object | Secondary 42mm bolster coil group mark.062
Fra:1 Mem:482.57M (Peak 482.57M) | Time:00:00.88 | Mem:0.00M, Peak:0.00M | Scene, ViewLayer | Synchronizing object | Secondary 42mm bolster coil group mark.063
Fra:1 Mem:482.57M (Peak 482.57M) | Time:00:00.88 | Mem:0.00M, Peak:0.00M | Scene, ViewLayer | Synchronizing object | Secondary 42mm bolster coil group mark.064
Fra:1 Mem:482.58M (Peak 482.58M) | Time:00:00.88 | Mem:0.00M, Peak:0.00M | Scene, ViewLayer | Synchronizing object | Secondary 42mm bolster coil group mark.065
Fra:1 Mem:482.58M (Peak 482.58M) | Time:00:00.88 | Mem:0.00M, Peak:0.00M | Scene, ViewLayer | Synchronizing object | BSS swing hanger forged link strap.008
Fra:1 Mem:482.58M (Peak 482.58M) | Time:00:00.88 | Mem:0.00M, Peak:0.00M | Scene, ViewLayer | Synchronizing object | BSS swing hanger forged link eye.016
Fra:1 Mem:482.60M (Peak 482.60M) | Time:00:00.88 | Mem:0.00M, Peak:0.00M | Scene, ViewLayer | Synchronizing object | BSS swing hanger forged link eye.017
Fra:1 Mem:482.60M (Peak 482.60M) | Time:00:00.88 | Mem:0.00M, Peak:0.00M | Scene, ViewLayer | Synchronizing object | Lavatory occupied indicator.003
Fra:1 Mem:482.60M (Peak 482.60M) | Time:00:00.88 | Mem:0.00M, Peak:0.00M | Scene, ViewLayer | Synchronizing object | BSS swing hanger forged link strap.009
Fra:1 Mem:482.61M (Peak 482.61M) | Time:00:00.88 | Mem:0.00M, Peak:0.00M | Scene, ViewLayer | Synchronizing object | BSS swing hanger forged link eye.018
Fra:1 Mem:482.61M (Peak 482.61M) | Time:00:00.88 | Mem:0.00M, Peak:0.00M | Scene, ViewLayer | Synchronizing object | Lavatory rotary latch plate.003
Fra:1 Mem:482.62M (Peak 482.62M) | Time:00:00.88 | Mem:0.00M, Peak:0.00M | Scene, ViewLayer | Synchronizing object | BSS swing hanger forged link eye.019
Fra:1 Mem:482.63M (Peak 482.63M) | Time:00:00.88 | Mem:0.00M, Peak:0.00M | Scene, ViewLayer | Synchronizing object | Lavatory inside pull.003
Fra:1 Mem:482.63M (Peak 482.63M) | Time:00:00.88 | Mem:0.00M, Peak:0.00M | Scene, ViewLayer | Synchronizing object | BSS upper hanger pin pin.004
Fra:1 Mem:482.65M (Peak 482.65M) | Time:00:00.88 | Mem:0.00M, Peak:0.00M | Scene, ViewLayer | Synchronizing object | Lavatory hinge knuckle.011
Fra:1 Mem:482.64M (Peak 482.65M) | Time:00:00.88 | Mem:0.00M, Peak:0.00M | Scene, ViewLayer | Synchronizing object | BSS upper hanger pin retaining washer.008
Fra:1 Mem:482.65M (Peak 482.65M) | Time:00:00.88 | Mem:0.00M, Peak:0.00M | Scene, ViewLayer | Synchronizing object | Lavatory hinge knuckle.010
Fra:1 Mem:482.65M (Peak 482.65M) | Time:00:00.88 | Mem:0.00M, Peak:0.00M | Scene, ViewLayer | Synchronizing object | BSS upper hanger pin retaining hex head.008
Fra:1 Mem:482.65M (Peak 482.65M) | Time:00:00.88 | Mem:0.00M, Peak:0.00M | Scene, ViewLayer | Synchronizing object | Lavatory hinge knuckle.009
Fra:1 Mem:482.66M (Peak 482.66M) | Time:00:00.88 | Mem:0.00M, Peak:0.00M | Scene, ViewLayer | Synchronizing object | BSS upper hanger pin retaining washer.009
Fra:1 Mem:482.66M (Peak 482.66M) | Time:00:00.88 | Mem:0.00M, Peak:0.00M | Scene, ViewLayer | Synchronizing object | Lavatory door leaf.003
Fra:1 Mem:482.67M (Peak 482.67M) | Time:00:00.88 | Mem:0.00M, Peak:0.00M | Scene, ViewLayer | Synchronizing object | BSS upper hanger pin retaining hex head.009
Fra:1 Mem:482.68M (Peak 482.68M) | Time:00:00.88 | Mem:0.00M, Peak:0.00M | Scene, ViewLayer | Synchronizing object | Lavatory door head.003
Fra:1 Mem:482.68M (Peak 482.68M) | Time:00:00.88 | Mem:0.00M, Peak:0.00M | Scene, ViewLayer | Synchronizing object | BSS lower hanger pin pin.004
Fra:1 Mem:482.68M (Peak 482.68M) | Time:00:00.88 | Mem:0.00M, Peak:0.00M | Scene, ViewLayer | Synchronizing object | Lavatory door jamb.007
Fra:1 Mem:482.68M (Peak 482.68M) | Time:00:00.88 | Mem:0.00M, Peak:0.00M | Scene, ViewLayer | Synchronizing object | BSS lower hanger pin retaining washer.008
Fra:1 Mem:482.68M (Peak 482.68M) | Time:00:00.88 | Mem:0.00M, Peak:0.00M | Scene, ViewLayer | Synchronizing object | Lavatory door jamb.006
Fra:1 Mem:482.69M (Peak 482.69M) | Time:00:00.88 | Mem:0.00M, Peak:0.00M | Scene, ViewLayer | Synchronizing object | Lavatory cross partition.003
Fra:1 Mem:482.69M (Peak 482.69M) | Time:00:00.88 | Mem:0.00M, Peak:0.00M | Scene, ViewLayer | Synchronizing object | BSS lower hanger pin retaining hex head.008
Fra:1 Mem:482.69M (Peak 482.69M) | Time:00:00.88 | Mem:0.00M, Peak:0.00M | Scene, ViewLayer | Synchronizing object | Washbasin mirror horizontal trim.005
Fra:1 Mem:482.70M (Peak 482.70M) | Time:00:00.88 | Mem:0.00M, Peak:0.00M | Scene, ViewLayer | Synchronizing object | Washbasin mirror horizontal trim.004
Fra:1 Mem:482.71M (Peak 482.71M) | Time:00:00.88 | Mem:0.00M, Peak:0.00M | Scene, ViewLayer | Synchronizing object | Washbasin mirror.002
Fra:1 Mem:482.72M (Peak 482.72M) | Time:00:00.88 | Mem:0.00M, Peak:0.00M | Scene, ViewLayer | Synchronizing object | BSS lower hanger pin retaining washer.009
Fra:1 Mem:482.72M (Peak 482.72M) | Time:00:00.88 | Mem:0.00M, Peak:0.00M | Scene, ViewLayer | Synchronizing object | Washbasin bent tap.002
Fra:1 Mem:482.73M (Peak 482.73M) | Time:00:00.88 | Mem:0.00M, Peak:0.00M | Scene, ViewLayer | Synchronizing object | BSS lower hanger pin retaining hex head.009
Fra:1 Mem:482.73M (Peak 482.73M) | Time:00:00.88 | Mem:0.00M, Peak:0.00M | Scene, ViewLayer | Synchronizing object | Vestibule handwash bowl drain slot.008
Fra:1 Mem:482.73M (Peak 482.73M) | Time:00:00.88 | Mem:0.00M, Peak:0.00M | Scene, ViewLayer | Synchronizing object | BSS hanger block.004
Fra:1 Mem:482.73M (Peak 482.73M) | Time:00:00.88 | Mem:0.00M, Peak:0.00M | Scene, ViewLayer | Synchronizing object | Vestibule handwash bowl drain slot.007
Fra:1 Mem:482.74M (Peak 482.74M) | Time:00:00.88 | Mem:0.00M, Peak:0.00M | Scene, ViewLayer | Synchronizing object | Vestibule handwash bowl drain slot.006
Fra:1 Mem:482.74M (Peak 482.74M) | Time:00:00.88 | Mem:0.00M, Peak:0.00M | Scene, ViewLayer | Synchronizing object | Spring plank hanger block.004
Fra:1 Mem:482.74M (Peak 482.74M) | Time:00:00.88 | Mem:0.00M, Peak:0.00M | Scene, ViewLayer | Synchronizing object | Vestibule handwash bowl drain.002
Fra:1 Mem:482.76M (Peak 482.76M) | Time:00:00.88 | Mem:0.00M, Peak:0.00M | Scene, ViewLayer | Synchronizing object | Vestibule handwash bowl.002
Fra:1 Mem:482.76M (Peak 482.76M) | Time:00:00.88 | Mem:0.00M, Peak:0.00M | Scene, ViewLayer | Synchronizing object | BSS swing hanger forged link strap.010
Fra:1 Mem:482.78M (Peak 482.78M) | Time:00:00.88 | Mem:0.00M, Peak:0.00M | Scene, ViewLayer | Synchronizing object | BSS swing hanger forged link eye.020
Fra:1 Mem:482.79M (Peak 482.79M) | Time:00:00.88 | Mem:0.00M, Peak:0.00M | Scene, ViewLayer | Synchronizing object | BSS swing hanger forged link eye.021
Fra:1 Mem:482.79M (Peak 482.79M) | Time:00:00.88 | Mem:0.00M, Peak:0.00M | Scene, ViewLayer | Synchronizing object | Washbasin undercounter cabinet.002
Fra:1 Mem:482.80M (Peak 482.80M) | Time:00:00.88 | Mem:0.00M, Peak:0.00M | Scene, ViewLayer | Synchronizing object | BSS swing hanger forged link strap.011
Fra:1 Mem:482.80M (Peak 482.80M) | Time:00:00.88 | Mem:0.00M, Peak:0.00M | Scene, ViewLayer | Synchronizing object | Lavatory drain perforation.014
Fra:1 Mem:482.81M (Peak 482.81M) | Time:00:00.88 | Mem:0.00M, Peak:0.00M | Scene, ViewLayer | Synchronizing object | BSS swing hanger forged link eye.022
Fra:1 Mem:482.81M (Peak 482.81M) | Time:00:00.88 | Mem:0.00M, Peak:0.00M | Scene, ViewLayer | Synchronizing object | Lavatory drain perforation.013
Fra:1 Mem:482.82M (Peak 482.82M) | Time:00:00.88 | Mem:0.00M, Peak:0.00M | Scene, ViewLayer | Synchronizing object | BSS swing hanger forged link eye.023
Fra:1 Mem:482.83M (Peak 482.83M) | Time:00:00.88 | Mem:0.00M, Peak:0.00M | Scene, ViewLayer | Synchronizing object | Lavatory drain perforation.012
Fra:1 Mem:482.83M (Peak 482.83M) | Time:00:00.88 | Mem:0.00M, Peak:0.00M | Scene, ViewLayer | Synchronizing object | BSS upper hanger pin pin.005
Fra:1 Mem:482.84M (Peak 482.84M) | Time:00:00.88 | Mem:0.00M, Peak:0.00M | Scene, ViewLayer | Synchronizing object | BSS upper hanger pin retaining washer.010
Fra:1 Mem:482.84M (Peak 482.84M) | Time:00:00.88 | Mem:0.00M, Peak:0.00M | Scene, ViewLayer | Synchronizing object | Lavatory drain perforation.011
Fra:1 Mem:482.85M (Peak 482.85M) | Time:00:00.88 | Mem:0.00M, Peak:0.00M | Scene, ViewLayer | Synchronizing object | BSS upper hanger pin retaining hex head.010
Fra:1 Mem:482.85M (Peak 482.85M) | Time:00:00.88 | Mem:0.00M, Peak:0.00M | Scene, ViewLayer | Synchronizing object | Lavatory drain perforation.010
Fra:1 Mem:482.86M (Peak 482.86M) | Time:00:00.88 | Mem:0.00M, Peak:0.00M | Scene, ViewLayer | Synchronizing object | BSS upper hanger pin retaining washer.011
Fra:1 Mem:482.86M (Peak 482.86M) | Time:00:00.88 | Mem:0.00M, Peak:0.00M | Scene, ViewLayer | Synchronizing object | Lavatory stainless floor drain.002
Fra:1 Mem:482.87M (Peak 482.87M) | Time:00:00.88 | Mem:0.00M, Peak:0.00M | Scene, ViewLayer | Synchronizing object | BSS upper hanger pin retaining hex head.011
Fra:1 Mem:482.87M (Peak 482.87M) | Time:00:00.88 | Mem:0.00M, Peak:0.00M | Scene, ViewLayer | Synchronizing object | BSS lower hanger pin pin.005
Fra:1 Mem:482.87M (Peak 482.87M) | Time:00:00.88 | Mem:0.00M, Peak:0.00M | Scene, ViewLayer | Synchronizing object | Lavatory wash spray hose.002
Fra:1 Mem:482.88M (Peak 482.88M) | Time:00:00.88 | Mem:0.00M, Peak:0.00M | Scene, ViewLayer | Synchronizing object | BSS lower hanger pin retaining washer.010
Fra:1 Mem:482.88M (Peak 482.88M) | Time:00:00.88 | Mem:0.00M, Peak:0.00M | Scene, ViewLayer | Synchronizing object | Lavatory grab handle.002
Fra:1 Mem:482.89M (Peak 482.89M) | Time:00:00.88 | Mem:0.00M, Peak:0.00M | Scene, ViewLayer | Synchronizing object | BSS lower hanger pin retaining hex head.010
Fra:1 Mem:482.89M (Peak 482.89M) | Time:00:00.88 | Mem:0.00M, Peak:0.00M | Scene, ViewLayer | Synchronizing object | Lavatory flush pipe.002
Fra:1 Mem:482.90M (Peak 482.90M) | Time:00:00.88 | Mem:0.00M, Peak:0.00M | Scene, ViewLayer | Synchronizing object | BSS lower hanger pin retaining washer.011
Fra:1 Mem:482.90M (Peak 482.90M) | Time:00:00.88 | Mem:0.00M, Peak:0.00M | Scene, ViewLayer | Synchronizing object | Lavatory flush pushbutton.002
Fra:1 Mem:482.91M (Peak 482.91M) | Time:00:00.88 | Mem:0.00M, Peak:0.00M | Scene, ViewLayer | Synchronizing object | BSS lower hanger pin retaining hex head.011
Fra:1 Mem:482.91M (Peak 482.91M) | Time:00:00.88 | Mem:0.00M, Peak:0.00M | Scene, ViewLayer | Synchronizing object | Lavatory flush valve mount.002
Fra:1 Mem:482.92M (Peak 482.92M) | Time:00:00.88 | Mem:0.00M, Peak:0.00M | Scene, ViewLayer | Synchronizing object | BSS hanger block.005
Fra:1 Mem:482.93M (Peak 482.93M) | Time:00:00.88 | Mem:0.00M, Peak:0.00M | Scene, ViewLayer | Synchronizing object | Squat footpad antislip ridge.027
Fra:1 Mem:482.93M (Peak 482.93M) | Time:00:00.88 | Mem:0.00M, Peak:0.00M | Scene, ViewLayer | Synchronizing object | Spring plank hanger block.005
Fra:1 Mem:482.95M (Peak 482.95M) | Time:00:00.88 | Mem:0.00M, Peak:0.00M | Scene, ViewLayer | Synchronizing object | Squat footpad antislip ridge.026
Fra:1 Mem:482.95M (Peak 482.95M) | Time:00:00.88 | Mem:0.00M, Peak:0.00M | Scene, ViewLayer | Synchronizing object | Bolster safety U strap.004
Fra:1 Mem:482.96M (Peak 482.96M) | Time:00:00.88 | Mem:0.00M, Peak:0.00M | Scene, ViewLayer | Synchronizing object | Squat footpad antislip ridge.025
Fra:1 Mem:482.96M (Peak 482.96M) | Time:00:00.88 | Mem:0.00M, Peak:0.00M | Scene, ViewLayer | Synchronizing object | Bolster safety U strap.005
Fra:1 Mem:482.97M (Peak 482.97M) | Time:00:00.88 | Mem:0.00M, Peak:0.00M | Scene, ViewLayer | Synchronizing object | Squat footpad antislip ridge.024
Fra:1 Mem:482.97M (Peak 482.97M) | Time:00:00.88 | Mem:0.00M, Peak:0.00M | Scene, ViewLayer | Synchronizing object | Vertical secondary hydraulic damper body.002
Fra:1 Mem:482.99M (Peak 482.99M) | Time:00:00.88 | Mem:0.00M, Peak:0.00M | Scene, ViewLayer | Synchronizing object | Squat footpad antislip ridge.023
Fra:1 Mem:482.99M (Peak 482.99M) | Time:00:00.88 | Mem:0.00M, Peak:0.00M | Scene, ViewLayer | Synchronizing object | Secondary damper polished piston.002
Fra:1 Mem:483.00M (Peak 483.00M) | Time:00:00.88 | Mem:0.00M, Peak:0.00M | Scene, ViewLayer | Synchronizing object | Squat footpad antislip ridge.022
Fra:1 Mem:483.00M (Peak 483.00M) | Time:00:00.88 | Mem:0.00M, Peak:0.00M | Scene, ViewLayer | Synchronizing object | Secondary damper dust sleeve.002
Fra:1 Mem:483.02M (Peak 483.02M) | Time:00:00.88 | Mem:0.00M, Peak:0.00M | Scene, ViewLayer | Synchronizing object | Squat footpad antislip ridge.021
Fra:1 Mem:483.02M (Peak 483.02M) | Time:00:00.88 | Mem:0.00M, Peak:0.00M | Scene, ViewLayer | Synchronizing object | Damper eye silent rubber.004
Fra:1 Mem:483.03M (Peak 483.03M) | Time:00:00.88 | Mem:0.00M, Peak:0.00M | Scene, ViewLayer | Synchronizing object | Indian pan foot pad.003
Fra:1 Mem:483.03M (Peak 483.03M) | Time:00:00.88 | Mem:0.00M, Peak:0.00M | Scene, ViewLayer | Synchronizing object | Secondary damper eye pin pin.004
Fra:1 Mem:483.04M (Peak 483.04M) | Time:00:00.88 | Mem:0.00M, Peak:0.00M | Scene, ViewLayer | Synchronizing object | Squat footpad antislip ridge.020
Fra:1 Mem:483.04M (Peak 483.04M) | Time:00:00.88 | Mem:0.00M, Peak:0.00M | Scene, ViewLayer | Synchronizing object | Secondary damper eye pin retaining washer.008
Fra:1 Mem:483.06M (Peak 483.06M) | Time:00:00.88 | Mem:0.00M, Peak:0.00M | Scene, ViewLayer | Synchronizing object | Squat footpad antislip ridge.019
Fra:1 Mem:483.06M (Peak 483.06M) | Time:00:00.88 | Mem:0.00M, Peak:0.00M | Scene, ViewLayer | Synchronizing object | Secondary damper eye pin retaining hex head.008
Fra:1 Mem:483.07M (Peak 483.07M) | Time:00:00.88 | Mem:0.00M, Peak:0.00M | Scene, ViewLayer | Synchronizing object | Squat footpad antislip ridge.018
Fra:1 Mem:483.08M (Peak 483.08M) | Time:00:00.88 | Mem:0.00M, Peak:0.00M | Scene, ViewLayer | Synchronizing object | Secondary damper eye pin retaining washer.009
Fra:1 Mem:483.08M (Peak 483.08M) | Time:00:00.88 | Mem:0.00M, Peak:0.00M | Scene, ViewLayer | Synchronizing object | Squat footpad antislip ridge.017
Fra:1 Mem:483.09M (Peak 483.09M) | Time:00:00.88 | Mem:0.00M, Peak:0.00M | Scene, ViewLayer | Synchronizing object | Secondary damper eye pin retaining hex head.009
Fra:1 Mem:483.09M (Peak 483.09M) | Time:00:00.88 | Mem:0.00M, Peak:0.00M | Scene, ViewLayer | Synchronizing object | Squat footpad antislip ridge.016
Fra:1 Mem:483.10M (Peak 483.10M) | Time:00:00.88 | Mem:0.00M, Peak:0.00M | Scene, ViewLayer | Synchronizing object | Damper attachment lug.004
Fra:1 Mem:483.11M (Peak 483.11M) | Time:00:00.88 | Mem:0.00M, Peak:0.00M | Scene, ViewLayer | Synchronizing object | Squat footpad antislip ridge.015
Fra:1 Mem:483.12M (Peak 483.12M) | Time:00:00.88 | Mem:0.00M, Peak:0.00M | Scene, ViewLayer | Synchronizing object | Damper eye silent rubber.005
Fra:1 Mem:483.12M (Peak 483.12M) | Time:00:00.88 | Mem:0.00M, Peak:0.00M | Scene, ViewLayer | Synchronizing object | Squat footpad antislip ridge.014
Fra:1 Mem:483.13M (Peak 483.13M) | Time:00:00.88 | Mem:0.00M, Peak:0.00M | Scene, ViewLayer | Synchronizing object | Secondary damper eye pin pin.005
Fra:1 Mem:483.14M (Peak 483.14M) | Time:00:00.88 | Mem:0.00M, Peak:0.00M | Scene, ViewLayer | Synchronizing object | Indian pan foot pad.002
Fra:1 Mem:483.14M (Peak 483.14M) | Time:00:00.88 | Mem:0.00M, Peak:0.00M | Scene, ViewLayer | Synchronizing object | Secondary damper eye pin retaining washer.010
Fra:1 Mem:483.15M (Peak 483.15M) | Time:00:00.88 | Mem:0.00M, Peak:0.00M | Scene, ViewLayer | Synchronizing object | Indian stainless squatting pan drain slot.005
Fra:1 Mem:483.15M (Peak 483.15M) | Time:00:00.88 | Mem:0.00M, Peak:0.00M | Scene, ViewLayer | Synchronizing object | Secondary damper eye pin retaining hex head.010
Fra:1 Mem:483.15M (Peak 483.15M) | Time:00:00.88 | Mem:0.00M, Peak:0.00M | Scene, ViewLayer | Synchronizing object | Indian stainless squatting pan drain slot.004
Fra:1 Mem:483.16M (Peak 483.16M) | Time:00:00.88 | Mem:0.00M, Peak:0.00M | Scene, ViewLayer | Synchronizing object | Secondary damper eye pin retaining washer.011
Fra:1 Mem:483.16M (Peak 483.16M) | Time:00:00.88 | Mem:0.00M, Peak:0.00M | Scene, ViewLayer | Synchronizing object | Indian stainless squatting pan drain slot.003
Fra:1 Mem:483.16M (Peak 483.16M) | Time:00:00.88 | Mem:0.00M, Peak:0.00M | Scene, ViewLayer | Synchronizing object | Indian stainless squatting pan drain.001
Fra:1 Mem:483.16M (Peak 483.16M) | Time:00:00.88 | Mem:0.00M, Peak:0.00M | Scene, ViewLayer | Synchronizing object | Secondary damper eye pin retaining hex head.011
Fra:1 Mem:483.17M (Peak 483.17M) | Time:00:00.88 | Mem:0.00M, Peak:0.00M | Scene, ViewLayer | Synchronizing object | Damper attachment lug.005
Fra:1 Mem:483.17M (Peak 483.17M) | Time:00:00.88 | Mem:0.00M, Peak:0.00M | Scene, ViewLayer | Synchronizing object | Indian stainless squatting pan.001
Fra:1 Mem:483.19M (Peak 483.19M) | Time:00:00.88 | Mem:0.00M, Peak:0.00M | Scene, ViewLayer | Synchronizing object | Side bearer lubricating oil bath.002
Fra:1 Mem:483.21M (Peak 483.21M) | Time:00:00.88 | Mem:0.00M, Peak:0.00M | Scene, ViewLayer | Synchronizing object | Side bearer bronze wearing piece.002
Fra:1 Mem:483.21M (Peak 483.21M) | Time:00:00.88 | Mem:0.00M, Peak:0.00M | Scene, ViewLayer | Synchronizing object | Lavatory nonslip tray.002
Fra:1 Mem:483.23M (Peak 483.23M) | Time:00:00.88 | Mem:0.00M, Peak:0.00M | Scene, ViewLayer | Synchronizing object | Side bearer dust excluding cover.002
Fra:1 Mem:483.23M (Peak 483.23M) | Time:00:00.88 | Mem:0.00M, Peak:0.00M | Scene, ViewLayer | Synchronizing object | Lavatory style label.002
Fra:1 Mem:483.26M (Peak 483.26M) | Time:00:00.88 | Mem:0.00M, Peak:0.00M | Scene, ViewLayer | Synchronizing object | Body bolster side-bearer attachment.002
Fra:1 Mem:483.27M (Peak 483.27M) | Time:00:00.88 | Mem:0.00M, Peak:0.00M | Scene, ViewLayer | Synchronizing object | Side bearer oil filler pipe.002
Fra:1 Mem:483.27M (Peak 483.27M) | Time:00:00.88 | Mem:0.00M, Peak:0.00M | Scene, ViewLayer | Synchronizing object | Lavatory occupied indicator.002
Fra:1 Mem:483.28M (Peak 483.28M) | Time:00:00.88 | Mem:0.00M, Peak:0.00M | Scene, ViewLayer | Synchronizing object | Side bearer oil filler cap.002
Fra:1 Mem:483.28M (Peak 483.28M) | Time:00:00.88 | Mem:0.00M, Peak:0.00M | Scene, ViewLayer | Synchronizing object | Lavatory rotary latch plate.002
Fra:1 Mem:483.29M (Peak 483.29M) | Time:00:00.88 | Mem:0.00M, Peak:0.00M | Scene, ViewLayer | Synchronizing object | Bolster diagonal anchor link shank.002
Fra:1 Mem:483.30M (Peak 483.30M) | Time:00:00.88 | Mem:0.00M, Peak:0.00M | Scene, ViewLayer | Synchronizing object | Lavatory inside pull.002
Fra:1 Mem:483.30M (Peak 483.30M) | Time:00:00.88 | Mem:0.00M, Peak:0.00M | Scene, ViewLayer | Synchronizing object | Anchor link silent block outer housing.004
Fra:1 Mem:483.30M (Peak 483.30M) | Time:00:00.88 | Mem:0.00M, Peak:0.00M | Scene, ViewLayer | Synchronizing object | Lavatory hinge knuckle.008
Fra:1 Mem:483.31M (Peak 483.31M) | Time:00:00.88 | Mem:0.00M, Peak:0.00M | Scene, ViewLayer | Synchronizing object | Anchor link rubber bush.004
Fra:1 Mem:483.31M (Peak 483.31M) | Time:00:00.88 | Mem:0.00M, Peak:0.00M | Scene, ViewLayer | Synchronizing object | Lavatory hinge knuckle.007
Fra:1 Mem:483.32M (Peak 483.32M) | Time:00:00.88 | Mem:0.00M, Peak:0.00M | Scene, ViewLayer | Synchronizing object | Lavatory hinge knuckle.006
Fra:1 Mem:483.32M (Peak 483.32M) | Time:00:00.88 | Mem:0.00M, Peak:0.00M | Scene, ViewLayer | Synchronizing object | Anchor link pin pin.004
Fra:1 Mem:483.33M (Peak 483.33M) | Time:00:00.88 | Mem:0.00M, Peak:0.00M | Scene, ViewLayer | Synchronizing object | Lavatory door leaf.002
Fra:1 Mem:483.33M (Peak 483.33M) | Time:00:00.88 | Mem:0.00M, Peak:0.00M | Scene, ViewLayer | Synchronizing object | Anchor link pin retaining washer.008
Fra:1 Mem:483.35M (Peak 483.35M) | Time:00:00.88 | Mem:0.00M, Peak:0.00M | Scene, ViewLayer | Synchronizing object | Anchor link pin retaining hex head.008
Fra:1 Mem:483.35M (Peak 483.35M) | Time:00:00.88 | Mem:0.00M, Peak:0.00M | Scene, ViewLayer | Synchronizing object | Lavatory door head.002
Fra:1 Mem:483.35M (Peak 483.35M) | Time:00:00.88 | Mem:0.00M, Peak:0.00M | Scene, ViewLayer | Synchronizing object | Anchor link pin retaining washer.009
Fra:1 Mem:483.35M (Peak 483.35M) | Time:00:00.88 | Mem:0.00M, Peak:0.00M | Scene, ViewLayer | Synchronizing object | Lavatory door jamb.005
Fra:1 Mem:483.36M (Peak 483.36M) | Time:00:00.88 | Mem:0.00M, Peak:0.00M | Scene, ViewLayer | Synchronizing object | Lavatory door jamb.004
Fra:1 Mem:483.36M (Peak 483.36M) | Time:00:00.88 | Mem:0.00M, Peak:0.00M | Scene, ViewLayer | Synchronizing object | Anchor link pin retaining hex head.009
Fra:1 Mem:483.36M (Peak 483.36M) | Time:00:00.88 | Mem:0.00M, Peak:0.00M | Scene, ViewLayer | Synchronizing object | Lavatory cross partition.002
Fra:1 Mem:483.36M (Peak 483.36M) | Time:00:00.88 | Mem:0.00M, Peak:0.00M | Scene, ViewLayer | Synchronizing object | Anchor link silent block outer housing.005
Fra:1 Mem:483.36M (Peak 483.36M) | Time:00:00.88 | Mem:0.00M, Peak:0.00M | Scene, ViewLayer | Synchronizing object | Saloon door handle.001
Fra:1 Mem:483.37M (Peak 483.37M) | Time:00:00.88 | Mem:0.00M, Peak:0.00M | Scene, ViewLayer | Synchronizing object | Saloon sliding door parked panel.001
Fra:1 Mem:483.37M (Peak 483.37M) | Time:00:00.88 | Mem:0.00M, Peak:0.00M | Scene, ViewLayer | Synchronizing object | Anchor link rubber bush.005
Fra:1 Mem:483.39M (Peak 483.39M) | Time:00:00.88 | Mem:0.00M, Peak:0.00M | Scene, ViewLayer | Synchronizing object | Saloon doorway header.001
Fra:1 Mem:483.39M (Peak 483.39M) | Time:00:00.88 | Mem:0.00M, Peak:0.00M | Scene, ViewLayer | Synchronizing object | Anchor link pin pin.005
Fra:1 Mem:483.39M (Peak 483.39M) | Time:00:00.88 | Mem:0.00M, Peak:0.00M | Scene, ViewLayer | Synchronizing object | Saloon end bulkhead.003
Fra:1 Mem:483.39M (Peak 483.39M) | Time:00:00.88 | Mem:0.00M, Peak:0.00M | Scene, ViewLayer | Synchronizing object | Anchor link pin retaining washer.010
Fra:1 Mem:483.39M (Peak 483.39M) | Time:00:00.88 | Mem:0.00M, Peak:0.00M | Scene, ViewLayer | Synchronizing object | Saloon end bulkhead.002
Fra:1 Mem:483.40M (Peak 483.40M) | Time:00:00.88 | Mem:0.00M, Peak:0.00M | Scene, ViewLayer | Synchronizing object | Distribution panel quarter turn latch.003
Fra:1 Mem:483.40M (Peak 483.40M) | Time:00:00.88 | Mem:0.00M, Peak:0.00M | Scene, ViewLayer | Synchronizing object | Anchor link pin retaining hex head.010
Fra:1 Mem:483.41M (Peak 483.41M) | Time:00:00.88 | Mem:0.00M, Peak:0.00M | Scene, ViewLayer | Synchronizing object | Distribution cupboard access panel.003
Fra:1 Mem:483.41M (Peak 483.41M) | Time:00:00.88 | Mem:0.00M, Peak:0.00M | Scene, ViewLayer | Synchronizing object | Anchor link pin retaining washer.011
Fra:1 Mem:483.42M (Peak 483.42M) | Time:00:00.88 | Mem:0.00M, Peak:0.00M | Scene, ViewLayer | Synchronizing object | Distribution panel quarter turn latch.002
Fra:1 Mem:483.42M (Peak 483.42M) | Time:00:00.88 | Mem:0.00M, Peak:0.00M | Scene, ViewLayer | Synchronizing object | Anchor link pin retaining hex head.011
Fra:1 Mem:483.43M (Peak 483.43M) | Time:00:00.88 | Mem:0.00M, Peak:0.00M | Scene, ViewLayer | Synchronizing object | Equalising stay rod.002
Fra:1 Mem:483.43M (Peak 483.43M) | Time:00:00.88 | Mem:0.00M, Peak:0.00M | Scene, ViewLayer | Synchronizing object | Distribution cupboard access panel.002
Fra:1 Mem:483.44M (Peak 483.44M) | Time:00:00.88 | Mem:0.00M, Peak:0.00M | Scene, ViewLayer | Synchronizing object | Equalising stay pin eye.004
Fra:1 Mem:483.46M (Peak 483.46M) | Time:00:00.88 | Mem:0.00M, Peak:0.00M | Scene, ViewLayer | Synchronizing object | Distribution panel quarter turn latch.001
Fra:1 Mem:483.46M (Peak 483.46M) | Time:00:00.88 | Mem:0.00M, Peak:0.00M | Scene, ViewLayer | Synchronizing object | Equalising stay pin pin.004
Fra:1 Mem:483.46M (Peak 483.46M) | Time:00:00.88 | Mem:0.00M, Peak:0.00M | Scene, ViewLayer | Synchronizing object | Distribution cupboard access panel.001
Fra:1 Mem:483.47M (Peak 483.47M) | Time:00:00.88 | Mem:0.00M, Peak:0.00M | Scene, ViewLayer | Synchronizing object | Equalising stay pin retaining washer.008
Fra:1 Mem:483.48M (Peak 483.48M) | Time:00:00.88 | Mem:0.00M, Peak:0.00M | Scene, ViewLayer | Synchronizing object | Distribution panel quarter turn latch
Fra:1 Mem:483.48M (Peak 483.48M) | Time:00:00.88 | Mem:0.00M, Peak:0.00M | Scene, ViewLayer | Synchronizing object | Equalising stay pin retaining hex head.008
Fra:1 Mem:483.49M (Peak 483.49M) | Time:00:00.88 | Mem:0.00M, Peak:0.00M | Scene, ViewLayer | Synchronizing object | Distribution cupboard access panel
Fra:1 Mem:483.49M (Peak 483.49M) | Time:00:00.88 | Mem:0.00M, Peak:0.00M | Scene, ViewLayer | Synchronizing object | Equalising stay pin retaining washer.009
Fra:1 Mem:483.50M (Peak 483.50M) | Time:00:00.88 | Mem:0.00M, Peak:0.00M | Scene, ViewLayer | Synchronizing object | Electrical distribution cupboard
Fra:1 Mem:483.50M (Peak 483.50M) | Time:00:00.88 | Mem:0.00M, Peak:0.00M | Scene, ViewLayer | Synchronizing object | Equalising stay pin retaining hex head.009
Fra:1 Mem:483.51M (Peak 483.51M) | Time:00:00.88 | Mem:0.00M, Peak:0.00M | Scene, ViewLayer | Synchronizing object | Equalising stay pin eye.005
Fra:1 Mem:483.51M (Peak 483.51M) | Time:00:00.88 | Mem:0.00M, Peak:0.00M | Scene, ViewLayer | Synchronizing object | Interior emergency instructions
Fra:1 Mem:483.53M (Peak 483.53M) | Time:00:00.88 | Mem:0.00M, Peak:0.00M | Scene, ViewLayer | Synchronizing object | Equalising stay pin pin.005
Fra:1 Mem:483.57M (Peak 483.57M) | Time:00:00.88 | Mem:0.00M, Peak:0.00M | Scene, ViewLayer | Synchronizing object | Equalising stay pin retaining washer.010
Fra:1 Mem:483.59M (Peak 483.59M) | Time:00:00.88 | Mem:0.00M, Peak:0.00M | Scene, ViewLayer | Synchronizing object | Equalising stay pin retaining hex head.010
Fra:1 Mem:483.61M (Peak 483.61M) | Time:00:00.88 | Mem:0.00M, Peak:0.00M | Scene, ViewLayer | Synchronizing object | Equalising stay pin retaining washer.011
Fra:1 Mem:483.62M (Peak 483.62M) | Time:00:00.88 | Mem:0.00M, Peak:0.00M | Scene, ViewLayer | Synchronizing object | Equalising stay pin retaining hex head.011
Fra:1 Mem:483.62M (Peak 483.62M) | Time:00:00.88 | Mem:0.00M, Peak:0.00M | Scene, ViewLayer | Synchronizing object | Bolster spring head seat.003
Fra:1 Mem:483.63M (Peak 483.63M) | Time:00:00.88 | Mem:0.00M, Peak:0.00M | Scene, ViewLayer | Synchronizing object | Lower spring beam end tray.003
Fra:1 Mem:483.64M (Peak 483.64M) | Time:00:00.88 | Mem:0.00M, Peak:0.00M | Scene, ViewLayer | Synchronizing object | Bolster spring bottom rubber pad.006
Fra:1 Mem:483.65M (Peak 483.65M) | Time:00:00.88 | Mem:0.00M, Peak:0.00M | Scene, ViewLayer | Synchronizing object | Bolster spring top seating flange.006
Fra:1 Mem:483.66M (Peak 483.66M) | Time:00:00.88 | Mem:0.00M, Peak:0.00M | Scene, ViewLayer | Synchronizing object | Secondary 42mm bolster coil.006
Fra:1 Mem:483.79M (Peak 483.79M) | Time:00:00.88 | Mem:0.00M, Peak:0.00M | Scene, ViewLayer | Synchronizing object | Vestibule interior grab pole.001
Fra:1 Mem:483.82M (Peak 483.82M) | Time:00:00.88 | Mem:0.00M, Peak:0.00M | Scene, ViewLayer | Synchronizing object | Vestibule interior grab pole
Fra:1 Mem:483.82M (Peak 483.82M) | Time:00:00.88 | Mem:0.00M, Peak:0.00M | Scene, ViewLayer | Synchronizing object | Washbasin mirror horizontal trim.003
Fra:1 Mem:483.84M (Peak 483.84M) | Time:00:00.88 | Mem:0.00M, Peak:0.00M | Scene, ViewLayer | Synchronizing object | Washbasin mirror horizontal trim.002
Fra:1 Mem:483.85M (Peak 483.85M) | Time:00:00.88 | Mem:0.00M, Peak:0.00M | Scene, ViewLayer | Synchronizing object | Washbasin mirror.001
Fra:1 Mem:483.85M (Peak 483.85M) | Time:00:00.88 | Mem:0.00M, Peak:0.00M | Scene, ViewLayer | Synchronizing object | Washbasin bent tap.001
Fra:1 Mem:483.86M (Peak 483.86M) | Time:00:00.88 | Mem:0.00M, Peak:0.00M | Scene, ViewLayer | Synchronizing object | Vestibule handwash bowl drain slot.005
Fra:1 Mem:483.89M (Peak 483.89M) | Time:00:00.88 | Mem:0.00M, Peak:0.00M | Scene, ViewLayer | Synchronizing object | Secondary 42mm bolster coil group mark.066
Fra:1 Mem:483.89M (Peak 483.89M) | Time:00:00.88 | Mem:0.00M, Peak:0.00M | Scene, ViewLayer | Synchronizing object | Secondary 42mm bolster coil group mark.067
Fra:1 Mem:483.89M (Peak 483.89M) | Time:00:00.88 | Mem:0.00M, Peak:0.00M | Scene, ViewLayer | Synchronizing object | Secondary 42mm bolster coil group mark.068
Fra:1 Mem:483.90M (Peak 483.90M) | Time:00:00.88 | Mem:0.00M, Peak:0.00M | Scene, ViewLayer | Synchronizing object | Secondary 42mm bolster coil group mark.069
Fra:1 Mem:483.90M (Peak 483.90M) | Time:00:00.88 | Mem:0.00M, Peak:0.00M | Scene, ViewLayer | Synchronizing object | Secondary 42mm bolster coil group mark.070
Fra:1 Mem:483.90M (Peak 483.90M) | Time:00:00.88 | Mem:0.00M, Peak:0.00M | Scene, ViewLayer | Synchronizing object | Secondary 42mm bolster coil group mark.071
Fra:1 Mem:483.91M (Peak 483.91M) | Time:00:00.88 | Mem:0.00M, Peak:0.00M | Scene, ViewLayer | Synchronizing object | Secondary 42mm bolster coil group mark.072
Fra:1 Mem:483.91M (Peak 483.91M) | Time:00:00.88 | Mem:0.00M, Peak:0.00M | Scene, ViewLayer | Synchronizing object | Secondary 42mm bolster coil group mark.073
Fra:1 Mem:483.92M (Peak 483.92M) | Time:00:00.88 | Mem:0.00M, Peak:0.00M | Scene, ViewLayer | Synchronizing object | Vestibule handwash bowl drain slot.004
Fra:1 Mem:483.92M (Peak 483.92M) | Time:00:00.88 | Mem:0.00M, Peak:0.00M | Scene, ViewLayer | Synchronizing object | Secondary 42mm bolster coil group mark.074
Fra:1 Mem:483.92M (Peak 483.92M) | Time:00:00.88 | Mem:0.00M, Peak:0.00M | Scene, ViewLayer | Synchronizing object | Vestibule handwash bowl drain slot.003
Fra:1 Mem:483.92M (Peak 483.92M) | Time:00:00.88 | Mem:0.00M, Peak:0.00M | Scene, ViewLayer | Synchronizing object | Secondary 42mm bolster coil group mark.075
Fra:1 Mem:483.92M (Peak 483.92M) | Time:00:00.88 | Mem:0.00M, Peak:0.00M | Scene, ViewLayer | Synchronizing object | Vestibule handwash bowl drain.001
Fra:1 Mem:483.94M (Peak 483.94M) | Time:00:00.88 | Mem:0.00M, Peak:0.00M | Scene, ViewLayer | Synchronizing object | Secondary 42mm bolster coil group mark.076
Fra:1 Mem:483.93M (Peak 483.94M) | Time:00:00.88 | Mem:0.00M, Peak:0.00M | Scene, ViewLayer | Synchronizing object | Bolster spring bottom rubber pad.007
Fra:1 Mem:483.94M (Peak 483.94M) | Time:00:00.88 | Mem:0.00M, Peak:0.00M | Scene, ViewLayer | Synchronizing object | Vestibule handwash bowl.001
Fra:1 Mem:483.96M (Peak 483.96M) | Time:00:00.88 | Mem:0.00M, Peak:0.00M | Scene, ViewLayer | Synchronizing object | Bolster spring top seating flange.007
Fra:1 Mem:483.98M (Peak 483.98M) | Time:00:00.88 | Mem:0.00M, Peak:0.00M | Scene, ViewLayer | Synchronizing object | Secondary 42mm bolster coil.007
Fra:1 Mem:484.00M (Peak 484.00M) | Time:00:00.88 | Mem:0.00M, Peak:0.00M | Scene, ViewLayer | Synchronizing object | Washbasin undercounter cabinet.001
Fra:1 Mem:484.09M (Peak 484.09M) | Time:00:00.88 | Mem:0.00M, Peak:0.00M | Scene, ViewLayer | Synchronizing object | Lavatory drain perforation.009
Fra:1 Mem:484.11M (Peak 484.11M) | Time:00:00.88 | Mem:0.00M, Peak:0.00M | Scene, ViewLayer | Synchronizing object | Lavatory drain perforation.008
Fra:1 Mem:484.14M (Peak 484.14M) | Time:00:00.88 | Mem:0.00M, Peak:0.00M | Scene, ViewLayer | Synchronizing object | Lavatory drain perforation.007
Fra:1 Mem:484.15M (Peak 484.15M) | Time:00:00.88 | Mem:0.00M, Peak:0.00M | Scene, ViewLayer | Synchronizing object | Lavatory drain perforation.006
Fra:1 Mem:484.16M (Peak 484.16M) | Time:00:00.88 | Mem:0.00M, Peak:0.00M | Scene, ViewLayer | Synchronizing object | Lavatory drain perforation.005
Fra:1 Mem:484.17M (Peak 484.17M) | Time:00:00.88 | Mem:0.00M, Peak:0.00M | Scene, ViewLayer | Synchronizing object | Lavatory stainless floor drain.001
Fra:1 Mem:484.17M (Peak 484.17M) | Time:00:00.88 | Mem:0.00M, Peak:0.00M | Scene, ViewLayer | Synchronizing object | Lavatory wash spray hose.001
Fra:1 Mem:484.18M (Peak 484.18M) | Time:00:00.88 | Mem:0.00M, Peak:0.00M | Scene, ViewLayer | Synchronizing object | Lavatory grab handle.001
Fra:1 Mem:484.20M (Peak 484.20M) | Time:00:00.88 | Mem:0.00M, Peak:0.00M | Scene, ViewLayer | Synchronizing object | Lavatory flush pipe.001
Fra:1 Mem:484.24M (Peak 484.24M) | Time:00:00.88 | Mem:0.00M, Peak:0.00M | Scene, ViewLayer | Synchronizing object | Lavatory flush pushbutton.001
Fra:1 Mem:484.22M (Peak 484.24M) | Time:00:00.88 | Mem:0.00M, Peak:0.00M | Scene, ViewLayer | Synchronizing object | Secondary 42mm bolster coil group mark.077
Fra:1 Mem:484.23M (Peak 484.24M) | Time:00:00.88 | Mem:0.00M, Peak:0.00M | Scene, ViewLayer | Synchronizing object | Lavatory flush valve mount.001
Fra:1 Mem:484.23M (Peak 484.24M) | Time:00:00.88 | Mem:0.00M, Peak:0.00M | Scene, ViewLayer | Synchronizing object | Secondary 42mm bolster coil group mark.078
Fra:1 Mem:484.24M (Peak 484.24M) | Time:00:00.88 | Mem:0.00M, Peak:0.00M | Scene, ViewLayer | Synchronizing object | Toilet tissue roll
Fra:1 Mem:484.26M (Peak 484.26M) | Time:00:00.88 | Mem:0.00M, Peak:0.00M | Scene, ViewLayer | Synchronizing object | Secondary 42mm bolster coil group mark.079
Fra:1 Mem:484.25M (Peak 484.26M) | Time:00:00.88 | Mem:0.00M, Peak:0.00M | Scene, ViewLayer | Synchronizing object | Western toilet open seat ring
Fra:1 Mem:484.25M (Peak 484.26M) | Time:00:00.88 | Mem:0.00M, Peak:0.00M | Scene, ViewLayer | Synchronizing object | Secondary 42mm bolster coil group mark.080
Fra:1 Mem:484.28M (Peak 484.28M) | Time:00:00.88 | Mem:0.00M, Peak:0.00M | Scene, ViewLayer | Synchronizing object | Secondary 42mm bolster coil group mark.081
Fra:1 Mem:484.29M (Peak 484.29M) | Time:00:00.89 | Mem:0.00M, Peak:0.00M | Scene, ViewLayer | Synchronizing object | Secondary 42mm bolster coil group mark.082
Fra:1 Mem:484.29M (Peak 484.29M) | Time:00:00.89 | Mem:0.00M, Peak:0.00M | Scene, ViewLayer | Synchronizing object | Secondary 42mm bolster coil group mark.083
Fra:1 Mem:484.30M (Peak 484.30M) | Time:00:00.89 | Mem:0.00M, Peak:0.00M | Scene, ViewLayer | Synchronizing object | Secondary 42mm bolster coil group mark.084
Fra:1 Mem:484.31M (Peak 484.31M) | Time:00:00.89 | Mem:0.00M, Peak:0.00M | Scene, ViewLayer | Synchronizing object | Secondary 42mm bolster coil group mark.085
Fra:1 Mem:484.31M (Peak 484.31M) | Time:00:00.89 | Mem:0.00M, Peak:0.00M | Scene, ViewLayer | Synchronizing object | Secondary 42mm bolster coil group mark.086
Fra:1 Mem:484.31M (Peak 484.31M) | Time:00:00.89 | Mem:0.00M, Peak:0.00M | Scene, ViewLayer | Synchronizing object | Secondary 42mm bolster coil group mark.087
Fra:1 Mem:484.32M (Peak 484.32M) | Time:00:00.89 | Mem:0.00M, Peak:0.00M | Scene, ViewLayer | Synchronizing object | BSS swing hanger forged link strap.012
Fra:1 Mem:484.32M (Peak 484.32M) | Time:00:00.89 | Mem:0.00M, Peak:0.00M | Scene, ViewLayer | Synchronizing object | BSS swing hanger forged link eye.024
Fra:1 Mem:484.32M (Peak 484.32M) | Time:00:00.89 | Mem:0.00M, Peak:0.00M | Scene, ViewLayer | Synchronizing object | BSS swing hanger forged link eye.025
Fra:1 Mem:484.33M (Peak 484.33M) | Time:00:00.89 | Mem:0.00M, Peak:0.00M | Scene, ViewLayer | Synchronizing object | BSS swing hanger forged link strap.013
Fra:1 Mem:484.33M (Peak 484.33M) | Time:00:00.89 | Mem:0.00M, Peak:0.00M | Scene, ViewLayer | Synchronizing object | Toilet seat hinge.001
Fra:1 Mem:484.33M (Peak 484.33M) | Time:00:00.89 | Mem:0.00M, Peak:0.00M | Scene, ViewLayer | Synchronizing object | BSS swing hanger forged link eye.026
Fra:1 Mem:484.34M (Peak 484.34M) | Time:00:00.89 | Mem:0.00M, Peak:0.00M | Scene, ViewLayer | Synchronizing object | BSS swing hanger forged link eye.027
Fra:1 Mem:484.35M (Peak 484.35M) | Time:00:00.89 | Mem:0.00M, Peak:0.00M | Scene, ViewLayer | Synchronizing object | Toilet seat hinge
Fra:1 Mem:484.35M (Peak 484.35M) | Time:00:00.89 | Mem:0.00M, Peak:0.00M | Scene, ViewLayer | Synchronizing object | BSS upper hanger pin pin.006
Fra:1 Mem:484.36M (Peak 484.36M) | Time:00:00.89 | Mem:0.00M, Peak:0.00M | Scene, ViewLayer | Synchronizing object | BSS upper hanger pin retaining washer.012
Fra:1 Mem:484.36M (Peak 484.36M) | Time:00:00.89 | Mem:0.00M, Peak:0.00M | Scene, ViewLayer | Synchronizing object | Western toilet hollow bowl drain slot.002
Fra:1 Mem:484.37M (Peak 484.37M) | Time:00:00.89 | Mem:0.00M, Peak:0.00M | Scene, ViewLayer | Synchronizing object | BSS upper hanger pin retaining hex head.012
Fra:1 Mem:484.39M (Peak 484.39M) | Time:00:00.89 | Mem:0.00M, Peak:0.00M | Scene, ViewLayer | Synchronizing object | Western toilet hollow bowl drain slot.001
Fra:1 Mem:484.37M (Peak 484.39M) | Time:00:00.89 | Mem:0.00M, Peak:0.00M | Scene, ViewLayer | Synchronizing object | BSS upper hanger pin retaining washer.013
Fra:1 Mem:484.37M (Peak 484.39M) | Time:00:00.89 | Mem:0.00M, Peak:0.00M | Scene, ViewLayer | Synchronizing object | Western toilet hollow bowl drain slot
Fra:1 Mem:484.38M (Peak 484.39M) | Time:00:00.89 | Mem:0.00M, Peak:0.00M | Scene, ViewLayer | Synchronizing object | Western toilet hollow bowl drain
Fra:1 Mem:484.38M (Peak 484.39M) | Time:00:00.89 | Mem:0.00M, Peak:0.00M | Scene, ViewLayer | Synchronizing object | BSS upper hanger pin retaining hex head.013
Fra:1 Mem:484.39M (Peak 484.39M) | Time:00:00.89 | Mem:0.00M, Peak:0.00M | Scene, ViewLayer | Synchronizing object | BSS lower hanger pin pin.006
Fra:1 Mem:484.39M (Peak 484.39M) | Time:00:00.89 | Mem:0.00M, Peak:0.00M | Scene, ViewLayer | Synchronizing object | Western toilet hollow bowl
Fra:1 Mem:484.39M (Peak 484.39M) | Time:00:00.89 | Mem:0.00M, Peak:0.00M | Scene, ViewLayer | Synchronizing object | BSS lower hanger pin retaining washer.012
Fra:1 Mem:484.42M (Peak 484.42M) | Time:00:00.89 | Mem:0.00M, Peak:0.00M | Scene, ViewLayer | Synchronizing object | BSS lower hanger pin retaining hex head.012
Fra:1 Mem:484.42M (Peak 484.42M) | Time:00:00.89 | Mem:0.00M, Peak:0.00M | Scene, ViewLayer | Synchronizing object | BSS lower hanger pin retaining washer.013
Fra:1 Mem:484.43M (Peak 484.43M) | Time:00:00.89 | Mem:0.00M, Peak:0.00M | Scene, ViewLayer | Synchronizing object | Western toilet ceramic pedestal
Fra:1 Mem:484.43M (Peak 484.43M) | Time:00:00.89 | Mem:0.00M, Peak:0.00M | Scene, ViewLayer | Synchronizing object | BSS lower hanger pin retaining hex head.013
Fra:1 Mem:484.44M (Peak 484.44M) | Time:00:00.89 | Mem:0.00M, Peak:0.00M | Scene, ViewLayer | Synchronizing object | BSS hanger block.006
Fra:1 Mem:484.44M (Peak 484.44M) | Time:00:00.89 | Mem:0.00M, Peak:0.00M | Scene, ViewLayer | Synchronizing object | Lavatory nonslip tray.001
Fra:1 Mem:484.46M (Peak 484.46M) | Time:00:00.89 | Mem:0.00M, Peak:0.00M | Scene, ViewLayer | Synchronizing object | Spring plank hanger block.006
Fra:1 Mem:484.46M (Peak 484.46M) | Time:00:00.89 | Mem:0.00M, Peak:0.00M | Scene, ViewLayer | Synchronizing object | Lavatory style label.001
Fra:1 Mem:484.49M (Peak 484.49M) | Time:00:00.89 | Mem:0.00M, Peak:0.00M | Scene, ViewLayer | Synchronizing object | BSS swing hanger forged link strap.014
Fra:1 Mem:484.52M (Peak 484.52M) | Time:00:00.89 | Mem:0.00M, Peak:0.00M | Scene, ViewLayer | Synchronizing object | BSS swing hanger forged link eye.028
Fra:1 Mem:484.53M (Peak 484.53M) | Time:00:00.89 | Mem:0.00M, Peak:0.00M | Scene, ViewLayer | Synchronizing object | BSS swing hanger forged link eye.029
Fra:1 Mem:484.54M (Peak 484.54M) | Time:00:00.89 | Mem:0.00M, Peak:0.00M | Scene, ViewLayer | Synchronizing object | BSS swing hanger forged link strap.015
Fra:1 Mem:484.54M (Peak 484.54M) | Time:00:00.89 | Mem:0.00M, Peak:0.00M | Scene, ViewLayer | Synchronizing object | BSS swing hanger forged link eye.030
Fra:1 Mem:484.55M (Peak 484.55M) | Time:00:00.89 | Mem:0.00M, Peak:0.00M | Scene, ViewLayer | Synchronizing object | BSS swing hanger forged link eye.031
Fra:1 Mem:484.56M (Peak 484.56M) | Time:00:00.89 | Mem:0.00M, Peak:0.00M | Scene, ViewLayer | Synchronizing object | Lavatory occupied indicator.001
Fra:1 Mem:484.57M (Peak 484.57M) | Time:00:00.89 | Mem:0.00M, Peak:0.00M | Scene, ViewLayer | Synchronizing object | BSS upper hanger pin pin.007
Fra:1 Mem:484.58M (Peak 484.58M) | Time:00:00.89 | Mem:0.00M, Peak:0.00M | Scene, ViewLayer | Synchronizing object | Lavatory rotary latch plate.001
Fra:1 Mem:484.58M (Peak 484.58M) | Time:00:00.89 | Mem:0.00M, Peak:0.00M | Scene, ViewLayer | Synchronizing object | BSS upper hanger pin retaining washer.014
Fra:1 Mem:484.59M (Peak 484.59M) | Time:00:00.89 | Mem:0.00M, Peak:0.00M | Scene, ViewLayer | Synchronizing object | Lavatory inside pull.001
Fra:1 Mem:484.61M (Peak 484.61M) | Time:00:00.89 | Mem:0.00M, Peak:0.00M | Scene, ViewLayer | Synchronizing object | BSS upper hanger pin retaining hex head.014
Fra:1 Mem:484.59M (Peak 484.61M) | Time:00:00.89 | Mem:0.00M, Peak:0.00M | Scene, ViewLayer | Synchronizing object | Lavatory hinge knuckle.005
Fra:1 Mem:484.60M (Peak 484.61M) | Time:00:00.89 | Mem:0.00M, Peak:0.00M | Scene, ViewLayer | Synchronizing object | BSS upper hanger pin retaining washer.015
Fra:1 Mem:484.60M (Peak 484.61M) | Time:00:00.89 | Mem:0.00M, Peak:0.00M | Scene, ViewLayer | Synchronizing object | Lavatory hinge knuckle.004
Fra:1 Mem:484.61M (Peak 484.61M) | Time:00:00.89 | Mem:0.00M, Peak:0.00M | Scene, ViewLayer | Synchronizing object | BSS upper hanger pin retaining hex head.015
Fra:1 Mem:484.63M (Peak 484.63M) | Time:00:00.89 | Mem:0.00M, Peak:0.00M | Scene, ViewLayer | Synchronizing object | Lavatory hinge knuckle.003
Fra:1 Mem:484.61M (Peak 484.63M) | Time:00:00.89 | Mem:0.00M, Peak:0.00M | Scene, ViewLayer | Synchronizing object | BSS lower hanger pin pin.007
Fra:1 Mem:484.62M (Peak 484.63M) | Time:00:00.89 | Mem:0.00M, Peak:0.00M | Scene, ViewLayer | Synchronizing object | Lavatory door leaf.001
Fra:1 Mem:484.63M (Peak 484.63M) | Time:00:00.89 | Mem:0.00M, Peak:0.00M | Scene, ViewLayer | Synchronizing object | BSS lower hanger pin retaining washer.014
Fra:1 Mem:484.63M (Peak 484.63M) | Time:00:00.89 | Mem:0.00M, Peak:0.00M | Scene, ViewLayer | Synchronizing object | Lavatory door head.001
Fra:1 Mem:484.64M (Peak 484.64M) | Time:00:00.89 | Mem:0.00M, Peak:0.00M | Scene, ViewLayer | Synchronizing object | BSS lower hanger pin retaining hex head.014
Fra:1 Mem:484.64M (Peak 484.64M) | Time:00:00.89 | Mem:0.00M, Peak:0.00M | Scene, ViewLayer | Synchronizing object | Lavatory door jamb.003
Fra:1 Mem:484.64M (Peak 484.64M) | Time:00:00.89 | Mem:0.00M, Peak:0.00M | Scene, ViewLayer | Synchronizing object | BSS lower hanger pin retaining washer.015
Fra:1 Mem:484.64M (Peak 484.64M) | Time:00:00.89 | Mem:0.00M, Peak:0.00M | Scene, ViewLayer | Synchronizing object | Lavatory door jamb.002
Fra:1 Mem:484.64M (Peak 484.64M) | Time:00:00.89 | Mem:0.00M, Peak:0.00M | Scene, ViewLayer | Synchronizing object | Lavatory cross partition.001
Fra:1 Mem:484.65M (Peak 484.65M) | Time:00:00.89 | Mem:0.00M, Peak:0.00M | Scene, ViewLayer | Synchronizing object | BSS lower hanger pin retaining hex head.015
Fra:1 Mem:484.65M (Peak 484.65M) | Time:00:00.89 | Mem:0.00M, Peak:0.00M | Scene, ViewLayer | Synchronizing object | Washbasin mirror horizontal trim.001
Fra:1 Mem:484.65M (Peak 484.65M) | Time:00:00.89 | Mem:0.00M, Peak:0.00M | Scene, ViewLayer | Synchronizing object | BSS hanger block.007
Fra:1 Mem:484.66M (Peak 484.66M) | Time:00:00.89 | Mem:0.00M, Peak:0.00M | Scene, ViewLayer | Synchronizing object | Washbasin mirror horizontal trim
Fra:1 Mem:484.67M (Peak 484.67M) | Time:00:00.89 | Mem:0.00M, Peak:0.00M | Scene, ViewLayer | Synchronizing object | Spring plank hanger block.007
Fra:1 Mem:484.68M (Peak 484.68M) | Time:00:00.89 | Mem:0.00M, Peak:0.00M | Scene, ViewLayer | Synchronizing object | Washbasin mirror
Fra:1 Mem:484.69M (Peak 484.69M) | Time:00:00.89 | Mem:0.00M, Peak:0.00M | Scene, ViewLayer | Synchronizing object | Bolster safety U strap.006
Fra:1 Mem:484.69M (Peak 484.69M) | Time:00:00.89 | Mem:0.00M, Peak:0.00M | Scene, ViewLayer | Synchronizing object | Washbasin bent tap
Fra:1 Mem:484.70M (Peak 484.70M) | Time:00:00.89 | Mem:0.00M, Peak:0.00M | Scene, ViewLayer | Synchronizing object | Bolster safety U strap.007
Fra:1 Mem:484.70M (Peak 484.70M) | Time:00:00.89 | Mem:0.00M, Peak:0.00M | Scene, ViewLayer | Synchronizing object | Vestibule handwash bowl drain slot.002
Fra:1 Mem:484.70M (Peak 484.70M) | Time:00:00.89 | Mem:0.00M, Peak:0.00M | Scene, ViewLayer | Synchronizing object | Vertical secondary hydraulic damper body.003
Fra:1 Mem:484.71M (Peak 484.71M) | Time:00:00.89 | Mem:0.00M, Peak:0.00M | Scene, ViewLayer | Synchronizing object | Vestibule handwash bowl drain slot.001
Fra:1 Mem:484.71M (Peak 484.71M) | Time:00:00.89 | Mem:0.00M, Peak:0.00M | Scene, ViewLayer | Synchronizing object | Vestibule handwash bowl drain slot
Fra:1 Mem:484.71M (Peak 484.71M) | Time:00:00.89 | Mem:0.00M, Peak:0.00M | Scene, ViewLayer | Synchronizing object | Secondary damper polished piston.003
Fra:1 Mem:484.71M (Peak 484.71M) | Time:00:00.89 | Mem:0.00M, Peak:0.00M | Scene, ViewLayer | Synchronizing object | Vestibule handwash bowl drain
Fra:1 Mem:484.72M (Peak 484.72M) | Time:00:00.89 | Mem:0.00M, Peak:0.00M | Scene, ViewLayer | Synchronizing object | Secondary damper dust sleeve.003
Fra:1 Mem:484.74M (Peak 484.74M) | Time:00:00.89 | Mem:0.00M, Peak:0.00M | Scene, ViewLayer | Synchronizing object | Vestibule handwash bowl
Fra:1 Mem:484.75M (Peak 484.75M) | Time:00:00.89 | Mem:0.00M, Peak:0.00M | Scene, ViewLayer | Synchronizing object | Damper eye silent rubber.006
Fra:1 Mem:484.76M (Peak 484.76M) | Time:00:00.89 | Mem:0.00M, Peak:0.00M | Scene, ViewLayer | Synchronizing object | Secondary damper eye pin pin.006
Fra:1 Mem:484.77M (Peak 484.77M) | Time:00:00.89 | Mem:0.00M, Peak:0.00M | Scene, ViewLayer | Synchronizing object | Washbasin undercounter cabinet
Fra:1 Mem:484.77M (Peak 484.77M) | Time:00:00.89 | Mem:0.00M, Peak:0.00M | Scene, ViewLayer | Synchronizing object | Secondary damper eye pin retaining washer.012
Fra:1 Mem:484.78M (Peak 484.78M) | Time:00:00.89 | Mem:0.00M, Peak:0.00M | Scene, ViewLayer | Synchronizing object | Lavatory drain perforation.004
Fra:1 Mem:484.78M (Peak 484.78M) | Time:00:00.89 | Mem:0.00M, Peak:0.00M | Scene, ViewLayer | Synchronizing object | Secondary damper eye pin retaining hex head.012
Fra:1 Mem:484.79M (Peak 484.79M) | Time:00:00.89 | Mem:0.00M, Peak:0.00M | Scene, ViewLayer | Synchronizing object | Secondary damper eye pin retaining washer.013
Fra:1 Mem:484.79M (Peak 484.79M) | Time:00:00.89 | Mem:0.00M, Peak:0.00M | Scene, ViewLayer | Synchronizing object | Lavatory drain perforation.003
Fra:1 Mem:484.80M (Peak 484.80M) | Time:00:00.89 | Mem:0.00M, Peak:0.00M | Scene, ViewLayer | Synchronizing object | Secondary damper eye pin retaining hex head.013
Fra:1 Mem:484.80M (Peak 484.80M) | Time:00:00.89 | Mem:0.00M, Peak:0.00M | Scene, ViewLayer | Synchronizing object | Damper attachment lug.006
Fra:1 Mem:484.81M (Peak 484.81M) | Time:00:00.89 | Mem:0.00M, Peak:0.00M | Scene, ViewLayer | Synchronizing object | Damper eye silent rubber.007
Fra:1 Mem:484.82M (Peak 484.82M) | Time:00:00.89 | Mem:0.00M, Peak:0.00M | Scene, ViewLayer | Synchronizing object | Secondary damper eye pin pin.007
Fra:1 Mem:484.82M (Peak 484.82M) | Time:00:00.89 | Mem:0.00M, Peak:0.00M | Scene, ViewLayer | Synchronizing object | Lavatory drain perforation.002
Fra:1 Mem:484.82M (Peak 484.82M) | Time:00:00.89 | Mem:0.00M, Peak:0.00M | Scene, ViewLayer | Synchronizing object | Secondary damper eye pin retaining washer.014
Fra:1 Mem:484.83M (Peak 484.83M) | Time:00:00.89 | Mem:0.00M, Peak:0.00M | Scene, ViewLayer | Synchronizing object | Lavatory drain perforation.001
Fra:1 Mem:484.84M (Peak 484.84M) | Time:00:00.89 | Mem:0.00M, Peak:0.00M | Scene, ViewLayer | Synchronizing object | Secondary damper eye pin retaining hex head.014
Fra:1 Mem:484.86M (Peak 484.86M) | Time:00:00.89 | Mem:0.00M, Peak:0.00M | Scene, ViewLayer | Synchronizing object | Lavatory drain perforation
Fra:1 Mem:484.85M (Peak 484.86M) | Time:00:00.89 | Mem:0.00M, Peak:0.00M | Scene, ViewLayer | Synchronizing object | Secondary damper eye pin retaining washer.015
Fra:1 Mem:484.86M (Peak 484.86M) | Time:00:00.89 | Mem:0.00M, Peak:0.00M | Scene, ViewLayer | Synchronizing object | Lavatory stainless floor drain
Fra:1 Mem:484.86M (Peak 484.86M) | Time:00:00.89 | Mem:0.00M, Peak:0.00M | Scene, ViewLayer | Synchronizing object | Secondary damper eye pin retaining hex head.015
Fra:1 Mem:484.86M (Peak 484.86M) | Time:00:00.89 | Mem:0.00M, Peak:0.00M | Scene, ViewLayer | Synchronizing object | Lavatory wash spray hose
Fra:1 Mem:484.87M (Peak 484.87M) | Time:00:00.89 | Mem:0.00M, Peak:0.00M | Scene, ViewLayer | Synchronizing object | Damper attachment lug.007
Fra:1 Mem:484.88M (Peak 484.88M) | Time:00:00.89 | Mem:0.00M, Peak:0.00M | Scene, ViewLayer | Synchronizing object | Lavatory grab handle
Fra:1 Mem:484.88M (Peak 484.88M) | Time:00:00.89 | Mem:0.00M, Peak:0.00M | Scene, ViewLayer | Synchronizing object | Side bearer lubricating oil bath.003
Fra:1 Mem:484.89M (Peak 484.89M) | Time:00:00.89 | Mem:0.00M, Peak:0.00M | Scene, ViewLayer | Synchronizing object | Lavatory flush pipe
Fra:1 Mem:484.90M (Peak 484.90M) | Time:00:00.89 | Mem:0.00M, Peak:0.00M | Scene, ViewLayer | Synchronizing object | Side bearer bronze wearing piece.003
Fra:1 Mem:484.90M (Peak 484.90M) | Time:00:00.89 | Mem:0.00M, Peak:0.00M | Scene, ViewLayer | Synchronizing object | Lavatory flush pushbutton
Fra:1 Mem:484.91M (Peak 484.91M) | Time:00:00.89 | Mem:0.00M, Peak:0.00M | Scene, ViewLayer | Synchronizing object | Side bearer dust excluding cover.003
Fra:1 Mem:484.91M (Peak 484.91M) | Time:00:00.89 | Mem:0.00M, Peak:0.00M | Scene, ViewLayer | Synchronizing object | Lavatory flush valve mount
Fra:1 Mem:484.93M (Peak 484.93M) | Time:00:00.89 | Mem:0.00M, Peak:0.00M | Scene, ViewLayer | Synchronizing object | Body bolster side-bearer attachment.003
Fra:1 Mem:484.93M (Peak 484.93M) | Time:00:00.89 | Mem:0.00M, Peak:0.00M | Scene, ViewLayer | Synchronizing object | Squat footpad antislip ridge.013
Fra:1 Mem:484.95M (Peak 484.95M) | Time:00:00.89 | Mem:0.00M, Peak:0.00M | Scene, ViewLayer | Synchronizing object | Side bearer oil filler pipe.003
Fra:1 Mem:484.95M (Peak 484.95M) | Time:00:00.89 | Mem:0.00M, Peak:0.00M | Scene, ViewLayer | Synchronizing object | Squat footpad antislip ridge.012
Fra:1 Mem:484.96M (Peak 484.96M) | Time:00:00.89 | Mem:0.00M, Peak:0.00M | Scene, ViewLayer | Synchronizing object | Side bearer oil filler cap.003
Fra:1 Mem:484.96M (Peak 484.96M) | Time:00:00.89 | Mem:0.00M, Peak:0.00M | Scene, ViewLayer | Synchronizing object | Squat footpad antislip ridge.011
Fra:1 Mem:484.97M (Peak 484.97M) | Time:00:00.89 | Mem:0.00M, Peak:0.00M | Scene, ViewLayer | Synchronizing object | Bolster diagonal anchor link shank.003
Fra:1 Mem:484.97M (Peak 484.97M) | Time:00:00.89 | Mem:0.00M, Peak:0.00M | Scene, ViewLayer | Synchronizing object | Squat footpad antislip ridge.010
Fra:1 Mem:484.97M (Peak 484.97M) | Time:00:00.89 | Mem:0.00M, Peak:0.00M | Scene, ViewLayer | Synchronizing object | Anchor link silent block outer housing.006
Fra:1 Mem:484.99M (Peak 484.99M) | Time:00:00.89 | Mem:0.00M, Peak:0.00M | Scene, ViewLayer | Synchronizing object | Squat footpad antislip ridge.009
Fra:1 Mem:484.99M (Peak 484.99M) | Time:00:00.89 | Mem:0.00M, Peak:0.00M | Scene, ViewLayer | Synchronizing object | Anchor link rubber bush.006
Fra:1 Mem:485.00M (Peak 485.00M) | Time:00:00.89 | Mem:0.00M, Peak:0.00M | Scene, ViewLayer | Synchronizing object | Squat footpad antislip ridge.008
Fra:1 Mem:485.00M (Peak 485.00M) | Time:00:00.89 | Mem:0.00M, Peak:0.00M | Scene, ViewLayer | Synchronizing object | Anchor link pin pin.006
Fra:1 Mem:485.02M (Peak 485.02M) | Time:00:00.89 | Mem:0.00M, Peak:0.00M | Scene, ViewLayer | Synchronizing object | Squat footpad antislip ridge.007
Fra:1 Mem:485.02M (Peak 485.02M) | Time:00:00.89 | Mem:0.00M, Peak:0.00M | Scene, ViewLayer | Synchronizing object | Anchor link pin retaining washer.012
Fra:1 Mem:485.03M (Peak 485.03M) | Time:00:00.89 | Mem:0.00M, Peak:0.00M | Scene, ViewLayer | Synchronizing object | Indian pan foot pad.001
Fra:1 Mem:485.03M (Peak 485.03M) | Time:00:00.89 | Mem:0.00M, Peak:0.00M | Scene, ViewLayer | Synchronizing object | Anchor link pin retaining hex head.012
Fra:1 Mem:485.04M (Peak 485.04M) | Time:00:00.89 | Mem:0.00M, Peak:0.00M | Scene, ViewLayer | Synchronizing object | Squat footpad antislip ridge.006
Fra:1 Mem:485.05M (Peak 485.05M) | Time:00:00.89 | Mem:0.00M, Peak:0.00M | Scene, ViewLayer | Synchronizing object | Squat footpad antislip ridge.005
Fra:1 Mem:485.06M (Peak 485.06M) | Time:00:00.89 | Mem:0.00M, Peak:0.00M | Scene, ViewLayer | Synchronizing object | Squat footpad antislip ridge.004
Fra:1 Mem:485.07M (Peak 485.07M) | Time:00:00.89 | Mem:0.00M, Peak:0.00M | Scene, ViewLayer | Synchronizing object | Anchor link pin retaining washer.013
Fra:1 Mem:485.07M (Peak 485.07M) | Time:00:00.89 | Mem:0.00M, Peak:0.00M | Scene, ViewLayer | Synchronizing object | Squat footpad antislip ridge.003
Fra:1 Mem:485.08M (Peak 485.08M) | Time:00:00.89 | Mem:0.00M, Peak:0.00M | Scene, ViewLayer | Synchronizing object | Anchor link pin retaining hex head.013
Fra:1 Mem:485.08M (Peak 485.08M) | Time:00:00.89 | Mem:0.00M, Peak:0.00M | Scene, ViewLayer | Synchronizing object | Squat footpad antislip ridge.002
Fra:1 Mem:485.08M (Peak 485.08M) | Time:00:00.89 | Mem:0.00M, Peak:0.00M | Scene, ViewLayer | Synchronizing object | Anchor link silent block outer housing.007
Fra:1 Mem:485.09M (Peak 485.09M) | Time:00:00.89 | Mem:0.00M, Peak:0.00M | Scene, ViewLayer | Synchronizing object | Anchor link rubber bush.007
Fra:1 Mem:485.10M (Peak 485.10M) | Time:00:00.89 | Mem:0.00M, Peak:0.00M | Scene, ViewLayer | Synchronizing object | Anchor link pin pin.007
Fra:1 Mem:485.10M (Peak 485.10M) | Time:00:00.89 | Mem:0.00M, Peak:0.00M | Scene, ViewLayer | Synchronizing object | Anchor link pin retaining washer.014
Fra:1 Mem:485.11M (Peak 485.11M) | Time:00:00.89 | Mem:0.00M, Peak:0.00M | Scene, ViewLayer | Synchronizing object | Anchor link pin retaining hex head.014
Fra:1 Mem:485.11M (Peak 485.11M) | Time:00:00.89 | Mem:0.00M, Peak:0.00M | Scene, ViewLayer | Synchronizing object | Anchor link pin retaining washer.015
Fra:1 Mem:485.12M (Peak 485.12M) | Time:00:00.89 | Mem:0.00M, Peak:0.00M | Scene, ViewLayer | Synchronizing object | Squat footpad antislip ridge.001
Fra:1 Mem:485.12M (Peak 485.12M) | Time:00:00.89 | Mem:0.00M, Peak:0.00M | Scene, ViewLayer | Synchronizing object | Anchor link pin retaining hex head.015
Fra:1 Mem:485.13M (Peak 485.13M) | Time:00:00.89 | Mem:0.00M, Peak:0.00M | Scene, ViewLayer | Synchronizing object | Squat footpad antislip ridge
Fra:1 Mem:485.14M (Peak 485.14M) | Time:00:00.89 | Mem:0.00M, Peak:0.00M | Scene, ViewLayer | Synchronizing object | Equalising stay rod.003
Fra:1 Mem:485.14M (Peak 485.14M) | Time:00:00.89 | Mem:0.00M, Peak:0.00M | Scene, ViewLayer | Synchronizing object | Indian pan foot pad
Fra:1 Mem:485.15M (Peak 485.15M) | Time:00:00.89 | Mem:0.00M, Peak:0.00M | Scene, ViewLayer | Synchronizing object | Equalising stay pin eye.006
Fra:1 Mem:485.16M (Peak 485.16M) | Time:00:00.89 | Mem:0.00M, Peak:0.00M | Scene, ViewLayer | Synchronizing object | Equalising stay pin pin.006
Fra:1 Mem:485.16M (Peak 485.16M) | Time:00:00.89 | Mem:0.00M, Peak:0.00M | Scene, ViewLayer | Synchronizing object | Equalising stay pin retaining washer.012
Fra:1 Mem:485.17M (Peak 485.17M) | Time:00:00.89 | Mem:0.00M, Peak:0.00M | Scene, ViewLayer | Synchronizing object | Equalising stay pin retaining hex head.012
Fra:1 Mem:485.17M (Peak 485.17M) | Time:00:00.89 | Mem:0.00M, Peak:0.00M | Scene, ViewLayer | Synchronizing object | Indian stainless squatting pan drain slot.002
Fra:1 Mem:485.17M (Peak 485.17M) | Time:00:00.89 | Mem:0.00M, Peak:0.00M | Scene, ViewLayer | Synchronizing object | Equalising stay pin retaining washer.013
Fra:1 Mem:485.17M (Peak 485.17M) | Time:00:00.89 | Mem:0.00M, Peak:0.00M | Scene, ViewLayer | Synchronizing object | Indian stainless squatting pan drain slot.001
Fra:1 Mem:485.18M (Peak 485.18M) | Time:00:00.89 | Mem:0.00M, Peak:0.00M | Scene, ViewLayer | Synchronizing object | Equalising stay pin retaining hex head.013
Fra:1 Mem:485.18M (Peak 485.18M) | Time:00:00.89 | Mem:0.00M, Peak:0.00M | Scene, ViewLayer | Synchronizing object | Indian stainless squatting pan drain slot
Fra:1 Mem:485.18M (Peak 485.18M) | Time:00:00.89 | Mem:0.00M, Peak:0.00M | Scene, ViewLayer | Synchronizing object | Equalising stay pin eye.007
Fra:1 Mem:485.18M (Peak 485.18M) | Time:00:00.89 | Mem:0.00M, Peak:0.00M | Scene, ViewLayer | Synchronizing object | Indian stainless squatting pan drain
Fra:1 Mem:485.19M (Peak 485.19M) | Time:00:00.89 | Mem:0.00M, Peak:0.00M | Scene, ViewLayer | Synchronizing object | Equalising stay pin pin.007
Fra:1 Mem:485.20M (Peak 485.20M) | Time:00:00.89 | Mem:0.00M, Peak:0.00M | Scene, ViewLayer | Synchronizing object | Indian stainless squatting pan
Fra:1 Mem:485.21M (Peak 485.21M) | Time:00:00.89 | Mem:0.00M, Peak:0.00M | Scene, ViewLayer | Synchronizing object | Equalising stay pin retaining washer.014
Fra:1 Mem:485.23M (Peak 485.23M) | Time:00:00.89 | Mem:0.00M, Peak:0.00M | Scene, ViewLayer | Synchronizing object | Equalising stay pin retaining hex head.014
Fra:1 Mem:485.23M (Peak 485.23M) | Time:00:00.89 | Mem:0.00M, Peak:0.00M | Scene, ViewLayer | Synchronizing object | Equalising stay pin retaining washer.015
Fra:1 Mem:485.23M (Peak 485.23M) | Time:00:00.89 | Mem:0.00M, Peak:0.00M | Scene, ViewLayer | Synchronizing object | Lavatory nonslip tray
Fra:1 Mem:485.24M (Peak 485.24M) | Time:00:00.89 | Mem:0.00M, Peak:0.00M | Scene, ViewLayer | Synchronizing object | Equalising stay pin retaining hex head.015
Fra:1 Mem:485.25M (Peak 485.25M) | Time:00:00.89 | Mem:0.00M, Peak:0.00M | Scene, ViewLayer | Synchronizing object | Lavatory style label
Fra:1 Mem:485.25M (Peak 485.25M) | Time:00:00.89 | Mem:0.00M, Peak:0.00M | Scene, ViewLayer | Synchronizing object | Lower spring cradle transverse channel.002
Fra:1 Mem:485.28M (Peak 485.28M) | Time:00:00.89 | Mem:0.00M, Peak:0.00M | Scene, ViewLayer | Synchronizing object | Spring cradle transverse stiffener.006
Fra:1 Mem:485.29M (Peak 485.29M) | Time:00:00.89 | Mem:0.00M, Peak:0.00M | Scene, ViewLayer | Synchronizing object | Spring cradle transverse stiffener.007
Fra:1 Mem:485.29M (Peak 485.29M) | Time:00:00.89 | Mem:0.00M, Peak:0.00M | Scene, ViewLayer | Synchronizing object | Lavatory occupied indicator
Fra:1 Mem:485.30M (Peak 485.30M) | Time:00:00.89 | Mem:0.00M, Peak:0.00M | Scene, ViewLayer | Synchronizing object | Spring cradle transverse stiffener.008
Fra:1 Mem:485.31M (Peak 485.31M) | Time:00:00.89 | Mem:0.00M, Peak:0.00M | Scene, ViewLayer | Synchronizing object | Lavatory rotary latch plate
Fra:1 Mem:485.32M (Peak 485.32M) | Time:00:00.89 | Mem:0.00M, Peak:0.00M | Scene, ViewLayer | Synchronizing object | Lower spring cradle transverse channel.003
Fra:1 Mem:485.33M (Peak 485.33M) | Time:00:00.89 | Mem:0.00M, Peak:0.00M | Scene, ViewLayer | Synchronizing object | Lavatory inside pull
Fra:1 Mem:485.33M (Peak 485.33M) | Time:00:00.89 | Mem:0.00M, Peak:0.00M | Scene, ViewLayer | Synchronizing object | Spring cradle transverse stiffener.009
Fra:1 Mem:485.33M (Peak 485.33M) | Time:00:00.89 | Mem:0.00M, Peak:0.00M | Scene, ViewLayer | Synchronizing object | Lavatory hinge knuckle.002
Fra:1 Mem:485.35M (Peak 485.35M) | Time:00:00.89 | Mem:0.00M, Peak:0.00M | Scene, ViewLayer | Synchronizing object | Spring cradle transverse stiffener.010
Fra:1 Mem:485.35M (Peak 485.35M) | Time:00:00.89 | Mem:0.00M, Peak:0.00M | Scene, ViewLayer | Synchronizing object | Lavatory hinge knuckle.001
Fra:1 Mem:485.36M (Peak 485.36M) | Time:00:00.89 | Mem:0.00M, Peak:0.00M | Scene, ViewLayer | Synchronizing object | Spring cradle transverse stiffener.011
Fra:1 Mem:485.36M (Peak 485.36M) | Time:00:00.89 | Mem:0.00M, Peak:0.00M | Scene, ViewLayer | Synchronizing object | Lavatory hinge knuckle
Fra:1 Mem:485.37M (Peak 485.37M) | Time:00:00.89 | Mem:0.00M, Peak:0.00M | Scene, ViewLayer | Synchronizing object | Centre pivot silent block housing.001
Fra:1 Mem:485.37M (Peak 485.37M) | Time:00:00.89 | Mem:0.00M, Peak:0.00M | Scene, ViewLayer | Synchronizing object | Lavatory door leaf
Fra:1 Mem:485.39M (Peak 485.39M) | Time:00:00.89 | Mem:0.00M, Peak:0.00M | Scene, ViewLayer | Synchronizing object | Centre pivot rubber silent block.001
Fra:1 Mem:485.39M (Peak 485.39M) | Time:00:00.89 | Mem:0.00M, Peak:0.00M | Scene, ViewLayer | Synchronizing object | Lavatory door head
Fra:1 Mem:485.40M (Peak 485.40M) | Time:00:00.89 | Mem:0.00M, Peak:0.00M | Scene, ViewLayer | Synchronizing object | Lavatory door jamb.001
Fra:1 Mem:485.40M (Peak 485.40M) | Time:00:00.89 | Mem:0.00M, Peak:0.00M | Scene, ViewLayer | Synchronizing object | Centre pivot tractive force pin.001
Fra:1 Mem:485.42M (Peak 485.42M) | Time:00:00.89 | Mem:0.00M, Peak:0.00M | Scene, ViewLayer | Synchronizing object | Lavatory door jamb
Fra:1 Mem:485.41M (Peak 485.42M) | Time:00:00.89 | Mem:0.00M, Peak:0.00M | Scene, ViewLayer | Synchronizing object | Lavatory cross partition
Fra:1 Mem:485.41M (Peak 485.42M) | Time:00:00.89 | Mem:0.00M, Peak:0.00M | Scene, ViewLayer | Synchronizing object | Centre pivot retaining plate.001
Fra:1 Mem:485.41M (Peak 485.42M) | Time:00:00.89 | Mem:0.00M, Peak:0.00M | Scene, ViewLayer | Synchronizing object | Saloon door handle
Fra:1 Mem:485.42M (Peak 485.42M) | Time:00:00.89 | Mem:0.00M, Peak:0.00M | Scene, ViewLayer | Synchronizing object | Centre pivot retaining screw hex head.004
Fra:1 Mem:485.42M (Peak 485.42M) | Time:00:00.89 | Mem:0.00M, Peak:0.00M | Scene, ViewLayer | Synchronizing object | Saloon sliding door parked panel
Fra:1 Mem:485.43M (Peak 485.43M) | Time:00:00.89 | Mem:0.00M, Peak:0.00M | Scene, ViewLayer | Synchronizing object | Centre pivot retaining screw hex head.005
Fra:1 Mem:485.44M (Peak 485.44M) | Time:00:00.89 | Mem:0.00M, Peak:0.00M | Scene, ViewLayer | Synchronizing object | Saloon doorway header
Fra:1 Mem:485.44M (Peak 485.44M) | Time:00:00.89 | Mem:0.00M, Peak:0.00M | Scene, ViewLayer | Synchronizing object | Centre pivot retaining screw hex head.006
Fra:1 Mem:485.44M (Peak 485.44M) | Time:00:00.89 | Mem:0.00M, Peak:0.00M | Scene, ViewLayer | Synchronizing object | Saloon end bulkhead.001
Fra:1 Mem:485.44M (Peak 485.44M) | Time:00:00.89 | Mem:0.00M, Peak:0.00M | Scene, ViewLayer | Synchronizing object | Centre pivot retaining screw hex head.007
Fra:1 Mem:485.44M (Peak 485.44M) | Time:00:00.89 | Mem:0.00M, Peak:0.00M | Scene, ViewLayer | Synchronizing object | Saloon end bulkhead
Fra:1 Mem:485.44M (Peak 485.44M) | Time:00:00.89 | Mem:0.00M, Peak:0.00M | Scene, ViewLayer | Synchronizing object | Turned stepped solid ICF axle.002
Fra:1 Mem:485.44M (Peak 485.44M) | Time:00:00.89 | Mem:0.00M, Peak:0.00M | Scene, ViewLayer | Synchronizing object | Buffer beam corner handhold.003
Fra:1 Mem:485.50M (Peak 485.50M) | Time:00:00.89 | Mem:0.00M, Peak:0.00M | Scene, ViewLayer | Synchronizing object | Buffer beam corner handhold.002
Fra:1 Mem:485.51M (Peak 485.51M) | Time:00:00.89 | Mem:0.00M, Peak:0.00M | Scene, ViewLayer | Synchronizing object | Hose moulded collar.007
Fra:1 Mem:485.52M (Peak 485.52M) | Time:00:00.89 | Mem:0.00M, Peak:0.00M | Scene, ViewLayer | Synchronizing object | Hose moulded collar.006
Fra:1 Mem:485.53M (Peak 485.53M) | Time:00:00.89 | Mem:0.00M, Peak:0.00M | Scene, ViewLayer | Synchronizing object | Pneumatic hose gladhand.003
Fra:1 Mem:485.54M (Peak 485.54M) | Time:00:00.89 | Mem:0.00M, Peak:0.00M | Scene, ViewLayer | Synchronizing object | Rubber pneumatic end hose.003
Fra:1 Mem:485.55M (Peak 485.55M) | Time:00:00.89 | Mem:0.00M, Peak:0.00M | Scene, ViewLayer | Synchronizing object | Brake isolation cock lever.003
Fra:1 Mem:485.56M (Peak 485.56M) | Time:00:00.89 | Mem:0.00M, Peak:0.00M | Scene, ViewLayer | Synchronizing object | Brake pipe cock body.003
Fra:1 Mem:485.57M (Peak 485.57M) | Time:00:00.89 | Mem:0.00M, Peak:0.00M | Scene, ViewLayer | Synchronizing object | Brake pipe end feed.003
Fra:1 Mem:485.58M (Peak 485.58M) | Time:00:00.89 | Mem:0.00M, Peak:0.00M | Scene, ViewLayer | Synchronizing object | Hose moulded collar.005
Fra:1 Mem:485.58M (Peak 485.58M) | Time:00:00.89 | Mem:0.00M, Peak:0.00M | Scene, ViewLayer | Synchronizing object | ICF monobloc 915mm dished wheel.004
Fra:1 Mem:485.64M (Peak 485.64M) | Time:00:00.89 | Mem:0.00M, Peak:0.00M | Scene, ViewLayer | Synchronizing object | Hose moulded collar.004
Fra:1 Mem:485.65M (Peak 485.65M) | Time:00:00.89 | Mem:0.00M, Peak:0.00M | Scene, ViewLayer | Synchronizing object | Pneumatic hose gladhand.002
Fra:1 Mem:485.65M (Peak 485.65M) | Time:00:00.89 | Mem:0.00M, Peak:0.00M | Scene, ViewLayer | Synchronizing object | Rubber pneumatic end hose.002
Fra:1 Mem:485.79M (Peak 485.79M) | Time:00:00.89 | Mem:0.00M, Peak:0.00M | Scene, ViewLayer | Synchronizing object | Brake isolation cock lever.002
Fra:1 Mem:485.85M (Peak 485.85M) | Time:00:00.89 | Mem:0.00M, Peak:0.00M | Scene, ViewLayer | Synchronizing object | Brake pipe cock body.002
Fra:1 Mem:485.88M (Peak 485.88M) | Time:00:00.89 | Mem:0.00M, Peak:0.00M | Scene, ViewLayer | Synchronizing object | Brake pipe end feed.002
Fra:1 Mem:485.89M (Peak 485.89M) | Time:00:00.89 | Mem:0.00M, Peak:0.00M | Scene, ViewLayer | Synchronizing object | Screw coupling forged lower bow.001
Fra:1 Mem:486.06M (Peak 486.06M) | Time:00:00.89 | Mem:0.00M, Peak:0.00M | Scene, ViewLayer | Synchronizing object | Turnbuckle handle end stop.003
Fra:1 Mem:486.06M (Peak 486.06M) | Time:00:00.89 | Mem:0.00M, Peak:0.00M | Scene, ViewLayer | Synchronizing object | Turnbuckle handle end stop.002
Fra:1 Mem:486.07M (Peak 486.07M) | Time:00:00.89 | Mem:0.00M, Peak:0.00M | Scene, ViewLayer | Synchronizing object | Turnbuckle cross handle.001
Fra:1 Mem:486.07M (Peak 486.07M) | Time:00:00.89 | Mem:0.00M, Peak:0.00M | Scene, ViewLayer | Synchronizing object | Turnbuckle screw thread.037
Fra:1 Mem:486.08M (Peak 486.08M) | Time:00:00.89 | Mem:0.00M, Peak:0.00M | Scene, ViewLayer | Synchronizing object | Turnbuckle screw thread.036
Fra:1 Mem:486.09M (Peak 486.09M) | Time:00:00.89 | Mem:0.00M, Peak:0.00M | Scene, ViewLayer | Synchronizing object | Turnbuckle screw thread.035
Fra:1 Mem:486.11M (Peak 486.11M) | Time:00:00.89 | Mem:0.00M, Peak:0.00M | Scene, ViewLayer | Synchronizing object | Turnbuckle screw thread.034
Fra:1 Mem:486.12M (Peak 486.12M) | Time:00:00.89 | Mem:0.00M, Peak:0.00M | Scene, ViewLayer | Synchronizing object | Turnbuckle screw thread.033
Fra:1 Mem:486.17M (Peak 486.17M) | Time:00:00.89 | Mem:0.00M, Peak:0.00M | Scene, ViewLayer | Synchronizing object | Turnbuckle screw thread.032
Fra:1 Mem:486.18M (Peak 486.18M) | Time:00:00.89 | Mem:0.00M, Peak:0.00M | Scene, ViewLayer | Synchronizing object | Turnbuckle screw thread.031
Fra:1 Mem:486.22M (Peak 486.22M) | Time:00:00.89 | Mem:0.00M, Peak:0.00M | Scene, ViewLayer | Synchronizing object | Turnbuckle screw thread.030
Fra:1 Mem:486.27M (Peak 486.27M) | Time:00:00.89 | Mem:0.00M, Peak:0.00M | Scene, ViewLayer | Synchronizing object | Turnbuckle screw thread.029
Fra:1 Mem:486.24M (Peak 486.27M) | Time:00:00.89 | Mem:0.00M, Peak:0.00M | Scene, ViewLayer | Synchronizing object | Turnbuckle screw thread.028
Fra:1 Mem:486.25M (Peak 486.27M) | Time:00:00.89 | Mem:0.00M, Peak:0.00M | Scene, ViewLayer | Synchronizing object | Wheel hub machining line.004
Fra:1 Mem:486.27M (Peak 486.27M) | Time:00:00.89 | Mem:0.00M, Peak:0.00M | Scene, ViewLayer | Synchronizing object | Turnbuckle screw thread.027
Fra:1 Mem:486.31M (Peak 486.31M) | Time:00:00.89 | Mem:0.00M, Peak:0.00M | Scene, ViewLayer | Synchronizing object | Turnbuckle screw thread.026
Fra:1 Mem:486.32M (Peak 486.32M) | Time:00:00.89 | Mem:0.00M, Peak:0.00M | Scene, ViewLayer | Synchronizing object | Turnbuckle screw thread.025
Fra:1 Mem:486.34M (Peak 486.34M) | Time:00:00.89 | Mem:0.00M, Peak:0.00M | Scene, ViewLayer | Synchronizing object | Wheel rim witness line.004
Fra:1 Mem:486.34M (Peak 486.34M) | Time:00:00.89 | Mem:0.00M, Peak:0.00M | Scene, ViewLayer | Synchronizing object | Turnbuckle screw thread.024
Fra:1 Mem:486.41M (Peak 486.41M) | Time:00:00.89 | Mem:0.00M, Peak:0.00M | Scene, ViewLayer | Synchronizing object | Turnbuckle screw thread.023
Fra:1 Mem:486.44M (Peak 486.44M) | Time:00:00.89 | Mem:0.00M, Peak:0.00M | Scene, ViewLayer | Synchronizing object | Turnbuckle screw thread.022
Fra:1 Mem:486.45M (Peak 486.45M) | Time:00:00.89 | Mem:0.00M, Peak:0.00M | Scene, ViewLayer | Synchronizing object | Turnbuckle screw thread.021
Fra:1 Mem:486.48M (Peak 486.48M) | Time:00:00.89 | Mem:0.00M, Peak:0.00M | Scene, ViewLayer | Synchronizing object | Turnbuckle screw thread.020
Fra:1 Mem:486.48M (Peak 486.48M) | Time:00:00.89 | Mem:0.00M, Peak:0.00M | Scene, ViewLayer | Synchronizing object | Wing-type axlebox casting.004
Fra:1 Mem:486.49M (Peak 486.49M) | Time:00:00.89 | Mem:0.00M, Peak:0.00M | Scene, ViewLayer | Synchronizing object | Turnbuckle screw thread.019
Fra:1 Mem:486.50M (Peak 486.50M) | Time:00:00.89 | Mem:0.00M, Peak:0.00M | Scene, ViewLayer | Synchronizing object | Axlebox spherical bearing housing.004
Fra:1 Mem:486.51M (Peak 486.51M) | Time:00:00.89 | Mem:0.00M, Peak:0.00M | Scene, ViewLayer | Synchronizing object | Screw coupling turnbuckle barrel.001
Fra:1 Mem:486.52M (Peak 486.52M) | Time:00:00.89 | Mem:0.00M, Peak:0.00M | Scene, ViewLayer | Synchronizing object | Axlebox circular gasket.004
Fra:1 Mem:486.52M (Peak 486.52M) | Time:00:00.89 | Mem:0.00M, Peak:0.00M | Scene, ViewLayer | Synchronizing object | Screw coupling upper trunnion.001
Fra:1 Mem:486.54M (Peak 486.54M) | Time:00:00.89 | Mem:0.00M, Peak:0.00M | Scene, ViewLayer | Synchronizing object | Coupling trunnion retaining nut.003
Fra:1 Mem:486.54M (Peak 486.54M) | Time:00:00.89 | Mem:0.00M, Peak:0.00M | Scene, ViewLayer | Synchronizing object | Axlebox bolted front cover.004
Fra:1 Mem:486.55M (Peak 486.55M) | Time:00:00.89 | Mem:0.00M, Peak:0.00M | Scene, ViewLayer | Synchronizing object | Coupling shackle cheek.007
Fra:1 Mem:486.56M (Peak 486.56M) | Time:00:00.89 | Mem:0.00M, Peak:0.00M | Scene, ViewLayer | Synchronizing object | Axlebox centre inspection emboss.004
Fra:1 Mem:486.56M (Peak 486.56M) | Time:00:00.89 | Mem:0.00M, Peak:0.00M | Scene, ViewLayer | Synchronizing object | Coupling shackle cheek.006
Fra:1 Mem:486.57M (Peak 486.57M) | Time:00:00.89 | Mem:0.00M, Peak:0.00M | Scene, ViewLayer | Synchronizing object | Axlebox cover M20 hex head.024
Fra:1 Mem:486.57M (Peak 486.57M) | Time:00:00.89 | Mem:0.00M, Peak:0.00M | Scene, ViewLayer | Synchronizing object | Coupling trunnion retaining nut.002
Fra:1 Mem:486.57M (Peak 486.57M) | Time:00:00.89 | Mem:0.00M, Peak:0.00M | Scene, ViewLayer | Synchronizing object | Axlebox cover M20 hex head.025
Fra:1 Mem:486.57M (Peak 486.57M) | Time:00:00.89 | Mem:0.00M, Peak:0.00M | Scene, ViewLayer | Synchronizing object | Coupling shackle cheek.005
Fra:1 Mem:486.58M (Peak 486.58M) | Time:00:00.89 | Mem:0.00M, Peak:0.00M | Scene, ViewLayer | Synchronizing object | Axlebox cover M20 hex head.026
Fra:1 Mem:486.60M (Peak 486.60M) | Time:00:00.89 | Mem:0.00M, Peak:0.00M | Scene, ViewLayer | Synchronizing object | Coupling shackle cheek.004
Fra:1 Mem:486.59M (Peak 486.60M) | Time:00:00.89 | Mem:0.00M, Peak:0.00M | Scene, ViewLayer | Synchronizing object | Axlebox cover M20 hex head.027
Fra:1 Mem:486.59M (Peak 486.60M) | Time:00:00.89 | Mem:0.00M, Peak:0.00M | Scene, ViewLayer | Synchronizing object | Drawhook trunnion pin.001
Fra:1 Mem:486.59M (Peak 486.60M) | Time:00:00.89 | Mem:0.00M, Peak:0.00M | Scene, ViewLayer | Synchronizing object | Axlebox cover M20 hex head.028
Fra:1 Mem:486.60M (Peak 486.60M) | Time:00:00.89 | Mem:0.00M, Peak:0.00M | Scene, ViewLayer | Synchronizing object | Drawhook pocket opening.001
Fra:1 Mem:486.60M (Peak 486.60M) | Time:00:00.89 | Mem:0.00M, Peak:0.00M | Scene, ViewLayer | Synchronizing object | Axlebox cover M20 hex head.029
Fra:1 Mem:486.61M (Peak 486.61M) | Time:00:00.89 | Mem:0.00M, Peak:0.00M | Scene, ViewLayer | Synchronizing object | Axlebox crown bump rubber.004
Fra:1 Mem:486.61M (Peak 486.61M) | Time:00:00.89 | Mem:0.00M, Peak:0.00M | Scene, ViewLayer | Synchronizing object | Forged central drawhook.001
Fra:1 Mem:486.63M (Peak 486.63M) | Time:00:00.89 | Mem:0.00M, Peak:0.00M | Scene, ViewLayer | Synchronizing object | Axlebox crown stop bracket.004
Fra:1 Mem:486.65M (Peak 486.65M) | Time:00:00.89 | Mem:0.00M, Peak:0.00M | Scene, ViewLayer | Synchronizing object | Crown clearance stop bolt.004
Fra:1 Mem:486.65M (Peak 486.65M) | Time:00:00.89 | Mem:0.00M, Peak:0.00M | Scene, ViewLayer | Synchronizing object | Buffer grease nipple.003
Fra:1 Mem:486.65M (Peak 486.65M) | Time:00:00.89 | Mem:0.00M, Peak:0.00M | Scene, ViewLayer | Synchronizing object | Primary lower spring seat cup.008
Fra:1 Mem:486.66M (Peak 486.66M) | Time:00:00.89 | Mem:0.00M, Peak:0.00M | Scene, ViewLayer | Synchronizing object | Buffer mounting stud.015
Fra:1 Mem:486.67M (Peak 486.67M) | Time:00:00.89 | Mem:0.00M, Peak:0.00M | Scene, ViewLayer | Synchronizing object | Primary isolation rubber pad.008
Fra:1 Mem:486.67M (Peak 486.67M) | Time:00:00.89 | Mem:0.00M, Peak:0.00M | Scene, ViewLayer | Synchronizing object | Buffer mounting hex nut.015
Fra:1 Mem:486.68M (Peak 486.68M) | Time:00:00.89 | Mem:0.00M, Peak:0.00M | Scene, ViewLayer | Synchronizing object | Buffer mounting stud.014
Fra:1 Mem:486.68M (Peak 486.68M) | Time:00:00.89 | Mem:0.00M, Peak:0.00M | Scene, ViewLayer | Synchronizing object | Primary dashpot oil cylinder.008
Fra:1 Mem:486.69M (Peak 486.69M) | Time:00:00.89 | Mem:0.00M, Peak:0.00M | Scene, ViewLayer | Synchronizing object | Buffer mounting hex nut.014
Fra:1 Mem:486.69M (Peak 486.69M) | Time:00:00.89 | Mem:0.00M, Peak:0.00M | Scene, ViewLayer | Synchronizing object | Telescopic axle guide piston sleeve.008
Fra:1 Mem:486.70M (Peak 486.70M) | Time:00:00.89 | Mem:0.00M, Peak:0.00M | Scene, ViewLayer | Synchronizing object | Buffer mounting stud.013
Fra:1 Mem:486.70M (Peak 486.70M) | Time:00:00.89 | Mem:0.00M, Peak:0.00M | Scene, ViewLayer | Synchronizing object | Buffer mounting hex nut.013
Fra:1 Mem:486.71M (Peak 486.71M) | Time:00:00.89 | Mem:0.00M, Peak:0.00M | Scene, ViewLayer | Synchronizing object | Dashpot sealing lip.008
Fra:1 Mem:486.71M (Peak 486.71M) | Time:00:00.89 | Mem:0.00M, Peak:0.00M | Scene, ViewLayer | Synchronizing object | Buffer mounting stud.012
Fra:1 Mem:486.74M (Peak 486.74M) | Time:00:00.89 | Mem:0.00M, Peak:0.00M | Scene, ViewLayer | Synchronizing object | Buffer mounting hex nut.012
Fra:1 Mem:486.75M (Peak 486.75M) | Time:00:00.89 | Mem:0.00M, Peak:0.00M | Scene, ViewLayer | Synchronizing object | Buffer head shallow crowned forged disc.003
Fra:1 Mem:486.80M (Peak 486.80M) | Time:00:00.89 | Mem:0.00M, Peak:0.00M | Scene, ViewLayer | Synchronizing object | Primary upper spring seat.008
Fra:1 Mem:486.81M (Peak 486.81M) | Time:00:00.89 | Mem:0.00M, Peak:0.00M | Scene, ViewLayer | Synchronizing object | Primary 33.5mm helical spring.008
Fra:1 Mem:486.92M (Peak 486.92M) | Time:00:00.89 | Mem:0.00M, Peak:0.00M | Scene, ViewLayer | Synchronizing object | Buffer dust collar.003
Fra:1 Mem:486.96M (Peak 486.96M) | Time:00:00.89 | Mem:0.00M, Peak:0.00M | Scene, ViewLayer | Synchronizing object | Buffer sliding ram.003
Fra:1 Mem:487.01M (Peak 487.01M) | Time:00:00.89 | Mem:0.00M, Peak:0.00M | Scene, ViewLayer | Synchronizing object | Buffer spring case.003
Fra:1 Mem:487.03M (Peak 487.03M) | Time:00:00.89 | Mem:0.00M, Peak:0.00M | Scene, ViewLayer | Synchronizing object | Buffer housing square baseplate.003
Fra:1 Mem:487.04M (Peak 487.04M) | Time:00:00.89 | Mem:0.00M, Peak:0.00M | Scene, ViewLayer | Synchronizing object | Buffer grease nipple.002
Fra:1 Mem:487.04M (Peak 487.04M) | Time:00:00.89 | Mem:0.00M, Peak:0.00M | Scene, ViewLayer | Synchronizing object | Buffer mounting stud.011
Fra:1 Mem:487.05M (Peak 487.05M) | Time:00:00.89 | Mem:0.00M, Peak:0.00M | Scene, ViewLayer | Synchronizing object | Buffer mounting hex nut.011
Fra:1 Mem:487.05M (Peak 487.05M) | Time:00:00.89 | Mem:0.00M, Peak:0.00M | Scene, ViewLayer | Synchronizing object | Buffer mounting stud.010
Fra:1 Mem:487.05M (Peak 487.05M) | Time:00:00.89 | Mem:0.00M, Peak:0.00M | Scene, ViewLayer | Synchronizing object | Buffer mounting hex nut.010
Fra:1 Mem:487.07M (Peak 487.07M) | Time:00:00.89 | Mem:0.00M, Peak:0.00M | Scene, ViewLayer | Synchronizing object | Buffer mounting stud.009
Fra:1 Mem:487.08M (Peak 487.08M) | Time:00:00.89 | Mem:0.00M, Peak:0.00M | Scene, ViewLayer | Synchronizing object | Buffer mounting hex nut.009
Fra:1 Mem:487.09M (Peak 487.09M) | Time:00:00.89 | Mem:0.00M, Peak:0.00M | Scene, ViewLayer | Synchronizing object | Buffer mounting stud.008
Fra:1 Mem:487.11M (Peak 487.11M) | Time:00:00.89 | Mem:0.00M, Peak:0.00M | Scene, ViewLayer | Synchronizing object | Buffer mounting hex nut.008
Fra:1 Mem:487.09M (Peak 487.11M) | Time:00:00.89 | Mem:0.00M, Peak:0.00M | Scene, ViewLayer | Synchronizing object | Primary 33.5mm helical spring group mark.112
Fra:1 Mem:487.10M (Peak 487.11M) | Time:00:00.89 | Mem:0.00M, Peak:0.00M | Scene, ViewLayer | Synchronizing object | Buffer head shallow crowned forged disc.002
Fra:1 Mem:487.12M (Peak 487.12M) | Time:00:00.89 | Mem:0.00M, Peak:0.00M | Scene, ViewLayer | Synchronizing object | Primary 33.5mm helical spring group mark.113
Fra:1 Mem:487.14M (Peak 487.14M) | Time:00:00.89 | Mem:0.00M, Peak:0.00M | Scene, ViewLayer | Synchronizing object | Primary 33.5mm helical spring group mark.114
Fra:1 Mem:487.16M (Peak 487.16M) | Time:00:00.89 | Mem:0.00M, Peak:0.00M | Scene, ViewLayer | Synchronizing object | Primary 33.5mm helical spring group mark.115
Fra:1 Mem:487.16M (Peak 487.16M) | Time:00:00.89 | Mem:0.00M, Peak:0.00M | Scene, ViewLayer | Synchronizing object | Primary 33.5mm helical spring group mark.116
Fra:1 Mem:487.17M (Peak 487.17M) | Time:00:00.89 | Mem:0.00M, Peak:0.00M | Scene, ViewLayer | Synchronizing object | Primary 33.5mm helical spring group mark.117
Fra:1 Mem:487.17M (Peak 487.17M) | Time:00:00.89 | Mem:0.00M, Peak:0.00M | Scene, ViewLayer | Synchronizing object | Primary 33.5mm helical spring group mark.118
Fra:1 Mem:487.18M (Peak 487.18M) | Time:00:00.89 | Mem:0.00M, Peak:0.00M | Scene, ViewLayer | Synchronizing object | Buffer dust collar.002
Fra:1 Mem:487.20M (Peak 487.20M) | Time:00:00.89 | Mem:0.00M, Peak:0.00M | Scene, ViewLayer | Synchronizing object | Primary 33.5mm helical spring group mark.119
Fra:1 Mem:487.19M (Peak 487.20M) | Time:00:00.89 | Mem:0.00M, Peak:0.00M | Scene, ViewLayer | Synchronizing object | Primary 33.5mm helical spring group mark.120
Fra:1 Mem:487.20M (Peak 487.20M) | Time:00:00.89 | Mem:0.00M, Peak:0.00M | Scene, ViewLayer | Synchronizing object | Buffer sliding ram.002
Fra:1 Mem:487.20M (Peak 487.20M) | Time:00:00.89 | Mem:0.00M, Peak:0.00M | Scene, ViewLayer | Synchronizing object | Primary 33.5mm helical spring group mark.121
Fra:1 Mem:487.21M (Peak 487.21M) | Time:00:00.89 | Mem:0.00M, Peak:0.00M | Scene, ViewLayer | Synchronizing object | Buffer spring case.002
Fra:1 Mem:487.21M (Peak 487.21M) | Time:00:00.89 | Mem:0.00M, Peak:0.00M | Scene, ViewLayer | Synchronizing object | Primary 33.5mm helical spring group mark.122
Fra:1 Mem:487.23M (Peak 487.23M) | Time:00:00.89 | Mem:0.00M, Peak:0.00M | Scene, ViewLayer | Synchronizing object | Primary 33.5mm helical spring group mark.123
Fra:1 Mem:487.23M (Peak 487.23M) | Time:00:00.89 | Mem:0.00M, Peak:0.00M | Scene, ViewLayer | Synchronizing object | Buffer housing square baseplate.002
Fra:1 Mem:487.23M (Peak 487.23M) | Time:00:00.89 | Mem:0.00M, Peak:0.00M | Scene, ViewLayer | Synchronizing object | Primary 33.5mm helical spring group mark.124
Fra:1 Mem:487.24M (Peak 487.24M) | Time:00:00.89 | Mem:0.00M, Peak:0.00M | Scene, ViewLayer | Synchronizing object | Headstock steel upper flange.001
Fra:1 Mem:487.25M (Peak 487.25M) | Time:00:00.89 | Mem:0.00M, Peak:0.00M | Scene, ViewLayer | Synchronizing object | Primary 33.5mm helical spring group mark.125
Fra:1 Mem:487.26M (Peak 487.26M) | Time:00:00.89 | Mem:0.00M, Peak:0.00M | Scene, ViewLayer | Synchronizing object | Dashpot oil filling vent screw hex head.008
Fra:1 Mem:487.26M (Peak 487.26M) | Time:00:00.89 | Mem:0.00M, Peak:0.00M | Scene, ViewLayer | Synchronizing object | Headstock buffer beam.001
Fra:1 Mem:487.27M (Peak 487.27M) | Time:00:00.89 | Mem:0.00M, Peak:0.00M | Scene, ViewLayer | Synchronizing object | Dashpot safety U bolt.008
Fra:1 Mem:487.27M (Peak 487.27M) | Time:00:00.89 | Mem:0.00M, Peak:0.00M | Scene, ViewLayer | Synchronizing object | Buffer beam corner handhold.001
Fra:1 Mem:487.28M (Peak 487.28M) | Time:00:00.89 | Mem:0.00M, Peak:0.00M | Scene, ViewLayer | Synchronizing object | Primary lower spring seat cup.009
Fra:1 Mem:487.29M (Peak 487.29M) | Time:00:00.89 | Mem:0.00M, Peak:0.00M | Scene, ViewLayer | Synchronizing object | Buffer beam corner handhold
Fra:1 Mem:487.29M (Peak 487.29M) | Time:00:00.89 | Mem:0.00M, Peak:0.00M | Scene, ViewLayer | Synchronizing object | Primary isolation rubber pad.009
Fra:1 Mem:487.30M (Peak 487.30M) | Time:00:00.89 | Mem:0.00M, Peak:0.00M | Scene, ViewLayer | Synchronizing object | Hose moulded collar.003
Fra:1 Mem:487.30M (Peak 487.30M) | Time:00:00.89 | Mem:0.00M, Peak:0.00M | Scene, ViewLayer | Synchronizing object | Primary dashpot oil cylinder.009
Fra:1 Mem:487.31M (Peak 487.31M) | Time:00:00.89 | Mem:0.00M, Peak:0.00M | Scene, ViewLayer | Synchronizing object | Hose moulded collar.002
Fra:1 Mem:487.32M (Peak 487.32M) | Time:00:00.89 | Mem:0.00M, Peak:0.00M | Scene, ViewLayer | Synchronizing object | Telescopic axle guide piston sleeve.009
Fra:1 Mem:487.32M (Peak 487.32M) | Time:00:00.89 | Mem:0.00M, Peak:0.00M | Scene, ViewLayer | Synchronizing object | Pneumatic hose gladhand.001
Fra:1 Mem:487.33M (Peak 487.33M) | Time:00:00.89 | Mem:0.00M, Peak:0.00M | Scene, ViewLayer | Synchronizing object | Dashpot sealing lip.009
Fra:1 Mem:487.33M (Peak 487.33M) | Time:00:00.89 | Mem:0.00M, Peak:0.00M | Scene, ViewLayer | Synchronizing object | Rubber pneumatic end hose.001
Fra:1 Mem:487.38M (Peak 487.38M) | Time:00:00.89 | Mem:0.00M, Peak:0.00M | Scene, ViewLayer | Synchronizing object | Brake isolation cock lever.001
Fra:1 Mem:487.39M (Peak 487.39M) | Time:00:00.89 | Mem:0.00M, Peak:0.00M | Scene, ViewLayer | Synchronizing object | Brake pipe cock body.001
Fra:1 Mem:487.40M (Peak 487.40M) | Time:00:00.89 | Mem:0.00M, Peak:0.00M | Scene, ViewLayer | Synchronizing object | Primary upper spring seat.009
Fra:1 Mem:487.40M (Peak 487.40M) | Time:00:00.89 | Mem:0.00M, Peak:0.00M | Scene, ViewLayer | Synchronizing object | Brake pipe end feed.001
Fra:1 Mem:487.41M (Peak 487.41M) | Time:00:00.89 | Mem:0.00M, Peak:0.00M | Scene, ViewLayer | Synchronizing object | Hose moulded collar.001
Fra:1 Mem:487.41M (Peak 487.41M) | Time:00:00.89 | Mem:0.00M, Peak:0.00M | Scene, ViewLayer | Synchronizing object | Primary 33.5mm helical spring.009
Fra:1 Mem:487.41M (Peak 487.41M) | Time:00:00.89 | Mem:0.00M, Peak:0.00M | Scene, ViewLayer | Synchronizing object | Hose moulded collar
Fra:1 Mem:487.45M (Peak 487.45M) | Time:00:00.89 | Mem:0.00M, Peak:0.00M | Scene, ViewLayer | Synchronizing object | Pneumatic hose gladhand
Fra:1 Mem:487.52M (Peak 487.52M) | Time:00:00.89 | Mem:0.00M, Peak:0.00M | Scene, ViewLayer | Synchronizing object | Rubber pneumatic end hose
Fra:1 Mem:487.57M (Peak 487.57M) | Time:00:00.89 | Mem:0.00M, Peak:0.00M | Scene, ViewLayer | Synchronizing object | Brake isolation cock lever
Fra:1 Mem:487.58M (Peak 487.58M) | Time:00:00.89 | Mem:0.00M, Peak:0.00M | Scene, ViewLayer | Synchronizing object | Brake pipe cock body
Fra:1 Mem:487.61M (Peak 487.61M) | Time:00:00.89 | Mem:0.00M, Peak:0.00M | Scene, ViewLayer | Synchronizing object | Brake pipe end feed
Fra:1 Mem:487.61M (Peak 487.61M) | Time:00:00.89 | Mem:0.00M, Peak:0.00M | Scene, ViewLayer | Synchronizing object | Screw coupling forged lower bow
Fra:1 Mem:487.73M (Peak 487.73M) | Time:00:00.89 | Mem:0.00M, Peak:0.00M | Scene, ViewLayer | Synchronizing object | Turnbuckle handle end stop.001
Fra:1 Mem:487.77M (Peak 487.77M) | Time:00:00.89 | Mem:0.00M, Peak:0.00M | Scene, ViewLayer | Synchronizing object | Turnbuckle handle end stop
Fra:1 Mem:487.75M (Peak 487.77M) | Time:00:00.89 | Mem:0.00M, Peak:0.00M | Scene, ViewLayer | Synchronizing object | Turnbuckle cross handle
Fra:1 Mem:487.77M (Peak 487.77M) | Time:00:00.89 | Mem:0.00M, Peak:0.00M | Scene, ViewLayer | Synchronizing object | Primary 33.5mm helical spring group mark.126
Fra:1 Mem:487.76M (Peak 487.77M) | Time:00:00.89 | Mem:0.00M, Peak:0.00M | Scene, ViewLayer | Synchronizing object | Turnbuckle screw thread.018
Fra:1 Mem:487.76M (Peak 487.77M) | Time:00:00.89 | Mem:0.00M, Peak:0.00M | Scene, ViewLayer | Synchronizing object | Primary 33.5mm helical spring group mark.127
Fra:1 Mem:487.77M (Peak 487.77M) | Time:00:00.89 | Mem:0.00M, Peak:0.00M | Scene, ViewLayer | Synchronizing object | Primary 33.5mm helical spring group mark.128
Fra:1 Mem:487.78M (Peak 487.78M) | Time:00:00.89 | Mem:0.00M, Peak:0.00M | Scene, ViewLayer | Synchronizing object | Primary 33.5mm helical spring group mark.129
Fra:1 Mem:487.78M (Peak 487.78M) | Time:00:00.89 | Mem:0.00M, Peak:0.00M | Scene, ViewLayer | Synchronizing object | Primary 33.5mm helical spring group mark.130
Fra:1 Mem:487.78M (Peak 487.78M) | Time:00:00.89 | Mem:0.00M, Peak:0.00M | Scene, ViewLayer | Synchronizing object | Primary 33.5mm helical spring group mark.131
Fra:1 Mem:487.79M (Peak 487.79M) | Time:00:00.89 | Mem:0.00M, Peak:0.00M | Scene, ViewLayer | Synchronizing object | Primary 33.5mm helical spring group mark.132
Fra:1 Mem:487.79M (Peak 487.79M) | Time:00:00.89 | Mem:0.00M, Peak:0.00M | Scene, ViewLayer | Synchronizing object | Turnbuckle screw thread.017
Fra:1 Mem:487.80M (Peak 487.80M) | Time:00:00.89 | Mem:0.00M, Peak:0.00M | Scene, ViewLayer | Synchronizing object | Primary 33.5mm helical spring group mark.133
Fra:1 Mem:487.81M (Peak 487.81M) | Time:00:00.89 | Mem:0.00M, Peak:0.00M | Scene, ViewLayer | Synchronizing object | Primary 33.5mm helical spring group mark.134
Fra:1 Mem:487.81M (Peak 487.81M) | Time:00:00.89 | Mem:0.00M, Peak:0.00M | Scene, ViewLayer | Synchronizing object | Turnbuckle screw thread.016
Fra:1 Mem:487.82M (Peak 487.82M) | Time:00:00.89 | Mem:0.00M, Peak:0.00M | Scene, ViewLayer | Synchronizing object | Primary 33.5mm helical spring group mark.135
Fra:1 Mem:487.82M (Peak 487.82M) | Time:00:00.89 | Mem:0.00M, Peak:0.00M | Scene, ViewLayer | Synchronizing object | Turnbuckle screw thread.015
Fra:1 Mem:487.83M (Peak 487.83M) | Time:00:00.89 | Mem:0.00M, Peak:0.00M | Scene, ViewLayer | Synchronizing object | Primary 33.5mm helical spring group mark.136
Fra:1 Mem:487.84M (Peak 487.84M) | Time:00:00.89 | Mem:0.00M, Peak:0.00M | Scene, ViewLayer | Synchronizing object | Primary 33.5mm helical spring group mark.137
Fra:1 Mem:487.84M (Peak 487.84M) | Time:00:00.89 | Mem:0.00M, Peak:0.00M | Scene, ViewLayer | Synchronizing object | Turnbuckle screw thread.014
Fra:1 Mem:487.85M (Peak 487.85M) | Time:00:00.89 | Mem:0.00M, Peak:0.00M | Scene, ViewLayer | Synchronizing object | Primary 33.5mm helical spring group mark.138
Fra:1 Mem:487.86M (Peak 487.86M) | Time:00:00.89 | Mem:0.00M, Peak:0.00M | Scene, ViewLayer | Synchronizing object | Primary 33.5mm helical spring group mark.139
Fra:1 Mem:487.86M (Peak 487.86M) | Time:00:00.89 | Mem:0.00M, Peak:0.00M | Scene, ViewLayer | Synchronizing object | Turnbuckle screw thread.013
Fra:1 Mem:487.87M (Peak 487.87M) | Time:00:00.89 | Mem:0.00M, Peak:0.00M | Scene, ViewLayer | Synchronizing object | Turnbuckle screw thread.012
Fra:1 Mem:487.88M (Peak 487.88M) | Time:00:00.89 | Mem:0.00M, Peak:0.00M | Scene, ViewLayer | Synchronizing object | Dashpot oil filling vent screw hex head.009
Fra:1 Mem:487.89M (Peak 487.89M) | Time:00:00.89 | Mem:0.00M, Peak:0.00M | Scene, ViewLayer | Synchronizing object | Turnbuckle screw thread.011
Fra:1 Mem:487.89M (Peak 487.89M) | Time:00:00.89 | Mem:0.00M, Peak:0.00M | Scene, ViewLayer | Synchronizing object | Dashpot safety U bolt.009
Fra:1 Mem:487.90M (Peak 487.90M) | Time:00:00.89 | Mem:0.00M, Peak:0.00M | Scene, ViewLayer | Synchronizing object | Turnbuckle screw thread.010
Fra:1 Mem:487.92M (Peak 487.92M) | Time:00:00.89 | Mem:0.00M, Peak:0.00M | Scene, ViewLayer | Synchronizing object | Axlebox wing strengthening rib.008
Fra:1 Mem:487.91M (Peak 487.92M) | Time:00:00.89 | Mem:0.00M, Peak:0.00M | Scene, ViewLayer | Synchronizing object | Axlebox wing strengthening rib.009
Fra:1 Mem:487.92M (Peak 487.92M) | Time:00:00.89 | Mem:0.00M, Peak:0.00M | Scene, ViewLayer | Synchronizing object | Turnbuckle screw thread.009
Fra:1 Mem:487.92M (Peak 487.92M) | Time:00:00.89 | Mem:0.00M, Peak:0.00M | Scene, ViewLayer | Synchronizing object | ICF monobloc 915mm dished wheel.005
Fra:1 Mem:487.99M (Peak 487.99M) | Time:00:00.89 | Mem:0.00M, Peak:0.00M | Scene, ViewLayer | Synchronizing object | Turnbuckle screw thread.008
Fra:1 Mem:488.00M (Peak 488.00M) | Time:00:00.89 | Mem:0.00M, Peak:0.00M | Scene, ViewLayer | Synchronizing object | Turnbuckle screw thread.007
Fra:1 Mem:488.19M (Peak 488.19M) | Time:00:00.89 | Mem:0.00M, Peak:0.00M | Scene, ViewLayer | Synchronizing object | Turnbuckle screw thread.006
Fra:1 Mem:488.23M (Peak 488.23M) | Time:00:00.89 | Mem:0.00M, Peak:0.00M | Scene, ViewLayer | Synchronizing object | Turnbuckle screw thread.005
Fra:1 Mem:488.24M (Peak 488.24M) | Time:00:00.89 | Mem:0.00M, Peak:0.00M | Scene, ViewLayer | Synchronizing object | Turnbuckle screw thread.004
Fra:1 Mem:488.26M (Peak 488.26M) | Time:00:00.89 | Mem:0.00M, Peak:0.00M | Scene, ViewLayer | Synchronizing object | Turnbuckle screw thread.003
Fra:1 Mem:488.33M (Peak 488.33M) | Time:00:00.89 | Mem:0.00M, Peak:0.00M | Scene, ViewLayer | Synchronizing object | Turnbuckle screw thread.002
Fra:1 Mem:488.34M (Peak 488.34M) | Time:00:00.89 | Mem:0.00M, Peak:0.00M | Scene, ViewLayer | Synchronizing object | Turnbuckle screw thread.001
Fra:1 Mem:488.35M (Peak 488.35M) | Time:00:00.89 | Mem:0.00M, Peak:0.00M | Scene, ViewLayer | Synchronizing object | Turnbuckle screw thread
Fra:1 Mem:488.37M (Peak 488.37M) | Time:00:00.89 | Mem:0.00M, Peak:0.00M | Scene, ViewLayer | Synchronizing object | Screw coupling turnbuckle barrel
Fra:1 Mem:488.37M (Peak 488.37M) | Time:00:00.89 | Mem:0.00M, Peak:0.00M | Scene, ViewLayer | Synchronizing object | Screw coupling upper trunnion
Fra:1 Mem:488.37M (Peak 488.37M) | Time:00:00.89 | Mem:0.00M, Peak:0.00M | Scene, ViewLayer | Synchronizing object | Coupling trunnion retaining nut.001
Fra:1 Mem:488.40M (Peak 488.40M) | Time:00:00.89 | Mem:0.00M, Peak:0.00M | Scene, ViewLayer | Synchronizing object | Coupling shackle cheek.003
Fra:1 Mem:488.41M (Peak 488.41M) | Time:00:00.89 | Mem:0.00M, Peak:0.00M | Scene, ViewLayer | Synchronizing object | Coupling shackle cheek.002
Fra:1 Mem:488.41M (Peak 488.41M) | Time:00:00.89 | Mem:0.00M, Peak:0.00M | Scene, ViewLayer | Synchronizing object | Coupling trunnion retaining nut
Fra:1 Mem:488.41M (Peak 488.41M) | Time:00:00.89 | Mem:0.00M, Peak:0.00M | Scene, ViewLayer | Synchronizing object | Coupling shackle cheek.001
Fra:1 Mem:488.42M (Peak 488.42M) | Time:00:00.89 | Mem:0.00M, Peak:0.00M | Scene, ViewLayer | Synchronizing object | Coupling shackle cheek
Fra:1 Mem:488.42M (Peak 488.42M) | Time:00:00.89 | Mem:0.00M, Peak:0.00M | Scene, ViewLayer | Synchronizing object | Drawhook trunnion pin
Fra:1 Mem:488.43M (Peak 488.43M) | Time:00:00.89 | Mem:0.00M, Peak:0.00M | Scene, ViewLayer | Synchronizing object | Drawhook pocket opening
Fra:1 Mem:488.44M (Peak 488.44M) | Time:00:00.89 | Mem:0.00M, Peak:0.00M | Scene, ViewLayer | Synchronizing object | Forged central drawhook
Fra:1 Mem:488.46M (Peak 488.46M) | Time:00:00.89 | Mem:0.00M, Peak:0.00M | Scene, ViewLayer | Synchronizing object | Buffer grease nipple.001
Fra:1 Mem:488.51M (Peak 488.51M) | Time:00:00.89 | Mem:0.00M, Peak:0.00M | Scene, ViewLayer | Synchronizing object | Buffer mounting stud.007
Fra:1 Mem:488.51M (Peak 488.51M) | Time:00:00.89 | Mem:0.00M, Peak:0.00M | Scene, ViewLayer | Synchronizing object | Buffer mounting hex nut.007
Fra:1 Mem:488.51M (Peak 488.51M) | Time:00:00.89 | Mem:0.00M, Peak:0.00M | Scene, ViewLayer | Synchronizing object | Buffer mounting stud.006
Fra:1 Mem:488.52M (Peak 488.52M) | Time:00:00.89 | Mem:0.00M, Peak:0.00M | Scene, ViewLayer | Synchronizing object | Buffer mounting hex nut.006
Fra:1 Mem:488.54M (Peak 488.54M) | Time:00:00.89 | Mem:0.00M, Peak:0.00M | Scene, ViewLayer | Synchronizing object | Buffer mounting stud.005
Fra:1 Mem:488.54M (Peak 488.54M) | Time:00:00.89 | Mem:0.00M, Peak:0.00M | Scene, ViewLayer | Synchronizing object | Buffer mounting hex nut.005
Fra:1 Mem:488.59M (Peak 488.59M) | Time:00:00.89 | Mem:0.00M, Peak:0.00M | Scene, ViewLayer | Synchronizing object | Buffer mounting stud.004
Fra:1 Mem:488.59M (Peak 488.59M) | Time:00:00.89 | Mem:0.00M, Peak:0.00M | Scene, ViewLayer | Synchronizing object | Buffer mounting hex nut.004
Fra:1 Mem:488.59M (Peak 488.59M) | Time:00:00.89 | Mem:0.00M, Peak:0.00M | Scene, ViewLayer | Synchronizing object | Buffer head shallow crowned forged disc.001
Fra:1 Mem:488.58M (Peak 488.59M) | Time:00:00.89 | Mem:0.00M, Peak:0.00M | Scene, ViewLayer | Synchronizing object | Wheel hub machining line.005
Fra:1 Mem:488.67M (Peak 488.67M) | Time:00:00.89 | Mem:0.00M, Peak:0.00M | Scene, ViewLayer | Synchronizing object | Buffer dust collar.001
Fra:1 Mem:488.68M (Peak 488.68M) | Time:00:00.89 | Mem:0.00M, Peak:0.00M | Scene, ViewLayer | Synchronizing object | Wheel rim witness line.005
Fra:1 Mem:488.70M (Peak 488.70M) | Time:00:00.89 | Mem:0.00M, Peak:0.00M | Scene, ViewLayer | Synchronizing object | Buffer sliding ram.001
Fra:1 Mem:488.76M (Peak 488.76M) | Time:00:00.89 | Mem:0.00M, Peak:0.00M | Scene, ViewLayer | Synchronizing object | Buffer spring case.001
Fra:1 Mem:488.78M (Peak 488.78M) | Time:00:00.89 | Mem:0.00M, Peak:0.00M | Scene, ViewLayer | Synchronizing object | Buffer housing square baseplate.001
Fra:1 Mem:488.79M (Peak 488.79M) | Time:00:00.89 | Mem:0.00M, Peak:0.00M | Scene, ViewLayer | Synchronizing object | Buffer grease nipple
Fra:1 Mem:488.81M (Peak 488.81M) | Time:00:00.89 | Mem:0.00M, Peak:0.00M | Scene, ViewLayer | Synchronizing object | Buffer mounting stud.003
Fra:1 Mem:488.81M (Peak 488.81M) | Time:00:00.89 | Mem:0.00M, Peak:0.00M | Scene, ViewLayer | Synchronizing object | Wing-type axlebox casting.005
Fra:1 Mem:488.82M (Peak 488.82M) | Time:00:00.89 | Mem:0.00M, Peak:0.00M | Scene, ViewLayer | Synchronizing object | Buffer mounting hex nut.003
Fra:1 Mem:488.81M (Peak 488.82M) | Time:00:00.89 | Mem:0.00M, Peak:0.00M | Scene, ViewLayer | Synchronizing object | Buffer mounting stud.002
Fra:1 Mem:488.82M (Peak 488.82M) | Time:00:00.89 | Mem:0.00M, Peak:0.00M | Scene, ViewLayer | Synchronizing object | Buffer mounting hex nut.002
Fra:1 Mem:488.82M (Peak 488.82M) | Time:00:00.89 | Mem:0.00M, Peak:0.00M | Scene, ViewLayer | Synchronizing object | Buffer mounting stud.001
Fra:1 Mem:488.84M (Peak 488.84M) | Time:00:00.89 | Mem:0.00M, Peak:0.00M | Scene, ViewLayer | Synchronizing object | Buffer mounting hex nut.001
Fra:1 Mem:488.83M (Peak 488.84M) | Time:00:00.89 | Mem:0.00M, Peak:0.00M | Scene, ViewLayer | Synchronizing object | Axlebox circular gasket.005
Fra:1 Mem:488.84M (Peak 488.84M) | Time:00:00.89 | Mem:0.00M, Peak:0.00M | Scene, ViewLayer | Synchronizing object | Buffer mounting stud
Fra:1 Mem:488.85M (Peak 488.85M) | Time:00:00.89 | Mem:0.00M, Peak:0.00M | Scene, ViewLayer | Synchronizing object | Buffer mounting hex nut
Fra:1 Mem:488.85M (Peak 488.85M) | Time:00:00.89 | Mem:0.00M, Peak:0.00M | Scene, ViewLayer | Synchronizing object | Axlebox bolted front cover.005
Fra:1 Mem:488.86M (Peak 488.86M) | Time:00:00.89 | Mem:0.00M, Peak:0.00M | Scene, ViewLayer | Synchronizing object | Buffer head shallow crowned forged disc
Fra:1 Mem:488.89M (Peak 488.89M) | Time:00:00.89 | Mem:0.00M, Peak:0.00M | Scene, ViewLayer | Synchronizing object | Axlebox centre inspection emboss.005
Fra:1 Mem:488.92M (Peak 488.92M) | Time:00:00.89 | Mem:0.00M, Peak:0.00M | Scene, ViewLayer | Synchronizing object | Axlebox cover M20 hex head.030
Fra:1 Mem:488.93M (Peak 488.93M) | Time:00:00.89 | Mem:0.00M, Peak:0.00M | Scene, ViewLayer | Synchronizing object | Axlebox cover M20 hex head.031
Fra:1 Mem:488.93M (Peak 488.93M) | Time:00:00.89 | Mem:0.00M, Peak:0.00M | Scene, ViewLayer | Synchronizing object | Axlebox cover M20 hex head.032
Fra:1 Mem:488.94M (Peak 488.94M) | Time:00:00.89 | Mem:0.00M, Peak:0.00M | Scene, ViewLayer | Synchronizing object | Axlebox cover M20 hex head.033
Fra:1 Mem:488.94M (Peak 488.94M) | Time:00:00.89 | Mem:0.00M, Peak:0.00M | Scene, ViewLayer | Synchronizing object | Buffer dust collar
Fra:1 Mem:488.94M (Peak 488.94M) | Time:00:00.89 | Mem:0.00M, Peak:0.00M | Scene, ViewLayer | Synchronizing object | Axlebox cover M20 hex head.034
Fra:1 Mem:488.95M (Peak 488.95M) | Time:00:00.89 | Mem:0.00M, Peak:0.00M | Scene, ViewLayer | Synchronizing object | Axlebox cover M20 hex head.035
Fra:1 Mem:488.96M (Peak 488.96M) | Time:00:00.89 | Mem:0.00M, Peak:0.00M | Scene, ViewLayer | Synchronizing object | Buffer sliding ram
Fra:1 Mem:488.96M (Peak 488.96M) | Time:00:00.89 | Mem:0.00M, Peak:0.00M | Scene, ViewLayer | Synchronizing object | Axlebox crown bump rubber.005
Fra:1 Mem:488.98M (Peak 488.98M) | Time:00:00.89 | Mem:0.00M, Peak:0.00M | Scene, ViewLayer | Synchronizing object | Buffer spring case
Fra:1 Mem:489.00M (Peak 489.00M) | Time:00:00.89 | Mem:0.00M, Peak:0.00M | Scene, ViewLayer | Synchronizing object | Axlebox crown stop bracket.005
Fra:1 Mem:489.00M (Peak 489.00M) | Time:00:00.89 | Mem:0.00M, Peak:0.00M | Scene, ViewLayer | Synchronizing object | Crown clearance stop bolt.005
Fra:1 Mem:489.00M (Peak 489.00M) | Time:00:00.89 | Mem:0.00M, Peak:0.00M | Scene, ViewLayer | Synchronizing object | Buffer housing square baseplate
Fra:1 Mem:489.01M (Peak 489.01M) | Time:00:00.89 | Mem:0.00M, Peak:0.00M | Scene, ViewLayer | Synchronizing object | Primary lower spring seat cup.010
Fra:1 Mem:489.02M (Peak 489.02M) | Time:00:00.89 | Mem:0.00M, Peak:0.00M | Scene, ViewLayer | Synchronizing object | Headstock steel upper flange
Fra:1 Mem:489.03M (Peak 489.03M) | Time:00:00.89 | Mem:0.00M, Peak:0.00M | Scene, ViewLayer | Synchronizing object | Primary isolation rubber pad.010
Fra:1 Mem:489.03M (Peak 489.03M) | Time:00:00.89 | Mem:0.00M, Peak:0.00M | Scene, ViewLayer | Synchronizing object | Headstock buffer beam
Fra:1 Mem:489.04M (Peak 489.04M) | Time:00:00.89 | Mem:0.00M, Peak:0.00M | Scene, ViewLayer | Synchronizing object | Primary dashpot oil cylinder.010
Fra:1 Mem:489.05M (Peak 489.05M) | Time:00:00.89 | Mem:0.00M, Peak:0.00M | Scene, ViewLayer | Synchronizing object | AC battery charger precooling box data plate
Fra:1 Mem:489.06M (Peak 489.06M) | Time:00:00.89 | Mem:0.00M, Peak:0.00M | Scene, ViewLayer | Synchronizing object | Telescopic axle guide piston sleeve.010
Fra:1 Mem:489.06M (Peak 489.06M) | Time:00:00.89 | Mem:0.00M, Peak:0.00M | Scene, ViewLayer | Synchronizing object | AC battery charger precooling box lower cradle.001
Fra:1 Mem:489.08M (Peak 489.08M) | Time:00:00.89 | Mem:0.00M, Peak:0.00M | Scene, ViewLayer | Synchronizing object | Dashpot sealing lip.010
Fra:1 Mem:489.08M (Peak 489.08M) | Time:00:00.89 | Mem:0.00M, Peak:0.00M | Scene, ViewLayer | Synchronizing object | AC battery charger precooling box hanger channel.001
Fra:1 Mem:489.12M (Peak 489.12M) | Time:00:00.89 | Mem:0.00M, Peak:0.00M | Scene, ViewLayer | Synchronizing object | AC battery charger precooling box lower cradle
Fra:1 Mem:489.13M (Peak 489.13M) | Time:00:00.89 | Mem:0.00M, Peak:0.00M | Scene, ViewLayer | Synchronizing object | AC battery charger precooling box hanger channel
Fra:1 Mem:489.14M (Peak 489.14M) | Time:00:00.89 | Mem:0.00M, Peak:0.00M | Scene, ViewLayer | Synchronizing object | Primary upper spring seat.010
Fra:1 Mem:489.14M (Peak 489.14M) | Time:00:00.89 | Mem:0.00M, Peak:0.00M | Scene, ViewLayer | Synchronizing object | AC battery charger precooling box panel captive bolt hex he.004
Fra:1 Mem:489.15M (Peak 489.15M) | Time:00:00.89 | Mem:0.00M, Peak:0.00M | Scene, ViewLayer | Synchronizing object | AC battery charger precooling box panel captive bolt hex he.003
Fra:1 Mem:489.15M (Peak 489.15M) | Time:00:00.89 | Mem:0.00M, Peak:0.00M | Scene, ViewLayer | Synchronizing object | Primary 33.5mm helical spring.010
Fra:1 Mem:489.19M (Peak 489.19M) | Time:00:00.89 | Mem:0.00M, Peak:0.00M | Scene, ViewLayer | Synchronizing object | AC battery charger precooling box ventilation louver.011
Fra:1 Mem:489.19M (Peak 489.19M) | Time:00:00.89 | Mem:0.00M, Peak:0.00M | Scene, ViewLayer | Synchronizing object | AC battery charger precooling box ventilation louver.010
Fra:1 Mem:489.29M (Peak 489.29M) | Time:00:00.89 | Mem:0.00M, Peak:0.00M | Scene, ViewLayer | Synchronizing object | AC battery charger precooling box ventilation louver.009
Fra:1 Mem:489.31M (Peak 489.31M) | Time:00:00.89 | Mem:0.00M, Peak:0.00M | Scene, ViewLayer | Synchronizing object | AC battery charger precooling box ventilation louver.008
Fra:1 Mem:489.32M (Peak 489.32M) | Time:00:00.89 | Mem:0.00M, Peak:0.00M | Scene, ViewLayer | Synchronizing object | AC battery charger precooling box turn latch.002
Fra:1 Mem:489.36M (Peak 489.36M) | Time:00:00.89 | Mem:0.00M, Peak:0.00M | Scene, ViewLayer | Synchronizing object | AC battery charger precooling box lifting handle.002
Fra:1 Mem:489.36M (Peak 489.36M) | Time:00:00.89 | Mem:0.00M, Peak:0.00M | Scene, ViewLayer | Synchronizing object | AC battery charger precooling box exposed hinge.005
Fra:1 Mem:489.38M (Peak 489.38M) | Time:00:00.89 | Mem:0.00M, Peak:0.00M | Scene, ViewLayer | Synchronizing object | AC battery charger precooling box exposed hinge.004
Fra:1 Mem:489.39M (Peak 489.39M) | Time:00:00.89 | Mem:0.00M, Peak:0.00M | Scene, ViewLayer | Synchronizing object | AC battery charger precooling box service panel.002
Fra:1 Mem:489.40M (Peak 489.40M) | Time:00:00.89 | Mem:0.00M, Peak:0.00M | Scene, ViewLayer | Synchronizing object | AC battery charger precooling box panel captive bolt hex he.002
Fra:1 Mem:489.40M (Peak 489.40M) | Time:00:00.89 | Mem:0.00M, Peak:0.00M | Scene, ViewLayer | Synchronizing object | AC battery charger precooling box panel captive bolt hex he.001
Fra:1 Mem:489.42M (Peak 489.42M) | Time:00:00.89 | Mem:0.00M, Peak:0.00M | Scene, ViewLayer | Synchronizing object | AC battery charger precooling box ventilation louver.007
Fra:1 Mem:489.43M (Peak 489.43M) | Time:00:00.89 | Mem:0.00M, Peak:0.00M | Scene, ViewLayer | Synchronizing object | AC battery charger precooling box ventilation louver.006
Fra:1 Mem:489.47M (Peak 489.47M) | Time:00:00.89 | Mem:0.00M, Peak:0.00M | Scene, ViewLayer | Synchronizing object | AC battery charger precooling box ventilation louver.005
Fra:1 Mem:489.46M (Peak 489.47M) | Time:00:00.89 | Mem:0.00M, Peak:0.00M | Scene, ViewLayer | Synchronizing object | Primary 33.5mm helical spring group mark.140
Fra:1 Mem:489.46M (Peak 489.47M) | Time:00:00.89 | Mem:0.00M, Peak:0.00M | Scene, ViewLayer | Synchronizing object | AC battery charger precooling box ventilation louver.004
Fra:1 Mem:489.47M (Peak 489.47M) | Time:00:00.89 | Mem:0.00M, Peak:0.00M | Scene, ViewLayer | Synchronizing object | Primary 33.5mm helical spring group mark.141
Fra:1 Mem:489.47M (Peak 489.47M) | Time:00:00.89 | Mem:0.00M, Peak:0.00M | Scene, ViewLayer | Synchronizing object | AC battery charger precooling box turn latch.001
Fra:1 Mem:489.48M (Peak 489.48M) | Time:00:00.89 | Mem:0.00M, Peak:0.00M | Scene, ViewLayer | Synchronizing object | Primary 33.5mm helical spring group mark.142
Fra:1 Mem:489.49M (Peak 489.49M) | Time:00:00.89 | Mem:0.00M, Peak:0.00M | Scene, ViewLayer | Synchronizing object | AC battery charger precooling box lifting handle.001
Fra:1 Mem:489.49M (Peak 489.49M) | Time:00:00.89 | Mem:0.00M, Peak:0.00M | Scene, ViewLayer | Synchronizing object | Primary 33.5mm helical spring group mark.143
Fra:1 Mem:489.49M (Peak 489.49M) | Time:00:00.89 | Mem:0.00M, Peak:0.00M | Scene, ViewLayer | Synchronizing object | AC battery charger precooling box exposed hinge.003
Fra:1 Mem:489.49M (Peak 489.49M) | Time:00:00.89 | Mem:0.00M, Peak:0.00M | Scene, ViewLayer | Synchronizing object | Primary 33.5mm helical spring group mark.144
Fra:1 Mem:489.51M (Peak 489.51M) | Time:00:00.89 | Mem:0.00M, Peak:0.00M | Scene, ViewLayer | Synchronizing object | AC battery charger precooling box exposed hinge.002
Fra:1 Mem:489.51M (Peak 489.51M) | Time:00:00.89 | Mem:0.00M, Peak:0.00M | Scene, ViewLayer | Synchronizing object | Primary 33.5mm helical spring group mark.145
Fra:1 Mem:489.52M (Peak 489.52M) | Time:00:00.89 | Mem:0.00M, Peak:0.00M | Scene, ViewLayer | Synchronizing object | AC battery charger precooling box service panel.001
Fra:1 Mem:489.52M (Peak 489.52M) | Time:00:00.89 | Mem:0.00M, Peak:0.00M | Scene, ViewLayer | Synchronizing object | Primary 33.5mm helical spring group mark.146
Fra:1 Mem:489.53M (Peak 489.53M) | Time:00:00.89 | Mem:0.00M, Peak:0.00M | Scene, ViewLayer | Synchronizing object | Primary 33.5mm helical spring group mark.147
Fra:1 Mem:489.53M (Peak 489.53M) | Time:00:00.89 | Mem:0.00M, Peak:0.00M | Scene, ViewLayer | Synchronizing object | AC battery charger precooling box panel captive bolt hex he
Fra:1 Mem:489.53M (Peak 489.53M) | Time:00:00.89 | Mem:0.00M, Peak:0.00M | Scene, ViewLayer | Synchronizing object | Primary 33.5mm helical spring group mark.148
Fra:1 Mem:489.53M (Peak 489.53M) | Time:00:00.89 | Mem:0.00M, Peak:0.00M | Scene, ViewLayer | Synchronizing object | AC battery charger precooling box panel captive bolt hex head
Fra:1 Mem:489.54M (Peak 489.54M) | Time:00:00.89 | Mem:0.00M, Peak:0.00M | Scene, ViewLayer | Synchronizing object | Primary 33.5mm helical spring group mark.149
Fra:1 Mem:489.54M (Peak 489.54M) | Time:00:00.89 | Mem:0.00M, Peak:0.00M | Scene, ViewLayer | Synchronizing object | AC battery charger precooling box ventilation louver.003
Fra:1 Mem:489.55M (Peak 489.55M) | Time:00:00.89 | Mem:0.00M, Peak:0.00M | Scene, ViewLayer | Synchronizing object | Primary 33.5mm helical spring group mark.150
Fra:1 Mem:489.55M (Peak 489.55M) | Time:00:00.89 | Mem:0.00M, Peak:0.00M | Scene, ViewLayer | Synchronizing object | AC battery charger precooling box ventilation louver.002
Fra:1 Mem:489.56M (Peak 489.56M) | Time:00:00.89 | Mem:0.00M, Peak:0.00M | Scene, ViewLayer | Synchronizing object | Primary 33.5mm helical spring group mark.151
Fra:1 Mem:489.57M (Peak 489.57M) | Time:00:00.89 | Mem:0.00M, Peak:0.00M | Scene, ViewLayer | Synchronizing object | AC battery charger precooling box ventilation louver.001
Fra:1 Mem:489.57M (Peak 489.57M) | Time:00:00.89 | Mem:0.00M, Peak:0.00M | Scene, ViewLayer | Synchronizing object | Primary 33.5mm helical spring group mark.152
Fra:1 Mem:489.58M (Peak 489.58M) | Time:00:00.89 | Mem:0.00M, Peak:0.00M | Scene, ViewLayer | Synchronizing object | Primary 33.5mm helical spring group mark.153
Fra:1 Mem:489.58M (Peak 489.58M) | Time:00:00.89 | Mem:0.00M, Peak:0.00M | Scene, ViewLayer | Synchronizing object | AC battery charger precooling box ventilation louver
Fra:1 Mem:489.59M (Peak 489.59M) | Time:00:00.89 | Mem:0.00M, Peak:0.00M | Scene, ViewLayer | Synchronizing object | Dashpot oil filling vent screw hex head.010
Fra:1 Mem:489.59M (Peak 489.59M) | Time:00:00.89 | Mem:0.00M, Peak:0.00M | Scene, ViewLayer | Synchronizing object | AC battery charger precooling box turn latch
Fra:1 Mem:489.60M (Peak 489.60M) | Time:00:00.89 | Mem:0.00M, Peak:0.00M | Scene, ViewLayer | Synchronizing object | Dashpot safety U bolt.010
Fra:1 Mem:489.60M (Peak 489.60M) | Time:00:00.89 | Mem:0.00M, Peak:0.00M | Scene, ViewLayer | Synchronizing object | AC battery charger precooling box lifting handle
Fra:1 Mem:489.61M (Peak 489.61M) | Time:00:00.89 | Mem:0.00M, Peak:0.00M | Scene, ViewLayer | Synchronizing object | Primary lower spring seat cup.011
Fra:1 Mem:489.62M (Peak 489.62M) | Time:00:00.89 | Mem:0.00M, Peak:0.00M | Scene, ViewLayer | Synchronizing object | AC battery charger precooling box exposed hinge.001
Fra:1 Mem:489.63M (Peak 489.63M) | Time:00:00.89 | Mem:0.00M, Peak:0.00M | Scene, ViewLayer | Synchronizing object | AC battery charger precooling box exposed hinge
Fra:1 Mem:489.63M (Peak 489.63M) | Time:00:00.89 | Mem:0.00M, Peak:0.00M | Scene, ViewLayer | Synchronizing object | AC battery charger precooling box service panel
Fra:1 Mem:489.64M (Peak 489.64M) | Time:00:00.89 | Mem:0.00M, Peak:0.00M | Scene, ViewLayer | Synchronizing object | AC battery charger precooling box enclosure
Fra:1 Mem:489.65M (Peak 489.65M) | Time:00:00.89 | Mem:0.00M, Peak:0.00M | Scene, ViewLayer | Synchronizing object | Primary isolation rubber pad.011
Fra:1 Mem:489.67M (Peak 489.67M) | Time:00:00.89 | Mem:0.00M, Peak:0.00M | Scene, ViewLayer | Synchronizing object | Refrigerant formed copper pipe.001
Fra:1 Mem:489.66M (Peak 489.67M) | Time:00:00.89 | Mem:0.00M, Peak:0.00M | Scene, ViewLayer | Synchronizing object | Primary dashpot oil cylinder.011
Fra:1 Mem:489.67M (Peak 489.67M) | Time:00:00.89 | Mem:0.00M, Peak:0.00M | Scene, ViewLayer | Synchronizing object | Telescopic axle guide piston sleeve.011
Fra:1 Mem:489.68M (Peak 489.68M) | Time:00:00.89 | Mem:0.00M, Peak:0.00M | Scene, ViewLayer | Synchronizing object | Compressor upper terminal head.001
Fra:1 Mem:489.68M (Peak 489.68M) | Time:00:00.89 | Mem:0.00M, Peak:0.00M | Scene, ViewLayer | Synchronizing object | Dashpot sealing lip.011
Fra:1 Mem:489.71M (Peak 489.71M) | Time:00:00.89 | Mem:0.00M, Peak:0.00M | Scene, ViewLayer | Synchronizing object | Compressor steel mounting skid.001
Fra:1 Mem:489.73M (Peak 489.73M) | Time:00:00.89 | Mem:0.00M, Peak:0.00M | Scene, ViewLayer | Synchronizing object | Refrigeration compressor housing.001
Fra:1 Mem:489.75M (Peak 489.75M) | Time:00:00.89 | Mem:0.00M, Peak:0.00M | Scene, ViewLayer | Synchronizing object | Refrigerant formed copper pipe
Fra:1 Mem:489.75M (Peak 489.75M) | Time:00:00.89 | Mem:0.00M, Peak:0.00M | Scene, ViewLayer | Synchronizing object | Primary upper spring seat.011
Fra:1 Mem:489.76M (Peak 489.76M) | Time:00:00.89 | Mem:0.00M, Peak:0.00M | Scene, ViewLayer | Synchronizing object | Compressor upper terminal head
Fra:1 Mem:489.76M (Peak 489.76M) | Time:00:00.89 | Mem:0.00M, Peak:0.00M | Scene, ViewLayer | Synchronizing object | Primary 33.5mm helical spring.011
Fra:1 Mem:489.80M (Peak 489.80M) | Time:00:00.89 | Mem:0.00M, Peak:0.00M | Scene, ViewLayer | Synchronizing object | Compressor steel mounting skid
Fra:1 Mem:489.89M (Peak 489.89M) | Time:00:00.89 | Mem:0.00M, Peak:0.00M | Scene, ViewLayer | Synchronizing object | Refrigeration compressor housing
Fra:1 Mem:489.92M (Peak 489.92M) | Time:00:00.89 | Mem:0.00M, Peak:0.00M | Scene, ViewLayer | Synchronizing object | Condenser fan hub.003
Fra:1 Mem:489.95M (Peak 489.95M) | Time:00:00.89 | Mem:0.00M, Peak:0.00M | Scene, ViewLayer | Synchronizing object | Condenser grille radial wire.031
Fra:1 Mem:489.95M (Peak 489.95M) | Time:00:00.89 | Mem:0.00M, Peak:0.00M | Scene, ViewLayer | Synchronizing object | Condenser grille radial wire.030
Fra:1 Mem:489.95M (Peak 489.95M) | Time:00:00.89 | Mem:0.00M, Peak:0.00M | Scene, ViewLayer | Synchronizing object | Condenser grille radial wire.029
Fra:1 Mem:489.97M (Peak 489.97M) | Time:00:00.89 | Mem:0.00M, Peak:0.00M | Scene, ViewLayer | Synchronizing object | Condenser grille radial wire.028
Fra:1 Mem:489.97M (Peak 489.97M) | Time:00:00.89 | Mem:0.00M, Peak:0.00M | Scene, ViewLayer | Synchronizing object | Condenser grille radial wire.027
Fra:1 Mem:489.97M (Peak 489.97M) | Time:00:00.89 | Mem:0.00M, Peak:0.00M | Scene, ViewLayer | Synchronizing object | Condenser grille radial wire.026
Fra:1 Mem:489.97M (Peak 489.97M) | Time:00:00.89 | Mem:0.00M, Peak:0.00M | Scene, ViewLayer | Synchronizing object | Condenser grille radial wire.025
Fra:1 Mem:489.97M (Peak 489.97M) | Time:00:00.89 | Mem:0.00M, Peak:0.00M | Scene, ViewLayer | Synchronizing object | Condenser grille radial wire.024
Fra:1 Mem:489.98M (Peak 489.98M) | Time:00:00.89 | Mem:0.00M, Peak:0.00M | Scene, ViewLayer | Synchronizing object | Condenser circular fan guard.011
Fra:1 Mem:490.01M (Peak 490.01M) | Time:00:00.89 | Mem:0.00M, Peak:0.00M | Scene, ViewLayer | Synchronizing object | Condenser circular fan guard.010
Fra:1 Mem:490.07M (Peak 490.07M) | Time:00:00.89 | Mem:0.00M, Peak:0.00M | Scene, ViewLayer | Synchronizing object | Condenser circular fan guard.009
Fra:1 Mem:490.12M (Peak 490.12M) | Time:00:00.89 | Mem:0.00M, Peak:0.00M | Scene, ViewLayer | Synchronizing object | Primary 33.5mm helical spring group mark.154
Fra:1 Mem:490.12M (Peak 490.12M) | Time:00:00.89 | Mem:0.00M, Peak:0.00M | Scene, ViewLayer | Synchronizing object | Condenser underside fan shroud.003
Fra:1 Mem:490.13M (Peak 490.13M) | Time:00:00.89 | Mem:0.00M, Peak:0.00M | Scene, ViewLayer | Synchronizing object | Primary 33.5mm helical spring group mark.155
Fra:1 Mem:490.14M (Peak 490.14M) | Time:00:00.89 | Mem:0.00M, Peak:0.00M | Scene, ViewLayer | Synchronizing object | Condenser fan hub.002
Fra:1 Mem:490.14M (Peak 490.14M) | Time:00:00.89 | Mem:0.00M, Peak:0.00M | Scene, ViewLayer | Synchronizing object | Primary 33.5mm helical spring group mark.156
Fra:1 Mem:490.15M (Peak 490.15M) | Time:00:00.89 | Mem:0.00M, Peak:0.00M | Scene, ViewLayer | Synchronizing object | Primary 33.5mm helical spring group mark.157
Fra:1 Mem:490.15M (Peak 490.15M) | Time:00:00.89 | Mem:0.00M, Peak:0.00M | Scene, ViewLayer | Synchronizing object | Primary 33.5mm helical spring group mark.158
Fra:1 Mem:490.16M (Peak 490.16M) | Time:00:00.89 | Mem:0.00M, Peak:0.00M | Scene, ViewLayer | Synchronizing object | Primary 33.5mm helical spring group mark.159
Fra:1 Mem:490.16M (Peak 490.16M) | Time:00:00.89 | Mem:0.00M, Peak:0.00M | Scene, ViewLayer | Synchronizing object | Primary 33.5mm helical spring group mark.160
Fra:1 Mem:490.16M (Peak 490.16M) | Time:00:00.89 | Mem:0.00M, Peak:0.00M | Scene, ViewLayer | Synchronizing object | Primary 33.5mm helical spring group mark.161
Fra:1 Mem:490.17M (Peak 490.17M) | Time:00:00.89 | Mem:0.00M, Peak:0.00M | Scene, ViewLayer | Synchronizing object | Primary 33.5mm helical spring group mark.162
Fra:1 Mem:490.17M (Peak 490.17M) | Time:00:00.89 | Mem:0.00M, Peak:0.00M | Scene, ViewLayer | Synchronizing object | Primary 33.5mm helical spring group mark.163
Fra:1 Mem:490.17M (Peak 490.17M) | Time:00:00.89 | Mem:0.00M, Peak:0.00M | Scene, ViewLayer | Synchronizing object | Condenser grille radial wire.023
Fra:1 Mem:490.17M (Peak 490.17M) | Time:00:00.89 | Mem:0.00M, Peak:0.00M | Scene, ViewLayer | Synchronizing object | Primary 33.5mm helical spring group mark.164
Fra:1 Mem:490.18M (Peak 490.18M) | Time:00:00.89 | Mem:0.00M, Peak:0.00M | Scene, ViewLayer | Synchronizing object | Primary 33.5mm helical spring group mark.165
Fra:1 Mem:490.18M (Peak 490.18M) | Time:00:00.89 | Mem:0.00M, Peak:0.00M | Scene, ViewLayer | Synchronizing object | Condenser grille radial wire.022
Fra:1 Mem:490.18M (Peak 490.18M) | Time:00:00.89 | Mem:0.00M, Peak:0.00M | Scene, ViewLayer | Synchronizing object | Primary 33.5mm helical spring group mark.166
Fra:1 Mem:490.18M (Peak 490.18M) | Time:00:00.89 | Mem:0.00M, Peak:0.00M | Scene, ViewLayer | Synchronizing object | Condenser grille radial wire.021
Fra:1 Mem:490.19M (Peak 490.19M) | Time:00:00.89 | Mem:0.00M, Peak:0.00M | Scene, ViewLayer | Synchronizing object | Condenser grille radial wire.020
Fra:1 Mem:490.19M (Peak 490.19M) | Time:00:00.89 | Mem:0.00M, Peak:0.00M | Scene, ViewLayer | Synchronizing object | Dashpot oil filling vent screw hex head.011
Fra:1 Mem:490.19M (Peak 490.19M) | Time:00:00.89 | Mem:0.00M, Peak:0.00M | Scene, ViewLayer | Synchronizing object | Condenser grille radial wire.019
Fra:1 Mem:490.20M (Peak 490.20M) | Time:00:00.89 | Mem:0.00M, Peak:0.00M | Scene, ViewLayer | Synchronizing object | Dashpot safety U bolt.011
Fra:1 Mem:490.20M (Peak 490.20M) | Time:00:00.89 | Mem:0.00M, Peak:0.00M | Scene, ViewLayer | Synchronizing object | Condenser grille radial wire.018
Fra:1 Mem:490.20M (Peak 490.20M) | Time:00:00.89 | Mem:0.00M, Peak:0.00M | Scene, ViewLayer | Synchronizing object | Axlebox wing strengthening rib.010
Fra:1 Mem:490.20M (Peak 490.20M) | Time:00:00.89 | Mem:0.00M, Peak:0.00M | Scene, ViewLayer | Synchronizing object | Condenser grille radial wire.017
Fra:1 Mem:490.21M (Peak 490.21M) | Time:00:00.89 | Mem:0.00M, Peak:0.00M | Scene, ViewLayer | Synchronizing object | Axlebox wing strengthening rib.011
Fra:1 Mem:490.21M (Peak 490.21M) | Time:00:00.89 | Mem:0.00M, Peak:0.00M | Scene, ViewLayer | Synchronizing object | Condenser grille radial wire.016
Fra:1 Mem:490.21M (Peak 490.21M) | Time:00:00.89 | Mem:0.00M, Peak:0.00M | Scene, ViewLayer | Synchronizing object | Turned stepped solid ICF axle.003
Fra:1 Mem:490.22M (Peak 490.22M) | Time:00:00.89 | Mem:0.00M, Peak:0.00M | Scene, ViewLayer | Synchronizing object | Condenser circular fan guard.008
Fra:1 Mem:490.31M (Peak 490.31M) | Time:00:00.89 | Mem:0.00M, Peak:0.00M | Scene, ViewLayer | Synchronizing object | Condenser circular fan guard.007
Fra:1 Mem:490.35M (Peak 490.35M) | Time:00:00.89 | Mem:0.00M, Peak:0.00M | Scene, ViewLayer | Synchronizing object | ICF monobloc 915mm dished wheel.006
Fra:1 Mem:490.42M (Peak 490.42M) | Time:00:00.89 | Mem:0.00M, Peak:0.00M | Scene, ViewLayer | Synchronizing object | Condenser circular fan guard.006
Fra:1 Mem:490.64M (Peak 490.64M) | Time:00:00.89 | Mem:0.00M, Peak:0.00M | Scene, ViewLayer | Synchronizing object | Condenser underside fan shroud.002
Fra:1 Mem:490.68M (Peak 490.68M) | Time:00:00.89 | Mem:0.00M, Peak:0.00M | Scene, ViewLayer | Synchronizing object | Under-slung AC condenser data plate.001
Fra:1 Mem:490.69M (Peak 490.69M) | Time:00:00.89 | Mem:0.00M, Peak:0.00M | Scene, ViewLayer | Synchronizing object | Under-slung AC condenser lower cradle.003
Fra:1 Mem:490.70M (Peak 490.70M) | Time:00:00.89 | Mem:0.00M, Peak:0.00M | Scene, ViewLayer | Synchronizing object | Under-slung AC condenser hanger channel.003
Fra:1 Mem:490.77M (Peak 490.77M) | Time:00:00.89 | Mem:0.00M, Peak:0.00M | Scene, ViewLayer | Synchronizing object | Under-slung AC condenser lower cradle.002
Fra:1 Mem:490.78M (Peak 490.78M) | Time:00:00.89 | Mem:0.00M, Peak:0.00M | Scene, ViewLayer | Synchronizing object | Under-slung AC condenser hanger channel.002
Fra:1 Mem:490.78M (Peak 490.78M) | Time:00:00.89 | Mem:0.00M, Peak:0.00M | Scene, ViewLayer | Synchronizing object | Under-slung AC condenser panel captive bolt hex head.007
Fra:1 Mem:490.79M (Peak 490.79M) | Time:00:00.89 | Mem:0.00M, Peak:0.00M | Scene, ViewLayer | Synchronizing object | Under-slung AC condenser panel captive bolt hex head.006
Fra:1 Mem:490.81M (Peak 490.81M) | Time:00:00.89 | Mem:0.00M, Peak:0.00M | Scene, ViewLayer | Synchronizing object | Under-slung AC condenser ventilation louver.015
Fra:1 Mem:490.82M (Peak 490.82M) | Time:00:00.89 | Mem:0.00M, Peak:0.00M | Scene, ViewLayer | Synchronizing object | Under-slung AC condenser ventilation louver.014
Fra:1 Mem:490.83M (Peak 490.83M) | Time:00:00.89 | Mem:0.00M, Peak:0.00M | Scene, ViewLayer | Synchronizing object | Under-slung AC condenser ventilation louver.013
Fra:1 Mem:490.83M (Peak 490.83M) | Time:00:00.89 | Mem:0.00M, Peak:0.00M | Scene, ViewLayer | Synchronizing object | Under-slung AC condenser ventilation louver.012
Fra:1 Mem:490.84M (Peak 490.84M) | Time:00:00.89 | Mem:0.00M, Peak:0.00M | Scene, ViewLayer | Synchronizing object | Under-slung AC condenser turn latch.003
Fra:1 Mem:490.85M (Peak 490.85M) | Time:00:00.89 | Mem:0.00M, Peak:0.00M | Scene, ViewLayer | Synchronizing object | Under-slung AC condenser lifting handle.003
Fra:1 Mem:490.86M (Peak 490.86M) | Time:00:00.89 | Mem:0.00M, Peak:0.00M | Scene, ViewLayer | Synchronizing object | Under-slung AC condenser exposed hinge.007
Fra:1 Mem:490.86M (Peak 490.86M) | Time:00:00.89 | Mem:0.00M, Peak:0.00M | Scene, ViewLayer | Synchronizing object | Under-slung AC condenser exposed hinge.006
Fra:1 Mem:490.87M (Peak 490.87M) | Time:00:00.89 | Mem:0.00M, Peak:0.00M | Scene, ViewLayer | Synchronizing object | Under-slung AC condenser service panel.003
Fra:1 Mem:490.92M (Peak 490.92M) | Time:00:00.89 | Mem:0.00M, Peak:0.00M | Scene, ViewLayer | Synchronizing object | Under-slung AC condenser panel captive bolt hex head.005
Fra:1 Mem:490.92M (Peak 490.92M) | Time:00:00.89 | Mem:0.00M, Peak:0.00M | Scene, ViewLayer | Synchronizing object | Under-slung AC condenser panel captive bolt hex head.004
Fra:1 Mem:490.93M (Peak 490.93M) | Time:00:00.89 | Mem:0.00M, Peak:0.00M | Scene, ViewLayer | Synchronizing object | Under-slung AC condenser ventilation louver.011
Fra:1 Mem:490.96M (Peak 490.96M) | Time:00:00.89 | Mem:0.00M, Peak:0.00M | Scene, ViewLayer | Synchronizing object | Under-slung AC condenser ventilation louver.010
Fra:1 Mem:491.01M (Peak 491.01M) | Time:00:00.89 | Mem:0.00M, Peak:0.00M | Scene, ViewLayer | Synchronizing object | Under-slung AC condenser ventilation louver.009
Fra:1 Mem:491.02M (Peak 491.02M) | Time:00:00.89 | Mem:0.00M, Peak:0.00M | Scene, ViewLayer | Synchronizing object | Under-slung AC condenser ventilation louver.008
Fra:1 Mem:490.97M (Peak 491.02M) | Time:00:00.89 | Mem:0.00M, Peak:0.00M | Scene, ViewLayer | Synchronizing object | Wheel hub machining line.006
Fra:1 Mem:490.99M (Peak 491.02M) | Time:00:00.89 | Mem:0.00M, Peak:0.00M | Scene, ViewLayer | Synchronizing object | Under-slung AC condenser turn latch.002
Fra:1 Mem:491.04M (Peak 491.04M) | Time:00:00.89 | Mem:0.00M, Peak:0.00M | Scene, ViewLayer | Synchronizing object | Under-slung AC condenser lifting handle.002
Fra:1 Mem:491.04M (Peak 491.04M) | Time:00:00.89 | Mem:0.00M, Peak:0.00M | Scene, ViewLayer | Synchronizing object | Under-slung AC condenser exposed hinge.005
Fra:1 Mem:491.06M (Peak 491.06M) | Time:00:00.89 | Mem:0.00M, Peak:0.00M | Scene, ViewLayer | Synchronizing object | Under-slung AC condenser exposed hinge.004
Fra:1 Mem:491.06M (Peak 491.06M) | Time:00:00.89 | Mem:0.00M, Peak:0.00M | Scene, ViewLayer | Synchronizing object | Wheel rim witness line.006
Fra:1 Mem:491.08M (Peak 491.08M) | Time:00:00.89 | Mem:0.00M, Peak:0.00M | Scene, ViewLayer | Synchronizing object | Under-slung AC condenser service panel.002
Fra:1 Mem:491.13M (Peak 491.13M) | Time:00:00.89 | Mem:0.00M, Peak:0.00M | Scene, ViewLayer | Synchronizing object | Under-slung AC condenser enclosure.001
Fra:1 Mem:491.15M (Peak 491.15M) | Time:00:00.89 | Mem:0.00M, Peak:0.00M | Scene, ViewLayer | Synchronizing object | Condenser fan hub.001
Fra:1 Mem:491.16M (Peak 491.16M) | Time:00:00.89 | Mem:0.00M, Peak:0.00M | Scene, ViewLayer | Synchronizing object | Condenser grille radial wire.015
Fra:1 Mem:491.17M (Peak 491.17M) | Time:00:00.89 | Mem:0.00M, Peak:0.00M | Scene, ViewLayer | Synchronizing object | Condenser grille radial wire.014
Fra:1 Mem:491.18M (Peak 491.18M) | Time:00:00.89 | Mem:0.00M, Peak:0.00M | Scene, ViewLayer | Synchronizing object | Condenser grille radial wire.013
Fra:1 Mem:491.19M (Peak 491.19M) | Time:00:00.89 | Mem:0.00M, Peak:0.00M | Scene, ViewLayer | Synchronizing object | Condenser grille radial wire.012
Fra:1 Mem:491.18M (Peak 491.19M) | Time:00:00.89 | Mem:0.00M, Peak:0.00M | Scene, ViewLayer | Synchronizing object | Wing-type axlebox casting.006
Fra:1 Mem:491.20M (Peak 491.20M) | Time:00:00.89 | Mem:0.00M, Peak:0.00M | Scene, ViewLayer | Synchronizing object | Condenser grille radial wire.011
Fra:1 Mem:491.19M (Peak 491.20M) | Time:00:00.89 | Mem:0.00M, Peak:0.00M | Scene, ViewLayer | Synchronizing object | Condenser grille radial wire.010
Fra:1 Mem:491.19M (Peak 491.20M) | Time:00:00.89 | Mem:0.00M, Peak:0.00M | Scene, ViewLayer | Synchronizing object | Axlebox spherical bearing housing.006
Fra:1 Mem:491.21M (Peak 491.21M) | Time:00:00.89 | Mem:0.00M, Peak:0.00M | Scene, ViewLayer | Synchronizing object | Condenser grille radial wire.009
Fra:1 Mem:491.20M (Peak 491.21M) | Time:00:00.89 | Mem:0.00M, Peak:0.00M | Scene, ViewLayer | Synchronizing object | Condenser grille radial wire.008
Fra:1 Mem:491.20M (Peak 491.21M) | Time:00:00.89 | Mem:0.00M, Peak:0.00M | Scene, ViewLayer | Synchronizing object | Axlebox circular gasket.006
Fra:1 Mem:491.21M (Peak 491.21M) | Time:00:00.89 | Mem:0.00M, Peak:0.00M | Scene, ViewLayer | Synchronizing object | Condenser circular fan guard.005
Fra:1 Mem:491.24M (Peak 491.24M) | Time:00:00.89 | Mem:0.00M, Peak:0.00M | Scene, ViewLayer | Synchronizing object | Axlebox bolted front cover.006
Fra:1 Mem:491.26M (Peak 491.26M) | Time:00:00.89 | Mem:0.00M, Peak:0.00M | Scene, ViewLayer | Synchronizing object | Axlebox centre inspection emboss.006
Fra:1 Mem:491.27M (Peak 491.27M) | Time:00:00.89 | Mem:0.00M, Peak:0.00M | Scene, ViewLayer | Synchronizing object | Condenser circular fan guard.004
Fra:1 Mem:491.31M (Peak 491.31M) | Time:00:00.89 | Mem:0.00M, Peak:0.00M | Scene, ViewLayer | Synchronizing object | Condenser circular fan guard.003
Fra:1 Mem:491.34M (Peak 491.34M) | Time:00:00.89 | Mem:0.00M, Peak:0.00M | Scene, ViewLayer | Synchronizing object | Axlebox cover M20 hex head.036
Fra:1 Mem:491.35M (Peak 491.35M) | Time:00:00.89 | Mem:0.00M, Peak:0.00M | Scene, ViewLayer | Synchronizing object | Axlebox cover M20 hex head.037
Fra:1 Mem:491.36M (Peak 491.36M) | Time:00:00.89 | Mem:0.00M, Peak:0.00M | Scene, ViewLayer | Synchronizing object | Axlebox cover M20 hex head.038
Fra:1 Mem:491.36M (Peak 491.36M) | Time:00:00.89 | Mem:0.00M, Peak:0.00M | Scene, ViewLayer | Synchronizing object | Condenser underside fan shroud.001
Fra:1 Mem:491.38M (Peak 491.38M) | Time:00:00.89 | Mem:0.00M, Peak:0.00M | Scene, ViewLayer | Synchronizing object | Axlebox cover M20 hex head.039
Fra:1 Mem:491.37M (Peak 491.38M) | Time:00:00.89 | Mem:0.00M, Peak:0.00M | Scene, ViewLayer | Synchronizing object | Axlebox cover M20 hex head.040
Fra:1 Mem:491.37M (Peak 491.38M) | Time:00:00.89 | Mem:0.00M, Peak:0.00M | Scene, ViewLayer | Synchronizing object | Condenser fan hub
Fra:1 Mem:491.38M (Peak 491.38M) | Time:00:00.89 | Mem:0.00M, Peak:0.00M | Scene, ViewLayer | Synchronizing object | Axlebox cover M20 hex head.041
Fra:1 Mem:491.38M (Peak 491.38M) | Time:00:00.89 | Mem:0.00M, Peak:0.00M | Scene, ViewLayer | Synchronizing object | Condenser grille radial wire.007
Fra:1 Mem:491.38M (Peak 491.38M) | Time:00:00.89 | Mem:0.00M, Peak:0.00M | Scene, ViewLayer | Synchronizing object | Axlebox crown bump rubber.006
Fra:1 Mem:491.39M (Peak 491.39M) | Time:00:00.89 | Mem:0.00M, Peak:0.00M | Scene, ViewLayer | Synchronizing object | Condenser grille radial wire.006
Fra:1 Mem:491.39M (Peak 491.39M) | Time:00:00.89 | Mem:0.00M, Peak:0.00M | Scene, ViewLayer | Synchronizing object | Condenser grille radial wire.005
Fra:1 Mem:491.39M (Peak 491.39M) | Time:00:00.89 | Mem:0.00M, Peak:0.00M | Scene, ViewLayer | Synchronizing object | Axlebox crown stop bracket.006
Fra:1 Mem:491.39M (Peak 491.39M) | Time:00:00.89 | Mem:0.00M, Peak:0.00M | Scene, ViewLayer | Synchronizing object | Condenser grille radial wire.004
Fra:1 Mem:491.40M (Peak 491.40M) | Time:00:00.89 | Mem:0.00M, Peak:0.00M | Scene, ViewLayer | Synchronizing object | Condenser grille radial wire.003
Fra:1 Mem:491.40M (Peak 491.40M) | Time:00:00.89 | Mem:0.00M, Peak:0.00M | Scene, ViewLayer | Synchronizing object | Crown clearance stop bolt.006
Fra:1 Mem:491.41M (Peak 491.41M) | Time:00:00.89 | Mem:0.00M, Peak:0.00M | Scene, ViewLayer | Synchronizing object | Condenser grille radial wire.002
Fra:1 Mem:491.41M (Peak 491.41M) | Time:00:00.89 | Mem:0.00M, Peak:0.00M | Scene, ViewLayer | Synchronizing object | Primary lower spring seat cup.012
Fra:1 Mem:491.42M (Peak 491.42M) | Time:00:00.89 | Mem:0.00M, Peak:0.00M | Scene, ViewLayer | Synchronizing object | Condenser grille radial wire.001
Fra:1 Mem:491.42M (Peak 491.42M) | Time:00:00.89 | Mem:0.00M, Peak:0.00M | Scene, ViewLayer | Synchronizing object | Primary isolation rubber pad.012
Fra:1 Mem:491.43M (Peak 491.43M) | Time:00:00.89 | Mem:0.00M, Peak:0.00M | Scene, ViewLayer | Synchronizing object | Condenser grille radial wire
Fra:1 Mem:491.43M (Peak 491.43M) | Time:00:00.89 | Mem:0.00M, Peak:0.00M | Scene, ViewLayer | Synchronizing object | Primary dashpot oil cylinder.012
Fra:1 Mem:491.43M (Peak 491.43M) | Time:00:00.89 | Mem:0.00M, Peak:0.00M | Scene, ViewLayer | Synchronizing object | Condenser circular fan guard.002
Fra:1 Mem:491.47M (Peak 491.47M) | Time:00:00.89 | Mem:0.00M, Peak:0.00M | Scene, ViewLayer | Synchronizing object | Telescopic axle guide piston sleeve.012
Fra:1 Mem:491.48M (Peak 491.48M) | Time:00:00.89 | Mem:0.00M, Peak:0.00M | Scene, ViewLayer | Synchronizing object | Dashpot sealing lip.012
Fra:1 Mem:491.52M (Peak 491.52M) | Time:00:00.89 | Mem:0.00M, Peak:0.00M | Scene, ViewLayer | Synchronizing object | Condenser circular fan guard.001
Fra:1 Mem:491.56M (Peak 491.56M) | Time:00:00.89 | Mem:0.00M, Peak:0.00M | Scene, ViewLayer | Synchronizing object | Primary upper spring seat.012
Fra:1 Mem:491.57M (Peak 491.57M) | Time:00:00.89 | Mem:0.00M, Peak:0.00M | Scene, ViewLayer | Synchronizing object | Condenser circular fan guard
Fra:1 Mem:491.60M (Peak 491.60M) | Time:00:00.89 | Mem:0.00M, Peak:0.00M | Scene, ViewLayer | Synchronizing object | Primary 33.5mm helical spring.012
Fra:1 Mem:491.73M (Peak 491.73M) | Time:00:00.90 | Mem:0.00M, Peak:0.00M | Scene, ViewLayer | Synchronizing object | Condenser underside fan shroud
Fra:1 Mem:491.75M (Peak 491.75M) | Time:00:00.90 | Mem:0.00M, Peak:0.00M | Scene, ViewLayer | Synchronizing object | Under-slung AC condenser data plate
Fra:1 Mem:491.79M (Peak 491.79M) | Time:00:00.90 | Mem:0.00M, Peak:0.00M | Scene, ViewLayer | Synchronizing object | Under-slung AC condenser lower cradle.001
Fra:1 Mem:491.80M (Peak 491.80M) | Time:00:00.90 | Mem:0.00M, Peak:0.00M | Scene, ViewLayer | Synchronizing object | Under-slung AC condenser hanger channel.001
Fra:1 Mem:491.82M (Peak 491.82M) | Time:00:00.90 | Mem:0.00M, Peak:0.00M | Scene, ViewLayer | Synchronizing object | Under-slung AC condenser lower cradle
Fra:1 Mem:491.83M (Peak 491.83M) | Time:00:00.90 | Mem:0.00M, Peak:0.00M | Scene, ViewLayer | Synchronizing object | Under-slung AC condenser hanger channel
Fra:1 Mem:491.84M (Peak 491.84M) | Time:00:00.90 | Mem:0.00M, Peak:0.00M | Scene, ViewLayer | Synchronizing object | Under-slung AC condenser panel captive bolt hex head.003
Fra:1 Mem:491.84M (Peak 491.84M) | Time:00:00.90 | Mem:0.00M, Peak:0.00M | Scene, ViewLayer | Synchronizing object | Under-slung AC condenser panel captive bolt hex head.002
Fra:1 Mem:491.84M (Peak 491.84M) | Time:00:00.90 | Mem:0.00M, Peak:0.00M | Scene, ViewLayer | Synchronizing object | Under-slung AC condenser ventilation louver.007
Fra:1 Mem:491.87M (Peak 491.87M) | Time:00:00.90 | Mem:0.00M, Peak:0.00M | Scene, ViewLayer | Synchronizing object | Under-slung AC condenser ventilation louver.006
Fra:1 Mem:491.88M (Peak 491.88M) | Time:00:00.90 | Mem:0.00M, Peak:0.00M | Scene, ViewLayer | Synchronizing object | Under-slung AC condenser ventilation louver.005
Fra:1 Mem:491.90M (Peak 491.90M) | Time:00:00.90 | Mem:0.00M, Peak:0.00M | Scene, ViewLayer | Synchronizing object | Under-slung AC condenser ventilation louver.004
Fra:1 Mem:491.93M (Peak 491.93M) | Time:00:00.90 | Mem:0.00M, Peak:0.00M | Scene, ViewLayer | Synchronizing object | Under-slung AC condenser turn latch.001
Fra:1 Mem:491.91M (Peak 491.93M) | Time:00:00.90 | Mem:0.00M, Peak:0.00M | Scene, ViewLayer | Synchronizing object | Primary 33.5mm helical spring group mark.168
Fra:1 Mem:491.92M (Peak 491.93M) | Time:00:00.90 | Mem:0.00M, Peak:0.00M | Scene, ViewLayer | Synchronizing object | Under-slung AC condenser lifting handle.001
Fra:1 Mem:491.92M (Peak 491.93M) | Time:00:00.90 | Mem:0.00M, Peak:0.00M | Scene, ViewLayer | Synchronizing object | Primary 33.5mm helical spring group mark.169
Fra:1 Mem:491.92M (Peak 491.93M) | Time:00:00.90 | Mem:0.00M, Peak:0.00M | Scene, ViewLayer | Synchronizing object | Under-slung AC condenser exposed hinge.003
Fra:1 Mem:491.93M (Peak 491.93M) | Time:00:00.90 | Mem:0.00M, Peak:0.00M | Scene, ViewLayer | Synchronizing object | Primary 33.5mm helical spring group mark.170
Fra:1 Mem:491.94M (Peak 491.94M) | Time:00:00.90 | Mem:0.00M, Peak:0.00M | Scene, ViewLayer | Synchronizing object | Under-slung AC condenser exposed hinge.002
Fra:1 Mem:491.94M (Peak 491.94M) | Time:00:00.90 | Mem:0.00M, Peak:0.00M | Scene, ViewLayer | Synchronizing object | Primary 33.5mm helical spring group mark.171
Fra:1 Mem:491.95M (Peak 491.95M) | Time:00:00.90 | Mem:0.00M, Peak:0.00M | Scene, ViewLayer | Synchronizing object | Under-slung AC condenser service panel.001
Fra:1 Mem:491.95M (Peak 491.95M) | Time:00:00.90 | Mem:0.00M, Peak:0.00M | Scene, ViewLayer | Synchronizing object | Primary 33.5mm helical spring group mark.172
Fra:1 Mem:491.96M (Peak 491.96M) | Time:00:00.90 | Mem:0.00M, Peak:0.00M | Scene, ViewLayer | Synchronizing object | Under-slung AC condenser panel captive bolt hex head.001
Fra:1 Mem:491.96M (Peak 491.96M) | Time:00:00.90 | Mem:0.00M, Peak:0.00M | Scene, ViewLayer | Synchronizing object | Primary 33.5mm helical spring group mark.173
Fra:1 Mem:491.96M (Peak 491.96M) | Time:00:00.90 | Mem:0.00M, Peak:0.00M | Scene, ViewLayer | Synchronizing object | Under-slung AC condenser panel captive bolt hex head
Fra:1 Mem:491.97M (Peak 491.97M) | Time:00:00.90 | Mem:0.00M, Peak:0.00M | Scene, ViewLayer | Synchronizing object | Primary 33.5mm helical spring group mark.174
Fra:1 Mem:491.97M (Peak 491.97M) | Time:00:00.90 | Mem:0.00M, Peak:0.00M | Scene, ViewLayer | Synchronizing object | Under-slung AC condenser ventilation louver.003
Fra:1 Mem:491.97M (Peak 491.97M) | Time:00:00.90 | Mem:0.00M, Peak:0.00M | Scene, ViewLayer | Synchronizing object | Primary 33.5mm helical spring group mark.175
Fra:1 Mem:491.98M (Peak 491.98M) | Time:00:00.90 | Mem:0.00M, Peak:0.00M | Scene, ViewLayer | Synchronizing object | Under-slung AC condenser ventilation louver.002
Fra:1 Mem:491.98M (Peak 491.98M) | Time:00:00.90 | Mem:0.00M, Peak:0.00M | Scene, ViewLayer | Synchronizing object | Primary 33.5mm helical spring group mark.176
Fra:1 Mem:491.99M (Peak 491.99M) | Time:00:00.90 | Mem:0.00M, Peak:0.00M | Scene, ViewLayer | Synchronizing object | Primary 33.5mm helical spring group mark.177
Fra:1 Mem:491.99M (Peak 491.99M) | Time:00:00.90 | Mem:0.00M, Peak:0.00M | Scene, ViewLayer | Synchronizing object | Under-slung AC condenser ventilation louver.001
Fra:1 Mem:492.00M (Peak 492.00M) | Time:00:00.90 | Mem:0.00M, Peak:0.00M | Scene, ViewLayer | Synchronizing object | Primary 33.5mm helical spring group mark.178
Fra:1 Mem:492.01M (Peak 492.01M) | Time:00:00.90 | Mem:0.00M, Peak:0.00M | Scene, ViewLayer | Synchronizing object | Under-slung AC condenser ventilation louver
Fra:1 Mem:492.01M (Peak 492.01M) | Time:00:00.90 | Mem:0.00M, Peak:0.00M | Scene, ViewLayer | Synchronizing object | Primary 33.5mm helical spring group mark.179
Fra:1 Mem:492.02M (Peak 492.02M) | Time:00:00.90 | Mem:0.00M, Peak:0.00M | Scene, ViewLayer | Synchronizing object | Under-slung AC condenser turn latch
Fra:1 Mem:492.02M (Peak 492.02M) | Time:00:00.90 | Mem:0.00M, Peak:0.00M | Scene, ViewLayer | Synchronizing object | Primary 33.5mm helical spring group mark.180
Fra:1 Mem:492.03M (Peak 492.03M) | Time:00:00.90 | Mem:0.00M, Peak:0.00M | Scene, ViewLayer | Synchronizing object | Primary 33.5mm helical spring group mark.181
Fra:1 Mem:492.05M (Peak 492.05M) | Time:00:00.90 | Mem:0.00M, Peak:0.00M | Scene, ViewLayer | Synchronizing object | Under-slung AC condenser lifting handle
Fra:1 Mem:492.04M (Peak 492.05M) | Time:00:00.90 | Mem:0.00M, Peak:0.00M | Scene, ViewLayer | Synchronizing object | Dashpot oil filling vent screw hex head.012
Fra:1 Mem:492.04M (Peak 492.05M) | Time:00:00.90 | Mem:0.00M, Peak:0.00M | Scene, ViewLayer | Synchronizing object | Under-slung AC condenser exposed hinge.001
Fra:1 Mem:492.05M (Peak 492.05M) | Time:00:00.90 | Mem:0.00M, Peak:0.00M | Scene, ViewLayer | Synchronizing object | Dashpot safety U bolt.012
Fra:1 Mem:492.05M (Peak 492.05M) | Time:00:00.90 | Mem:0.00M, Peak:0.00M | Scene, ViewLayer | Synchronizing object | Under-slung AC condenser exposed hinge
Fra:1 Mem:492.06M (Peak 492.06M) | Time:00:00.90 | Mem:0.00M, Peak:0.00M | Scene, ViewLayer | Synchronizing object | Primary lower spring seat cup.013
Fra:1 Mem:492.07M (Peak 492.07M) | Time:00:00.90 | Mem:0.00M, Peak:0.00M | Scene, ViewLayer | Synchronizing object | Under-slung AC condenser service panel
Fra:1 Mem:492.08M (Peak 492.08M) | Time:00:00.90 | Mem:0.00M, Peak:0.00M | Scene, ViewLayer | Synchronizing object | Primary isolation rubber pad.013
Fra:1 Mem:492.09M (Peak 492.09M) | Time:00:00.90 | Mem:0.00M, Peak:0.00M | Scene, ViewLayer | Synchronizing object | Under-slung AC condenser enclosure
Fra:1 Mem:492.10M (Peak 492.10M) | Time:00:00.90 | Mem:0.00M, Peak:0.00M | Scene, ViewLayer | Synchronizing object | Primary dashpot oil cylinder.013
Fra:1 Mem:492.10M (Peak 492.10M) | Time:00:00.90 | Mem:0.00M, Peak:0.00M | Scene, ViewLayer | Synchronizing object | Battery terminal cable.003
Fra:1 Mem:492.11M (Peak 492.11M) | Time:00:00.90 | Mem:0.00M, Peak:0.00M | Scene, ViewLayer | Synchronizing object | Telescopic axle guide piston sleeve.013
Fra:1 Mem:492.11M (Peak 492.11M) | Time:00:00.90 | Mem:0.00M, Peak:0.00M | Scene, ViewLayer | Synchronizing object | Battery terminal cable.002
Fra:1 Mem:492.12M (Peak 492.12M) | Time:00:00.90 | Mem:0.00M, Peak:0.00M | Scene, ViewLayer | Synchronizing object | Battery terminal cable.001
Fra:1 Mem:492.12M (Peak 492.12M) | Time:00:00.90 | Mem:0.00M, Peak:0.00M | Scene, ViewLayer | Synchronizing object | Dashpot sealing lip.013
Fra:1 Mem:492.14M (Peak 492.14M) | Time:00:00.90 | Mem:0.00M, Peak:0.00M | Scene, ViewLayer | Synchronizing object | Battery terminal cable
Fra:1 Mem:492.16M (Peak 492.16M) | Time:00:00.90 | Mem:0.00M, Peak:0.00M | Scene, ViewLayer | Synchronizing object | Main insulated lighting cable conduit
Fra:1 Mem:492.17M (Peak 492.17M) | Time:00:00.90 | Mem:0.00M, Peak:0.00M | Scene, ViewLayer | Synchronizing object | Underframe pneumatic equipment pipe.002
Fra:1 Mem:492.18M (Peak 492.18M) | Time:00:00.90 | Mem:0.00M, Peak:0.00M | Scene, ViewLayer | Synchronizing object | Primary upper spring seat.013
Fra:1 Mem:492.19M (Peak 492.19M) | Time:00:00.90 | Mem:0.00M, Peak:0.00M | Scene, ViewLayer | Synchronizing object | Underframe pneumatic equipment pipe
Fra:1 Mem:492.19M (Peak 492.19M) | Time:00:00.90 | Mem:0.00M, Peak:0.00M | Scene, ViewLayer | Synchronizing object | Primary 33.5mm helical spring.013
Fra:1 Mem:492.19M (Peak 492.19M) | Time:00:00.90 | Mem:0.00M, Peak:0.00M | Scene, ViewLayer | Synchronizing object | Body to bogie flexible brake feed.001
Fra:1 Mem:492.23M (Peak 492.23M) | Time:00:00.90 | Mem:0.00M, Peak:0.00M | Scene, ViewLayer | Synchronizing object | Body to bogie flexible brake feed
Fra:1 Mem:492.30M (Peak 492.30M) | Time:00:00.90 | Mem:0.00M, Peak:0.00M | Scene, ViewLayer | Synchronizing object | Train pipe threaded union.013
Fra:1 Mem:492.32M (Peak 492.32M) | Time:00:00.90 | Mem:0.00M, Peak:0.00M | Scene, ViewLayer | Synchronizing object | Train pipe saddle clip.013
Fra:1 Mem:492.35M (Peak 492.35M) | Time:00:00.90 | Mem:0.00M, Peak:0.00M | Scene, ViewLayer | Synchronizing object | Train pipe threaded union.012
Fra:1 Mem:492.38M (Peak 492.38M) | Time:00:00.90 | Mem:0.00M, Peak:0.00M | Scene, ViewLayer | Synchronizing object | Train pipe saddle clip.012
Fra:1 Mem:492.39M (Peak 492.39M) | Time:00:00.90 | Mem:0.00M, Peak:0.00M | Scene, ViewLayer | Synchronizing object | Train pipe threaded union.011
Fra:1 Mem:492.40M (Peak 492.40M) | Time:00:00.90 | Mem:0.00M, Peak:0.00M | Scene, ViewLayer | Synchronizing object | Train pipe saddle clip.011
Fra:1 Mem:492.41M (Peak 492.41M) | Time:00:00.90 | Mem:0.00M, Peak:0.00M | Scene, ViewLayer | Synchronizing object | Train pipe threaded union.010
Fra:1 Mem:492.41M (Peak 492.41M) | Time:00:00.90 | Mem:0.00M, Peak:0.00M | Scene, ViewLayer | Synchronizing object | Train pipe saddle clip.010
Fra:1 Mem:492.42M (Peak 492.42M) | Time:00:00.90 | Mem:0.00M, Peak:0.00M | Scene, ViewLayer | Synchronizing object | Train pipe threaded union.009
Fra:1 Mem:492.42M (Peak 492.42M) | Time:00:00.90 | Mem:0.00M, Peak:0.00M | Scene, ViewLayer | Synchronizing object | Train pipe saddle clip.009
Fra:1 Mem:492.43M (Peak 492.43M) | Time:00:00.90 | Mem:0.00M, Peak:0.00M | Scene, ViewLayer | Synchronizing object | Train pipe threaded union.008
Fra:1 Mem:492.45M (Peak 492.45M) | Time:00:00.90 | Mem:0.00M, Peak:0.00M | Scene, ViewLayer | Synchronizing object | Train pipe saddle clip.008
Fra:1 Mem:492.49M (Peak 492.49M) | Time:00:00.90 | Mem:0.00M, Peak:0.00M | Scene, ViewLayer | Synchronizing object | Train pipe threaded union.007
Fra:1 Mem:492.49M (Peak 492.49M) | Time:00:00.90 | Mem:0.00M, Peak:0.00M | Scene, ViewLayer | Synchronizing object | Train pipe saddle clip.007
Fra:1 Mem:492.48M (Peak 492.49M) | Time:00:00.90 | Mem:0.00M, Peak:0.00M | Scene, ViewLayer | Synchronizing object | Primary 33.5mm helical spring group mark.182
Fra:1 Mem:492.48M (Peak 492.49M) | Time:00:00.90 | Mem:0.00M, Peak:0.00M | Scene, ViewLayer | Synchronizing object | Continuous feed pipe
Fra:1 Mem:492.48M (Peak 492.49M) | Time:00:00.90 | Mem:0.00M, Peak:0.00M | Scene, ViewLayer | Synchronizing object | Primary 33.5mm helical spring group mark.183
Fra:1 Mem:492.49M (Peak 492.49M) | Time:00:00.90 | Mem:0.00M, Peak:0.00M | Scene, ViewLayer | Synchronizing object | Train pipe threaded union.006
Fra:1 Mem:492.49M (Peak 492.49M) | Time:00:00.90 | Mem:0.00M, Peak:0.00M | Scene, ViewLayer | Synchronizing object | Primary 33.5mm helical spring group mark.184
Fra:1 Mem:492.50M (Peak 492.50M) | Time:00:00.90 | Mem:0.00M, Peak:0.00M | Scene, ViewLayer | Synchronizing object | Train pipe saddle clip.006
Fra:1 Mem:492.50M (Peak 492.50M) | Time:00:00.90 | Mem:0.00M, Peak:0.00M | Scene, ViewLayer | Synchronizing object | Primary 33.5mm helical spring group mark.185
Fra:1 Mem:492.51M (Peak 492.51M) | Time:00:00.90 | Mem:0.00M, Peak:0.00M | Scene, ViewLayer | Synchronizing object | Primary 33.5mm helical spring group mark.186
Fra:1 Mem:492.51M (Peak 492.51M) | Time:00:00.90 | Mem:0.00M, Peak:0.00M | Scene, ViewLayer | Synchronizing object | Train pipe threaded union.005
Fra:1 Mem:492.51M (Peak 492.51M) | Time:00:00.90 | Mem:0.00M, Peak:0.00M | Scene, ViewLayer | Synchronizing object | Primary 33.5mm helical spring group mark.187
Fra:1 Mem:492.52M (Peak 492.52M) | Time:00:00.90 | Mem:0.00M, Peak:0.00M | Scene, ViewLayer | Synchronizing object | Train pipe saddle clip.005
Fra:1 Mem:492.52M (Peak 492.52M) | Time:00:00.90 | Mem:0.00M, Peak:0.00M | Scene, ViewLayer | Synchronizing object | Primary 33.5mm helical spring group mark.188
Fra:1 Mem:492.53M (Peak 492.53M) | Time:00:00.90 | Mem:0.00M, Peak:0.00M | Scene, ViewLayer | Synchronizing object | Train pipe threaded union.004
Fra:1 Mem:492.53M (Peak 492.53M) | Time:00:00.90 | Mem:0.00M, Peak:0.00M | Scene, ViewLayer | Synchronizing object | Primary 33.5mm helical spring group mark.189
Fra:1 Mem:492.53M (Peak 492.53M) | Time:00:00.90 | Mem:0.00M, Peak:0.00M | Scene, ViewLayer | Synchronizing object | Train pipe saddle clip.004
Fra:1 Mem:492.54M (Peak 492.54M) | Time:00:00.90 | Mem:0.00M, Peak:0.00M | Scene, ViewLayer | Synchronizing object | Primary 33.5mm helical spring group mark.190
Fra:1 Mem:492.55M (Peak 492.55M) | Time:00:00.90 | Mem:0.00M, Peak:0.00M | Scene, ViewLayer | Synchronizing object | Train pipe threaded union.003
Fra:1 Mem:492.55M (Peak 492.55M) | Time:00:00.90 | Mem:0.00M, Peak:0.00M | Scene, ViewLayer | Synchronizing object | Primary 33.5mm helical spring group mark.191
Fra:1 Mem:492.55M (Peak 492.55M) | Time:00:00.90 | Mem:0.00M, Peak:0.00M | Scene, ViewLayer | Synchronizing object | Train pipe saddle clip.003
Fra:1 Mem:492.55M (Peak 492.55M) | Time:00:00.90 | Mem:0.00M, Peak:0.00M | Scene, ViewLayer | Synchronizing object | Primary 33.5mm helical spring group mark.192
Fra:1 Mem:492.56M (Peak 492.56M) | Time:00:00.90 | Mem:0.00M, Peak:0.00M | Scene, ViewLayer | Synchronizing object | Train pipe threaded union.002
Fra:1 Mem:492.56M (Peak 492.56M) | Time:00:00.90 | Mem:0.00M, Peak:0.00M | Scene, ViewLayer | Synchronizing object | Primary 33.5mm helical spring group mark.193
Fra:1 Mem:492.57M (Peak 492.57M) | Time:00:00.90 | Mem:0.00M, Peak:0.00M | Scene, ViewLayer | Synchronizing object | Train pipe saddle clip.002
Fra:1 Mem:492.57M (Peak 492.57M) | Time:00:00.90 | Mem:0.00M, Peak:0.00M | Scene, ViewLayer | Synchronizing object | Primary 33.5mm helical spring group mark.194
Fra:1 Mem:492.58M (Peak 492.58M) | Time:00:00.90 | Mem:0.00M, Peak:0.00M | Scene, ViewLayer | Synchronizing object | Primary 33.5mm helical spring group mark.195
Fra:1 Mem:492.58M (Peak 492.58M) | Time:00:00.90 | Mem:0.00M, Peak:0.00M | Scene, ViewLayer | Synchronizing object | Train pipe threaded union.001
Fra:1 Mem:492.59M (Peak 492.59M) | Time:00:00.90 | Mem:0.00M, Peak:0.00M | Scene, ViewLayer | Synchronizing object | Dashpot oil filling vent screw hex head.013
Fra:1 Mem:492.59M (Peak 492.59M) | Time:00:00.90 | Mem:0.00M, Peak:0.00M | Scene, ViewLayer | Synchronizing object | Train pipe saddle clip.001
Fra:1 Mem:492.60M (Peak 492.60M) | Time:00:00.90 | Mem:0.00M, Peak:0.00M | Scene, ViewLayer | Synchronizing object | Dashpot safety U bolt.013
Fra:1 Mem:492.60M (Peak 492.60M) | Time:00:00.90 | Mem:0.00M, Peak:0.00M | Scene, ViewLayer | Synchronizing object | Train pipe threaded union
Fra:1 Mem:492.60M (Peak 492.60M) | Time:00:00.90 | Mem:0.00M, Peak:0.00M | Scene, ViewLayer | Synchronizing object | Axlebox wing strengthening rib.012
Fra:1 Mem:492.60M (Peak 492.60M) | Time:00:00.90 | Mem:0.00M, Peak:0.00M | Scene, ViewLayer | Synchronizing object | Train pipe saddle clip
Fra:1 Mem:492.61M (Peak 492.61M) | Time:00:00.90 | Mem:0.00M, Peak:0.00M | Scene, ViewLayer | Synchronizing object | Axlebox wing strengthening rib.013
Fra:1 Mem:492.61M (Peak 492.61M) | Time:00:00.90 | Mem:0.00M, Peak:0.00M | Scene, ViewLayer | Synchronizing object | ICF monobloc 915mm dished wheel.007
Fra:1 Mem:492.61M (Peak 492.61M) | Time:00:00.90 | Mem:0.00M, Peak:0.00M | Scene, ViewLayer | Synchronizing object | Continuous brake pipe
Fra:1 Mem:492.68M (Peak 492.68M) | Time:00:00.90 | Mem:0.00M, Peak:0.00M | Scene, ViewLayer | Synchronizing object | Manual brake release pull ring
Fra:1 Mem:492.84M (Peak 492.84M) | Time:00:00.90 | Mem:0.00M, Peak:0.00M | Scene, ViewLayer | Synchronizing object | Brake manual release rod
Fra:1 Mem:492.89M (Peak 492.89M) | Time:00:00.90 | Mem:0.00M, Peak:0.00M | Scene, ViewLayer | Synchronizing object | Distributor cover bolt hex head.005
Fra:1 Mem:492.92M (Peak 492.92M) | Time:00:00.90 | Mem:0.00M, Peak:0.00M | Scene, ViewLayer | Synchronizing object | Distributor cover bolt hex head.004
Fra:1 Mem:492.92M (Peak 492.92M) | Time:00:00.90 | Mem:0.00M, Peak:0.00M | Scene, ViewLayer | Synchronizing object | Distributor cover bolt hex head.003
Fra:1 Mem:492.92M (Peak 492.92M) | Time:00:00.90 | Mem:0.00M, Peak:0.00M | Scene, ViewLayer | Synchronizing object | Distributor cover bolt hex head.002
Fra:1 Mem:492.93M (Peak 492.93M) | Time:00:00.90 | Mem:0.00M, Peak:0.00M | Scene, ViewLayer | Synchronizing object | Distributor cover bolt hex head.001
Fra:1 Mem:492.94M (Peak 492.94M) | Time:00:00.90 | Mem:0.00M, Peak:0.00M | Scene, ViewLayer | Synchronizing object | Distributor cover bolt hex head
Fra:1 Mem:492.99M (Peak 492.99M) | Time:00:00.90 | Mem:0.00M, Peak:0.00M | Scene, ViewLayer | Synchronizing object | Distributor valve diaphragm cover
Fra:1 Mem:493.00M (Peak 493.00M) | Time:00:00.90 | Mem:0.00M, Peak:0.00M | Scene, ViewLayer | Synchronizing object | Distributor valve cast body
Fra:1 Mem:493.01M (Peak 493.01M) | Time:00:00.90 | Mem:0.00M, Peak:0.00M | Scene, ViewLayer | Synchronizing object | Distributor valve mounting bracket
Fra:1 Mem:493.04M (Peak 493.04M) | Time:00:00.90 | Mem:0.00M, Peak:0.00M | Scene, ViewLayer | Synchronizing object | Control reservoir drain handle
Fra:1 Mem:493.05M (Peak 493.05M) | Time:00:00.90 | Mem:0.00M, Peak:0.00M | Scene, ViewLayer | Synchronizing object | Control reservoir drain cock
Fra:1 Mem:493.05M (Peak 493.05M) | Time:00:00.90 | Mem:0.00M, Peak:0.00M | Scene, ViewLayer | Synchronizing object | Control reservoir hanging bracket.003
Fra:1 Mem:493.06M (Peak 493.06M) | Time:00:00.90 | Mem:0.00M, Peak:0.00M | Scene, ViewLayer | Synchronizing object | Control reservoir hanging bracket.002
Fra:1 Mem:493.07M (Peak 493.07M) | Time:00:00.90 | Mem:0.00M, Peak:0.00M | Scene, ViewLayer | Synchronizing object | Control reservoir retaining strap.001
Fra:1 Mem:493.11M (Peak 493.11M) | Time:00:00.90 | Mem:0.00M, Peak:0.00M | Scene, ViewLayer | Synchronizing object | Control reservoir hanging bracket.001
Fra:1 Mem:493.16M (Peak 493.16M) | Time:00:00.90 | Mem:0.00M, Peak:0.00M | Scene, ViewLayer | Synchronizing object | Control reservoir hanging bracket
Fra:1 Mem:493.17M (Peak 493.17M) | Time:00:00.90 | Mem:0.00M, Peak:0.00M | Scene, ViewLayer | Synchronizing object | Control reservoir retaining strap
Fra:1 Mem:493.21M (Peak 493.21M) | Time:00:00.90 | Mem:0.00M, Peak:0.00M | Scene, ViewLayer | Synchronizing object | Control reservoir
Fra:1 Mem:493.31M (Peak 493.31M) | Time:00:00.90 | Mem:0.00M, Peak:0.00M | Scene, ViewLayer | Synchronizing object | Auxiliary air reservoir drain handle
Fra:1 Mem:493.27M (Peak 493.31M) | Time:00:00.90 | Mem:0.00M, Peak:0.00M | Scene, ViewLayer | Synchronizing object | Wheel hub machining line.007
Fra:1 Mem:493.28M (Peak 493.31M) | Time:00:00.90 | Mem:0.00M, Peak:0.00M | Scene, ViewLayer | Synchronizing object | Auxiliary air reservoir drain cock
Fra:1 Mem:493.31M (Peak 493.31M) | Time:00:00.90 | Mem:0.00M, Peak:0.00M | Scene, ViewLayer | Synchronizing object | Auxiliary air reservoir hanging bracket.003
Fra:1 Mem:493.33M (Peak 493.33M) | Time:00:00.90 | Mem:0.00M, Peak:0.00M | Scene, ViewLayer | Synchronizing object | Auxiliary air reservoir hanging bracket.002
Fra:1 Mem:493.34M (Peak 493.34M) | Time:00:00.90 | Mem:0.00M, Peak:0.00M | Scene, ViewLayer | Synchronizing object | Auxiliary air reservoir retaining strap.001
Fra:1 Mem:493.37M (Peak 493.37M) | Time:00:00.90 | Mem:0.00M, Peak:0.00M | Scene, ViewLayer | Synchronizing object | Wheel rim witness line.007
Fra:1 Mem:493.46M (Peak 493.46M) | Time:00:00.90 | Mem:0.00M, Peak:0.00M | Scene, ViewLayer | Synchronizing object | Auxiliary air reservoir hanging bracket.001
Fra:1 Mem:493.47M (Peak 493.47M) | Time:00:00.90 | Mem:0.00M, Peak:0.00M | Scene, ViewLayer | Synchronizing object | Auxiliary air reservoir hanging bracket
Fra:1 Mem:493.49M (Peak 493.49M) | Time:00:00.90 | Mem:0.00M, Peak:0.00M | Scene, ViewLayer | Synchronizing object | Auxiliary air reservoir retaining strap
Fra:1 Mem:493.52M (Peak 493.52M) | Time:00:00.90 | Mem:0.00M, Peak:0.00M | Scene, ViewLayer | Synchronizing object | Wing-type axlebox casting.007
Fra:1 Mem:493.53M (Peak 493.53M) | Time:00:00.90 | Mem:0.00M, Peak:0.00M | Scene, ViewLayer | Synchronizing object | Axlebox spherical bearing housing.007
Fra:1 Mem:493.54M (Peak 493.54M) | Time:00:00.90 | Mem:0.00M, Peak:0.00M | Scene, ViewLayer | Synchronizing object | Auxiliary air reservoir
Fra:1 Mem:493.57M (Peak 493.57M) | Time:00:00.90 | Mem:0.00M, Peak:0.00M | Scene, ViewLayer | Synchronizing object | Axlebox circular gasket.007
Fra:1 Mem:493.59M (Peak 493.59M) | Time:00:00.90 | Mem:0.00M, Peak:0.00M | Scene, ViewLayer | Synchronizing object | Axlebox bolted front cover.007
Fra:1 Mem:493.60M (Peak 493.60M) | Time:00:00.90 | Mem:0.00M, Peak:0.00M | Scene, ViewLayer | Synchronizing object | Train lighting junction box data plate
Fra:1 Mem:493.61M (Peak 493.61M) | Time:00:00.90 | Mem:0.00M, Peak:0.00M | Scene, ViewLayer | Synchronizing object | Axlebox centre inspection emboss.007
Fra:1 Mem:493.61M (Peak 493.61M) | Time:00:00.90 | Mem:0.00M, Peak:0.00M | Scene, ViewLayer | Synchronizing object | Train lighting junction box lower cradle.001
Fra:1 Mem:493.63M (Peak 493.63M) | Time:00:00.90 | Mem:0.00M, Peak:0.00M | Scene, ViewLayer | Synchronizing object | Axlebox cover M20 hex head.042
Fra:1 Mem:493.64M (Peak 493.64M) | Time:00:00.90 | Mem:0.00M, Peak:0.00M | Scene, ViewLayer | Synchronizing object | Train lighting junction box hanger channel.001
Fra:1 Mem:493.64M (Peak 493.64M) | Time:00:00.90 | Mem:0.00M, Peak:0.00M | Scene, ViewLayer | Synchronizing object | Axlebox cover M20 hex head.043
Fra:1 Mem:493.64M (Peak 493.64M) | Time:00:00.90 | Mem:0.00M, Peak:0.00M | Scene, ViewLayer | Synchronizing object | Train lighting junction box lower cradle
Fra:1 Mem:493.65M (Peak 493.65M) | Time:00:00.90 | Mem:0.00M, Peak:0.00M | Scene, ViewLayer | Synchronizing object | Axlebox cover M20 hex head.044
Fra:1 Mem:493.65M (Peak 493.65M) | Time:00:00.90 | Mem:0.00M, Peak:0.00M | Scene, ViewLayer | Synchronizing object | Train lighting junction box hanger channel
Fra:1 Mem:493.66M (Peak 493.66M) | Time:00:00.90 | Mem:0.00M, Peak:0.00M | Scene, ViewLayer | Synchronizing object | Axlebox cover M20 hex head.045
Fra:1 Mem:493.66M (Peak 493.66M) | Time:00:00.90 | Mem:0.00M, Peak:0.00M | Scene, ViewLayer | Synchronizing object | Train lighting junction box panel captive bolt hex head.001
Fra:1 Mem:493.66M (Peak 493.66M) | Time:00:00.90 | Mem:0.00M, Peak:0.00M | Scene, ViewLayer | Synchronizing object | Axlebox cover M20 hex head.046
Fra:1 Mem:493.67M (Peak 493.67M) | Time:00:00.90 | Mem:0.00M, Peak:0.00M | Scene, ViewLayer | Synchronizing object | Train lighting junction box panel captive bolt hex head
Fra:1 Mem:493.67M (Peak 493.67M) | Time:00:00.90 | Mem:0.00M, Peak:0.00M | Scene, ViewLayer | Synchronizing object | Axlebox cover M20 hex head.047
Fra:1 Mem:493.67M (Peak 493.67M) | Time:00:00.90 | Mem:0.00M, Peak:0.00M | Scene, ViewLayer | Synchronizing object | Train lighting junction box turn latch
Fra:1 Mem:493.67M (Peak 493.67M) | Time:00:00.90 | Mem:0.00M, Peak:0.00M | Scene, ViewLayer | Synchronizing object | Axlebox crown bump rubber.007
Fra:1 Mem:493.69M (Peak 493.69M) | Time:00:00.90 | Mem:0.00M, Peak:0.00M | Scene, ViewLayer | Synchronizing object | Train lighting junction box lifting handle
Fra:1 Mem:493.69M (Peak 493.69M) | Time:00:00.90 | Mem:0.00M, Peak:0.00M | Scene, ViewLayer | Synchronizing object | Axlebox crown stop bracket.007
Fra:1 Mem:493.70M (Peak 493.70M) | Time:00:00.90 | Mem:0.00M, Peak:0.00M | Scene, ViewLayer | Synchronizing object | Train lighting junction box exposed hinge.001
Fra:1 Mem:493.71M (Peak 493.71M) | Time:00:00.90 | Mem:0.00M, Peak:0.00M | Scene, ViewLayer | Synchronizing object | Crown clearance stop bolt.007
Fra:1 Mem:493.71M (Peak 493.71M) | Time:00:00.90 | Mem:0.00M, Peak:0.00M | Scene, ViewLayer | Synchronizing object | Train lighting junction box exposed hinge
Fra:1 Mem:493.71M (Peak 493.71M) | Time:00:00.90 | Mem:0.00M, Peak:0.00M | Scene, ViewLayer | Synchronizing object | Primary lower spring seat cup.014
Fra:1 Mem:493.73M (Peak 493.73M) | Time:00:00.90 | Mem:0.00M, Peak:0.00M | Scene, ViewLayer | Synchronizing object | Train lighting junction box service panel
Fra:1 Mem:493.73M (Peak 493.73M) | Time:00:00.90 | Mem:0.00M, Peak:0.00M | Scene, ViewLayer | Synchronizing object | Primary isolation rubber pad.014
Fra:1 Mem:493.74M (Peak 493.74M) | Time:00:00.90 | Mem:0.00M, Peak:0.00M | Scene, ViewLayer | Synchronizing object | Train lighting junction box enclosure
Fra:1 Mem:493.75M (Peak 493.75M) | Time:00:00.90 | Mem:0.00M, Peak:0.00M | Scene, ViewLayer | Synchronizing object | Primary dashpot oil cylinder.014
Fra:1 Mem:493.76M (Peak 493.76M) | Time:00:00.90 | Mem:0.00M, Peak:0.00M | Scene, ViewLayer | Synchronizing object | Rectifier regulator unit data plate
Fra:1 Mem:493.77M (Peak 493.77M) | Time:00:00.90 | Mem:0.00M, Peak:0.00M | Scene, ViewLayer | Synchronizing object | Telescopic axle guide piston sleeve.014
Fra:1 Mem:493.78M (Peak 493.78M) | Time:00:00.90 | Mem:0.00M, Peak:0.00M | Scene, ViewLayer | Synchronizing object | Rectifier regulator unit lower cradle.001
Fra:1 Mem:493.78M (Peak 493.78M) | Time:00:00.90 | Mem:0.00M, Peak:0.00M | Scene, ViewLayer | Synchronizing object | Dashpot sealing lip.014
Fra:1 Mem:493.80M (Peak 493.80M) | Time:00:00.90 | Mem:0.00M, Peak:0.00M | Scene, ViewLayer | Synchronizing object | Rectifier regulator unit hanger channel.001
Fra:1 Mem:493.83M (Peak 493.83M) | Time:00:00.90 | Mem:0.00M, Peak:0.00M | Scene, ViewLayer | Synchronizing object | Rectifier regulator unit lower cradle
Fra:1 Mem:493.84M (Peak 493.84M) | Time:00:00.90 | Mem:0.00M, Peak:0.00M | Scene, ViewLayer | Synchronizing object | Rectifier regulator unit hanger channel
Fra:1 Mem:493.85M (Peak 493.85M) | Time:00:00.90 | Mem:0.00M, Peak:0.00M | Scene, ViewLayer | Synchronizing object | Primary upper spring seat.014
Fra:1 Mem:493.86M (Peak 493.86M) | Time:00:00.90 | Mem:0.00M, Peak:0.00M | Scene, ViewLayer | Synchronizing object | Rectifier regulator unit panel captive bolt hex head.003
Fra:1 Mem:493.86M (Peak 493.86M) | Time:00:00.90 | Mem:0.00M, Peak:0.00M | Scene, ViewLayer | Synchronizing object | Primary 33.5mm helical spring.014
Fra:1 Mem:493.86M (Peak 493.86M) | Time:00:00.90 | Mem:0.00M, Peak:0.00M | Scene, ViewLayer | Synchronizing object | Rectifier regulator unit panel captive bolt hex head.002
Fra:1 Mem:493.89M (Peak 493.89M) | Time:00:00.90 | Mem:0.00M, Peak:0.00M | Scene, ViewLayer | Synchronizing object | Rectifier regulator unit ventilation louver.007
Fra:1 Mem:493.97M (Peak 493.97M) | Time:00:00.90 | Mem:0.00M, Peak:0.00M | Scene, ViewLayer | Synchronizing object | Rectifier regulator unit ventilation louver.006
Fra:1 Mem:494.01M (Peak 494.01M) | Time:00:00.90 | Mem:0.00M, Peak:0.00M | Scene, ViewLayer | Synchronizing object | Rectifier regulator unit ventilation louver.005
Fra:1 Mem:494.03M (Peak 494.03M) | Time:00:00.90 | Mem:0.00M, Peak:0.00M | Scene, ViewLayer | Synchronizing object | Rectifier regulator unit ventilation louver.004
Fra:1 Mem:494.06M (Peak 494.06M) | Time:00:00.90 | Mem:0.00M, Peak:0.00M | Scene, ViewLayer | Synchronizing object | Rectifier regulator unit turn latch.001
Fra:1 Mem:494.08M (Peak 494.08M) | Time:00:00.90 | Mem:0.00M, Peak:0.00M | Scene, ViewLayer | Synchronizing object | Rectifier regulator unit lifting handle.001
Fra:1 Mem:494.08M (Peak 494.08M) | Time:00:00.90 | Mem:0.00M, Peak:0.00M | Scene, ViewLayer | Synchronizing object | Rectifier regulator unit exposed hinge.003
Fra:1 Mem:494.09M (Peak 494.09M) | Time:00:00.90 | Mem:0.00M, Peak:0.00M | Scene, ViewLayer | Synchronizing object | Rectifier regulator unit exposed hinge.002
Fra:1 Mem:494.10M (Peak 494.10M) | Time:00:00.90 | Mem:0.00M, Peak:0.00M | Scene, ViewLayer | Synchronizing object | Rectifier regulator unit service panel.001
Fra:1 Mem:494.11M (Peak 494.11M) | Time:00:00.90 | Mem:0.00M, Peak:0.00M | Scene, ViewLayer | Synchronizing object | Rectifier regulator unit panel captive bolt hex head.001
Fra:1 Mem:494.13M (Peak 494.13M) | Time:00:00.90 | Mem:0.00M, Peak:0.00M | Scene, ViewLayer | Synchronizing object | Rectifier regulator unit panel captive bolt hex head
Fra:1 Mem:494.13M (Peak 494.13M) | Time:00:00.90 | Mem:0.00M, Peak:0.00M | Scene, ViewLayer | Synchronizing object | Rectifier regulator unit ventilation louver.003
Fra:1 Mem:494.17M (Peak 494.17M) | Time:00:00.90 | Mem:0.00M, Peak:0.00M | Scene, ViewLayer | Synchronizing object | Rectifier regulator unit ventilation louver.002
Fra:1 Mem:494.16M (Peak 494.17M) | Time:00:00.90 | Mem:0.00M, Peak:0.00M | Scene, ViewLayer | Synchronizing object | Primary 33.5mm helical spring group mark.196
Fra:1 Mem:494.16M (Peak 494.17M) | Time:00:00.90 | Mem:0.00M, Peak:0.00M | Scene, ViewLayer | Synchronizing object | Rectifier regulator unit ventilation louver.001
Fra:1 Mem:494.17M (Peak 494.17M) | Time:00:00.90 | Mem:0.00M, Peak:0.00M | Scene, ViewLayer | Synchronizing object | Primary 33.5mm helical spring group mark.197
Fra:1 Mem:494.17M (Peak 494.17M) | Time:00:00.90 | Mem:0.00M, Peak:0.00M | Scene, ViewLayer | Synchronizing object | Rectifier regulator unit ventilation louver
Fra:1 Mem:494.18M (Peak 494.18M) | Time:00:00.90 | Mem:0.00M, Peak:0.00M | Scene, ViewLayer | Synchronizing object | Primary 33.5mm helical spring group mark.198
Fra:1 Mem:494.19M (Peak 494.19M) | Time:00:00.90 | Mem:0.00M, Peak:0.00M | Scene, ViewLayer | Synchronizing object | Rectifier regulator unit turn latch
Fra:1 Mem:494.19M (Peak 494.19M) | Time:00:00.90 | Mem:0.00M, Peak:0.00M | Scene, ViewLayer | Synchronizing object | Primary 33.5mm helical spring group mark.199
Fra:1 Mem:494.20M (Peak 494.20M) | Time:00:00.90 | Mem:0.00M, Peak:0.00M | Scene, ViewLayer | Synchronizing object | Primary 33.5mm helical spring group mark.200
Fra:1 Mem:494.21M (Peak 494.21M) | Time:00:00.90 | Mem:0.00M, Peak:0.00M | Scene, ViewLayer | Synchronizing object | Rectifier regulator unit lifting handle
Fra:1 Mem:494.20M (Peak 494.21M) | Time:00:00.90 | Mem:0.00M, Peak:0.00M | Scene, ViewLayer | Synchronizing object | Primary 33.5mm helical spring group mark.201
Fra:1 Mem:494.21M (Peak 494.21M) | Time:00:00.90 | Mem:0.00M, Peak:0.00M | Scene, ViewLayer | Synchronizing object | Rectifier regulator unit exposed hinge.001
Fra:1 Mem:494.22M (Peak 494.22M) | Time:00:00.90 | Mem:0.00M, Peak:0.00M | Scene, ViewLayer | Synchronizing object | Primary 33.5mm helical spring group mark.202
Fra:1 Mem:494.22M (Peak 494.22M) | Time:00:00.90 | Mem:0.00M, Peak:0.00M | Scene, ViewLayer | Synchronizing object | Rectifier regulator unit exposed hinge
Fra:1 Mem:494.22M (Peak 494.22M) | Time:00:00.90 | Mem:0.00M, Peak:0.00M | Scene, ViewLayer | Synchronizing object | Primary 33.5mm helical spring group mark.203
Fra:1 Mem:494.23M (Peak 494.23M) | Time:00:00.90 | Mem:0.00M, Peak:0.00M | Scene, ViewLayer | Synchronizing object | Primary 33.5mm helical spring group mark.204
Fra:1 Mem:494.23M (Peak 494.23M) | Time:00:00.90 | Mem:0.00M, Peak:0.00M | Scene, ViewLayer | Synchronizing object | Rectifier regulator unit service panel
Fra:1 Mem:494.24M (Peak 494.24M) | Time:00:00.90 | Mem:0.00M, Peak:0.00M | Scene, ViewLayer | Synchronizing object | Primary 33.5mm helical spring group mark.205
Fra:1 Mem:494.24M (Peak 494.24M) | Time:00:00.90 | Mem:0.00M, Peak:0.00M | Scene, ViewLayer | Synchronizing object | Rectifier regulator unit enclosure
Fra:1 Mem:494.25M (Peak 494.25M) | Time:00:00.90 | Mem:0.00M, Peak:0.00M | Scene, ViewLayer | Synchronizing object | Primary 33.5mm helical spring group mark.206
Fra:1 Mem:494.26M (Peak 494.26M) | Time:00:00.90 | Mem:0.00M, Peak:0.00M | Scene, ViewLayer | Synchronizing object | Battery box data plate.001
Fra:1 Mem:494.26M (Peak 494.26M) | Time:00:00.90 | Mem:0.00M, Peak:0.00M | Scene, ViewLayer | Synchronizing object | Primary 33.5mm helical spring group mark.207
Fra:1 Mem:494.27M (Peak 494.27M) | Time:00:00.90 | Mem:0.00M, Peak:0.00M | Scene, ViewLayer | Synchronizing object | Primary 33.5mm helical spring group mark.208
Fra:1 Mem:494.28M (Peak 494.28M) | Time:00:00.90 | Mem:0.00M, Peak:0.00M | Scene, ViewLayer | Synchronizing object | Primary 33.5mm helical spring group mark.209
Fra:1 Mem:494.29M (Peak 494.29M) | Time:00:00.90 | Mem:0.00M, Peak:0.00M | Scene, ViewLayer | Synchronizing object | Battery box hanger channel.003
Fra:1 Mem:494.29M (Peak 494.29M) | Time:00:00.90 | Mem:0.00M, Peak:0.00M | Scene, ViewLayer | Synchronizing object | Dashpot oil filling vent screw hex head.014
Fra:1 Mem:494.30M (Peak 494.30M) | Time:00:00.90 | Mem:0.00M, Peak:0.00M | Scene, ViewLayer | Synchronizing object | Battery box lower cradle.002
Fra:1 Mem:494.30M (Peak 494.30M) | Time:00:00.90 | Mem:0.00M, Peak:0.00M | Scene, ViewLayer | Synchronizing object | Dashpot safety U bolt.014
Fra:1 Mem:494.31M (Peak 494.31M) | Time:00:00.90 | Mem:0.00M, Peak:0.00M | Scene, ViewLayer | Synchronizing object | Primary lower spring seat cup.015
Fra:1 Mem:494.33M (Peak 494.33M) | Time:00:00.90 | Mem:0.00M, Peak:0.00M | Scene, ViewLayer | Synchronizing object | Battery box hanger channel.002
Fra:1 Mem:494.33M (Peak 494.33M) | Time:00:00.90 | Mem:0.00M, Peak:0.00M | Scene, ViewLayer | Synchronizing object | Primary isolation rubber pad.015
Fra:1 Mem:494.33M (Peak 494.33M) | Time:00:00.90 | Mem:0.00M, Peak:0.00M | Scene, ViewLayer | Synchronizing object | Battery box panel captive bolt hex head.015
Fra:1 Mem:494.34M (Peak 494.34M) | Time:00:00.90 | Mem:0.00M, Peak:0.00M | Scene, ViewLayer | Synchronizing object | Battery box panel captive bolt hex head.014
Fra:1 Mem:494.34M (Peak 494.34M) | Time:00:00.90 | Mem:0.00M, Peak:0.00M | Scene, ViewLayer | Synchronizing object | Primary dashpot oil cylinder.015
Fra:1 Mem:494.34M (Peak 494.34M) | Time:00:00.90 | Mem:0.00M, Peak:0.00M | Scene, ViewLayer | Synchronizing object | Battery box ventilation louver.031
Fra:1 Mem:494.36M (Peak 494.36M) | Time:00:00.90 | Mem:0.00M, Peak:0.00M | Scene, ViewLayer | Synchronizing object | Telescopic axle guide piston sleeve.015
Fra:1 Mem:494.36M (Peak 494.36M) | Time:00:00.90 | Mem:0.00M, Peak:0.00M | Scene, ViewLayer | Synchronizing object | Battery box ventilation louver.030
Fra:1 Mem:494.37M (Peak 494.37M) | Time:00:00.90 | Mem:0.00M, Peak:0.00M | Scene, ViewLayer | Synchronizing object | Dashpot sealing lip.015
Fra:1 Mem:494.37M (Peak 494.37M) | Time:00:00.90 | Mem:0.00M, Peak:0.00M | Scene, ViewLayer | Synchronizing object | Battery box ventilation louver.029
Fra:1 Mem:494.41M (Peak 494.41M) | Time:00:00.90 | Mem:0.00M, Peak:0.00M | Scene, ViewLayer | Synchronizing object | Battery box ventilation louver.028
Fra:1 Mem:494.43M (Peak 494.43M) | Time:00:00.90 | Mem:0.00M, Peak:0.00M | Scene, ViewLayer | Synchronizing object | Battery box turn latch.007
Fra:1 Mem:494.43M (Peak 494.43M) | Time:00:00.90 | Mem:0.00M, Peak:0.00M | Scene, ViewLayer | Synchronizing object | Primary upper spring seat.015
Fra:1 Mem:494.44M (Peak 494.44M) | Time:00:00.90 | Mem:0.00M, Peak:0.00M | Scene, ViewLayer | Synchronizing object | Battery box lifting handle.007
Fra:1 Mem:494.45M (Peak 494.45M) | Time:00:00.90 | Mem:0.00M, Peak:0.00M | Scene, ViewLayer | Synchronizing object | Primary 33.5mm helical spring.015
Fra:1 Mem:494.45M (Peak 494.45M) | Time:00:00.90 | Mem:0.00M, Peak:0.00M | Scene, ViewLayer | Synchronizing object | Battery box exposed hinge.015
Fra:1 Mem:494.51M (Peak 494.51M) | Time:00:00.90 | Mem:0.00M, Peak:0.00M | Scene, ViewLayer | Synchronizing object | Battery box exposed hinge.014
Fra:1 Mem:494.58M (Peak 494.58M) | Time:00:00.90 | Mem:0.00M, Peak:0.00M | Scene, ViewLayer | Synchronizing object | Battery box service panel.007
Fra:1 Mem:494.61M (Peak 494.61M) | Time:00:00.90 | Mem:0.00M, Peak:0.00M | Scene, ViewLayer | Synchronizing object | Battery box panel captive bolt hex head.013
Fra:1 Mem:494.61M (Peak 494.61M) | Time:00:00.90 | Mem:0.00M, Peak:0.00M | Scene, ViewLayer | Synchronizing object | Battery box panel captive bolt hex head.012
Fra:1 Mem:494.64M (Peak 494.64M) | Time:00:00.90 | Mem:0.00M, Peak:0.00M | Scene, ViewLayer | Synchronizing object | Battery box ventilation louver.027
Fra:1 Mem:494.65M (Peak 494.65M) | Time:00:00.90 | Mem:0.00M, Peak:0.00M | Scene, ViewLayer | Synchronizing object | Battery box ventilation louver.026
Fra:1 Mem:494.67M (Peak 494.67M) | Time:00:00.90 | Mem:0.00M, Peak:0.00M | Scene, ViewLayer | Synchronizing object | Battery box ventilation louver.025
Fra:1 Mem:494.68M (Peak 494.68M) | Time:00:00.90 | Mem:0.00M, Peak:0.00M | Scene, ViewLayer | Synchronizing object | Battery box ventilation louver.024
Fra:1 Mem:494.69M (Peak 494.69M) | Time:00:00.90 | Mem:0.00M, Peak:0.00M | Scene, ViewLayer | Synchronizing object | Battery box turn latch.006
Fra:1 Mem:494.69M (Peak 494.69M) | Time:00:00.90 | Mem:0.00M, Peak:0.00M | Scene, ViewLayer | Synchronizing object | Battery box lifting handle.006
Fra:1 Mem:494.72M (Peak 494.72M) | Time:00:00.90 | Mem:0.00M, Peak:0.00M | Scene, ViewLayer | Synchronizing object | Battery box exposed hinge.013
Fra:1 Mem:494.73M (Peak 494.73M) | Time:00:00.90 | Mem:0.00M, Peak:0.00M | Scene, ViewLayer | Synchronizing object | Battery box exposed hinge.012
Fra:1 Mem:494.77M (Peak 494.77M) | Time:00:00.90 | Mem:0.00M, Peak:0.00M | Scene, ViewLayer | Synchronizing object | Battery box service panel.006
Fra:1 Mem:494.75M (Peak 494.77M) | Time:00:00.90 | Mem:0.00M, Peak:0.00M | Scene, ViewLayer | Synchronizing object | Primary 33.5mm helical spring group mark.210
Fra:1 Mem:494.75M (Peak 494.77M) | Time:00:00.90 | Mem:0.00M, Peak:0.00M | Scene, ViewLayer | Synchronizing object | Battery box panel captive bolt hex head.011
Fra:1 Mem:494.76M (Peak 494.77M) | Time:00:00.90 | Mem:0.00M, Peak:0.00M | Scene, ViewLayer | Synchronizing object | Primary 33.5mm helical spring group mark.211
Fra:1 Mem:494.76M (Peak 494.77M) | Time:00:00.90 | Mem:0.00M, Peak:0.00M | Scene, ViewLayer | Synchronizing object | Battery box panel captive bolt hex head.010
Fra:1 Mem:494.77M (Peak 494.77M) | Time:00:00.90 | Mem:0.00M, Peak:0.00M | Scene, ViewLayer | Synchronizing object | Primary 33.5mm helical spring group mark.212
Fra:1 Mem:494.77M (Peak 494.77M) | Time:00:00.90 | Mem:0.00M, Peak:0.00M | Scene, ViewLayer | Synchronizing object | Battery box ventilation louver.023
Fra:1 Mem:494.78M (Peak 494.78M) | Time:00:00.90 | Mem:0.00M, Peak:0.00M | Scene, ViewLayer | Synchronizing object | Primary 33.5mm helical spring group mark.213
Fra:1 Mem:494.78M (Peak 494.78M) | Time:00:00.90 | Mem:0.00M, Peak:0.00M | Scene, ViewLayer | Synchronizing object | Battery box ventilation louver.022
Fra:1 Mem:494.79M (Peak 494.79M) | Time:00:00.90 | Mem:0.00M, Peak:0.00M | Scene, ViewLayer | Synchronizing object | Primary 33.5mm helical spring group mark.214
Fra:1 Mem:494.79M (Peak 494.79M) | Time:00:00.90 | Mem:0.00M, Peak:0.00M | Scene, ViewLayer | Synchronizing object | Battery box ventilation louver.021
Fra:1 Mem:494.80M (Peak 494.80M) | Time:00:00.90 | Mem:0.00M, Peak:0.00M | Scene, ViewLayer | Synchronizing object | Primary 33.5mm helical spring group mark.215
Fra:1 Mem:494.80M (Peak 494.80M) | Time:00:00.90 | Mem:0.00M, Peak:0.00M | Scene, ViewLayer | Synchronizing object | Battery box ventilation louver.020
Fra:1 Mem:494.81M (Peak 494.81M) | Time:00:00.90 | Mem:0.00M, Peak:0.00M | Scene, ViewLayer | Synchronizing object | Primary 33.5mm helical spring group mark.216
Fra:1 Mem:494.81M (Peak 494.81M) | Time:00:00.90 | Mem:0.00M, Peak:0.00M | Scene, ViewLayer | Synchronizing object | Battery box turn latch.005
Fra:1 Mem:494.82M (Peak 494.82M) | Time:00:00.90 | Mem:0.00M, Peak:0.00M | Scene, ViewLayer | Synchronizing object | Primary 33.5mm helical spring group mark.217
Fra:1 Mem:494.83M (Peak 494.83M) | Time:00:00.90 | Mem:0.00M, Peak:0.00M | Scene, ViewLayer | Synchronizing object | Primary 33.5mm helical spring group mark.218
Fra:1 Mem:494.83M (Peak 494.83M) | Time:00:00.90 | Mem:0.00M, Peak:0.00M | Scene, ViewLayer | Synchronizing object | Battery box lifting handle.005
Fra:1 Mem:494.83M (Peak 494.83M) | Time:00:00.90 | Mem:0.00M, Peak:0.00M | Scene, ViewLayer | Synchronizing object | Primary 33.5mm helical spring group mark.219
Fra:1 Mem:494.84M (Peak 494.84M) | Time:00:00.90 | Mem:0.00M, Peak:0.00M | Scene, ViewLayer | Synchronizing object | Battery box exposed hinge.011
Fra:1 Mem:494.84M (Peak 494.84M) | Time:00:00.90 | Mem:0.00M, Peak:0.00M | Scene, ViewLayer | Synchronizing object | Primary 33.5mm helical spring group mark.220
Fra:1 Mem:494.85M (Peak 494.85M) | Time:00:00.90 | Mem:0.00M, Peak:0.00M | Scene, ViewLayer | Synchronizing object | Battery box exposed hinge.010
Fra:1 Mem:494.85M (Peak 494.85M) | Time:00:00.90 | Mem:0.00M, Peak:0.00M | Scene, ViewLayer | Synchronizing object | Primary 33.5mm helical spring group mark.221
Fra:1 Mem:494.86M (Peak 494.86M) | Time:00:00.90 | Mem:0.00M, Peak:0.00M | Scene, ViewLayer | Synchronizing object | Primary 33.5mm helical spring group mark.222
Fra:1 Mem:494.86M (Peak 494.86M) | Time:00:00.90 | Mem:0.00M, Peak:0.00M | Scene, ViewLayer | Synchronizing object | Battery box service panel.005
Fra:1 Mem:494.87M (Peak 494.87M) | Time:00:00.90 | Mem:0.00M, Peak:0.00M | Scene, ViewLayer | Synchronizing object | Primary 33.5mm helical spring group mark.223
Fra:1 Mem:494.88M (Peak 494.88M) | Time:00:00.90 | Mem:0.00M, Peak:0.00M | Scene, ViewLayer | Synchronizing object | Battery box panel captive bolt hex head.009
Fra:1 Mem:494.88M (Peak 494.88M) | Time:00:00.90 | Mem:0.00M, Peak:0.00M | Scene, ViewLayer | Synchronizing object | Dashpot oil filling vent screw hex head.015
Fra:1 Mem:494.88M (Peak 494.88M) | Time:00:00.90 | Mem:0.00M, Peak:0.00M | Scene, ViewLayer | Synchronizing object | Battery box panel captive bolt hex head.008
Fra:1 Mem:494.88M (Peak 494.88M) | Time:00:00.90 | Mem:0.00M, Peak:0.00M | Scene, ViewLayer | Synchronizing object | Battery box ventilation louver.019
Fra:1 Mem:494.89M (Peak 494.89M) | Time:00:00.90 | Mem:0.00M, Peak:0.00M | Scene, ViewLayer | Synchronizing object | Dashpot safety U bolt.015
Fra:1 Mem:494.90M (Peak 494.90M) | Time:00:00.90 | Mem:0.00M, Peak:0.00M | Scene, ViewLayer | Synchronizing object | Battery box ventilation louver.018
Fra:1 Mem:494.90M (Peak 494.90M) | Time:00:00.90 | Mem:0.00M, Peak:0.00M | Scene, ViewLayer | Synchronizing object | Axlebox wing strengthening rib.014
Fra:1 Mem:494.91M (Peak 494.91M) | Time:00:00.90 | Mem:0.00M, Peak:0.00M | Scene, ViewLayer | Synchronizing object | Axlebox wing strengthening rib.015
Fra:1 Mem:494.91M (Peak 494.91M) | Time:00:00.90 | Mem:0.00M, Peak:0.00M | Scene, ViewLayer | Synchronizing object | Battery box ventilation louver.017
Fra:1 Mem:494.91M (Peak 494.91M) | Time:00:00.90 | Mem:0.00M, Peak:0.00M | Scene, ViewLayer | Synchronizing object | Brake transverse channel beam.004
Fra:1 Mem:494.92M (Peak 494.92M) | Time:00:00.90 | Mem:0.00M, Peak:0.00M | Scene, ViewLayer | Synchronizing object | Battery box ventilation louver.016
Fra:1 Mem:494.93M (Peak 494.93M) | Time:00:00.90 | Mem:0.00M, Peak:0.00M | Scene, ViewLayer | Synchronizing object | Brake beam tension truss.008
Fra:1 Mem:494.93M (Peak 494.93M) | Time:00:00.90 | Mem:0.00M, Peak:0.00M | Scene, ViewLayer | Synchronizing object | Battery box turn latch.004
Fra:1 Mem:494.94M (Peak 494.94M) | Time:00:00.90 | Mem:0.00M, Peak:0.00M | Scene, ViewLayer | Synchronizing object | Brake beam tension truss.009
Fra:1 Mem:494.95M (Peak 494.95M) | Time:00:00.90 | Mem:0.00M, Peak:0.00M | Scene, ViewLayer | Synchronizing object | Battery box lifting handle.004
Fra:1 Mem:494.95M (Peak 494.95M) | Time:00:00.90 | Mem:0.00M, Peak:0.00M | Scene, ViewLayer | Synchronizing object | Curved K-type composition tread brake block.008
Fra:1 Mem:494.96M (Peak 494.96M) | Time:00:00.90 | Mem:0.00M, Peak:0.00M | Scene, ViewLayer | Synchronizing object | Battery box exposed hinge.009
Fra:1 Mem:494.97M (Peak 494.97M) | Time:00:00.90 | Mem:0.00M, Peak:0.00M | Scene, ViewLayer | Synchronizing object | Brake head cast backplate.008
Fra:1 Mem:494.97M (Peak 494.97M) | Time:00:00.90 | Mem:0.00M, Peak:0.00M | Scene, ViewLayer | Synchronizing object | Battery box exposed hinge.008
Fra:1 Mem:494.98M (Peak 494.98M) | Time:00:00.90 | Mem:0.00M, Peak:0.00M | Scene, ViewLayer | Synchronizing object | Brake head shoe retaining pin pin.008
Fra:1 Mem:494.98M (Peak 494.98M) | Time:00:00.90 | Mem:0.00M, Peak:0.00M | Scene, ViewLayer | Synchronizing object | Battery box service panel.004
Fra:1 Mem:495.00M (Peak 495.00M) | Time:00:00.90 | Mem:0.00M, Peak:0.00M | Scene, ViewLayer | Synchronizing object | Brake head shoe retaining pin retaining washer.016
Fra:1 Mem:495.00M (Peak 495.00M) | Time:00:00.90 | Mem:0.00M, Peak:0.00M | Scene, ViewLayer | Synchronizing object | Battery box enclosure.001
Fra:1 Mem:495.01M (Peak 495.01M) | Time:00:00.90 | Mem:0.00M, Peak:0.00M | Scene, ViewLayer | Synchronizing object | Brake head shoe retaining pin retaining hex head.016
Fra:1 Mem:495.01M (Peak 495.01M) | Time:00:00.90 | Mem:0.00M, Peak:0.00M | Scene, ViewLayer | Synchronizing object | Battery box data plate
Fra:1 Mem:495.02M (Peak 495.02M) | Time:00:00.90 | Mem:0.00M, Peak:0.00M | Scene, ViewLayer | Synchronizing object | Brake head shoe retaining pin retaining washer.017
Fra:1 Mem:495.03M (Peak 495.03M) | Time:00:00.90 | Mem:0.00M, Peak:0.00M | Scene, ViewLayer | Synchronizing object | Battery box lower cradle.001
Fra:1 Mem:495.03M (Peak 495.03M) | Time:00:00.90 | Mem:0.00M, Peak:0.00M | Scene, ViewLayer | Synchronizing object | Brake head shoe retaining pin retaining hex head.017
Fra:1 Mem:495.04M (Peak 495.04M) | Time:00:00.90 | Mem:0.00M, Peak:0.00M | Scene, ViewLayer | Synchronizing object | Brake block suspension hanger strap.008
Fra:1 Mem:495.04M (Peak 495.04M) | Time:00:00.90 | Mem:0.00M, Peak:0.00M | Scene, ViewLayer | Synchronizing object | Battery box hanger channel.001
Fra:1 Mem:495.04M (Peak 495.04M) | Time:00:00.90 | Mem:0.00M, Peak:0.00M | Scene, ViewLayer | Synchronizing object | Brake block suspension hanger eye.016
Fra:1 Mem:495.05M (Peak 495.05M) | Time:00:00.90 | Mem:0.00M, Peak:0.00M | Scene, ViewLayer | Synchronizing object | Battery box lower cradle
Fra:1 Mem:495.06M (Peak 495.06M) | Time:00:00.90 | Mem:0.00M, Peak:0.00M | Scene, ViewLayer | Synchronizing object | Brake block suspension hanger eye.017
Fra:1 Mem:495.06M (Peak 495.06M) | Time:00:00.90 | Mem:0.00M, Peak:0.00M | Scene, ViewLayer | Synchronizing object | Battery box hanger channel
Fra:1 Mem:495.07M (Peak 495.07M) | Time:00:00.90 | Mem:0.00M, Peak:0.00M | Scene, ViewLayer | Synchronizing object | Brake hanger upper pivot pin.008
Fra:1 Mem:495.08M (Peak 495.08M) | Time:00:00.90 | Mem:0.00M, Peak:0.00M | Scene, ViewLayer | Synchronizing object | Battery box panel captive bolt hex head.007
Fra:1 Mem:495.08M (Peak 495.08M) | Time:00:00.90 | Mem:0.00M, Peak:0.00M | Scene, ViewLayer | Synchronizing object | Brake hanger upper pivot retaining washer.016
Fra:1 Mem:495.09M (Peak 495.09M) | Time:00:00.90 | Mem:0.00M, Peak:0.00M | Scene, ViewLayer | Synchronizing object | Battery box panel captive bolt hex head.006
Fra:1 Mem:495.09M (Peak 495.09M) | Time:00:00.90 | Mem:0.00M, Peak:0.00M | Scene, ViewLayer | Synchronizing object | Brake hanger upper pivot retaining hex head.016
Fra:1 Mem:495.09M (Peak 495.09M) | Time:00:00.90 | Mem:0.00M, Peak:0.00M | Scene, ViewLayer | Synchronizing object | Battery box ventilation louver.015
Fra:1 Mem:495.09M (Peak 495.09M) | Time:00:00.90 | Mem:0.00M, Peak:0.00M | Scene, ViewLayer | Synchronizing object | Brake hanger upper pivot retaining washer.017
Fra:1 Mem:495.10M (Peak 495.10M) | Time:00:00.90 | Mem:0.00M, Peak:0.00M | Scene, ViewLayer | Synchronizing object | Battery box ventilation louver.014
Fra:1 Mem:495.11M (Peak 495.11M) | Time:00:00.90 | Mem:0.00M, Peak:0.00M | Scene, ViewLayer | Synchronizing object | Brake hanger upper pivot retaining hex head.017
Fra:1 Mem:495.11M (Peak 495.11M) | Time:00:00.90 | Mem:0.00M, Peak:0.00M | Scene, ViewLayer | Synchronizing object | Brake beam safety wire rope.008
Fra:1 Mem:495.12M (Peak 495.12M) | Time:00:00.90 | Mem:0.00M, Peak:0.00M | Scene, ViewLayer | Synchronizing object | Battery box ventilation louver.013
Fra:1 Mem:495.12M (Peak 495.12M) | Time:00:00.90 | Mem:0.00M, Peak:0.00M | Scene, ViewLayer | Synchronizing object | Curved K-type composition tread brake block.009
Fra:1 Mem:495.13M (Peak 495.13M) | Time:00:00.90 | Mem:0.00M, Peak:0.00M | Scene, ViewLayer | Synchronizing object | Battery box ventilation louver.012
Fra:1 Mem:495.14M (Peak 495.14M) | Time:00:00.90 | Mem:0.00M, Peak:0.00M | Scene, ViewLayer | Synchronizing object | Brake head cast backplate.009
Fra:1 Mem:495.15M (Peak 495.15M) | Time:00:00.90 | Mem:0.00M, Peak:0.00M | Scene, ViewLayer | Synchronizing object | Battery box turn latch.003
Fra:1 Mem:495.16M (Peak 495.16M) | Time:00:00.90 | Mem:0.00M, Peak:0.00M | Scene, ViewLayer | Synchronizing object | Brake head shoe retaining pin pin.009
Fra:1 Mem:495.16M (Peak 495.16M) | Time:00:00.90 | Mem:0.00M, Peak:0.00M | Scene, ViewLayer | Synchronizing object | Battery box lifting handle.003
Fra:1 Mem:495.16M (Peak 495.16M) | Time:00:00.90 | Mem:0.00M, Peak:0.00M | Scene, ViewLayer | Synchronizing object | Brake head shoe retaining pin retaining washer.018
Fra:1 Mem:495.17M (Peak 495.17M) | Time:00:00.90 | Mem:0.00M, Peak:0.00M | Scene, ViewLayer | Synchronizing object | Battery box exposed hinge.007
Fra:1 Mem:495.18M (Peak 495.18M) | Time:00:00.90 | Mem:0.00M, Peak:0.00M | Scene, ViewLayer | Synchronizing object | Brake head shoe retaining pin retaining hex head.018
Fra:1 Mem:495.18M (Peak 495.18M) | Time:00:00.90 | Mem:0.00M, Peak:0.00M | Scene, ViewLayer | Synchronizing object | Brake head shoe retaining pin retaining washer.019
Fra:1 Mem:495.18M (Peak 495.18M) | Time:00:00.90 | Mem:0.00M, Peak:0.00M | Scene, ViewLayer | Synchronizing object | Battery box exposed hinge.006
Fra:1 Mem:495.20M (Peak 495.20M) | Time:00:00.90 | Mem:0.00M, Peak:0.00M | Scene, ViewLayer | Synchronizing object | Brake head shoe retaining pin retaining hex head.019
Fra:1 Mem:495.20M (Peak 495.20M) | Time:00:00.90 | Mem:0.00M, Peak:0.00M | Scene, ViewLayer | Synchronizing object | Battery box service panel.003
Fra:1 Mem:495.21M (Peak 495.21M) | Time:00:00.90 | Mem:0.00M, Peak:0.00M | Scene, ViewLayer | Synchronizing object | Brake block suspension hanger strap.009
Fra:1 Mem:495.21M (Peak 495.21M) | Time:00:00.90 | Mem:0.00M, Peak:0.00M | Scene, ViewLayer | Synchronizing object | Battery box panel captive bolt hex head.005
Fra:1 Mem:495.21M (Peak 495.21M) | Time:00:00.90 | Mem:0.00M, Peak:0.00M | Scene, ViewLayer | Synchronizing object | Brake block suspension hanger eye.018
Fra:1 Mem:495.22M (Peak 495.22M) | Time:00:00.90 | Mem:0.00M, Peak:0.00M | Scene, ViewLayer | Synchronizing object | Battery box panel captive bolt hex head.004
Fra:1 Mem:495.22M (Peak 495.22M) | Time:00:00.90 | Mem:0.00M, Peak:0.00M | Scene, ViewLayer | Synchronizing object | Brake block suspension hanger eye.019
Fra:1 Mem:495.22M (Peak 495.22M) | Time:00:00.90 | Mem:0.00M, Peak:0.00M | Scene, ViewLayer | Synchronizing object | Battery box ventilation louver.011
Fra:1 Mem:495.23M (Peak 495.23M) | Time:00:00.90 | Mem:0.00M, Peak:0.00M | Scene, ViewLayer | Synchronizing object | Brake hanger upper pivot pin.009
Fra:1 Mem:495.23M (Peak 495.23M) | Time:00:00.90 | Mem:0.00M, Peak:0.00M | Scene, ViewLayer | Synchronizing object | Battery box ventilation louver.010
Fra:1 Mem:495.24M (Peak 495.24M) | Time:00:00.90 | Mem:0.00M, Peak:0.00M | Scene, ViewLayer | Synchronizing object | Brake hanger upper pivot retaining washer.018
Fra:1 Mem:495.25M (Peak 495.25M) | Time:00:00.90 | Mem:0.00M, Peak:0.00M | Scene, ViewLayer | Synchronizing object | Battery box ventilation louver.009
Fra:1 Mem:495.26M (Peak 495.26M) | Time:00:00.90 | Mem:0.00M, Peak:0.00M | Scene, ViewLayer | Synchronizing object | Brake hanger upper pivot retaining hex head.018
Fra:1 Mem:495.26M (Peak 495.26M) | Time:00:00.90 | Mem:0.00M, Peak:0.00M | Scene, ViewLayer | Synchronizing object | Battery box ventilation louver.008
Fra:1 Mem:495.26M (Peak 495.26M) | Time:00:00.90 | Mem:0.00M, Peak:0.00M | Scene, ViewLayer | Synchronizing object | Brake hanger upper pivot retaining washer.019
Fra:1 Mem:495.28M (Peak 495.28M) | Time:00:00.90 | Mem:0.00M, Peak:0.00M | Scene, ViewLayer | Synchronizing object | Brake hanger upper pivot retaining hex head.019
Fra:1 Mem:495.28M (Peak 495.28M) | Time:00:00.90 | Mem:0.00M, Peak:0.00M | Scene, ViewLayer | Synchronizing object | Battery box turn latch.002
Fra:1 Mem:495.29M (Peak 495.29M) | Time:00:00.90 | Mem:0.00M, Peak:0.00M | Scene, ViewLayer | Synchronizing object | Brake beam safety wire rope.009
Fra:1 Mem:495.29M (Peak 495.29M) | Time:00:00.90 | Mem:0.00M, Peak:0.00M | Scene, ViewLayer | Synchronizing object | Battery box lifting handle.002
Fra:1 Mem:495.29M (Peak 495.29M) | Time:00:00.90 | Mem:0.00M, Peak:0.00M | Scene, ViewLayer | Synchronizing object | Brake transverse channel beam.005
Fra:1 Mem:495.30M (Peak 495.30M) | Time:00:00.90 | Mem:0.00M, Peak:0.00M | Scene, ViewLayer | Synchronizing object | Battery box exposed hinge.005
Fra:1 Mem:495.31M (Peak 495.31M) | Time:00:00.90 | Mem:0.00M, Peak:0.00M | Scene, ViewLayer | Synchronizing object | Brake beam tension truss.010
Fra:1 Mem:495.31M (Peak 495.31M) | Time:00:00.90 | Mem:0.00M, Peak:0.00M | Scene, ViewLayer | Synchronizing object | Battery box exposed hinge.004
Fra:1 Mem:495.32M (Peak 495.32M) | Time:00:00.90 | Mem:0.00M, Peak:0.00M | Scene, ViewLayer | Synchronizing object | Brake beam tension truss.011
Fra:1 Mem:495.33M (Peak 495.33M) | Time:00:00.90 | Mem:0.00M, Peak:0.00M | Scene, ViewLayer | Synchronizing object | Battery box service panel.002
Fra:1 Mem:495.33M (Peak 495.33M) | Time:00:00.90 | Mem:0.00M, Peak:0.00M | Scene, ViewLayer | Synchronizing object | Curved K-type composition tread brake block.010
Fra:1 Mem:495.34M (Peak 495.34M) | Time:00:00.90 | Mem:0.00M, Peak:0.00M | Scene, ViewLayer | Synchronizing object | Battery box panel captive bolt hex head.003
Fra:1 Mem:495.34M (Peak 495.34M) | Time:00:00.90 | Mem:0.00M, Peak:0.00M | Scene, ViewLayer | Synchronizing object | Brake head cast backplate.010
Fra:1 Mem:495.35M (Peak 495.35M) | Time:00:00.90 | Mem:0.00M, Peak:0.00M | Scene, ViewLayer | Synchronizing object | Battery box panel captive bolt hex head.002
Fra:1 Mem:495.36M (Peak 495.36M) | Time:00:00.90 | Mem:0.00M, Peak:0.00M | Scene, ViewLayer | Synchronizing object | Brake head shoe retaining pin pin.010
Fra:1 Mem:495.36M (Peak 495.36M) | Time:00:00.90 | Mem:0.00M, Peak:0.00M | Scene, ViewLayer | Synchronizing object | Battery box ventilation louver.007
Fra:1 Mem:495.37M (Peak 495.37M) | Time:00:00.90 | Mem:0.00M, Peak:0.00M | Scene, ViewLayer | Synchronizing object | Brake head shoe retaining pin retaining washer.020
Fra:1 Mem:495.37M (Peak 495.37M) | Time:00:00.90 | Mem:0.00M, Peak:0.00M | Scene, ViewLayer | Synchronizing object | Battery box ventilation louver.006
Fra:1 Mem:495.38M (Peak 495.38M) | Time:00:00.90 | Mem:0.00M, Peak:0.00M | Scene, ViewLayer | Synchronizing object | Brake head shoe retaining pin retaining hex head.020
Fra:1 Mem:495.38M (Peak 495.38M) | Time:00:00.90 | Mem:0.00M, Peak:0.00M | Scene, ViewLayer | Synchronizing object | Battery box ventilation louver.005
Fra:1 Mem:495.38M (Peak 495.38M) | Time:00:00.90 | Mem:0.00M, Peak:0.00M | Scene, ViewLayer | Synchronizing object | Brake head shoe retaining pin retaining washer.021
Fra:1 Mem:495.40M (Peak 495.40M) | Time:00:00.90 | Mem:0.00M, Peak:0.00M | Scene, ViewLayer | Synchronizing object | Battery box ventilation louver.004
Fra:1 Mem:495.40M (Peak 495.40M) | Time:00:00.90 | Mem:0.00M, Peak:0.00M | Scene, ViewLayer | Synchronizing object | Brake head shoe retaining pin retaining hex head.021
Fra:1 Mem:495.41M (Peak 495.41M) | Time:00:00.90 | Mem:0.00M, Peak:0.00M | Scene, ViewLayer | Synchronizing object | Battery box turn latch.001
Fra:1 Mem:495.41M (Peak 495.41M) | Time:00:00.90 | Mem:0.00M, Peak:0.00M | Scene, ViewLayer | Synchronizing object | Brake block suspension hanger strap.010
Fra:1 Mem:495.42M (Peak 495.42M) | Time:00:00.90 | Mem:0.00M, Peak:0.00M | Scene, ViewLayer | Synchronizing object | Brake block suspension hanger eye.020
Fra:1 Mem:495.42M (Peak 495.42M) | Time:00:00.90 | Mem:0.00M, Peak:0.00M | Scene, ViewLayer | Synchronizing object | Battery box lifting handle.001
Fra:1 Mem:495.43M (Peak 495.43M) | Time:00:00.90 | Mem:0.00M, Peak:0.00M | Scene, ViewLayer | Synchronizing object | Brake block suspension hanger eye.021
Fra:1 Mem:495.43M (Peak 495.43M) | Time:00:00.90 | Mem:0.00M, Peak:0.00M | Scene, ViewLayer | Synchronizing object | Battery box exposed hinge.003
Fra:1 Mem:495.44M (Peak 495.44M) | Time:00:00.90 | Mem:0.00M, Peak:0.00M | Scene, ViewLayer | Synchronizing object | Brake hanger upper pivot pin.010
Fra:1 Mem:495.44M (Peak 495.44M) | Time:00:00.90 | Mem:0.00M, Peak:0.00M | Scene, ViewLayer | Synchronizing object | Battery box exposed hinge.002
Fra:1 Mem:495.45M (Peak 495.45M) | Time:00:00.90 | Mem:0.00M, Peak:0.00M | Scene, ViewLayer | Synchronizing object | Brake hanger upper pivot retaining washer.020
Fra:1 Mem:495.46M (Peak 495.46M) | Time:00:00.90 | Mem:0.00M, Peak:0.00M | Scene, ViewLayer | Synchronizing object | Battery box service panel.001
Fra:1 Mem:495.47M (Peak 495.47M) | Time:00:00.90 | Mem:0.00M, Peak:0.00M | Scene, ViewLayer | Synchronizing object | Brake hanger upper pivot retaining hex head.020
Fra:1 Mem:495.47M (Peak 495.47M) | Time:00:00.90 | Mem:0.00M, Peak:0.00M | Scene, ViewLayer | Synchronizing object | Battery box panel captive bolt hex head.001
Fra:1 Mem:495.47M (Peak 495.47M) | Time:00:00.90 | Mem:0.00M, Peak:0.00M | Scene, ViewLayer | Synchronizing object | Brake hanger upper pivot retaining washer.021
Fra:1 Mem:495.48M (Peak 495.48M) | Time:00:00.90 | Mem:0.00M, Peak:0.00M | Scene, ViewLayer | Synchronizing object | Battery box panel captive bolt hex head
Fra:1 Mem:495.48M (Peak 495.48M) | Time:00:00.90 | Mem:0.00M, Peak:0.00M | Scene, ViewLayer | Synchronizing object | Brake hanger upper pivot retaining hex head.021
Fra:1 Mem:495.48M (Peak 495.48M) | Time:00:00.90 | Mem:0.00M, Peak:0.00M | Scene, ViewLayer | Synchronizing object | Battery box ventilation louver.003
Fra:1 Mem:495.48M (Peak 495.48M) | Time:00:00.90 | Mem:0.00M, Peak:0.00M | Scene, ViewLayer | Synchronizing object | Brake beam safety wire rope.010
Fra:1 Mem:495.49M (Peak 495.49M) | Time:00:00.90 | Mem:0.00M, Peak:0.00M | Scene, ViewLayer | Synchronizing object | Curved K-type composition tread brake block.011
Fra:1 Mem:495.50M (Peak 495.50M) | Time:00:00.90 | Mem:0.00M, Peak:0.00M | Scene, ViewLayer | Synchronizing object | Battery box ventilation louver.002
Fra:1 Mem:495.51M (Peak 495.51M) | Time:00:00.90 | Mem:0.00M, Peak:0.00M | Scene, ViewLayer | Synchronizing object | Brake head cast backplate.011
Fra:1 Mem:495.51M (Peak 495.51M) | Time:00:00.90 | Mem:0.00M, Peak:0.00M | Scene, ViewLayer | Synchronizing object | Battery box ventilation louver.001
Fra:1 Mem:495.53M (Peak 495.53M) | Time:00:00.90 | Mem:0.00M, Peak:0.00M | Scene, ViewLayer | Synchronizing object | Brake head shoe retaining pin pin.011
Fra:1 Mem:495.53M (Peak 495.53M) | Time:00:00.90 | Mem:0.00M, Peak:0.00M | Scene, ViewLayer | Synchronizing object | Battery box ventilation louver
Fra:1 Mem:495.54M (Peak 495.54M) | Time:00:00.90 | Mem:0.00M, Peak:0.00M | Scene, ViewLayer | Synchronizing object | Battery box turn latch
Fra:1 Mem:495.55M (Peak 495.55M) | Time:00:00.90 | Mem:0.00M, Peak:0.00M | Scene, ViewLayer | Synchronizing object | Brake head shoe retaining pin retaining washer.022
Fra:1 Mem:495.55M (Peak 495.55M) | Time:00:00.90 | Mem:0.00M, Peak:0.00M | Scene, ViewLayer | Synchronizing object | Battery box lifting handle
Fra:1 Mem:495.55M (Peak 495.55M) | Time:00:00.90 | Mem:0.00M, Peak:0.00M | Scene, ViewLayer | Synchronizing object | Battery box exposed hinge.001
Fra:1 Mem:495.56M (Peak 495.56M) | Time:00:00.90 | Mem:0.00M, Peak:0.00M | Scene, ViewLayer | Synchronizing object | Battery box exposed hinge
Fra:1 Mem:495.57M (Peak 495.57M) | Time:00:00.90 | Mem:0.00M, Peak:0.00M | Scene, ViewLayer | Synchronizing object | Battery box service panel
Fra:1 Mem:495.58M (Peak 495.58M) | Time:00:00.90 | Mem:0.00M, Peak:0.00M | Scene, ViewLayer | Synchronizing object | Battery box enclosure
Fra:1 Mem:495.59M (Peak 495.59M) | Time:00:00.90 | Mem:0.00M, Peak:0.00M | Scene, ViewLayer | Synchronizing object | Alternator safety chain link.039
Fra:1 Mem:495.60M (Peak 495.60M) | Time:00:00.90 | Mem:0.00M, Peak:0.00M | Scene, ViewLayer | Synchronizing object | Alternator safety chain link.038
Fra:1 Mem:495.61M (Peak 495.61M) | Time:00:00.90 | Mem:0.00M, Peak:0.00M | Scene, ViewLayer | Synchronizing object | Alternator safety chain link.037
Fra:1 Mem:495.62M (Peak 495.62M) | Time:00:00.90 | Mem:0.00M, Peak:0.00M | Scene, ViewLayer | Synchronizing object | Alternator safety chain link.036
Fra:1 Mem:495.64M (Peak 495.64M) | Time:00:00.90 | Mem:0.00M, Peak:0.00M | Scene, ViewLayer | Synchronizing object | Alternator safety chain link.035
Fra:1 Mem:495.65M (Peak 495.65M) | Time:00:00.90 | Mem:0.00M, Peak:0.00M | Scene, ViewLayer | Synchronizing object | Alternator safety chain link.034
Fra:1 Mem:495.66M (Peak 495.66M) | Time:00:00.90 | Mem:0.00M, Peak:0.00M | Scene, ViewLayer | Synchronizing object | Alternator safety chain link.033
Fra:1 Mem:495.68M (Peak 495.68M) | Time:00:00.90 | Mem:0.00M, Peak:0.00M | Scene, ViewLayer | Synchronizing object | Brake head shoe retaining pin retaining hex head.022
Fra:1 Mem:495.68M (Peak 495.68M) | Time:00:00.90 | Mem:0.00M, Peak:0.00M | Scene, ViewLayer | Synchronizing object | Alternator safety chain link.032
Fra:1 Mem:495.69M (Peak 495.69M) | Time:00:00.90 | Mem:0.00M, Peak:0.00M | Scene, ViewLayer | Synchronizing object | Brake head shoe retaining pin retaining washer.023
Fra:1 Mem:495.69M (Peak 495.69M) | Time:00:00.90 | Mem:0.00M, Peak:0.00M | Scene, ViewLayer | Synchronizing object | Alternator safety chain link.031
Fra:1 Mem:495.70M (Peak 495.70M) | Time:00:00.90 | Mem:0.00M, Peak:0.00M | Scene, ViewLayer | Synchronizing object | Brake head shoe retaining pin retaining hex head.023
Fra:1 Mem:495.71M (Peak 495.71M) | Time:00:00.90 | Mem:0.00M, Peak:0.00M | Scene, ViewLayer | Synchronizing object | Brake block suspension hanger strap.011
Fra:1 Mem:495.71M (Peak 495.71M) | Time:00:00.90 | Mem:0.00M, Peak:0.00M | Scene, ViewLayer | Synchronizing object | Alternator safety chain link.030
Fra:1 Mem:495.72M (Peak 495.72M) | Time:00:00.90 | Mem:0.00M, Peak:0.00M | Scene, ViewLayer | Synchronizing object | Brake block suspension hanger eye.022
Fra:1 Mem:495.73M (Peak 495.73M) | Time:00:00.90 | Mem:0.00M, Peak:0.00M | Scene, ViewLayer | Synchronizing object | Alternator safety chain link.029
Fra:1 Mem:495.73M (Peak 495.73M) | Time:00:00.90 | Mem:0.00M, Peak:0.00M | Scene, ViewLayer | Synchronizing object | Brake block suspension hanger eye.023
Fra:1 Mem:495.75M (Peak 495.75M) | Time:00:00.90 | Mem:0.00M, Peak:0.00M | Scene, ViewLayer | Synchronizing object | Brake hanger upper pivot pin.011
Fra:1 Mem:495.75M (Peak 495.75M) | Time:00:00.90 | Mem:0.00M, Peak:0.00M | Scene, ViewLayer | Synchronizing object | Alternator safety chain link.028
Fra:1 Mem:495.76M (Peak 495.76M) | Time:00:00.90 | Mem:0.00M, Peak:0.00M | Scene, ViewLayer | Synchronizing object | Brake hanger upper pivot retaining washer.022
Fra:1 Mem:495.76M (Peak 495.76M) | Time:00:00.90 | Mem:0.00M, Peak:0.00M | Scene, ViewLayer | Synchronizing object | Alternator safety chain link.027
Fra:1 Mem:495.78M (Peak 495.78M) | Time:00:00.90 | Mem:0.00M, Peak:0.00M | Scene, ViewLayer | Synchronizing object | Brake hanger upper pivot retaining hex head.022
Fra:1 Mem:495.78M (Peak 495.78M) | Time:00:00.90 | Mem:0.00M, Peak:0.00M | Scene, ViewLayer | Synchronizing object | Brake hanger upper pivot retaining washer.023
Fra:1 Mem:495.79M (Peak 495.79M) | Time:00:00.90 | Mem:0.00M, Peak:0.00M | Scene, ViewLayer | Synchronizing object | Alternator safety chain link.026
Fra:1 Mem:495.80M (Peak 495.80M) | Time:00:00.90 | Mem:0.00M, Peak:0.00M | Scene, ViewLayer | Synchronizing object | Brake hanger upper pivot retaining hex head.023
Fra:1 Mem:495.80M (Peak 495.80M) | Time:00:00.90 | Mem:0.00M, Peak:0.00M | Scene, ViewLayer | Synchronizing object | Alternator safety chain link.025
Fra:1 Mem:495.81M (Peak 495.81M) | Time:00:00.90 | Mem:0.00M, Peak:0.00M | Scene, ViewLayer | Synchronizing object | Brake beam safety wire rope.011
Fra:1 Mem:495.82M (Peak 495.82M) | Time:00:00.90 | Mem:0.00M, Peak:0.00M | Scene, ViewLayer | Synchronizing object | Alternator safety chain link.024
Fra:1 Mem:495.82M (Peak 495.82M) | Time:00:00.90 | Mem:0.00M, Peak:0.00M | Scene, ViewLayer | Synchronizing object | Brake transverse channel beam.006
Fra:1 Mem:495.84M (Peak 495.84M) | Time:00:00.90 | Mem:0.00M, Peak:0.00M | Scene, ViewLayer | Synchronizing object | Brake beam tension truss.012
Fra:1 Mem:495.84M (Peak 495.84M) | Time:00:00.90 | Mem:0.00M, Peak:0.00M | Scene, ViewLayer | Synchronizing object | Alternator safety chain link.023
Fra:1 Mem:495.84M (Peak 495.84M) | Time:00:00.90 | Mem:0.00M, Peak:0.00M | Scene, ViewLayer | Synchronizing object | Brake beam tension truss.013
Fra:1 Mem:495.86M (Peak 495.86M) | Time:00:00.90 | Mem:0.00M, Peak:0.00M | Scene, ViewLayer | Synchronizing object | Curved K-type composition tread brake block.012
Fra:1 Mem:495.86M (Peak 495.86M) | Time:00:00.90 | Mem:0.00M, Peak:0.00M | Scene, ViewLayer | Synchronizing object | Alternator safety chain link.022
Fra:1 Mem:495.88M (Peak 495.88M) | Time:00:00.90 | Mem:0.00M, Peak:0.00M | Scene, ViewLayer | Synchronizing object | Brake head cast backplate.012
Fra:1 Mem:495.88M (Peak 495.88M) | Time:00:00.90 | Mem:0.00M, Peak:0.00M | Scene, ViewLayer | Synchronizing object | Alternator safety chain link.021
Fra:1 Mem:495.90M (Peak 495.90M) | Time:00:00.90 | Mem:0.00M, Peak:0.00M | Scene, ViewLayer | Synchronizing object | Brake head shoe retaining pin pin.012
Fra:1 Mem:495.90M (Peak 495.90M) | Time:00:00.90 | Mem:0.00M, Peak:0.00M | Scene, ViewLayer | Synchronizing object | Alternator safety chain link.020
Fra:1 Mem:495.91M (Peak 495.91M) | Time:00:00.90 | Mem:0.00M, Peak:0.00M | Scene, ViewLayer | Synchronizing object | Brake head shoe retaining pin retaining washer.024
Fra:1 Mem:495.92M (Peak 495.92M) | Time:00:00.90 | Mem:0.00M, Peak:0.00M | Scene, ViewLayer | Synchronizing object | Alternator tension bracket vertical support.001
Fra:1 Mem:495.92M (Peak 495.92M) | Time:00:00.90 | Mem:0.00M, Peak:0.00M | Scene, ViewLayer | Synchronizing object | Brake head shoe retaining pin retaining hex head.024
Fra:1 Mem:495.93M (Peak 495.93M) | Time:00:00.90 | Mem:0.00M, Peak:0.00M | Scene, ViewLayer | Synchronizing object | Brake head shoe retaining pin retaining washer.025
Fra:1 Mem:495.95M (Peak 495.95M) | Time:00:00.90 | Mem:0.00M, Peak:0.00M | Scene, ViewLayer | Synchronizing object | Alternator tension rod clevis.001
Fra:1 Mem:495.94M (Peak 495.95M) | Time:00:00.90 | Mem:0.00M, Peak:0.00M | Scene, ViewLayer | Synchronizing object | Brake head shoe retaining pin retaining hex head.025
Fra:1 Mem:495.95M (Peak 495.95M) | Time:00:00.90 | Mem:0.00M, Peak:0.00M | Scene, ViewLayer | Synchronizing object | Alternator spring tension screw.001
Fra:1 Mem:495.95M (Peak 495.95M) | Time:00:00.90 | Mem:0.00M, Peak:0.00M | Scene, ViewLayer | Synchronizing object | Brake block suspension hanger strap.012
Fra:1 Mem:495.95M (Peak 495.95M) | Time:00:00.90 | Mem:0.00M, Peak:0.00M | Scene, ViewLayer | Synchronizing object | Brake block suspension hanger eye.024
Fra:1 Mem:495.97M (Peak 495.97M) | Time:00:00.90 | Mem:0.00M, Peak:0.00M | Scene, ViewLayer | Synchronizing object | Split axle pulley fixing hex head.023
Fra:1 Mem:495.96M (Peak 495.97M) | Time:00:00.90 | Mem:0.00M, Peak:0.00M | Scene, ViewLayer | Synchronizing object | Brake block suspension hanger eye.025
Fra:1 Mem:495.96M (Peak 495.97M) | Time:00:00.90 | Mem:0.00M, Peak:0.00M | Scene, ViewLayer | Synchronizing object | Split axle pulley fixing hex head.022
Fra:1 Mem:495.97M (Peak 495.97M) | Time:00:00.90 | Mem:0.00M, Peak:0.00M | Scene, ViewLayer | Synchronizing object | Brake hanger upper pivot pin.012
Fra:1 Mem:495.97M (Peak 495.97M) | Time:00:00.90 | Mem:0.00M, Peak:0.00M | Scene, ViewLayer | Synchronizing object | Split axle pulley fixing hex head.021
Fra:1 Mem:495.97M (Peak 495.97M) | Time:00:00.90 | Mem:0.00M, Peak:0.00M | Scene, ViewLayer | Synchronizing object | Brake hanger upper pivot retaining washer.024
Fra:1 Mem:495.99M (Peak 495.99M) | Time:00:00.90 | Mem:0.00M, Peak:0.00M | Scene, ViewLayer | Synchronizing object | Split axle pulley fixing hex head.020
Fra:1 Mem:495.98M (Peak 495.99M) | Time:00:00.90 | Mem:0.00M, Peak:0.00M | Scene, ViewLayer | Synchronizing object | Brake hanger upper pivot retaining hex head.024
Fra:1 Mem:495.98M (Peak 495.99M) | Time:00:00.90 | Mem:0.00M, Peak:0.00M | Scene, ViewLayer | Synchronizing object | Split axle pulley fixing hex head.019
Fra:1 Mem:495.98M (Peak 495.99M) | Time:00:00.90 | Mem:0.00M, Peak:0.00M | Scene, ViewLayer | Synchronizing object | Brake hanger upper pivot retaining washer.025
Fra:1 Mem:495.99M (Peak 495.99M) | Time:00:00.90 | Mem:0.00M, Peak:0.00M | Scene, ViewLayer | Synchronizing object | Split axle pulley fixing hex head.018
Fra:1 Mem:495.99M (Peak 495.99M) | Time:00:00.90 | Mem:0.00M, Peak:0.00M | Scene, ViewLayer | Synchronizing object | Brake hanger upper pivot retaining hex head.025
Fra:1 Mem:495.99M (Peak 495.99M) | Time:00:00.90 | Mem:0.00M, Peak:0.00M | Scene, ViewLayer | Synchronizing object | Matched alternator V belt 06.003
Fra:1 Mem:496.01M (Peak 496.01M) | Time:00:00.90 | Mem:0.00M, Peak:0.00M | Scene, ViewLayer | Synchronizing object | Brake beam safety wire rope.012
Fra:1 Mem:496.02M (Peak 496.02M) | Time:00:00.90 | Mem:0.00M, Peak:0.00M | Scene, ViewLayer | Synchronizing object | Curved K-type composition tread brake block.013
Fra:1 Mem:496.03M (Peak 496.03M) | Time:00:00.90 | Mem:0.00M, Peak:0.00M | Scene, ViewLayer | Synchronizing object | Matched alternator V belt 05.003
Fra:1 Mem:496.04M (Peak 496.04M) | Time:00:00.90 | Mem:0.00M, Peak:0.00M | Scene, ViewLayer | Synchronizing object | Brake head cast backplate.013
Fra:1 Mem:496.06M (Peak 496.06M) | Time:00:00.90 | Mem:0.00M, Peak:0.00M | Scene, ViewLayer | Synchronizing object | Brake head shoe retaining pin pin.013
Fra:1 Mem:496.08M (Peak 496.08M) | Time:00:00.90 | Mem:0.00M, Peak:0.00M | Scene, ViewLayer | Synchronizing object | Matched alternator V belt 04.003
Fra:1 Mem:496.08M (Peak 496.08M) | Time:00:00.90 | Mem:0.00M, Peak:0.00M | Scene, ViewLayer | Synchronizing object | Brake head shoe retaining pin retaining washer.026
Fra:1 Mem:496.10M (Peak 496.10M) | Time:00:00.90 | Mem:0.00M, Peak:0.00M | Scene, ViewLayer | Synchronizing object | Brake head shoe retaining pin retaining hex head.026
Fra:1 Mem:496.10M (Peak 496.10M) | Time:00:00.90 | Mem:0.00M, Peak:0.00M | Scene, ViewLayer | Synchronizing object | Matched alternator V belt 03.003
Fra:1 Mem:496.11M (Peak 496.11M) | Time:00:00.90 | Mem:0.00M, Peak:0.00M | Scene, ViewLayer | Synchronizing object | Brake head shoe retaining pin retaining washer.027
Fra:1 Mem:496.13M (Peak 496.13M) | Time:00:00.90 | Mem:0.00M, Peak:0.00M | Scene, ViewLayer | Synchronizing object | Brake head shoe retaining pin retaining hex head.027
Fra:1 Mem:496.13M (Peak 496.13M) | Time:00:00.90 | Mem:0.00M, Peak:0.00M | Scene, ViewLayer | Synchronizing object | Brake block suspension hanger strap.013
Fra:1 Mem:496.13M (Peak 496.13M) | Time:00:00.90 | Mem:0.00M, Peak:0.00M | Scene, ViewLayer | Synchronizing object | Matched alternator V belt 02.003
Fra:1 Mem:496.13M (Peak 496.13M) | Time:00:00.90 | Mem:0.00M, Peak:0.00M | Scene, ViewLayer | Synchronizing object | Brake block suspension hanger eye.026
Fra:1 Mem:496.16M (Peak 496.16M) | Time:00:00.90 | Mem:0.00M, Peak:0.00M | Scene, ViewLayer | Synchronizing object | Brake block suspension hanger eye.027
Fra:1 Mem:496.17M (Peak 496.17M) | Time:00:00.90 | Mem:0.00M, Peak:0.00M | Scene, ViewLayer | Synchronizing object | Matched alternator V belt 01.003
Fra:1 Mem:496.19M (Peak 496.19M) | Time:00:00.90 | Mem:0.00M, Peak:0.00M | Scene, ViewLayer | Synchronizing object | Brake hanger upper pivot pin.013
Fra:1 Mem:496.20M (Peak 496.20M) | Time:00:00.90 | Mem:0.00M, Peak:0.00M | Scene, ViewLayer | Synchronizing object | Alternator V-belt driven pulley.003
Fra:1 Mem:496.23M (Peak 496.23M) | Time:00:00.90 | Mem:0.00M, Peak:0.00M | Scene, ViewLayer | Synchronizing object | Brake hanger upper pivot retaining washer.026
Fra:1 Mem:496.28M (Peak 496.28M) | Time:00:00.90 | Mem:0.00M, Peak:0.00M | Scene, ViewLayer | Synchronizing object | Brake hanger upper pivot retaining hex head.026
Fra:1 Mem:496.32M (Peak 496.32M) | Time:00:00.90 | Mem:0.00M, Peak:0.00M | Scene, ViewLayer | Synchronizing object | Brake hanger upper pivot retaining washer.027
Fra:1 Mem:496.34M (Peak 496.34M) | Time:00:00.90 | Mem:0.00M, Peak:0.00M | Scene, ViewLayer | Synchronizing object | Brake hanger upper pivot retaining hex head.027
Fra:1 Mem:496.37M (Peak 496.37M) | Time:00:00.90 | Mem:0.00M, Peak:0.00M | Scene, ViewLayer | Synchronizing object | Brake beam safety wire rope.013
Fra:1 Mem:496.38M (Peak 496.38M) | Time:00:00.90 | Mem:0.00M, Peak:0.00M | Scene, ViewLayer | Synchronizing object | Brake transverse channel beam.007
Fra:1 Mem:496.39M (Peak 496.39M) | Time:00:00.90 | Mem:0.00M, Peak:0.00M | Scene, ViewLayer | Synchronizing object | Brake beam tension truss.014
Fra:1 Mem:496.40M (Peak 496.40M) | Time:00:00.90 | Mem:0.00M, Peak:0.00M | Scene, ViewLayer | Synchronizing object | Brake beam tension truss.015
Fra:1 Mem:496.40M (Peak 496.40M) | Time:00:00.90 | Mem:0.00M, Peak:0.00M | Scene, ViewLayer | Synchronizing object | Curved K-type composition tread brake block.014
Fra:1 Mem:496.41M (Peak 496.41M) | Time:00:00.90 | Mem:0.00M, Peak:0.00M | Scene, ViewLayer | Synchronizing object | Brake head cast backplate.014
Fra:1 Mem:496.42M (Peak 496.42M) | Time:00:00.90 | Mem:0.00M, Peak:0.00M | Scene, ViewLayer | Synchronizing object | Brake head shoe retaining pin pin.014
Fra:1 Mem:496.44M (Peak 496.44M) | Time:00:00.90 | Mem:0.00M, Peak:0.00M | Scene, ViewLayer | Synchronizing object | Brake head shoe retaining pin retaining washer.028
Fra:1 Mem:496.46M (Peak 496.46M) | Time:00:00.90 | Mem:0.00M, Peak:0.00M | Scene, ViewLayer | Synchronizing object | Brake head shoe retaining pin retaining hex head.028
Fra:1 Mem:496.48M (Peak 496.48M) | Time:00:00.90 | Mem:0.00M, Peak:0.00M | Scene, ViewLayer | Synchronizing object | Brake head shoe retaining pin retaining washer.029
Fra:1 Mem:496.47M (Peak 496.48M) | Time:00:00.90 | Mem:0.00M, Peak:0.00M | Scene, ViewLayer | Synchronizing object | Split axle V-belt drive pulley.003
Fra:1 Mem:496.47M (Peak 496.48M) | Time:00:00.90 | Mem:0.00M, Peak:0.00M | Scene, ViewLayer | Synchronizing object | Brake head shoe retaining pin retaining hex head.029
Fra:1 Mem:496.47M (Peak 496.48M) | Time:00:00.90 | Mem:0.00M, Peak:0.00M | Scene, ViewLayer | Synchronizing object | Brake block suspension hanger strap.014
Fra:1 Mem:496.47M (Peak 496.48M) | Time:00:00.90 | Mem:0.00M, Peak:0.00M | Scene, ViewLayer | Synchronizing object | Brake block suspension hanger eye.028
Fra:1 Mem:496.48M (Peak 496.48M) | Time:00:00.90 | Mem:0.00M, Peak:0.00M | Scene, ViewLayer | Synchronizing object | Brake block suspension hanger eye.029
Fra:1 Mem:496.48M (Peak 496.48M) | Time:00:00.90 | Mem:0.00M, Peak:0.00M | Scene, ViewLayer | Synchronizing object | Brake hanger upper pivot pin.014
Fra:1 Mem:496.49M (Peak 496.49M) | Time:00:00.90 | Mem:0.00M, Peak:0.00M | Scene, ViewLayer | Synchronizing object | Brake hanger upper pivot retaining washer.028
Fra:1 Mem:496.49M (Peak 496.49M) | Time:00:00.90 | Mem:0.00M, Peak:0.00M | Scene, ViewLayer | Synchronizing object | Brake hanger upper pivot retaining hex head.028
Fra:1 Mem:496.49M (Peak 496.49M) | Time:00:00.90 | Mem:0.00M, Peak:0.00M | Scene, ViewLayer | Synchronizing object | Brake hanger upper pivot retaining washer.029
Fra:1 Mem:496.50M (Peak 496.50M) | Time:00:00.90 | Mem:0.00M, Peak:0.00M | Scene, ViewLayer | Synchronizing object | Brake hanger upper pivot retaining hex head.029
Fra:1 Mem:496.50M (Peak 496.50M) | Time:00:00.90 | Mem:0.00M, Peak:0.00M | Scene, ViewLayer | Synchronizing object | Brake beam safety wire rope.014
Fra:1 Mem:496.54M (Peak 496.54M) | Time:00:00.90 | Mem:0.00M, Peak:0.00M | Scene, ViewLayer | Synchronizing object | Curved K-type composition tread brake block.015
Fra:1 Mem:496.54M (Peak 496.54M) | Time:00:00.90 | Mem:0.00M, Peak:0.00M | Scene, ViewLayer | Synchronizing object | Brake head cast backplate.015
Fra:1 Mem:496.55M (Peak 496.55M) | Time:00:00.90 | Mem:0.00M, Peak:0.00M | Scene, ViewLayer | Synchronizing object | Brake head shoe retaining pin pin.015
Fra:1 Mem:496.56M (Peak 496.56M) | Time:00:00.90 | Mem:0.00M, Peak:0.00M | Scene, ViewLayer | Synchronizing object | Brake head shoe retaining pin retaining washer.030
Fra:1 Mem:496.56M (Peak 496.56M) | Time:00:00.90 | Mem:0.00M, Peak:0.00M | Scene, ViewLayer | Synchronizing object | Brake head shoe retaining pin retaining hex head.030
Fra:1 Mem:496.56M (Peak 496.56M) | Time:00:00.90 | Mem:0.00M, Peak:0.00M | Scene, ViewLayer | Synchronizing object | Brake head shoe retaining pin retaining washer.031
Fra:1 Mem:496.63M (Peak 496.63M) | Time:00:00.90 | Mem:0.00M, Peak:0.00M | Scene, ViewLayer | Synchronizing object | Brake head shoe retaining pin retaining hex head.031
Fra:1 Mem:496.66M (Peak 496.66M) | Time:00:00.90 | Mem:0.00M, Peak:0.00M | Scene, ViewLayer | Synchronizing object | Brake block suspension hanger strap.015
Fra:1 Mem:496.67M (Peak 496.67M) | Time:00:00.90 | Mem:0.00M, Peak:0.00M | Scene, ViewLayer | Synchronizing object | Brake block suspension hanger eye.030
Fra:1 Mem:496.68M (Peak 496.68M) | Time:00:00.90 | Mem:0.00M, Peak:0.00M | Scene, ViewLayer | Synchronizing object | Brake block suspension hanger eye.031
Fra:1 Mem:496.72M (Peak 496.72M) | Time:00:00.90 | Mem:0.00M, Peak:0.00M | Scene, ViewLayer | Synchronizing object | Brake hanger upper pivot pin.015
Fra:1 Mem:496.72M (Peak 496.72M) | Time:00:00.90 | Mem:0.00M, Peak:0.00M | Scene, ViewLayer | Synchronizing object | Brake hanger upper pivot retaining washer.030
Fra:1 Mem:496.74M (Peak 496.74M) | Time:00:00.90 | Mem:0.00M, Peak:0.00M | Scene, ViewLayer | Synchronizing object | Brake hanger upper pivot retaining hex head.030
Fra:1 Mem:496.74M (Peak 496.74M) | Time:00:00.90 | Mem:0.00M, Peak:0.00M | Scene, ViewLayer | Synchronizing object | Brake hanger upper pivot retaining washer.031
Fra:1 Mem:496.74M (Peak 496.74M) | Time:00:00.90 | Mem:0.00M, Peak:0.00M | Scene, ViewLayer | Synchronizing object | Brake hanger upper pivot retaining hex head.031
Fra:1 Mem:496.75M (Peak 496.75M) | Time:00:00.90 | Mem:0.00M, Peak:0.00M | Scene, ViewLayer | Synchronizing object | Brake beam safety wire rope.015
Fra:1 Mem:496.75M (Peak 496.75M) | Time:00:00.90 | Mem:0.00M, Peak:0.00M | Scene, ViewLayer | Synchronizing object | Bogie mounted 8-inch air brake cylinder.002
Fra:1 Mem:496.78M (Peak 496.78M) | Time:00:00.90 | Mem:0.00M, Peak:0.00M | Scene, ViewLayer | Synchronizing object | Brake cylinder end flange.002
Fra:1 Mem:496.82M (Peak 496.82M) | Time:00:00.90 | Mem:0.00M, Peak:0.00M | Scene, ViewLayer | Synchronizing object | Brake cylinder piston guide.002
Fra:1 Mem:496.83M (Peak 496.83M) | Time:00:00.90 | Mem:0.00M, Peak:0.00M | Scene, ViewLayer | Synchronizing object | Brake cylinder piston rod.002
Fra:1 Mem:496.81M (Peak 496.83M) | Time:00:00.90 | Mem:0.00M, Peak:0.00M | Scene, ViewLayer | Synchronizing object | Split axle pulley fixing hex head.017
Fra:1 Mem:496.81M (Peak 496.83M) | Time:00:00.90 | Mem:0.00M, Peak:0.00M | Scene, ViewLayer | Synchronizing object | Brake cylinder flange hex head.012
Fra:1 Mem:496.81M (Peak 496.83M) | Time:00:00.90 | Mem:0.00M, Peak:0.00M | Scene, ViewLayer | Synchronizing object | Split axle pulley fixing hex head.016
Fra:1 Mem:496.81M (Peak 496.83M) | Time:00:00.90 | Mem:0.00M, Peak:0.00M | Scene, ViewLayer | Synchronizing object | Brake cylinder flange hex head.013
Fra:1 Mem:496.82M (Peak 496.83M) | Time:00:00.90 | Mem:0.00M, Peak:0.00M | Scene, ViewLayer | Synchronizing object | Split axle pulley fixing hex head.015
Fra:1 Mem:496.82M (Peak 496.83M) | Time:00:00.90 | Mem:0.00M, Peak:0.00M | Scene, ViewLayer | Synchronizing object | Split axle pulley fixing hex head.014
Fra:1 Mem:496.82M (Peak 496.83M) | Time:00:00.90 | Mem:0.00M, Peak:0.00M | Scene, ViewLayer | Synchronizing object | Brake cylinder flange hex head.014
Fra:1 Mem:496.82M (Peak 496.83M) | Time:00:00.90 | Mem:0.00M, Peak:0.00M | Scene, ViewLayer | Synchronizing object | Split axle pulley fixing hex head.013
Fra:1 Mem:496.83M (Peak 496.83M) | Time:00:00.90 | Mem:0.00M, Peak:0.00M | Scene, ViewLayer | Synchronizing object | Brake cylinder flange hex head.015
Fra:1 Mem:496.83M (Peak 496.83M) | Time:00:00.90 | Mem:0.00M, Peak:0.00M | Scene, ViewLayer | Synchronizing object | Split axle pulley fixing hex head.012
Fra:1 Mem:496.83M (Peak 496.83M) | Time:00:00.90 | Mem:0.00M, Peak:0.00M | Scene, ViewLayer | Synchronizing object | Brake cylinder flange hex head.016
Fra:1 Mem:496.83M (Peak 496.83M) | Time:00:00.90 | Mem:0.00M, Peak:0.00M | Scene, ViewLayer | Synchronizing object | Matched alternator V belt 06.002
Fra:1 Mem:496.84M (Peak 496.84M) | Time:00:00.90 | Mem:0.00M, Peak:0.00M | Scene, ViewLayer | Synchronizing object | Brake cylinder flange hex head.017
Fra:1 Mem:496.86M (Peak 496.86M) | Time:00:00.90 | Mem:0.00M, Peak:0.00M | Scene, ViewLayer | Synchronizing object | Brake cylinder transom support.002
Fra:1 Mem:496.87M (Peak 496.87M) | Time:00:00.90 | Mem:0.00M, Peak:0.00M | Scene, ViewLayer | Synchronizing object | Matched alternator V belt 05.002
Fra:1 Mem:496.87M (Peak 496.87M) | Time:00:00.90 | Mem:0.00M, Peak:0.00M | Scene, ViewLayer | Synchronizing object | Brake cylinder air flex hose.002
Fra:1 Mem:496.89M (Peak 496.89M) | Time:00:00.90 | Mem:0.00M, Peak:0.00M | Scene, ViewLayer | Synchronizing object | Brake live lever strap.004
Fra:1 Mem:496.90M (Peak 496.90M) | Time:00:00.90 | Mem:0.00M, Peak:0.00M | Scene, ViewLayer | Synchronizing object | Brake live lever eye.008
Fra:1 Mem:496.90M (Peak 496.90M) | Time:00:00.90 | Mem:0.00M, Peak:0.00M | Scene, ViewLayer | Synchronizing object | Matched alternator V belt 04.002
Fra:1 Mem:496.92M (Peak 496.92M) | Time:00:00.90 | Mem:0.00M, Peak:0.00M | Scene, ViewLayer | Synchronizing object | Brake live lever eye.009
Fra:1 Mem:496.93M (Peak 496.93M) | Time:00:00.90 | Mem:0.00M, Peak:0.00M | Scene, ViewLayer | Synchronizing object | Brake lever fulcrum pin.004
Fra:1 Mem:496.93M (Peak 496.93M) | Time:00:00.90 | Mem:0.00M, Peak:0.00M | Scene, ViewLayer | Synchronizing object | Matched alternator V belt 03.002
Fra:1 Mem:496.94M (Peak 496.94M) | Time:00:00.90 | Mem:0.00M, Peak:0.00M | Scene, ViewLayer | Synchronizing object | Brake lever fulcrum retaining washer.008
Fra:1 Mem:496.96M (Peak 496.96M) | Time:00:00.90 | Mem:0.00M, Peak:0.00M | Scene, ViewLayer | Synchronizing object | Brake lever fulcrum retaining hex head.008
Fra:1 Mem:496.97M (Peak 496.97M) | Time:00:00.90 | Mem:0.00M, Peak:0.00M | Scene, ViewLayer | Synchronizing object | Matched alternator V belt 02.002
Fra:1 Mem:496.98M (Peak 496.98M) | Time:00:00.90 | Mem:0.00M, Peak:0.00M | Scene, ViewLayer | Synchronizing object | Brake lever fulcrum retaining washer.009
Fra:1 Mem:496.99M (Peak 496.99M) | Time:00:00.90 | Mem:0.00M, Peak:0.00M | Scene, ViewLayer | Synchronizing object | Brake lever fulcrum retaining hex head.009
Fra:1 Mem:497.00M (Peak 497.00M) | Time:00:00.90 | Mem:0.00M, Peak:0.00M | Scene, ViewLayer | Synchronizing object | Matched alternator V belt 01.002
Fra:1 Mem:497.00M (Peak 497.00M) | Time:00:00.90 | Mem:0.00M, Peak:0.00M | Scene, ViewLayer | Synchronizing object | Curved brake pull rod.004
Fra:1 Mem:497.03M (Peak 497.03M) | Time:00:00.90 | Mem:0.00M, Peak:0.00M | Scene, ViewLayer | Synchronizing object | Brake rigging safety cradle.004
Fra:1 Mem:497.03M (Peak 497.03M) | Time:00:00.90 | Mem:0.00M, Peak:0.00M | Scene, ViewLayer | Synchronizing object | Alternator V-belt driven pulley.002
Fra:1 Mem:497.07M (Peak 497.07M) | Time:00:00.90 | Mem:0.00M, Peak:0.00M | Scene, ViewLayer | Synchronizing object | Brake live lever strap.005
Fra:1 Mem:497.07M (Peak 497.07M) | Time:00:00.90 | Mem:0.00M, Peak:0.00M | Scene, ViewLayer | Synchronizing object | Brake live lever eye.010
Fra:1 Mem:497.16M (Peak 497.16M) | Time:00:00.90 | Mem:0.00M, Peak:0.00M | Scene, ViewLayer | Synchronizing object | Brake live lever eye.011
Fra:1 Mem:497.21M (Peak 497.21M) | Time:00:00.90 | Mem:0.00M, Peak:0.00M | Scene, ViewLayer | Synchronizing object | Brake lever fulcrum pin.005
Fra:1 Mem:497.21M (Peak 497.21M) | Time:00:00.90 | Mem:0.00M, Peak:0.00M | Scene, ViewLayer | Synchronizing object | Brake lever fulcrum retaining washer.010
Fra:1 Mem:497.23M (Peak 497.23M) | Time:00:00.90 | Mem:0.00M, Peak:0.00M | Scene, ViewLayer | Synchronizing object | Brake lever fulcrum retaining hex head.010
Fra:1 Mem:497.23M (Peak 497.23M) | Time:00:00.90 | Mem:0.00M, Peak:0.00M | Scene, ViewLayer | Synchronizing object | Brake lever fulcrum retaining washer.011
Fra:1 Mem:497.24M (Peak 497.24M) | Time:00:00.90 | Mem:0.00M, Peak:0.00M | Scene, ViewLayer | Synchronizing object | Brake lever fulcrum retaining hex head.011
Fra:1 Mem:497.24M (Peak 497.24M) | Time:00:00.90 | Mem:0.00M, Peak:0.00M | Scene, ViewLayer | Synchronizing object | Curved brake pull rod.005
Fra:1 Mem:497.24M (Peak 497.24M) | Time:00:00.90 | Mem:0.00M, Peak:0.00M | Scene, ViewLayer | Synchronizing object | Brake rigging safety cradle.005
Fra:1 Mem:497.27M (Peak 497.27M) | Time:00:00.90 | Mem:0.00M, Peak:0.00M | Scene, ViewLayer | Synchronizing object | Brake cross balance spindle.002
Fra:1 Mem:497.28M (Peak 497.28M) | Time:00:00.90 | Mem:0.00M, Peak:0.00M | Scene, ViewLayer | Synchronizing object | Bogie mounted 8-inch air brake cylinder.003
Fra:1 Mem:497.32M (Peak 497.32M) | Time:00:00.90 | Mem:0.00M, Peak:0.00M | Scene, ViewLayer | Synchronizing object | Brake cylinder end flange.003
Fra:1 Mem:497.31M (Peak 497.32M) | Time:00:00.90 | Mem:0.00M, Peak:0.00M | Scene, ViewLayer | Synchronizing object | Split axle V-belt drive pulley.002
Fra:1 Mem:497.34M (Peak 497.34M) | Time:00:00.90 | Mem:0.00M, Peak:0.00M | Scene, ViewLayer | Synchronizing object | Brake cylinder piston guide.003
Fra:1 Mem:497.37M (Peak 497.37M) | Time:00:00.90 | Mem:0.00M, Peak:0.00M | Scene, ViewLayer | Synchronizing object | Brake cylinder piston rod.003
Fra:1 Mem:497.43M (Peak 497.43M) | Time:00:00.90 | Mem:0.00M, Peak:0.00M | Scene, ViewLayer | Synchronizing object | Brake cylinder flange hex head.018
Fra:1 Mem:497.45M (Peak 497.45M) | Time:00:00.90 | Mem:0.00M, Peak:0.00M | Scene, ViewLayer | Synchronizing object | Brake cylinder flange hex head.019
Fra:1 Mem:497.45M (Peak 497.45M) | Time:00:00.90 | Mem:0.00M, Peak:0.00M | Scene, ViewLayer | Synchronizing object | Brake cylinder flange hex head.020
Fra:1 Mem:497.49M (Peak 497.49M) | Time:00:00.90 | Mem:0.00M, Peak:0.00M | Scene, ViewLayer | Synchronizing object | Brake cylinder flange hex head.021
Fra:1 Mem:497.49M (Peak 497.49M) | Time:00:00.90 | Mem:0.00M, Peak:0.00M | Scene, ViewLayer | Synchronizing object | Brake cylinder flange hex head.022
Fra:1 Mem:497.48M (Peak 497.49M) | Time:00:00.90 | Mem:0.00M, Peak:0.00M | Scene, ViewLayer | Synchronizing object | Brake cylinder flange hex head.023
Fra:1 Mem:497.50M (Peak 497.50M) | Time:00:00.90 | Mem:0.00M, Peak:0.00M | Scene, ViewLayer | Synchronizing object | Brake cylinder transom support.003
Fra:1 Mem:497.51M (Peak 497.51M) | Time:00:00.90 | Mem:0.00M, Peak:0.00M | Scene, ViewLayer | Synchronizing object | Brake cylinder air flex hose.003
Fra:1 Mem:497.51M (Peak 497.51M) | Time:00:00.90 | Mem:0.00M, Peak:0.00M | Scene, ViewLayer | Synchronizing object | Brake live lever strap.006
Fra:1 Mem:497.51M (Peak 497.51M) | Time:00:00.90 | Mem:0.00M, Peak:0.00M | Scene, ViewLayer | Synchronizing object | Brake live lever eye.012
Fra:1 Mem:497.52M (Peak 497.52M) | Time:00:00.90 | Mem:0.00M, Peak:0.00M | Scene, ViewLayer | Synchronizing object | Brake live lever eye.013
Fra:1 Mem:497.55M (Peak 497.55M) | Time:00:00.90 | Mem:0.00M, Peak:0.00M | Scene, ViewLayer | Synchronizing object | Brake lever fulcrum pin.006
Fra:1 Mem:497.56M (Peak 497.56M) | Time:00:00.90 | Mem:0.00M, Peak:0.00M | Scene, ViewLayer | Synchronizing object | Brake lever fulcrum retaining washer.012
Fra:1 Mem:497.57M (Peak 497.57M) | Time:00:00.90 | Mem:0.00M, Peak:0.00M | Scene, ViewLayer | Synchronizing object | Alternator suspension pin retaining hex head.007
Fra:1 Mem:497.57M (Peak 497.57M) | Time:00:00.90 | Mem:0.00M, Peak:0.00M | Scene, ViewLayer | Synchronizing object | Brake lever fulcrum retaining hex head.012
Fra:1 Mem:497.57M (Peak 497.57M) | Time:00:00.90 | Mem:0.00M, Peak:0.00M | Scene, ViewLayer | Synchronizing object | Alternator suspension pin retaining washer.007
Fra:1 Mem:497.57M (Peak 497.57M) | Time:00:00.90 | Mem:0.00M, Peak:0.00M | Scene, ViewLayer | Synchronizing object | Brake lever fulcrum retaining washer.013
Fra:1 Mem:497.58M (Peak 497.58M) | Time:00:00.90 | Mem:0.00M, Peak:0.00M | Scene, ViewLayer | Synchronizing object | Alternator suspension pin retaining hex head.006
Fra:1 Mem:497.58M (Peak 497.58M) | Time:00:00.90 | Mem:0.00M, Peak:0.00M | Scene, ViewLayer | Synchronizing object | Brake lever fulcrum retaining hex head.013
Fra:1 Mem:497.59M (Peak 497.59M) | Time:00:00.90 | Mem:0.00M, Peak:0.00M | Scene, ViewLayer | Synchronizing object | Alternator suspension pin retaining washer.006
Fra:1 Mem:497.59M (Peak 497.59M) | Time:00:00.90 | Mem:0.00M, Peak:0.00M | Scene, ViewLayer | Synchronizing object | Curved brake pull rod.006
Fra:1 Mem:497.60M (Peak 497.60M) | Time:00:00.90 | Mem:0.00M, Peak:0.00M | Scene, ViewLayer | Synchronizing object | Alternator suspension pin pin.003
Fra:1 Mem:497.60M (Peak 497.60M) | Time:00:00.90 | Mem:0.00M, Peak:0.00M | Scene, ViewLayer | Synchronizing object | Brake rigging safety cradle.006
Fra:1 Mem:497.61M (Peak 497.61M) | Time:00:00.90 | Mem:0.00M, Peak:0.00M | Scene, ViewLayer | Synchronizing object | Alternator suspension arm eye.007
Fra:1 Mem:497.61M (Peak 497.61M) | Time:00:00.90 | Mem:0.00M, Peak:0.00M | Scene, ViewLayer | Synchronizing object | Brake live lever strap.007
Fra:1 Mem:497.62M (Peak 497.62M) | Time:00:00.90 | Mem:0.00M, Peak:0.00M | Scene, ViewLayer | Synchronizing object | Alternator suspension arm eye.006
Fra:1 Mem:497.62M (Peak 497.62M) | Time:00:00.90 | Mem:0.00M, Peak:0.00M | Scene, ViewLayer | Synchronizing object | Brake live lever eye.014
Fra:1 Mem:497.63M (Peak 497.63M) | Time:00:00.90 | Mem:0.00M, Peak:0.00M | Scene, ViewLayer | Synchronizing object | Alternator suspension arm strap.003
Fra:1 Mem:497.63M (Peak 497.63M) | Time:00:00.90 | Mem:0.00M, Peak:0.00M | Scene, ViewLayer | Synchronizing object | Brake live lever eye.015
Fra:1 Mem:497.63M (Peak 497.63M) | Time:00:00.90 | Mem:0.00M, Peak:0.00M | Scene, ViewLayer | Synchronizing object | Alternator suspension pin retaining hex head.005
Fra:1 Mem:497.63M (Peak 497.63M) | Time:00:00.90 | Mem:0.00M, Peak:0.00M | Scene, ViewLayer | Synchronizing object | Brake lever fulcrum pin.007
Fra:1 Mem:497.64M (Peak 497.64M) | Time:00:00.90 | Mem:0.00M, Peak:0.00M | Scene, ViewLayer | Synchronizing object | Alternator suspension pin retaining washer.005
Fra:1 Mem:497.64M (Peak 497.64M) | Time:00:00.90 | Mem:0.00M, Peak:0.00M | Scene, ViewLayer | Synchronizing object | Brake lever fulcrum retaining washer.014
Fra:1 Mem:497.65M (Peak 497.65M) | Time:00:00.90 | Mem:0.00M, Peak:0.00M | Scene, ViewLayer | Synchronizing object | Alternator suspension pin retaining hex head.004
Fra:1 Mem:497.65M (Peak 497.65M) | Time:00:00.90 | Mem:0.00M, Peak:0.00M | Scene, ViewLayer | Synchronizing object | Brake lever fulcrum retaining hex head.014
Fra:1 Mem:497.67M (Peak 497.67M) | Time:00:00.90 | Mem:0.00M, Peak:0.00M | Scene, ViewLayer | Synchronizing object | Alternator suspension pin retaining washer.004
Fra:1 Mem:497.66M (Peak 497.67M) | Time:00:00.90 | Mem:0.00M, Peak:0.00M | Scene, ViewLayer | Synchronizing object | Brake lever fulcrum retaining washer.015
Fra:1 Mem:497.66M (Peak 497.67M) | Time:00:00.90 | Mem:0.00M, Peak:0.00M | Scene, ViewLayer | Synchronizing object | Alternator suspension pin pin.002
Fra:1 Mem:497.67M (Peak 497.67M) | Time:00:00.90 | Mem:0.00M, Peak:0.00M | Scene, ViewLayer | Synchronizing object | Brake lever fulcrum retaining hex head.015
Fra:1 Mem:497.67M (Peak 497.67M) | Time:00:00.90 | Mem:0.00M, Peak:0.00M | Scene, ViewLayer | Synchronizing object | Alternator suspension arm eye.005
Fra:1 Mem:497.69M (Peak 497.69M) | Time:00:00.90 | Mem:0.00M, Peak:0.00M | Scene, ViewLayer | Synchronizing object | Curved brake pull rod.007
Fra:1 Mem:497.68M (Peak 497.69M) | Time:00:00.90 | Mem:0.00M, Peak:0.00M | Scene, ViewLayer | Synchronizing object | Alternator suspension arm eye.004
Fra:1 Mem:497.68M (Peak 497.69M) | Time:00:00.90 | Mem:0.00M, Peak:0.00M | Scene, ViewLayer | Synchronizing object | Brake rigging safety cradle.007
Fra:1 Mem:497.69M (Peak 497.69M) | Time:00:00.90 | Mem:0.00M, Peak:0.00M | Scene, ViewLayer | Synchronizing object | Alternator suspension arm strap.002
Fra:1 Mem:497.70M (Peak 497.70M) | Time:00:00.90 | Mem:0.00M, Peak:0.00M | Scene, ViewLayer | Synchronizing object | Brake cross balance spindle.003
Fra:1 Mem:497.70M (Peak 497.70M) | Time:00:00.90 | Mem:0.00M, Peak:0.00M | Scene, ViewLayer | Synchronizing object | Alternator suspension crossbar.001
Fra:1 Mem:497.71M (Peak 497.71M) | Time:00:00.90 | Mem:0.00M, Peak:0.00M | Scene, ViewLayer | Synchronizing object | 18kW split-AC self-generating alternator barrel.001
Fra:1 Mem:497.72M (Peak 497.72M) | Time:00:00.90 | Mem:0.00M, Peak:0.00M | Scene, ViewLayer | Synchronizing object | Alternator flexible cable.001
Fra:1 Mem:497.73M (Peak 497.73M) | Time:00:00.90 | Mem:0.00M, Peak:0.00M | Scene, ViewLayer | Synchronizing object | Alternator bolted end shield.002
Fra:1 Mem:497.74M (Peak 497.74M) | Time:00:00.90 | Mem:0.00M, Peak:0.00M | Scene, ViewLayer | Synchronizing object | Alternator field terminal box.001
Fra:1 Mem:497.74M (Peak 497.74M) | Time:00:00.90 | Mem:0.00M, Peak:0.00M | Scene, ViewLayer | Synchronizing object | Alternator end shield hex head.016
Fra:1 Mem:497.75M (Peak 497.75M) | Time:00:00.90 | Mem:0.00M, Peak:0.00M | Scene, ViewLayer | Synchronizing object | Alternator end shield hex head.017
Fra:1 Mem:497.75M (Peak 497.75M) | Time:00:00.90 | Mem:0.00M, Peak:0.00M | Scene, ViewLayer | Synchronizing object | Alternator longitudinal cooling fin.035
Fra:1 Mem:497.75M (Peak 497.75M) | Time:00:00.90 | Mem:0.00M, Peak:0.00M | Scene, ViewLayer | Synchronizing object | Alternator end shield hex head.018
Fra:1 Mem:497.75M (Peak 497.75M) | Time:00:00.90 | Mem:0.00M, Peak:0.00M | Scene, ViewLayer | Synchronizing object | Alternator longitudinal cooling fin.034
Fra:1 Mem:497.75M (Peak 497.75M) | Time:00:00.90 | Mem:0.00M, Peak:0.00M | Scene, ViewLayer | Synchronizing object | Alternator end shield hex head.019
Fra:1 Mem:497.75M (Peak 497.75M) | Time:00:00.90 | Mem:0.00M, Peak:0.00M | Scene, ViewLayer | Synchronizing object | Alternator longitudinal cooling fin.033
Fra:1 Mem:497.76M (Peak 497.76M) | Time:00:00.90 | Mem:0.00M, Peak:0.00M | Scene, ViewLayer | Synchronizing object | Alternator longitudinal cooling fin.032
Fra:1 Mem:497.76M (Peak 497.76M) | Time:00:00.90 | Mem:0.00M, Peak:0.00M | Scene, ViewLayer | Synchronizing object | Alternator end shield hex head.020
Fra:1 Mem:497.76M (Peak 497.76M) | Time:00:00.90 | Mem:0.00M, Peak:0.00M | Scene, ViewLayer | Synchronizing object | Alternator longitudinal cooling fin.031
Fra:1 Mem:497.76M (Peak 497.76M) | Time:00:00.90 | Mem:0.00M, Peak:0.00M | Scene, ViewLayer | Synchronizing object | Alternator longitudinal cooling fin.030
Fra:1 Mem:497.76M (Peak 497.76M) | Time:00:00.90 | Mem:0.00M, Peak:0.00M | Scene, ViewLayer | Synchronizing object | Alternator end shield hex head.021
Fra:1 Mem:497.76M (Peak 497.76M) | Time:00:00.90 | Mem:0.00M, Peak:0.00M | Scene, ViewLayer | Synchronizing object | Alternator longitudinal cooling fin.029
Fra:1 Mem:497.77M (Peak 497.77M) | Time:00:00.90 | Mem:0.00M, Peak:0.00M | Scene, ViewLayer | Synchronizing object | Alternator end shield hex head.022
Fra:1 Mem:497.77M (Peak 497.77M) | Time:00:00.90 | Mem:0.00M, Peak:0.00M | Scene, ViewLayer | Synchronizing object | Alternator longitudinal cooling fin.028
Fra:1 Mem:497.77M (Peak 497.77M) | Time:00:00.90 | Mem:0.00M, Peak:0.00M | Scene, ViewLayer | Synchronizing object | Alternator end shield hex head.023
Fra:1 Mem:497.77M (Peak 497.77M) | Time:00:00.90 | Mem:0.00M, Peak:0.00M | Scene, ViewLayer | Synchronizing object | Alternator longitudinal cooling fin.027
Fra:1 Mem:497.77M (Peak 497.77M) | Time:00:00.90 | Mem:0.00M, Peak:0.00M | Scene, ViewLayer | Synchronizing object | Alternator bolted end shield.003
Fra:1 Mem:497.79M (Peak 497.79M) | Time:00:00.90 | Mem:0.00M, Peak:0.00M | Scene, ViewLayer | Synchronizing object | Alternator longitudinal cooling fin.026
Fra:1 Mem:497.78M (Peak 497.79M) | Time:00:00.90 | Mem:0.00M, Peak:0.00M | Scene, ViewLayer | Synchronizing object | Alternator longitudinal cooling fin.025
Fra:1 Mem:497.79M (Peak 497.79M) | Time:00:00.90 | Mem:0.00M, Peak:0.00M | Scene, ViewLayer | Synchronizing object | Alternator end shield hex head.024
Fra:1 Mem:497.79M (Peak 497.79M) | Time:00:00.90 | Mem:0.00M, Peak:0.00M | Scene, ViewLayer | Synchronizing object | Alternator longitudinal cooling fin.024
Fra:1 Mem:497.79M (Peak 497.79M) | Time:00:00.90 | Mem:0.00M, Peak:0.00M | Scene, ViewLayer | Synchronizing object | Alternator end shield hex head.025
Fra:1 Mem:497.79M (Peak 497.79M) | Time:00:00.90 | Mem:0.00M, Peak:0.00M | Scene, ViewLayer | Synchronizing object | Alternator longitudinal cooling fin.023
Fra:1 Mem:497.79M (Peak 497.79M) | Time:00:00.90 | Mem:0.00M, Peak:0.00M | Scene, ViewLayer | Synchronizing object | Alternator end shield hex head.026
Fra:1 Mem:497.79M (Peak 497.79M) | Time:00:00.90 | Mem:0.00M, Peak:0.00M | Scene, ViewLayer | Synchronizing object | Alternator longitudinal cooling fin.022
Fra:1 Mem:497.80M (Peak 497.80M) | Time:00:00.90 | Mem:0.00M, Peak:0.00M | Scene, ViewLayer | Synchronizing object | Alternator end shield hex head.027
Fra:1 Mem:497.80M (Peak 497.80M) | Time:00:00.90 | Mem:0.00M, Peak:0.00M | Scene, ViewLayer | Synchronizing object | Alternator longitudinal cooling fin.021
Fra:1 Mem:497.80M (Peak 497.80M) | Time:00:00.90 | Mem:0.00M, Peak:0.00M | Scene, ViewLayer | Synchronizing object | Alternator end shield hex head.028
Fra:1 Mem:497.80M (Peak 497.80M) | Time:00:00.90 | Mem:0.00M, Peak:0.00M | Scene, ViewLayer | Synchronizing object | Alternator longitudinal cooling fin.020
Fra:1 Mem:497.80M (Peak 497.80M) | Time:00:00.90 | Mem:0.00M, Peak:0.00M | Scene, ViewLayer | Synchronizing object | Alternator end shield hex head.029
Fra:1 Mem:497.80M (Peak 497.80M) | Time:00:00.90 | Mem:0.00M, Peak:0.00M | Scene, ViewLayer | Synchronizing object | Alternator longitudinal cooling fin.019
Fra:1 Mem:497.81M (Peak 497.81M) | Time:00:00.90 | Mem:0.00M, Peak:0.00M | Scene, ViewLayer | Synchronizing object | Alternator end shield hex head.030
Fra:1 Mem:497.81M (Peak 497.81M) | Time:00:00.90 | Mem:0.00M, Peak:0.00M | Scene, ViewLayer | Synchronizing object | Alternator longitudinal cooling fin.018
Fra:1 Mem:497.81M (Peak 497.81M) | Time:00:00.90 | Mem:0.00M, Peak:0.00M | Scene, ViewLayer | Synchronizing object | Alternator end shield hex head.031
Fra:1 Mem:497.81M (Peak 497.81M) | Time:00:00.90 | Mem:0.00M, Peak:0.00M | Scene, ViewLayer | Initializing
Fra:1 Mem:474.63M (Peak 497.81M) | Time:00:00.93 | Mem:0.00M, Peak:0.00M | Scene, ViewLayer | Updating Images | Loading class_hi_1A.png
Fra:1 Mem:310.87M (Peak 497.81M) | Time:00:01.04 | Mem:0.70M, Peak:0.70M | Scene, ViewLayer | Waiting for render to start
Fra:1 Mem:310.88M (Peak 497.81M) | Time:00:01.04 | Mem:0.70M, Peak:0.70M | Scene, ViewLayer | Loading render kernels (may take a few minutes the first time)
Fra:1 Mem:310.88M (Peak 497.81M) | Time:00:01.04 | Mem:0.70M, Peak:0.70M | Scene, ViewLayer | Updating Scene
Fra:1 Mem:310.88M (Peak 497.81M) | Time:00:01.04 | Mem:0.70M, Peak:0.70M | Scene, ViewLayer | Updating Shaders
Fra:1 Mem:311.00M (Peak 497.81M) | Time:00:01.04 | Mem:0.75M, Peak:0.75M | Scene, ViewLayer | Updating Procedurals
Fra:1 Mem:311.00M (Peak 497.81M) | Time:00:01.04 | Mem:0.75M, Peak:0.75M | Scene, ViewLayer | Updating Background
Fra:1 Mem:311.00M (Peak 497.81M) | Time:00:01.04 | Mem:0.75M, Peak:0.75M | Scene, ViewLayer | Updating Camera
Fra:1 Mem:311.00M (Peak 497.81M) | Time:00:01.04 | Mem:0.75M, Peak:0.75M | Scene, ViewLayer | Updating Meshes Flags
Fra:1 Mem:311.00M (Peak 497.81M) | Time:00:01.04 | Mem:0.75M, Peak:0.75M | Scene, ViewLayer | Updating Objects
Fra:1 Mem:311.00M (Peak 497.81M) | Time:00:01.04 | Mem:0.75M, Peak:0.75M | Scene, ViewLayer | Updating Objects | Copying Transformations to device
Fra:1 Mem:312.40M (Peak 497.81M) | Time:00:01.05 | Mem:2.10M, Peak:2.10M | Scene, ViewLayer | Updating Objects | Applying Static Transformations
Fra:1 Mem:312.40M (Peak 497.81M) | Time:00:01.05 | Mem:2.10M, Peak:2.10M | Scene, ViewLayer | Updating Particle Systems
Fra:1 Mem:312.40M (Peak 497.81M) | Time:00:01.05 | Mem:2.10M, Peak:2.10M | Scene, ViewLayer | Updating Particle Systems | Copying Particles to device
Fra:1 Mem:312.40M (Peak 497.81M) | Time:00:01.05 | Mem:2.10M, Peak:2.10M | Scene, ViewLayer | Updating Meshes
Fra:1 Mem:323.45M (Peak 497.81M) | Time:00:01.08 | Mem:2.10M, Peak:2.10M | Scene, ViewLayer | Updating Mesh | Computing attributes
Fra:1 Mem:329.07M (Peak 497.81M) | Time:00:01.08 | Mem:2.46M, Peak:2.46M | Scene, ViewLayer | Updating Mesh | Copying Attributes to device
Fra:1 Mem:328.17M (Peak 497.81M) | Time:00:01.09 | Mem:6.82M, Peak:6.82M | Scene, ViewLayer | Updating Scene BVH | Building
Fra:1 Mem:328.26M (Peak 497.81M) | Time:00:01.09 | Mem:6.82M, Peak:6.82M | Scene, ViewLayer | Updating Scene BVH | Building BVH
Fra:1 Mem:328.26M (Peak 497.81M) | Time:00:01.09 | Mem:28.93M, Peak:28.93M | Scene, ViewLayer | Updating Scene BVH | Building BVH 0%
Fra:1 Mem:328.26M (Peak 497.81M) | Time:00:01.25 | Mem:52.82M, Peak:74.93M | Scene, ViewLayer | Updating Scene BVH | Copying BVH to device
Fra:1 Mem:328.26M (Peak 497.81M) | Time:00:01.25 | Mem:52.82M, Peak:74.93M | Scene, ViewLayer | Updating Mesh | Computing normals
Fra:1 Mem:353.70M (Peak 497.81M) | Time:00:01.27 | Mem:52.82M, Peak:74.93M | Scene, ViewLayer | Updating Mesh | Copying Mesh to device
Fra:1 Mem:353.70M (Peak 497.81M) | Time:00:01.27 | Mem:78.26M, Peak:78.26M | Scene, ViewLayer | Updating Objects Flags
Fra:1 Mem:353.70M (Peak 497.81M) | Time:00:01.27 | Mem:78.30M, Peak:78.30M | Scene, ViewLayer | Updating Primitive Offsets
Fra:1 Mem:353.72M (Peak 497.81M) | Time:00:01.27 | Mem:78.32M, Peak:78.32M | Scene, ViewLayer | Updating Images
Fra:1 Mem:353.72M (Peak 497.81M) | Time:00:01.27 | Mem:78.32M, Peak:78.32M | Scene, ViewLayer | Updating Camera Volume
Fra:1 Mem:353.72M (Peak 497.81M) | Time:00:01.27 | Mem:78.32M, Peak:78.32M | Scene, ViewLayer | Updating Lookup Tables
Fra:1 Mem:353.72M (Peak 497.81M) | Time:00:01.27 | Mem:78.41M, Peak:78.41M | Scene, ViewLayer | Updating Lights
Fra:1 Mem:353.72M (Peak 497.81M) | Time:00:01.27 | Mem:78.41M, Peak:78.41M | Scene, ViewLayer | Updating Lights | Computing tree
Fra:1 Mem:354.27M (Peak 497.81M) | Time:00:01.28 | Mem:78.95M, Peak:78.95M | Scene, ViewLayer | Updating Integrator
Fra:1 Mem:354.27M (Peak 497.81M) | Time:00:01.28 | Mem:78.95M, Peak:78.95M | Scene, ViewLayer | Updating Film
Fra:1 Mem:354.27M (Peak 497.81M) | Time:00:01.28 | Mem:78.87M, Peak:78.95M | Scene, ViewLayer | Updating Lookup Tables
Fra:1 Mem:354.27M (Peak 497.81M) | Time:00:01.28 | Mem:78.96M, Peak:78.96M | Scene, ViewLayer | Updating Baking
Fra:1 Mem:354.27M (Peak 497.81M) | Time:00:01.28 | Mem:78.96M, Peak:78.96M | Scene, ViewLayer | Updating Device | Writing constant memory
Fra:1 Mem:354.36M (Peak 497.81M) | Time:00:01.28 | Mem:78.96M, Peak:78.96M | Scene, ViewLayer | Sample 0/96
Fra:1 Mem:376.69M (Peak 497.81M) | Time:00:04.31 | Remaining:04:48.65 | Mem:101.28M, Peak:101.28M | Scene, ViewLayer | Sample 1/96
Fra:1 Mem:376.69M (Peak 497.81M) | Time:00:25.77 | Remaining:03:56.79 | Mem:101.28M, Peak:101.28M | Scene, ViewLayer | Sample 9/96
Fra:1 Mem:376.69M (Peak 497.81M) | Time:00:47.71 | Remaining:03:35.78 | Mem:101.28M, Peak:101.28M | Scene, ViewLayer | Sample 17/96
Fra:1 Mem:376.69M (Peak 497.81M) | Time:01:10.26 | Remaining:03:15.90 | Mem:101.28M, Peak:101.28M | Scene, ViewLayer | Sample 25/96
Fra:1 Mem:376.69M (Peak 497.81M) | Time:01:33.11 | Remaining:02:55.32 | Mem:101.28M, Peak:101.28M | Scene, ViewLayer | Sample 33/96
Fra:1 Mem:376.69M (Peak 497.81M) | Time:01:55.99 | Remaining:02:33.88 | Mem:101.28M, Peak:101.28M | Scene, ViewLayer | Sample 41/96
Fra:1 Mem:376.69M (Peak 497.81M) | Time:02:18.03 | Remaining:02:11.17 | Mem:101.28M, Peak:101.28M | Scene, ViewLayer | Sample 49/96
Fra:1 Mem:376.69M (Peak 497.81M) | Time:02:42.64 | Remaining:01:50.40 | Mem:101.28M, Peak:101.28M | Scene, ViewLayer | Sample 57/96
Fra:1 Mem:376.69M (Peak 497.81M) | Time:03:04.84 | Remaining:01:27.54 | Mem:101.28M, Peak:101.28M | Scene, ViewLayer | Sample 65/96
Fra:1 Mem:376.69M (Peak 497.81M) | Time:03:26.48 | Remaining:01:04.65 | Mem:101.28M, Peak:101.28M | Scene, ViewLayer | Sample 73/96
Fra:1 Mem:376.69M (Peak 497.81M) | Time:03:46.04 | Remaining:00:44.95 | Mem:101.28M, Peak:101.28M | Scene, ViewLayer | Sample 80/96
Fra:1 Mem:376.69M (Peak 497.81M) | Time:04:07.52 | Remaining:00:22.38 | Mem:101.28M, Peak:101.28M | Scene, ViewLayer | Sample 88/96
Fra:1 Mem:386.61M (Peak 497.81M) | Time:04:30.09 | Mem:101.28M, Peak:101.28M | Scene, ViewLayer | Sample 96/96
Fra:1 Mem:386.61M (Peak 497.81M) | Time:04:30.09 | Mem:101.28M, Peak:101.28M | Scene, ViewLayer | Finished
Saved: '/workspace/shared/icf-detail/icf_detail_v02/1A/renders/cabin_cutaway_r07.png'
Time: 04:30.46 (Saving: 00:00.32)

RENDER_COMPLETE 1A cabin_cutaway

Blender quit
