Blender 4.3.2
Read blend: "/workspace/shared/icf-detail/icf_detail_v02/GS/ICF_GS_master.blend"
Fra:1 Mem:521.53M (Peak 521.53M) | Time:00:00.86 | Mem:0.00M, Peak:0.00M | Scene, ViewLayer | Synchronizing object | Floor steel undertray
Fra:1 Mem:521.53M (Peak 521.53M) | Time:00:00.86 | Mem:0.00M, Peak:0.00M | Scene, ViewLayer | Synchronizing object | Welded solebar channel
Fra:1 Mem:521.55M (Peak 521.55M) | Time:00:00.86 | Mem:0.00M, Peak:0.00M | Scene, ViewLayer | Synchronizing object | Welded solebar channel.001
Fra:1 Mem:521.55M (Peak 521.55M) | Time:00:00.86 | Mem:0.00M, Peak:0.00M | Scene, ViewLayer | Synchronizing object | Body floor transverse bearer
Fra:1 Mem:521.56M (Peak 521.56M) | Time:00:00.86 | Mem:0.00M, Peak:0.00M | Scene, ViewLayer | Synchronizing object | Body floor transverse bearer.001
Fra:1 Mem:521.56M (Peak 521.56M) | Time:00:00.86 | Mem:0.00M, Peak:0.00M | Scene, ViewLayer | Synchronizing object | Body floor transverse bearer.002
Fra:1 Mem:521.57M (Peak 521.57M) | Time:00:00.86 | Mem:0.00M, Peak:0.00M | Scene, ViewLayer | Synchronizing object | Body floor transverse bearer.004
Fra:1 Mem:521.57M (Peak 521.57M) | Time:00:00.86 | Mem:0.00M, Peak:0.00M | Scene, ViewLayer | Synchronizing object | Body floor transverse bearer.005
Fra:1 Mem:521.57M (Peak 521.57M) | Time:00:00.86 | Mem:0.00M, Peak:0.00M | Scene, ViewLayer | Synchronizing object | Body floor transverse bearer.006
Fra:1 Mem:521.57M (Peak 521.57M) | Time:00:00.86 | Mem:0.00M, Peak:0.00M | Scene, ViewLayer | Synchronizing object | Body floor transverse bearer.007
Fra:1 Mem:521.57M (Peak 521.57M) | Time:00:00.86 | Mem:0.00M, Peak:0.00M | Scene, ViewLayer | Synchronizing object | Body floor transverse bearer.008
Fra:1 Mem:521.57M (Peak 521.57M) | Time:00:00.86 | Mem:0.00M, Peak:0.00M | Scene, ViewLayer | Synchronizing object | Body floor transverse bearer.009
Fra:1 Mem:521.57M (Peak 521.57M) | Time:00:00.86 | Mem:0.00M, Peak:0.00M | Scene, ViewLayer | Synchronizing object | Body floor transverse bearer.011
Fra:1 Mem:521.58M (Peak 521.58M) | Time:00:00.86 | Mem:0.00M, Peak:0.00M | Scene, ViewLayer | Synchronizing object | Body floor transverse bearer.012
Fra:1 Mem:521.58M (Peak 521.58M) | Time:00:00.86 | Mem:0.00M, Peak:0.00M | Scene, ViewLayer | Synchronizing object | Body floor transverse bearer.013
Fra:1 Mem:521.58M (Peak 521.58M) | Time:00:00.86 | Mem:0.00M, Peak:0.00M | Scene, ViewLayer | Synchronizing object | Body floor transverse bearer.015
Fra:1 Mem:521.58M (Peak 521.58M) | Time:00:00.86 | Mem:0.00M, Peak:0.00M | Scene, ViewLayer | Synchronizing object | Body floor transverse bearer.016
Fra:1 Mem:521.58M (Peak 521.58M) | Time:00:00.86 | Mem:0.00M, Peak:0.00M | Scene, ViewLayer | Synchronizing object | Body floor transverse bearer.017
Fra:1 Mem:521.58M (Peak 521.58M) | Time:00:00.86 | Mem:0.00M, Peak:0.00M | Scene, ViewLayer | Synchronizing object | Body floor transverse bearer.018
Fra:1 Mem:521.59M (Peak 521.59M) | Time:00:00.86 | Mem:0.00M, Peak:0.00M | Scene, ViewLayer | Synchronizing object | Body floor transverse bearer.019
Fra:1 Mem:521.59M (Peak 521.59M) | Time:00:00.86 | Mem:0.00M, Peak:0.00M | Scene, ViewLayer | Synchronizing object | Body floor transverse bearer.020
Fra:1 Mem:521.59M (Peak 521.59M) | Time:00:00.86 | Mem:0.00M, Peak:0.00M | Scene, ViewLayer | Synchronizing object | Body floor transverse bearer.021
Fra:1 Mem:521.59M (Peak 521.59M) | Time:00:00.86 | Mem:0.00M, Peak:0.00M | Scene, ViewLayer | Synchronizing object | Body floor transverse bearer.022
Fra:1 Mem:521.59M (Peak 521.59M) | Time:00:00.86 | Mem:0.00M, Peak:0.00M | Scene, ViewLayer | Synchronizing object | Body floor transverse bearer.024
Fra:1 Mem:521.59M (Peak 521.59M) | Time:00:00.86 | Mem:0.00M, Peak:0.00M | Scene, ViewLayer | Synchronizing object | Body floor transverse bearer.025
Fra:1 Mem:521.60M (Peak 521.60M) | Time:00:00.86 | Mem:0.00M, Peak:0.00M | Scene, ViewLayer | Synchronizing object | Pressed bodyside skin
Fra:1 Mem:521.60M (Peak 521.60M) | Time:00:00.86 | Mem:0.00M, Peak:0.00M | Scene, ViewLayer | Synchronizing object | Pressed bodyside skin.001
Fra:1 Mem:521.60M (Peak 521.60M) | Time:00:00.86 | Mem:0.00M, Peak:0.00M | Scene, ViewLayer | Synchronizing object | Lined bodyside aperture panel.001
Fra:1 Mem:521.60M (Peak 521.60M) | Time:00:00.86 | Mem:0.00M, Peak:0.00M | Scene, ViewLayer | Synchronizing object | Pressed bodyside skin.002
Fra:1 Mem:521.60M (Peak 521.60M) | Time:00:00.86 | Mem:0.00M, Peak:0.00M | Scene, ViewLayer | Synchronizing object | Lined bodyside aperture panel.002
Fra:1 Mem:521.60M (Peak 521.60M) | Time:00:00.86 | Mem:0.00M, Peak:0.00M | Scene, ViewLayer | Synchronizing object | Lined bodyside aperture panel.003
Fra:1 Mem:521.61M (Peak 521.61M) | Time:00:00.86 | Mem:0.00M, Peak:0.00M | Scene, ViewLayer | Synchronizing object | Pressed bodyside skin.004
Fra:1 Mem:521.61M (Peak 521.61M) | Time:00:00.86 | Mem:0.00M, Peak:0.00M | Scene, ViewLayer | Synchronizing object | Lined bodyside aperture panel.004
Fra:1 Mem:521.61M (Peak 521.61M) | Time:00:00.86 | Mem:0.00M, Peak:0.00M | Scene, ViewLayer | Synchronizing object | Pressed bodyside skin.005
Fra:1 Mem:521.61M (Peak 521.61M) | Time:00:00.86 | Mem:0.00M, Peak:0.00M | Scene, ViewLayer | Synchronizing object | Pressed bodyside skin.006
Fra:1 Mem:521.61M (Peak 521.61M) | Time:00:00.86 | Mem:0.00M, Peak:0.00M | Scene, ViewLayer | Synchronizing object | Lined bodyside aperture panel.006
Fra:1 Mem:521.61M (Peak 521.61M) | Time:00:00.86 | Mem:0.00M, Peak:0.00M | Scene, ViewLayer | Synchronizing object | Pressed bodyside skin.007
Fra:1 Mem:521.62M (Peak 521.62M) | Time:00:00.86 | Mem:0.00M, Peak:0.00M | Scene, ViewLayer | Synchronizing object | Pressed bodyside skin.008
Fra:1 Mem:521.62M (Peak 521.62M) | Time:00:00.86 | Mem:0.00M, Peak:0.00M | Scene, ViewLayer | Synchronizing object | Lined bodyside aperture panel.008
Fra:1 Mem:521.62M (Peak 521.62M) | Time:00:00.86 | Mem:0.00M, Peak:0.00M | Scene, ViewLayer | Synchronizing object | Lined bodyside aperture panel.009
Fra:1 Mem:521.63M (Peak 521.63M) | Time:00:00.86 | Mem:0.00M, Peak:0.00M | Scene, ViewLayer | Synchronizing object | Pressed bodyside skin.010
Fra:1 Mem:521.63M (Peak 521.63M) | Time:00:00.86 | Mem:0.00M, Peak:0.00M | Scene, ViewLayer | Synchronizing object | Pressed bodyside skin.011
Fra:1 Mem:521.63M (Peak 521.63M) | Time:00:00.86 | Mem:0.00M, Peak:0.00M | Scene, ViewLayer | Synchronizing object | Lined bodyside aperture panel.011
Fra:1 Mem:521.63M (Peak 521.63M) | Time:00:00.86 | Mem:0.00M, Peak:0.00M | Scene, ViewLayer | Synchronizing object | Lined bodyside aperture panel.012
Fra:1 Mem:521.63M (Peak 521.63M) | Time:00:00.86 | Mem:0.00M, Peak:0.00M | Scene, ViewLayer | Synchronizing object | Pressed bodyside skin.013
Fra:1 Mem:521.63M (Peak 521.63M) | Time:00:00.86 | Mem:0.00M, Peak:0.00M | Scene, ViewLayer | Synchronizing object | Lined bodyside aperture panel.013
Fra:1 Mem:521.64M (Peak 521.64M) | Time:00:00.86 | Mem:0.00M, Peak:0.00M | Scene, ViewLayer | Synchronizing object | Pressed bodyside skin.014
Fra:1 Mem:521.64M (Peak 521.64M) | Time:00:00.86 | Mem:0.00M, Peak:0.00M | Scene, ViewLayer | Synchronizing object | Pressed bodyside skin.015
Fra:1 Mem:521.64M (Peak 521.64M) | Time:00:00.86 | Mem:0.00M, Peak:0.00M | Scene, ViewLayer | Synchronizing object | Lined bodyside aperture panel.015
Fra:1 Mem:521.64M (Peak 521.64M) | Time:00:00.86 | Mem:0.00M, Peak:0.00M | Scene, ViewLayer | Synchronizing object | Lined bodyside aperture panel.016
Fra:1 Mem:521.65M (Peak 521.65M) | Time:00:00.86 | Mem:0.00M, Peak:0.00M | Scene, ViewLayer | Synchronizing object | Pressed bodyside skin.017
Fra:1 Mem:521.65M (Peak 521.65M) | Time:00:00.86 | Mem:0.00M, Peak:0.00M | Scene, ViewLayer | Synchronizing object | Pressed bodyside skin.018
Fra:1 Mem:521.65M (Peak 521.65M) | Time:00:00.86 | Mem:0.00M, Peak:0.00M | Scene, ViewLayer | Synchronizing object | Lined bodyside aperture panel.018
Fra:1 Mem:521.65M (Peak 521.65M) | Time:00:00.86 | Mem:0.00M, Peak:0.00M | Scene, ViewLayer | Synchronizing object | Pressed bodyside skin.019
Fra:1 Mem:521.65M (Peak 521.65M) | Time:00:00.86 | Mem:0.00M, Peak:0.00M | Scene, ViewLayer | Synchronizing object | Pressed bodyside skin.020
Fra:1 Mem:521.65M (Peak 521.65M) | Time:00:00.86 | Mem:0.00M, Peak:0.00M | Scene, ViewLayer | Synchronizing object | Lined bodyside aperture panel.020
Fra:1 Mem:521.66M (Peak 521.66M) | Time:00:00.86 | Mem:0.00M, Peak:0.00M | Scene, ViewLayer | Synchronizing object | Pressed bodyside skin.021
Fra:1 Mem:521.66M (Peak 521.66M) | Time:00:00.86 | Mem:0.00M, Peak:0.00M | Scene, ViewLayer | Synchronizing object | Lined bodyside aperture panel.021
Fra:1 Mem:521.66M (Peak 521.66M) | Time:00:00.86 | Mem:0.00M, Peak:0.00M | Scene, ViewLayer | Synchronizing object | Pressed bodyside skin.022
Fra:1 Mem:521.66M (Peak 521.66M) | Time:00:00.86 | Mem:0.00M, Peak:0.00M | Scene, ViewLayer | Synchronizing object | Pressed bodyside skin.023
Fra:1 Mem:521.66M (Peak 521.66M) | Time:00:00.86 | Mem:0.00M, Peak:0.00M | Scene, ViewLayer | Synchronizing object | Lined bodyside aperture panel.023
Fra:1 Mem:521.66M (Peak 521.66M) | Time:00:00.86 | Mem:0.00M, Peak:0.00M | Scene, ViewLayer | Synchronizing object | Pressed bodyside skin.024
Fra:1 Mem:521.67M (Peak 521.67M) | Time:00:00.86 | Mem:0.00M, Peak:0.00M | Scene, ViewLayer | Synchronizing object | Lined bodyside aperture panel.024
Fra:1 Mem:521.67M (Peak 521.67M) | Time:00:00.86 | Mem:0.00M, Peak:0.00M | Scene, ViewLayer | Synchronizing object | Lined bodyside aperture panel.025
Fra:1 Mem:521.67M (Peak 521.67M) | Time:00:00.86 | Mem:0.00M, Peak:0.00M | Scene, ViewLayer | Synchronizing object | Pressed bodyside skin.026
Fra:1 Mem:521.67M (Peak 521.67M) | Time:00:00.86 | Mem:0.00M, Peak:0.00M | Scene, ViewLayer | Synchronizing object | Lined bodyside aperture panel.026
Fra:1 Mem:521.67M (Peak 521.67M) | Time:00:00.86 | Mem:0.00M, Peak:0.00M | Scene, ViewLayer | Synchronizing object | Lined bodyside aperture panel.027
Fra:1 Mem:521.68M (Peak 521.68M) | Time:00:00.86 | Mem:0.00M, Peak:0.00M | Scene, ViewLayer | Synchronizing object | Pressed bodyside skin.028
Fra:1 Mem:521.68M (Peak 521.68M) | Time:00:00.86 | Mem:0.00M, Peak:0.00M | Scene, ViewLayer | Synchronizing object | Lined bodyside aperture panel.028
Fra:1 Mem:521.68M (Peak 521.68M) | Time:00:00.86 | Mem:0.00M, Peak:0.00M | Scene, ViewLayer | Synchronizing object | Lined bodyside aperture panel.029
Fra:1 Mem:521.68M (Peak 521.68M) | Time:00:00.86 | Mem:0.00M, Peak:0.00M | Scene, ViewLayer | Synchronizing object | Pressed bodyside skin.030
Fra:1 Mem:521.68M (Peak 521.68M) | Time:00:00.86 | Mem:0.00M, Peak:0.00M | Scene, ViewLayer | Synchronizing object | Pressed bodyside skin.031
Fra:1 Mem:521.69M (Peak 521.69M) | Time:00:00.86 | Mem:0.00M, Peak:0.00M | Scene, ViewLayer | Synchronizing object | Lined bodyside aperture panel.031
Fra:1 Mem:521.69M (Peak 521.69M) | Time:00:00.86 | Mem:0.00M, Peak:0.00M | Scene, ViewLayer | Synchronizing object | Lined bodyside aperture panel.032
Fra:1 Mem:521.69M (Peak 521.69M) | Time:00:00.86 | Mem:0.00M, Peak:0.00M | Scene, ViewLayer | Synchronizing object | Pressed bodyside skin.033
Fra:1 Mem:521.69M (Peak 521.69M) | Time:00:00.86 | Mem:0.00M, Peak:0.00M | Scene, ViewLayer | Synchronizing object | Lined bodyside aperture panel.033
Fra:1 Mem:521.69M (Peak 521.69M) | Time:00:00.86 | Mem:0.00M, Peak:0.00M | Scene, ViewLayer | Synchronizing object | Lined bodyside aperture panel.034
Fra:1 Mem:521.70M (Peak 521.70M) | Time:00:00.86 | Mem:0.00M, Peak:0.00M | Scene, ViewLayer | Synchronizing object | Pressed bodyside skin.035
Fra:1 Mem:521.70M (Peak 521.70M) | Time:00:00.86 | Mem:0.00M, Peak:0.00M | Scene, ViewLayer | Synchronizing object | Pressed bodyside skin.036
Fra:1 Mem:521.70M (Peak 521.70M) | Time:00:00.86 | Mem:0.00M, Peak:0.00M | Scene, ViewLayer | Synchronizing object | Lined bodyside aperture panel.036
Fra:1 Mem:521.70M (Peak 521.70M) | Time:00:00.86 | Mem:0.00M, Peak:0.00M | Scene, ViewLayer | Synchronizing object | Pressed bodyside skin.037
Fra:1 Mem:521.70M (Peak 521.70M) | Time:00:00.86 | Mem:0.00M, Peak:0.00M | Scene, ViewLayer | Synchronizing object | Pressed bodyside skin.038
Fra:1 Mem:521.71M (Peak 521.71M) | Time:00:00.86 | Mem:0.00M, Peak:0.00M | Scene, ViewLayer | Synchronizing object | Lined bodyside aperture panel.038
Fra:1 Mem:521.71M (Peak 521.71M) | Time:00:00.86 | Mem:0.00M, Peak:0.00M | Scene, ViewLayer | Synchronizing object | Lined bodyside aperture panel.039
Fra:1 Mem:521.71M (Peak 521.71M) | Time:00:00.86 | Mem:0.00M, Peak:0.00M | Scene, ViewLayer | Synchronizing object | Pressed bodyside skin.040
Fra:1 Mem:521.71M (Peak 521.71M) | Time:00:00.86 | Mem:0.00M, Peak:0.00M | Scene, ViewLayer | Synchronizing object | Lined bodyside aperture panel.040
Fra:1 Mem:521.71M (Peak 521.71M) | Time:00:00.86 | Mem:0.00M, Peak:0.00M | Scene, ViewLayer | Synchronizing object | Lined bodyside aperture panel.041
Fra:1 Mem:521.72M (Peak 521.72M) | Time:00:00.86 | Mem:0.00M, Peak:0.00M | Scene, ViewLayer | Synchronizing object | Pressed bodyside skin.042
Fra:1 Mem:521.72M (Peak 521.72M) | Time:00:00.86 | Mem:0.00M, Peak:0.00M | Scene, ViewLayer | Synchronizing object | Pressed bodyside skin.043
Fra:1 Mem:521.72M (Peak 521.72M) | Time:00:00.86 | Mem:0.00M, Peak:0.00M | Scene, ViewLayer | Synchronizing object | Lined bodyside aperture panel.043
Fra:1 Mem:521.72M (Peak 521.72M) | Time:00:00.86 | Mem:0.00M, Peak:0.00M | Scene, ViewLayer | Synchronizing object | Lined bodyside aperture panel.044
Fra:1 Mem:521.72M (Peak 521.72M) | Time:00:00.86 | Mem:0.00M, Peak:0.00M | Scene, ViewLayer | Synchronizing object | Pressed bodyside skin.045
Fra:1 Mem:521.73M (Peak 521.73M) | Time:00:00.86 | Mem:0.00M, Peak:0.00M | Scene, ViewLayer | Synchronizing object | Lined bodyside aperture panel.045
Fra:1 Mem:521.73M (Peak 521.73M) | Time:00:00.86 | Mem:0.00M, Peak:0.00M | Scene, ViewLayer | Synchronizing object | Lined bodyside aperture panel.046
Fra:1 Mem:521.73M (Peak 521.73M) | Time:00:00.86 | Mem:0.00M, Peak:0.00M | Scene, ViewLayer | Synchronizing object | Pressed bodyside skin.047
Fra:1 Mem:521.73M (Peak 521.73M) | Time:00:00.86 | Mem:0.00M, Peak:0.00M | Scene, ViewLayer | Synchronizing object | Lined bodyside aperture panel.047
Fra:1 Mem:521.73M (Peak 521.73M) | Time:00:00.86 | Mem:0.00M, Peak:0.00M | Scene, ViewLayer | Synchronizing object | Pressed bodyside skin.048
Fra:1 Mem:521.73M (Peak 521.73M) | Time:00:00.86 | Mem:0.00M, Peak:0.00M | Scene, ViewLayer | Synchronizing object | Lined bodyside aperture panel.048
Fra:1 Mem:521.73M (Peak 521.73M) | Time:00:00.86 | Mem:0.00M, Peak:0.00M | Scene, ViewLayer | Synchronizing object | Pressed bodyside skin.049
Fra:1 Mem:521.74M (Peak 521.74M) | Time:00:00.86 | Mem:0.00M, Peak:0.00M | Scene, ViewLayer | Synchronizing object | Lined bodyside aperture panel.049
Fra:1 Mem:521.74M (Peak 521.74M) | Time:00:00.86 | Mem:0.00M, Peak:0.00M | Scene, ViewLayer | Synchronizing object | Pressed bodyside skin.050
Fra:1 Mem:521.74M (Peak 521.74M) | Time:00:00.86 | Mem:0.00M, Peak:0.00M | Scene, ViewLayer | Synchronizing object | Lined bodyside aperture panel.050
Fra:1 Mem:521.74M (Peak 521.74M) | Time:00:00.86 | Mem:0.00M, Peak:0.00M | Scene, ViewLayer | Synchronizing object | Lined bodyside aperture panel.051
Fra:1 Mem:521.74M (Peak 521.74M) | Time:00:00.86 | Mem:0.00M, Peak:0.00M | Scene, ViewLayer | Synchronizing object | Pressed bodyside skin.052
Fra:1 Mem:521.74M (Peak 521.74M) | Time:00:00.86 | Mem:0.00M, Peak:0.00M | Scene, ViewLayer | Synchronizing object | Lined bodyside aperture panel.052
Fra:1 Mem:521.75M (Peak 521.75M) | Time:00:00.86 | Mem:0.00M, Peak:0.00M | Scene, ViewLayer | Synchronizing object | Pressed bodyside skin.053
Fra:1 Mem:521.75M (Peak 521.75M) | Time:00:00.86 | Mem:0.00M, Peak:0.00M | Scene, ViewLayer | Synchronizing object | Lined bodyside aperture panel.053
Fra:1 Mem:521.75M (Peak 521.75M) | Time:00:00.86 | Mem:0.00M, Peak:0.00M | Scene, ViewLayer | Synchronizing object | Lined bodyside aperture panel.054
Fra:1 Mem:521.75M (Peak 521.75M) | Time:00:00.86 | Mem:0.00M, Peak:0.00M | Scene, ViewLayer | Synchronizing object | Pressed bodyside skin.055
Fra:1 Mem:521.75M (Peak 521.75M) | Time:00:00.86 | Mem:0.00M, Peak:0.00M | Scene, ViewLayer | Synchronizing object | Lined bodyside aperture panel.055
Fra:1 Mem:521.76M (Peak 521.76M) | Time:00:00.86 | Mem:0.00M, Peak:0.00M | Scene, ViewLayer | Synchronizing object | Pressed bodyside skin.056
Fra:1 Mem:521.76M (Peak 521.76M) | Time:00:00.86 | Mem:0.00M, Peak:0.00M | Scene, ViewLayer | Synchronizing object | Pressed bodyside skin.057
Fra:1 Mem:521.76M (Peak 521.76M) | Time:00:00.86 | Mem:0.00M, Peak:0.00M | Scene, ViewLayer | Synchronizing object | Lined bodyside aperture panel.057
Fra:1 Mem:521.76M (Peak 521.76M) | Time:00:00.86 | Mem:0.00M, Peak:0.00M | Scene, ViewLayer | Synchronizing object | Pressed bodyside skin.058
Fra:1 Mem:521.76M (Peak 521.76M) | Time:00:00.86 | Mem:0.00M, Peak:0.00M | Scene, ViewLayer | Synchronizing object | Pressed bodyside skin.059
Fra:1 Mem:521.77M (Peak 521.77M) | Time:00:00.86 | Mem:0.00M, Peak:0.00M | Scene, ViewLayer | Synchronizing object | Lined bodyside aperture panel.059
Fra:1 Mem:521.77M (Peak 521.77M) | Time:00:00.86 | Mem:0.00M, Peak:0.00M | Scene, ViewLayer | Synchronizing object | Lined bodyside aperture panel.060
Fra:1 Mem:521.77M (Peak 521.77M) | Time:00:00.86 | Mem:0.00M, Peak:0.00M | Scene, ViewLayer | Synchronizing object | Pressed bodyside skin.061
Fra:1 Mem:521.77M (Peak 521.77M) | Time:00:00.86 | Mem:0.00M, Peak:0.00M | Scene, ViewLayer | Synchronizing object | Lined bodyside aperture panel.061
Fra:1 Mem:521.77M (Peak 521.77M) | Time:00:00.86 | Mem:0.00M, Peak:0.00M | Scene, ViewLayer | Synchronizing object | Pressed bodyside skin.062
Fra:1 Mem:521.77M (Peak 521.77M) | Time:00:00.86 | Mem:0.00M, Peak:0.00M | Scene, ViewLayer | Synchronizing object | Lined bodyside aperture panel.062
Fra:1 Mem:521.78M (Peak 521.78M) | Time:00:00.86 | Mem:0.00M, Peak:0.00M | Scene, ViewLayer | Synchronizing object | Pressed bodyside skin.063
Fra:1 Mem:521.78M (Peak 521.78M) | Time:00:00.86 | Mem:0.00M, Peak:0.00M | Scene, ViewLayer | Synchronizing object | Pressed bodyside skin.064
Fra:1 Mem:521.78M (Peak 521.78M) | Time:00:00.86 | Mem:0.00M, Peak:0.00M | Scene, ViewLayer | Synchronizing object | Lined bodyside aperture panel.064
Fra:1 Mem:521.78M (Peak 521.78M) | Time:00:00.86 | Mem:0.00M, Peak:0.00M | Scene, ViewLayer | Synchronizing object | Lined bodyside aperture panel.065
Fra:1 Mem:521.78M (Peak 521.78M) | Time:00:00.86 | Mem:0.00M, Peak:0.00M | Scene, ViewLayer | Synchronizing object | Pressed bodyside skin.066
Fra:1 Mem:521.78M (Peak 521.78M) | Time:00:00.86 | Mem:0.00M, Peak:0.00M | Scene, ViewLayer | Synchronizing object | Pressed bodyside skin.067
Fra:1 Mem:521.79M (Peak 521.79M) | Time:00:00.86 | Mem:0.00M, Peak:0.00M | Scene, ViewLayer | Synchronizing object | Lined bodyside aperture panel.067
Fra:1 Mem:521.79M (Peak 521.79M) | Time:00:00.86 | Mem:0.00M, Peak:0.00M | Scene, ViewLayer | Synchronizing object | Lined bodyside aperture panel.068
Fra:1 Mem:521.79M (Peak 521.79M) | Time:00:00.86 | Mem:0.00M, Peak:0.00M | Scene, ViewLayer | Synchronizing object | Pressed bodyside skin.069
Fra:1 Mem:521.79M (Peak 521.79M) | Time:00:00.86 | Mem:0.00M, Peak:0.00M | Scene, ViewLayer | Synchronizing object | Lined bodyside aperture panel.069
Fra:1 Mem:521.79M (Peak 521.79M) | Time:00:00.86 | Mem:0.00M, Peak:0.00M | Scene, ViewLayer | Synchronizing object | Pressed bodyside skin.070
Fra:1 Mem:521.79M (Peak 521.79M) | Time:00:00.86 | Mem:0.00M, Peak:0.00M | Scene, ViewLayer | Synchronizing object | Lined bodyside aperture panel.070
Fra:1 Mem:521.80M (Peak 521.80M) | Time:00:00.86 | Mem:0.00M, Peak:0.00M | Scene, ViewLayer | Synchronizing object | Pressed bodyside skin.071
Fra:1 Mem:521.80M (Peak 521.80M) | Time:00:00.86 | Mem:0.00M, Peak:0.00M | Scene, ViewLayer | Synchronizing object | Lined bodyside aperture panel.071
Fra:1 Mem:521.80M (Peak 521.80M) | Time:00:00.86 | Mem:0.00M, Peak:0.00M | Scene, ViewLayer | Synchronizing object | Pressed bodyside skin.072
Fra:1 Mem:521.81M (Peak 521.81M) | Time:00:00.86 | Mem:0.00M, Peak:0.00M | Scene, ViewLayer | Synchronizing object | Lined bodyside aperture panel.072
Fra:1 Mem:521.81M (Peak 521.81M) | Time:00:00.86 | Mem:0.00M, Peak:0.00M | Scene, ViewLayer | Synchronizing object | Pressed bodyside skin.073
Fra:1 Mem:521.81M (Peak 521.81M) | Time:00:00.86 | Mem:0.00M, Peak:0.00M | Scene, ViewLayer | Synchronizing object | Pressed bodyside skin.074
Fra:1 Mem:521.81M (Peak 521.81M) | Time:00:00.86 | Mem:0.00M, Peak:0.00M | Scene, ViewLayer | Synchronizing object | Pressed bodyside skin.075
Fra:1 Mem:521.81M (Peak 521.81M) | Time:00:00.86 | Mem:0.00M, Peak:0.00M | Scene, ViewLayer | Synchronizing object | Lined bodyside aperture panel.075
Fra:1 Mem:521.82M (Peak 521.82M) | Time:00:00.86 | Mem:0.00M, Peak:0.00M | Scene, ViewLayer | Synchronizing object | Lined bodyside aperture panel.076
Fra:1 Mem:521.82M (Peak 521.82M) | Time:00:00.86 | Mem:0.00M, Peak:0.00M | Scene, ViewLayer | Synchronizing object | Pressed bodyside skin.077
Fra:1 Mem:521.82M (Peak 521.82M) | Time:00:00.86 | Mem:0.00M, Peak:0.00M | Scene, ViewLayer | Synchronizing object | Pressed bodyside skin.078
Fra:1 Mem:521.82M (Peak 521.82M) | Time:00:00.86 | Mem:0.00M, Peak:0.00M | Scene, ViewLayer | Synchronizing object | Lined bodyside aperture panel.078
Fra:1 Mem:521.82M (Peak 521.82M) | Time:00:00.86 | Mem:0.00M, Peak:0.00M | Scene, ViewLayer | Synchronizing object | Pressed bodyside skin.079
Fra:1 Mem:521.82M (Peak 521.82M) | Time:00:00.86 | Mem:0.00M, Peak:0.00M | Scene, ViewLayer | Synchronizing object | Lined bodyside aperture panel.079
Fra:1 Mem:521.83M (Peak 521.83M) | Time:00:00.86 | Mem:0.00M, Peak:0.00M | Scene, ViewLayer | Synchronizing object | Pressed bodyside skin.080
Fra:1 Mem:521.83M (Peak 521.83M) | Time:00:00.86 | Mem:0.00M, Peak:0.00M | Scene, ViewLayer | Synchronizing object | Lined bodyside aperture panel.080
Fra:1 Mem:521.83M (Peak 521.83M) | Time:00:00.86 | Mem:0.00M, Peak:0.00M | Scene, ViewLayer | Synchronizing object | Pressed bodyside skin.081
Fra:1 Mem:521.83M (Peak 521.83M) | Time:00:00.86 | Mem:0.00M, Peak:0.00M | Scene, ViewLayer | Synchronizing object | Lined bodyside aperture panel.081
Fra:1 Mem:521.83M (Peak 521.83M) | Time:00:00.86 | Mem:0.00M, Peak:0.00M | Scene, ViewLayer | Synchronizing object | Pressed bodyside skin.082
Fra:1 Mem:521.83M (Peak 521.83M) | Time:00:00.86 | Mem:0.00M, Peak:0.00M | Scene, ViewLayer | Synchronizing object | Pressed bodyside skin.083
Fra:1 Mem:521.84M (Peak 521.84M) | Time:00:00.86 | Mem:0.00M, Peak:0.00M | Scene, ViewLayer | Synchronizing object | Lined bodyside aperture panel.083
Fra:1 Mem:521.84M (Peak 521.84M) | Time:00:00.86 | Mem:0.00M, Peak:0.00M | Scene, ViewLayer | Synchronizing object | Pressed bodyside skin.084
Fra:1 Mem:521.84M (Peak 521.84M) | Time:00:00.86 | Mem:0.00M, Peak:0.00M | Scene, ViewLayer | Synchronizing object | Lined bodyside aperture panel.084
Fra:1 Mem:521.84M (Peak 521.84M) | Time:00:00.86 | Mem:0.00M, Peak:0.00M | Scene, ViewLayer | Synchronizing object | Pressed bodyside skin.085
Fra:1 Mem:521.84M (Peak 521.84M) | Time:00:00.86 | Mem:0.00M, Peak:0.00M | Scene, ViewLayer | Synchronizing object | Lined bodyside aperture panel.085
Fra:1 Mem:521.84M (Peak 521.84M) | Time:00:00.86 | Mem:0.00M, Peak:0.00M | Scene, ViewLayer | Synchronizing object | Pressed bodyside skin.086
Fra:1 Mem:521.85M (Peak 521.85M) | Time:00:00.86 | Mem:0.00M, Peak:0.00M | Scene, ViewLayer | Synchronizing object | Lined bodyside aperture panel.086
Fra:1 Mem:521.85M (Peak 521.85M) | Time:00:00.86 | Mem:0.00M, Peak:0.00M | Scene, ViewLayer | Synchronizing object | Lined bodyside aperture panel.087
Fra:1 Mem:521.85M (Peak 521.85M) | Time:00:00.86 | Mem:0.00M, Peak:0.00M | Scene, ViewLayer | Synchronizing object | Pressed bodyside skin.088
Fra:1 Mem:521.85M (Peak 521.85M) | Time:00:00.86 | Mem:0.00M, Peak:0.00M | Scene, ViewLayer | Synchronizing object | Lined bodyside aperture panel.088
Fra:1 Mem:521.85M (Peak 521.85M) | Time:00:00.86 | Mem:0.00M, Peak:0.00M | Scene, ViewLayer | Synchronizing object | Pressed bodyside skin.089
Fra:1 Mem:521.85M (Peak 521.85M) | Time:00:00.86 | Mem:0.00M, Peak:0.00M | Scene, ViewLayer | Synchronizing object | Lined bodyside aperture panel.089
Fra:1 Mem:521.85M (Peak 521.85M) | Time:00:00.86 | Mem:0.00M, Peak:0.00M | Scene, ViewLayer | Synchronizing object | Pressed bodyside skin.090
Fra:1 Mem:521.86M (Peak 521.86M) | Time:00:00.86 | Mem:0.00M, Peak:0.00M | Scene, ViewLayer | Synchronizing object | Pressed bodyside skin.091
Fra:1 Mem:521.86M (Peak 521.86M) | Time:00:00.86 | Mem:0.00M, Peak:0.00M | Scene, ViewLayer | Synchronizing object | Lined bodyside aperture panel.091
Fra:1 Mem:521.86M (Peak 521.86M) | Time:00:00.86 | Mem:0.00M, Peak:0.00M | Scene, ViewLayer | Synchronizing object | Lined bodyside aperture panel.092
Fra:1 Mem:521.86M (Peak 521.86M) | Time:00:00.86 | Mem:0.00M, Peak:0.00M | Scene, ViewLayer | Synchronizing object | Pressed bodyside skin.093
Fra:1 Mem:521.86M (Peak 521.86M) | Time:00:00.86 | Mem:0.00M, Peak:0.00M | Scene, ViewLayer | Synchronizing object | Lined bodyside aperture panel.093
Fra:1 Mem:521.86M (Peak 521.86M) | Time:00:00.86 | Mem:0.00M, Peak:0.00M | Scene, ViewLayer | Synchronizing object | Pressed bodyside skin.094
Fra:1 Mem:521.87M (Peak 521.87M) | Time:00:00.86 | Mem:0.00M, Peak:0.00M | Scene, ViewLayer | Synchronizing object | Lined bodyside aperture panel.094
Fra:1 Mem:521.87M (Peak 521.87M) | Time:00:00.86 | Mem:0.00M, Peak:0.00M | Scene, ViewLayer | Synchronizing object | Pressed bodyside skin.095
Fra:1 Mem:521.87M (Peak 521.87M) | Time:00:00.86 | Mem:0.00M, Peak:0.00M | Scene, ViewLayer | Synchronizing object | Lined bodyside aperture panel.095
Fra:1 Mem:521.87M (Peak 521.87M) | Time:00:00.86 | Mem:0.00M, Peak:0.00M | Scene, ViewLayer | Synchronizing object | Pressed bodyside skin.096
Fra:1 Mem:521.87M (Peak 521.87M) | Time:00:00.86 | Mem:0.00M, Peak:0.00M | Scene, ViewLayer | Synchronizing object | Lined bodyside aperture panel.096
Fra:1 Mem:521.87M (Peak 521.87M) | Time:00:00.86 | Mem:0.00M, Peak:0.00M | Scene, ViewLayer | Synchronizing object | Pressed bodyside skin.097
Fra:1 Mem:521.87M (Peak 521.87M) | Time:00:00.86 | Mem:0.00M, Peak:0.00M | Scene, ViewLayer | Synchronizing object | Pressed bodyside skin.098
Fra:1 Mem:521.88M (Peak 521.88M) | Time:00:00.86 | Mem:0.00M, Peak:0.00M | Scene, ViewLayer | Synchronizing object | Lined bodyside aperture panel.098
Fra:1 Mem:521.88M (Peak 521.88M) | Time:00:00.86 | Mem:0.00M, Peak:0.00M | Scene, ViewLayer | Synchronizing object | Pressed bodyside skin.099
Fra:1 Mem:521.88M (Peak 521.88M) | Time:00:00.86 | Mem:0.00M, Peak:0.00M | Scene, ViewLayer | Synchronizing object | Lined bodyside aperture panel.099
Fra:1 Mem:521.88M (Peak 521.88M) | Time:00:00.86 | Mem:0.00M, Peak:0.00M | Scene, ViewLayer | Synchronizing object | Lined bodyside aperture panel.100
Fra:1 Mem:521.88M (Peak 521.88M) | Time:00:00.86 | Mem:0.00M, Peak:0.00M | Scene, ViewLayer | Synchronizing object | Pressed bodyside skin.101
Fra:1 Mem:521.88M (Peak 521.88M) | Time:00:00.86 | Mem:0.00M, Peak:0.00M | Scene, ViewLayer | Synchronizing object | Pressed bodyside skin.102
Fra:1 Mem:521.89M (Peak 521.89M) | Time:00:00.86 | Mem:0.00M, Peak:0.00M | Scene, ViewLayer | Synchronizing object | Lined bodyside aperture panel.102
Fra:1 Mem:521.89M (Peak 521.89M) | Time:00:00.86 | Mem:0.00M, Peak:0.00M | Scene, ViewLayer | Synchronizing object | Lined bodyside aperture panel.103
Fra:1 Mem:521.89M (Peak 521.89M) | Time:00:00.86 | Mem:0.00M, Peak:0.00M | Scene, ViewLayer | Synchronizing object | Pressed bodyside skin.104
Fra:1 Mem:521.89M (Peak 521.89M) | Time:00:00.86 | Mem:0.00M, Peak:0.00M | Scene, ViewLayer | Synchronizing object | Lined bodyside aperture panel.104
Fra:1 Mem:521.89M (Peak 521.89M) | Time:00:00.86 | Mem:0.00M, Peak:0.00M | Scene, ViewLayer | Synchronizing object | Pressed bodyside skin.105
Fra:1 Mem:521.89M (Peak 521.89M) | Time:00:00.86 | Mem:0.00M, Peak:0.00M | Scene, ViewLayer | Synchronizing object | Lined bodyside aperture panel.105
Fra:1 Mem:521.90M (Peak 521.90M) | Time:00:00.86 | Mem:0.00M, Peak:0.00M | Scene, ViewLayer | Synchronizing object | Pressed bodyside skin.106
Fra:1 Mem:521.90M (Peak 521.90M) | Time:00:00.86 | Mem:0.00M, Peak:0.00M | Scene, ViewLayer | Synchronizing object | Pressed bodyside skin.107
Fra:1 Mem:521.90M (Peak 521.90M) | Time:00:00.86 | Mem:0.00M, Peak:0.00M | Scene, ViewLayer | Synchronizing object | Lined bodyside aperture panel.107
Fra:1 Mem:521.90M (Peak 521.90M) | Time:00:00.86 | Mem:0.00M, Peak:0.00M | Scene, ViewLayer | Synchronizing object | Pressed bodyside skin.108
Fra:1 Mem:521.90M (Peak 521.90M) | Time:00:00.86 | Mem:0.00M, Peak:0.00M | Scene, ViewLayer | Synchronizing object | Lined bodyside aperture panel.108
Fra:1 Mem:521.91M (Peak 521.91M) | Time:00:00.86 | Mem:0.00M, Peak:0.00M | Scene, ViewLayer | Synchronizing object | Pressed bodyside skin.109
Fra:1 Mem:521.91M (Peak 521.91M) | Time:00:00.86 | Mem:0.00M, Peak:0.00M | Scene, ViewLayer | Synchronizing object | Lined bodyside aperture panel.109
Fra:1 Mem:521.91M (Peak 521.91M) | Time:00:00.86 | Mem:0.00M, Peak:0.00M | Scene, ViewLayer | Synchronizing object | Pressed bodyside skin.110
Fra:1 Mem:521.91M (Peak 521.91M) | Time:00:00.86 | Mem:0.00M, Peak:0.00M | Scene, ViewLayer | Synchronizing object | Pressed bodyside skin.111
Fra:1 Mem:521.91M (Peak 521.91M) | Time:00:00.86 | Mem:0.00M, Peak:0.00M | Scene, ViewLayer | Synchronizing object | Lined bodyside aperture panel.111
Fra:1 Mem:521.91M (Peak 521.91M) | Time:00:00.86 | Mem:0.00M, Peak:0.00M | Scene, ViewLayer | Synchronizing object | Pressed bodyside skin.112
Fra:1 Mem:521.91M (Peak 521.91M) | Time:00:00.86 | Mem:0.00M, Peak:0.00M | Scene, ViewLayer | Synchronizing object | Pressed bodyside skin.113
Fra:1 Mem:521.92M (Peak 521.92M) | Time:00:00.86 | Mem:0.00M, Peak:0.00M | Scene, ViewLayer | Synchronizing object | Lined bodyside aperture panel.113
Fra:1 Mem:521.92M (Peak 521.92M) | Time:00:00.86 | Mem:0.00M, Peak:0.00M | Scene, ViewLayer | Synchronizing object | Pressed bodyside skin.114
Fra:1 Mem:521.92M (Peak 521.92M) | Time:00:00.86 | Mem:0.00M, Peak:0.00M | Scene, ViewLayer | Synchronizing object | Pressed bodyside skin.115
Fra:1 Mem:521.92M (Peak 521.92M) | Time:00:00.86 | Mem:0.00M, Peak:0.00M | Scene, ViewLayer | Synchronizing object | Pressed bodyside skin.116
Fra:1 Mem:521.93M (Peak 521.93M) | Time:00:00.86 | Mem:0.00M, Peak:0.00M | Scene, ViewLayer | Synchronizing object | Lined bodyside aperture panel.116
Fra:1 Mem:521.93M (Peak 521.93M) | Time:00:00.86 | Mem:0.00M, Peak:0.00M | Scene, ViewLayer | Synchronizing object | Pressed bodyside skin.117
Fra:1 Mem:521.93M (Peak 521.93M) | Time:00:00.86 | Mem:0.00M, Peak:0.00M | Scene, ViewLayer | Synchronizing object | Pressed bodyside skin.118
Fra:1 Mem:521.93M (Peak 521.93M) | Time:00:00.86 | Mem:0.00M, Peak:0.00M | Scene, ViewLayer | Synchronizing object | Lined bodyside aperture panel.118
Fra:1 Mem:521.93M (Peak 521.93M) | Time:00:00.86 | Mem:0.00M, Peak:0.00M | Scene, ViewLayer | Synchronizing object | Pressed bodyside skin.119
Fra:1 Mem:521.93M (Peak 521.93M) | Time:00:00.86 | Mem:0.00M, Peak:0.00M | Scene, ViewLayer | Synchronizing object | Lined bodyside aperture panel.119
Fra:1 Mem:521.94M (Peak 521.94M) | Time:00:00.86 | Mem:0.00M, Peak:0.00M | Scene, ViewLayer | Synchronizing object | Lined bodyside aperture panel.120
Fra:1 Mem:521.94M (Peak 521.94M) | Time:00:00.86 | Mem:0.00M, Peak:0.00M | Scene, ViewLayer | Synchronizing object | Pressed bodyside skin.121
Fra:1 Mem:521.94M (Peak 521.94M) | Time:00:00.86 | Mem:0.00M, Peak:0.00M | Scene, ViewLayer | Synchronizing object | Lined bodyside aperture panel.121
Fra:1 Mem:521.94M (Peak 521.94M) | Time:00:00.86 | Mem:0.00M, Peak:0.00M | Scene, ViewLayer | Synchronizing object | Pressed bodyside skin.122
Fra:1 Mem:521.94M (Peak 521.94M) | Time:00:00.86 | Mem:0.00M, Peak:0.00M | Scene, ViewLayer | Synchronizing object | Lined bodyside aperture panel.122
Fra:1 Mem:521.94M (Peak 521.94M) | Time:00:00.86 | Mem:0.00M, Peak:0.00M | Scene, ViewLayer | Synchronizing object | Lined bodyside aperture panel.123
Fra:1 Mem:521.95M (Peak 521.95M) | Time:00:00.86 | Mem:0.00M, Peak:0.00M | Scene, ViewLayer | Synchronizing object | Pressed bodyside skin.124
Fra:1 Mem:521.95M (Peak 521.95M) | Time:00:00.86 | Mem:0.00M, Peak:0.00M | Scene, ViewLayer | Synchronizing object | Pressed bodyside skin.125
Fra:1 Mem:521.95M (Peak 521.95M) | Time:00:00.86 | Mem:0.00M, Peak:0.00M | Scene, ViewLayer | Synchronizing object | Lined bodyside aperture panel.125
Fra:1 Mem:521.95M (Peak 521.95M) | Time:00:00.86 | Mem:0.00M, Peak:0.00M | Scene, ViewLayer | Synchronizing object | Pressed bodyside skin.126
Fra:1 Mem:521.95M (Peak 521.95M) | Time:00:00.86 | Mem:0.00M, Peak:0.00M | Scene, ViewLayer | Synchronizing object | Lined bodyside aperture panel.126
Fra:1 Mem:521.96M (Peak 521.96M) | Time:00:00.86 | Mem:0.00M, Peak:0.00M | Scene, ViewLayer | Synchronizing object | Pressed bodyside skin.127
Fra:1 Mem:521.96M (Peak 521.96M) | Time:00:00.86 | Mem:0.00M, Peak:0.00M | Scene, ViewLayer | Synchronizing object | Lined bodyside aperture panel.127
Fra:1 Mem:521.96M (Peak 521.96M) | Time:00:00.86 | Mem:0.00M, Peak:0.00M | Scene, ViewLayer | Synchronizing object | Pressed bodyside skin.128
Fra:1 Mem:521.96M (Peak 521.96M) | Time:00:00.86 | Mem:0.00M, Peak:0.00M | Scene, ViewLayer | Synchronizing object | Pressed bodyside skin.129
Fra:1 Mem:521.96M (Peak 521.96M) | Time:00:00.86 | Mem:0.00M, Peak:0.00M | Scene, ViewLayer | Synchronizing object | Lined bodyside aperture panel.129
Fra:1 Mem:521.96M (Peak 521.96M) | Time:00:00.86 | Mem:0.00M, Peak:0.00M | Scene, ViewLayer | Synchronizing object | Lined bodyside aperture panel.130
Fra:1 Mem:521.97M (Peak 521.97M) | Time:00:00.86 | Mem:0.00M, Peak:0.00M | Scene, ViewLayer | Synchronizing object | Pressed bodyside skin.131
Fra:1 Mem:521.97M (Peak 521.97M) | Time:00:00.86 | Mem:0.00M, Peak:0.00M | Scene, ViewLayer | Synchronizing object | Lined bodyside aperture panel.131
Fra:1 Mem:521.97M (Peak 521.97M) | Time:00:00.86 | Mem:0.00M, Peak:0.00M | Scene, ViewLayer | Synchronizing object | Pressed bodyside skin.132
Fra:1 Mem:521.97M (Peak 521.97M) | Time:00:00.86 | Mem:0.00M, Peak:0.00M | Scene, ViewLayer | Synchronizing object | Lined bodyside aperture panel.132
Fra:1 Mem:521.97M (Peak 521.97M) | Time:00:00.86 | Mem:0.00M, Peak:0.00M | Scene, ViewLayer | Synchronizing object | Pressed bodyside skin.133
Fra:1 Mem:521.97M (Peak 521.97M) | Time:00:00.86 | Mem:0.00M, Peak:0.00M | Scene, ViewLayer | Synchronizing object | Pressed bodyside skin.134
Fra:1 Mem:521.98M (Peak 521.98M) | Time:00:00.86 | Mem:0.00M, Peak:0.00M | Scene, ViewLayer | Synchronizing object | Lined bodyside aperture panel.134
Fra:1 Mem:521.98M (Peak 521.98M) | Time:00:00.86 | Mem:0.00M, Peak:0.00M | Scene, ViewLayer | Synchronizing object | Lined bodyside aperture panel.135
Fra:1 Mem:521.98M (Peak 521.98M) | Time:00:00.86 | Mem:0.00M, Peak:0.00M | Scene, ViewLayer | Synchronizing object | Pressed bodyside skin.136
Fra:1 Mem:521.98M (Peak 521.98M) | Time:00:00.86 | Mem:0.00M, Peak:0.00M | Scene, ViewLayer | Synchronizing object | Lined bodyside aperture panel.136
Fra:1 Mem:521.98M (Peak 521.98M) | Time:00:00.86 | Mem:0.00M, Peak:0.00M | Scene, ViewLayer | Synchronizing object | Lined bodyside aperture panel.137
Fra:1 Mem:521.98M (Peak 521.98M) | Time:00:00.87 | Mem:0.00M, Peak:0.00M | Scene, ViewLayer | Synchronizing object | Pressed bodyside skin.138
Fra:1 Mem:521.99M (Peak 521.99M) | Time:00:00.87 | Mem:0.00M, Peak:0.00M | Scene, ViewLayer | Synchronizing object | Pressed bodyside skin.139
Fra:1 Mem:521.99M (Peak 521.99M) | Time:00:00.87 | Mem:0.00M, Peak:0.00M | Scene, ViewLayer | Synchronizing object | Lined bodyside aperture panel.139
Fra:1 Mem:521.99M (Peak 521.99M) | Time:00:00.87 | Mem:0.00M, Peak:0.00M | Scene, ViewLayer | Synchronizing object | Lined bodyside aperture panel.140
Fra:1 Mem:522.00M (Peak 522.00M) | Time:00:00.87 | Mem:0.00M, Peak:0.00M | Scene, ViewLayer | Synchronizing object | Pressed bodyside skin.141
Fra:1 Mem:522.00M (Peak 522.00M) | Time:00:00.87 | Mem:0.00M, Peak:0.00M | Scene, ViewLayer | Synchronizing object | Pressed bodyside skin.142
Fra:1 Mem:522.00M (Peak 522.00M) | Time:00:00.87 | Mem:0.00M, Peak:0.00M | Scene, ViewLayer | Synchronizing object | Lined bodyside aperture panel.142
Fra:1 Mem:522.00M (Peak 522.00M) | Time:00:00.87 | Mem:0.00M, Peak:0.00M | Scene, ViewLayer | Synchronizing object | Pressed bodyside skin.143
Fra:1 Mem:522.00M (Peak 522.00M) | Time:00:00.87 | Mem:0.00M, Peak:0.00M | Scene, ViewLayer | Synchronizing object | Pressed bodyside skin.144
Fra:1 Mem:522.00M (Peak 522.00M) | Time:00:00.87 | Mem:0.00M, Peak:0.00M | Scene, ViewLayer | Synchronizing object | Lined bodyside aperture panel.144
Fra:1 Mem:522.00M (Peak 522.00M) | Time:00:00.87 | Mem:0.00M, Peak:0.00M | Scene, ViewLayer | Synchronizing object | Pressed bodyside skin.145
Fra:1 Mem:522.01M (Peak 522.01M) | Time:00:00.87 | Mem:0.00M, Peak:0.00M | Scene, ViewLayer | Synchronizing object | Lined bodyside aperture panel.145
Fra:1 Mem:522.01M (Peak 522.01M) | Time:00:00.87 | Mem:0.00M, Peak:0.00M | Scene, ViewLayer | Synchronizing object | Lined bodyside aperture panel.146
Fra:1 Mem:522.01M (Peak 522.01M) | Time:00:00.87 | Mem:0.00M, Peak:0.00M | Scene, ViewLayer | Synchronizing object | Pressed bodyside skin.147
Fra:1 Mem:522.01M (Peak 522.01M) | Time:00:00.87 | Mem:0.00M, Peak:0.00M | Scene, ViewLayer | Synchronizing object | Pressed bodyside skin.148
Fra:1 Mem:522.02M (Peak 522.02M) | Time:00:00.87 | Mem:0.00M, Peak:0.00M | Scene, ViewLayer | Synchronizing object | Lined bodyside aperture panel.148
Fra:1 Mem:522.02M (Peak 522.02M) | Time:00:00.87 | Mem:0.00M, Peak:0.00M | Scene, ViewLayer | Synchronizing object | Pressed bodyside skin.150
Fra:1 Mem:522.02M (Peak 522.02M) | Time:00:00.87 | Mem:0.00M, Peak:0.00M | Scene, ViewLayer | Synchronizing object | Lined bodyside aperture panel.150
Fra:1 Mem:522.02M (Peak 522.02M) | Time:00:00.87 | Mem:0.00M, Peak:0.00M | Scene, ViewLayer | Synchronizing object | Pressed bodyside skin.151
Fra:1 Mem:522.02M (Peak 522.02M) | Time:00:00.87 | Mem:0.00M, Peak:0.00M | Scene, ViewLayer | Synchronizing object | Pressed bodyside skin.152
Fra:1 Mem:522.02M (Peak 522.02M) | Time:00:00.87 | Mem:0.00M, Peak:0.00M | Scene, ViewLayer | Synchronizing object | Lined bodyside aperture panel.152
Fra:1 Mem:522.03M (Peak 522.03M) | Time:00:00.87 | Mem:0.00M, Peak:0.00M | Scene, ViewLayer | Synchronizing object | Pressed bodyside skin.153
Fra:1 Mem:522.03M (Peak 522.03M) | Time:00:00.87 | Mem:0.00M, Peak:0.00M | Scene, ViewLayer | Synchronizing object | Pressed bodyside skin.154
Fra:1 Mem:522.03M (Peak 522.03M) | Time:00:00.87 | Mem:0.00M, Peak:0.00M | Scene, ViewLayer | Synchronizing object | Lined bodyside aperture panel.154
Fra:1 Mem:522.03M (Peak 522.03M) | Time:00:00.87 | Mem:0.00M, Peak:0.00M | Scene, ViewLayer | Synchronizing object | Lined bodyside aperture panel.155
Fra:1 Mem:522.04M (Peak 522.04M) | Time:00:00.87 | Mem:0.00M, Peak:0.00M | Scene, ViewLayer | Synchronizing object | Pressed bodyside skin.156
Fra:1 Mem:522.04M (Peak 522.04M) | Time:00:00.87 | Mem:0.00M, Peak:0.00M | Scene, ViewLayer | Synchronizing object | Pressed bodyside skin.157
Fra:1 Mem:522.04M (Peak 522.04M) | Time:00:00.87 | Mem:0.00M, Peak:0.00M | Scene, ViewLayer | Synchronizing object | Lined bodyside aperture panel.157
Fra:1 Mem:522.04M (Peak 522.04M) | Time:00:00.87 | Mem:0.00M, Peak:0.00M | Scene, ViewLayer | Synchronizing object | Pressed bodyside skin.158
Fra:1 Mem:522.04M (Peak 522.04M) | Time:00:00.87 | Mem:0.00M, Peak:0.00M | Scene, ViewLayer | Synchronizing object | Pressed bodyside skin.159
Fra:1 Mem:522.05M (Peak 522.05M) | Time:00:00.87 | Mem:0.00M, Peak:0.00M | Scene, ViewLayer | Synchronizing object | Lined bodyside aperture panel.159
Fra:1 Mem:522.05M (Peak 522.05M) | Time:00:00.87 | Mem:0.00M, Peak:0.00M | Scene, ViewLayer | Synchronizing object | Lined bodyside aperture panel.160
Fra:1 Mem:522.05M (Peak 522.05M) | Time:00:00.87 | Mem:0.00M, Peak:0.00M | Scene, ViewLayer | Synchronizing object | Pressed bodyside skin.161
Fra:1 Mem:522.05M (Peak 522.05M) | Time:00:00.87 | Mem:0.00M, Peak:0.00M | Scene, ViewLayer | Synchronizing object | Lined bodyside aperture panel.161
Fra:1 Mem:522.05M (Peak 522.05M) | Time:00:00.87 | Mem:0.00M, Peak:0.00M | Scene, ViewLayer | Synchronizing object | Pressed bodyside skin.162
Fra:1 Mem:522.05M (Peak 522.05M) | Time:00:00.87 | Mem:0.00M, Peak:0.00M | Scene, ViewLayer | Synchronizing object | Lined bodyside aperture panel.162
Fra:1 Mem:522.05M (Peak 522.05M) | Time:00:00.87 | Mem:0.00M, Peak:0.00M | Scene, ViewLayer | Synchronizing object | Lined bodyside aperture panel.163
Fra:1 Mem:522.06M (Peak 522.06M) | Time:00:00.87 | Mem:0.00M, Peak:0.00M | Scene, ViewLayer | Synchronizing object | Pressed bodyside skin.164
Fra:1 Mem:522.06M (Peak 522.06M) | Time:00:00.87 | Mem:0.00M, Peak:0.00M | Scene, ViewLayer | Synchronizing object | Lined bodyside aperture panel.164
Fra:1 Mem:522.06M (Peak 522.06M) | Time:00:00.87 | Mem:0.00M, Peak:0.00M | Scene, ViewLayer | Synchronizing object | Lined bodyside aperture panel.165
Fra:1 Mem:522.06M (Peak 522.06M) | Time:00:00.87 | Mem:0.00M, Peak:0.00M | Scene, ViewLayer | Synchronizing object | Pressed bodyside skin.166
Fra:1 Mem:522.06M (Peak 522.06M) | Time:00:00.87 | Mem:0.00M, Peak:0.00M | Scene, ViewLayer | Synchronizing object | Pressed bodyside skin.167
Fra:1 Mem:522.07M (Peak 522.07M) | Time:00:00.87 | Mem:0.00M, Peak:0.00M | Scene, ViewLayer | Synchronizing object | Lined bodyside aperture panel.167
Fra:1 Mem:522.07M (Peak 522.07M) | Time:00:00.87 | Mem:0.00M, Peak:0.00M | Scene, ViewLayer | Synchronizing object | Lined bodyside aperture panel.168
Fra:1 Mem:522.07M (Peak 522.07M) | Time:00:00.87 | Mem:0.00M, Peak:0.00M | Scene, ViewLayer | Synchronizing object | Pressed bodyside skin.169
Fra:1 Mem:522.07M (Peak 522.07M) | Time:00:00.87 | Mem:0.00M, Peak:0.00M | Scene, ViewLayer | Synchronizing object | Pressed bodyside skin.170
Fra:1 Mem:522.08M (Peak 522.08M) | Time:00:00.87 | Mem:0.00M, Peak:0.00M | Scene, ViewLayer | Synchronizing object | Lined bodyside aperture panel.170
Fra:1 Mem:522.08M (Peak 522.08M) | Time:00:00.87 | Mem:0.00M, Peak:0.00M | Scene, ViewLayer | Synchronizing object | Lined bodyside aperture panel.171
Fra:1 Mem:522.08M (Peak 522.08M) | Time:00:00.87 | Mem:0.00M, Peak:0.00M | Scene, ViewLayer | Synchronizing object | Pressed bodyside skin.172
Fra:1 Mem:522.08M (Peak 522.08M) | Time:00:00.87 | Mem:0.00M, Peak:0.00M | Scene, ViewLayer | Synchronizing object | Pressed bodyside skin.173
Fra:1 Mem:522.08M (Peak 522.08M) | Time:00:00.87 | Mem:0.00M, Peak:0.00M | Scene, ViewLayer | Synchronizing object | Lined bodyside aperture panel.173
Fra:1 Mem:522.08M (Peak 522.08M) | Time:00:00.87 | Mem:0.00M, Peak:0.00M | Scene, ViewLayer | Synchronizing object | Lined bodyside aperture panel.174
Fra:1 Mem:522.09M (Peak 522.09M) | Time:00:00.87 | Mem:0.00M, Peak:0.00M | Scene, ViewLayer | Synchronizing object | Pressed bodyside skin.175
Fra:1 Mem:522.09M (Peak 522.09M) | Time:00:00.87 | Mem:0.00M, Peak:0.00M | Scene, ViewLayer | Synchronizing object | Lined bodyside aperture panel.175
Fra:1 Mem:522.09M (Peak 522.09M) | Time:00:00.87 | Mem:0.00M, Peak:0.00M | Scene, ViewLayer | Synchronizing object | Pressed bodyside skin.176
Fra:1 Mem:522.09M (Peak 522.09M) | Time:00:00.87 | Mem:0.00M, Peak:0.00M | Scene, ViewLayer | Synchronizing object | Lined bodyside aperture panel.176
Fra:1 Mem:522.09M (Peak 522.09M) | Time:00:00.87 | Mem:0.00M, Peak:0.00M | Scene, ViewLayer | Synchronizing object | Pressed bodyside skin.177
Fra:1 Mem:522.09M (Peak 522.09M) | Time:00:00.87 | Mem:0.00M, Peak:0.00M | Scene, ViewLayer | Synchronizing object | Pressed bodyside skin.178
Fra:1 Mem:522.10M (Peak 522.10M) | Time:00:00.87 | Mem:0.00M, Peak:0.00M | Scene, ViewLayer | Synchronizing object | Lined bodyside aperture panel.178
Fra:1 Mem:522.10M (Peak 522.10M) | Time:00:00.87 | Mem:0.00M, Peak:0.00M | Scene, ViewLayer | Synchronizing object | Pressed bodyside skin.179
Fra:1 Mem:522.11M (Peak 522.11M) | Time:00:00.87 | Mem:0.00M, Peak:0.00M | Scene, ViewLayer | Synchronizing object | Pressed bodyside skin.180
Fra:1 Mem:522.11M (Peak 522.11M) | Time:00:00.87 | Mem:0.00M, Peak:0.00M | Scene, ViewLayer | Synchronizing object | Lined bodyside aperture panel.180
Fra:1 Mem:522.11M (Peak 522.11M) | Time:00:00.87 | Mem:0.00M, Peak:0.00M | Scene, ViewLayer | Synchronizing object | Pressed bodyside skin.181
Fra:1 Mem:522.11M (Peak 522.11M) | Time:00:00.87 | Mem:0.00M, Peak:0.00M | Scene, ViewLayer | Synchronizing object | Pressed bodyside skin.182
Fra:1 Mem:522.12M (Peak 522.12M) | Time:00:00.87 | Mem:0.00M, Peak:0.00M | Scene, ViewLayer | Synchronizing object | Lined bodyside aperture panel.182
Fra:1 Mem:522.12M (Peak 522.12M) | Time:00:00.87 | Mem:0.00M, Peak:0.00M | Scene, ViewLayer | Synchronizing object | Lined bodyside aperture panel.183
Fra:1 Mem:522.12M (Peak 522.12M) | Time:00:00.87 | Mem:0.00M, Peak:0.00M | Scene, ViewLayer | Synchronizing object | Pressed bodyside skin.184
Fra:1 Mem:522.12M (Peak 522.12M) | Time:00:00.87 | Mem:0.00M, Peak:0.00M | Scene, ViewLayer | Synchronizing object | Lined bodyside aperture panel.184
Fra:1 Mem:522.12M (Peak 522.12M) | Time:00:00.87 | Mem:0.00M, Peak:0.00M | Scene, ViewLayer | Synchronizing object | Lined bodyside aperture panel.185
Fra:1 Mem:522.12M (Peak 522.12M) | Time:00:00.87 | Mem:0.00M, Peak:0.00M | Scene, ViewLayer | Synchronizing object | Pressed bodyside skin.186
Fra:1 Mem:522.13M (Peak 522.13M) | Time:00:00.87 | Mem:0.00M, Peak:0.00M | Scene, ViewLayer | Synchronizing object | Lined bodyside aperture panel.186
Fra:1 Mem:522.13M (Peak 522.13M) | Time:00:00.87 | Mem:0.00M, Peak:0.00M | Scene, ViewLayer | Synchronizing object | Lined bodyside aperture panel.187
Fra:1 Mem:522.13M (Peak 522.13M) | Time:00:00.87 | Mem:0.00M, Peak:0.00M | Scene, ViewLayer | Synchronizing object | Pressed bodyside skin.188
Fra:1 Mem:522.13M (Peak 522.13M) | Time:00:00.87 | Mem:0.00M, Peak:0.00M | Scene, ViewLayer | Synchronizing object | Lined bodyside aperture panel.188
Fra:1 Mem:522.13M (Peak 522.13M) | Time:00:00.87 | Mem:0.00M, Peak:0.00M | Scene, ViewLayer | Synchronizing object | Lined bodyside aperture panel.189
Fra:1 Mem:522.13M (Peak 522.13M) | Time:00:00.87 | Mem:0.00M, Peak:0.00M | Scene, ViewLayer | Synchronizing object | Pressed bodyside skin.190
Fra:1 Mem:522.14M (Peak 522.14M) | Time:00:00.87 | Mem:0.00M, Peak:0.00M | Scene, ViewLayer | Synchronizing object | Lined bodyside aperture panel.190
Fra:1 Mem:522.14M (Peak 522.14M) | Time:00:00.87 | Mem:0.00M, Peak:0.00M | Scene, ViewLayer | Synchronizing object | Pressed bodyside skin.191
Fra:1 Mem:522.14M (Peak 522.14M) | Time:00:00.87 | Mem:0.00M, Peak:0.00M | Scene, ViewLayer | Synchronizing object | Lined bodyside aperture panel.191
Fra:1 Mem:522.14M (Peak 522.14M) | Time:00:00.87 | Mem:0.00M, Peak:0.00M | Scene, ViewLayer | Synchronizing object | Pressed bodyside skin.192
Fra:1 Mem:522.14M (Peak 522.14M) | Time:00:00.87 | Mem:0.00M, Peak:0.00M | Scene, ViewLayer | Synchronizing object | Pressed bodyside skin.193
Fra:1 Mem:522.15M (Peak 522.15M) | Time:00:00.87 | Mem:0.00M, Peak:0.00M | Scene, ViewLayer | Synchronizing object | Lined bodyside aperture panel.193
Fra:1 Mem:522.15M (Peak 522.15M) | Time:00:00.87 | Mem:0.00M, Peak:0.00M | Scene, ViewLayer | Synchronizing object | Pressed bodyside skin.195
Fra:1 Mem:522.15M (Peak 522.15M) | Time:00:00.87 | Mem:0.00M, Peak:0.00M | Scene, ViewLayer | Synchronizing object | Lined bodyside aperture panel.195
Fra:1 Mem:522.15M (Peak 522.15M) | Time:00:00.87 | Mem:0.00M, Peak:0.00M | Scene, ViewLayer | Synchronizing object | Pressed bodyside skin.196
Fra:1 Mem:522.16M (Peak 522.16M) | Time:00:00.87 | Mem:0.00M, Peak:0.00M | Scene, ViewLayer | Synchronizing object | Lined bodyside aperture panel.196
Fra:1 Mem:522.16M (Peak 522.16M) | Time:00:00.87 | Mem:0.00M, Peak:0.00M | Scene, ViewLayer | Synchronizing object | Pressed bodyside skin.197
Fra:1 Mem:522.16M (Peak 522.16M) | Time:00:00.87 | Mem:0.00M, Peak:0.00M | Scene, ViewLayer | Synchronizing object | Lined bodyside aperture panel.197
Fra:1 Mem:522.16M (Peak 522.16M) | Time:00:00.87 | Mem:0.00M, Peak:0.00M | Scene, ViewLayer | Synchronizing object | Pressed bodyside skin.198
Fra:1 Mem:522.16M (Peak 522.16M) | Time:00:00.87 | Mem:0.00M, Peak:0.00M | Scene, ViewLayer | Synchronizing object | Lined bodyside aperture panel.198
Fra:1 Mem:522.16M (Peak 522.16M) | Time:00:00.87 | Mem:0.00M, Peak:0.00M | Scene, ViewLayer | Synchronizing object | Pressed bodyside skin.199
Fra:1 Mem:522.16M (Peak 522.16M) | Time:00:00.87 | Mem:0.00M, Peak:0.00M | Scene, ViewLayer | Synchronizing object | Pressed bodyside skin.200
Fra:1 Mem:522.17M (Peak 522.17M) | Time:00:00.87 | Mem:0.00M, Peak:0.00M | Scene, ViewLayer | Synchronizing object | Lined bodyside aperture panel.200
Fra:1 Mem:522.17M (Peak 522.17M) | Time:00:00.87 | Mem:0.00M, Peak:0.00M | Scene, ViewLayer | Synchronizing object | Lined bodyside aperture panel.201
Fra:1 Mem:522.17M (Peak 522.17M) | Time:00:00.87 | Mem:0.00M, Peak:0.00M | Scene, ViewLayer | Synchronizing object | Pressed bodyside skin.202
Fra:1 Mem:522.17M (Peak 522.17M) | Time:00:00.87 | Mem:0.00M, Peak:0.00M | Scene, ViewLayer | Synchronizing object | Pressed bodyside skin.203
Fra:1 Mem:522.17M (Peak 522.17M) | Time:00:00.87 | Mem:0.00M, Peak:0.00M | Scene, ViewLayer | Synchronizing object | Lined bodyside aperture panel.203
Fra:1 Mem:522.18M (Peak 522.18M) | Time:00:00.87 | Mem:0.00M, Peak:0.00M | Scene, ViewLayer | Synchronizing object | Pressed bodyside skin.204
Fra:1 Mem:522.18M (Peak 522.18M) | Time:00:00.87 | Mem:0.00M, Peak:0.00M | Scene, ViewLayer | Synchronizing object | Lined bodyside aperture panel.204
Fra:1 Mem:522.18M (Peak 522.18M) | Time:00:00.87 | Mem:0.00M, Peak:0.00M | Scene, ViewLayer | Synchronizing object | Pressed bodyside skin.205
Fra:1 Mem:522.18M (Peak 522.18M) | Time:00:00.87 | Mem:0.00M, Peak:0.00M | Scene, ViewLayer | Synchronizing object | Lined bodyside aperture panel.205
Fra:1 Mem:522.18M (Peak 522.18M) | Time:00:00.87 | Mem:0.00M, Peak:0.00M | Scene, ViewLayer | Synchronizing object | Pressed bodyside skin.206
Fra:1 Mem:522.18M (Peak 522.18M) | Time:00:00.87 | Mem:0.00M, Peak:0.00M | Scene, ViewLayer | Synchronizing object | Pressed bodyside skin.207
Fra:1 Mem:522.19M (Peak 522.19M) | Time:00:00.87 | Mem:0.00M, Peak:0.00M | Scene, ViewLayer | Synchronizing object | Lined bodyside aperture panel.207
Fra:1 Mem:522.19M (Peak 522.19M) | Time:00:00.87 | Mem:0.00M, Peak:0.00M | Scene, ViewLayer | Synchronizing object | Pressed bodyside skin.208
Fra:1 Mem:522.19M (Peak 522.19M) | Time:00:00.87 | Mem:0.00M, Peak:0.00M | Scene, ViewLayer | Synchronizing object | Lined bodyside aperture panel.208
Fra:1 Mem:522.19M (Peak 522.19M) | Time:00:00.87 | Mem:0.00M, Peak:0.00M | Scene, ViewLayer | Synchronizing object | Pressed bodyside skin.209
Fra:1 Mem:522.19M (Peak 522.19M) | Time:00:00.87 | Mem:0.00M, Peak:0.00M | Scene, ViewLayer | Synchronizing object | Lined bodyside aperture panel.209
Fra:1 Mem:522.19M (Peak 522.19M) | Time:00:00.87 | Mem:0.00M, Peak:0.00M | Scene, ViewLayer | Synchronizing object | Pressed bodyside skin.210
Fra:1 Mem:522.20M (Peak 522.20M) | Time:00:00.87 | Mem:0.00M, Peak:0.00M | Scene, ViewLayer | Synchronizing object | Pressed bodyside skin.211
Fra:1 Mem:522.20M (Peak 522.20M) | Time:00:00.87 | Mem:0.00M, Peak:0.00M | Scene, ViewLayer | Synchronizing object | Lined bodyside aperture panel.211
Fra:1 Mem:522.20M (Peak 522.20M) | Time:00:00.87 | Mem:0.00M, Peak:0.00M | Scene, ViewLayer | Synchronizing object | Pressed bodyside skin.212
Fra:1 Mem:522.20M (Peak 522.20M) | Time:00:00.87 | Mem:0.00M, Peak:0.00M | Scene, ViewLayer | Synchronizing object | Lined bodyside aperture panel.212
Fra:1 Mem:522.20M (Peak 522.20M) | Time:00:00.87 | Mem:0.00M, Peak:0.00M | Scene, ViewLayer | Synchronizing object | Pressed bodyside skin.213
Fra:1 Mem:522.20M (Peak 522.20M) | Time:00:00.87 | Mem:0.00M, Peak:0.00M | Scene, ViewLayer | Synchronizing object | Lined bodyside aperture panel.213
Fra:1 Mem:522.20M (Peak 522.20M) | Time:00:00.87 | Mem:0.00M, Peak:0.00M | Scene, ViewLayer | Synchronizing object | Pressed bodyside skin.214
Fra:1 Mem:522.21M (Peak 522.21M) | Time:00:00.87 | Mem:0.00M, Peak:0.00M | Scene, ViewLayer | Synchronizing object | Pressed bodyside skin.215
Fra:1 Mem:522.21M (Peak 522.21M) | Time:00:00.87 | Mem:0.00M, Peak:0.00M | Scene, ViewLayer | Synchronizing object | Lined bodyside aperture panel.215
Fra:1 Mem:522.21M (Peak 522.21M) | Time:00:00.87 | Mem:0.00M, Peak:0.00M | Scene, ViewLayer | Synchronizing object | Pressed bodyside skin.216
Fra:1 Mem:522.21M (Peak 522.21M) | Time:00:00.87 | Mem:0.00M, Peak:0.00M | Scene, ViewLayer | Synchronizing object | Lined bodyside aperture panel.216
Fra:1 Mem:522.21M (Peak 522.21M) | Time:00:00.87 | Mem:0.00M, Peak:0.00M | Scene, ViewLayer | Synchronizing object | Lined bodyside aperture panel.217
Fra:1 Mem:522.22M (Peak 522.22M) | Time:00:00.87 | Mem:0.00M, Peak:0.00M | Scene, ViewLayer | Synchronizing object | Lined bodyside aperture panel.218
Fra:1 Mem:522.22M (Peak 522.22M) | Time:00:00.87 | Mem:0.00M, Peak:0.00M | Scene, ViewLayer | Synchronizing object | Pressed bodyside skin.219
Fra:1 Mem:522.22M (Peak 522.22M) | Time:00:00.87 | Mem:0.00M, Peak:0.00M | Scene, ViewLayer | Synchronizing object | Lined bodyside aperture panel.219
Fra:1 Mem:522.22M (Peak 522.22M) | Time:00:00.87 | Mem:0.00M, Peak:0.00M | Scene, ViewLayer | Synchronizing object | Pressed bodyside skin.220
Fra:1 Mem:522.22M (Peak 522.22M) | Time:00:00.87 | Mem:0.00M, Peak:0.00M | Scene, ViewLayer | Synchronizing object | Lined bodyside aperture panel.220
Fra:1 Mem:522.23M (Peak 522.23M) | Time:00:00.87 | Mem:0.00M, Peak:0.00M | Scene, ViewLayer | Synchronizing object | Pressed bodyside skin.221
Fra:1 Mem:522.23M (Peak 522.23M) | Time:00:00.87 | Mem:0.00M, Peak:0.00M | Scene, ViewLayer | Synchronizing object | Lined bodyside aperture panel.221
Fra:1 Mem:522.23M (Peak 522.23M) | Time:00:00.87 | Mem:0.00M, Peak:0.00M | Scene, ViewLayer | Synchronizing object | Pressed bodyside skin.222
Fra:1 Mem:522.23M (Peak 522.23M) | Time:00:00.87 | Mem:0.00M, Peak:0.00M | Scene, ViewLayer | Synchronizing object | Lined bodyside aperture panel.222
Fra:1 Mem:522.23M (Peak 522.23M) | Time:00:00.87 | Mem:0.00M, Peak:0.00M | Scene, ViewLayer | Synchronizing object | Pressed bodyside skin.223
Fra:1 Mem:522.23M (Peak 522.23M) | Time:00:00.87 | Mem:0.00M, Peak:0.00M | Scene, ViewLayer | Synchronizing object | Lined bodyside aperture panel.223
Fra:1 Mem:522.23M (Peak 522.23M) | Time:00:00.87 | Mem:0.00M, Peak:0.00M | Scene, ViewLayer | Synchronizing object | Lined bodyside aperture panel.224
Fra:1 Mem:522.24M (Peak 522.24M) | Time:00:00.87 | Mem:0.00M, Peak:0.00M | Scene, ViewLayer | Synchronizing object | Pressed bodyside skin.225
Fra:1 Mem:522.24M (Peak 522.24M) | Time:00:00.87 | Mem:0.00M, Peak:0.00M | Scene, ViewLayer | Synchronizing object | Pressed bodyside skin.226
Fra:1 Mem:522.24M (Peak 522.24M) | Time:00:00.87 | Mem:0.00M, Peak:0.00M | Scene, ViewLayer | Synchronizing object | Lined bodyside aperture panel.226
Fra:1 Mem:522.24M (Peak 522.24M) | Time:00:00.87 | Mem:0.00M, Peak:0.00M | Scene, ViewLayer | Synchronizing object | Pressed bodyside skin.227
Fra:1 Mem:522.24M (Peak 522.24M) | Time:00:00.87 | Mem:0.00M, Peak:0.00M | Scene, ViewLayer | Synchronizing object | Lined bodyside aperture panel.227
Fra:1 Mem:522.24M (Peak 522.24M) | Time:00:00.87 | Mem:0.00M, Peak:0.00M | Scene, ViewLayer | Synchronizing object | Pressed bodyside skin.228
Fra:1 Mem:522.24M (Peak 522.24M) | Time:00:00.87 | Mem:0.00M, Peak:0.00M | Scene, ViewLayer | Synchronizing object | Lined bodyside aperture panel.228
Fra:1 Mem:522.25M (Peak 522.25M) | Time:00:00.87 | Mem:0.00M, Peak:0.00M | Scene, ViewLayer | Synchronizing object | Pressed bodyside skin.229
Fra:1 Mem:522.25M (Peak 522.25M) | Time:00:00.87 | Mem:0.00M, Peak:0.00M | Scene, ViewLayer | Synchronizing object | Lined bodyside aperture panel.229
Fra:1 Mem:522.25M (Peak 522.25M) | Time:00:00.87 | Mem:0.00M, Peak:0.00M | Scene, ViewLayer | Synchronizing object | Lined bodyside aperture panel.230
Fra:1 Mem:522.25M (Peak 522.25M) | Time:00:00.87 | Mem:0.00M, Peak:0.00M | Scene, ViewLayer | Synchronizing object | Pressed bodyside skin.231
Fra:1 Mem:522.25M (Peak 522.25M) | Time:00:00.87 | Mem:0.00M, Peak:0.00M | Scene, ViewLayer | Synchronizing object | Lined bodyside aperture panel.231
Fra:1 Mem:522.25M (Peak 522.25M) | Time:00:00.87 | Mem:0.00M, Peak:0.00M | Scene, ViewLayer | Synchronizing object | Pressed bodyside skin.232
Fra:1 Mem:522.25M (Peak 522.25M) | Time:00:00.87 | Mem:0.00M, Peak:0.00M | Scene, ViewLayer | Synchronizing object | Lined bodyside aperture panel.232
Fra:1 Mem:522.26M (Peak 522.26M) | Time:00:00.87 | Mem:0.00M, Peak:0.00M | Scene, ViewLayer | Synchronizing object | Pressed bodyside skin.233
Fra:1 Mem:522.26M (Peak 522.26M) | Time:00:00.87 | Mem:0.00M, Peak:0.00M | Scene, ViewLayer | Synchronizing object | Pressed bodyside skin.234
Fra:1 Mem:522.26M (Peak 522.26M) | Time:00:00.87 | Mem:0.00M, Peak:0.00M | Scene, ViewLayer | Synchronizing object | Lined bodyside aperture panel.234
Fra:1 Mem:522.26M (Peak 522.26M) | Time:00:00.87 | Mem:0.00M, Peak:0.00M | Scene, ViewLayer | Synchronizing object | Lined bodyside aperture panel.235
Fra:1 Mem:522.27M (Peak 522.27M) | Time:00:00.87 | Mem:0.00M, Peak:0.00M | Scene, ViewLayer | Synchronizing object | Pressed bodyside skin.236
Fra:1 Mem:522.27M (Peak 522.27M) | Time:00:00.87 | Mem:0.00M, Peak:0.00M | Scene, ViewLayer | Synchronizing object | Lined bodyside aperture panel.236
Fra:1 Mem:522.27M (Peak 522.27M) | Time:00:00.87 | Mem:0.00M, Peak:0.00M | Scene, ViewLayer | Synchronizing object | Pressed bodyside skin.237
Fra:1 Mem:522.27M (Peak 522.27M) | Time:00:00.87 | Mem:0.00M, Peak:0.00M | Scene, ViewLayer | Synchronizing object | Lined bodyside aperture panel.237
Fra:1 Mem:522.27M (Peak 522.27M) | Time:00:00.87 | Mem:0.00M, Peak:0.00M | Scene, ViewLayer | Synchronizing object | Pressed bodyside skin.238
Fra:1 Mem:522.27M (Peak 522.27M) | Time:00:00.87 | Mem:0.00M, Peak:0.00M | Scene, ViewLayer | Synchronizing object | Lined bodyside aperture panel.238
Fra:1 Mem:522.27M (Peak 522.27M) | Time:00:00.87 | Mem:0.00M, Peak:0.00M | Scene, ViewLayer | Synchronizing object | Pressed bodyside skin.239
Fra:1 Mem:522.28M (Peak 522.28M) | Time:00:00.87 | Mem:0.00M, Peak:0.00M | Scene, ViewLayer | Synchronizing object | Lined bodyside aperture panel.239
Fra:1 Mem:522.28M (Peak 522.28M) | Time:00:00.87 | Mem:0.00M, Peak:0.00M | Scene, ViewLayer | Synchronizing object | Lined bodyside aperture panel.240
Fra:1 Mem:522.28M (Peak 522.28M) | Time:00:00.87 | Mem:0.00M, Peak:0.00M | Scene, ViewLayer | Synchronizing object | Pressed bodyside skin.241
Fra:1 Mem:522.28M (Peak 522.28M) | Time:00:00.87 | Mem:0.00M, Peak:0.00M | Scene, ViewLayer | Synchronizing object | Lined bodyside aperture panel.241
Fra:1 Mem:522.28M (Peak 522.28M) | Time:00:00.87 | Mem:0.00M, Peak:0.00M | Scene, ViewLayer | Synchronizing object | Lined bodyside aperture panel.242
Fra:1 Mem:522.29M (Peak 522.29M) | Time:00:00.87 | Mem:0.00M, Peak:0.00M | Scene, ViewLayer | Synchronizing object | Pressed bodyside skin.243
Fra:1 Mem:522.29M (Peak 522.29M) | Time:00:00.87 | Mem:0.00M, Peak:0.00M | Scene, ViewLayer | Synchronizing object | Pressed bodyside skin.244
Fra:1 Mem:522.29M (Peak 522.29M) | Time:00:00.87 | Mem:0.00M, Peak:0.00M | Scene, ViewLayer | Synchronizing object | Lined bodyside aperture panel.244
Fra:1 Mem:522.29M (Peak 522.29M) | Time:00:00.87 | Mem:0.00M, Peak:0.00M | Scene, ViewLayer | Synchronizing object | Pressed bodyside skin.245
Fra:1 Mem:522.29M (Peak 522.29M) | Time:00:00.87 | Mem:0.00M, Peak:0.00M | Scene, ViewLayer | Synchronizing object | Lined bodyside aperture panel.245
Fra:1 Mem:522.29M (Peak 522.29M) | Time:00:00.87 | Mem:0.00M, Peak:0.00M | Scene, ViewLayer | Synchronizing object | Lined bodyside aperture panel.246
Fra:1 Mem:522.30M (Peak 522.30M) | Time:00:00.87 | Mem:0.00M, Peak:0.00M | Scene, ViewLayer | Synchronizing object | Pressed bodyside skin.247
Fra:1 Mem:522.30M (Peak 522.30M) | Time:00:00.87 | Mem:0.00M, Peak:0.00M | Scene, ViewLayer | Synchronizing object | Lined bodyside aperture panel.247
Fra:1 Mem:522.30M (Peak 522.30M) | Time:00:00.87 | Mem:0.00M, Peak:0.00M | Scene, ViewLayer | Synchronizing object | Lined bodyside aperture panel.248
Fra:1 Mem:522.30M (Peak 522.30M) | Time:00:00.87 | Mem:0.00M, Peak:0.00M | Scene, ViewLayer | Synchronizing object | Pressed bodyside skin.249
Fra:1 Mem:522.30M (Peak 522.30M) | Time:00:00.87 | Mem:0.00M, Peak:0.00M | Scene, ViewLayer | Synchronizing object | Lined bodyside aperture panel.249
Fra:1 Mem:522.30M (Peak 522.30M) | Time:00:00.87 | Mem:0.00M, Peak:0.00M | Scene, ViewLayer | Synchronizing object | Pressed bodyside skin.250
Fra:1 Mem:522.31M (Peak 522.31M) | Time:00:00.87 | Mem:0.00M, Peak:0.00M | Scene, ViewLayer | Synchronizing object | Lined bodyside aperture panel.250
Fra:1 Mem:522.31M (Peak 522.31M) | Time:00:00.87 | Mem:0.00M, Peak:0.00M | Scene, ViewLayer | Synchronizing object | Pressed bodyside skin.251
Fra:1 Mem:522.31M (Peak 522.31M) | Time:00:00.87 | Mem:0.00M, Peak:0.00M | Scene, ViewLayer | Synchronizing object | Pressed bodyside skin.252
Fra:1 Mem:522.31M (Peak 522.31M) | Time:00:00.87 | Mem:0.00M, Peak:0.00M | Scene, ViewLayer | Synchronizing object | Lined bodyside aperture panel.252
Fra:1 Mem:522.31M (Peak 522.31M) | Time:00:00.87 | Mem:0.00M, Peak:0.00M | Scene, ViewLayer | Synchronizing object | Pressed bodyside skin.253
Fra:1 Mem:522.31M (Peak 522.31M) | Time:00:00.87 | Mem:0.00M, Peak:0.00M | Scene, ViewLayer | Synchronizing object | Lined bodyside aperture panel.253
Fra:1 Mem:522.31M (Peak 522.31M) | Time:00:00.87 | Mem:0.00M, Peak:0.00M | Scene, ViewLayer | Synchronizing object | Pressed bodyside skin.254
Fra:1 Mem:522.32M (Peak 522.32M) | Time:00:00.87 | Mem:0.00M, Peak:0.00M | Scene, ViewLayer | Synchronizing object | Lined bodyside aperture panel.254
Fra:1 Mem:522.32M (Peak 522.32M) | Time:00:00.87 | Mem:0.00M, Peak:0.00M | Scene, ViewLayer | Synchronizing object | Pressed bodyside skin.255
Fra:1 Mem:522.32M (Peak 522.32M) | Time:00:00.87 | Mem:0.00M, Peak:0.00M | Scene, ViewLayer | Synchronizing object | Lined bodyside aperture panel.255
Fra:1 Mem:522.32M (Peak 522.32M) | Time:00:00.87 | Mem:0.00M, Peak:0.00M | Scene, ViewLayer | Synchronizing object | Lined bodyside aperture panel.256
Fra:1 Mem:522.32M (Peak 522.32M) | Time:00:00.87 | Mem:0.00M, Peak:0.00M | Scene, ViewLayer | Synchronizing object | Pressed bodyside skin.257
Fra:1 Mem:522.32M (Peak 522.32M) | Time:00:00.87 | Mem:0.00M, Peak:0.00M | Scene, ViewLayer | Synchronizing object | Pressed bodyside skin.258
Fra:1 Mem:522.33M (Peak 522.33M) | Time:00:00.87 | Mem:0.00M, Peak:0.00M | Scene, ViewLayer | Synchronizing object | Lined bodyside aperture panel.258
Fra:1 Mem:522.33M (Peak 522.33M) | Time:00:00.87 | Mem:0.00M, Peak:0.00M | Scene, ViewLayer | Synchronizing object | Pressed bodyside skin.259
Fra:1 Mem:522.33M (Peak 522.33M) | Time:00:00.87 | Mem:0.00M, Peak:0.00M | Scene, ViewLayer | Synchronizing object | Lined bodyside aperture panel.259
Fra:1 Mem:522.33M (Peak 522.33M) | Time:00:00.87 | Mem:0.00M, Peak:0.00M | Scene, ViewLayer | Synchronizing object | Pressed bodyside skin.260
Fra:1 Mem:522.33M (Peak 522.33M) | Time:00:00.87 | Mem:0.00M, Peak:0.00M | Scene, ViewLayer | Synchronizing object | Lined bodyside aperture panel.260
Fra:1 Mem:522.33M (Peak 522.33M) | Time:00:00.87 | Mem:0.00M, Peak:0.00M | Scene, ViewLayer | Synchronizing object | Pressed bodyside skin.261
Fra:1 Mem:522.33M (Peak 522.33M) | Time:00:00.87 | Mem:0.00M, Peak:0.00M | Scene, ViewLayer | Synchronizing object | Lined bodyside aperture panel.261
Fra:1 Mem:522.34M (Peak 522.34M) | Time:00:00.87 | Mem:0.00M, Peak:0.00M | Scene, ViewLayer | Synchronizing object | Pressed bodyside skin.262
Fra:1 Mem:522.34M (Peak 522.34M) | Time:00:00.87 | Mem:0.00M, Peak:0.00M | Scene, ViewLayer | Synchronizing object | Pressed bodyside skin.263
Fra:1 Mem:522.34M (Peak 522.34M) | Time:00:00.87 | Mem:0.00M, Peak:0.00M | Scene, ViewLayer | Synchronizing object | Lined bodyside aperture panel.263
Fra:1 Mem:522.34M (Peak 522.34M) | Time:00:00.87 | Mem:0.00M, Peak:0.00M | Scene, ViewLayer | Synchronizing object | Pressed bodyside skin.264
Fra:1 Mem:522.34M (Peak 522.34M) | Time:00:00.87 | Mem:0.00M, Peak:0.00M | Scene, ViewLayer | Synchronizing object | Pressed bodyside skin.265
Fra:1 Mem:522.35M (Peak 522.35M) | Time:00:00.87 | Mem:0.00M, Peak:0.00M | Scene, ViewLayer | Synchronizing object | Lined bodyside aperture panel.265
Fra:1 Mem:522.35M (Peak 522.35M) | Time:00:00.87 | Mem:0.00M, Peak:0.00M | Scene, ViewLayer | Synchronizing object | Lined bodyside aperture panel.266
Fra:1 Mem:522.35M (Peak 522.35M) | Time:00:00.87 | Mem:0.00M, Peak:0.00M | Scene, ViewLayer | Synchronizing object | Pressed bodyside skin.267
Fra:1 Mem:522.35M (Peak 522.35M) | Time:00:00.87 | Mem:0.00M, Peak:0.00M | Scene, ViewLayer | Synchronizing object | Pressed bodyside skin.268
Fra:1 Mem:522.35M (Peak 522.35M) | Time:00:00.87 | Mem:0.00M, Peak:0.00M | Scene, ViewLayer | Synchronizing object | Lined bodyside aperture panel.268
Fra:1 Mem:522.36M (Peak 522.36M) | Time:00:00.87 | Mem:0.00M, Peak:0.00M | Scene, ViewLayer | Synchronizing object | Lined bodyside aperture panel.269
Fra:1 Mem:522.36M (Peak 522.36M) | Time:00:00.87 | Mem:0.00M, Peak:0.00M | Scene, ViewLayer | Synchronizing object | Pressed bodyside skin.270
Fra:1 Mem:522.36M (Peak 522.36M) | Time:00:00.87 | Mem:0.00M, Peak:0.00M | Scene, ViewLayer | Synchronizing object | Lined bodyside aperture panel.270
Fra:1 Mem:522.36M (Peak 522.36M) | Time:00:00.87 | Mem:0.00M, Peak:0.00M | Scene, ViewLayer | Synchronizing object | Pressed bodyside skin.271
Fra:1 Mem:522.36M (Peak 522.36M) | Time:00:00.87 | Mem:0.00M, Peak:0.00M | Scene, ViewLayer | Synchronizing object | Lined bodyside aperture panel.271
Fra:1 Mem:522.36M (Peak 522.36M) | Time:00:00.87 | Mem:0.00M, Peak:0.00M | Scene, ViewLayer | Synchronizing object | Pressed bodyside skin.272
Fra:1 Mem:522.36M (Peak 522.36M) | Time:00:00.87 | Mem:0.00M, Peak:0.00M | Scene, ViewLayer | Synchronizing object | Lined bodyside aperture panel.272
Fra:1 Mem:522.36M (Peak 522.36M) | Time:00:00.87 | Mem:0.00M, Peak:0.00M | Scene, ViewLayer | Synchronizing object | Pressed bodyside skin.273
Fra:1 Mem:522.37M (Peak 522.37M) | Time:00:00.87 | Mem:0.00M, Peak:0.00M | Scene, ViewLayer | Synchronizing object | Lined bodyside aperture panel.273
Fra:1 Mem:522.37M (Peak 522.37M) | Time:00:00.87 | Mem:0.00M, Peak:0.00M | Scene, ViewLayer | Synchronizing object | Lined bodyside aperture panel.274
Fra:1 Mem:522.37M (Peak 522.37M) | Time:00:00.87 | Mem:0.00M, Peak:0.00M | Scene, ViewLayer | Synchronizing object | Pressed bodyside skin.275
Fra:1 Mem:522.37M (Peak 522.37M) | Time:00:00.87 | Mem:0.00M, Peak:0.00M | Scene, ViewLayer | Synchronizing object | Lined bodyside aperture panel.275
Fra:1 Mem:522.37M (Peak 522.37M) | Time:00:00.87 | Mem:0.00M, Peak:0.00M | Scene, ViewLayer | Synchronizing object | Pressed bodyside skin.276
Fra:1 Mem:522.38M (Peak 522.38M) | Time:00:00.87 | Mem:0.00M, Peak:0.00M | Scene, ViewLayer | Synchronizing object | Lined bodyside aperture panel.276
Fra:1 Mem:522.38M (Peak 522.38M) | Time:00:00.87 | Mem:0.00M, Peak:0.00M | Scene, ViewLayer | Synchronizing object | Pressed bodyside skin.277
Fra:1 Mem:522.38M (Peak 522.38M) | Time:00:00.87 | Mem:0.00M, Peak:0.00M | Scene, ViewLayer | Synchronizing object | Pressed bodyside skin.278
Fra:1 Mem:522.38M (Peak 522.38M) | Time:00:00.87 | Mem:0.00M, Peak:0.00M | Scene, ViewLayer | Synchronizing object | Lined bodyside aperture panel.278
Fra:1 Mem:522.38M (Peak 522.38M) | Time:00:00.87 | Mem:0.00M, Peak:0.00M | Scene, ViewLayer | Synchronizing object | Pressed bodyside skin.279
Fra:1 Mem:522.38M (Peak 522.38M) | Time:00:00.87 | Mem:0.00M, Peak:0.00M | Scene, ViewLayer | Synchronizing object | Lined bodyside aperture panel.279
Fra:1 Mem:522.38M (Peak 522.38M) | Time:00:00.87 | Mem:0.00M, Peak:0.00M | Scene, ViewLayer | Synchronizing object | Pressed bodyside skin.280
Fra:1 Mem:522.39M (Peak 522.39M) | Time:00:00.87 | Mem:0.00M, Peak:0.00M | Scene, ViewLayer | Synchronizing object | Lined bodyside aperture panel.280
Fra:1 Mem:522.39M (Peak 522.39M) | Time:00:00.87 | Mem:0.00M, Peak:0.00M | Scene, ViewLayer | Synchronizing object | Pressed bodyside skin.281
Fra:1 Mem:522.39M (Peak 522.39M) | Time:00:00.87 | Mem:0.00M, Peak:0.00M | Scene, ViewLayer | Synchronizing object | Lined bodyside aperture panel.281
Fra:1 Mem:522.39M (Peak 522.39M) | Time:00:00.87 | Mem:0.00M, Peak:0.00M | Scene, ViewLayer | Synchronizing object | Lined bodyside aperture panel.282
Fra:1 Mem:522.39M (Peak 522.39M) | Time:00:00.87 | Mem:0.00M, Peak:0.00M | Scene, ViewLayer | Synchronizing object | Pressed bodyside skin.283
Fra:1 Mem:522.39M (Peak 522.39M) | Time:00:00.87 | Mem:0.00M, Peak:0.00M | Scene, ViewLayer | Synchronizing object | Pressed bodyside skin.284
Fra:1 Mem:522.40M (Peak 522.40M) | Time:00:00.87 | Mem:0.00M, Peak:0.00M | Scene, ViewLayer | Synchronizing object | Lined bodyside aperture panel.284
Fra:1 Mem:522.40M (Peak 522.40M) | Time:00:00.87 | Mem:0.00M, Peak:0.00M | Scene, ViewLayer | Synchronizing object | Pressed bodyside skin.285
Fra:1 Mem:522.40M (Peak 522.40M) | Time:00:00.87 | Mem:0.00M, Peak:0.00M | Scene, ViewLayer | Synchronizing object | Lined bodyside aperture panel.285
Fra:1 Mem:522.40M (Peak 522.40M) | Time:00:00.87 | Mem:0.00M, Peak:0.00M | Scene, ViewLayer | Synchronizing object | Pressed bodyside skin.286
Fra:1 Mem:522.40M (Peak 522.40M) | Time:00:00.87 | Mem:0.00M, Peak:0.00M | Scene, ViewLayer | Synchronizing object | Lined bodyside aperture panel.286
Fra:1 Mem:522.40M (Peak 522.40M) | Time:00:00.87 | Mem:0.00M, Peak:0.00M | Scene, ViewLayer | Synchronizing object | Lined bodyside aperture panel.287
Fra:1 Mem:522.41M (Peak 522.41M) | Time:00:00.87 | Mem:0.00M, Peak:0.00M | Scene, ViewLayer | Synchronizing object | Pressed bodyside skin.288
Fra:1 Mem:522.41M (Peak 522.41M) | Time:00:00.87 | Mem:0.00M, Peak:0.00M | Scene, ViewLayer | Synchronizing object | Lined bodyside aperture panel.288
Fra:1 Mem:522.41M (Peak 522.41M) | Time:00:00.87 | Mem:0.00M, Peak:0.00M | Scene, ViewLayer | Synchronizing object | Lined bodyside aperture panel.289
Fra:1 Mem:522.41M (Peak 522.41M) | Time:00:00.87 | Mem:0.00M, Peak:0.00M | Scene, ViewLayer | Synchronizing object | Pressed bodyside skin.290
Fra:1 Mem:522.41M (Peak 522.41M) | Time:00:00.87 | Mem:0.00M, Peak:0.00M | Scene, ViewLayer | Synchronizing object | Lined bodyside aperture panel.290
Fra:1 Mem:522.41M (Peak 522.41M) | Time:00:00.87 | Mem:0.00M, Peak:0.00M | Scene, ViewLayer | Synchronizing object | Pressed bodyside skin.291
Fra:1 Mem:522.42M (Peak 522.42M) | Time:00:00.87 | Mem:0.00M, Peak:0.00M | Scene, ViewLayer | Synchronizing object | Lined bodyside aperture panel.291
Fra:1 Mem:522.42M (Peak 522.42M) | Time:00:00.87 | Mem:0.00M, Peak:0.00M | Scene, ViewLayer | Synchronizing object | Pressed bodyside skin.292
Fra:1 Mem:522.42M (Peak 522.42M) | Time:00:00.87 | Mem:0.00M, Peak:0.00M | Scene, ViewLayer | Synchronizing object | Pressed bodyside skin.293
Fra:1 Mem:522.42M (Peak 522.42M) | Time:00:00.87 | Mem:0.00M, Peak:0.00M | Scene, ViewLayer | Synchronizing object | Lined bodyside aperture panel.293
Fra:1 Mem:522.42M (Peak 522.42M) | Time:00:00.87 | Mem:0.00M, Peak:0.00M | Scene, ViewLayer | Synchronizing object | Pressed bodyside skin.294
Fra:1 Mem:522.43M (Peak 522.43M) | Time:00:00.87 | Mem:0.00M, Peak:0.00M | Scene, ViewLayer | Synchronizing object | Lined bodyside aperture panel.294
Fra:1 Mem:522.43M (Peak 522.43M) | Time:00:00.87 | Mem:0.00M, Peak:0.00M | Scene, ViewLayer | Synchronizing object | Pressed bodyside skin.295
Fra:1 Mem:522.43M (Peak 522.43M) | Time:00:00.87 | Mem:0.00M, Peak:0.00M | Scene, ViewLayer | Synchronizing object | Pressed bodyside skin.296
Fra:1 Mem:522.43M (Peak 522.43M) | Time:00:00.87 | Mem:0.00M, Peak:0.00M | Scene, ViewLayer | Synchronizing object | Lined bodyside aperture panel.296
Fra:1 Mem:522.43M (Peak 522.43M) | Time:00:00.87 | Mem:0.00M, Peak:0.00M | Scene, ViewLayer | Synchronizing object | Lined bodyside aperture panel.297
Fra:1 Mem:522.43M (Peak 522.43M) | Time:00:00.87 | Mem:0.00M, Peak:0.00M | Scene, ViewLayer | Synchronizing object | Pressed bodyside skin.298
Fra:1 Mem:522.44M (Peak 522.44M) | Time:00:00.87 | Mem:0.00M, Peak:0.00M | Scene, ViewLayer | Synchronizing object | Lined bodyside aperture panel.298
Fra:1 Mem:522.44M (Peak 522.44M) | Time:00:00.87 | Mem:0.00M, Peak:0.00M | Scene, ViewLayer | Synchronizing object | Lined bodyside aperture panel.299
Fra:1 Mem:522.44M (Peak 522.44M) | Time:00:00.87 | Mem:0.00M, Peak:0.00M | Scene, ViewLayer | Synchronizing object | Pressed bodyside skin.300
Fra:1 Mem:522.44M (Peak 522.44M) | Time:00:00.87 | Mem:0.00M, Peak:0.00M | Scene, ViewLayer | Synchronizing object | Lined bodyside aperture panel.300
Fra:1 Mem:522.44M (Peak 522.44M) | Time:00:00.87 | Mem:0.00M, Peak:0.00M | Scene, ViewLayer | Synchronizing object | Pressed bodyside skin.301
Fra:1 Mem:522.44M (Peak 522.44M) | Time:00:00.87 | Mem:0.00M, Peak:0.00M | Scene, ViewLayer | Synchronizing object | Lined bodyside aperture panel.301
Fra:1 Mem:522.44M (Peak 522.44M) | Time:00:00.87 | Mem:0.00M, Peak:0.00M | Scene, ViewLayer | Synchronizing object | Lined bodyside aperture panel.302
Fra:1 Mem:522.45M (Peak 522.45M) | Time:00:00.87 | Mem:0.00M, Peak:0.00M | Scene, ViewLayer | Synchronizing object | Pressed bodyside skin.303
Fra:1 Mem:522.45M (Peak 522.45M) | Time:00:00.87 | Mem:0.00M, Peak:0.00M | Scene, ViewLayer | Synchronizing object | Bodyside roof rain gutter
Fra:1 Mem:522.45M (Peak 522.45M) | Time:00:00.87 | Mem:0.00M, Peak:0.00M | Scene, ViewLayer | Synchronizing object | Floor skin rolled seam
Fra:1 Mem:522.45M (Peak 522.45M) | Time:00:00.87 | Mem:0.00M, Peak:0.00M | Scene, ViewLayer | Synchronizing object | Rounded body aperture corner
Fra:1 Mem:522.46M (Peak 522.46M) | Time:00:00.87 | Mem:0.00M, Peak:0.00M | Scene, ViewLayer | Synchronizing object | Pressed window aperture corner infill
Fra:1 Mem:522.47M (Peak 522.47M) | Time:00:00.87 | Mem:0.00M, Peak:0.00M | Scene, ViewLayer | Synchronizing object | Window pressed reveal return
Fra:1 Mem:522.49M (Peak 522.49M) | Time:00:00.87 | Mem:0.00M, Peak:0.00M | Scene, ViewLayer | Synchronizing object | Continuous EPDM glazing gasket
Fra:1 Mem:522.50M (Peak 522.50M) | Time:00:00.87 | Mem:0.00M, Peak:0.00M | Scene, ViewLayer | Synchronizing object | Anodised window frame extrusion
Fra:1 Mem:522.51M (Peak 522.51M) | Time:00:00.87 | Mem:0.00M, Peak:0.00M | Scene, ViewLayer | Synchronizing object | Raised glass exposed lower strip
Fra:1 Mem:522.55M (Peak 522.55M) | Time:00:00.87 | Mem:0.00M, Peak:0.00M | Scene, ViewLayer | Synchronizing object | Raised glass lower rail
Fra:1 Mem:522.55M (Peak 522.55M) | Time:00:00.87 | Mem:0.00M, Peak:0.00M | Scene, ViewLayer | Synchronizing object | Interior rounded window sill
Fra:1 Mem:522.56M (Peak 522.56M) | Time:00:00.87 | Mem:0.00M, Peak:0.00M | Scene, ViewLayer | Synchronizing object | Window satin steel security bar
Fra:1 Mem:522.57M (Peak 522.57M) | Time:00:00.87 | Mem:0.00M, Peak:0.00M | Scene, ViewLayer | Synchronizing object | Window satin steel security bar.001
Fra:1 Mem:522.58M (Peak 522.58M) | Time:00:00.87 | Mem:0.00M, Peak:0.00M | Scene, ViewLayer | Synchronizing object | Window satin steel security bar.002
Fra:1 Mem:522.58M (Peak 522.58M) | Time:00:00.87 | Mem:0.00M, Peak:0.00M | Scene, ViewLayer | Synchronizing object | Window satin steel security bar.004
Fra:1 Mem:522.59M (Peak 522.59M) | Time:00:00.87 | Mem:0.00M, Peak:0.00M | Scene, ViewLayer | Synchronizing object | Sliding shutter guide channel
Fra:1 Mem:522.59M (Peak 522.59M) | Time:00:00.87 | Mem:0.00M, Peak:0.00M | Scene, ViewLayer | Synchronizing object | Louvred shutter side stile
Fra:1 Mem:522.61M (Peak 522.61M) | Time:00:00.87 | Mem:0.00M, Peak:0.00M | Scene, ViewLayer | Synchronizing object | Louvred shutter side stile.001
Fra:1 Mem:522.61M (Peak 522.61M) | Time:00:00.87 | Mem:0.00M, Peak:0.00M | Scene, ViewLayer | Synchronizing object | Louvred shutter end rail
Fra:1 Mem:522.63M (Peak 522.63M) | Time:00:00.87 | Mem:0.00M, Peak:0.00M | Scene, ViewLayer | Synchronizing object | Louvred shutter end rail.001
Fra:1 Mem:522.63M (Peak 522.63M) | Time:00:00.87 | Mem:0.00M, Peak:0.00M | Scene, ViewLayer | Synchronizing object | Shutter pressed sloping louvre blade
Fra:1 Mem:522.64M (Peak 522.64M) | Time:00:00.87 | Mem:0.00M, Peak:0.00M | Scene, ViewLayer | Synchronizing object | Shutter lift recessed grip
Fra:1 Mem:522.65M (Peak 522.65M) | Time:00:00.87 | Mem:0.00M, Peak:0.00M | Scene, ViewLayer | Synchronizing object | Louvred shutter side stile.002
Fra:1 Mem:522.65M (Peak 522.65M) | Time:00:00.87 | Mem:0.00M, Peak:0.00M | Scene, ViewLayer | Synchronizing object | Louvred shutter side stile.003
Fra:1 Mem:522.66M (Peak 522.66M) | Time:00:00.87 | Mem:0.00M, Peak:0.00M | Scene, ViewLayer | Synchronizing object | Louvred shutter end rail.002
Fra:1 Mem:522.67M (Peak 522.67M) | Time:00:00.87 | Mem:0.00M, Peak:0.00M | Scene, ViewLayer | Synchronizing object | Louvred shutter end rail.003
Fra:1 Mem:522.68M (Peak 522.68M) | Time:00:00.87 | Mem:0.00M, Peak:0.00M | Scene, ViewLayer | Synchronizing object | Shutter pressed sloping louvre blade.001
Fra:1 Mem:522.69M (Peak 522.69M) | Time:00:00.87 | Mem:0.00M, Peak:0.00M | Scene, ViewLayer | Synchronizing object | Shutter lift recessed grip.001
Fra:1 Mem:522.69M (Peak 522.69M) | Time:00:00.87 | Mem:0.00M, Peak:0.00M | Scene, ViewLayer | Synchronizing object | Window lower lock thumb tab
Fra:1 Mem:522.70M (Peak 522.70M) | Time:00:00.87 | Mem:0.00M, Peak:0.00M | Scene, ViewLayer | Synchronizing object | Rounded body aperture corner.001
Fra:1 Mem:522.71M (Peak 522.71M) | Time:00:00.87 | Mem:0.00M, Peak:0.00M | Scene, ViewLayer | Synchronizing object | Pressed window aperture corner infill.001
Fra:1 Mem:522.73M (Peak 522.73M) | Time:00:00.87 | Mem:0.00M, Peak:0.00M | Scene, ViewLayer | Synchronizing object | Window pressed reveal return.001
Fra:1 Mem:522.74M (Peak 522.74M) | Time:00:00.87 | Mem:0.00M, Peak:0.00M | Scene, ViewLayer | Synchronizing object | Continuous EPDM glazing gasket.001
Fra:1 Mem:522.75M (Peak 522.75M) | Time:00:00.87 | Mem:0.00M, Peak:0.00M | Scene, ViewLayer | Synchronizing object | Anodised window frame extrusion.001
Fra:1 Mem:522.76M (Peak 522.76M) | Time:00:00.87 | Mem:0.00M, Peak:0.00M | Scene, ViewLayer | Synchronizing object | Raised glass exposed lower strip.001
Fra:1 Mem:522.80M (Peak 522.80M) | Time:00:00.87 | Mem:0.00M, Peak:0.00M | Scene, ViewLayer | Synchronizing object | Raised glass lower rail.001
Fra:1 Mem:522.80M (Peak 522.80M) | Time:00:00.87 | Mem:0.00M, Peak:0.00M | Scene, ViewLayer | Synchronizing object | Interior rounded window sill.001
Fra:1 Mem:522.80M (Peak 522.80M) | Time:00:00.87 | Mem:0.00M, Peak:0.00M | Scene, ViewLayer | Synchronizing object | Window satin steel security bar.005
Fra:1 Mem:522.82M (Peak 522.82M) | Time:00:00.87 | Mem:0.00M, Peak:0.00M | Scene, ViewLayer | Synchronizing object | Window satin steel security bar.006
Fra:1 Mem:522.82M (Peak 522.82M) | Time:00:00.87 | Mem:0.00M, Peak:0.00M | Scene, ViewLayer | Synchronizing object | Window satin steel security bar.008
Fra:1 Mem:522.83M (Peak 522.83M) | Time:00:00.87 | Mem:0.00M, Peak:0.00M | Scene, ViewLayer | Synchronizing object | Window satin steel security bar.009
Fra:1 Mem:522.83M (Peak 522.83M) | Time:00:00.87 | Mem:0.00M, Peak:0.00M | Scene, ViewLayer | Synchronizing object | Sliding shutter guide channel.003
Fra:1 Mem:522.85M (Peak 522.85M) | Time:00:00.87 | Mem:0.00M, Peak:0.00M | Scene, ViewLayer | Synchronizing object | Louvred shutter side stile.004
Fra:1 Mem:522.86M (Peak 522.86M) | Time:00:00.87 | Mem:0.00M, Peak:0.00M | Scene, ViewLayer | Synchronizing object | Louvred shutter side stile.005
Fra:1 Mem:522.86M (Peak 522.86M) | Time:00:00.87 | Mem:0.00M, Peak:0.00M | Scene, ViewLayer | Synchronizing object | Louvred shutter end rail.004
Fra:1 Mem:522.87M (Peak 522.87M) | Time:00:00.87 | Mem:0.00M, Peak:0.00M | Scene, ViewLayer | Synchronizing object | Louvred shutter end rail.005
Fra:1 Mem:522.89M (Peak 522.89M) | Time:00:00.87 | Mem:0.00M, Peak:0.00M | Scene, ViewLayer | Synchronizing object | Shutter pressed sloping louvre blade.002
Fra:1 Mem:522.89M (Peak 522.89M) | Time:00:00.87 | Mem:0.00M, Peak:0.00M | Scene, ViewLayer | Synchronizing object | Louvred shutter side stile.006
Fra:1 Mem:522.90M (Peak 522.90M) | Time:00:00.87 | Mem:0.00M, Peak:0.00M | Scene, ViewLayer | Synchronizing object | Louvred shutter side stile.007
Fra:1 Mem:522.90M (Peak 522.90M) | Time:00:00.87 | Mem:0.00M, Peak:0.00M | Scene, ViewLayer | Synchronizing object | Louvred shutter end rail.006
Fra:1 Mem:522.92M (Peak 522.92M) | Time:00:00.87 | Mem:0.00M, Peak:0.00M | Scene, ViewLayer | Synchronizing object | Louvred shutter end rail.007
Fra:1 Mem:522.92M (Peak 522.92M) | Time:00:00.87 | Mem:0.00M, Peak:0.00M | Scene, ViewLayer | Synchronizing object | Shutter pressed sloping louvre blade.003
Fra:1 Mem:522.93M (Peak 522.93M) | Time:00:00.87 | Mem:0.00M, Peak:0.00M | Scene, ViewLayer | Synchronizing object | Shutter lift recessed grip.003
Fra:1 Mem:522.93M (Peak 522.93M) | Time:00:00.87 | Mem:0.00M, Peak:0.00M | Scene, ViewLayer | Synchronizing object | Window lower lock thumb tab.001
Fra:1 Mem:522.94M (Peak 522.94M) | Time:00:00.87 | Mem:0.00M, Peak:0.00M | Scene, ViewLayer | Synchronizing object | Emergency window stencil
Fra:1 Mem:522.97M (Peak 522.97M) | Time:00:00.87 | Mem:0.00M, Peak:0.00M | Scene, ViewLayer | Synchronizing object | Emergency red release indicator
Fra:1 Mem:522.99M (Peak 522.99M) | Time:00:00.87 | Mem:0.00M, Peak:0.00M | Scene, ViewLayer | Synchronizing object | Emergency red release indicator.001
Fra:1 Mem:523.02M (Peak 523.02M) | Time:00:00.87 | Mem:0.00M, Peak:0.00M | Scene, ViewLayer | Synchronizing object | Rounded body aperture corner.002
Fra:1 Mem:523.05M (Peak 523.05M) | Time:00:00.87 | Mem:0.00M, Peak:0.00M | Scene, ViewLayer | Synchronizing object | Pressed window aperture corner infill.002
Fra:1 Mem:523.10M (Peak 523.10M) | Time:00:00.87 | Mem:0.00M, Peak:0.00M | Scene, ViewLayer | Synchronizing object | Window pressed reveal return.002
Fra:1 Mem:523.10M (Peak 523.10M) | Time:00:00.87 | Mem:0.00M, Peak:0.00M | Scene, ViewLayer | Synchronizing object | Continuous EPDM glazing gasket.002
Fra:1 Mem:523.13M (Peak 523.13M) | Time:00:00.87 | Mem:0.00M, Peak:0.00M | Scene, ViewLayer | Synchronizing object | Anodised window frame extrusion.002
Fra:1 Mem:523.17M (Peak 523.17M) | Time:00:00.87 | Mem:0.00M, Peak:0.00M | Scene, ViewLayer | Synchronizing object | Raised glass exposed lower strip.002
Fra:1 Mem:523.19M (Peak 523.19M) | Time:00:00.87 | Mem:0.00M, Peak:0.00M | Scene, ViewLayer | Synchronizing object | Raised glass lower rail.002
Fra:1 Mem:523.20M (Peak 523.20M) | Time:00:00.87 | Mem:0.00M, Peak:0.00M | Scene, ViewLayer | Synchronizing object | Interior rounded window sill.002
Fra:1 Mem:523.21M (Peak 523.21M) | Time:00:00.87 | Mem:0.00M, Peak:0.00M | Scene, ViewLayer | Synchronizing object | Window satin steel security bar.010
Fra:1 Mem:523.21M (Peak 523.21M) | Time:00:00.87 | Mem:0.00M, Peak:0.00M | Scene, ViewLayer | Synchronizing object | Window satin steel security bar.011
Fra:1 Mem:523.21M (Peak 523.21M) | Time:00:00.87 | Mem:0.00M, Peak:0.00M | Scene, ViewLayer | Synchronizing object | Window satin steel security bar.012
Fra:1 Mem:523.22M (Peak 523.22M) | Time:00:00.87 | Mem:0.00M, Peak:0.00M | Scene, ViewLayer | Synchronizing object | Window satin steel security bar.013
Fra:1 Mem:523.22M (Peak 523.22M) | Time:00:00.87 | Mem:0.00M, Peak:0.00M | Scene, ViewLayer | Synchronizing object | Window satin steel security bar.014
Fra:1 Mem:523.23M (Peak 523.23M) | Time:00:00.87 | Mem:0.00M, Peak:0.00M | Scene, ViewLayer | Synchronizing object | Sliding shutter guide channel.004
Fra:1 Mem:523.23M (Peak 523.23M) | Time:00:00.87 | Mem:0.00M, Peak:0.00M | Scene, ViewLayer | Synchronizing object | Sliding shutter guide channel.005
Fra:1 Mem:523.25M (Peak 523.25M) | Time:00:00.87 | Mem:0.00M, Peak:0.00M | Scene, ViewLayer | Synchronizing object | Louvred shutter side stile.008
Fra:1 Mem:523.27M (Peak 523.27M) | Time:00:00.87 | Mem:0.00M, Peak:0.00M | Scene, ViewLayer | Synchronizing object | Louvred shutter side stile.009
Fra:1 Mem:523.29M (Peak 523.29M) | Time:00:00.87 | Mem:0.00M, Peak:0.00M | Scene, ViewLayer | Synchronizing object | Louvred shutter end rail.008
Fra:1 Mem:523.29M (Peak 523.29M) | Time:00:00.87 | Mem:0.00M, Peak:0.00M | Scene, ViewLayer | Synchronizing object | Louvred shutter end rail.009
Fra:1 Mem:523.32M (Peak 523.32M) | Time:00:00.87 | Mem:0.00M, Peak:0.00M | Scene, ViewLayer | Synchronizing object | Shutter pressed sloping louvre blade.004
Fra:1 Mem:523.32M (Peak 523.32M) | Time:00:00.87 | Mem:0.00M, Peak:0.00M | Scene, ViewLayer | Synchronizing object | Shutter pressed sloping louvre blade.005
Fra:1 Mem:523.31M (Peak 523.32M) | Time:00:00.87 | Mem:0.00M, Peak:0.00M | Scene, ViewLayer | Synchronizing object | Shutter pressed sloping louvre blade.006
Fra:1 Mem:523.31M (Peak 523.32M) | Time:00:00.87 | Mem:0.00M, Peak:0.00M | Scene, ViewLayer | Synchronizing object | Shutter pressed sloping louvre blade.008
Fra:1 Mem:523.31M (Peak 523.32M) | Time:00:00.87 | Mem:0.00M, Peak:0.00M | Scene, ViewLayer | Synchronizing object | Shutter lift recessed grip.004
Fra:1 Mem:523.31M (Peak 523.32M) | Time:00:00.87 | Mem:0.00M, Peak:0.00M | Scene, ViewLayer | Synchronizing object | Louvred shutter side stile.011
Fra:1 Mem:523.34M (Peak 523.34M) | Time:00:00.87 | Mem:0.00M, Peak:0.00M | Scene, ViewLayer | Synchronizing object | Louvred shutter end rail.010
Fra:1 Mem:523.34M (Peak 523.34M) | Time:00:00.87 | Mem:0.00M, Peak:0.00M | Scene, ViewLayer | Synchronizing object | Louvred shutter end rail.011
Fra:1 Mem:523.35M (Peak 523.35M) | Time:00:00.87 | Mem:0.00M, Peak:0.00M | Scene, ViewLayer | Synchronizing object | Shutter pressed sloping louvre blade.009
Fra:1 Mem:523.36M (Peak 523.36M) | Time:00:00.87 | Mem:0.00M, Peak:0.00M | Scene, ViewLayer | Synchronizing object | Shutter pressed sloping louvre blade.010
Fra:1 Mem:523.36M (Peak 523.36M) | Time:00:00.87 | Mem:0.00M, Peak:0.00M | Scene, ViewLayer | Synchronizing object | Shutter pressed sloping louvre blade.011
Fra:1 Mem:523.36M (Peak 523.36M) | Time:00:00.87 | Mem:0.00M, Peak:0.00M | Scene, ViewLayer | Synchronizing object | Shutter pressed sloping louvre blade.012
Fra:1 Mem:523.36M (Peak 523.36M) | Time:00:00.87 | Mem:0.00M, Peak:0.00M | Scene, ViewLayer | Synchronizing object | Shutter lift recessed grip.005
Fra:1 Mem:523.37M (Peak 523.37M) | Time:00:00.87 | Mem:0.00M, Peak:0.00M | Scene, ViewLayer | Synchronizing object | Window lower lock thumb tab.002
Fra:1 Mem:523.37M (Peak 523.37M) | Time:00:00.87 | Mem:0.00M, Peak:0.00M | Scene, ViewLayer | Synchronizing object | Pressed window aperture corner infill.003
Fra:1 Mem:523.41M (Peak 523.41M) | Time:00:00.87 | Mem:0.00M, Peak:0.00M | Scene, ViewLayer | Synchronizing object | Window pressed reveal return.003
Fra:1 Mem:523.41M (Peak 523.41M) | Time:00:00.87 | Mem:0.00M, Peak:0.00M | Scene, ViewLayer | Synchronizing object | Continuous EPDM glazing gasket.003
Fra:1 Mem:523.43M (Peak 523.43M) | Time:00:00.87 | Mem:0.00M, Peak:0.00M | Scene, ViewLayer | Synchronizing object | Anodised window frame extrusion.003
Fra:1 Mem:523.44M (Peak 523.44M) | Time:00:00.87 | Mem:0.00M, Peak:0.00M | Scene, ViewLayer | Synchronizing object | Raised glass exposed lower strip.003
Fra:1 Mem:523.47M (Peak 523.47M) | Time:00:00.87 | Mem:0.00M, Peak:0.00M | Scene, ViewLayer | Synchronizing object | Raised glass lower rail.003
Fra:1 Mem:523.48M (Peak 523.48M) | Time:00:00.87 | Mem:0.00M, Peak:0.00M | Scene, ViewLayer | Synchronizing object | Interior rounded window sill.003
Fra:1 Mem:523.48M (Peak 523.48M) | Time:00:00.87 | Mem:0.00M, Peak:0.00M | Scene, ViewLayer | Synchronizing object | Window satin steel security bar.015
Fra:1 Mem:523.49M (Peak 523.49M) | Time:00:00.87 | Mem:0.00M, Peak:0.00M | Scene, ViewLayer | Synchronizing object | Window satin steel security bar.016
Fra:1 Mem:523.49M (Peak 523.49M) | Time:00:00.87 | Mem:0.00M, Peak:0.00M | Scene, ViewLayer | Synchronizing object | Window satin steel security bar.017
Fra:1 Mem:523.50M (Peak 523.50M) | Time:00:00.87 | Mem:0.00M, Peak:0.00M | Scene, ViewLayer | Synchronizing object | Window satin steel security bar.018
Fra:1 Mem:523.50M (Peak 523.50M) | Time:00:00.87 | Mem:0.00M, Peak:0.00M | Scene, ViewLayer | Synchronizing object | Window satin steel security bar.019
Fra:1 Mem:523.50M (Peak 523.50M) | Time:00:00.87 | Mem:0.00M, Peak:0.00M | Scene, ViewLayer | Synchronizing object | Sliding shutter guide channel.006
Fra:1 Mem:523.53M (Peak 523.53M) | Time:00:00.87 | Mem:0.00M, Peak:0.00M | Scene, ViewLayer | Synchronizing object | Sliding shutter guide channel.007
Fra:1 Mem:523.53M (Peak 523.53M) | Time:00:00.87 | Mem:0.00M, Peak:0.00M | Scene, ViewLayer | Synchronizing object | Louvred shutter side stile.012
Fra:1 Mem:523.54M (Peak 523.54M) | Time:00:00.87 | Mem:0.00M, Peak:0.00M | Scene, ViewLayer | Synchronizing object | Louvred shutter side stile.013
Fra:1 Mem:523.56M (Peak 523.56M) | Time:00:00.87 | Mem:0.00M, Peak:0.00M | Scene, ViewLayer | Synchronizing object | Louvred shutter end rail.012
Fra:1 Mem:523.56M (Peak 523.56M) | Time:00:00.87 | Mem:0.00M, Peak:0.00M | Scene, ViewLayer | Synchronizing object | Louvred shutter end rail.013
Fra:1 Mem:523.57M (Peak 523.57M) | Time:00:00.87 | Mem:0.00M, Peak:0.00M | Scene, ViewLayer | Synchronizing object | Shutter pressed sloping louvre blade.014
Fra:1 Mem:523.58M (Peak 523.58M) | Time:00:00.87 | Mem:0.00M, Peak:0.00M | Scene, ViewLayer | Synchronizing object | Shutter lift recessed grip.006
Fra:1 Mem:523.58M (Peak 523.58M) | Time:00:00.87 | Mem:0.00M, Peak:0.00M | Scene, ViewLayer | Synchronizing object | Louvred shutter side stile.014
Fra:1 Mem:523.59M (Peak 523.59M) | Time:00:00.87 | Mem:0.00M, Peak:0.00M | Scene, ViewLayer | Synchronizing object | Louvred shutter side stile.015
Fra:1 Mem:523.60M (Peak 523.60M) | Time:00:00.87 | Mem:0.00M, Peak:0.00M | Scene, ViewLayer | Synchronizing object | Louvred shutter end rail.014
Fra:1 Mem:523.61M (Peak 523.61M) | Time:00:00.87 | Mem:0.00M, Peak:0.00M | Scene, ViewLayer | Synchronizing object | Louvred shutter end rail.015
Fra:1 Mem:523.61M (Peak 523.61M) | Time:00:00.87 | Mem:0.00M, Peak:0.00M | Scene, ViewLayer | Synchronizing object | Shutter pressed sloping louvre blade.015
Fra:1 Mem:523.62M (Peak 523.62M) | Time:00:00.87 | Mem:0.00M, Peak:0.00M | Scene, ViewLayer | Synchronizing object | Shutter lift recessed grip.007
Fra:1 Mem:523.62M (Peak 523.62M) | Time:00:00.87 | Mem:0.00M, Peak:0.00M | Scene, ViewLayer | Synchronizing object | Window lower lock thumb tab.003
Fra:1 Mem:523.63M (Peak 523.63M) | Time:00:00.87 | Mem:0.00M, Peak:0.00M | Scene, ViewLayer | Synchronizing object | Rounded body aperture corner.004
Fra:1 Mem:523.64M (Peak 523.64M) | Time:00:00.87 | Mem:0.00M, Peak:0.00M | Scene, ViewLayer | Synchronizing object | Pressed window aperture corner infill.004
Fra:1 Mem:523.66M (Peak 523.66M) | Time:00:00.87 | Mem:0.00M, Peak:0.00M | Scene, ViewLayer | Synchronizing object | Window pressed reveal return.004
Fra:1 Mem:523.67M (Peak 523.67M) | Time:00:00.87 | Mem:0.00M, Peak:0.00M | Scene, ViewLayer | Synchronizing object | Continuous EPDM glazing gasket.004
Fra:1 Mem:523.70M (Peak 523.70M) | Time:00:00.87 | Mem:0.00M, Peak:0.00M | Scene, ViewLayer | Synchronizing object | Anodised window frame extrusion.004
Fra:1 Mem:523.70M (Peak 523.70M) | Time:00:00.87 | Mem:0.00M, Peak:0.00M | Scene, ViewLayer | Synchronizing object | Raised glass exposed lower strip.004
Fra:1 Mem:523.73M (Peak 523.73M) | Time:00:00.87 | Mem:0.00M, Peak:0.00M | Scene, ViewLayer | Synchronizing object | Interior rounded window sill.004
Fra:1 Mem:523.73M (Peak 523.73M) | Time:00:00.87 | Mem:0.00M, Peak:0.00M | Scene, ViewLayer | Synchronizing object | Window satin steel security bar.020
Fra:1 Mem:523.75M (Peak 523.75M) | Time:00:00.87 | Mem:0.00M, Peak:0.00M | Scene, ViewLayer | Synchronizing object | Window satin steel security bar.021
Fra:1 Mem:523.76M (Peak 523.76M) | Time:00:00.87 | Mem:0.00M, Peak:0.00M | Scene, ViewLayer | Synchronizing object | Window satin steel security bar.022
Fra:1 Mem:523.76M (Peak 523.76M) | Time:00:00.87 | Mem:0.00M, Peak:0.00M | Scene, ViewLayer | Synchronizing object | Window satin steel security bar.023
Fra:1 Mem:523.76M (Peak 523.76M) | Time:00:00.87 | Mem:0.00M, Peak:0.00M | Scene, ViewLayer | Synchronizing object | Window satin steel security bar.024
Fra:1 Mem:523.77M (Peak 523.77M) | Time:00:00.87 | Mem:0.00M, Peak:0.00M | Scene, ViewLayer | Synchronizing object | Sliding shutter guide channel.008
Fra:1 Mem:523.77M (Peak 523.77M) | Time:00:00.87 | Mem:0.00M, Peak:0.00M | Scene, ViewLayer | Synchronizing object | Louvred shutter side stile.016
Fra:1 Mem:523.80M (Peak 523.80M) | Time:00:00.87 | Mem:0.00M, Peak:0.00M | Scene, ViewLayer | Synchronizing object | Louvred shutter side stile.017
Fra:1 Mem:523.80M (Peak 523.80M) | Time:00:00.87 | Mem:0.00M, Peak:0.00M | Scene, ViewLayer | Synchronizing object | Louvred shutter end rail.016
Fra:1 Mem:523.80M (Peak 523.80M) | Time:00:00.87 | Mem:0.00M, Peak:0.00M | Scene, ViewLayer | Synchronizing object | Louvred shutter end rail.017
Fra:1 Mem:523.82M (Peak 523.82M) | Time:00:00.87 | Mem:0.00M, Peak:0.00M | Scene, ViewLayer | Synchronizing object | Shutter pressed sloping louvre blade.016
Fra:1 Mem:523.82M (Peak 523.82M) | Time:00:00.87 | Mem:0.00M, Peak:0.00M | Scene, ViewLayer | Synchronizing object | Shutter lift recessed grip.008
Fra:1 Mem:523.83M (Peak 523.83M) | Time:00:00.87 | Mem:0.00M, Peak:0.00M | Scene, ViewLayer | Synchronizing object | Louvred shutter side stile.018
Fra:1 Mem:523.83M (Peak 523.83M) | Time:00:00.87 | Mem:0.00M, Peak:0.00M | Scene, ViewLayer | Synchronizing object | Louvred shutter side stile.019
Fra:1 Mem:523.84M (Peak 523.84M) | Time:00:00.87 | Mem:0.00M, Peak:0.00M | Scene, ViewLayer | Synchronizing object | Louvred shutter end rail.018
Fra:1 Mem:523.85M (Peak 523.85M) | Time:00:00.87 | Mem:0.00M, Peak:0.00M | Scene, ViewLayer | Synchronizing object | Louvred shutter end rail.019
Fra:1 Mem:523.86M (Peak 523.86M) | Time:00:00.87 | Mem:0.00M, Peak:0.00M | Scene, ViewLayer | Synchronizing object | Shutter pressed sloping louvre blade.017
Fra:1 Mem:523.87M (Peak 523.87M) | Time:00:00.87 | Mem:0.00M, Peak:0.00M | Scene, ViewLayer | Synchronizing object | Shutter lift recessed grip.009
Fra:1 Mem:523.87M (Peak 523.87M) | Time:00:00.87 | Mem:0.00M, Peak:0.00M | Scene, ViewLayer | Synchronizing object | Window lower lock thumb tab.004
Fra:1 Mem:523.87M (Peak 523.87M) | Time:00:00.87 | Mem:0.00M, Peak:0.00M | Scene, ViewLayer | Synchronizing object | Rounded body aperture corner.005
Fra:1 Mem:523.90M (Peak 523.90M) | Time:00:00.87 | Mem:0.00M, Peak:0.00M | Scene, ViewLayer | Synchronizing object | Pressed window aperture corner infill.005
Fra:1 Mem:523.91M (Peak 523.91M) | Time:00:00.87 | Mem:0.00M, Peak:0.00M | Scene, ViewLayer | Synchronizing object | Window pressed reveal return.005
Fra:1 Mem:523.92M (Peak 523.92M) | Time:00:00.87 | Mem:0.00M, Peak:0.00M | Scene, ViewLayer | Synchronizing object | Continuous EPDM glazing gasket.005
Fra:1 Mem:523.93M (Peak 523.93M) | Time:00:00.87 | Mem:0.00M, Peak:0.00M | Scene, ViewLayer | Synchronizing object | Anodised window frame extrusion.005
Fra:1 Mem:523.93M (Peak 523.93M) | Time:00:00.87 | Mem:0.00M, Peak:0.00M | Scene, ViewLayer | Synchronizing object | Raised glass exposed lower strip.005
Fra:1 Mem:523.96M (Peak 523.96M) | Time:00:00.87 | Mem:0.00M, Peak:0.00M | Scene, ViewLayer | Synchronizing object | Raised glass lower rail.005
Fra:1 Mem:523.96M (Peak 523.96M) | Time:00:00.87 | Mem:0.00M, Peak:0.00M | Scene, ViewLayer | Synchronizing object | Interior rounded window sill.005
Fra:1 Mem:523.97M (Peak 523.97M) | Time:00:00.87 | Mem:0.00M, Peak:0.00M | Scene, ViewLayer | Synchronizing object | Window satin steel security bar.025
Fra:1 Mem:523.97M (Peak 523.97M) | Time:00:00.87 | Mem:0.00M, Peak:0.00M | Scene, ViewLayer | Synchronizing object | Window satin steel security bar.026
Fra:1 Mem:523.98M (Peak 523.98M) | Time:00:00.87 | Mem:0.00M, Peak:0.00M | Scene, ViewLayer | Synchronizing object | Window satin steel security bar.027
Fra:1 Mem:523.98M (Peak 523.98M) | Time:00:00.87 | Mem:0.00M, Peak:0.00M | Scene, ViewLayer | Synchronizing object | Window satin steel security bar.028
Fra:1 Mem:524.00M (Peak 524.00M) | Time:00:00.87 | Mem:0.00M, Peak:0.00M | Scene, ViewLayer | Synchronizing object | Window satin steel security bar.029
Fra:1 Mem:524.01M (Peak 524.01M) | Time:00:00.87 | Mem:0.00M, Peak:0.00M | Scene, ViewLayer | Synchronizing object | Sliding shutter guide channel.010
Fra:1 Mem:524.02M (Peak 524.02M) | Time:00:00.87 | Mem:0.00M, Peak:0.00M | Scene, ViewLayer | Synchronizing object | Sliding shutter guide channel.011
Fra:1 Mem:524.03M (Peak 524.03M) | Time:00:00.87 | Mem:0.00M, Peak:0.00M | Scene, ViewLayer | Synchronizing object | Louvred shutter side stile.020
Fra:1 Mem:524.03M (Peak 524.03M) | Time:00:00.87 | Mem:0.00M, Peak:0.00M | Scene, ViewLayer | Synchronizing object | Louvred shutter end rail.020
Fra:1 Mem:524.05M (Peak 524.05M) | Time:00:00.87 | Mem:0.00M, Peak:0.00M | Scene, ViewLayer | Synchronizing object | Louvred shutter end rail.021
Fra:1 Mem:524.05M (Peak 524.05M) | Time:00:00.87 | Mem:0.00M, Peak:0.00M | Scene, ViewLayer | Synchronizing object | Shutter pressed sloping louvre blade.018
Fra:1 Mem:524.06M (Peak 524.06M) | Time:00:00.87 | Mem:0.00M, Peak:0.00M | Scene, ViewLayer | Synchronizing object | Shutter pressed sloping louvre blade.019
Fra:1 Mem:524.07M (Peak 524.07M) | Time:00:00.87 | Mem:0.00M, Peak:0.00M | Scene, ViewLayer | Synchronizing object | Shutter pressed sloping louvre blade.020
Fra:1 Mem:524.07M (Peak 524.07M) | Time:00:00.87 | Mem:0.00M, Peak:0.00M | Scene, ViewLayer | Synchronizing object | Shutter pressed sloping louvre blade.021
Fra:1 Mem:524.07M (Peak 524.07M) | Time:00:00.87 | Mem:0.00M, Peak:0.00M | Scene, ViewLayer | Synchronizing object | Shutter pressed sloping louvre blade.022
Fra:1 Mem:524.07M (Peak 524.07M) | Time:00:00.87 | Mem:0.00M, Peak:0.00M | Scene, ViewLayer | Synchronizing object | Shutter pressed sloping louvre blade.023
Fra:1 Mem:524.07M (Peak 524.07M) | Time:00:00.87 | Mem:0.00M, Peak:0.00M | Scene, ViewLayer | Synchronizing object | Shutter pressed sloping louvre blade.024
Fra:1 Mem:524.07M (Peak 524.07M) | Time:00:00.87 | Mem:0.00M, Peak:0.00M | Scene, ViewLayer | Synchronizing object | Shutter pressed sloping louvre blade.026
Fra:1 Mem:524.07M (Peak 524.07M) | Time:00:00.87 | Mem:0.00M, Peak:0.00M | Scene, ViewLayer | Synchronizing object | Shutter pressed sloping louvre blade.027
Fra:1 Mem:524.07M (Peak 524.07M) | Time:00:00.87 | Mem:0.00M, Peak:0.00M | Scene, ViewLayer | Synchronizing object | Louvred shutter side stile.022
Fra:1 Mem:524.09M (Peak 524.09M) | Time:00:00.87 | Mem:0.00M, Peak:0.00M | Scene, ViewLayer | Synchronizing object | Louvred shutter side stile.023
Fra:1 Mem:524.10M (Peak 524.10M) | Time:00:00.87 | Mem:0.00M, Peak:0.00M | Scene, ViewLayer | Synchronizing object | Louvred shutter end rail.022
Fra:1 Mem:524.11M (Peak 524.11M) | Time:00:00.87 | Mem:0.00M, Peak:0.00M | Scene, ViewLayer | Synchronizing object | Louvred shutter end rail.023
Fra:1 Mem:524.11M (Peak 524.11M) | Time:00:00.87 | Mem:0.00M, Peak:0.00M | Scene, ViewLayer | Synchronizing object | Shutter pressed sloping louvre blade.028
Fra:1 Mem:524.12M (Peak 524.12M) | Time:00:00.87 | Mem:0.00M, Peak:0.00M | Scene, ViewLayer | Synchronizing object | Shutter pressed sloping louvre blade.029
Fra:1 Mem:524.12M (Peak 524.12M) | Time:00:00.87 | Mem:0.00M, Peak:0.00M | Scene, ViewLayer | Synchronizing object | Shutter pressed sloping louvre blade.030
Fra:1 Mem:524.12M (Peak 524.12M) | Time:00:00.87 | Mem:0.00M, Peak:0.00M | Scene, ViewLayer | Synchronizing object | Shutter pressed sloping louvre blade.032
Fra:1 Mem:524.12M (Peak 524.12M) | Time:00:00.87 | Mem:0.00M, Peak:0.00M | Scene, ViewLayer | Synchronizing object | Shutter pressed sloping louvre blade.033
Fra:1 Mem:524.12M (Peak 524.12M) | Time:00:00.87 | Mem:0.00M, Peak:0.00M | Scene, ViewLayer | Synchronizing object | Shutter pressed sloping louvre blade.034
Fra:1 Mem:524.13M (Peak 524.13M) | Time:00:00.87 | Mem:0.00M, Peak:0.00M | Scene, ViewLayer | Synchronizing object | Shutter pressed sloping louvre blade.035
Fra:1 Mem:524.13M (Peak 524.13M) | Time:00:00.87 | Mem:0.00M, Peak:0.00M | Scene, ViewLayer | Synchronizing object | Shutter pressed sloping louvre blade.037
Fra:1 Mem:524.13M (Peak 524.13M) | Time:00:00.87 | Mem:0.00M, Peak:0.00M | Scene, ViewLayer | Synchronizing object | Shutter lift recessed grip.011
Fra:1 Mem:524.13M (Peak 524.13M) | Time:00:00.87 | Mem:0.00M, Peak:0.00M | Scene, ViewLayer | Synchronizing object | Window lower lock thumb tab.005
Fra:1 Mem:524.15M (Peak 524.15M) | Time:00:00.87 | Mem:0.00M, Peak:0.00M | Scene, ViewLayer | Synchronizing object | Pressed window aperture corner infill.006
Fra:1 Mem:524.15M (Peak 524.15M) | Time:00:00.87 | Mem:0.00M, Peak:0.00M | Scene, ViewLayer | Synchronizing object | Window pressed reveal return.006
Fra:1 Mem:524.19M (Peak 524.19M) | Time:00:00.87 | Mem:0.00M, Peak:0.00M | Scene, ViewLayer | Synchronizing object | Continuous EPDM glazing gasket.006
Fra:1 Mem:524.19M (Peak 524.19M) | Time:00:00.87 | Mem:0.00M, Peak:0.00M | Scene, ViewLayer | Synchronizing object | Raised glass exposed lower strip.006
Fra:1 Mem:524.24M (Peak 524.24M) | Time:00:00.87 | Mem:0.00M, Peak:0.00M | Scene, ViewLayer | Synchronizing object | Raised glass lower rail.006
Fra:1 Mem:524.25M (Peak 524.25M) | Time:00:00.87 | Mem:0.00M, Peak:0.00M | Scene, ViewLayer | Synchronizing object | Interior rounded window sill.006
Fra:1 Mem:524.25M (Peak 524.25M) | Time:00:00.87 | Mem:0.00M, Peak:0.00M | Scene, ViewLayer | Synchronizing object | Window satin steel security bar.030
Fra:1 Mem:524.26M (Peak 524.26M) | Time:00:00.87 | Mem:0.00M, Peak:0.00M | Scene, ViewLayer | Synchronizing object | Window satin steel security bar.031
Fra:1 Mem:524.26M (Peak 524.26M) | Time:00:00.87 | Mem:0.00M, Peak:0.00M | Scene, ViewLayer | Synchronizing object | Window satin steel security bar.032
Fra:1 Mem:524.27M (Peak 524.27M) | Time:00:00.87 | Mem:0.00M, Peak:0.00M | Scene, ViewLayer | Synchronizing object | Window satin steel security bar.033
Fra:1 Mem:524.27M (Peak 524.27M) | Time:00:00.87 | Mem:0.00M, Peak:0.00M | Scene, ViewLayer | Synchronizing object | Window satin steel security bar.034
Fra:1 Mem:524.28M (Peak 524.28M) | Time:00:00.87 | Mem:0.00M, Peak:0.00M | Scene, ViewLayer | Synchronizing object | Sliding shutter guide channel.012
Fra:1 Mem:524.28M (Peak 524.28M) | Time:00:00.87 | Mem:0.00M, Peak:0.00M | Scene, ViewLayer | Synchronizing object | Sliding shutter guide channel.013
Fra:1 Mem:524.28M (Peak 524.28M) | Time:00:00.87 | Mem:0.00M, Peak:0.00M | Scene, ViewLayer | Synchronizing object | Louvred shutter side stile.024
Fra:1 Mem:524.30M (Peak 524.30M) | Time:00:00.87 | Mem:0.00M, Peak:0.00M | Scene, ViewLayer | Synchronizing object | Louvred shutter side stile.025
Fra:1 Mem:524.30M (Peak 524.30M) | Time:00:00.87 | Mem:0.00M, Peak:0.00M | Scene, ViewLayer | Synchronizing object | Louvred shutter end rail.025
Fra:1 Mem:524.33M (Peak 524.33M) | Time:00:00.87 | Mem:0.00M, Peak:0.00M | Scene, ViewLayer | Synchronizing object | Shutter pressed sloping louvre blade.038
Fra:1 Mem:524.33M (Peak 524.33M) | Time:00:00.87 | Mem:0.00M, Peak:0.00M | Scene, ViewLayer | Synchronizing object | Louvred shutter side stile.026
Fra:1 Mem:524.34M (Peak 524.34M) | Time:00:00.87 | Mem:0.00M, Peak:0.00M | Scene, ViewLayer | Synchronizing object | Louvred shutter side stile.027
Fra:1 Mem:524.35M (Peak 524.35M) | Time:00:00.87 | Mem:0.00M, Peak:0.00M | Scene, ViewLayer | Synchronizing object | Louvred shutter end rail.026
Fra:1 Mem:524.36M (Peak 524.36M) | Time:00:00.87 | Mem:0.00M, Peak:0.00M | Scene, ViewLayer | Synchronizing object | Louvred shutter end rail.027
Fra:1 Mem:524.36M (Peak 524.36M) | Time:00:00.87 | Mem:0.00M, Peak:0.00M | Scene, ViewLayer | Synchronizing object | Shutter pressed sloping louvre blade.039
Fra:1 Mem:524.37M (Peak 524.37M) | Time:00:00.87 | Mem:0.00M, Peak:0.00M | Scene, ViewLayer | Synchronizing object | Shutter lift recessed grip.013
Fra:1 Mem:524.37M (Peak 524.37M) | Time:00:00.87 | Mem:0.00M, Peak:0.00M | Scene, ViewLayer | Synchronizing object | Window lower lock thumb tab.006
Fra:1 Mem:524.39M (Peak 524.39M) | Time:00:00.87 | Mem:0.00M, Peak:0.00M | Scene, ViewLayer | Synchronizing object | Rounded body aperture corner.007
Fra:1 Mem:524.39M (Peak 524.39M) | Time:00:00.87 | Mem:0.00M, Peak:0.00M | Scene, ViewLayer | Synchronizing object | Pressed window aperture corner infill.007
Fra:1 Mem:524.41M (Peak 524.41M) | Time:00:00.87 | Mem:0.00M, Peak:0.00M | Scene, ViewLayer | Synchronizing object | Window pressed reveal return.007
Fra:1 Mem:524.43M (Peak 524.43M) | Time:00:00.87 | Mem:0.00M, Peak:0.00M | Scene, ViewLayer | Synchronizing object | Continuous EPDM glazing gasket.007
Fra:1 Mem:524.43M (Peak 524.43M) | Time:00:00.87 | Mem:0.00M, Peak:0.00M | Scene, ViewLayer | Synchronizing object | Anodised window frame extrusion.007
Fra:1 Mem:524.47M (Peak 524.47M) | Time:00:00.87 | Mem:0.00M, Peak:0.00M | Scene, ViewLayer | Synchronizing object | Raised glass exposed lower strip.007
Fra:1 Mem:524.48M (Peak 524.48M) | Time:00:00.87 | Mem:0.00M, Peak:0.00M | Scene, ViewLayer | Synchronizing object | Raised glass lower rail.007
Fra:1 Mem:524.49M (Peak 524.49M) | Time:00:00.87 | Mem:0.00M, Peak:0.00M | Scene, ViewLayer | Synchronizing object | Interior rounded window sill.007
Fra:1 Mem:524.49M (Peak 524.49M) | Time:00:00.87 | Mem:0.00M, Peak:0.00M | Scene, ViewLayer | Synchronizing object | Window satin steel security bar.035
Fra:1 Mem:524.50M (Peak 524.50M) | Time:00:00.87 | Mem:0.00M, Peak:0.00M | Scene, ViewLayer | Synchronizing object | Window satin steel security bar.036
Fra:1 Mem:524.51M (Peak 524.51M) | Time:00:00.87 | Mem:0.00M, Peak:0.00M | Scene, ViewLayer | Synchronizing object | Window satin steel security bar.037
Fra:1 Mem:524.51M (Peak 524.51M) | Time:00:00.87 | Mem:0.00M, Peak:0.00M | Scene, ViewLayer | Synchronizing object | Window satin steel security bar.039
Fra:1 Mem:524.52M (Peak 524.52M) | Time:00:00.87 | Mem:0.00M, Peak:0.00M | Scene, ViewLayer | Synchronizing object | Sliding shutter guide channel.014
Fra:1 Mem:524.52M (Peak 524.52M) | Time:00:00.87 | Mem:0.00M, Peak:0.00M | Scene, ViewLayer | Synchronizing object | Sliding shutter guide channel.015
Fra:1 Mem:524.53M (Peak 524.53M) | Time:00:00.87 | Mem:0.00M, Peak:0.00M | Scene, ViewLayer | Synchronizing object | Louvred shutter side stile.028
Fra:1 Mem:524.54M (Peak 524.54M) | Time:00:00.87 | Mem:0.00M, Peak:0.00M | Scene, ViewLayer | Synchronizing object | Louvred shutter side stile.029
Fra:1 Mem:524.55M (Peak 524.55M) | Time:00:00.87 | Mem:0.00M, Peak:0.00M | Scene, ViewLayer | Synchronizing object | Louvred shutter end rail.028
Fra:1 Mem:524.56M (Peak 524.56M) | Time:00:00.87 | Mem:0.00M, Peak:0.00M | Scene, ViewLayer | Synchronizing object | Louvred shutter end rail.029
Fra:1 Mem:524.57M (Peak 524.57M) | Time:00:00.87 | Mem:0.00M, Peak:0.00M | Scene, ViewLayer | Synchronizing object | Shutter pressed sloping louvre blade.040
Fra:1 Mem:524.57M (Peak 524.57M) | Time:00:00.87 | Mem:0.00M, Peak:0.00M | Scene, ViewLayer | Synchronizing object | Shutter pressed sloping louvre blade.041
Fra:1 Mem:524.57M (Peak 524.57M) | Time:00:00.87 | Mem:0.00M, Peak:0.00M | Scene, ViewLayer | Synchronizing object | Shutter pressed sloping louvre blade.042
Fra:1 Mem:524.57M (Peak 524.57M) | Time:00:00.87 | Mem:0.00M, Peak:0.00M | Scene, ViewLayer | Synchronizing object | Louvred shutter side stile.030
Fra:1 Mem:524.59M (Peak 524.59M) | Time:00:00.87 | Mem:0.00M, Peak:0.00M | Scene, ViewLayer | Synchronizing object | Louvred shutter side stile.031
Fra:1 Mem:524.60M (Peak 524.60M) | Time:00:00.87 | Mem:0.00M, Peak:0.00M | Scene, ViewLayer | Synchronizing object | Louvred shutter end rail.030
Fra:1 Mem:524.61M (Peak 524.61M) | Time:00:00.87 | Mem:0.00M, Peak:0.00M | Scene, ViewLayer | Synchronizing object | Louvred shutter end rail.031
Fra:1 Mem:524.61M (Peak 524.61M) | Time:00:00.87 | Mem:0.00M, Peak:0.00M | Scene, ViewLayer | Synchronizing object | Shutter pressed sloping louvre blade.043
Fra:1 Mem:524.62M (Peak 524.62M) | Time:00:00.87 | Mem:0.00M, Peak:0.00M | Scene, ViewLayer | Synchronizing object | Shutter pressed sloping louvre blade.044
Fra:1 Mem:524.62M (Peak 524.62M) | Time:00:00.87 | Mem:0.00M, Peak:0.00M | Scene, ViewLayer | Synchronizing object | Shutter pressed sloping louvre blade.045
Fra:1 Mem:524.62M (Peak 524.62M) | Time:00:00.87 | Mem:0.00M, Peak:0.00M | Scene, ViewLayer | Synchronizing object | Window lower lock thumb tab.007
Fra:1 Mem:524.63M (Peak 524.63M) | Time:00:00.87 | Mem:0.00M, Peak:0.00M | Scene, ViewLayer | Synchronizing object | Rounded body aperture corner.008
Fra:1 Mem:524.65M (Peak 524.65M) | Time:00:00.87 | Mem:0.00M, Peak:0.00M | Scene, ViewLayer | Synchronizing object | Pressed window aperture corner infill.008
Fra:1 Mem:524.67M (Peak 524.67M) | Time:00:00.87 | Mem:0.00M, Peak:0.00M | Scene, ViewLayer | Synchronizing object | Window pressed reveal return.008
Fra:1 Mem:524.67M (Peak 524.67M) | Time:00:00.87 | Mem:0.00M, Peak:0.00M | Scene, ViewLayer | Synchronizing object | Continuous EPDM glazing gasket.008
Fra:1 Mem:524.69M (Peak 524.69M) | Time:00:00.87 | Mem:0.00M, Peak:0.00M | Scene, ViewLayer | Synchronizing object | Anodised window frame extrusion.008
Fra:1 Mem:524.70M (Peak 524.70M) | Time:00:00.87 | Mem:0.00M, Peak:0.00M | Scene, ViewLayer | Synchronizing object | Raised glass exposed lower strip.008
Fra:1 Mem:524.73M (Peak 524.73M) | Time:00:00.87 | Mem:0.00M, Peak:0.00M | Scene, ViewLayer | Synchronizing object | Raised glass lower rail.008
Fra:1 Mem:524.74M (Peak 524.74M) | Time:00:00.87 | Mem:0.00M, Peak:0.00M | Scene, ViewLayer | Synchronizing object | Interior rounded window sill.008
Fra:1 Mem:524.74M (Peak 524.74M) | Time:00:00.87 | Mem:0.00M, Peak:0.00M | Scene, ViewLayer | Synchronizing object | Window satin steel security bar.040
Fra:1 Mem:524.75M (Peak 524.75M) | Time:00:00.87 | Mem:0.00M, Peak:0.00M | Scene, ViewLayer | Synchronizing object | Window satin steel security bar.041
Fra:1 Mem:524.76M (Peak 524.76M) | Time:00:00.87 | Mem:0.00M, Peak:0.00M | Scene, ViewLayer | Synchronizing object | Window satin steel security bar.042
Fra:1 Mem:524.76M (Peak 524.76M) | Time:00:00.87 | Mem:0.00M, Peak:0.00M | Scene, ViewLayer | Synchronizing object | Window satin steel security bar.043
Fra:1 Mem:524.76M (Peak 524.76M) | Time:00:00.87 | Mem:0.00M, Peak:0.00M | Scene, ViewLayer | Synchronizing object | Sliding shutter guide channel.016
Fra:1 Mem:524.78M (Peak 524.78M) | Time:00:00.87 | Mem:0.00M, Peak:0.00M | Scene, ViewLayer | Synchronizing object | Sliding shutter guide channel.017
Fra:1 Mem:524.78M (Peak 524.78M) | Time:00:00.87 | Mem:0.00M, Peak:0.00M | Scene, ViewLayer | Synchronizing object | Louvred shutter side stile.032
Fra:1 Mem:524.79M (Peak 524.79M) | Time:00:00.87 | Mem:0.00M, Peak:0.00M | Scene, ViewLayer | Synchronizing object | Louvred shutter side stile.033
Fra:1 Mem:524.80M (Peak 524.80M) | Time:00:00.87 | Mem:0.00M, Peak:0.00M | Scene, ViewLayer | Synchronizing object | Louvred shutter end rail.032
Fra:1 Mem:524.81M (Peak 524.81M) | Time:00:00.87 | Mem:0.00M, Peak:0.00M | Scene, ViewLayer | Synchronizing object | Louvred shutter end rail.033
Fra:1 Mem:524.81M (Peak 524.81M) | Time:00:00.87 | Mem:0.00M, Peak:0.00M | Scene, ViewLayer | Synchronizing object | Shutter pressed sloping louvre blade.046
Fra:1 Mem:524.82M (Peak 524.82M) | Time:00:00.87 | Mem:0.00M, Peak:0.00M | Scene, ViewLayer | Synchronizing object | Shutter lift recessed grip.016
Fra:1 Mem:524.83M (Peak 524.83M) | Time:00:00.87 | Mem:0.00M, Peak:0.00M | Scene, ViewLayer | Synchronizing object | Louvred shutter side stile.035
Fra:1 Mem:524.85M (Peak 524.85M) | Time:00:00.87 | Mem:0.00M, Peak:0.00M | Scene, ViewLayer | Synchronizing object | Louvred shutter end rail.034
Fra:1 Mem:524.85M (Peak 524.85M) | Time:00:00.87 | Mem:0.00M, Peak:0.00M | Scene, ViewLayer | Synchronizing object | Louvred shutter end rail.035
Fra:1 Mem:524.86M (Peak 524.86M) | Time:00:00.87 | Mem:0.00M, Peak:0.00M | Scene, ViewLayer | Synchronizing object | Shutter pressed sloping louvre blade.047
Fra:1 Mem:524.87M (Peak 524.87M) | Time:00:00.87 | Mem:0.00M, Peak:0.00M | Scene, ViewLayer | Synchronizing object | Shutter lift recessed grip.017
Fra:1 Mem:524.87M (Peak 524.87M) | Time:00:00.87 | Mem:0.00M, Peak:0.00M | Scene, ViewLayer | Synchronizing object | Window lower lock thumb tab.008
Fra:1 Mem:524.87M (Peak 524.87M) | Time:00:00.87 | Mem:0.00M, Peak:0.00M | Scene, ViewLayer | Synchronizing object | Rounded body aperture corner.009
Fra:1 Mem:524.90M (Peak 524.90M) | Time:00:00.87 | Mem:0.00M, Peak:0.00M | Scene, ViewLayer | Synchronizing object | Pressed window aperture corner infill.009
Fra:1 Mem:524.91M (Peak 524.91M) | Time:00:00.87 | Mem:0.00M, Peak:0.00M | Scene, ViewLayer | Synchronizing object | Window pressed reveal return.009
Fra:1 Mem:524.92M (Peak 524.92M) | Time:00:00.87 | Mem:0.00M, Peak:0.00M | Scene, ViewLayer | Synchronizing object | Continuous EPDM glazing gasket.009
Fra:1 Mem:524.93M (Peak 524.93M) | Time:00:00.87 | Mem:0.00M, Peak:0.00M | Scene, ViewLayer | Synchronizing object | Anodised window frame extrusion.009
Fra:1 Mem:524.94M (Peak 524.94M) | Time:00:00.87 | Mem:0.00M, Peak:0.00M | Scene, ViewLayer | Synchronizing object | Raised glass exposed lower strip.009
Fra:1 Mem:524.98M (Peak 524.98M) | Time:00:00.87 | Mem:0.00M, Peak:0.00M | Scene, ViewLayer | Synchronizing object | Raised glass lower rail.009
Fra:1 Mem:524.98M (Peak 524.98M) | Time:00:00.87 | Mem:0.00M, Peak:0.00M | Scene, ViewLayer | Synchronizing object | Window satin steel security bar.045
Fra:1 Mem:525.00M (Peak 525.00M) | Time:00:00.87 | Mem:0.00M, Peak:0.00M | Scene, ViewLayer | Synchronizing object | Window satin steel security bar.046
Fra:1 Mem:525.00M (Peak 525.00M) | Time:00:00.87 | Mem:0.00M, Peak:0.00M | Scene, ViewLayer | Synchronizing object | Window satin steel security bar.047
Fra:1 Mem:525.01M (Peak 525.01M) | Time:00:00.87 | Mem:0.00M, Peak:0.00M | Scene, ViewLayer | Synchronizing object | Window satin steel security bar.048
Fra:1 Mem:525.01M (Peak 525.01M) | Time:00:00.87 | Mem:0.00M, Peak:0.00M | Scene, ViewLayer | Synchronizing object | Window satin steel security bar.049
Fra:1 Mem:525.01M (Peak 525.01M) | Time:00:00.87 | Mem:0.00M, Peak:0.00M | Scene, ViewLayer | Synchronizing object | Sliding shutter guide channel.018
Fra:1 Mem:525.02M (Peak 525.02M) | Time:00:00.87 | Mem:0.00M, Peak:0.00M | Scene, ViewLayer | Synchronizing object | Sliding shutter guide channel.019
Fra:1 Mem:525.03M (Peak 525.03M) | Time:00:00.87 | Mem:0.00M, Peak:0.00M | Scene, ViewLayer | Synchronizing object | Louvred shutter side stile.036
Fra:1 Mem:525.03M (Peak 525.03M) | Time:00:00.87 | Mem:0.00M, Peak:0.00M | Scene, ViewLayer | Synchronizing object | Louvred shutter side stile.037
Fra:1 Mem:525.04M (Peak 525.04M) | Time:00:00.87 | Mem:0.00M, Peak:0.00M | Scene, ViewLayer | Synchronizing object | Louvred shutter end rail.036
Fra:1 Mem:525.05M (Peak 525.05M) | Time:00:00.87 | Mem:0.00M, Peak:0.00M | Scene, ViewLayer | Synchronizing object | Louvred shutter end rail.037
Fra:1 Mem:525.06M (Peak 525.06M) | Time:00:00.87 | Mem:0.00M, Peak:0.00M | Scene, ViewLayer | Synchronizing object | Shutter pressed sloping louvre blade.048
Fra:1 Mem:525.07M (Peak 525.07M) | Time:00:00.87 | Mem:0.00M, Peak:0.00M | Scene, ViewLayer | Synchronizing object | Shutter lift recessed grip.018
Fra:1 Mem:525.07M (Peak 525.07M) | Time:00:00.87 | Mem:0.00M, Peak:0.00M | Scene, ViewLayer | Synchronizing object | Louvred shutter side stile.038
Fra:1 Mem:525.07M (Peak 525.07M) | Time:00:00.87 | Mem:0.00M, Peak:0.00M | Scene, ViewLayer | Synchronizing object | Louvred shutter side stile.039
Fra:1 Mem:525.09M (Peak 525.09M) | Time:00:00.87 | Mem:0.00M, Peak:0.00M | Scene, ViewLayer | Synchronizing object | Louvred shutter end rail.038
Fra:1 Mem:525.10M (Peak 525.10M) | Time:00:00.87 | Mem:0.00M, Peak:0.00M | Scene, ViewLayer | Synchronizing object | Louvred shutter end rail.039
Fra:1 Mem:525.11M (Peak 525.11M) | Time:00:00.87 | Mem:0.00M, Peak:0.00M | Scene, ViewLayer | Synchronizing object | Shutter pressed sloping louvre blade.049
Fra:1 Mem:525.11M (Peak 525.11M) | Time:00:00.87 | Mem:0.00M, Peak:0.00M | Scene, ViewLayer | Synchronizing object | Window lower lock thumb tab.009
Fra:1 Mem:525.11M (Peak 525.11M) | Time:00:00.87 | Mem:0.00M, Peak:0.00M | Scene, ViewLayer | Synchronizing object | Rounded body aperture corner.010
Fra:1 Mem:525.13M (Peak 525.13M) | Time:00:00.87 | Mem:0.00M, Peak:0.00M | Scene, ViewLayer | Synchronizing object | Pressed window aperture corner infill.010
Fra:1 Mem:525.16M (Peak 525.16M) | Time:00:00.87 | Mem:0.00M, Peak:0.00M | Scene, ViewLayer | Synchronizing object | Window pressed reveal return.010
Fra:1 Mem:525.16M (Peak 525.16M) | Time:00:00.87 | Mem:0.00M, Peak:0.00M | Scene, ViewLayer | Synchronizing object | Continuous EPDM glazing gasket.010
Fra:1 Mem:525.17M (Peak 525.17M) | Time:00:00.87 | Mem:0.00M, Peak:0.00M | Scene, ViewLayer | Synchronizing object | Anodised window frame extrusion.010
Fra:1 Mem:525.19M (Peak 525.19M) | Time:00:00.87 | Mem:0.00M, Peak:0.00M | Scene, ViewLayer | Synchronizing object | Raised glass exposed lower strip.010
Fra:1 Mem:525.22M (Peak 525.22M) | Time:00:00.87 | Mem:0.00M, Peak:0.00M | Scene, ViewLayer | Synchronizing object | Raised glass lower rail.010
Fra:1 Mem:525.22M (Peak 525.22M) | Time:00:00.87 | Mem:0.00M, Peak:0.00M | Scene, ViewLayer | Synchronizing object | Window satin steel security bar.050
Fra:1 Mem:525.24M (Peak 525.24M) | Time:00:00.87 | Mem:0.00M, Peak:0.00M | Scene, ViewLayer | Synchronizing object | Window satin steel security bar.051
Fra:1 Mem:525.25M (Peak 525.25M) | Time:00:00.87 | Mem:0.00M, Peak:0.00M | Scene, ViewLayer | Synchronizing object | Window satin steel security bar.052
Fra:1 Mem:525.25M (Peak 525.25M) | Time:00:00.87 | Mem:0.00M, Peak:0.00M | Scene, ViewLayer | Synchronizing object | Window satin steel security bar.053
Fra:1 Mem:525.25M (Peak 525.25M) | Time:00:00.87 | Mem:0.00M, Peak:0.00M | Scene, ViewLayer | Synchronizing object | Window satin steel security bar.054
Fra:1 Mem:525.26M (Peak 525.26M) | Time:00:00.87 | Mem:0.00M, Peak:0.00M | Scene, ViewLayer | Synchronizing object | Sliding shutter guide channel.020
Fra:1 Mem:525.26M (Peak 525.26M) | Time:00:00.87 | Mem:0.00M, Peak:0.00M | Scene, ViewLayer | Synchronizing object | Sliding shutter guide channel.021
Fra:1 Mem:525.27M (Peak 525.27M) | Time:00:00.87 | Mem:0.00M, Peak:0.00M | Scene, ViewLayer | Synchronizing object | Louvred shutter side stile.040
Fra:1 Mem:525.28M (Peak 525.28M) | Time:00:00.87 | Mem:0.00M, Peak:0.00M | Scene, ViewLayer | Synchronizing object | Louvred shutter side stile.041
Fra:1 Mem:525.29M (Peak 525.29M) | Time:00:00.87 | Mem:0.00M, Peak:0.00M | Scene, ViewLayer | Synchronizing object | Louvred shutter end rail.040
Fra:1 Mem:525.30M (Peak 525.30M) | Time:00:00.87 | Mem:0.00M, Peak:0.00M | Scene, ViewLayer | Synchronizing object | Louvred shutter end rail.041
Fra:1 Mem:525.30M (Peak 525.30M) | Time:00:00.87 | Mem:0.00M, Peak:0.00M | Scene, ViewLayer | Synchronizing object | Shutter pressed sloping louvre blade.050
Fra:1 Mem:525.31M (Peak 525.31M) | Time:00:00.87 | Mem:0.00M, Peak:0.00M | Scene, ViewLayer | Synchronizing object | Shutter lift recessed grip.020
Fra:1 Mem:525.31M (Peak 525.31M) | Time:00:00.87 | Mem:0.00M, Peak:0.00M | Scene, ViewLayer | Synchronizing object | Louvred shutter side stile.042
Fra:1 Mem:525.33M (Peak 525.33M) | Time:00:00.87 | Mem:0.00M, Peak:0.00M | Scene, ViewLayer | Synchronizing object | Louvred shutter side stile.043
Fra:1 Mem:525.34M (Peak 525.34M) | Time:00:00.87 | Mem:0.00M, Peak:0.00M | Scene, ViewLayer | Synchronizing object | Louvred shutter end rail.042
Fra:1 Mem:525.34M (Peak 525.34M) | Time:00:00.87 | Mem:0.00M, Peak:0.00M | Scene, ViewLayer | Synchronizing object | Louvred shutter end rail.043
Fra:1 Mem:525.35M (Peak 525.35M) | Time:00:00.87 | Mem:0.00M, Peak:0.00M | Scene, ViewLayer | Synchronizing object | Shutter pressed sloping louvre blade.051
Fra:1 Mem:525.36M (Peak 525.36M) | Time:00:00.87 | Mem:0.00M, Peak:0.00M | Scene, ViewLayer | Synchronizing object | Shutter lift recessed grip.021
Fra:1 Mem:525.36M (Peak 525.36M) | Time:00:00.87 | Mem:0.00M, Peak:0.00M | Scene, ViewLayer | Synchronizing object | Window lower lock thumb tab.010
Fra:1 Mem:525.37M (Peak 525.37M) | Time:00:00.87 | Mem:0.00M, Peak:0.00M | Scene, ViewLayer | Synchronizing object | Rounded body aperture corner.011
Fra:1 Mem:525.38M (Peak 525.38M) | Time:00:00.87 | Mem:0.00M, Peak:0.00M | Scene, ViewLayer | Synchronizing object | Pressed window aperture corner infill.011
Fra:1 Mem:525.40M (Peak 525.40M) | Time:00:00.87 | Mem:0.00M, Peak:0.00M | Scene, ViewLayer | Synchronizing object | Window pressed reveal return.011
Fra:1 Mem:525.40M (Peak 525.40M) | Time:00:00.87 | Mem:0.00M, Peak:0.00M | Scene, ViewLayer | Synchronizing object | Continuous EPDM glazing gasket.011
Fra:1 Mem:525.43M (Peak 525.43M) | Time:00:00.87 | Mem:0.00M, Peak:0.00M | Scene, ViewLayer | Synchronizing object | Anodised window frame extrusion.011
Fra:1 Mem:525.44M (Peak 525.44M) | Time:00:00.87 | Mem:0.00M, Peak:0.00M | Scene, ViewLayer | Synchronizing object | Raised glass exposed lower strip.011
Fra:1 Mem:525.46M (Peak 525.46M) | Time:00:00.87 | Mem:0.00M, Peak:0.00M | Scene, ViewLayer | Synchronizing object | Raised glass lower rail.011
Fra:1 Mem:525.48M (Peak 525.48M) | Time:00:00.87 | Mem:0.00M, Peak:0.00M | Scene, ViewLayer | Synchronizing object | Interior rounded window sill.011
Fra:1 Mem:525.48M (Peak 525.48M) | Time:00:00.87 | Mem:0.00M, Peak:0.00M | Scene, ViewLayer | Synchronizing object | Window satin steel security bar.055
Fra:1 Mem:525.50M (Peak 525.50M) | Time:00:00.87 | Mem:0.00M, Peak:0.00M | Scene, ViewLayer | Synchronizing object | Window satin steel security bar.056
Fra:1 Mem:525.51M (Peak 525.51M) | Time:00:00.87 | Mem:0.00M, Peak:0.00M | Scene, ViewLayer | Synchronizing object | Window satin steel security bar.057
Fra:1 Mem:525.50M (Peak 525.51M) | Time:00:00.87 | Mem:0.00M, Peak:0.00M | Scene, ViewLayer | Synchronizing object | Window satin steel security bar.059
Fra:1 Mem:525.50M (Peak 525.51M) | Time:00:00.87 | Mem:0.00M, Peak:0.00M | Scene, ViewLayer | Synchronizing object | Sliding shutter guide channel.022
Fra:1 Mem:525.51M (Peak 525.51M) | Time:00:00.87 | Mem:0.00M, Peak:0.00M | Scene, ViewLayer | Synchronizing object | Sliding shutter guide channel.023
Fra:1 Mem:525.51M (Peak 525.51M) | Time:00:00.87 | Mem:0.00M, Peak:0.00M | Scene, ViewLayer | Synchronizing object | Louvred shutter side stile.044
Fra:1 Mem:525.53M (Peak 525.53M) | Time:00:00.87 | Mem:0.00M, Peak:0.00M | Scene, ViewLayer | Synchronizing object | Louvred shutter side stile.045
Fra:1 Mem:525.54M (Peak 525.54M) | Time:00:00.87 | Mem:0.00M, Peak:0.00M | Scene, ViewLayer | Synchronizing object | Louvred shutter end rail.044
Fra:1 Mem:525.54M (Peak 525.54M) | Time:00:00.87 | Mem:0.00M, Peak:0.00M | Scene, ViewLayer | Synchronizing object | Louvred shutter end rail.045
Fra:1 Mem:525.55M (Peak 525.55M) | Time:00:00.87 | Mem:0.00M, Peak:0.00M | Scene, ViewLayer | Synchronizing object | Shutter pressed sloping louvre blade.052
Fra:1 Mem:525.56M (Peak 525.56M) | Time:00:00.87 | Mem:0.00M, Peak:0.00M | Scene, ViewLayer | Synchronizing object | Shutter pressed sloping louvre blade.053
Fra:1 Mem:525.56M (Peak 525.56M) | Time:00:00.87 | Mem:0.00M, Peak:0.00M | Scene, ViewLayer | Synchronizing object | Shutter pressed sloping louvre blade.054
Fra:1 Mem:525.56M (Peak 525.56M) | Time:00:00.87 | Mem:0.00M, Peak:0.00M | Scene, ViewLayer | Synchronizing object | Shutter pressed sloping louvre blade.056
Fra:1 Mem:525.56M (Peak 525.56M) | Time:00:00.87 | Mem:0.00M, Peak:0.00M | Scene, ViewLayer | Synchronizing object | Shutter lift recessed grip.022
Fra:1 Mem:525.57M (Peak 525.57M) | Time:00:00.87 | Mem:0.00M, Peak:0.00M | Scene, ViewLayer | Synchronizing object | Louvred shutter side stile.046
Fra:1 Mem:525.58M (Peak 525.58M) | Time:00:00.87 | Mem:0.00M, Peak:0.00M | Scene, ViewLayer | Synchronizing object | Louvred shutter side stile.047
Fra:1 Mem:525.58M (Peak 525.58M) | Time:00:00.87 | Mem:0.00M, Peak:0.00M | Scene, ViewLayer | Synchronizing object | Louvred shutter end rail.046
Fra:1 Mem:525.60M (Peak 525.60M) | Time:00:00.87 | Mem:0.00M, Peak:0.00M | Scene, ViewLayer | Synchronizing object | Louvred shutter end rail.047
Fra:1 Mem:525.61M (Peak 525.61M) | Time:00:00.87 | Mem:0.00M, Peak:0.00M | Scene, ViewLayer | Synchronizing object | Shutter pressed sloping louvre blade.057
Fra:1 Mem:525.61M (Peak 525.61M) | Time:00:00.87 | Mem:0.00M, Peak:0.00M | Scene, ViewLayer | Synchronizing object | Shutter pressed sloping louvre blade.058
Fra:1 Mem:525.61M (Peak 525.61M) | Time:00:00.87 | Mem:0.00M, Peak:0.00M | Scene, ViewLayer | Synchronizing object | Shutter pressed sloping louvre blade.059
Fra:1 Mem:525.61M (Peak 525.61M) | Time:00:00.87 | Mem:0.00M, Peak:0.00M | Scene, ViewLayer | Synchronizing object | Shutter pressed sloping louvre blade.060
Fra:1 Mem:525.61M (Peak 525.61M) | Time:00:00.87 | Mem:0.00M, Peak:0.00M | Scene, ViewLayer | Synchronizing object | Shutter lift recessed grip.023
Fra:1 Mem:525.61M (Peak 525.61M) | Time:00:00.87 | Mem:0.00M, Peak:0.00M | Scene, ViewLayer | Synchronizing object | Window lower lock thumb tab.011
Fra:1 Mem:525.63M (Peak 525.63M) | Time:00:00.87 | Mem:0.00M, Peak:0.00M | Scene, ViewLayer | Synchronizing object | Rounded body aperture corner.012
Fra:1 Mem:525.63M (Peak 525.63M) | Time:00:00.87 | Mem:0.00M, Peak:0.00M | Scene, ViewLayer | Synchronizing object | Window pressed reveal return.012
Fra:1 Mem:525.67M (Peak 525.67M) | Time:00:00.87 | Mem:0.00M, Peak:0.00M | Scene, ViewLayer | Synchronizing object | Continuous EPDM glazing gasket.012
Fra:1 Mem:525.67M (Peak 525.67M) | Time:00:00.87 | Mem:0.00M, Peak:0.00M | Scene, ViewLayer | Synchronizing object | Anodised window frame extrusion.012
Fra:1 Mem:525.69M (Peak 525.69M) | Time:00:00.87 | Mem:0.00M, Peak:0.00M | Scene, ViewLayer | Synchronizing object | Raised glass exposed lower strip.012
Fra:1 Mem:525.73M (Peak 525.73M) | Time:00:00.87 | Mem:0.00M, Peak:0.00M | Scene, ViewLayer | Synchronizing object | Raised glass lower rail.012
Fra:1 Mem:525.73M (Peak 525.73M) | Time:00:00.87 | Mem:0.00M, Peak:0.00M | Scene, ViewLayer | Synchronizing object | Window satin steel security bar.060
Fra:1 Mem:525.74M (Peak 525.74M) | Time:00:00.87 | Mem:0.00M, Peak:0.00M | Scene, ViewLayer | Synchronizing object | Window satin steel security bar.061
Fra:1 Mem:525.75M (Peak 525.75M) | Time:00:00.87 | Mem:0.00M, Peak:0.00M | Scene, ViewLayer | Synchronizing object | Window satin steel security bar.062
Fra:1 Mem:525.76M (Peak 525.76M) | Time:00:00.87 | Mem:0.00M, Peak:0.00M | Scene, ViewLayer | Synchronizing object | Window satin steel security bar.063
Fra:1 Mem:525.76M (Peak 525.76M) | Time:00:00.87 | Mem:0.00M, Peak:0.00M | Scene, ViewLayer | Synchronizing object | Window satin steel security bar.064
Fra:1 Mem:525.77M (Peak 525.77M) | Time:00:00.87 | Mem:0.00M, Peak:0.00M | Scene, ViewLayer | Synchronizing object | Sliding shutter guide channel.024
Fra:1 Mem:525.77M (Peak 525.77M) | Time:00:00.87 | Mem:0.00M, Peak:0.00M | Scene, ViewLayer | Synchronizing object | Sliding shutter guide channel.025
Fra:1 Mem:525.77M (Peak 525.77M) | Time:00:00.87 | Mem:0.00M, Peak:0.00M | Scene, ViewLayer | Synchronizing object | Louvred shutter side stile.048
Fra:1 Mem:525.79M (Peak 525.79M) | Time:00:00.87 | Mem:0.00M, Peak:0.00M | Scene, ViewLayer | Synchronizing object | Louvred shutter side stile.049
Fra:1 Mem:525.79M (Peak 525.79M) | Time:00:00.87 | Mem:0.00M, Peak:0.00M | Scene, ViewLayer | Synchronizing object | Louvred shutter end rail.048
Fra:1 Mem:525.79M (Peak 525.79M) | Time:00:00.87 | Mem:0.00M, Peak:0.00M | Scene, ViewLayer | Synchronizing object | Louvred shutter end rail.049
Fra:1 Mem:525.81M (Peak 525.81M) | Time:00:00.87 | Mem:0.00M, Peak:0.00M | Scene, ViewLayer | Synchronizing object | Shutter pressed sloping louvre blade.062
Fra:1 Mem:525.82M (Peak 525.82M) | Time:00:00.87 | Mem:0.00M, Peak:0.00M | Scene, ViewLayer | Synchronizing object | Louvred shutter side stile.050
Fra:1 Mem:525.82M (Peak 525.82M) | Time:00:00.87 | Mem:0.00M, Peak:0.00M | Scene, ViewLayer | Synchronizing object | Louvred shutter side stile.051
Fra:1 Mem:525.84M (Peak 525.84M) | Time:00:00.87 | Mem:0.00M, Peak:0.00M | Scene, ViewLayer | Synchronizing object | Louvred shutter end rail.050
Fra:1 Mem:525.84M (Peak 525.84M) | Time:00:00.87 | Mem:0.00M, Peak:0.00M | Scene, ViewLayer | Synchronizing object | Louvred shutter end rail.051
Fra:1 Mem:525.85M (Peak 525.85M) | Time:00:00.87 | Mem:0.00M, Peak:0.00M | Scene, ViewLayer | Synchronizing object | Shutter pressed sloping louvre blade.063
Fra:1 Mem:525.86M (Peak 525.86M) | Time:00:00.87 | Mem:0.00M, Peak:0.00M | Scene, ViewLayer | Synchronizing object | Shutter lift recessed grip.025
Fra:1 Mem:525.86M (Peak 525.86M) | Time:00:00.87 | Mem:0.00M, Peak:0.00M | Scene, ViewLayer | Synchronizing object | Window lower lock thumb tab.012
Fra:1 Mem:525.87M (Peak 525.87M) | Time:00:00.87 | Mem:0.00M, Peak:0.00M | Scene, ViewLayer | Synchronizing object | Rounded body aperture corner.013
Fra:1 Mem:525.87M (Peak 525.87M) | Time:00:00.87 | Mem:0.00M, Peak:0.00M | Scene, ViewLayer | Synchronizing object | Pressed window aperture corner infill.013
Fra:1 Mem:525.90M (Peak 525.90M) | Time:00:00.87 | Mem:0.00M, Peak:0.00M | Scene, ViewLayer | Synchronizing object | Window pressed reveal return.013
Fra:1 Mem:525.91M (Peak 525.91M) | Time:00:00.87 | Mem:0.00M, Peak:0.00M | Scene, ViewLayer | Synchronizing object | Continuous EPDM glazing gasket.013
Fra:1 Mem:525.93M (Peak 525.93M) | Time:00:00.87 | Mem:0.00M, Peak:0.00M | Scene, ViewLayer | Synchronizing object | Anodised window frame extrusion.013
Fra:1 Mem:525.94M (Peak 525.94M) | Time:00:00.87 | Mem:0.00M, Peak:0.00M | Scene, ViewLayer | Synchronizing object | Raised glass exposed lower strip.013
Fra:1 Mem:525.96M (Peak 525.96M) | Time:00:00.87 | Mem:0.00M, Peak:0.00M | Scene, ViewLayer | Synchronizing object | Raised glass lower rail.013
Fra:1 Mem:525.97M (Peak 525.97M) | Time:00:00.87 | Mem:0.00M, Peak:0.00M | Scene, ViewLayer | Synchronizing object | Interior rounded window sill.013
Fra:1 Mem:525.98M (Peak 525.98M) | Time:00:00.87 | Mem:0.00M, Peak:0.00M | Scene, ViewLayer | Synchronizing object | Window satin steel security bar.065
Fra:1 Mem:525.98M (Peak 525.98M) | Time:00:00.87 | Mem:0.00M, Peak:0.00M | Scene, ViewLayer | Synchronizing object | Window satin steel security bar.066
Fra:1 Mem:525.99M (Peak 525.99M) | Time:00:00.87 | Mem:0.00M, Peak:0.00M | Scene, ViewLayer | Synchronizing object | Window satin steel security bar.067
Fra:1 Mem:525.99M (Peak 525.99M) | Time:00:00.87 | Mem:0.00M, Peak:0.00M | Scene, ViewLayer | Synchronizing object | Window satin steel security bar.068
Fra:1 Mem:525.99M (Peak 525.99M) | Time:00:00.87 | Mem:0.00M, Peak:0.00M | Scene, ViewLayer | Synchronizing object | Window satin steel security bar.069
Fra:1 Mem:526.00M (Peak 526.00M) | Time:00:00.87 | Mem:0.00M, Peak:0.00M | Scene, ViewLayer | Synchronizing object | Sliding shutter guide channel.026
Fra:1 Mem:526.00M (Peak 526.00M) | Time:00:00.87 | Mem:0.00M, Peak:0.00M | Scene, ViewLayer | Synchronizing object | Sliding shutter guide channel.027
Fra:1 Mem:526.01M (Peak 526.01M) | Time:00:00.87 | Mem:0.00M, Peak:0.00M | Scene, ViewLayer | Synchronizing object | Louvred shutter side stile.052
Fra:1 Mem:526.03M (Peak 526.03M) | Time:00:00.87 | Mem:0.00M, Peak:0.00M | Scene, ViewLayer | Synchronizing object | Louvred shutter side stile.053
Fra:1 Mem:526.03M (Peak 526.03M) | Time:00:00.87 | Mem:0.00M, Peak:0.00M | Scene, ViewLayer | Synchronizing object | Louvred shutter end rail.053
Fra:1 Mem:526.05M (Peak 526.05M) | Time:00:00.87 | Mem:0.00M, Peak:0.00M | Scene, ViewLayer | Synchronizing object | Shutter pressed sloping louvre blade.064
Fra:1 Mem:526.06M (Peak 526.06M) | Time:00:00.87 | Mem:0.00M, Peak:0.00M | Scene, ViewLayer | Synchronizing object | Shutter lift recessed grip.026
Fra:1 Mem:526.06M (Peak 526.06M) | Time:00:00.87 | Mem:0.00M, Peak:0.00M | Scene, ViewLayer | Synchronizing object | Louvred shutter side stile.054
Fra:1 Mem:526.07M (Peak 526.07M) | Time:00:00.87 | Mem:0.00M, Peak:0.00M | Scene, ViewLayer | Synchronizing object | Louvred shutter side stile.055
Fra:1 Mem:526.07M (Peak 526.07M) | Time:00:00.87 | Mem:0.00M, Peak:0.00M | Scene, ViewLayer | Synchronizing object | Louvred shutter end rail.054
Fra:1 Mem:526.09M (Peak 526.09M) | Time:00:00.87 | Mem:0.00M, Peak:0.00M | Scene, ViewLayer | Synchronizing object | Louvred shutter end rail.055
Fra:1 Mem:526.09M (Peak 526.09M) | Time:00:00.87 | Mem:0.00M, Peak:0.00M | Scene, ViewLayer | Synchronizing object | Shutter pressed sloping louvre blade.065
Fra:1 Mem:526.10M (Peak 526.10M) | Time:00:00.87 | Mem:0.00M, Peak:0.00M | Scene, ViewLayer | Synchronizing object | Shutter lift recessed grip.027
Fra:1 Mem:526.10M (Peak 526.10M) | Time:00:00.87 | Mem:0.00M, Peak:0.00M | Scene, ViewLayer | Synchronizing object | Window lower lock thumb tab.013
Fra:1 Mem:526.11M (Peak 526.11M) | Time:00:00.87 | Mem:0.00M, Peak:0.00M | Scene, ViewLayer | Synchronizing object | Rounded body aperture corner.014
Fra:1 Mem:526.13M (Peak 526.13M) | Time:00:00.87 | Mem:0.00M, Peak:0.00M | Scene, ViewLayer | Synchronizing object | Pressed window aperture corner infill.014
Fra:1 Mem:526.13M (Peak 526.13M) | Time:00:00.87 | Mem:0.00M, Peak:0.00M | Scene, ViewLayer | Synchronizing object | Window pressed reveal return.014
Fra:1 Mem:526.16M (Peak 526.16M) | Time:00:00.87 | Mem:0.00M, Peak:0.00M | Scene, ViewLayer | Synchronizing object | Continuous EPDM glazing gasket.014
Fra:1 Mem:526.16M (Peak 526.16M) | Time:00:00.87 | Mem:0.00M, Peak:0.00M | Scene, ViewLayer | Synchronizing object | Anodised window frame extrusion.014
Fra:1 Mem:526.18M (Peak 526.18M) | Time:00:00.87 | Mem:0.00M, Peak:0.00M | Scene, ViewLayer | Synchronizing object | Raised glass exposed lower strip.014
Fra:1 Mem:526.21M (Peak 526.21M) | Time:00:00.87 | Mem:0.00M, Peak:0.00M | Scene, ViewLayer | Synchronizing object | Raised glass lower rail.014
Fra:1 Mem:526.22M (Peak 526.22M) | Time:00:00.87 | Mem:0.00M, Peak:0.00M | Scene, ViewLayer | Synchronizing object | Interior rounded window sill.014
Fra:1 Mem:526.22M (Peak 526.22M) | Time:00:00.87 | Mem:0.00M, Peak:0.00M | Scene, ViewLayer | Synchronizing object | Window satin steel security bar.070
Fra:1 Mem:526.23M (Peak 526.23M) | Time:00:00.87 | Mem:0.00M, Peak:0.00M | Scene, ViewLayer | Synchronizing object | Window satin steel security bar.071
Fra:1 Mem:526.23M (Peak 526.23M) | Time:00:00.87 | Mem:0.00M, Peak:0.00M | Scene, ViewLayer | Synchronizing object | Window satin steel security bar.072
Fra:1 Mem:526.24M (Peak 526.24M) | Time:00:00.87 | Mem:0.00M, Peak:0.00M | Scene, ViewLayer | Synchronizing object | Window satin steel security bar.073
Fra:1 Mem:526.24M (Peak 526.24M) | Time:00:00.87 | Mem:0.00M, Peak:0.00M | Scene, ViewLayer | Synchronizing object | Window satin steel security bar.074
Fra:1 Mem:526.26M (Peak 526.26M) | Time:00:00.87 | Mem:0.00M, Peak:0.00M | Scene, ViewLayer | Synchronizing object | Sliding shutter guide channel.028
Fra:1 Mem:526.26M (Peak 526.26M) | Time:00:00.87 | Mem:0.00M, Peak:0.00M | Scene, ViewLayer | Synchronizing object | Sliding shutter guide channel.029
Fra:1 Mem:526.26M (Peak 526.26M) | Time:00:00.87 | Mem:0.00M, Peak:0.00M | Scene, ViewLayer | Synchronizing object | Louvred shutter side stile.057
Fra:1 Mem:526.28M (Peak 526.28M) | Time:00:00.87 | Mem:0.00M, Peak:0.00M | Scene, ViewLayer | Synchronizing object | Louvred shutter end rail.056
Fra:1 Mem:526.28M (Peak 526.28M) | Time:00:00.87 | Mem:0.00M, Peak:0.00M | Scene, ViewLayer | Synchronizing object | Louvred shutter end rail.057
Fra:1 Mem:526.29M (Peak 526.29M) | Time:00:00.87 | Mem:0.00M, Peak:0.00M | Scene, ViewLayer | Synchronizing object | Shutter pressed sloping louvre blade.066
Fra:1 Mem:526.30M (Peak 526.30M) | Time:00:00.87 | Mem:0.00M, Peak:0.00M | Scene, ViewLayer | Synchronizing object | Shutter pressed sloping louvre blade.067
Fra:1 Mem:526.30M (Peak 526.30M) | Time:00:00.87 | Mem:0.00M, Peak:0.00M | Scene, ViewLayer | Synchronizing object | Shutter pressed sloping louvre blade.069
Fra:1 Mem:526.31M (Peak 526.31M) | Time:00:00.87 | Mem:0.00M, Peak:0.00M | Scene, ViewLayer | Synchronizing object | Shutter pressed sloping louvre blade.070
Fra:1 Mem:526.31M (Peak 526.31M) | Time:00:00.87 | Mem:0.00M, Peak:0.00M | Scene, ViewLayer | Synchronizing object | Shutter pressed sloping louvre blade.072
Fra:1 Mem:526.31M (Peak 526.31M) | Time:00:00.87 | Mem:0.00M, Peak:0.00M | Scene, ViewLayer | Synchronizing object | Shutter pressed sloping louvre blade.073
Fra:1 Mem:526.31M (Peak 526.31M) | Time:00:00.87 | Mem:0.00M, Peak:0.00M | Scene, ViewLayer | Synchronizing object | Shutter pressed sloping louvre blade.074
Fra:1 Mem:526.31M (Peak 526.31M) | Time:00:00.87 | Mem:0.00M, Peak:0.00M | Scene, ViewLayer | Synchronizing object | Shutter pressed sloping louvre blade.075
Fra:1 Mem:526.31M (Peak 526.31M) | Time:00:00.87 | Mem:0.00M, Peak:0.00M | Scene, ViewLayer | Synchronizing object | Louvred shutter side stile.058
Fra:1 Mem:526.31M (Peak 526.31M) | Time:00:00.87 | Mem:0.00M, Peak:0.00M | Scene, ViewLayer | Synchronizing object | Louvred shutter side stile.059
Fra:1 Mem:526.34M (Peak 526.34M) | Time:00:00.87 | Mem:0.00M, Peak:0.00M | Scene, ViewLayer | Synchronizing object | Louvred shutter end rail.058
Fra:1 Mem:526.34M (Peak 526.34M) | Time:00:00.87 | Mem:0.00M, Peak:0.00M | Scene, ViewLayer | Synchronizing object | Louvred shutter end rail.059
Fra:1 Mem:526.35M (Peak 526.35M) | Time:00:00.87 | Mem:0.00M, Peak:0.00M | Scene, ViewLayer | Synchronizing object | Shutter pressed sloping louvre blade.076
Fra:1 Mem:526.36M (Peak 526.36M) | Time:00:00.87 | Mem:0.00M, Peak:0.00M | Scene, ViewLayer | Synchronizing object | Shutter pressed sloping louvre blade.077
Fra:1 Mem:526.36M (Peak 526.36M) | Time:00:00.87 | Mem:0.00M, Peak:0.00M | Scene, ViewLayer | Synchronizing object | Shutter pressed sloping louvre blade.078
Fra:1 Mem:526.36M (Peak 526.36M) | Time:00:00.87 | Mem:0.00M, Peak:0.00M | Scene, ViewLayer | Synchronizing object | Shutter pressed sloping louvre blade.079
Fra:1 Mem:526.36M (Peak 526.36M) | Time:00:00.87 | Mem:0.00M, Peak:0.00M | Scene, ViewLayer | Synchronizing object | Shutter pressed sloping louvre blade.080
Fra:1 Mem:526.36M (Peak 526.36M) | Time:00:00.87 | Mem:0.00M, Peak:0.00M | Scene, ViewLayer | Synchronizing object | Shutter pressed sloping louvre blade.081
Fra:1 Mem:526.36M (Peak 526.36M) | Time:00:00.87 | Mem:0.00M, Peak:0.00M | Scene, ViewLayer | Synchronizing object | Shutter pressed sloping louvre blade.082
Fra:1 Mem:526.36M (Peak 526.36M) | Time:00:00.87 | Mem:0.00M, Peak:0.00M | Scene, ViewLayer | Synchronizing object | Shutter pressed sloping louvre blade.083
Fra:1 Mem:526.37M (Peak 526.37M) | Time:00:00.87 | Mem:0.00M, Peak:0.00M | Scene, ViewLayer | Synchronizing object | Shutter pressed sloping louvre blade.084
Fra:1 Mem:526.37M (Peak 526.37M) | Time:00:00.87 | Mem:0.00M, Peak:0.00M | Scene, ViewLayer | Synchronizing object | Shutter pressed sloping louvre blade.085
Fra:1 Mem:526.37M (Peak 526.37M) | Time:00:00.87 | Mem:0.00M, Peak:0.00M | Scene, ViewLayer | Synchronizing object | Shutter lift recessed grip.029
Fra:1 Mem:526.37M (Peak 526.37M) | Time:00:00.87 | Mem:0.00M, Peak:0.00M | Scene, ViewLayer | Synchronizing object | Window lower lock thumb tab.014
Fra:1 Mem:526.37M (Peak 526.37M) | Time:00:00.87 | Mem:0.00M, Peak:0.00M | Scene, ViewLayer | Synchronizing object | Rounded body aperture corner.015
Fra:1 Mem:526.40M (Peak 526.40M) | Time:00:00.87 | Mem:0.00M, Peak:0.00M | Scene, ViewLayer | Synchronizing object | Pressed window aperture corner infill.015
Fra:1 Mem:526.41M (Peak 526.41M) | Time:00:00.87 | Mem:0.00M, Peak:0.00M | Scene, ViewLayer | Synchronizing object | Window pressed reveal return.015
Fra:1 Mem:526.43M (Peak 526.43M) | Time:00:00.87 | Mem:0.00M, Peak:0.00M | Scene, ViewLayer | Synchronizing object | Continuous EPDM glazing gasket.015
Fra:1 Mem:526.43M (Peak 526.43M) | Time:00:00.87 | Mem:0.00M, Peak:0.00M | Scene, ViewLayer | Synchronizing object | Raised glass exposed lower strip.015
Fra:1 Mem:526.47M (Peak 526.47M) | Time:00:00.87 | Mem:0.00M, Peak:0.00M | Scene, ViewLayer | Synchronizing object | Raised glass lower rail.015
Fra:1 Mem:526.49M (Peak 526.49M) | Time:00:00.87 | Mem:0.00M, Peak:0.00M | Scene, ViewLayer | Synchronizing object | Interior rounded window sill.015
Fra:1 Mem:526.49M (Peak 526.49M) | Time:00:00.87 | Mem:0.00M, Peak:0.00M | Scene, ViewLayer | Synchronizing object | Window satin steel security bar.075
Fra:1 Mem:526.50M (Peak 526.50M) | Time:00:00.87 | Mem:0.00M, Peak:0.00M | Scene, ViewLayer | Synchronizing object | Window satin steel security bar.076
Fra:1 Mem:526.50M (Peak 526.50M) | Time:00:00.87 | Mem:0.00M, Peak:0.00M | Scene, ViewLayer | Synchronizing object | Window satin steel security bar.077
Fra:1 Mem:526.51M (Peak 526.51M) | Time:00:00.87 | Mem:0.00M, Peak:0.00M | Scene, ViewLayer | Synchronizing object | Window satin steel security bar.078
Fra:1 Mem:526.53M (Peak 526.53M) | Time:00:00.87 | Mem:0.00M, Peak:0.00M | Scene, ViewLayer | Synchronizing object | Window satin steel security bar.079
Fra:1 Mem:526.51M (Peak 526.53M) | Time:00:00.87 | Mem:0.00M, Peak:0.00M | Scene, ViewLayer | Synchronizing object | Sliding shutter guide channel.030
Fra:1 Mem:526.52M (Peak 526.53M) | Time:00:00.87 | Mem:0.00M, Peak:0.00M | Scene, ViewLayer | Synchronizing object | Sliding shutter guide channel.031
Fra:1 Mem:526.53M (Peak 526.53M) | Time:00:00.87 | Mem:0.00M, Peak:0.00M | Scene, ViewLayer | Synchronizing object | Louvred shutter side stile.060
Fra:1 Mem:526.54M (Peak 526.54M) | Time:00:00.87 | Mem:0.00M, Peak:0.00M | Scene, ViewLayer | Synchronizing object | Louvred shutter side stile.061
Fra:1 Mem:526.55M (Peak 526.55M) | Time:00:00.87 | Mem:0.00M, Peak:0.00M | Scene, ViewLayer | Synchronizing object | Louvred shutter end rail.060
Fra:1 Mem:526.55M (Peak 526.55M) | Time:00:00.87 | Mem:0.00M, Peak:0.00M | Scene, ViewLayer | Synchronizing object | Shutter pressed sloping louvre blade.086
Fra:1 Mem:526.57M (Peak 526.57M) | Time:00:00.87 | Mem:0.00M, Peak:0.00M | Scene, ViewLayer | Synchronizing object | Shutter lift recessed grip.030
Fra:1 Mem:526.57M (Peak 526.57M) | Time:00:00.87 | Mem:0.00M, Peak:0.00M | Scene, ViewLayer | Synchronizing object | Louvred shutter side stile.062
Fra:1 Mem:526.58M (Peak 526.58M) | Time:00:00.87 | Mem:0.00M, Peak:0.00M | Scene, ViewLayer | Synchronizing object | Louvred shutter side stile.063
Fra:1 Mem:526.59M (Peak 526.59M) | Time:00:00.87 | Mem:0.00M, Peak:0.00M | Scene, ViewLayer | Synchronizing object | Louvred shutter end rail.062
Fra:1 Mem:526.60M (Peak 526.60M) | Time:00:00.87 | Mem:0.00M, Peak:0.00M | Scene, ViewLayer | Synchronizing object | Louvred shutter end rail.063
Fra:1 Mem:526.61M (Peak 526.61M) | Time:00:00.87 | Mem:0.00M, Peak:0.00M | Scene, ViewLayer | Synchronizing object | Shutter pressed sloping louvre blade.087
Fra:1 Mem:526.61M (Peak 526.61M) | Time:00:00.87 | Mem:0.00M, Peak:0.00M | Scene, ViewLayer | Synchronizing object | Shutter lift recessed grip.031
Fra:1 Mem:526.62M (Peak 526.62M) | Time:00:00.87 | Mem:0.00M, Peak:0.00M | Scene, ViewLayer | Synchronizing object | Window lower lock thumb tab.015
Fra:1 Mem:526.62M (Peak 526.62M) | Time:00:00.87 | Mem:0.00M, Peak:0.00M | Scene, ViewLayer | Synchronizing object | Rounded body aperture corner.016
Fra:1 Mem:526.65M (Peak 526.65M) | Time:00:00.88 | Mem:0.00M, Peak:0.00M | Scene, ViewLayer | Synchronizing object | Pressed window aperture corner infill.016
Fra:1 Mem:526.65M (Peak 526.65M) | Time:00:00.88 | Mem:0.00M, Peak:0.00M | Scene, ViewLayer | Synchronizing object | Window pressed reveal return.016
Fra:1 Mem:526.67M (Peak 526.67M) | Time:00:00.88 | Mem:0.00M, Peak:0.00M | Scene, ViewLayer | Synchronizing object | Continuous EPDM glazing gasket.016
Fra:1 Mem:526.67M (Peak 526.67M) | Time:00:00.88 | Mem:0.00M, Peak:0.00M | Scene, ViewLayer | Synchronizing object | Anodised window frame extrusion.016
Fra:1 Mem:526.69M (Peak 526.69M) | Time:00:00.88 | Mem:0.00M, Peak:0.00M | Scene, ViewLayer | Synchronizing object | Raised glass exposed lower strip.016
Fra:1 Mem:526.72M (Peak 526.72M) | Time:00:00.88 | Mem:0.00M, Peak:0.00M | Scene, ViewLayer | Synchronizing object | Raised glass lower rail.016
Fra:1 Mem:526.73M (Peak 526.73M) | Time:00:00.88 | Mem:0.00M, Peak:0.00M | Scene, ViewLayer | Synchronizing object | Interior rounded window sill.016
Fra:1 Mem:526.73M (Peak 526.73M) | Time:00:00.88 | Mem:0.00M, Peak:0.00M | Scene, ViewLayer | Synchronizing object | Window satin steel security bar.080
Fra:1 Mem:526.75M (Peak 526.75M) | Time:00:00.88 | Mem:0.00M, Peak:0.00M | Scene, ViewLayer | Synchronizing object | Window satin steel security bar.081
Fra:1 Mem:526.76M (Peak 526.76M) | Time:00:00.88 | Mem:0.00M, Peak:0.00M | Scene, ViewLayer | Synchronizing object | Window satin steel security bar.083
Fra:1 Mem:526.75M (Peak 526.76M) | Time:00:00.88 | Mem:0.00M, Peak:0.00M | Scene, ViewLayer | Synchronizing object | Window satin steel security bar.084
Fra:1 Mem:526.77M (Peak 526.77M) | Time:00:00.88 | Mem:0.00M, Peak:0.00M | Scene, ViewLayer | Synchronizing object | Sliding shutter guide channel.032
Fra:1 Mem:526.77M (Peak 526.77M) | Time:00:00.88 | Mem:0.00M, Peak:0.00M | Scene, ViewLayer | Synchronizing object | Sliding shutter guide channel.033
Fra:1 Mem:526.77M (Peak 526.77M) | Time:00:00.88 | Mem:0.00M, Peak:0.00M | Scene, ViewLayer | Synchronizing object | Louvred shutter side stile.064
Fra:1 Mem:526.78M (Peak 526.78M) | Time:00:00.88 | Mem:0.00M, Peak:0.00M | Scene, ViewLayer | Synchronizing object | Louvred shutter side stile.065
Fra:1 Mem:526.79M (Peak 526.79M) | Time:00:00.88 | Mem:0.00M, Peak:0.00M | Scene, ViewLayer | Synchronizing object | Louvred shutter end rail.064
Fra:1 Mem:526.80M (Peak 526.80M) | Time:00:00.88 | Mem:0.00M, Peak:0.00M | Scene, ViewLayer | Synchronizing object | Louvred shutter end rail.065
Fra:1 Mem:526.81M (Peak 526.81M) | Time:00:00.88 | Mem:0.00M, Peak:0.00M | Scene, ViewLayer | Synchronizing object | Shutter pressed sloping louvre blade.089
Fra:1 Mem:526.82M (Peak 526.82M) | Time:00:00.88 | Mem:0.00M, Peak:0.00M | Scene, ViewLayer | Synchronizing object | Shutter pressed sloping louvre blade.090
Fra:1 Mem:526.82M (Peak 526.82M) | Time:00:00.88 | Mem:0.00M, Peak:0.00M | Scene, ViewLayer | Synchronizing object | Louvred shutter side stile.066
Fra:1 Mem:526.82M (Peak 526.82M) | Time:00:00.88 | Mem:0.00M, Peak:0.00M | Scene, ViewLayer | Synchronizing object | Louvred shutter side stile.067
Fra:1 Mem:526.84M (Peak 526.84M) | Time:00:00.88 | Mem:0.00M, Peak:0.00M | Scene, ViewLayer | Synchronizing object | Louvred shutter end rail.066
Fra:1 Mem:526.84M (Peak 526.84M) | Time:00:00.88 | Mem:0.00M, Peak:0.00M | Scene, ViewLayer | Synchronizing object | Shutter pressed sloping louvre blade.091
Fra:1 Mem:526.86M (Peak 526.86M) | Time:00:00.88 | Mem:0.00M, Peak:0.00M | Scene, ViewLayer | Synchronizing object | Shutter pressed sloping louvre blade.092
Fra:1 Mem:526.86M (Peak 526.86M) | Time:00:00.88 | Mem:0.00M, Peak:0.00M | Scene, ViewLayer | Synchronizing object | Shutter pressed sloping louvre blade.093
Fra:1 Mem:526.87M (Peak 526.87M) | Time:00:00.88 | Mem:0.00M, Peak:0.00M | Scene, ViewLayer | Synchronizing object | Shutter lift recessed grip.033
Fra:1 Mem:526.87M (Peak 526.87M) | Time:00:00.88 | Mem:0.00M, Peak:0.00M | Scene, ViewLayer | Synchronizing object | Emergency window stencil.001
Fra:1 Mem:526.90M (Peak 526.90M) | Time:00:00.88 | Mem:0.00M, Peak:0.00M | Scene, ViewLayer | Synchronizing object | Emergency red release indicator.002
Fra:1 Mem:526.91M (Peak 526.91M) | Time:00:00.88 | Mem:0.00M, Peak:0.00M | Scene, ViewLayer | Synchronizing object | Emergency red release indicator.003
Fra:1 Mem:526.93M (Peak 526.93M) | Time:00:00.88 | Mem:0.00M, Peak:0.00M | Scene, ViewLayer | Synchronizing object | Rounded body aperture corner.017
Fra:1 Mem:526.98M (Peak 526.98M) | Time:00:00.88 | Mem:0.00M, Peak:0.00M | Scene, ViewLayer | Synchronizing object | Pressed window aperture corner infill.017
Fra:1 Mem:527.03M (Peak 527.03M) | Time:00:00.88 | Mem:0.00M, Peak:0.00M | Scene, ViewLayer | Synchronizing object | Window pressed reveal return.017
Fra:1 Mem:527.04M (Peak 527.04M) | Time:00:00.88 | Mem:0.00M, Peak:0.00M | Scene, ViewLayer | Synchronizing object | Continuous EPDM glazing gasket.017
Fra:1 Mem:527.08M (Peak 527.08M) | Time:00:00.88 | Mem:0.00M, Peak:0.00M | Scene, ViewLayer | Synchronizing object | Anodised window frame extrusion.017
Fra:1 Mem:527.10M (Peak 527.10M) | Time:00:00.88 | Mem:0.00M, Peak:0.00M | Scene, ViewLayer | Synchronizing object | Raised glass exposed lower strip.017
Fra:1 Mem:527.13M (Peak 527.13M) | Time:00:00.88 | Mem:0.00M, Peak:0.00M | Scene, ViewLayer | Synchronizing object | Raised glass lower rail.017
Fra:1 Mem:527.13M (Peak 527.13M) | Time:00:00.88 | Mem:0.00M, Peak:0.00M | Scene, ViewLayer | Synchronizing object | Interior rounded window sill.017
Fra:1 Mem:527.15M (Peak 527.15M) | Time:00:00.88 | Mem:0.00M, Peak:0.00M | Scene, ViewLayer | Synchronizing object | Window satin steel security bar.085
Fra:1 Mem:527.15M (Peak 527.15M) | Time:00:00.88 | Mem:0.00M, Peak:0.00M | Scene, ViewLayer | Synchronizing object | Window satin steel security bar.086
Fra:1 Mem:527.15M (Peak 527.15M) | Time:00:00.88 | Mem:0.00M, Peak:0.00M | Scene, ViewLayer | Synchronizing object | Window satin steel security bar.087
Fra:1 Mem:527.16M (Peak 527.16M) | Time:00:00.88 | Mem:0.00M, Peak:0.00M | Scene, ViewLayer | Synchronizing object | Window satin steel security bar.088
Fra:1 Mem:527.16M (Peak 527.16M) | Time:00:00.88 | Mem:0.00M, Peak:0.00M | Scene, ViewLayer | Synchronizing object | Window satin steel security bar.089
Fra:1 Mem:527.18M (Peak 527.18M) | Time:00:00.88 | Mem:0.00M, Peak:0.00M | Scene, ViewLayer | Synchronizing object | Sliding shutter guide channel.034
Fra:1 Mem:527.19M (Peak 527.19M) | Time:00:00.88 | Mem:0.00M, Peak:0.00M | Scene, ViewLayer | Synchronizing object | Sliding shutter guide channel.035
Fra:1 Mem:527.20M (Peak 527.20M) | Time:00:00.88 | Mem:0.00M, Peak:0.00M | Scene, ViewLayer | Synchronizing object | Louvred shutter side stile.068
Fra:1 Mem:527.22M (Peak 527.22M) | Time:00:00.88 | Mem:0.00M, Peak:0.00M | Scene, ViewLayer | Synchronizing object | Louvred shutter side stile.069
Fra:1 Mem:527.24M (Peak 527.24M) | Time:00:00.88 | Mem:0.00M, Peak:0.00M | Scene, ViewLayer | Synchronizing object | Louvred shutter end rail.068
Fra:1 Mem:527.23M (Peak 527.24M) | Time:00:00.88 | Mem:0.00M, Peak:0.00M | Scene, ViewLayer | Synchronizing object | Louvred shutter end rail.069
Fra:1 Mem:527.23M (Peak 527.24M) | Time:00:00.88 | Mem:0.00M, Peak:0.00M | Scene, ViewLayer | Synchronizing object | Shutter pressed sloping louvre blade.094
Fra:1 Mem:527.24M (Peak 527.24M) | Time:00:00.88 | Mem:0.00M, Peak:0.00M | Scene, ViewLayer | Synchronizing object | Shutter lift recessed grip.034
Fra:1 Mem:527.25M (Peak 527.25M) | Time:00:00.88 | Mem:0.00M, Peak:0.00M | Scene, ViewLayer | Synchronizing object | Louvred shutter side stile.070
Fra:1 Mem:527.25M (Peak 527.25M) | Time:00:00.88 | Mem:0.00M, Peak:0.00M | Scene, ViewLayer | Synchronizing object | Louvred shutter side stile.071
Fra:1 Mem:527.26M (Peak 527.26M) | Time:00:00.88 | Mem:0.00M, Peak:0.00M | Scene, ViewLayer | Synchronizing object | Louvred shutter end rail.070
Fra:1 Mem:527.27M (Peak 527.27M) | Time:00:00.88 | Mem:0.00M, Peak:0.00M | Scene, ViewLayer | Synchronizing object | Louvred shutter end rail.071
Fra:1 Mem:527.28M (Peak 527.28M) | Time:00:00.88 | Mem:0.00M, Peak:0.00M | Scene, ViewLayer | Synchronizing object | Shutter pressed sloping louvre blade.095
Fra:1 Mem:527.28M (Peak 527.28M) | Time:00:00.88 | Mem:0.00M, Peak:0.00M | Scene, ViewLayer | Synchronizing object | Shutter lift recessed grip.035
Fra:1 Mem:527.28M (Peak 527.28M) | Time:00:00.88 | Mem:0.00M, Peak:0.00M | Scene, ViewLayer | Synchronizing object | Window lower lock thumb tab.017
Fra:1 Mem:527.30M (Peak 527.30M) | Time:00:00.88 | Mem:0.00M, Peak:0.00M | Scene, ViewLayer | Synchronizing object | Entrance aperture steel return
Fra:1 Mem:527.30M (Peak 527.30M) | Time:00:00.88 | Mem:0.00M, Peak:0.00M | Scene, ViewLayer | Synchronizing object | Entrance door weatherseal
Fra:1 Mem:527.32M (Peak 527.32M) | Time:00:00.88 | Mem:0.00M, Peak:0.00M | Scene, ViewLayer | Synchronizing object | Entrance pressed steel door panel
Fra:1 Mem:527.34M (Peak 527.34M) | Time:00:00.88 | Mem:0.00M, Peak:0.00M | Scene, ViewLayer | Synchronizing object | Entrance pressed steel door panel.001
Fra:1 Mem:527.35M (Peak 527.35M) | Time:00:00.88 | Mem:0.00M, Peak:0.00M | Scene, ViewLayer | Synchronizing object | Entrance glazed opening side rail
Fra:1 Mem:527.35M (Peak 527.35M) | Time:00:00.88 | Mem:0.00M, Peak:0.00M | Scene, ViewLayer | Synchronizing object | Entrance glazed opening side rail.001
Fra:1 Mem:527.35M (Peak 527.35M) | Time:00:00.88 | Mem:0.00M, Peak:0.00M | Scene, ViewLayer | Synchronizing object | Door window band lower paint strip
Fra:1 Mem:527.36M (Peak 527.36M) | Time:00:00.88 | Mem:0.00M, Peak:0.00M | Scene, ViewLayer | Synchronizing object | Door window band upper paint strip
Fra:1 Mem:527.37M (Peak 527.37M) | Time:00:00.88 | Mem:0.00M, Peak:0.00M | Scene, ViewLayer | Synchronizing object | Entrance window gasket
Fra:1 Mem:527.38M (Peak 527.38M) | Time:00:00.88 | Mem:0.00M, Peak:0.00M | Scene, ViewLayer | Synchronizing object | Entrance clear door glazing
Fra:1 Mem:527.41M (Peak 527.41M) | Time:00:00.88 | Mem:0.00M, Peak:0.00M | Scene, ViewLayer | Synchronizing object | Entrance window protection bar
Fra:1 Mem:527.41M (Peak 527.41M) | Time:00:00.88 | Mem:0.00M, Peak:0.00M | Scene, ViewLayer | Synchronizing object | Entrance window protection bar.001
Fra:1 Mem:527.41M (Peak 527.41M) | Time:00:00.88 | Mem:0.00M, Peak:0.00M | Scene, ViewLayer | Synchronizing object | Entrance window protection bar.002
Fra:1 Mem:527.41M (Peak 527.41M) | Time:00:00.88 | Mem:0.00M, Peak:0.00M | Scene, ViewLayer | Synchronizing object | Entrance window protection bar.003
Fra:1 Mem:527.42M (Peak 527.42M) | Time:00:00.88 | Mem:0.00M, Peak:0.00M | Scene, ViewLayer | Synchronizing object | Entrance window protection bar.004
Fra:1 Mem:527.42M (Peak 527.42M) | Time:00:00.88 | Mem:0.00M, Peak:0.00M | Scene, ViewLayer | Synchronizing object | Pressed door lower panel bead
Fra:1 Mem:527.42M (Peak 527.42M) | Time:00:00.88 | Mem:0.00M, Peak:0.00M | Scene, ViewLayer | Synchronizing object | Pressed door lower panel bead.001
Fra:1 Mem:527.44M (Peak 527.44M) | Time:00:00.88 | Mem:0.00M, Peak:0.00M | Scene, ViewLayer | Synchronizing object | Door hinge knuckle
Fra:1 Mem:527.47M (Peak 527.47M) | Time:00:00.88 | Mem:0.00M, Peak:0.00M | Scene, ViewLayer | Synchronizing object | Door hinge plate
Fra:1 Mem:527.48M (Peak 527.48M) | Time:00:00.88 | Mem:0.00M, Peak:0.00M | Scene, ViewLayer | Synchronizing object | Door hinge plate.001
Fra:1 Mem:527.48M (Peak 527.48M) | Time:00:00.88 | Mem:0.00M, Peak:0.00M | Scene, ViewLayer | Synchronizing object | Door hinge knuckle.001
Fra:1 Mem:527.49M (Peak 527.49M) | Time:00:00.88 | Mem:0.00M, Peak:0.00M | Scene, ViewLayer | Synchronizing object | Door hinge plate.002
Fra:1 Mem:527.50M (Peak 527.50M) | Time:00:00.88 | Mem:0.00M, Peak:0.00M | Scene, ViewLayer | Synchronizing object | Door hinge plate.003
Fra:1 Mem:527.50M (Peak 527.50M) | Time:00:00.88 | Mem:0.00M, Peak:0.00M | Scene, ViewLayer | Synchronizing object | Door hinge knuckle.002
Fra:1 Mem:527.51M (Peak 527.51M) | Time:00:00.88 | Mem:0.00M, Peak:0.00M | Scene, ViewLayer | Synchronizing object | Door hinge plate.004
Fra:1 Mem:527.52M (Peak 527.52M) | Time:00:00.88 | Mem:0.00M, Peak:0.00M | Scene, ViewLayer | Synchronizing object | Door polished pull
Fra:1 Mem:527.52M (Peak 527.52M) | Time:00:00.88 | Mem:0.00M, Peak:0.00M | Scene, ViewLayer | Synchronizing object | Door handle mounting boss
Fra:1 Mem:527.54M (Peak 527.54M) | Time:00:00.88 | Mem:0.00M, Peak:0.00M | Scene, ViewLayer | Synchronizing object | Door handle mounting boss.001
Fra:1 Mem:527.54M (Peak 527.54M) | Time:00:00.88 | Mem:0.00M, Peak:0.00M | Scene, ViewLayer | Synchronizing object | Door lock escutcheon
Fra:1 Mem:527.55M (Peak 527.55M) | Time:00:00.88 | Mem:0.00M, Peak:0.00M | Scene, ViewLayer | Synchronizing object | Door key slot
Fra:1 Mem:527.55M (Peak 527.55M) | Time:00:00.88 | Mem:0.00M, Peak:0.00M | Scene, ViewLayer | Synchronizing object | Bent entrance stainless grabrail
Fra:1 Mem:527.55M (Peak 527.55M) | Time:00:00.88 | Mem:0.00M, Peak:0.00M | Scene, ViewLayer | Synchronizing object | Grabrail mounting pad
Fra:1 Mem:527.57M (Peak 527.57M) | Time:00:00.88 | Mem:0.00M, Peak:0.00M | Scene, ViewLayer | Synchronizing object | Grabrail mounting pad.001
Fra:1 Mem:527.58M (Peak 527.58M) | Time:00:00.88 | Mem:0.00M, Peak:0.00M | Scene, ViewLayer | Synchronizing object | Bent entrance stainless grabrail.001
Fra:1 Mem:527.58M (Peak 527.58M) | Time:00:00.88 | Mem:0.00M, Peak:0.00M | Scene, ViewLayer | Synchronizing object | Grabrail mounting pad.003
Fra:1 Mem:527.60M (Peak 527.60M) | Time:00:00.88 | Mem:0.00M, Peak:0.00M | Scene, ViewLayer | Synchronizing object | Entrance ladder perforated tread
Fra:1 Mem:527.60M (Peak 527.60M) | Time:00:00.88 | Mem:0.00M, Peak:0.00M | Scene, ViewLayer | Synchronizing object | Entry tread raised antislip ridge
Fra:1 Mem:527.60M (Peak 527.60M) | Time:00:00.88 | Mem:0.00M, Peak:0.00M | Scene, ViewLayer | Synchronizing object | Entry tread raised antislip ridge.001
Fra:1 Mem:527.62M (Peak 527.62M) | Time:00:00.88 | Mem:0.00M, Peak:0.00M | Scene, ViewLayer | Synchronizing object | Entry tread raised antislip ridge.002
Fra:1 Mem:527.63M (Peak 527.63M) | Time:00:00.88 | Mem:0.00M, Peak:0.00M | Scene, ViewLayer | Synchronizing object | Entry tread raised antislip ridge.003
Fra:1 Mem:527.64M (Peak 527.64M) | Time:00:00.88 | Mem:0.00M, Peak:0.00M | Scene, ViewLayer | Synchronizing object | Entry tread raised antislip ridge.004
Fra:1 Mem:527.65M (Peak 527.65M) | Time:00:00.88 | Mem:0.00M, Peak:0.00M | Scene, ViewLayer | Synchronizing object | Entry tread raised antislip ridge.005
Fra:1 Mem:527.65M (Peak 527.65M) | Time:00:00.88 | Mem:0.00M, Peak:0.00M | Scene, ViewLayer | Synchronizing object | Entry tread raised antislip ridge.006
Fra:1 Mem:527.67M (Peak 527.67M) | Time:00:00.88 | Mem:0.00M, Peak:0.00M | Scene, ViewLayer | Synchronizing object | Entry tread raised antislip ridge.007
Fra:1 Mem:527.67M (Peak 527.67M) | Time:00:00.88 | Mem:0.00M, Peak:0.00M | Scene, ViewLayer | Synchronizing object | Entry tread raised antislip ridge.008
Fra:1 Mem:527.68M (Peak 527.68M) | Time:00:00.88 | Mem:0.00M, Peak:0.00M | Scene, ViewLayer | Synchronizing object | Entry tread raised antislip ridge.009
Fra:1 Mem:527.69M (Peak 527.69M) | Time:00:00.88 | Mem:0.00M, Peak:0.00M | Scene, ViewLayer | Synchronizing object | Entry tread raised antislip ridge.010
Fra:1 Mem:527.70M (Peak 527.70M) | Time:00:00.88 | Mem:0.00M, Peak:0.00M | Scene, ViewLayer | Synchronizing object | Entry tread raised antislip ridge.011
Fra:1 Mem:527.71M (Peak 527.71M) | Time:00:00.88 | Mem:0.00M, Peak:0.00M | Scene, ViewLayer | Synchronizing object | Entry tread raised antislip ridge.012
Fra:1 Mem:527.72M (Peak 527.72M) | Time:00:00.88 | Mem:0.00M, Peak:0.00M | Scene, ViewLayer | Synchronizing object | Entry tread raised antislip ridge.013
Fra:1 Mem:527.73M (Peak 527.73M) | Time:00:00.88 | Mem:0.00M, Peak:0.00M | Scene, ViewLayer | Synchronizing object | Entry tread raised antislip ridge.014
Fra:1 Mem:527.74M (Peak 527.74M) | Time:00:00.88 | Mem:0.00M, Peak:0.00M | Scene, ViewLayer | Synchronizing object | Entrance ladder perforated tread.001
Fra:1 Mem:527.74M (Peak 527.74M) | Time:00:00.88 | Mem:0.00M, Peak:0.00M | Scene, ViewLayer | Synchronizing object | Entry tread raised antislip ridge.015
Fra:1 Mem:527.76M (Peak 527.76M) | Time:00:00.88 | Mem:0.00M, Peak:0.00M | Scene, ViewLayer | Synchronizing object | Entry tread raised antislip ridge.016
Fra:1 Mem:527.76M (Peak 527.76M) | Time:00:00.88 | Mem:0.00M, Peak:0.00M | Scene, ViewLayer | Synchronizing object | Entry tread raised antislip ridge.017
Fra:1 Mem:527.77M (Peak 527.77M) | Time:00:00.88 | Mem:0.00M, Peak:0.00M | Scene, ViewLayer | Synchronizing object | Entry tread raised antislip ridge.018
Fra:1 Mem:527.78M (Peak 527.78M) | Time:00:00.88 | Mem:0.00M, Peak:0.00M | Scene, ViewLayer | Synchronizing object | Entry tread raised antislip ridge.019
Fra:1 Mem:527.78M (Peak 527.78M) | Time:00:00.88 | Mem:0.00M, Peak:0.00M | Scene, ViewLayer | Synchronizing object | Entry tread raised antislip ridge.020
Fra:1 Mem:527.80M (Peak 527.80M) | Time:00:00.88 | Mem:0.00M, Peak:0.00M | Scene, ViewLayer | Synchronizing object | Entry tread raised antislip ridge.021
Fra:1 Mem:527.80M (Peak 527.80M) | Time:00:00.88 | Mem:0.00M, Peak:0.00M | Scene, ViewLayer | Synchronizing object | Entry tread raised antislip ridge.022
Fra:1 Mem:527.81M (Peak 527.81M) | Time:00:00.88 | Mem:0.00M, Peak:0.00M | Scene, ViewLayer | Synchronizing object | Entry tread raised antislip ridge.023
Fra:1 Mem:527.82M (Peak 527.82M) | Time:00:00.88 | Mem:0.00M, Peak:0.00M | Scene, ViewLayer | Synchronizing object | Entry tread raised antislip ridge.024
Fra:1 Mem:527.83M (Peak 527.83M) | Time:00:00.88 | Mem:0.00M, Peak:0.00M | Scene, ViewLayer | Synchronizing object | Entry tread raised antislip ridge.025
Fra:1 Mem:527.83M (Peak 527.83M) | Time:00:00.88 | Mem:0.00M, Peak:0.00M | Scene, ViewLayer | Synchronizing object | Entry tread raised antislip ridge.026
Fra:1 Mem:527.85M (Peak 527.85M) | Time:00:00.88 | Mem:0.00M, Peak:0.00M | Scene, ViewLayer | Synchronizing object | Entry tread raised antislip ridge.027
Fra:1 Mem:527.86M (Peak 527.86M) | Time:00:00.88 | Mem:0.00M, Peak:0.00M | Scene, ViewLayer | Synchronizing object | Entry tread raised antislip ridge.028
Fra:1 Mem:527.86M (Peak 527.86M) | Time:00:00.88 | Mem:0.00M, Peak:0.00M | Scene, ViewLayer | Synchronizing object | Entry tread raised antislip ridge.029
Fra:1 Mem:527.88M (Peak 527.88M) | Time:00:00.88 | Mem:0.00M, Peak:0.00M | Scene, ViewLayer | Synchronizing object | Entrance ladder perforated tread.002
Fra:1 Mem:527.88M (Peak 527.88M) | Time:00:00.88 | Mem:0.00M, Peak:0.00M | Scene, ViewLayer | Synchronizing object | Entry tread raised antislip ridge.030
Fra:1 Mem:527.89M (Peak 527.89M) | Time:00:00.88 | Mem:0.00M, Peak:0.00M | Scene, ViewLayer | Synchronizing object | Entry tread raised antislip ridge.031
Fra:1 Mem:527.90M (Peak 527.90M) | Time:00:00.88 | Mem:0.00M, Peak:0.00M | Scene, ViewLayer | Synchronizing object | Entry tread raised antislip ridge.032
Fra:1 Mem:527.91M (Peak 527.91M) | Time:00:00.88 | Mem:0.00M, Peak:0.00M | Scene, ViewLayer | Synchronizing object | Entry tread raised antislip ridge.033
Fra:1 Mem:527.92M (Peak 527.92M) | Time:00:00.88 | Mem:0.00M, Peak:0.00M | Scene, ViewLayer | Synchronizing object | Entry tread raised antislip ridge.034
Fra:1 Mem:527.92M (Peak 527.92M) | Time:00:00.88 | Mem:0.00M, Peak:0.00M | Scene, ViewLayer | Synchronizing object | Entry tread raised antislip ridge.035
Fra:1 Mem:527.93M (Peak 527.93M) | Time:00:00.88 | Mem:0.00M, Peak:0.00M | Scene, ViewLayer | Synchronizing object | Entry tread raised antislip ridge.036
Fra:1 Mem:527.95M (Peak 527.95M) | Time:00:00.88 | Mem:0.00M, Peak:0.00M | Scene, ViewLayer | Synchronizing object | Entry tread raised antislip ridge.037
Fra:1 Mem:527.95M (Peak 527.95M) | Time:00:00.88 | Mem:0.00M, Peak:0.00M | Scene, ViewLayer | Synchronizing object | Entry tread raised antislip ridge.038
Fra:1 Mem:527.96M (Peak 527.96M) | Time:00:00.88 | Mem:0.00M, Peak:0.00M | Scene, ViewLayer | Synchronizing object | Entry tread raised antislip ridge.039
Fra:1 Mem:527.97M (Peak 527.97M) | Time:00:00.88 | Mem:0.00M, Peak:0.00M | Scene, ViewLayer | Synchronizing object | Entry tread raised antislip ridge.040
Fra:1 Mem:527.98M (Peak 527.98M) | Time:00:00.88 | Mem:0.00M, Peak:0.00M | Scene, ViewLayer | Synchronizing object | Entry tread raised antislip ridge.041
Fra:1 Mem:527.99M (Peak 527.99M) | Time:00:00.88 | Mem:0.00M, Peak:0.00M | Scene, ViewLayer | Synchronizing object | Entry tread raised antislip ridge.042
Fra:1 Mem:527.99M (Peak 527.99M) | Time:00:00.88 | Mem:0.00M, Peak:0.00M | Scene, ViewLayer | Synchronizing object | Entry tread raised antislip ridge.043
Fra:1 Mem:528.01M (Peak 528.01M) | Time:00:00.88 | Mem:0.00M, Peak:0.00M | Scene, ViewLayer | Synchronizing object | Entry tread raised antislip ridge.044
Fra:1 Mem:528.01M (Peak 528.01M) | Time:00:00.88 | Mem:0.00M, Peak:0.00M | Scene, ViewLayer | Synchronizing object | Entrance ladder perforated tread.003
Fra:1 Mem:528.02M (Peak 528.02M) | Time:00:00.88 | Mem:0.00M, Peak:0.00M | Scene, ViewLayer | Synchronizing object | Entry tread raised antislip ridge.045
Fra:1 Mem:528.02M (Peak 528.02M) | Time:00:00.88 | Mem:0.00M, Peak:0.00M | Scene, ViewLayer | Synchronizing object | Entry tread raised antislip ridge.046
Fra:1 Mem:528.04M (Peak 528.04M) | Time:00:00.88 | Mem:0.00M, Peak:0.00M | Scene, ViewLayer | Synchronizing object | Entry tread raised antislip ridge.047
Fra:1 Mem:528.04M (Peak 528.04M) | Time:00:00.88 | Mem:0.00M, Peak:0.00M | Scene, ViewLayer | Synchronizing object | Entry tread raised antislip ridge.049
Fra:1 Mem:528.07M (Peak 528.07M) | Time:00:00.88 | Mem:0.00M, Peak:0.00M | Scene, ViewLayer | Synchronizing object | Entry tread raised antislip ridge.051
Fra:1 Mem:528.07M (Peak 528.07M) | Time:00:00.88 | Mem:0.00M, Peak:0.00M | Scene, ViewLayer | Synchronizing object | Entry tread raised antislip ridge.052
Fra:1 Mem:528.09M (Peak 528.09M) | Time:00:00.88 | Mem:0.00M, Peak:0.00M | Scene, ViewLayer | Synchronizing object | Entry tread raised antislip ridge.053
Fra:1 Mem:528.10M (Peak 528.10M) | Time:00:00.88 | Mem:0.00M, Peak:0.00M | Scene, ViewLayer | Synchronizing object | Entry tread raised antislip ridge.054
Fra:1 Mem:528.10M (Peak 528.10M) | Time:00:00.88 | Mem:0.00M, Peak:0.00M | Scene, ViewLayer | Synchronizing object | Entry tread raised antislip ridge.055
Fra:1 Mem:528.12M (Peak 528.12M) | Time:00:00.88 | Mem:0.00M, Peak:0.00M | Scene, ViewLayer | Synchronizing object | Entry tread raised antislip ridge.056
Fra:1 Mem:528.12M (Peak 528.12M) | Time:00:00.88 | Mem:0.00M, Peak:0.00M | Scene, ViewLayer | Synchronizing object | Entry tread raised antislip ridge.057
Fra:1 Mem:528.13M (Peak 528.13M) | Time:00:00.88 | Mem:0.00M, Peak:0.00M | Scene, ViewLayer | Synchronizing object | Entry tread raised antislip ridge.058
Fra:1 Mem:528.14M (Peak 528.14M) | Time:00:00.88 | Mem:0.00M, Peak:0.00M | Scene, ViewLayer | Synchronizing object | Entry tread raised antislip ridge.059
Fra:1 Mem:528.15M (Peak 528.15M) | Time:00:00.88 | Mem:0.00M, Peak:0.00M | Scene, ViewLayer | Synchronizing object | Entrance ladder angle stringer
Fra:1 Mem:528.16M (Peak 528.16M) | Time:00:00.88 | Mem:0.00M, Peak:0.00M | Scene, ViewLayer | Synchronizing object | Entrance ladder angle stringer.001
Fra:1 Mem:528.17M (Peak 528.17M) | Time:00:00.88 | Mem:0.00M, Peak:0.00M | Scene, ViewLayer | Synchronizing object | Door instruction
Fra:1 Mem:528.17M (Peak 528.17M) | Time:00:00.88 | Mem:0.00M, Peak:0.00M | Scene, ViewLayer | Synchronizing object | Entry lettering
Fra:1 Mem:528.19M (Peak 528.19M) | Time:00:00.88 | Mem:0.00M, Peak:0.00M | Scene, ViewLayer | Synchronizing object | Entrance aperture steel return.001
Fra:1 Mem:528.22M (Peak 528.22M) | Time:00:00.88 | Mem:0.00M, Peak:0.00M | Scene, ViewLayer | Synchronizing object | Entrance door weatherseal.001
Fra:1 Mem:528.27M (Peak 528.27M) | Time:00:00.88 | Mem:0.00M, Peak:0.00M | Scene, ViewLayer | Synchronizing object | Entrance pressed steel door panel.002
Fra:1 Mem:528.28M (Peak 528.28M) | Time:00:00.88 | Mem:0.00M, Peak:0.00M | Scene, ViewLayer | Synchronizing object | Entrance pressed steel door panel.003
Fra:1 Mem:528.29M (Peak 528.29M) | Time:00:00.88 | Mem:0.00M, Peak:0.00M | Scene, ViewLayer | Synchronizing object | Entrance glazed opening side rail.002
Fra:1 Mem:528.30M (Peak 528.30M) | Time:00:00.88 | Mem:0.00M, Peak:0.00M | Scene, ViewLayer | Synchronizing object | Entrance glazed opening side rail.003
Fra:1 Mem:528.31M (Peak 528.31M) | Time:00:00.88 | Mem:0.00M, Peak:0.00M | Scene, ViewLayer | Synchronizing object | Door window band lower paint strip.001
Fra:1 Mem:528.32M (Peak 528.32M) | Time:00:00.88 | Mem:0.00M, Peak:0.00M | Scene, ViewLayer | Synchronizing object | Door window band upper paint strip.001
Fra:1 Mem:528.32M (Peak 528.32M) | Time:00:00.88 | Mem:0.00M, Peak:0.00M | Scene, ViewLayer | Synchronizing object | Entrance window gasket.001
Fra:1 Mem:528.32M (Peak 528.32M) | Time:00:00.88 | Mem:0.00M, Peak:0.00M | Scene, ViewLayer | Synchronizing object | Entrance window protection bar.005
Fra:1 Mem:528.35M (Peak 528.35M) | Time:00:00.88 | Mem:0.00M, Peak:0.00M | Scene, ViewLayer | Synchronizing object | Entrance window protection bar.006
Fra:1 Mem:528.36M (Peak 528.36M) | Time:00:00.88 | Mem:0.00M, Peak:0.00M | Scene, ViewLayer | Synchronizing object | Entrance window protection bar.007
Fra:1 Mem:528.36M (Peak 528.36M) | Time:00:00.88 | Mem:0.00M, Peak:0.00M | Scene, ViewLayer | Synchronizing object | Entrance window protection bar.009
Fra:1 Mem:528.37M (Peak 528.37M) | Time:00:00.88 | Mem:0.00M, Peak:0.00M | Scene, ViewLayer | Synchronizing object | Pressed door lower panel bead.002
Fra:1 Mem:528.37M (Peak 528.37M) | Time:00:00.88 | Mem:0.00M, Peak:0.00M | Scene, ViewLayer | Synchronizing object | Door hinge knuckle.003
Fra:1 Mem:528.42M (Peak 528.42M) | Time:00:00.88 | Mem:0.00M, Peak:0.00M | Scene, ViewLayer | Synchronizing object | Door hinge plate.006
Fra:1 Mem:528.42M (Peak 528.42M) | Time:00:00.88 | Mem:0.00M, Peak:0.00M | Scene, ViewLayer | Synchronizing object | Door hinge plate.007
Fra:1 Mem:528.44M (Peak 528.44M) | Time:00:00.88 | Mem:0.00M, Peak:0.00M | Scene, ViewLayer | Synchronizing object | Door hinge knuckle.004
Fra:1 Mem:528.44M (Peak 528.44M) | Time:00:00.88 | Mem:0.00M, Peak:0.00M | Scene, ViewLayer | Synchronizing object | Door hinge plate.008
Fra:1 Mem:528.44M (Peak 528.44M) | Time:00:00.88 | Mem:0.00M, Peak:0.00M | Scene, ViewLayer | Synchronizing object | Door hinge plate.009
Fra:1 Mem:528.46M (Peak 528.46M) | Time:00:00.88 | Mem:0.00M, Peak:0.00M | Scene, ViewLayer | Synchronizing object | Door hinge knuckle.005
Fra:1 Mem:528.46M (Peak 528.46M) | Time:00:00.88 | Mem:0.00M, Peak:0.00M | Scene, ViewLayer | Synchronizing object | Door hinge plate.010
Fra:1 Mem:528.47M (Peak 528.47M) | Time:00:00.88 | Mem:0.00M, Peak:0.00M | Scene, ViewLayer | Synchronizing object | Door polished pull.001
Fra:1 Mem:528.48M (Peak 528.48M) | Time:00:00.88 | Mem:0.00M, Peak:0.00M | Scene, ViewLayer | Synchronizing object | Door handle mounting boss.002
Fra:1 Mem:528.49M (Peak 528.49M) | Time:00:00.88 | Mem:0.00M, Peak:0.00M | Scene, ViewLayer | Synchronizing object | Door handle mounting boss.003
Fra:1 Mem:528.49M (Peak 528.49M) | Time:00:00.88 | Mem:0.00M, Peak:0.00M | Scene, ViewLayer | Synchronizing object | Door key slot.001
Fra:1 Mem:528.50M (Peak 528.50M) | Time:00:00.88 | Mem:0.00M, Peak:0.00M | Scene, ViewLayer | Synchronizing object | Bent entrance stainless grabrail.002
Fra:1 Mem:528.50M (Peak 528.50M) | Time:00:00.88 | Mem:0.00M, Peak:0.00M | Scene, ViewLayer | Synchronizing object | Grabrail mounting pad.004
Fra:1 Mem:528.52M (Peak 528.52M) | Time:00:00.88 | Mem:0.00M, Peak:0.00M | Scene, ViewLayer | Synchronizing object | Grabrail mounting pad.005
Fra:1 Mem:528.53M (Peak 528.53M) | Time:00:00.88 | Mem:0.00M, Peak:0.00M | Scene, ViewLayer | Synchronizing object | Bent entrance stainless grabrail.003
Fra:1 Mem:528.54M (Peak 528.54M) | Time:00:00.88 | Mem:0.00M, Peak:0.00M | Scene, ViewLayer | Synchronizing object | Grabrail mounting pad.006
Fra:1 Mem:528.54M (Peak 528.54M) | Time:00:00.88 | Mem:0.00M, Peak:0.00M | Scene, ViewLayer | Synchronizing object | Grabrail mounting pad.007
Fra:1 Mem:528.55M (Peak 528.55M) | Time:00:00.88 | Mem:0.00M, Peak:0.00M | Scene, ViewLayer | Synchronizing object | Entrance ladder perforated tread.004
Fra:1 Mem:528.55M (Peak 528.55M) | Time:00:00.88 | Mem:0.00M, Peak:0.00M | Scene, ViewLayer | Synchronizing object | Entry tread raised antislip ridge.060
Fra:1 Mem:528.56M (Peak 528.56M) | Time:00:00.88 | Mem:0.00M, Peak:0.00M | Scene, ViewLayer | Synchronizing object | Entry tread raised antislip ridge.061
Fra:1 Mem:528.57M (Peak 528.57M) | Time:00:00.88 | Mem:0.00M, Peak:0.00M | Scene, ViewLayer | Synchronizing object | Entry tread raised antislip ridge.062
Fra:1 Mem:528.58M (Peak 528.58M) | Time:00:00.88 | Mem:0.00M, Peak:0.00M | Scene, ViewLayer | Synchronizing object | Entry tread raised antislip ridge.063
Fra:1 Mem:528.58M (Peak 528.58M) | Time:00:00.88 | Mem:0.00M, Peak:0.00M | Scene, ViewLayer | Synchronizing object | Entry tread raised antislip ridge.064
Fra:1 Mem:528.60M (Peak 528.60M) | Time:00:00.88 | Mem:0.00M, Peak:0.00M | Scene, ViewLayer | Synchronizing object | Entry tread raised antislip ridge.065
Fra:1 Mem:528.61M (Peak 528.61M) | Time:00:00.88 | Mem:0.00M, Peak:0.00M | Scene, ViewLayer | Synchronizing object | Entry tread raised antislip ridge.066
Fra:1 Mem:528.61M (Peak 528.61M) | Time:00:00.88 | Mem:0.00M, Peak:0.00M | Scene, ViewLayer | Synchronizing object | Entry tread raised antislip ridge.068
Fra:1 Mem:528.63M (Peak 528.63M) | Time:00:00.88 | Mem:0.00M, Peak:0.00M | Scene, ViewLayer | Synchronizing object | Entry tread raised antislip ridge.069
Fra:1 Mem:528.64M (Peak 528.64M) | Time:00:00.88 | Mem:0.00M, Peak:0.00M | Scene, ViewLayer | Synchronizing object | Entry tread raised antislip ridge.070
Fra:1 Mem:528.65M (Peak 528.65M) | Time:00:00.88 | Mem:0.00M, Peak:0.00M | Scene, ViewLayer | Synchronizing object | Entry tread raised antislip ridge.071
Fra:1 Mem:528.66M (Peak 528.66M) | Time:00:00.88 | Mem:0.00M, Peak:0.00M | Scene, ViewLayer | Synchronizing object | Entry tread raised antislip ridge.072
Fra:1 Mem:528.67M (Peak 528.67M) | Time:00:00.88 | Mem:0.00M, Peak:0.00M | Scene, ViewLayer | Synchronizing object | Entry tread raised antislip ridge.073
Fra:1 Mem:528.67M (Peak 528.67M) | Time:00:00.88 | Mem:0.00M, Peak:0.00M | Scene, ViewLayer | Synchronizing object | Entry tread raised antislip ridge.074
Fra:1 Mem:528.69M (Peak 528.69M) | Time:00:00.88 | Mem:0.00M, Peak:0.00M | Scene, ViewLayer | Synchronizing object | Entrance ladder perforated tread.005
Fra:1 Mem:528.70M (Peak 528.70M) | Time:00:00.88 | Mem:0.00M, Peak:0.00M | Scene, ViewLayer | Synchronizing object | Entry tread raised antislip ridge.075
Fra:1 Mem:528.70M (Peak 528.70M) | Time:00:00.88 | Mem:0.00M, Peak:0.00M | Scene, ViewLayer | Synchronizing object | Entry tread raised antislip ridge.076
Fra:1 Mem:528.71M (Peak 528.71M) | Time:00:00.88 | Mem:0.00M, Peak:0.00M | Scene, ViewLayer | Synchronizing object | Entry tread raised antislip ridge.077
Fra:1 Mem:528.72M (Peak 528.72M) | Time:00:00.88 | Mem:0.00M, Peak:0.00M | Scene, ViewLayer | Synchronizing object | Entry tread raised antislip ridge.078
Fra:1 Mem:528.73M (Peak 528.73M) | Time:00:00.88 | Mem:0.00M, Peak:0.00M | Scene, ViewLayer | Synchronizing object | Entry tread raised antislip ridge.079
Fra:1 Mem:528.73M (Peak 528.73M) | Time:00:00.88 | Mem:0.00M, Peak:0.00M | Scene, ViewLayer | Synchronizing object | Entry tread raised antislip ridge.080
Fra:1 Mem:528.75M (Peak 528.75M) | Time:00:00.88 | Mem:0.00M, Peak:0.00M | Scene, ViewLayer | Synchronizing object | Entry tread raised antislip ridge.081
Fra:1 Mem:528.76M (Peak 528.76M) | Time:00:00.88 | Mem:0.00M, Peak:0.00M | Scene, ViewLayer | Synchronizing object | Entry tread raised antislip ridge.082
Fra:1 Mem:528.76M (Peak 528.76M) | Time:00:00.88 | Mem:0.00M, Peak:0.00M | Scene, ViewLayer | Synchronizing object | Entry tread raised antislip ridge.083
Fra:1 Mem:528.77M (Peak 528.77M) | Time:00:00.88 | Mem:0.00M, Peak:0.00M | Scene, ViewLayer | Synchronizing object | Entry tread raised antislip ridge.084
Fra:1 Mem:528.78M (Peak 528.78M) | Time:00:00.88 | Mem:0.00M, Peak:0.00M | Scene, ViewLayer | Synchronizing object | Entry tread raised antislip ridge.085
Fra:1 Mem:528.79M (Peak 528.79M) | Time:00:00.88 | Mem:0.00M, Peak:0.00M | Scene, ViewLayer | Synchronizing object | Entry tread raised antislip ridge.086
Fra:1 Mem:528.79M (Peak 528.79M) | Time:00:00.88 | Mem:0.00M, Peak:0.00M | Scene, ViewLayer | Synchronizing object | Entry tread raised antislip ridge.087
Fra:1 Mem:528.81M (Peak 528.81M) | Time:00:00.88 | Mem:0.00M, Peak:0.00M | Scene, ViewLayer | Synchronizing object | Entry tread raised antislip ridge.088
Fra:1 Mem:528.82M (Peak 528.82M) | Time:00:00.88 | Mem:0.00M, Peak:0.00M | Scene, ViewLayer | Synchronizing object | Entry tread raised antislip ridge.089
Fra:1 Mem:528.82M (Peak 528.82M) | Time:00:00.88 | Mem:0.00M, Peak:0.00M | Scene, ViewLayer | Synchronizing object | Entrance ladder perforated tread.006
Fra:1 Mem:528.83M (Peak 528.83M) | Time:00:00.88 | Mem:0.00M, Peak:0.00M | Scene, ViewLayer | Synchronizing object | Entry tread raised antislip ridge.090
Fra:1 Mem:528.84M (Peak 528.84M) | Time:00:00.88 | Mem:0.00M, Peak:0.00M | Scene, ViewLayer | Synchronizing object | Entry tread raised antislip ridge.091
Fra:1 Mem:528.85M (Peak 528.85M) | Time:00:00.88 | Mem:0.00M, Peak:0.00M | Scene, ViewLayer | Synchronizing object | Entry tread raised antislip ridge.092
Fra:1 Mem:528.86M (Peak 528.86M) | Time:00:00.88 | Mem:0.00M, Peak:0.00M | Scene, ViewLayer | Synchronizing object | Entry tread raised antislip ridge.093
Fra:1 Mem:528.86M (Peak 528.86M) | Time:00:00.88 | Mem:0.00M, Peak:0.00M | Scene, ViewLayer | Synchronizing object | Entry tread raised antislip ridge.094
Fra:1 Mem:528.88M (Peak 528.88M) | Time:00:00.88 | Mem:0.00M, Peak:0.00M | Scene, ViewLayer | Synchronizing object | Entry tread raised antislip ridge.095
Fra:1 Mem:528.89M (Peak 528.89M) | Time:00:00.88 | Mem:0.00M, Peak:0.00M | Scene, ViewLayer | Synchronizing object | Entry tread raised antislip ridge.096
Fra:1 Mem:528.89M (Peak 528.89M) | Time:00:00.88 | Mem:0.00M, Peak:0.00M | Scene, ViewLayer | Synchronizing object | Entry tread raised antislip ridge.097
Fra:1 Mem:528.90M (Peak 528.90M) | Time:00:00.88 | Mem:0.00M, Peak:0.00M | Scene, ViewLayer | Synchronizing object | Entry tread raised antislip ridge.098
Fra:1 Mem:528.91M (Peak 528.91M) | Time:00:00.88 | Mem:0.00M, Peak:0.00M | Scene, ViewLayer | Synchronizing object | Entry tread raised antislip ridge.099
Fra:1 Mem:528.92M (Peak 528.92M) | Time:00:00.88 | Mem:0.00M, Peak:0.00M | Scene, ViewLayer | Synchronizing object | Entry tread raised antislip ridge.100
Fra:1 Mem:528.93M (Peak 528.93M) | Time:00:00.88 | Mem:0.00M, Peak:0.00M | Scene, ViewLayer | Synchronizing object | Entry tread raised antislip ridge.101
Fra:1 Mem:528.93M (Peak 528.93M) | Time:00:00.88 | Mem:0.00M, Peak:0.00M | Scene, ViewLayer | Synchronizing object | Entry tread raised antislip ridge.102
Fra:1 Mem:528.97M (Peak 528.97M) | Time:00:00.88 | Mem:0.00M, Peak:0.00M | Scene, ViewLayer | Synchronizing object | Entry tread raised antislip ridge.103
Fra:1 Mem:528.99M (Peak 528.99M) | Time:00:00.88 | Mem:0.00M, Peak:0.00M | Scene, ViewLayer | Synchronizing object | Entry tread raised antislip ridge.104
Fra:1 Mem:528.99M (Peak 528.99M) | Time:00:00.88 | Mem:0.00M, Peak:0.00M | Scene, ViewLayer | Synchronizing object | Entrance ladder perforated tread.007
Fra:1 Mem:529.00M (Peak 529.00M) | Time:00:00.88 | Mem:0.00M, Peak:0.00M | Scene, ViewLayer | Synchronizing object | Entry tread raised antislip ridge.105
Fra:1 Mem:529.01M (Peak 529.01M) | Time:00:00.88 | Mem:0.00M, Peak:0.00M | Scene, ViewLayer | Synchronizing object | Entry tread raised antislip ridge.106
Fra:1 Mem:529.02M (Peak 529.02M) | Time:00:00.88 | Mem:0.00M, Peak:0.00M | Scene, ViewLayer | Synchronizing object | Entry tread raised antislip ridge.107
Fra:1 Mem:529.02M (Peak 529.02M) | Time:00:00.88 | Mem:0.00M, Peak:0.00M | Scene, ViewLayer | Synchronizing object | Entry tread raised antislip ridge.108
Fra:1 Mem:529.04M (Peak 529.04M) | Time:00:00.88 | Mem:0.00M, Peak:0.00M | Scene, ViewLayer | Synchronizing object | Entry tread raised antislip ridge.109
Fra:1 Mem:529.04M (Peak 529.04M) | Time:00:00.88 | Mem:0.00M, Peak:0.00M | Scene, ViewLayer | Synchronizing object | Entry tread raised antislip ridge.110
Fra:1 Mem:529.06M (Peak 529.06M) | Time:00:00.88 | Mem:0.00M, Peak:0.00M | Scene, ViewLayer | Synchronizing object | Entry tread raised antislip ridge.111
Fra:1 Mem:529.06M (Peak 529.06M) | Time:00:00.88 | Mem:0.00M, Peak:0.00M | Scene, ViewLayer | Synchronizing object | Entry tread raised antislip ridge.112
Fra:1 Mem:529.07M (Peak 529.07M) | Time:00:00.88 | Mem:0.00M, Peak:0.00M | Scene, ViewLayer | Synchronizing object | Entry tread raised antislip ridge.113
Fra:1 Mem:529.08M (Peak 529.08M) | Time:00:00.88 | Mem:0.00M, Peak:0.00M | Scene, ViewLayer | Synchronizing object | Entry tread raised antislip ridge.114
Fra:1 Mem:529.09M (Peak 529.09M) | Time:00:00.88 | Mem:0.00M, Peak:0.00M | Scene, ViewLayer | Synchronizing object | Entry tread raised antislip ridge.116
Fra:1 Mem:529.11M (Peak 529.11M) | Time:00:00.88 | Mem:0.00M, Peak:0.00M | Scene, ViewLayer | Synchronizing object | Entry tread raised antislip ridge.117
Fra:1 Mem:529.11M (Peak 529.11M) | Time:00:00.88 | Mem:0.00M, Peak:0.00M | Scene, ViewLayer | Synchronizing object | Entry tread raised antislip ridge.118
Fra:1 Mem:529.12M (Peak 529.12M) | Time:00:00.88 | Mem:0.00M, Peak:0.00M | Scene, ViewLayer | Synchronizing object | Entry tread raised antislip ridge.119
Fra:1 Mem:529.13M (Peak 529.13M) | Time:00:00.88 | Mem:0.00M, Peak:0.00M | Scene, ViewLayer | Synchronizing object | Entrance ladder angle stringer.002
Fra:1 Mem:529.14M (Peak 529.14M) | Time:00:00.88 | Mem:0.00M, Peak:0.00M | Scene, ViewLayer | Synchronizing object | Entrance ladder angle stringer.003
Fra:1 Mem:529.15M (Peak 529.15M) | Time:00:00.88 | Mem:0.00M, Peak:0.00M | Scene, ViewLayer | Synchronizing object | Door instruction.001
Fra:1 Mem:529.16M (Peak 529.16M) | Time:00:00.88 | Mem:0.00M, Peak:0.00M | Scene, ViewLayer | Synchronizing object | Entry lettering.001
Fra:1 Mem:529.16M (Peak 529.16M) | Time:00:00.88 | Mem:0.00M, Peak:0.00M | Scene, ViewLayer | Synchronizing object | Toilet window black gasket
Fra:1 Mem:529.25M (Peak 529.25M) | Time:00:00.88 | Mem:0.00M, Peak:0.00M | Scene, ViewLayer | Synchronizing object | Obscure toilet glass
Fra:1 Mem:529.26M (Peak 529.26M) | Time:00:00.88 | Mem:0.00M, Peak:0.00M | Scene, ViewLayer | Synchronizing object | Toilet window external bar
Fra:1 Mem:529.27M (Peak 529.27M) | Time:00:00.88 | Mem:0.00M, Peak:0.00M | Scene, ViewLayer | Synchronizing object | Toilet window external bar.001
Fra:1 Mem:529.27M (Peak 529.27M) | Time:00:00.88 | Mem:0.00M, Peak:0.00M | Scene, ViewLayer | Synchronizing object | Toilet window external bar.002
Fra:1 Mem:529.27M (Peak 529.27M) | Time:00:00.88 | Mem:0.00M, Peak:0.00M | Scene, ViewLayer | Synchronizing object | Toilet window external bar.003
Fra:1 Mem:529.28M (Peak 529.28M) | Time:00:00.88 | Mem:0.00M, Peak:0.00M | Scene, ViewLayer | Synchronizing object | Toilet window black gasket.001
Fra:1 Mem:529.28M (Peak 529.28M) | Time:00:00.88 | Mem:0.00M, Peak:0.00M | Scene, ViewLayer | Synchronizing object | Obscure toilet glass.001
Fra:1 Mem:529.29M (Peak 529.29M) | Time:00:00.88 | Mem:0.00M, Peak:0.00M | Scene, ViewLayer | Synchronizing object | Toilet window external bar.004
Fra:1 Mem:529.31M (Peak 529.31M) | Time:00:00.88 | Mem:0.00M, Peak:0.00M | Scene, ViewLayer | Synchronizing object | Toilet window external bar.005
Fra:1 Mem:529.33M (Peak 529.33M) | Time:00:00.88 | Mem:0.00M, Peak:0.00M | Scene, ViewLayer | Synchronizing object | Toilet window external bar.006
Fra:1 Mem:529.32M (Peak 529.33M) | Time:00:00.88 | Mem:0.00M, Peak:0.00M | Scene, ViewLayer | Synchronizing object | Toilet window external bar.007
Fra:1 Mem:529.32M (Peak 529.33M) | Time:00:00.88 | Mem:0.00M, Peak:0.00M | Scene, ViewLayer | Synchronizing object | English class legend
Fra:1 Mem:529.33M (Peak 529.33M) | Time:00:00.88 | Mem:0.00M, Peak:0.00M | Scene, ViewLayer | Synchronizing object | Hindi class painted marking
Fra:1 Mem:529.35M (Peak 529.35M) | Time:00:00.88 | Mem:0.00M, Peak:0.00M | Scene, ViewLayer | Synchronizing object | Coach number illustrative
Fra:1 Mem:529.38M (Peak 529.38M) | Time:00:00.88 | Mem:0.00M, Peak:0.00M | Scene, ViewLayer | Synchronizing object | Zone initials
Fra:1 Mem:529.54M (Peak 529.54M) | Time:00:00.88 | Mem:0.00M, Peak:0.00M | Scene, ViewLayer | Synchronizing object | Yellow destination board
Fra:1 Mem:529.60M (Peak 529.60M) | Time:00:00.88 | Mem:0.00M, Peak:0.00M | Scene, ViewLayer | Synchronizing object | Route destination legend
Fra:1 Mem:529.72M (Peak 529.72M) | Time:00:00.88 | Mem:0.00M, Peak:0.00M | Scene, ViewLayer | Synchronizing object | Destination board mounting bracket
Fra:1 Mem:529.74M (Peak 529.74M) | Time:00:00.88 | Mem:0.00M, Peak:0.00M | Scene, ViewLayer | Synchronizing object | Destination board mounting bracket.001
Fra:1 Mem:529.77M (Peak 529.77M) | Time:00:00.88 | Mem:0.00M, Peak:0.00M | Scene, ViewLayer | Synchronizing object | Destination board fixing screw
Fra:1 Mem:529.80M (Peak 529.80M) | Time:00:00.88 | Mem:0.00M, Peak:0.00M | Scene, ViewLayer | Synchronizing object | Destination board fixing screw.001
Fra:1 Mem:529.78M (Peak 529.80M) | Time:00:00.88 | Mem:0.00M, Peak:0.00M | Scene, ViewLayer | Synchronizing object | Destination board fixing screw.002
Fra:1 Mem:529.78M (Peak 529.80M) | Time:00:00.88 | Mem:0.00M, Peak:0.00M | Scene, ViewLayer | Synchronizing object | Coach position plate
Fra:1 Mem:529.79M (Peak 529.80M) | Time:00:00.88 | Mem:0.00M, Peak:0.00M | Scene, ViewLayer | Synchronizing object | Coach position character
Fra:1 Mem:529.80M (Peak 529.80M) | Time:00:00.88 | Mem:0.00M, Peak:0.00M | Scene, ViewLayer | Synchronizing object | Technical maintenance stencil
Fra:1 Mem:529.86M (Peak 529.86M) | Time:00:00.88 | Mem:0.00M, Peak:0.00M | Scene, ViewLayer | Synchronizing object | Technical maintenance stencil.001
Fra:1 Mem:530.12M (Peak 530.12M) | Time:00:00.88 | Mem:0.00M, Peak:0.00M | Scene, ViewLayer | Synchronizing object | Pneumatic release stencil
Fra:1 Mem:530.25M (Peak 530.25M) | Time:00:00.88 | Mem:0.00M, Peak:0.00M | Scene, ViewLayer | Synchronizing object | Rounded end corner pressed skin
Fra:1 Mem:530.27M (Peak 530.27M) | Time:00:00.88 | Mem:0.00M, Peak:0.00M | Scene, ViewLayer | Synchronizing object | Rounded end corner pressed skin.001
Fra:1 Mem:530.28M (Peak 530.28M) | Time:00:00.88 | Mem:0.00M, Peak:0.00M | Scene, ViewLayer | Synchronizing object | Rounded end corner pressed skin.002
Fra:1 Mem:530.31M (Peak 530.31M) | Time:00:00.88 | Mem:0.00M, Peak:0.00M | Scene, ViewLayer | Synchronizing object | Rounded end corner pressed skin.003
Fra:1 Mem:530.31M (Peak 530.31M) | Time:00:00.88 | Mem:0.00M, Peak:0.00M | Scene, ViewLayer | Synchronizing object | Rounded end corner pressed skin.004
Fra:1 Mem:530.30M (Peak 530.31M) | Time:00:00.88 | Mem:0.00M, Peak:0.00M | Scene, ViewLayer | Synchronizing object | Rounded end corner pressed skin.005
Fra:1 Mem:530.30M (Peak 530.31M) | Time:00:00.88 | Mem:0.00M, Peak:0.00M | Scene, ViewLayer | Synchronizing object | Lined bodyside aperture panel.304
Fra:1 Mem:530.30M (Peak 530.31M) | Time:00:00.88 | Mem:0.00M, Peak:0.00M | Scene, ViewLayer | Synchronizing object | Pressed bodyside skin.305
Fra:1 Mem:530.30M (Peak 530.31M) | Time:00:00.88 | Mem:0.00M, Peak:0.00M | Scene, ViewLayer | Synchronizing object | Pressed bodyside skin.306
Fra:1 Mem:530.31M (Peak 530.31M) | Time:00:00.88 | Mem:0.00M, Peak:0.00M | Scene, ViewLayer | Synchronizing object | Lined bodyside aperture panel.306
Fra:1 Mem:530.31M (Peak 530.31M) | Time:00:00.88 | Mem:0.00M, Peak:0.00M | Scene, ViewLayer | Synchronizing object | Pressed bodyside skin.307
Fra:1 Mem:530.31M (Peak 530.31M) | Time:00:00.88 | Mem:0.00M, Peak:0.00M | Scene, ViewLayer | Synchronizing object | Lined bodyside aperture panel.307
Fra:1 Mem:530.31M (Peak 530.31M) | Time:00:00.88 | Mem:0.00M, Peak:0.00M | Scene, ViewLayer | Synchronizing object | Pressed bodyside skin.308
Fra:1 Mem:530.31M (Peak 530.31M) | Time:00:00.88 | Mem:0.00M, Peak:0.00M | Scene, ViewLayer | Synchronizing object | Lined bodyside aperture panel.308
Fra:1 Mem:530.31M (Peak 530.31M) | Time:00:00.88 | Mem:0.00M, Peak:0.00M | Scene, ViewLayer | Synchronizing object | Pressed bodyside skin.309
Fra:1 Mem:530.31M (Peak 530.31M) | Time:00:00.88 | Mem:0.00M, Peak:0.00M | Scene, ViewLayer | Synchronizing object | Lined bodyside aperture panel.309
Fra:1 Mem:530.32M (Peak 530.32M) | Time:00:00.88 | Mem:0.00M, Peak:0.00M | Scene, ViewLayer | Synchronizing object | Pressed bodyside skin.310
Fra:1 Mem:530.32M (Peak 530.32M) | Time:00:00.88 | Mem:0.00M, Peak:0.00M | Scene, ViewLayer | Synchronizing object | Lined bodyside aperture panel.310
Fra:1 Mem:530.32M (Peak 530.32M) | Time:00:00.88 | Mem:0.00M, Peak:0.00M | Scene, ViewLayer | Synchronizing object | Pressed bodyside skin.311
Fra:1 Mem:530.32M (Peak 530.32M) | Time:00:00.88 | Mem:0.00M, Peak:0.00M | Scene, ViewLayer | Synchronizing object | Lined bodyside aperture panel.311
Fra:1 Mem:530.32M (Peak 530.32M) | Time:00:00.88 | Mem:0.00M, Peak:0.00M | Scene, ViewLayer | Synchronizing object | Lined bodyside aperture panel.312
Fra:1 Mem:530.33M (Peak 530.33M) | Time:00:00.88 | Mem:0.00M, Peak:0.00M | Scene, ViewLayer | Synchronizing object | Pressed bodyside skin.313
Fra:1 Mem:530.33M (Peak 530.33M) | Time:00:00.88 | Mem:0.00M, Peak:0.00M | Scene, ViewLayer | Synchronizing object | Pressed bodyside skin.314
Fra:1 Mem:530.33M (Peak 530.33M) | Time:00:00.88 | Mem:0.00M, Peak:0.00M | Scene, ViewLayer | Synchronizing object | Lined bodyside aperture panel.314
Fra:1 Mem:530.33M (Peak 530.33M) | Time:00:00.88 | Mem:0.00M, Peak:0.00M | Scene, ViewLayer | Synchronizing object | Lined bodyside aperture panel.315
Fra:1 Mem:530.33M (Peak 530.33M) | Time:00:00.88 | Mem:0.00M, Peak:0.00M | Scene, ViewLayer | Synchronizing object | Pressed bodyside skin.316
Fra:1 Mem:530.33M (Peak 530.33M) | Time:00:00.88 | Mem:0.00M, Peak:0.00M | Scene, ViewLayer | Synchronizing object | Pressed bodyside skin.317
Fra:1 Mem:530.34M (Peak 530.34M) | Time:00:00.88 | Mem:0.00M, Peak:0.00M | Scene, ViewLayer | Synchronizing object | Lined bodyside aperture panel.317
Fra:1 Mem:530.34M (Peak 530.34M) | Time:00:00.88 | Mem:0.00M, Peak:0.00M | Scene, ViewLayer | Synchronizing object | Pressed bodyside skin.318
Fra:1 Mem:530.34M (Peak 530.34M) | Time:00:00.88 | Mem:0.00M, Peak:0.00M | Scene, ViewLayer | Synchronizing object | Pressed bodyside skin.319
Fra:1 Mem:530.34M (Peak 530.34M) | Time:00:00.88 | Mem:0.00M, Peak:0.00M | Scene, ViewLayer | Synchronizing object | Lined bodyside aperture panel.319
Fra:1 Mem:530.34M (Peak 530.34M) | Time:00:00.88 | Mem:0.00M, Peak:0.00M | Scene, ViewLayer | Synchronizing object | Pressed bodyside skin.320
Fra:1 Mem:530.35M (Peak 530.35M) | Time:00:00.88 | Mem:0.00M, Peak:0.00M | Scene, ViewLayer | Synchronizing object | Pressed bodyside skin.321
Fra:1 Mem:530.35M (Peak 530.35M) | Time:00:00.88 | Mem:0.00M, Peak:0.00M | Scene, ViewLayer | Synchronizing object | Lined bodyside aperture panel.321
Fra:1 Mem:530.35M (Peak 530.35M) | Time:00:00.88 | Mem:0.00M, Peak:0.00M | Scene, ViewLayer | Synchronizing object | Lined bodyside aperture panel.322
Fra:1 Mem:530.35M (Peak 530.35M) | Time:00:00.88 | Mem:0.00M, Peak:0.00M | Scene, ViewLayer | Synchronizing object | Pressed bodyside skin.323
Fra:1 Mem:530.35M (Peak 530.35M) | Time:00:00.88 | Mem:0.00M, Peak:0.00M | Scene, ViewLayer | Synchronizing object | Lined bodyside aperture panel.323
Fra:1 Mem:530.36M (Peak 530.36M) | Time:00:00.88 | Mem:0.00M, Peak:0.00M | Scene, ViewLayer | Synchronizing object | Pressed bodyside skin.324
Fra:1 Mem:530.36M (Peak 530.36M) | Time:00:00.88 | Mem:0.00M, Peak:0.00M | Scene, ViewLayer | Synchronizing object | Pressed bodyside skin.325
Fra:1 Mem:530.36M (Peak 530.36M) | Time:00:00.88 | Mem:0.00M, Peak:0.00M | Scene, ViewLayer | Synchronizing object | Lined bodyside aperture panel.325
Fra:1 Mem:530.36M (Peak 530.36M) | Time:00:00.88 | Mem:0.00M, Peak:0.00M | Scene, ViewLayer | Synchronizing object | Lined bodyside aperture panel.326
Fra:1 Mem:530.36M (Peak 530.36M) | Time:00:00.88 | Mem:0.00M, Peak:0.00M | Scene, ViewLayer | Synchronizing object | Pressed bodyside skin.327
Fra:1 Mem:530.37M (Peak 530.37M) | Time:00:00.88 | Mem:0.00M, Peak:0.00M | Scene, ViewLayer | Synchronizing object | Lined bodyside aperture panel.327
Fra:1 Mem:530.37M (Peak 530.37M) | Time:00:00.88 | Mem:0.00M, Peak:0.00M | Scene, ViewLayer | Synchronizing object | Lined bodyside aperture panel.328
Fra:1 Mem:530.37M (Peak 530.37M) | Time:00:00.88 | Mem:0.00M, Peak:0.00M | Scene, ViewLayer | Synchronizing object | Pressed bodyside skin.329
Fra:1 Mem:530.37M (Peak 530.37M) | Time:00:00.88 | Mem:0.00M, Peak:0.00M | Scene, ViewLayer | Synchronizing object | Pressed bodyside skin.330
Fra:1 Mem:530.37M (Peak 530.37M) | Time:00:00.88 | Mem:0.00M, Peak:0.00M | Scene, ViewLayer | Synchronizing object | Lined bodyside aperture panel.330
Fra:1 Mem:530.38M (Peak 530.38M) | Time:00:00.88 | Mem:0.00M, Peak:0.00M | Scene, ViewLayer | Synchronizing object | Pressed bodyside skin.331
Fra:1 Mem:530.38M (Peak 530.38M) | Time:00:00.88 | Mem:0.00M, Peak:0.00M | Scene, ViewLayer | Synchronizing object | Pressed bodyside skin.332
Fra:1 Mem:530.38M (Peak 530.38M) | Time:00:00.88 | Mem:0.00M, Peak:0.00M | Scene, ViewLayer | Synchronizing object | Lined bodyside aperture panel.332
Fra:1 Mem:530.38M (Peak 530.38M) | Time:00:00.88 | Mem:0.00M, Peak:0.00M | Scene, ViewLayer | Synchronizing object | Pressed bodyside skin.333
Fra:1 Mem:530.38M (Peak 530.38M) | Time:00:00.88 | Mem:0.00M, Peak:0.00M | Scene, ViewLayer | Synchronizing object | Pressed bodyside skin.334
Fra:1 Mem:530.38M (Peak 530.38M) | Time:00:00.88 | Mem:0.00M, Peak:0.00M | Scene, ViewLayer | Synchronizing object | Lined bodyside aperture panel.334
Fra:1 Mem:530.39M (Peak 530.39M) | Time:00:00.88 | Mem:0.00M, Peak:0.00M | Scene, ViewLayer | Synchronizing object | Pressed bodyside skin.335
Fra:1 Mem:530.39M (Peak 530.39M) | Time:00:00.88 | Mem:0.00M, Peak:0.00M | Scene, ViewLayer | Synchronizing object | Lined bodyside aperture panel.335
Fra:1 Mem:530.39M (Peak 530.39M) | Time:00:00.88 | Mem:0.00M, Peak:0.00M | Scene, ViewLayer | Synchronizing object | Pressed bodyside skin.336
Fra:1 Mem:530.39M (Peak 530.39M) | Time:00:00.88 | Mem:0.00M, Peak:0.00M | Scene, ViewLayer | Synchronizing object | Lined bodyside aperture panel.336
Fra:1 Mem:530.39M (Peak 530.39M) | Time:00:00.88 | Mem:0.00M, Peak:0.00M | Scene, ViewLayer | Synchronizing object | Pressed bodyside skin.337
Fra:1 Mem:530.39M (Peak 530.39M) | Time:00:00.88 | Mem:0.00M, Peak:0.00M | Scene, ViewLayer | Synchronizing object | Pressed bodyside skin.338
Fra:1 Mem:530.40M (Peak 530.40M) | Time:00:00.88 | Mem:0.00M, Peak:0.00M | Scene, ViewLayer | Synchronizing object | Lined bodyside aperture panel.338
Fra:1 Mem:530.40M (Peak 530.40M) | Time:00:00.88 | Mem:0.00M, Peak:0.00M | Scene, ViewLayer | Synchronizing object | Lined bodyside aperture panel.339
Fra:1 Mem:530.40M (Peak 530.40M) | Time:00:00.88 | Mem:0.00M, Peak:0.00M | Scene, ViewLayer | Synchronizing object | Pressed bodyside skin.340
Fra:1 Mem:530.40M (Peak 530.40M) | Time:00:00.88 | Mem:0.00M, Peak:0.00M | Scene, ViewLayer | Synchronizing object | Lined bodyside aperture panel.340
Fra:1 Mem:530.40M (Peak 530.40M) | Time:00:00.88 | Mem:0.00M, Peak:0.00M | Scene, ViewLayer | Synchronizing object | Pressed bodyside skin.341
Fra:1 Mem:530.40M (Peak 530.40M) | Time:00:00.88 | Mem:0.00M, Peak:0.00M | Scene, ViewLayer | Synchronizing object | Pressed bodyside skin.342
Fra:1 Mem:530.41M (Peak 530.41M) | Time:00:00.88 | Mem:0.00M, Peak:0.00M | Scene, ViewLayer | Synchronizing object | Lined bodyside aperture panel.342
Fra:1 Mem:530.41M (Peak 530.41M) | Time:00:00.88 | Mem:0.00M, Peak:0.00M | Scene, ViewLayer | Synchronizing object | Pressed bodyside skin.343
Fra:1 Mem:530.41M (Peak 530.41M) | Time:00:00.88 | Mem:0.00M, Peak:0.00M | Scene, ViewLayer | Synchronizing object | Lined bodyside aperture panel.343
Fra:1 Mem:530.41M (Peak 530.41M) | Time:00:00.88 | Mem:0.00M, Peak:0.00M | Scene, ViewLayer | Synchronizing object | Pressed bodyside skin.344
Fra:1 Mem:530.41M (Peak 530.41M) | Time:00:00.88 | Mem:0.00M, Peak:0.00M | Scene, ViewLayer | Synchronizing object | Lined bodyside aperture panel.344
Fra:1 Mem:530.41M (Peak 530.41M) | Time:00:00.88 | Mem:0.00M, Peak:0.00M | Scene, ViewLayer | Synchronizing object | Lined bodyside aperture panel.345
Fra:1 Mem:530.42M (Peak 530.42M) | Time:00:00.88 | Mem:0.00M, Peak:0.00M | Scene, ViewLayer | Synchronizing object | Pressed bodyside skin.346
Fra:1 Mem:530.42M (Peak 530.42M) | Time:00:00.88 | Mem:0.00M, Peak:0.00M | Scene, ViewLayer | Synchronizing object | Lined bodyside aperture panel.346
Fra:1 Mem:530.42M (Peak 530.42M) | Time:00:00.88 | Mem:0.00M, Peak:0.00M | Scene, ViewLayer | Synchronizing object | Pressed bodyside skin.347
Fra:1 Mem:530.42M (Peak 530.42M) | Time:00:00.88 | Mem:0.00M, Peak:0.00M | Scene, ViewLayer | Synchronizing object | Lined bodyside aperture panel.347
Fra:1 Mem:530.42M (Peak 530.42M) | Time:00:00.88 | Mem:0.00M, Peak:0.00M | Scene, ViewLayer | Synchronizing object | Lined bodyside aperture panel.348
Fra:1 Mem:530.43M (Peak 530.43M) | Time:00:00.88 | Mem:0.00M, Peak:0.00M | Scene, ViewLayer | Synchronizing object | Pressed bodyside skin.349
Fra:1 Mem:530.43M (Peak 530.43M) | Time:00:00.88 | Mem:0.00M, Peak:0.00M | Scene, ViewLayer | Synchronizing object | Pressed bodyside skin.350
Fra:1 Mem:530.43M (Peak 530.43M) | Time:00:00.88 | Mem:0.00M, Peak:0.00M | Scene, ViewLayer | Synchronizing object | Lined bodyside aperture panel.350
Fra:1 Mem:530.43M (Peak 530.43M) | Time:00:00.88 | Mem:0.00M, Peak:0.00M | Scene, ViewLayer | Synchronizing object | Lined bodyside aperture panel.351
Fra:1 Mem:530.43M (Peak 530.43M) | Time:00:00.88 | Mem:0.00M, Peak:0.00M | Scene, ViewLayer | Synchronizing object | Pressed bodyside skin.352
Fra:1 Mem:530.44M (Peak 530.44M) | Time:00:00.88 | Mem:0.00M, Peak:0.00M | Scene, ViewLayer | Synchronizing object | Pressed bodyside skin.353
Fra:1 Mem:530.44M (Peak 530.44M) | Time:00:00.88 | Mem:0.00M, Peak:0.00M | Scene, ViewLayer | Synchronizing object | Lined bodyside aperture panel.353
Fra:1 Mem:530.44M (Peak 530.44M) | Time:00:00.88 | Mem:0.00M, Peak:0.00M | Scene, ViewLayer | Synchronizing object | Pressed bodyside skin.354
Fra:1 Mem:530.44M (Peak 530.44M) | Time:00:00.88 | Mem:0.00M, Peak:0.00M | Scene, ViewLayer | Synchronizing object | Pressed bodyside skin.355
Fra:1 Mem:530.44M (Peak 530.44M) | Time:00:00.88 | Mem:0.00M, Peak:0.00M | Scene, ViewLayer | Synchronizing object | Lined bodyside aperture panel.355
Fra:1 Mem:530.44M (Peak 530.44M) | Time:00:00.88 | Mem:0.00M, Peak:0.00M | Scene, ViewLayer | Synchronizing object | Lined bodyside aperture panel.356
Fra:1 Mem:530.45M (Peak 530.45M) | Time:00:00.88 | Mem:0.00M, Peak:0.00M | Scene, ViewLayer | Synchronizing object | Pressed bodyside skin.357
Fra:1 Mem:530.45M (Peak 530.45M) | Time:00:00.88 | Mem:0.00M, Peak:0.00M | Scene, ViewLayer | Synchronizing object | Lined bodyside aperture panel.357
Fra:1 Mem:530.45M (Peak 530.45M) | Time:00:00.88 | Mem:0.00M, Peak:0.00M | Scene, ViewLayer | Synchronizing object | Lined bodyside aperture panel.358
Fra:1 Mem:530.45M (Peak 530.45M) | Time:00:00.88 | Mem:0.00M, Peak:0.00M | Scene, ViewLayer | Synchronizing object | Pressed bodyside skin.359
Fra:1 Mem:530.45M (Peak 530.45M) | Time:00:00.88 | Mem:0.00M, Peak:0.00M | Scene, ViewLayer | Synchronizing object | Lined bodyside aperture panel.359
Fra:1 Mem:530.45M (Peak 530.45M) | Time:00:00.88 | Mem:0.00M, Peak:0.00M | Scene, ViewLayer | Synchronizing object | Pressed bodyside skin.360
Fra:1 Mem:530.45M (Peak 530.45M) | Time:00:00.88 | Mem:0.00M, Peak:0.00M | Scene, ViewLayer | Synchronizing object | Lined bodyside aperture panel.360
Fra:1 Mem:530.46M (Peak 530.46M) | Time:00:00.88 | Mem:0.00M, Peak:0.00M | Scene, ViewLayer | Synchronizing object | Pressed bodyside skin.361
Fra:1 Mem:530.46M (Peak 530.46M) | Time:00:00.88 | Mem:0.00M, Peak:0.00M | Scene, ViewLayer | Synchronizing object | Pressed bodyside skin.362
Fra:1 Mem:530.46M (Peak 530.46M) | Time:00:00.88 | Mem:0.00M, Peak:0.00M | Scene, ViewLayer | Synchronizing object | Lined bodyside aperture panel.362
Fra:1 Mem:530.46M (Peak 530.46M) | Time:00:00.88 | Mem:0.00M, Peak:0.00M | Scene, ViewLayer | Synchronizing object | Lined bodyside aperture panel.363
Fra:1 Mem:530.46M (Peak 530.46M) | Time:00:00.88 | Mem:0.00M, Peak:0.00M | Scene, ViewLayer | Synchronizing object | Pressed bodyside skin.364
Fra:1 Mem:530.46M (Peak 530.46M) | Time:00:00.88 | Mem:0.00M, Peak:0.00M | Scene, ViewLayer | Synchronizing object | Pressed bodyside skin.365
Fra:1 Mem:530.47M (Peak 530.47M) | Time:00:00.88 | Mem:0.00M, Peak:0.00M | Scene, ViewLayer | Synchronizing object | Lined bodyside aperture panel.365
Fra:1 Mem:530.47M (Peak 530.47M) | Time:00:00.88 | Mem:0.00M, Peak:0.00M | Scene, ViewLayer | Synchronizing object | Lined bodyside aperture panel.366
Fra:1 Mem:530.47M (Peak 530.47M) | Time:00:00.88 | Mem:0.00M, Peak:0.00M | Scene, ViewLayer | Synchronizing object | Pressed bodyside skin.367
Fra:1 Mem:530.47M (Peak 530.47M) | Time:00:00.88 | Mem:0.00M, Peak:0.00M | Scene, ViewLayer | Synchronizing object | Lined bodyside aperture panel.367
Fra:1 Mem:530.47M (Peak 530.47M) | Time:00:00.88 | Mem:0.00M, Peak:0.00M | Scene, ViewLayer | Synchronizing object | Pressed bodyside skin.368
Fra:1 Mem:530.47M (Peak 530.47M) | Time:00:00.88 | Mem:0.00M, Peak:0.00M | Scene, ViewLayer | Synchronizing object | Pressed bodyside skin.369
Fra:1 Mem:530.48M (Peak 530.48M) | Time:00:00.88 | Mem:0.00M, Peak:0.00M | Scene, ViewLayer | Synchronizing object | Lined bodyside aperture panel.369
Fra:1 Mem:530.48M (Peak 530.48M) | Time:00:00.88 | Mem:0.00M, Peak:0.00M | Scene, ViewLayer | Synchronizing object | Pressed bodyside skin.370
Fra:1 Mem:530.48M (Peak 530.48M) | Time:00:00.88 | Mem:0.00M, Peak:0.00M | Scene, ViewLayer | Synchronizing object | Lined bodyside aperture panel.370
Fra:1 Mem:530.48M (Peak 530.48M) | Time:00:00.88 | Mem:0.00M, Peak:0.00M | Scene, ViewLayer | Synchronizing object | Pressed bodyside skin.371
Fra:1 Mem:530.48M (Peak 530.48M) | Time:00:00.88 | Mem:0.00M, Peak:0.00M | Scene, ViewLayer | Synchronizing object | Lined bodyside aperture panel.371
Fra:1 Mem:530.48M (Peak 530.48M) | Time:00:00.88 | Mem:0.00M, Peak:0.00M | Scene, ViewLayer | Synchronizing object | Lined bodyside aperture panel.372
Fra:1 Mem:530.49M (Peak 530.49M) | Time:00:00.88 | Mem:0.00M, Peak:0.00M | Scene, ViewLayer | Synchronizing object | Pressed bodyside skin.373
Fra:1 Mem:530.49M (Peak 530.49M) | Time:00:00.88 | Mem:0.00M, Peak:0.00M | Scene, ViewLayer | Synchronizing object | Pressed bodyside skin.374
Fra:1 Mem:530.49M (Peak 530.49M) | Time:00:00.88 | Mem:0.00M, Peak:0.00M | Scene, ViewLayer | Synchronizing object | Lined bodyside aperture panel.374
Fra:1 Mem:530.49M (Peak 530.49M) | Time:00:00.88 | Mem:0.00M, Peak:0.00M | Scene, ViewLayer | Synchronizing object | Lined bodyside aperture panel.375
Fra:1 Mem:530.49M (Peak 530.49M) | Time:00:00.88 | Mem:0.00M, Peak:0.00M | Scene, ViewLayer | Synchronizing object | Pressed bodyside skin.376
Fra:1 Mem:530.50M (Peak 530.50M) | Time:00:00.88 | Mem:0.00M, Peak:0.00M | Scene, ViewLayer | Synchronizing object | Lined bodyside aperture panel.376
Fra:1 Mem:530.50M (Peak 530.50M) | Time:00:00.88 | Mem:0.00M, Peak:0.00M | Scene, ViewLayer | Synchronizing object | Lined bodyside aperture panel.377
Fra:1 Mem:530.50M (Peak 530.50M) | Time:00:00.88 | Mem:0.00M, Peak:0.00M | Scene, ViewLayer | Synchronizing object | Pressed bodyside skin.378
Fra:1 Mem:530.50M (Peak 530.50M) | Time:00:00.88 | Mem:0.00M, Peak:0.00M | Scene, ViewLayer | Synchronizing object | Lined bodyside aperture panel.378
Fra:1 Mem:530.50M (Peak 530.50M) | Time:00:00.88 | Mem:0.00M, Peak:0.00M | Scene, ViewLayer | Synchronizing object | Pressed bodyside skin.379
Fra:1 Mem:530.51M (Peak 530.51M) | Time:00:00.88 | Mem:0.00M, Peak:0.00M | Scene, ViewLayer | Synchronizing object | Pressed bodyside skin.380
Fra:1 Mem:530.51M (Peak 530.51M) | Time:00:00.88 | Mem:0.00M, Peak:0.00M | Scene, ViewLayer | Synchronizing object | Lined bodyside aperture panel.380
Fra:1 Mem:530.51M (Peak 530.51M) | Time:00:00.88 | Mem:0.00M, Peak:0.00M | Scene, ViewLayer | Synchronizing object | Pressed bodyside skin.381
Fra:1 Mem:530.51M (Peak 530.51M) | Time:00:00.88 | Mem:0.00M, Peak:0.00M | Scene, ViewLayer | Synchronizing object | Pressed bodyside skin.382
Fra:1 Mem:530.51M (Peak 530.51M) | Time:00:00.88 | Mem:0.00M, Peak:0.00M | Scene, ViewLayer | Synchronizing object | Lined bodyside aperture panel.382
Fra:1 Mem:530.52M (Peak 530.52M) | Time:00:00.88 | Mem:0.00M, Peak:0.00M | Scene, ViewLayer | Synchronizing object | Pressed bodyside skin.383
Fra:1 Mem:530.52M (Peak 530.52M) | Time:00:00.88 | Mem:0.00M, Peak:0.00M | Scene, ViewLayer | Synchronizing object | Lined bodyside aperture panel.383
Fra:1 Mem:530.52M (Peak 530.52M) | Time:00:00.88 | Mem:0.00M, Peak:0.00M | Scene, ViewLayer | Synchronizing object | Pressed bodyside skin.384
Fra:1 Mem:530.52M (Peak 530.52M) | Time:00:00.88 | Mem:0.00M, Peak:0.00M | Scene, ViewLayer | Synchronizing object | Pressed bodyside skin.385
Fra:1 Mem:530.52M (Peak 530.52M) | Time:00:00.88 | Mem:0.00M, Peak:0.00M | Scene, ViewLayer | Synchronizing object | Lined bodyside aperture panel.385
Fra:1 Mem:530.52M (Peak 530.52M) | Time:00:00.88 | Mem:0.00M, Peak:0.00M | Scene, ViewLayer | Synchronizing object | Lined bodyside aperture panel.386
Fra:1 Mem:530.53M (Peak 530.53M) | Time:00:00.88 | Mem:0.00M, Peak:0.00M | Scene, ViewLayer | Synchronizing object | Pressed bodyside skin.387
Fra:1 Mem:530.53M (Peak 530.53M) | Time:00:00.88 | Mem:0.00M, Peak:0.00M | Scene, ViewLayer | Synchronizing object | Pressed bodyside skin.388
Fra:1 Mem:530.53M (Peak 530.53M) | Time:00:00.88 | Mem:0.00M, Peak:0.00M | Scene, ViewLayer | Synchronizing object | Lined bodyside aperture panel.388
Fra:1 Mem:530.53M (Peak 530.53M) | Time:00:00.88 | Mem:0.00M, Peak:0.00M | Scene, ViewLayer | Synchronizing object | Pressed bodyside skin.389
Fra:1 Mem:530.53M (Peak 530.53M) | Time:00:00.88 | Mem:0.00M, Peak:0.00M | Scene, ViewLayer | Synchronizing object | Lined bodyside aperture panel.389
Fra:1 Mem:530.53M (Peak 530.53M) | Time:00:00.88 | Mem:0.00M, Peak:0.00M | Scene, ViewLayer | Synchronizing object | Pressed bodyside skin.390
Fra:1 Mem:530.54M (Peak 530.54M) | Time:00:00.88 | Mem:0.00M, Peak:0.00M | Scene, ViewLayer | Synchronizing object | Lined bodyside aperture panel.390
Fra:1 Mem:530.54M (Peak 530.54M) | Time:00:00.88 | Mem:0.00M, Peak:0.00M | Scene, ViewLayer | Synchronizing object | Pressed bodyside skin.391
Fra:1 Mem:530.54M (Peak 530.54M) | Time:00:00.88 | Mem:0.00M, Peak:0.00M | Scene, ViewLayer | Synchronizing object | Pressed bodyside skin.392
Fra:1 Mem:530.54M (Peak 530.54M) | Time:00:00.88 | Mem:0.00M, Peak:0.00M | Scene, ViewLayer | Synchronizing object | Lined bodyside aperture panel.392
Fra:1 Mem:530.54M (Peak 530.54M) | Time:00:00.88 | Mem:0.00M, Peak:0.00M | Scene, ViewLayer | Synchronizing object | Lined bodyside aperture panel.393
Fra:1 Mem:530.54M (Peak 530.54M) | Time:00:00.88 | Mem:0.00M, Peak:0.00M | Scene, ViewLayer | Synchronizing object | Pressed bodyside skin.394
Fra:1 Mem:530.55M (Peak 530.55M) | Time:00:00.88 | Mem:0.00M, Peak:0.00M | Scene, ViewLayer | Synchronizing object | Lined bodyside aperture panel.394
Fra:1 Mem:530.55M (Peak 530.55M) | Time:00:00.88 | Mem:0.00M, Peak:0.00M | Scene, ViewLayer | Synchronizing object | Lined bodyside aperture panel.395
Fra:1 Mem:530.55M (Peak 530.55M) | Time:00:00.88 | Mem:0.00M, Peak:0.00M | Scene, ViewLayer | Synchronizing object | Pressed bodyside skin.396
Fra:1 Mem:530.55M (Peak 530.55M) | Time:00:00.88 | Mem:0.00M, Peak:0.00M | Scene, ViewLayer | Synchronizing object | Lined bodyside aperture panel.396
Fra:1 Mem:530.55M (Peak 530.55M) | Time:00:00.88 | Mem:0.00M, Peak:0.00M | Scene, ViewLayer | Synchronizing object | Pressed bodyside skin.397
Fra:1 Mem:530.55M (Peak 530.55M) | Time:00:00.88 | Mem:0.00M, Peak:0.00M | Scene, ViewLayer | Synchronizing object | Pressed bodyside skin.398
Fra:1 Mem:530.56M (Peak 530.56M) | Time:00:00.88 | Mem:0.00M, Peak:0.00M | Scene, ViewLayer | Synchronizing object | Lined bodyside aperture panel.398
Fra:1 Mem:530.56M (Peak 530.56M) | Time:00:00.88 | Mem:0.00M, Peak:0.00M | Scene, ViewLayer | Synchronizing object | Lined bodyside aperture panel.399
Fra:1 Mem:530.56M (Peak 530.56M) | Time:00:00.88 | Mem:0.00M, Peak:0.00M | Scene, ViewLayer | Synchronizing object | Pressed bodyside skin.400
Fra:1 Mem:530.56M (Peak 530.56M) | Time:00:00.88 | Mem:0.00M, Peak:0.00M | Scene, ViewLayer | Synchronizing object | Pressed bodyside skin.401
Fra:1 Mem:530.56M (Peak 530.56M) | Time:00:00.88 | Mem:0.00M, Peak:0.00M | Scene, ViewLayer | Synchronizing object | Lined bodyside aperture panel.401
Fra:1 Mem:530.56M (Peak 530.56M) | Time:00:00.88 | Mem:0.00M, Peak:0.00M | Scene, ViewLayer | Synchronizing object | Pressed bodyside skin.402
Fra:1 Mem:530.57M (Peak 530.57M) | Time:00:00.88 | Mem:0.00M, Peak:0.00M | Scene, ViewLayer | Synchronizing object | Pressed bodyside skin.403
Fra:1 Mem:530.57M (Peak 530.57M) | Time:00:00.88 | Mem:0.00M, Peak:0.00M | Scene, ViewLayer | Synchronizing object | Lined bodyside aperture panel.403
Fra:1 Mem:530.57M (Peak 530.57M) | Time:00:00.88 | Mem:0.00M, Peak:0.00M | Scene, ViewLayer | Synchronizing object | Pressed bodyside skin.404
Fra:1 Mem:530.57M (Peak 530.57M) | Time:00:00.88 | Mem:0.00M, Peak:0.00M | Scene, ViewLayer | Synchronizing object | Pressed bodyside skin.405
Fra:1 Mem:530.57M (Peak 530.57M) | Time:00:00.88 | Mem:0.00M, Peak:0.00M | Scene, ViewLayer | Synchronizing object | Lined bodyside aperture panel.405
Fra:1 Mem:530.58M (Peak 530.58M) | Time:00:00.88 | Mem:0.00M, Peak:0.00M | Scene, ViewLayer | Synchronizing object | Lined bodyside aperture panel.406
Fra:1 Mem:530.58M (Peak 530.58M) | Time:00:00.88 | Mem:0.00M, Peak:0.00M | Scene, ViewLayer | Synchronizing object | Pressed bodyside skin.407
Fra:1 Mem:530.58M (Peak 530.58M) | Time:00:00.88 | Mem:0.00M, Peak:0.00M | Scene, ViewLayer | Synchronizing object | Pressed bodyside skin.408
Fra:1 Mem:530.58M (Peak 530.58M) | Time:00:00.88 | Mem:0.00M, Peak:0.00M | Scene, ViewLayer | Synchronizing object | Lined bodyside aperture panel.408
Fra:1 Mem:530.58M (Peak 530.58M) | Time:00:00.88 | Mem:0.00M, Peak:0.00M | Scene, ViewLayer | Synchronizing object | Lined bodyside aperture panel.409
Fra:1 Mem:530.59M (Peak 530.59M) | Time:00:00.88 | Mem:0.00M, Peak:0.00M | Scene, ViewLayer | Synchronizing object | Pressed bodyside skin.410
Fra:1 Mem:530.59M (Peak 530.59M) | Time:00:00.88 | Mem:0.00M, Peak:0.00M | Scene, ViewLayer | Synchronizing object | Lined bodyside aperture panel.410
Fra:1 Mem:530.59M (Peak 530.59M) | Time:00:00.88 | Mem:0.00M, Peak:0.00M | Scene, ViewLayer | Synchronizing object | Pressed bodyside skin.411
Fra:1 Mem:530.59M (Peak 530.59M) | Time:00:00.88 | Mem:0.00M, Peak:0.00M | Scene, ViewLayer | Synchronizing object | Pressed bodyside skin.412
Fra:1 Mem:530.59M (Peak 530.59M) | Time:00:00.88 | Mem:0.00M, Peak:0.00M | Scene, ViewLayer | Synchronizing object | Lined bodyside aperture panel.412
Fra:1 Mem:530.59M (Peak 530.59M) | Time:00:00.88 | Mem:0.00M, Peak:0.00M | Scene, ViewLayer | Synchronizing object | Lined bodyside aperture panel.413
Fra:1 Mem:530.60M (Peak 530.60M) | Time:00:00.88 | Mem:0.00M, Peak:0.00M | Scene, ViewLayer | Synchronizing object | Pressed bodyside skin.414
Fra:1 Mem:530.60M (Peak 530.60M) | Time:00:00.88 | Mem:0.00M, Peak:0.00M | Scene, ViewLayer | Synchronizing object | Lined bodyside aperture panel.414
Fra:1 Mem:530.60M (Peak 530.60M) | Time:00:00.88 | Mem:0.00M, Peak:0.00M | Scene, ViewLayer | Synchronizing object | Pressed bodyside skin.415
Fra:1 Mem:530.60M (Peak 530.60M) | Time:00:00.88 | Mem:0.00M, Peak:0.00M | Scene, ViewLayer | Synchronizing object | Pressed bodyside skin.416
Fra:1 Mem:530.60M (Peak 530.60M) | Time:00:00.88 | Mem:0.00M, Peak:0.00M | Scene, ViewLayer | Synchronizing object | Lined bodyside aperture panel.416
Fra:1 Mem:530.61M (Peak 530.61M) | Time:00:00.88 | Mem:0.00M, Peak:0.00M | Scene, ViewLayer | Synchronizing object | Pressed bodyside skin.417
Fra:1 Mem:530.61M (Peak 530.61M) | Time:00:00.88 | Mem:0.00M, Peak:0.00M | Scene, ViewLayer | Synchronizing object | Pressed bodyside skin.418
Fra:1 Mem:530.61M (Peak 530.61M) | Time:00:00.88 | Mem:0.00M, Peak:0.00M | Scene, ViewLayer | Synchronizing object | Lined bodyside aperture panel.418
Fra:1 Mem:530.61M (Peak 530.61M) | Time:00:00.88 | Mem:0.00M, Peak:0.00M | Scene, ViewLayer | Synchronizing object | Pressed bodyside skin.419
Fra:1 Mem:530.61M (Peak 530.61M) | Time:00:00.88 | Mem:0.00M, Peak:0.00M | Scene, ViewLayer | Synchronizing object | Pressed bodyside skin.420
Fra:1 Mem:530.62M (Peak 530.62M) | Time:00:00.88 | Mem:0.00M, Peak:0.00M | Scene, ViewLayer | Synchronizing object | Lined bodyside aperture panel.420
Fra:1 Mem:530.62M (Peak 530.62M) | Time:00:00.88 | Mem:0.00M, Peak:0.00M | Scene, ViewLayer | Synchronizing object | Lined bodyside aperture panel.421
Fra:1 Mem:530.62M (Peak 530.62M) | Time:00:00.88 | Mem:0.00M, Peak:0.00M | Scene, ViewLayer | Synchronizing object | Pressed bodyside skin.422
Fra:1 Mem:530.62M (Peak 530.62M) | Time:00:00.88 | Mem:0.00M, Peak:0.00M | Scene, ViewLayer | Synchronizing object | Lined bodyside aperture panel.422
Fra:1 Mem:530.62M (Peak 530.62M) | Time:00:00.88 | Mem:0.00M, Peak:0.00M | Scene, ViewLayer | Synchronizing object | Pressed bodyside skin.423
Fra:1 Mem:530.63M (Peak 530.63M) | Time:00:00.88 | Mem:0.00M, Peak:0.00M | Scene, ViewLayer | Synchronizing object | Lined bodyside aperture panel.423
Fra:1 Mem:530.63M (Peak 530.63M) | Time:00:00.88 | Mem:0.00M, Peak:0.00M | Scene, ViewLayer | Synchronizing object | Lined bodyside aperture panel.424
Fra:1 Mem:530.63M (Peak 530.63M) | Time:00:00.88 | Mem:0.00M, Peak:0.00M | Scene, ViewLayer | Synchronizing object | Pressed bodyside skin.425
Fra:1 Mem:530.63M (Peak 530.63M) | Time:00:00.88 | Mem:0.00M, Peak:0.00M | Scene, ViewLayer | Synchronizing object | Pressed bodyside skin.426
Fra:1 Mem:530.63M (Peak 530.63M) | Time:00:00.88 | Mem:0.00M, Peak:0.00M | Scene, ViewLayer | Synchronizing object | Lined bodyside aperture panel.426
Fra:1 Mem:530.63M (Peak 530.63M) | Time:00:00.88 | Mem:0.00M, Peak:0.00M | Scene, ViewLayer | Synchronizing object | Pressed bodyside skin.427
Fra:1 Mem:530.64M (Peak 530.64M) | Time:00:00.88 | Mem:0.00M, Peak:0.00M | Scene, ViewLayer | Synchronizing object | Lined bodyside aperture panel.427
Fra:1 Mem:530.64M (Peak 530.64M) | Time:00:00.88 | Mem:0.00M, Peak:0.00M | Scene, ViewLayer | Synchronizing object | Pressed bodyside skin.428
Fra:1 Mem:530.64M (Peak 530.64M) | Time:00:00.88 | Mem:0.00M, Peak:0.00M | Scene, ViewLayer | Synchronizing object | Pressed bodyside skin.429
Fra:1 Mem:530.64M (Peak 530.64M) | Time:00:00.88 | Mem:0.00M, Peak:0.00M | Scene, ViewLayer | Synchronizing object | Lined bodyside aperture panel.429
Fra:1 Mem:530.64M (Peak 530.64M) | Time:00:00.88 | Mem:0.00M, Peak:0.00M | Scene, ViewLayer | Synchronizing object | Lined bodyside aperture panel.430
Fra:1 Mem:530.65M (Peak 530.65M) | Time:00:00.88 | Mem:0.00M, Peak:0.00M | Scene, ViewLayer | Synchronizing object | Pressed bodyside skin.431
Fra:1 Mem:530.65M (Peak 530.65M) | Time:00:00.88 | Mem:0.00M, Peak:0.00M | Scene, ViewLayer | Synchronizing object | Pressed bodyside skin.432
Fra:1 Mem:530.65M (Peak 530.65M) | Time:00:00.88 | Mem:0.00M, Peak:0.00M | Scene, ViewLayer | Synchronizing object | Lined bodyside aperture panel.432
Fra:1 Mem:530.65M (Peak 530.65M) | Time:00:00.88 | Mem:0.00M, Peak:0.00M | Scene, ViewLayer | Synchronizing object | Lined bodyside aperture panel.433
Fra:1 Mem:530.66M (Peak 530.66M) | Time:00:00.88 | Mem:0.00M, Peak:0.00M | Scene, ViewLayer | Synchronizing object | Pressed bodyside skin.434
Fra:1 Mem:530.66M (Peak 530.66M) | Time:00:00.88 | Mem:0.00M, Peak:0.00M | Scene, ViewLayer | Synchronizing object | Pressed bodyside skin.435
Fra:1 Mem:530.66M (Peak 530.66M) | Time:00:00.88 | Mem:0.00M, Peak:0.00M | Scene, ViewLayer | Synchronizing object | Lined bodyside aperture panel.435
Fra:1 Mem:530.66M (Peak 530.66M) | Time:00:00.88 | Mem:0.00M, Peak:0.00M | Scene, ViewLayer | Synchronizing object | Lined bodyside aperture panel.436
Fra:1 Mem:530.66M (Peak 530.66M) | Time:00:00.88 | Mem:0.00M, Peak:0.00M | Scene, ViewLayer | Synchronizing object | Pressed bodyside skin.437
Fra:1 Mem:530.67M (Peak 530.67M) | Time:00:00.88 | Mem:0.00M, Peak:0.00M | Scene, ViewLayer | Synchronizing object | Lined bodyside aperture panel.437
Fra:1 Mem:530.67M (Peak 530.67M) | Time:00:00.88 | Mem:0.00M, Peak:0.00M | Scene, ViewLayer | Synchronizing object | Lined bodyside aperture panel.438
Fra:1 Mem:530.67M (Peak 530.67M) | Time:00:00.88 | Mem:0.00M, Peak:0.00M | Scene, ViewLayer | Synchronizing object | Pressed bodyside skin.439
Fra:1 Mem:530.67M (Peak 530.67M) | Time:00:00.88 | Mem:0.00M, Peak:0.00M | Scene, ViewLayer | Synchronizing object | Pressed bodyside skin.440
Fra:1 Mem:530.67M (Peak 530.67M) | Time:00:00.88 | Mem:0.00M, Peak:0.00M | Scene, ViewLayer | Synchronizing object | Lined bodyside aperture panel.440
Fra:1 Mem:530.67M (Peak 530.67M) | Time:00:00.88 | Mem:0.00M, Peak:0.00M | Scene, ViewLayer | Synchronizing object | Lined bodyside aperture panel.441
Fra:1 Mem:530.68M (Peak 530.68M) | Time:00:00.88 | Mem:0.00M, Peak:0.00M | Scene, ViewLayer | Synchronizing object | Pressed bodyside skin.442
Fra:1 Mem:530.68M (Peak 530.68M) | Time:00:00.88 | Mem:0.00M, Peak:0.00M | Scene, ViewLayer | Synchronizing object | Lined bodyside aperture panel.442
Fra:1 Mem:530.68M (Peak 530.68M) | Time:00:00.88 | Mem:0.00M, Peak:0.00M | Scene, ViewLayer | Synchronizing object | Lined bodyside aperture panel.443
Fra:1 Mem:530.68M (Peak 530.68M) | Time:00:00.88 | Mem:0.00M, Peak:0.00M | Scene, ViewLayer | Synchronizing object | Pressed bodyside skin.444
Fra:1 Mem:530.68M (Peak 530.68M) | Time:00:00.88 | Mem:0.00M, Peak:0.00M | Scene, ViewLayer | Synchronizing object | Lined bodyside aperture panel.444
Fra:1 Mem:530.68M (Peak 530.68M) | Time:00:00.88 | Mem:0.00M, Peak:0.00M | Scene, ViewLayer | Synchronizing object | Pressed bodyside skin.445
Fra:1 Mem:530.69M (Peak 530.69M) | Time:00:00.88 | Mem:0.00M, Peak:0.00M | Scene, ViewLayer | Synchronizing object | Lined bodyside aperture panel.445
Fra:1 Mem:530.69M (Peak 530.69M) | Time:00:00.88 | Mem:0.00M, Peak:0.00M | Scene, ViewLayer | Synchronizing object | Pressed bodyside skin.446
Fra:1 Mem:530.69M (Peak 530.69M) | Time:00:00.88 | Mem:0.00M, Peak:0.00M | Scene, ViewLayer | Synchronizing object | Lined bodyside aperture panel.446
Fra:1 Mem:530.69M (Peak 530.69M) | Time:00:00.88 | Mem:0.00M, Peak:0.00M | Scene, ViewLayer | Synchronizing object | Pressed bodyside skin.447
Fra:1 Mem:530.69M (Peak 530.69M) | Time:00:00.88 | Mem:0.00M, Peak:0.00M | Scene, ViewLayer | Synchronizing object | Lined bodyside aperture panel.447
Fra:1 Mem:530.69M (Peak 530.69M) | Time:00:00.88 | Mem:0.00M, Peak:0.00M | Scene, ViewLayer | Synchronizing object | Pressed bodyside skin.448
Fra:1 Mem:530.69M (Peak 530.69M) | Time:00:00.88 | Mem:0.00M, Peak:0.00M | Scene, ViewLayer | Synchronizing object | Pressed bodyside skin.449
Fra:1 Mem:530.70M (Peak 530.70M) | Time:00:00.88 | Mem:0.00M, Peak:0.00M | Scene, ViewLayer | Synchronizing object | Lined bodyside aperture panel.449
Fra:1 Mem:530.70M (Peak 530.70M) | Time:00:00.88 | Mem:0.00M, Peak:0.00M | Scene, ViewLayer | Synchronizing object | Lined bodyside aperture panel.450
Fra:1 Mem:530.70M (Peak 530.70M) | Time:00:00.88 | Mem:0.00M, Peak:0.00M | Scene, ViewLayer | Synchronizing object | Pressed bodyside skin.451
Fra:1 Mem:530.70M (Peak 530.70M) | Time:00:00.88 | Mem:0.00M, Peak:0.00M | Scene, ViewLayer | Synchronizing object | Pressed bodyside skin.452
Fra:1 Mem:530.70M (Peak 530.70M) | Time:00:00.88 | Mem:0.00M, Peak:0.00M | Scene, ViewLayer | Synchronizing object | Lined bodyside aperture panel.452
Fra:1 Mem:530.71M (Peak 530.71M) | Time:00:00.88 | Mem:0.00M, Peak:0.00M | Scene, ViewLayer | Synchronizing object | Lined bodyside aperture panel.453
Fra:1 Mem:530.71M (Peak 530.71M) | Time:00:00.88 | Mem:0.00M, Peak:0.00M | Scene, ViewLayer | Synchronizing object | Pressed bodyside skin.454
Fra:1 Mem:530.71M (Peak 530.71M) | Time:00:00.88 | Mem:0.00M, Peak:0.00M | Scene, ViewLayer | Synchronizing object | Lined bodyside aperture panel.454
Fra:1 Mem:530.71M (Peak 530.71M) | Time:00:00.88 | Mem:0.00M, Peak:0.00M | Scene, ViewLayer | Synchronizing object | Lined bodyside aperture panel.455
Fra:1 Mem:530.71M (Peak 530.71M) | Time:00:00.88 | Mem:0.00M, Peak:0.00M | Scene, ViewLayer | Synchronizing object | Pressed bodyside skin.456
Fra:1 Mem:530.72M (Peak 530.72M) | Time:00:00.88 | Mem:0.00M, Peak:0.00M | Scene, ViewLayer | Synchronizing object | Lined bodyside aperture panel.456
Fra:1 Mem:530.72M (Peak 530.72M) | Time:00:00.88 | Mem:0.00M, Peak:0.00M | Scene, ViewLayer | Synchronizing object | Lined bodyside aperture panel.457
Fra:1 Mem:530.72M (Peak 530.72M) | Time:00:00.88 | Mem:0.00M, Peak:0.00M | Scene, ViewLayer | Synchronizing object | Pressed bodyside skin.458
Fra:1 Mem:530.72M (Peak 530.72M) | Time:00:00.88 | Mem:0.00M, Peak:0.00M | Scene, ViewLayer | Synchronizing object | Lined bodyside aperture panel.458
Fra:1 Mem:530.72M (Peak 530.72M) | Time:00:00.88 | Mem:0.00M, Peak:0.00M | Scene, ViewLayer | Synchronizing object | Pressed bodyside skin.459
Fra:1 Mem:530.72M (Peak 530.72M) | Time:00:00.88 | Mem:0.00M, Peak:0.00M | Scene, ViewLayer | Synchronizing object | Lined bodyside aperture panel.459
Fra:1 Mem:530.73M (Peak 530.73M) | Time:00:00.88 | Mem:0.00M, Peak:0.00M | Scene, ViewLayer | Synchronizing object | Lined bodyside aperture panel.460
Fra:1 Mem:530.73M (Peak 530.73M) | Time:00:00.88 | Mem:0.00M, Peak:0.00M | Scene, ViewLayer | Synchronizing object | Pressed bodyside skin.461
Fra:1 Mem:530.73M (Peak 530.73M) | Time:00:00.88 | Mem:0.00M, Peak:0.00M | Scene, ViewLayer | Synchronizing object | Lined bodyside aperture panel.461
Fra:1 Mem:530.73M (Peak 530.73M) | Time:00:00.88 | Mem:0.00M, Peak:0.00M | Scene, ViewLayer | Synchronizing object | Lined bodyside aperture panel.462
Fra:1 Mem:530.73M (Peak 530.73M) | Time:00:00.88 | Mem:0.00M, Peak:0.00M | Scene, ViewLayer | Synchronizing object | Pressed bodyside skin.463
Fra:1 Mem:530.74M (Peak 530.74M) | Time:00:00.88 | Mem:0.00M, Peak:0.00M | Scene, ViewLayer | Synchronizing object | Lined bodyside aperture panel.463
Fra:1 Mem:530.74M (Peak 530.74M) | Time:00:00.88 | Mem:0.00M, Peak:0.00M | Scene, ViewLayer | Synchronizing object | Pressed bodyside skin.464
Fra:1 Mem:530.74M (Peak 530.74M) | Time:00:00.88 | Mem:0.00M, Peak:0.00M | Scene, ViewLayer | Synchronizing object | Pressed bodyside skin.465
Fra:1 Mem:530.74M (Peak 530.74M) | Time:00:00.88 | Mem:0.00M, Peak:0.00M | Scene, ViewLayer | Synchronizing object | Lined bodyside aperture panel.465
Fra:1 Mem:530.74M (Peak 530.74M) | Time:00:00.88 | Mem:0.00M, Peak:0.00M | Scene, ViewLayer | Synchronizing object | Lined bodyside aperture panel.466
Fra:1 Mem:530.74M (Peak 530.74M) | Time:00:00.88 | Mem:0.00M, Peak:0.00M | Scene, ViewLayer | Synchronizing object | Pressed bodyside skin.467
Fra:1 Mem:530.75M (Peak 530.75M) | Time:00:00.88 | Mem:0.00M, Peak:0.00M | Scene, ViewLayer | Synchronizing object | Pressed bodyside skin.468
Fra:1 Mem:530.75M (Peak 530.75M) | Time:00:00.88 | Mem:0.00M, Peak:0.00M | Scene, ViewLayer | Synchronizing object | Lined bodyside aperture panel.468
Fra:1 Mem:530.75M (Peak 530.75M) | Time:00:00.88 | Mem:0.00M, Peak:0.00M | Scene, ViewLayer | Synchronizing object | Lined bodyside aperture panel.469
Fra:1 Mem:530.75M (Peak 530.75M) | Time:00:00.88 | Mem:0.00M, Peak:0.00M | Scene, ViewLayer | Synchronizing object | Pressed bodyside skin.470
Fra:1 Mem:530.75M (Peak 530.75M) | Time:00:00.88 | Mem:0.00M, Peak:0.00M | Scene, ViewLayer | Synchronizing object | Lined bodyside aperture panel.470
Fra:1 Mem:530.75M (Peak 530.75M) | Time:00:00.88 | Mem:0.00M, Peak:0.00M | Scene, ViewLayer | Synchronizing object | Pressed bodyside skin.471
Fra:1 Mem:530.76M (Peak 530.76M) | Time:00:00.88 | Mem:0.00M, Peak:0.00M | Scene, ViewLayer | Synchronizing object | Lined bodyside aperture panel.471
Fra:1 Mem:530.76M (Peak 530.76M) | Time:00:00.88 | Mem:0.00M, Peak:0.00M | Scene, ViewLayer | Synchronizing object | Pressed bodyside skin.472
Fra:1 Mem:530.76M (Peak 530.76M) | Time:00:00.88 | Mem:0.00M, Peak:0.00M | Scene, ViewLayer | Synchronizing object | Pressed bodyside skin.473
Fra:1 Mem:530.76M (Peak 530.76M) | Time:00:00.88 | Mem:0.00M, Peak:0.00M | Scene, ViewLayer | Synchronizing object | Lined bodyside aperture panel.473
Fra:1 Mem:530.76M (Peak 530.76M) | Time:00:00.88 | Mem:0.00M, Peak:0.00M | Scene, ViewLayer | Synchronizing object | Pressed bodyside skin.474
Fra:1 Mem:530.77M (Peak 530.77M) | Time:00:00.88 | Mem:0.00M, Peak:0.00M | Scene, ViewLayer | Synchronizing object | Lined bodyside aperture panel.474
Fra:1 Mem:530.77M (Peak 530.77M) | Time:00:00.88 | Mem:0.00M, Peak:0.00M | Scene, ViewLayer | Synchronizing object | Lined bodyside aperture panel.475
Fra:1 Mem:530.77M (Peak 530.77M) | Time:00:00.88 | Mem:0.00M, Peak:0.00M | Scene, ViewLayer | Synchronizing object | Pressed bodyside skin.476
Fra:1 Mem:530.77M (Peak 530.77M) | Time:00:00.88 | Mem:0.00M, Peak:0.00M | Scene, ViewLayer | Synchronizing object | Pressed bodyside skin.477
Fra:1 Mem:530.77M (Peak 530.77M) | Time:00:00.88 | Mem:0.00M, Peak:0.00M | Scene, ViewLayer | Synchronizing object | Lined bodyside aperture panel.477
Fra:1 Mem:530.77M (Peak 530.77M) | Time:00:00.88 | Mem:0.00M, Peak:0.00M | Scene, ViewLayer | Synchronizing object | Lined bodyside aperture panel.478
Fra:1 Mem:530.78M (Peak 530.78M) | Time:00:00.88 | Mem:0.00M, Peak:0.00M | Scene, ViewLayer | Synchronizing object | Pressed bodyside skin.479
Fra:1 Mem:530.78M (Peak 530.78M) | Time:00:00.88 | Mem:0.00M, Peak:0.00M | Scene, ViewLayer | Synchronizing object | Lined bodyside aperture panel.479
Fra:1 Mem:530.78M (Peak 530.78M) | Time:00:00.88 | Mem:0.00M, Peak:0.00M | Scene, ViewLayer | Synchronizing object | Lined bodyside aperture panel.480
Fra:1 Mem:530.78M (Peak 530.78M) | Time:00:00.88 | Mem:0.00M, Peak:0.00M | Scene, ViewLayer | Synchronizing object | Pressed bodyside skin.481
Fra:1 Mem:530.78M (Peak 530.78M) | Time:00:00.88 | Mem:0.00M, Peak:0.00M | Scene, ViewLayer | Synchronizing object | Pressed bodyside skin.482
Fra:1 Mem:530.79M (Peak 530.79M) | Time:00:00.88 | Mem:0.00M, Peak:0.00M | Scene, ViewLayer | Synchronizing object | Lined bodyside aperture panel.482
Fra:1 Mem:530.79M (Peak 530.79M) | Time:00:00.88 | Mem:0.00M, Peak:0.00M | Scene, ViewLayer | Synchronizing object | Lined bodyside aperture panel.483
Fra:1 Mem:530.79M (Peak 530.79M) | Time:00:00.88 | Mem:0.00M, Peak:0.00M | Scene, ViewLayer | Synchronizing object | Lined bodyside aperture panel.484
Fra:1 Mem:530.79M (Peak 530.79M) | Time:00:00.88 | Mem:0.00M, Peak:0.00M | Scene, ViewLayer | Synchronizing object | Pressed bodyside skin.485
Fra:1 Mem:530.79M (Peak 530.79M) | Time:00:00.88 | Mem:0.00M, Peak:0.00M | Scene, ViewLayer | Synchronizing object | Lined bodyside aperture panel.485
Fra:1 Mem:530.80M (Peak 530.80M) | Time:00:00.88 | Mem:0.00M, Peak:0.00M | Scene, ViewLayer | Synchronizing object | Pressed bodyside skin.486
Fra:1 Mem:530.80M (Peak 530.80M) | Time:00:00.88 | Mem:0.00M, Peak:0.00M | Scene, ViewLayer | Synchronizing object | Lined bodyside aperture panel.486
Fra:1 Mem:530.80M (Peak 530.80M) | Time:00:00.88 | Mem:0.00M, Peak:0.00M | Scene, ViewLayer | Synchronizing object | Lined bodyside aperture panel.487
Fra:1 Mem:530.80M (Peak 530.80M) | Time:00:00.88 | Mem:0.00M, Peak:0.00M | Scene, ViewLayer | Synchronizing object | Pressed bodyside skin.488
Fra:1 Mem:530.80M (Peak 530.80M) | Time:00:00.88 | Mem:0.00M, Peak:0.00M | Scene, ViewLayer | Synchronizing object | Lined bodyside aperture panel.488
Fra:1 Mem:530.81M (Peak 530.81M) | Time:00:00.88 | Mem:0.00M, Peak:0.00M | Scene, ViewLayer | Synchronizing object | Lined bodyside aperture panel.489
Fra:1 Mem:530.81M (Peak 530.81M) | Time:00:00.88 | Mem:0.00M, Peak:0.00M | Scene, ViewLayer | Synchronizing object | Pressed bodyside skin.490
Fra:1 Mem:530.81M (Peak 530.81M) | Time:00:00.88 | Mem:0.00M, Peak:0.00M | Scene, ViewLayer | Synchronizing object | Pressed bodyside skin.491
Fra:1 Mem:530.81M (Peak 530.81M) | Time:00:00.88 | Mem:0.00M, Peak:0.00M | Scene, ViewLayer | Synchronizing object | Lined bodyside aperture panel.491
Fra:1 Mem:530.81M (Peak 530.81M) | Time:00:00.88 | Mem:0.00M, Peak:0.00M | Scene, ViewLayer | Synchronizing object | Lined bodyside aperture panel.492
Fra:1 Mem:530.82M (Peak 530.82M) | Time:00:00.88 | Mem:0.00M, Peak:0.00M | Scene, ViewLayer | Synchronizing object | Pressed bodyside skin.493
Fra:1 Mem:530.82M (Peak 530.82M) | Time:00:00.88 | Mem:0.00M, Peak:0.00M | Scene, ViewLayer | Synchronizing object | Pressed bodyside skin.494
Fra:1 Mem:530.82M (Peak 530.82M) | Time:00:00.88 | Mem:0.00M, Peak:0.00M | Scene, ViewLayer | Synchronizing object | Lined bodyside aperture panel.494
Fra:1 Mem:530.82M (Peak 530.82M) | Time:00:00.88 | Mem:0.00M, Peak:0.00M | Scene, ViewLayer | Synchronizing object | Pressed bodyside skin.495
Fra:1 Mem:530.83M (Peak 530.83M) | Time:00:00.88 | Mem:0.00M, Peak:0.00M | Scene, ViewLayer | Synchronizing object | Pressed bodyside skin.496
Fra:1 Mem:530.83M (Peak 530.83M) | Time:00:00.88 | Mem:0.00M, Peak:0.00M | Scene, ViewLayer | Synchronizing object | Lined bodyside aperture panel.496
Fra:1 Mem:530.83M (Peak 530.83M) | Time:00:00.88 | Mem:0.00M, Peak:0.00M | Scene, ViewLayer | Synchronizing object | Pressed bodyside skin.497
Fra:1 Mem:530.83M (Peak 530.83M) | Time:00:00.88 | Mem:0.00M, Peak:0.00M | Scene, ViewLayer | Synchronizing object | Lined bodyside aperture panel.497
Fra:1 Mem:530.83M (Peak 530.83M) | Time:00:00.88 | Mem:0.00M, Peak:0.00M | Scene, ViewLayer | Synchronizing object | Pressed bodyside skin.498
Fra:1 Mem:530.83M (Peak 530.83M) | Time:00:00.88 | Mem:0.00M, Peak:0.00M | Scene, ViewLayer | Synchronizing object | Lined bodyside aperture panel.498
Fra:1 Mem:530.84M (Peak 530.84M) | Time:00:00.88 | Mem:0.00M, Peak:0.00M | Scene, ViewLayer | Synchronizing object | Lined bodyside aperture panel.499
Fra:1 Mem:530.84M (Peak 530.84M) | Time:00:00.88 | Mem:0.00M, Peak:0.00M | Scene, ViewLayer | Synchronizing object | Pressed bodyside skin.500
Fra:1 Mem:530.84M (Peak 530.84M) | Time:00:00.88 | Mem:0.00M, Peak:0.00M | Scene, ViewLayer | Synchronizing object | Lined bodyside aperture panel.500
Fra:1 Mem:530.84M (Peak 530.84M) | Time:00:00.88 | Mem:0.00M, Peak:0.00M | Scene, ViewLayer | Synchronizing object | Pressed bodyside skin.501
Fra:1 Mem:530.84M (Peak 530.84M) | Time:00:00.88 | Mem:0.00M, Peak:0.00M | Scene, ViewLayer | Synchronizing object | Lined bodyside aperture panel.501
Fra:1 Mem:530.84M (Peak 530.84M) | Time:00:00.88 | Mem:0.00M, Peak:0.00M | Scene, ViewLayer | Synchronizing object | Lined bodyside aperture panel.502
Fra:1 Mem:530.85M (Peak 530.85M) | Time:00:00.88 | Mem:0.00M, Peak:0.00M | Scene, ViewLayer | Synchronizing object | Pressed bodyside skin.503
Fra:1 Mem:530.85M (Peak 530.85M) | Time:00:00.88 | Mem:0.00M, Peak:0.00M | Scene, ViewLayer | Synchronizing object | Lined bodyside aperture panel.503
Fra:1 Mem:530.85M (Peak 530.85M) | Time:00:00.88 | Mem:0.00M, Peak:0.00M | Scene, ViewLayer | Synchronizing object | Lined bodyside aperture panel.504
Fra:1 Mem:530.85M (Peak 530.85M) | Time:00:00.88 | Mem:0.00M, Peak:0.00M | Scene, ViewLayer | Synchronizing object | Pressed bodyside skin.505
Fra:1 Mem:530.85M (Peak 530.85M) | Time:00:00.88 | Mem:0.00M, Peak:0.00M | Scene, ViewLayer | Synchronizing object | Pressed bodyside skin.506
Fra:1 Mem:530.86M (Peak 530.86M) | Time:00:00.88 | Mem:0.00M, Peak:0.00M | Scene, ViewLayer | Synchronizing object | Lined bodyside aperture panel.506
Fra:1 Mem:530.86M (Peak 530.86M) | Time:00:00.88 | Mem:0.00M, Peak:0.00M | Scene, ViewLayer | Synchronizing object | Lined bodyside aperture panel.507
Fra:1 Mem:530.86M (Peak 530.86M) | Time:00:00.88 | Mem:0.00M, Peak:0.00M | Scene, ViewLayer | Synchronizing object | Pressed bodyside skin.508
Fra:1 Mem:530.86M (Peak 530.86M) | Time:00:00.88 | Mem:0.00M, Peak:0.00M | Scene, ViewLayer | Synchronizing object | Pressed bodyside skin.509
Fra:1 Mem:530.86M (Peak 530.86M) | Time:00:00.88 | Mem:0.00M, Peak:0.00M | Scene, ViewLayer | Synchronizing object | Pressed bodyside skin.510
Fra:1 Mem:530.87M (Peak 530.87M) | Time:00:00.88 | Mem:0.00M, Peak:0.00M | Scene, ViewLayer | Synchronizing object | Lined bodyside aperture panel.510
Fra:1 Mem:530.87M (Peak 530.87M) | Time:00:00.88 | Mem:0.00M, Peak:0.00M | Scene, ViewLayer | Synchronizing object | Pressed bodyside skin.511
Fra:1 Mem:530.87M (Peak 530.87M) | Time:00:00.88 | Mem:0.00M, Peak:0.00M | Scene, ViewLayer | Synchronizing object | Pressed bodyside skin.512
Fra:1 Mem:530.87M (Peak 530.87M) | Time:00:00.88 | Mem:0.00M, Peak:0.00M | Scene, ViewLayer | Synchronizing object | Lined bodyside aperture panel.512
Fra:1 Mem:530.87M (Peak 530.87M) | Time:00:00.88 | Mem:0.00M, Peak:0.00M | Scene, ViewLayer | Synchronizing object | Lined bodyside aperture panel.513
Fra:1 Mem:530.88M (Peak 530.88M) | Time:00:00.88 | Mem:0.00M, Peak:0.00M | Scene, ViewLayer | Synchronizing object | Pressed bodyside skin.514
Fra:1 Mem:530.88M (Peak 530.88M) | Time:00:00.88 | Mem:0.00M, Peak:0.00M | Scene, ViewLayer | Synchronizing object | Pressed bodyside skin.515
Fra:1 Mem:530.88M (Peak 530.88M) | Time:00:00.88 | Mem:0.00M, Peak:0.00M | Scene, ViewLayer | Synchronizing object | Lined bodyside aperture panel.515
Fra:1 Mem:530.88M (Peak 530.88M) | Time:00:00.88 | Mem:0.00M, Peak:0.00M | Scene, ViewLayer | Synchronizing object | Pressed bodyside skin.516
Fra:1 Mem:530.88M (Peak 530.88M) | Time:00:00.88 | Mem:0.00M, Peak:0.00M | Scene, ViewLayer | Synchronizing object | Lined bodyside aperture panel.516
Fra:1 Mem:530.88M (Peak 530.88M) | Time:00:00.88 | Mem:0.00M, Peak:0.00M | Scene, ViewLayer | Synchronizing object | Pressed bodyside skin.517
Fra:1 Mem:530.89M (Peak 530.89M) | Time:00:00.88 | Mem:0.00M, Peak:0.00M | Scene, ViewLayer | Synchronizing object | Lined bodyside aperture panel.517
Fra:1 Mem:530.89M (Peak 530.89M) | Time:00:00.88 | Mem:0.00M, Peak:0.00M | Scene, ViewLayer | Synchronizing object | Pressed bodyside skin.518
Fra:1 Mem:530.89M (Peak 530.89M) | Time:00:00.88 | Mem:0.00M, Peak:0.00M | Scene, ViewLayer | Synchronizing object | Pressed bodyside skin.519
Fra:1 Mem:530.89M (Peak 530.89M) | Time:00:00.88 | Mem:0.00M, Peak:0.00M | Scene, ViewLayer | Synchronizing object | Lined bodyside aperture panel.519
Fra:1 Mem:530.89M (Peak 530.89M) | Time:00:00.88 | Mem:0.00M, Peak:0.00M | Scene, ViewLayer | Synchronizing object | Pressed bodyside skin.520
Fra:1 Mem:530.89M (Peak 530.89M) | Time:00:00.88 | Mem:0.00M, Peak:0.00M | Scene, ViewLayer | Synchronizing object | Lined bodyside aperture panel.520
Fra:1 Mem:530.90M (Peak 530.90M) | Time:00:00.88 | Mem:0.00M, Peak:0.00M | Scene, ViewLayer | Synchronizing object | Pressed bodyside skin.521
Fra:1 Mem:530.90M (Peak 530.90M) | Time:00:00.88 | Mem:0.00M, Peak:0.00M | Scene, ViewLayer | Synchronizing object | Lined bodyside aperture panel.521
Fra:1 Mem:530.90M (Peak 530.90M) | Time:00:00.88 | Mem:0.00M, Peak:0.00M | Scene, ViewLayer | Synchronizing object | Pressed bodyside skin.522
Fra:1 Mem:530.90M (Peak 530.90M) | Time:00:00.88 | Mem:0.00M, Peak:0.00M | Scene, ViewLayer | Synchronizing object | Lined bodyside aperture panel.522
Fra:1 Mem:530.90M (Peak 530.90M) | Time:00:00.88 | Mem:0.00M, Peak:0.00M | Scene, ViewLayer | Synchronizing object | Pressed bodyside skin.523
Fra:1 Mem:530.90M (Peak 530.90M) | Time:00:00.88 | Mem:0.00M, Peak:0.00M | Scene, ViewLayer | Synchronizing object | Lined bodyside aperture panel.523
Fra:1 Mem:530.90M (Peak 530.90M) | Time:00:00.88 | Mem:0.00M, Peak:0.00M | Scene, ViewLayer | Synchronizing object | Pressed bodyside skin.524
Fra:1 Mem:530.91M (Peak 530.91M) | Time:00:00.88 | Mem:0.00M, Peak:0.00M | Scene, ViewLayer | Synchronizing object | Lined bodyside aperture panel.524
Fra:1 Mem:530.91M (Peak 530.91M) | Time:00:00.88 | Mem:0.00M, Peak:0.00M | Scene, ViewLayer | Synchronizing object | Lined bodyside aperture panel.525
Fra:1 Mem:530.91M (Peak 530.91M) | Time:00:00.88 | Mem:0.00M, Peak:0.00M | Scene, ViewLayer | Synchronizing object | Pressed bodyside skin.526
Fra:1 Mem:530.91M (Peak 530.91M) | Time:00:00.88 | Mem:0.00M, Peak:0.00M | Scene, ViewLayer | Synchronizing object | Lined bodyside aperture panel.526
Fra:1 Mem:530.91M (Peak 530.91M) | Time:00:00.88 | Mem:0.00M, Peak:0.00M | Scene, ViewLayer | Synchronizing object | Lined bodyside aperture panel.527
Fra:1 Mem:530.91M (Peak 530.91M) | Time:00:00.88 | Mem:0.00M, Peak:0.00M | Scene, ViewLayer | Synchronizing object | Pressed bodyside skin.528
Fra:1 Mem:530.92M (Peak 530.92M) | Time:00:00.88 | Mem:0.00M, Peak:0.00M | Scene, ViewLayer | Synchronizing object | Lined bodyside aperture panel.528
Fra:1 Mem:530.92M (Peak 530.92M) | Time:00:00.88 | Mem:0.00M, Peak:0.00M | Scene, ViewLayer | Synchronizing object | Pressed bodyside skin.529
Fra:1 Mem:530.92M (Peak 530.92M) | Time:00:00.88 | Mem:0.00M, Peak:0.00M | Scene, ViewLayer | Synchronizing object | Lined bodyside aperture panel.529
Fra:1 Mem:530.92M (Peak 530.92M) | Time:00:00.88 | Mem:0.00M, Peak:0.00M | Scene, ViewLayer | Synchronizing object | Pressed bodyside skin.530
Fra:1 Mem:530.92M (Peak 530.92M) | Time:00:00.88 | Mem:0.00M, Peak:0.00M | Scene, ViewLayer | Synchronizing object | Pressed bodyside skin.531
Fra:1 Mem:530.93M (Peak 530.93M) | Time:00:00.88 | Mem:0.00M, Peak:0.00M | Scene, ViewLayer | Synchronizing object | Lined bodyside aperture panel.531
Fra:1 Mem:530.93M (Peak 530.93M) | Time:00:00.88 | Mem:0.00M, Peak:0.00M | Scene, ViewLayer | Synchronizing object | Lined bodyside aperture panel.532
Fra:1 Mem:530.93M (Peak 530.93M) | Time:00:00.88 | Mem:0.00M, Peak:0.00M | Scene, ViewLayer | Synchronizing object | Pressed bodyside skin.533
Fra:1 Mem:530.93M (Peak 530.93M) | Time:00:00.88 | Mem:0.00M, Peak:0.00M | Scene, ViewLayer | Synchronizing object | Lined bodyside aperture panel.533
Fra:1 Mem:530.93M (Peak 530.93M) | Time:00:00.88 | Mem:0.00M, Peak:0.00M | Scene, ViewLayer | Synchronizing object | Lined bodyside aperture panel.534
Fra:1 Mem:530.94M (Peak 530.94M) | Time:00:00.88 | Mem:0.00M, Peak:0.00M | Scene, ViewLayer | Synchronizing object | Pressed bodyside skin.535
Fra:1 Mem:530.94M (Peak 530.94M) | Time:00:00.88 | Mem:0.00M, Peak:0.00M | Scene, ViewLayer | Synchronizing object | Pressed bodyside skin.536
Fra:1 Mem:530.94M (Peak 530.94M) | Time:00:00.88 | Mem:0.00M, Peak:0.00M | Scene, ViewLayer | Synchronizing object | Lined bodyside aperture panel.536
Fra:1 Mem:530.94M (Peak 530.94M) | Time:00:00.88 | Mem:0.00M, Peak:0.00M | Scene, ViewLayer | Synchronizing object | Lined bodyside aperture panel.537
Fra:1 Mem:530.94M (Peak 530.94M) | Time:00:00.88 | Mem:0.00M, Peak:0.00M | Scene, ViewLayer | Synchronizing object | Pressed bodyside skin.538
Fra:1 Mem:530.94M (Peak 530.94M) | Time:00:00.88 | Mem:0.00M, Peak:0.00M | Scene, ViewLayer | Synchronizing object | Pressed bodyside skin.539
Fra:1 Mem:530.95M (Peak 530.95M) | Time:00:00.88 | Mem:0.00M, Peak:0.00M | Scene, ViewLayer | Synchronizing object | Lined bodyside aperture panel.539
Fra:1 Mem:530.95M (Peak 530.95M) | Time:00:00.88 | Mem:0.00M, Peak:0.00M | Scene, ViewLayer | Synchronizing object | Lined bodyside aperture panel.540
Fra:1 Mem:530.95M (Peak 530.95M) | Time:00:00.88 | Mem:0.00M, Peak:0.00M | Scene, ViewLayer | Synchronizing object | Pressed bodyside skin.541
Fra:1 Mem:530.95M (Peak 530.95M) | Time:00:00.88 | Mem:0.00M, Peak:0.00M | Scene, ViewLayer | Synchronizing object | Pressed bodyside skin.542
Fra:1 Mem:530.96M (Peak 530.96M) | Time:00:00.88 | Mem:0.00M, Peak:0.00M | Scene, ViewLayer | Synchronizing object | Lined bodyside aperture panel.542
Fra:1 Mem:530.96M (Peak 530.96M) | Time:00:00.88 | Mem:0.00M, Peak:0.00M | Scene, ViewLayer | Synchronizing object | Lined bodyside aperture panel.543
Fra:1 Mem:530.96M (Peak 530.96M) | Time:00:00.88 | Mem:0.00M, Peak:0.00M | Scene, ViewLayer | Synchronizing object | Pressed bodyside skin.544
Fra:1 Mem:530.96M (Peak 530.96M) | Time:00:00.88 | Mem:0.00M, Peak:0.00M | Scene, ViewLayer | Synchronizing object | Lined bodyside aperture panel.544
Fra:1 Mem:530.96M (Peak 530.96M) | Time:00:00.88 | Mem:0.00M, Peak:0.00M | Scene, ViewLayer | Synchronizing object | Pressed bodyside skin.545
Fra:1 Mem:530.96M (Peak 530.96M) | Time:00:00.88 | Mem:0.00M, Peak:0.00M | Scene, ViewLayer | Synchronizing object | Lined bodyside aperture panel.545
Fra:1 Mem:530.97M (Peak 530.97M) | Time:00:00.88 | Mem:0.00M, Peak:0.00M | Scene, ViewLayer | Synchronizing object | Lined bodyside aperture panel.546
Fra:1 Mem:530.97M (Peak 530.97M) | Time:00:00.88 | Mem:0.00M, Peak:0.00M | Scene, ViewLayer | Synchronizing object | Pressed bodyside skin.547
Fra:1 Mem:530.97M (Peak 530.97M) | Time:00:00.89 | Mem:0.00M, Peak:0.00M | Scene, ViewLayer | Synchronizing object | Pressed bodyside skin.548
Fra:1 Mem:530.97M (Peak 530.97M) | Time:00:00.89 | Mem:0.00M, Peak:0.00M | Scene, ViewLayer | Synchronizing object | Lined bodyside aperture panel.548
Fra:1 Mem:530.97M (Peak 530.97M) | Time:00:00.89 | Mem:0.00M, Peak:0.00M | Scene, ViewLayer | Synchronizing object | Pressed bodyside skin.549
Fra:1 Mem:530.97M (Peak 530.97M) | Time:00:00.89 | Mem:0.00M, Peak:0.00M | Scene, ViewLayer | Synchronizing object | Lined bodyside aperture panel.549
Fra:1 Mem:530.98M (Peak 530.98M) | Time:00:00.89 | Mem:0.00M, Peak:0.00M | Scene, ViewLayer | Synchronizing object | Pressed bodyside skin.550
Fra:1 Mem:530.98M (Peak 530.98M) | Time:00:00.89 | Mem:0.00M, Peak:0.00M | Scene, ViewLayer | Synchronizing object | Lined bodyside aperture panel.550
Fra:1 Mem:530.98M (Peak 530.98M) | Time:00:00.89 | Mem:0.00M, Peak:0.00M | Scene, ViewLayer | Synchronizing object | Pressed bodyside skin.551
Fra:1 Mem:530.98M (Peak 530.98M) | Time:00:00.89 | Mem:0.00M, Peak:0.00M | Scene, ViewLayer | Synchronizing object | Lined bodyside aperture panel.551
Fra:1 Mem:530.98M (Peak 530.98M) | Time:00:00.89 | Mem:0.00M, Peak:0.00M | Scene, ViewLayer | Synchronizing object | Lined bodyside aperture panel.552
Fra:1 Mem:530.99M (Peak 530.99M) | Time:00:00.89 | Mem:0.00M, Peak:0.00M | Scene, ViewLayer | Synchronizing object | Pressed bodyside skin.553
Fra:1 Mem:530.99M (Peak 530.99M) | Time:00:00.89 | Mem:0.00M, Peak:0.00M | Scene, ViewLayer | Synchronizing object | Lined bodyside aperture panel.553
Fra:1 Mem:530.99M (Peak 530.99M) | Time:00:00.89 | Mem:0.00M, Peak:0.00M | Scene, ViewLayer | Synchronizing object | Pressed bodyside skin.554
Fra:1 Mem:530.99M (Peak 530.99M) | Time:00:00.89 | Mem:0.00M, Peak:0.00M | Scene, ViewLayer | Synchronizing object | Pressed bodyside skin.555
Fra:1 Mem:530.99M (Peak 530.99M) | Time:00:00.89 | Mem:0.00M, Peak:0.00M | Scene, ViewLayer | Synchronizing object | Lined bodyside aperture panel.555
Fra:1 Mem:531.00M (Peak 531.00M) | Time:00:00.89 | Mem:0.00M, Peak:0.00M | Scene, ViewLayer | Synchronizing object | Pressed bodyside skin.556
Fra:1 Mem:531.00M (Peak 531.00M) | Time:00:00.89 | Mem:0.00M, Peak:0.00M | Scene, ViewLayer | Synchronizing object | Pressed bodyside skin.557
Fra:1 Mem:531.00M (Peak 531.00M) | Time:00:00.89 | Mem:0.00M, Peak:0.00M | Scene, ViewLayer | Synchronizing object | Lined bodyside aperture panel.557
Fra:1 Mem:531.00M (Peak 531.00M) | Time:00:00.89 | Mem:0.00M, Peak:0.00M | Scene, ViewLayer | Synchronizing object | Pressed bodyside skin.558
Fra:1 Mem:531.00M (Peak 531.00M) | Time:00:00.89 | Mem:0.00M, Peak:0.00M | Scene, ViewLayer | Synchronizing object | Pressed bodyside skin.559
Fra:1 Mem:531.00M (Peak 531.00M) | Time:00:00.89 | Mem:0.00M, Peak:0.00M | Scene, ViewLayer | Synchronizing object | Lined bodyside aperture panel.559
Fra:1 Mem:531.01M (Peak 531.01M) | Time:00:00.89 | Mem:0.00M, Peak:0.00M | Scene, ViewLayer | Synchronizing object | Pressed bodyside skin.560
Fra:1 Mem:531.01M (Peak 531.01M) | Time:00:00.89 | Mem:0.00M, Peak:0.00M | Scene, ViewLayer | Synchronizing object | Lined bodyside aperture panel.560
Fra:1 Mem:531.01M (Peak 531.01M) | Time:00:00.89 | Mem:0.00M, Peak:0.00M | Scene, ViewLayer | Synchronizing object | Lined bodyside aperture panel.561
Fra:1 Mem:531.01M (Peak 531.01M) | Time:00:00.89 | Mem:0.00M, Peak:0.00M | Scene, ViewLayer | Synchronizing object | Pressed bodyside skin.562
Fra:1 Mem:531.01M (Peak 531.01M) | Time:00:00.89 | Mem:0.00M, Peak:0.00M | Scene, ViewLayer | Synchronizing object | Lined bodyside aperture panel.562
Fra:1 Mem:531.02M (Peak 531.02M) | Time:00:00.89 | Mem:0.00M, Peak:0.00M | Scene, ViewLayer | Synchronizing object | Pressed bodyside skin.563
Fra:1 Mem:531.02M (Peak 531.02M) | Time:00:00.89 | Mem:0.00M, Peak:0.00M | Scene, ViewLayer | Synchronizing object | Lined bodyside aperture panel.563
Fra:1 Mem:531.02M (Peak 531.02M) | Time:00:00.89 | Mem:0.00M, Peak:0.00M | Scene, ViewLayer | Synchronizing object | Pressed bodyside skin.564
Fra:1 Mem:531.02M (Peak 531.02M) | Time:00:00.89 | Mem:0.00M, Peak:0.00M | Scene, ViewLayer | Synchronizing object | Lined bodyside aperture panel.564
Fra:1 Mem:531.02M (Peak 531.02M) | Time:00:00.89 | Mem:0.00M, Peak:0.00M | Scene, ViewLayer | Synchronizing object | Lined bodyside aperture panel.565
Fra:1 Mem:531.02M (Peak 531.02M) | Time:00:00.89 | Mem:0.00M, Peak:0.00M | Scene, ViewLayer | Synchronizing object | Pressed bodyside skin.566
Fra:1 Mem:531.02M (Peak 531.02M) | Time:00:00.89 | Mem:0.00M, Peak:0.00M | Scene, ViewLayer | Synchronizing object | Lined bodyside aperture panel.566
Fra:1 Mem:531.03M (Peak 531.03M) | Time:00:00.89 | Mem:0.00M, Peak:0.00M | Scene, ViewLayer | Synchronizing object | Pressed bodyside skin.567
Fra:1 Mem:531.03M (Peak 531.03M) | Time:00:00.89 | Mem:0.00M, Peak:0.00M | Scene, ViewLayer | Synchronizing object | Pressed bodyside skin.568
Fra:1 Mem:531.03M (Peak 531.03M) | Time:00:00.89 | Mem:0.00M, Peak:0.00M | Scene, ViewLayer | Synchronizing object | Lined bodyside aperture panel.568
Fra:1 Mem:531.03M (Peak 531.03M) | Time:00:00.89 | Mem:0.00M, Peak:0.00M | Scene, ViewLayer | Synchronizing object | Pressed bodyside skin.569
Fra:1 Mem:531.03M (Peak 531.03M) | Time:00:00.89 | Mem:0.00M, Peak:0.00M | Scene, ViewLayer | Synchronizing object | Lined bodyside aperture panel.569
Fra:1 Mem:531.03M (Peak 531.03M) | Time:00:00.89 | Mem:0.00M, Peak:0.00M | Scene, ViewLayer | Synchronizing object | Lined bodyside aperture panel.570
Fra:1 Mem:531.04M (Peak 531.04M) | Time:00:00.89 | Mem:0.00M, Peak:0.00M | Scene, ViewLayer | Synchronizing object | Pressed bodyside skin.571
Fra:1 Mem:531.04M (Peak 531.04M) | Time:00:00.89 | Mem:0.00M, Peak:0.00M | Scene, ViewLayer | Synchronizing object | Lined bodyside aperture panel.571
Fra:1 Mem:531.04M (Peak 531.04M) | Time:00:00.89 | Mem:0.00M, Peak:0.00M | Scene, ViewLayer | Synchronizing object | Pressed bodyside skin.572
Fra:1 Mem:531.04M (Peak 531.04M) | Time:00:00.89 | Mem:0.00M, Peak:0.00M | Scene, ViewLayer | Synchronizing object | Lined bodyside aperture panel.572
Fra:1 Mem:531.04M (Peak 531.04M) | Time:00:00.89 | Mem:0.00M, Peak:0.00M | Scene, ViewLayer | Synchronizing object | Pressed bodyside skin.573
Fra:1 Mem:531.05M (Peak 531.05M) | Time:00:00.89 | Mem:0.00M, Peak:0.00M | Scene, ViewLayer | Synchronizing object | Lined bodyside aperture panel.573
Fra:1 Mem:531.05M (Peak 531.05M) | Time:00:00.89 | Mem:0.00M, Peak:0.00M | Scene, ViewLayer | Synchronizing object | Lined bodyside aperture panel.574
Fra:1 Mem:531.05M (Peak 531.05M) | Time:00:00.89 | Mem:0.00M, Peak:0.00M | Scene, ViewLayer | Synchronizing object | Pressed bodyside skin.575
Fra:1 Mem:531.05M (Peak 531.05M) | Time:00:00.89 | Mem:0.00M, Peak:0.00M | Scene, ViewLayer | Synchronizing object | Lined bodyside aperture panel.575
Fra:1 Mem:531.05M (Peak 531.05M) | Time:00:00.89 | Mem:0.00M, Peak:0.00M | Scene, ViewLayer | Synchronizing object | Pressed bodyside skin.576
Fra:1 Mem:531.05M (Peak 531.05M) | Time:00:00.89 | Mem:0.00M, Peak:0.00M | Scene, ViewLayer | Synchronizing object | Lined bodyside aperture panel.576
Fra:1 Mem:531.05M (Peak 531.05M) | Time:00:00.89 | Mem:0.00M, Peak:0.00M | Scene, ViewLayer | Synchronizing object | Lined bodyside aperture panel.577
Fra:1 Mem:531.06M (Peak 531.06M) | Time:00:00.89 | Mem:0.00M, Peak:0.00M | Scene, ViewLayer | Synchronizing object | Pressed bodyside skin.578
Fra:1 Mem:531.06M (Peak 531.06M) | Time:00:00.89 | Mem:0.00M, Peak:0.00M | Scene, ViewLayer | Synchronizing object | Lined bodyside aperture panel.578
Fra:1 Mem:531.06M (Peak 531.06M) | Time:00:00.89 | Mem:0.00M, Peak:0.00M | Scene, ViewLayer | Synchronizing object | Pressed bodyside skin.579
Fra:1 Mem:531.06M (Peak 531.06M) | Time:00:00.89 | Mem:0.00M, Peak:0.00M | Scene, ViewLayer | Synchronizing object | Pressed bodyside skin.580
Fra:1 Mem:531.07M (Peak 531.07M) | Time:00:00.89 | Mem:0.00M, Peak:0.00M | Scene, ViewLayer | Synchronizing object | Lined bodyside aperture panel.580
Fra:1 Mem:531.07M (Peak 531.07M) | Time:00:00.89 | Mem:0.00M, Peak:0.00M | Scene, ViewLayer | Synchronizing object | Lined bodyside aperture panel.581
Fra:1 Mem:531.07M (Peak 531.07M) | Time:00:00.89 | Mem:0.00M, Peak:0.00M | Scene, ViewLayer | Synchronizing object | Pressed bodyside skin.582
Fra:1 Mem:531.07M (Peak 531.07M) | Time:00:00.89 | Mem:0.00M, Peak:0.00M | Scene, ViewLayer | Synchronizing object | Lined bodyside aperture panel.582
Fra:1 Mem:531.07M (Peak 531.07M) | Time:00:00.89 | Mem:0.00M, Peak:0.00M | Scene, ViewLayer | Synchronizing object | Pressed bodyside skin.583
Fra:1 Mem:531.07M (Peak 531.07M) | Time:00:00.89 | Mem:0.00M, Peak:0.00M | Scene, ViewLayer | Synchronizing object | Lined bodyside aperture panel.583
Fra:1 Mem:531.07M (Peak 531.07M) | Time:00:00.89 | Mem:0.00M, Peak:0.00M | Scene, ViewLayer | Synchronizing object | Pressed bodyside skin.584
Fra:1 Mem:531.08M (Peak 531.08M) | Time:00:00.89 | Mem:0.00M, Peak:0.00M | Scene, ViewLayer | Synchronizing object | Pressed bodyside skin.585
Fra:1 Mem:531.08M (Peak 531.08M) | Time:00:00.89 | Mem:0.00M, Peak:0.00M | Scene, ViewLayer | Synchronizing object | Lined bodyside aperture panel.585
Fra:1 Mem:531.08M (Peak 531.08M) | Time:00:00.89 | Mem:0.00M, Peak:0.00M | Scene, ViewLayer | Synchronizing object | Pressed bodyside skin.586
Fra:1 Mem:531.08M (Peak 531.08M) | Time:00:00.89 | Mem:0.00M, Peak:0.00M | Scene, ViewLayer | Synchronizing object | Lined bodyside aperture panel.586
Fra:1 Mem:531.08M (Peak 531.08M) | Time:00:00.89 | Mem:0.00M, Peak:0.00M | Scene, ViewLayer | Synchronizing object | Lined bodyside aperture panel.587
Fra:1 Mem:531.09M (Peak 531.09M) | Time:00:00.89 | Mem:0.00M, Peak:0.00M | Scene, ViewLayer | Synchronizing object | Pressed bodyside skin.588
Fra:1 Mem:531.09M (Peak 531.09M) | Time:00:00.89 | Mem:0.00M, Peak:0.00M | Scene, ViewLayer | Synchronizing object | Pressed bodyside skin.589
Fra:1 Mem:531.09M (Peak 531.09M) | Time:00:00.89 | Mem:0.00M, Peak:0.00M | Scene, ViewLayer | Synchronizing object | Lined bodyside aperture panel.589
Fra:1 Mem:531.09M (Peak 531.09M) | Time:00:00.89 | Mem:0.00M, Peak:0.00M | Scene, ViewLayer | Synchronizing object | Pressed bodyside skin.590
Fra:1 Mem:531.09M (Peak 531.09M) | Time:00:00.89 | Mem:0.00M, Peak:0.00M | Scene, ViewLayer | Synchronizing object | Lined bodyside aperture panel.590
Fra:1 Mem:531.09M (Peak 531.09M) | Time:00:00.89 | Mem:0.00M, Peak:0.00M | Scene, ViewLayer | Synchronizing object | Pressed bodyside skin.591
Fra:1 Mem:531.09M (Peak 531.09M) | Time:00:00.89 | Mem:0.00M, Peak:0.00M | Scene, ViewLayer | Synchronizing object | Lined bodyside aperture panel.591
Fra:1 Mem:531.10M (Peak 531.10M) | Time:00:00.89 | Mem:0.00M, Peak:0.00M | Scene, ViewLayer | Synchronizing object | Pressed bodyside skin.592
Fra:1 Mem:531.10M (Peak 531.10M) | Time:00:00.89 | Mem:0.00M, Peak:0.00M | Scene, ViewLayer | Synchronizing object | Lined bodyside aperture panel.592
Fra:1 Mem:531.10M (Peak 531.10M) | Time:00:00.89 | Mem:0.00M, Peak:0.00M | Scene, ViewLayer | Synchronizing object | Lined bodyside aperture panel.593
Fra:1 Mem:531.10M (Peak 531.10M) | Time:00:00.89 | Mem:0.00M, Peak:0.00M | Scene, ViewLayer | Synchronizing object | Pressed bodyside skin.594
Fra:1 Mem:531.10M (Peak 531.10M) | Time:00:00.89 | Mem:0.00M, Peak:0.00M | Scene, ViewLayer | Synchronizing object | Pressed bodyside skin.595
Fra:1 Mem:531.10M (Peak 531.10M) | Time:00:00.89 | Mem:0.00M, Peak:0.00M | Scene, ViewLayer | Synchronizing object | Lined bodyside aperture panel.595
Fra:1 Mem:531.11M (Peak 531.11M) | Time:00:00.89 | Mem:0.00M, Peak:0.00M | Scene, ViewLayer | Synchronizing object | Pressed bodyside skin.596
Fra:1 Mem:531.11M (Peak 531.11M) | Time:00:00.89 | Mem:0.00M, Peak:0.00M | Scene, ViewLayer | Synchronizing object | Lined bodyside aperture panel.596
Fra:1 Mem:531.11M (Peak 531.11M) | Time:00:00.89 | Mem:0.00M, Peak:0.00M | Scene, ViewLayer | Synchronizing object | Pressed bodyside skin.597
Fra:1 Mem:531.11M (Peak 531.11M) | Time:00:00.89 | Mem:0.00M, Peak:0.00M | Scene, ViewLayer | Synchronizing object | Pressed bodyside skin.598
Fra:1 Mem:531.11M (Peak 531.11M) | Time:00:00.89 | Mem:0.00M, Peak:0.00M | Scene, ViewLayer | Synchronizing object | Lined bodyside aperture panel.598
Fra:1 Mem:531.11M (Peak 531.11M) | Time:00:00.89 | Mem:0.00M, Peak:0.00M | Scene, ViewLayer | Synchronizing object | Lined bodyside aperture panel.599
Fra:1 Mem:531.12M (Peak 531.12M) | Time:00:00.89 | Mem:0.00M, Peak:0.00M | Scene, ViewLayer | Synchronizing object | Pressed bodyside skin.600
Fra:1 Mem:531.12M (Peak 531.12M) | Time:00:00.89 | Mem:0.00M, Peak:0.00M | Scene, ViewLayer | Synchronizing object | Lined bodyside aperture panel.600
Fra:1 Mem:531.12M (Peak 531.12M) | Time:00:00.89 | Mem:0.00M, Peak:0.00M | Scene, ViewLayer | Synchronizing object | Pressed bodyside skin.601
Fra:1 Mem:531.12M (Peak 531.12M) | Time:00:00.89 | Mem:0.00M, Peak:0.00M | Scene, ViewLayer | Synchronizing object | Lined bodyside aperture panel.601
Fra:1 Mem:531.12M (Peak 531.12M) | Time:00:00.89 | Mem:0.00M, Peak:0.00M | Scene, ViewLayer | Synchronizing object | Pressed bodyside skin.602
Fra:1 Mem:531.12M (Peak 531.12M) | Time:00:00.89 | Mem:0.00M, Peak:0.00M | Scene, ViewLayer | Synchronizing object | Lined bodyside aperture panel.602
Fra:1 Mem:531.13M (Peak 531.13M) | Time:00:00.89 | Mem:0.00M, Peak:0.00M | Scene, ViewLayer | Synchronizing object | Pressed bodyside skin.603
Fra:1 Mem:531.13M (Peak 531.13M) | Time:00:00.89 | Mem:0.00M, Peak:0.00M | Scene, ViewLayer | Synchronizing object | Lined bodyside aperture panel.603
Fra:1 Mem:531.13M (Peak 531.13M) | Time:00:00.89 | Mem:0.00M, Peak:0.00M | Scene, ViewLayer | Synchronizing object | Pressed bodyside skin.604
Fra:1 Mem:531.13M (Peak 531.13M) | Time:00:00.89 | Mem:0.00M, Peak:0.00M | Scene, ViewLayer | Synchronizing object | Pressed bodyside skin.605
Fra:1 Mem:531.13M (Peak 531.13M) | Time:00:00.89 | Mem:0.00M, Peak:0.00M | Scene, ViewLayer | Synchronizing object | Lined bodyside aperture panel.605
Fra:1 Mem:531.13M (Peak 531.13M) | Time:00:00.89 | Mem:0.00M, Peak:0.00M | Scene, ViewLayer | Synchronizing object | Lined bodyside aperture panel.606
Fra:1 Mem:531.14M (Peak 531.14M) | Time:00:00.89 | Mem:0.00M, Peak:0.00M | Scene, ViewLayer | Synchronizing object | Pressed bodyside skin.607
Fra:1 Mem:531.14M (Peak 531.14M) | Time:00:00.89 | Mem:0.00M, Peak:0.00M | Scene, ViewLayer | Synchronizing object | Lined bodyside aperture panel.607
Fra:1 Mem:531.14M (Peak 531.14M) | Time:00:00.89 | Mem:0.00M, Peak:0.00M | Scene, ViewLayer | Synchronizing object | Bodyside roof rain gutter.001
Fra:1 Mem:531.14M (Peak 531.14M) | Time:00:00.89 | Mem:0.00M, Peak:0.00M | Scene, ViewLayer | Synchronizing object | Rounded body aperture corner.018
Fra:1 Mem:531.16M (Peak 531.16M) | Time:00:00.89 | Mem:0.00M, Peak:0.00M | Scene, ViewLayer | Synchronizing object | Pressed window aperture corner infill.018
Fra:1 Mem:531.16M (Peak 531.16M) | Time:00:00.89 | Mem:0.00M, Peak:0.00M | Scene, ViewLayer | Synchronizing object | Window pressed reveal return.018
Fra:1 Mem:531.18M (Peak 531.18M) | Time:00:00.89 | Mem:0.00M, Peak:0.00M | Scene, ViewLayer | Synchronizing object | Continuous EPDM glazing gasket.018
Fra:1 Mem:531.19M (Peak 531.19M) | Time:00:00.89 | Mem:0.00M, Peak:0.00M | Scene, ViewLayer | Synchronizing object | Anodised window frame extrusion.018
Fra:1 Mem:531.20M (Peak 531.20M) | Time:00:00.89 | Mem:0.00M, Peak:0.00M | Scene, ViewLayer | Synchronizing object | Raised glass exposed lower strip.018
Fra:1 Mem:531.24M (Peak 531.24M) | Time:00:00.89 | Mem:0.00M, Peak:0.00M | Scene, ViewLayer | Synchronizing object | Raised glass lower rail.018
Fra:1 Mem:531.24M (Peak 531.24M) | Time:00:00.89 | Mem:0.00M, Peak:0.00M | Scene, ViewLayer | Synchronizing object | Interior rounded window sill.018
Fra:1 Mem:531.25M (Peak 531.25M) | Time:00:00.89 | Mem:0.00M, Peak:0.00M | Scene, ViewLayer | Synchronizing object | Window satin steel security bar.090
Fra:1 Mem:531.26M (Peak 531.26M) | Time:00:00.89 | Mem:0.00M, Peak:0.00M | Scene, ViewLayer | Synchronizing object | Window satin steel security bar.091
Fra:1 Mem:531.26M (Peak 531.26M) | Time:00:00.89 | Mem:0.00M, Peak:0.00M | Scene, ViewLayer | Synchronizing object | Window satin steel security bar.092
Fra:1 Mem:531.28M (Peak 531.28M) | Time:00:00.89 | Mem:0.00M, Peak:0.00M | Scene, ViewLayer | Synchronizing object | Window satin steel security bar.093
Fra:1 Mem:531.27M (Peak 531.28M) | Time:00:00.89 | Mem:0.00M, Peak:0.00M | Scene, ViewLayer | Synchronizing object | Window satin steel security bar.094
Fra:1 Mem:531.27M (Peak 531.28M) | Time:00:00.89 | Mem:0.00M, Peak:0.00M | Scene, ViewLayer | Synchronizing object | Sliding shutter guide channel.036
Fra:1 Mem:531.28M (Peak 531.28M) | Time:00:00.89 | Mem:0.00M, Peak:0.00M | Scene, ViewLayer | Synchronizing object | Sliding shutter guide channel.037
Fra:1 Mem:531.29M (Peak 531.29M) | Time:00:00.89 | Mem:0.00M, Peak:0.00M | Scene, ViewLayer | Synchronizing object | Louvred shutter side stile.072
Fra:1 Mem:531.30M (Peak 531.30M) | Time:00:00.89 | Mem:0.00M, Peak:0.00M | Scene, ViewLayer | Synchronizing object | Louvred shutter side stile.073
Fra:1 Mem:531.31M (Peak 531.31M) | Time:00:00.89 | Mem:0.00M, Peak:0.00M | Scene, ViewLayer | Synchronizing object | Louvred shutter end rail.072
Fra:1 Mem:531.32M (Peak 531.32M) | Time:00:00.89 | Mem:0.00M, Peak:0.00M | Scene, ViewLayer | Synchronizing object | Louvred shutter end rail.073
Fra:1 Mem:531.32M (Peak 531.32M) | Time:00:00.89 | Mem:0.00M, Peak:0.00M | Scene, ViewLayer | Synchronizing object | Shutter pressed sloping louvre blade.096
Fra:1 Mem:531.33M (Peak 531.33M) | Time:00:00.89 | Mem:0.00M, Peak:0.00M | Scene, ViewLayer | Synchronizing object | Shutter lift recessed grip.036
Fra:1 Mem:531.33M (Peak 531.33M) | Time:00:00.89 | Mem:0.00M, Peak:0.00M | Scene, ViewLayer | Synchronizing object | Louvred shutter side stile.074
Fra:1 Mem:531.35M (Peak 531.35M) | Time:00:00.89 | Mem:0.00M, Peak:0.00M | Scene, ViewLayer | Synchronizing object | Louvred shutter side stile.075
Fra:1 Mem:531.35M (Peak 531.35M) | Time:00:00.89 | Mem:0.00M, Peak:0.00M | Scene, ViewLayer | Synchronizing object | Louvred shutter end rail.075
Fra:1 Mem:531.37M (Peak 531.37M) | Time:00:00.89 | Mem:0.00M, Peak:0.00M | Scene, ViewLayer | Synchronizing object | Shutter pressed sloping louvre blade.097
Fra:1 Mem:531.38M (Peak 531.38M) | Time:00:00.89 | Mem:0.00M, Peak:0.00M | Scene, ViewLayer | Synchronizing object | Shutter lift recessed grip.037
Fra:1 Mem:531.38M (Peak 531.38M) | Time:00:00.89 | Mem:0.00M, Peak:0.00M | Scene, ViewLayer | Synchronizing object | Rounded body aperture corner.019
Fra:1 Mem:531.40M (Peak 531.40M) | Time:00:00.89 | Mem:0.00M, Peak:0.00M | Scene, ViewLayer | Synchronizing object | Pressed window aperture corner infill.019
Fra:1 Mem:531.42M (Peak 531.42M) | Time:00:00.89 | Mem:0.00M, Peak:0.00M | Scene, ViewLayer | Synchronizing object | Window pressed reveal return.019
Fra:1 Mem:531.43M (Peak 531.43M) | Time:00:00.89 | Mem:0.00M, Peak:0.00M | Scene, ViewLayer | Synchronizing object | Continuous EPDM glazing gasket.019
Fra:1 Mem:531.44M (Peak 531.44M) | Time:00:00.89 | Mem:0.00M, Peak:0.00M | Scene, ViewLayer | Synchronizing object | Anodised window frame extrusion.019
Fra:1 Mem:531.45M (Peak 531.45M) | Time:00:00.89 | Mem:0.00M, Peak:0.00M | Scene, ViewLayer | Synchronizing object | Raised glass exposed lower strip.019
Fra:1 Mem:531.48M (Peak 531.48M) | Time:00:00.89 | Mem:0.00M, Peak:0.00M | Scene, ViewLayer | Synchronizing object | Raised glass lower rail.019
Fra:1 Mem:531.49M (Peak 531.49M) | Time:00:00.89 | Mem:0.00M, Peak:0.00M | Scene, ViewLayer | Synchronizing object | Interior rounded window sill.019
Fra:1 Mem:531.50M (Peak 531.50M) | Time:00:00.89 | Mem:0.00M, Peak:0.00M | Scene, ViewLayer | Synchronizing object | Window satin steel security bar.095
Fra:1 Mem:531.51M (Peak 531.51M) | Time:00:00.89 | Mem:0.00M, Peak:0.00M | Scene, ViewLayer | Synchronizing object | Window satin steel security bar.096
Fra:1 Mem:531.51M (Peak 531.51M) | Time:00:00.89 | Mem:0.00M, Peak:0.00M | Scene, ViewLayer | Synchronizing object | Window satin steel security bar.097
Fra:1 Mem:531.51M (Peak 531.51M) | Time:00:00.89 | Mem:0.00M, Peak:0.00M | Scene, ViewLayer | Synchronizing object | Window satin steel security bar.099
Fra:1 Mem:531.52M (Peak 531.52M) | Time:00:00.89 | Mem:0.00M, Peak:0.00M | Scene, ViewLayer | Synchronizing object | Sliding shutter guide channel.038
Fra:1 Mem:531.53M (Peak 531.53M) | Time:00:00.89 | Mem:0.00M, Peak:0.00M | Scene, ViewLayer | Synchronizing object | Sliding shutter guide channel.039
Fra:1 Mem:531.53M (Peak 531.53M) | Time:00:00.89 | Mem:0.00M, Peak:0.00M | Scene, ViewLayer | Synchronizing object | Louvred shutter side stile.076
Fra:1 Mem:531.54M (Peak 531.54M) | Time:00:00.89 | Mem:0.00M, Peak:0.00M | Scene, ViewLayer | Synchronizing object | Louvred shutter side stile.077
Fra:1 Mem:531.55M (Peak 531.55M) | Time:00:00.89 | Mem:0.00M, Peak:0.00M | Scene, ViewLayer | Synchronizing object | Louvred shutter end rail.076
Fra:1 Mem:531.57M (Peak 531.57M) | Time:00:00.89 | Mem:0.00M, Peak:0.00M | Scene, ViewLayer | Synchronizing object | Louvred shutter end rail.077
Fra:1 Mem:531.57M (Peak 531.57M) | Time:00:00.89 | Mem:0.00M, Peak:0.00M | Scene, ViewLayer | Synchronizing object | Shutter lift recessed grip.038
Fra:1 Mem:531.59M (Peak 531.59M) | Time:00:00.89 | Mem:0.00M, Peak:0.00M | Scene, ViewLayer | Synchronizing object | Louvred shutter side stile.078
Fra:1 Mem:531.59M (Peak 531.59M) | Time:00:00.89 | Mem:0.00M, Peak:0.00M | Scene, ViewLayer | Synchronizing object | Louvred shutter side stile.079
Fra:1 Mem:531.60M (Peak 531.60M) | Time:00:00.89 | Mem:0.00M, Peak:0.00M | Scene, ViewLayer | Synchronizing object | Louvred shutter end rail.078
Fra:1 Mem:531.61M (Peak 531.61M) | Time:00:00.89 | Mem:0.00M, Peak:0.00M | Scene, ViewLayer | Synchronizing object | Louvred shutter end rail.079
Fra:1 Mem:531.61M (Peak 531.61M) | Time:00:00.89 | Mem:0.00M, Peak:0.00M | Scene, ViewLayer | Synchronizing object | Shutter pressed sloping louvre blade.099
Fra:1 Mem:531.62M (Peak 531.62M) | Time:00:00.89 | Mem:0.00M, Peak:0.00M | Scene, ViewLayer | Synchronizing object | Shutter lift recessed grip.039
Fra:1 Mem:531.62M (Peak 531.62M) | Time:00:00.89 | Mem:0.00M, Peak:0.00M | Scene, ViewLayer | Synchronizing object | Window lower lock thumb tab.019
Fra:1 Mem:531.63M (Peak 531.63M) | Time:00:00.89 | Mem:0.00M, Peak:0.00M | Scene, ViewLayer | Synchronizing object | Emergency window stencil.002
Fra:1 Mem:531.64M (Peak 531.64M) | Time:00:00.89 | Mem:0.00M, Peak:0.00M | Scene, ViewLayer | Synchronizing object | Emergency red release indicator.004
Fra:1 Mem:531.67M (Peak 531.67M) | Time:00:00.89 | Mem:0.00M, Peak:0.00M | Scene, ViewLayer | Synchronizing object | Emergency red release indicator.005
Fra:1 Mem:531.69M (Peak 531.69M) | Time:00:00.89 | Mem:0.00M, Peak:0.00M | Scene, ViewLayer | Synchronizing object | Rounded body aperture corner.020
Fra:1 Mem:531.75M (Peak 531.75M) | Time:00:00.89 | Mem:0.00M, Peak:0.00M | Scene, ViewLayer | Synchronizing object | Pressed window aperture corner infill.020
Fra:1 Mem:531.79M (Peak 531.79M) | Time:00:00.89 | Mem:0.00M, Peak:0.00M | Scene, ViewLayer | Synchronizing object | Window pressed reveal return.020
Fra:1 Mem:531.79M (Peak 531.79M) | Time:00:00.89 | Mem:0.00M, Peak:0.00M | Scene, ViewLayer | Synchronizing object | Continuous EPDM glazing gasket.020
Fra:1 Mem:531.81M (Peak 531.81M) | Time:00:00.89 | Mem:0.00M, Peak:0.00M | Scene, ViewLayer | Synchronizing object | Anodised window frame extrusion.020
Fra:1 Mem:531.86M (Peak 531.86M) | Time:00:00.89 | Mem:0.00M, Peak:0.00M | Scene, ViewLayer | Synchronizing object | Raised glass exposed lower strip.020
Fra:1 Mem:531.88M (Peak 531.88M) | Time:00:00.89 | Mem:0.00M, Peak:0.00M | Scene, ViewLayer | Synchronizing object | Raised glass lower rail.020
Fra:1 Mem:531.89M (Peak 531.89M) | Time:00:00.89 | Mem:0.00M, Peak:0.00M | Scene, ViewLayer | Synchronizing object | Interior rounded window sill.020
Fra:1 Mem:531.90M (Peak 531.90M) | Time:00:00.89 | Mem:0.00M, Peak:0.00M | Scene, ViewLayer | Synchronizing object | Window satin steel security bar.100
Fra:1 Mem:531.90M (Peak 531.90M) | Time:00:00.89 | Mem:0.00M, Peak:0.00M | Scene, ViewLayer | Synchronizing object | Window satin steel security bar.101
Fra:1 Mem:531.90M (Peak 531.90M) | Time:00:00.89 | Mem:0.00M, Peak:0.00M | Scene, ViewLayer | Synchronizing object | Window satin steel security bar.102
Fra:1 Mem:531.91M (Peak 531.91M) | Time:00:00.89 | Mem:0.00M, Peak:0.00M | Scene, ViewLayer | Synchronizing object | Window satin steel security bar.103
Fra:1 Mem:531.91M (Peak 531.91M) | Time:00:00.89 | Mem:0.00M, Peak:0.00M | Scene, ViewLayer | Synchronizing object | Window satin steel security bar.104
Fra:1 Mem:531.92M (Peak 531.92M) | Time:00:00.89 | Mem:0.00M, Peak:0.00M | Scene, ViewLayer | Synchronizing object | Sliding shutter guide channel.040
Fra:1 Mem:531.92M (Peak 531.92M) | Time:00:00.89 | Mem:0.00M, Peak:0.00M | Scene, ViewLayer | Synchronizing object | Sliding shutter guide channel.041
Fra:1 Mem:531.95M (Peak 531.95M) | Time:00:00.89 | Mem:0.00M, Peak:0.00M | Scene, ViewLayer | Synchronizing object | Louvred shutter side stile.080
Fra:1 Mem:531.98M (Peak 531.98M) | Time:00:00.89 | Mem:0.00M, Peak:0.00M | Scene, ViewLayer | Synchronizing object | Louvred shutter side stile.081
Fra:1 Mem:531.99M (Peak 531.99M) | Time:00:00.89 | Mem:0.00M, Peak:0.00M | Scene, ViewLayer | Synchronizing object | Louvred shutter end rail.080
Fra:1 Mem:531.98M (Peak 531.99M) | Time:00:00.89 | Mem:0.00M, Peak:0.00M | Scene, ViewLayer | Synchronizing object | Louvred shutter end rail.081
Fra:1 Mem:531.98M (Peak 531.99M) | Time:00:00.89 | Mem:0.00M, Peak:0.00M | Scene, ViewLayer | Synchronizing object | Shutter pressed sloping louvre blade.101
Fra:1 Mem:531.99M (Peak 531.99M) | Time:00:00.89 | Mem:0.00M, Peak:0.00M | Scene, ViewLayer | Synchronizing object | Shutter pressed sloping louvre blade.102
Fra:1 Mem:532.00M (Peak 532.00M) | Time:00:00.89 | Mem:0.00M, Peak:0.00M | Scene, ViewLayer | Synchronizing object | Shutter pressed sloping louvre blade.103
Fra:1 Mem:532.00M (Peak 532.00M) | Time:00:00.89 | Mem:0.00M, Peak:0.00M | Scene, ViewLayer | Synchronizing object | Shutter lift recessed grip.040
Fra:1 Mem:532.01M (Peak 532.01M) | Time:00:00.89 | Mem:0.00M, Peak:0.00M | Scene, ViewLayer | Synchronizing object | Louvred shutter side stile.082
Fra:1 Mem:532.02M (Peak 532.02M) | Time:00:00.89 | Mem:0.00M, Peak:0.00M | Scene, ViewLayer | Synchronizing object | Louvred shutter side stile.083
Fra:1 Mem:532.02M (Peak 532.02M) | Time:00:00.89 | Mem:0.00M, Peak:0.00M | Scene, ViewLayer | Synchronizing object | Louvred shutter end rail.082
Fra:1 Mem:532.02M (Peak 532.02M) | Time:00:00.89 | Mem:0.00M, Peak:0.00M | Scene, ViewLayer | Synchronizing object | Louvred shutter end rail.083
Fra:1 Mem:532.04M (Peak 532.04M) | Time:00:00.89 | Mem:0.00M, Peak:0.00M | Scene, ViewLayer | Synchronizing object | Shutter pressed sloping louvre blade.105
Fra:1 Mem:532.04M (Peak 532.04M) | Time:00:00.89 | Mem:0.00M, Peak:0.00M | Scene, ViewLayer | Synchronizing object | Shutter pressed sloping louvre blade.106
Fra:1 Mem:532.04M (Peak 532.04M) | Time:00:00.89 | Mem:0.00M, Peak:0.00M | Scene, ViewLayer | Synchronizing object | Shutter pressed sloping louvre blade.107
Fra:1 Mem:532.05M (Peak 532.05M) | Time:00:00.89 | Mem:0.00M, Peak:0.00M | Scene, ViewLayer | Synchronizing object | Shutter pressed sloping louvre blade.109
Fra:1 Mem:532.05M (Peak 532.05M) | Time:00:00.89 | Mem:0.00M, Peak:0.00M | Scene, ViewLayer | Synchronizing object | Window lower lock thumb tab.020
Fra:1 Mem:532.06M (Peak 532.06M) | Time:00:00.89 | Mem:0.00M, Peak:0.00M | Scene, ViewLayer | Synchronizing object | Rounded body aperture corner.021
Fra:1 Mem:532.06M (Peak 532.06M) | Time:00:00.89 | Mem:0.00M, Peak:0.00M | Scene, ViewLayer | Synchronizing object | Pressed window aperture corner infill.021
Fra:1 Mem:532.08M (Peak 532.08M) | Time:00:00.89 | Mem:0.00M, Peak:0.00M | Scene, ViewLayer | Synchronizing object | Window pressed reveal return.021
Fra:1 Mem:532.10M (Peak 532.10M) | Time:00:00.89 | Mem:0.00M, Peak:0.00M | Scene, ViewLayer | Synchronizing object | Continuous EPDM glazing gasket.021
Fra:1 Mem:532.11M (Peak 532.11M) | Time:00:00.89 | Mem:0.00M, Peak:0.00M | Scene, ViewLayer | Synchronizing object | Anodised window frame extrusion.021
Fra:1 Mem:532.12M (Peak 532.12M) | Time:00:00.89 | Mem:0.00M, Peak:0.00M | Scene, ViewLayer | Synchronizing object | Raised glass exposed lower strip.021
Fra:1 Mem:532.16M (Peak 532.16M) | Time:00:00.89 | Mem:0.00M, Peak:0.00M | Scene, ViewLayer | Synchronizing object | Raised glass lower rail.021
Fra:1 Mem:532.16M (Peak 532.16M) | Time:00:00.89 | Mem:0.00M, Peak:0.00M | Scene, ViewLayer | Synchronizing object | Interior rounded window sill.021
Fra:1 Mem:532.17M (Peak 532.17M) | Time:00:00.89 | Mem:0.00M, Peak:0.00M | Scene, ViewLayer | Synchronizing object | Window satin steel security bar.105
Fra:1 Mem:532.18M (Peak 532.18M) | Time:00:00.89 | Mem:0.00M, Peak:0.00M | Scene, ViewLayer | Synchronizing object | Window satin steel security bar.106
Fra:1 Mem:532.18M (Peak 532.18M) | Time:00:00.89 | Mem:0.00M, Peak:0.00M | Scene, ViewLayer | Synchronizing object | Window satin steel security bar.107
Fra:1 Mem:532.18M (Peak 532.18M) | Time:00:00.89 | Mem:0.00M, Peak:0.00M | Scene, ViewLayer | Synchronizing object | Window satin steel security bar.109
Fra:1 Mem:532.19M (Peak 532.19M) | Time:00:00.89 | Mem:0.00M, Peak:0.00M | Scene, ViewLayer | Synchronizing object | Sliding shutter guide channel.042
Fra:1 Mem:532.19M (Peak 532.19M) | Time:00:00.89 | Mem:0.00M, Peak:0.00M | Scene, ViewLayer | Synchronizing object | Sliding shutter guide channel.043
Fra:1 Mem:532.20M (Peak 532.20M) | Time:00:00.89 | Mem:0.00M, Peak:0.00M | Scene, ViewLayer | Synchronizing object | Louvred shutter side stile.084
Fra:1 Mem:532.21M (Peak 532.21M) | Time:00:00.89 | Mem:0.00M, Peak:0.00M | Scene, ViewLayer | Synchronizing object | Louvred shutter side stile.085
Fra:1 Mem:532.22M (Peak 532.22M) | Time:00:00.89 | Mem:0.00M, Peak:0.00M | Scene, ViewLayer | Synchronizing object | Louvred shutter end rail.084
Fra:1 Mem:532.22M (Peak 532.22M) | Time:00:00.89 | Mem:0.00M, Peak:0.00M | Scene, ViewLayer | Synchronizing object | Louvred shutter end rail.085
Fra:1 Mem:532.23M (Peak 532.23M) | Time:00:00.89 | Mem:0.00M, Peak:0.00M | Scene, ViewLayer | Synchronizing object | Shutter pressed sloping louvre blade.110
Fra:1 Mem:532.24M (Peak 532.24M) | Time:00:00.89 | Mem:0.00M, Peak:0.00M | Scene, ViewLayer | Synchronizing object | Shutter lift recessed grip.042
Fra:1 Mem:532.24M (Peak 532.24M) | Time:00:00.89 | Mem:0.00M, Peak:0.00M | Scene, ViewLayer | Synchronizing object | Louvred shutter side stile.087
Fra:1 Mem:532.27M (Peak 532.27M) | Time:00:00.89 | Mem:0.00M, Peak:0.00M | Scene, ViewLayer | Synchronizing object | Louvred shutter end rail.086
Fra:1 Mem:532.27M (Peak 532.27M) | Time:00:00.89 | Mem:0.00M, Peak:0.00M | Scene, ViewLayer | Synchronizing object | Louvred shutter end rail.087
Fra:1 Mem:532.27M (Peak 532.27M) | Time:00:00.89 | Mem:0.00M, Peak:0.00M | Scene, ViewLayer | Synchronizing object | Shutter pressed sloping louvre blade.111
Fra:1 Mem:532.29M (Peak 532.29M) | Time:00:00.89 | Mem:0.00M, Peak:0.00M | Scene, ViewLayer | Synchronizing object | Shutter lift recessed grip.043
Fra:1 Mem:532.29M (Peak 532.29M) | Time:00:00.89 | Mem:0.00M, Peak:0.00M | Scene, ViewLayer | Synchronizing object | Rounded body aperture corner.022
Fra:1 Mem:532.32M (Peak 532.32M) | Time:00:00.89 | Mem:0.00M, Peak:0.00M | Scene, ViewLayer | Synchronizing object | Pressed window aperture corner infill.022
Fra:1 Mem:532.33M (Peak 532.33M) | Time:00:00.89 | Mem:0.00M, Peak:0.00M | Scene, ViewLayer | Synchronizing object | Window pressed reveal return.022
Fra:1 Mem:532.34M (Peak 532.34M) | Time:00:00.89 | Mem:0.00M, Peak:0.00M | Scene, ViewLayer | Synchronizing object | Continuous EPDM glazing gasket.022
Fra:1 Mem:532.34M (Peak 532.34M) | Time:00:00.89 | Mem:0.00M, Peak:0.00M | Scene, ViewLayer | Synchronizing object | Anodised window frame extrusion.022
Fra:1 Mem:532.36M (Peak 532.36M) | Time:00:00.89 | Mem:0.00M, Peak:0.00M | Scene, ViewLayer | Synchronizing object | Raised glass exposed lower strip.022
Fra:1 Mem:532.39M (Peak 532.39M) | Time:00:00.89 | Mem:0.00M, Peak:0.00M | Scene, ViewLayer | Synchronizing object | Raised glass lower rail.022
Fra:1 Mem:532.39M (Peak 532.39M) | Time:00:00.89 | Mem:0.00M, Peak:0.00M | Scene, ViewLayer | Synchronizing object | Interior rounded window sill.022
Fra:1 Mem:532.41M (Peak 532.41M) | Time:00:00.89 | Mem:0.00M, Peak:0.00M | Scene, ViewLayer | Synchronizing object | Window satin steel security bar.110
Fra:1 Mem:532.42M (Peak 532.42M) | Time:00:00.89 | Mem:0.00M, Peak:0.00M | Scene, ViewLayer | Synchronizing object | Window satin steel security bar.111
Fra:1 Mem:532.42M (Peak 532.42M) | Time:00:00.89 | Mem:0.00M, Peak:0.00M | Scene, ViewLayer | Synchronizing object | Window satin steel security bar.113
Fra:1 Mem:532.43M (Peak 532.43M) | Time:00:00.89 | Mem:0.00M, Peak:0.00M | Scene, ViewLayer | Synchronizing object | Window satin steel security bar.114
Fra:1 Mem:532.44M (Peak 532.44M) | Time:00:00.89 | Mem:0.00M, Peak:0.00M | Scene, ViewLayer | Synchronizing object | Sliding shutter guide channel.045
Fra:1 Mem:532.43M (Peak 532.44M) | Time:00:00.89 | Mem:0.00M, Peak:0.00M | Scene, ViewLayer | Synchronizing object | Louvred shutter side stile.088
Fra:1 Mem:532.46M (Peak 532.46M) | Time:00:00.89 | Mem:0.00M, Peak:0.00M | Scene, ViewLayer | Synchronizing object | Louvred shutter side stile.089
Fra:1 Mem:532.46M (Peak 532.46M) | Time:00:00.89 | Mem:0.00M, Peak:0.00M | Scene, ViewLayer | Synchronizing object | Louvred shutter end rail.088
Fra:1 Mem:532.47M (Peak 532.47M) | Time:00:00.89 | Mem:0.00M, Peak:0.00M | Scene, ViewLayer | Synchronizing object | Louvred shutter end rail.089
Fra:1 Mem:532.47M (Peak 532.47M) | Time:00:00.89 | Mem:0.00M, Peak:0.00M | Scene, ViewLayer | Synchronizing object | Shutter lift recessed grip.044
Fra:1 Mem:532.49M (Peak 532.49M) | Time:00:00.89 | Mem:0.00M, Peak:0.00M | Scene, ViewLayer | Synchronizing object | Louvred shutter side stile.090
Fra:1 Mem:532.49M (Peak 532.49M) | Time:00:00.89 | Mem:0.00M, Peak:0.00M | Scene, ViewLayer | Synchronizing object | Louvred shutter side stile.091
Fra:1 Mem:532.51M (Peak 532.51M) | Time:00:00.89 | Mem:0.00M, Peak:0.00M | Scene, ViewLayer | Synchronizing object | Louvred shutter end rail.090
Fra:1 Mem:532.51M (Peak 532.51M) | Time:00:00.89 | Mem:0.00M, Peak:0.00M | Scene, ViewLayer | Synchronizing object | Louvred shutter end rail.091
Fra:1 Mem:532.51M (Peak 532.51M) | Time:00:00.89 | Mem:0.00M, Peak:0.00M | Scene, ViewLayer | Synchronizing object | Shutter pressed sloping louvre blade.113
Fra:1 Mem:532.53M (Peak 532.53M) | Time:00:00.89 | Mem:0.00M, Peak:0.00M | Scene, ViewLayer | Synchronizing object | Shutter lift recessed grip.045
Fra:1 Mem:532.53M (Peak 532.53M) | Time:00:00.89 | Mem:0.00M, Peak:0.00M | Scene, ViewLayer | Synchronizing object | Window lower lock thumb tab.022
Fra:1 Mem:532.55M (Peak 532.55M) | Time:00:00.89 | Mem:0.00M, Peak:0.00M | Scene, ViewLayer | Synchronizing object | Pressed window aperture corner infill.023
Fra:1 Mem:532.57M (Peak 532.57M) | Time:00:00.89 | Mem:0.00M, Peak:0.00M | Scene, ViewLayer | Synchronizing object | Window pressed reveal return.023
Fra:1 Mem:532.57M (Peak 532.57M) | Time:00:00.89 | Mem:0.00M, Peak:0.00M | Scene, ViewLayer | Synchronizing object | Anodised window frame extrusion.023
Fra:1 Mem:532.60M (Peak 532.60M) | Time:00:00.89 | Mem:0.00M, Peak:0.00M | Scene, ViewLayer | Synchronizing object | Raised glass exposed lower strip.023
Fra:1 Mem:532.61M (Peak 532.61M) | Time:00:00.89 | Mem:0.00M, Peak:0.00M | Scene, ViewLayer | Synchronizing object | Raised glass lower rail.023
Fra:1 Mem:532.61M (Peak 532.61M) | Time:00:00.89 | Mem:0.00M, Peak:0.00M | Scene, ViewLayer | Synchronizing object | Interior rounded window sill.023
Fra:1 Mem:532.63M (Peak 532.63M) | Time:00:00.89 | Mem:0.00M, Peak:0.00M | Scene, ViewLayer | Synchronizing object | Window satin steel security bar.115
Fra:1 Mem:532.63M (Peak 532.63M) | Time:00:00.89 | Mem:0.00M, Peak:0.00M | Scene, ViewLayer | Synchronizing object | Window satin steel security bar.116
Fra:1 Mem:532.64M (Peak 532.64M) | Time:00:00.89 | Mem:0.00M, Peak:0.00M | Scene, ViewLayer | Synchronizing object | Window satin steel security bar.117
Fra:1 Mem:532.64M (Peak 532.64M) | Time:00:00.89 | Mem:0.00M, Peak:0.00M | Scene, ViewLayer | Synchronizing object | Window satin steel security bar.118
Fra:1 Mem:532.64M (Peak 532.64M) | Time:00:00.89 | Mem:0.00M, Peak:0.00M | Scene, ViewLayer | Synchronizing object | Window satin steel security bar.119
Fra:1 Mem:532.65M (Peak 532.65M) | Time:00:00.89 | Mem:0.00M, Peak:0.00M | Scene, ViewLayer | Synchronizing object | Sliding shutter guide channel.046
Fra:1 Mem:532.66M (Peak 532.66M) | Time:00:00.89 | Mem:0.00M, Peak:0.00M | Scene, ViewLayer | Synchronizing object | Sliding shutter guide channel.047
Fra:1 Mem:532.67M (Peak 532.67M) | Time:00:00.89 | Mem:0.00M, Peak:0.00M | Scene, ViewLayer | Synchronizing object | Louvred shutter side stile.092
Fra:1 Mem:532.69M (Peak 532.69M) | Time:00:00.89 | Mem:0.00M, Peak:0.00M | Scene, ViewLayer | Synchronizing object | Louvred shutter side stile.093
Fra:1 Mem:532.70M (Peak 532.70M) | Time:00:00.89 | Mem:0.00M, Peak:0.00M | Scene, ViewLayer | Synchronizing object | Louvred shutter end rail.092
Fra:1 Mem:532.70M (Peak 532.70M) | Time:00:00.89 | Mem:0.00M, Peak:0.00M | Scene, ViewLayer | Synchronizing object | Louvred shutter end rail.093
Fra:1 Mem:532.71M (Peak 532.71M) | Time:00:00.89 | Mem:0.00M, Peak:0.00M | Scene, ViewLayer | Synchronizing object | Shutter pressed sloping louvre blade.114
Fra:1 Mem:532.72M (Peak 532.72M) | Time:00:00.89 | Mem:0.00M, Peak:0.00M | Scene, ViewLayer | Synchronizing object | Shutter pressed sloping louvre blade.115
Fra:1 Mem:532.72M (Peak 532.72M) | Time:00:00.89 | Mem:0.00M, Peak:0.00M | Scene, ViewLayer | Synchronizing object | Shutter pressed sloping louvre blade.116
Fra:1 Mem:532.72M (Peak 532.72M) | Time:00:00.89 | Mem:0.00M, Peak:0.00M | Scene, ViewLayer | Synchronizing object | Shutter pressed sloping louvre blade.117
Fra:1 Mem:532.72M (Peak 532.72M) | Time:00:00.89 | Mem:0.00M, Peak:0.00M | Scene, ViewLayer | Synchronizing object | Shutter pressed sloping louvre blade.118
Fra:1 Mem:532.72M (Peak 532.72M) | Time:00:00.89 | Mem:0.00M, Peak:0.00M | Scene, ViewLayer | Synchronizing object | Shutter pressed sloping louvre blade.120
Fra:1 Mem:532.73M (Peak 532.73M) | Time:00:00.89 | Mem:0.00M, Peak:0.00M | Scene, ViewLayer | Synchronizing object | Shutter pressed sloping louvre blade.121
Fra:1 Mem:532.73M (Peak 532.73M) | Time:00:00.89 | Mem:0.00M, Peak:0.00M | Scene, ViewLayer | Synchronizing object | Shutter pressed sloping louvre blade.123
Fra:1 Mem:532.73M (Peak 532.73M) | Time:00:00.89 | Mem:0.00M, Peak:0.00M | Scene, ViewLayer | Synchronizing object | Shutter lift recessed grip.046
Fra:1 Mem:532.74M (Peak 532.74M) | Time:00:00.89 | Mem:0.00M, Peak:0.00M | Scene, ViewLayer | Synchronizing object | Louvred shutter side stile.094
Fra:1 Mem:532.74M (Peak 532.74M) | Time:00:00.89 | Mem:0.00M, Peak:0.00M | Scene, ViewLayer | Synchronizing object | Louvred shutter side stile.095
Fra:1 Mem:532.75M (Peak 532.75M) | Time:00:00.89 | Mem:0.00M, Peak:0.00M | Scene, ViewLayer | Synchronizing object | Louvred shutter end rail.094
Fra:1 Mem:532.76M (Peak 532.76M) | Time:00:00.89 | Mem:0.00M, Peak:0.00M | Scene, ViewLayer | Synchronizing object | Louvred shutter end rail.095
Fra:1 Mem:532.77M (Peak 532.77M) | Time:00:00.89 | Mem:0.00M, Peak:0.00M | Scene, ViewLayer | Synchronizing object | Shutter pressed sloping louvre blade.124
Fra:1 Mem:532.78M (Peak 532.78M) | Time:00:00.89 | Mem:0.00M, Peak:0.00M | Scene, ViewLayer | Synchronizing object | Shutter pressed sloping louvre blade.125
Fra:1 Mem:532.78M (Peak 532.78M) | Time:00:00.89 | Mem:0.00M, Peak:0.00M | Scene, ViewLayer | Synchronizing object | Shutter pressed sloping louvre blade.126
Fra:1 Mem:532.78M (Peak 532.78M) | Time:00:00.89 | Mem:0.00M, Peak:0.00M | Scene, ViewLayer | Synchronizing object | Shutter pressed sloping louvre blade.128
Fra:1 Mem:532.78M (Peak 532.78M) | Time:00:00.89 | Mem:0.00M, Peak:0.00M | Scene, ViewLayer | Synchronizing object | Shutter pressed sloping louvre blade.129
Fra:1 Mem:532.78M (Peak 532.78M) | Time:00:00.89 | Mem:0.00M, Peak:0.00M | Scene, ViewLayer | Synchronizing object | Shutter pressed sloping louvre blade.130
Fra:1 Mem:532.78M (Peak 532.78M) | Time:00:00.89 | Mem:0.00M, Peak:0.00M | Scene, ViewLayer | Synchronizing object | Shutter pressed sloping louvre blade.132
Fra:1 Mem:532.79M (Peak 532.79M) | Time:00:00.89 | Mem:0.00M, Peak:0.00M | Scene, ViewLayer | Synchronizing object | Shutter pressed sloping louvre blade.133
Fra:1 Mem:532.79M (Peak 532.79M) | Time:00:00.89 | Mem:0.00M, Peak:0.00M | Scene, ViewLayer | Synchronizing object | Window lower lock thumb tab.023
Fra:1 Mem:532.80M (Peak 532.80M) | Time:00:00.89 | Mem:0.00M, Peak:0.00M | Scene, ViewLayer | Synchronizing object | Rounded body aperture corner.024
Fra:1 Mem:532.81M (Peak 532.81M) | Time:00:00.89 | Mem:0.00M, Peak:0.00M | Scene, ViewLayer | Synchronizing object | Pressed window aperture corner infill.024
Fra:1 Mem:532.82M (Peak 532.82M) | Time:00:00.89 | Mem:0.00M, Peak:0.00M | Scene, ViewLayer | Synchronizing object | Window pressed reveal return.024
Fra:1 Mem:532.84M (Peak 532.84M) | Time:00:00.89 | Mem:0.00M, Peak:0.00M | Scene, ViewLayer | Synchronizing object | Continuous EPDM glazing gasket.024
Fra:1 Mem:532.85M (Peak 532.85M) | Time:00:00.89 | Mem:0.00M, Peak:0.00M | Scene, ViewLayer | Synchronizing object | Anodised window frame extrusion.024
Fra:1 Mem:532.85M (Peak 532.85M) | Time:00:00.89 | Mem:0.00M, Peak:0.00M | Scene, ViewLayer | Synchronizing object | Raised glass exposed lower strip.024
Fra:1 Mem:532.89M (Peak 532.89M) | Time:00:00.89 | Mem:0.00M, Peak:0.00M | Scene, ViewLayer | Synchronizing object | Raised glass lower rail.024
Fra:1 Mem:532.90M (Peak 532.90M) | Time:00:00.89 | Mem:0.00M, Peak:0.00M | Scene, ViewLayer | Synchronizing object | Window satin steel security bar.120
Fra:1 Mem:532.91M (Peak 532.91M) | Time:00:00.89 | Mem:0.00M, Peak:0.00M | Scene, ViewLayer | Synchronizing object | Window satin steel security bar.121
Fra:1 Mem:532.92M (Peak 532.92M) | Time:00:00.89 | Mem:0.00M, Peak:0.00M | Scene, ViewLayer | Synchronizing object | Window satin steel security bar.122
Fra:1 Mem:532.92M (Peak 532.92M) | Time:00:00.89 | Mem:0.00M, Peak:0.00M | Scene, ViewLayer | Synchronizing object | Window satin steel security bar.123
Fra:1 Mem:532.92M (Peak 532.92M) | Time:00:00.89 | Mem:0.00M, Peak:0.00M | Scene, ViewLayer | Synchronizing object | Sliding shutter guide channel.048
Fra:1 Mem:532.94M (Peak 532.94M) | Time:00:00.89 | Mem:0.00M, Peak:0.00M | Scene, ViewLayer | Synchronizing object | Sliding shutter guide channel.049
Fra:1 Mem:532.94M (Peak 532.94M) | Time:00:00.89 | Mem:0.00M, Peak:0.00M | Scene, ViewLayer | Synchronizing object | Louvred shutter side stile.096
Fra:1 Mem:532.94M (Peak 532.94M) | Time:00:00.89 | Mem:0.00M, Peak:0.00M | Scene, ViewLayer | Synchronizing object | Louvred shutter side stile.097
Fra:1 Mem:532.96M (Peak 532.96M) | Time:00:00.89 | Mem:0.00M, Peak:0.00M | Scene, ViewLayer | Synchronizing object | Louvred shutter end rail.096
Fra:1 Mem:532.97M (Peak 532.97M) | Time:00:00.89 | Mem:0.00M, Peak:0.00M | Scene, ViewLayer | Synchronizing object | Louvred shutter end rail.097
Fra:1 Mem:532.97M (Peak 532.97M) | Time:00:00.89 | Mem:0.00M, Peak:0.00M | Scene, ViewLayer | Synchronizing object | Shutter pressed sloping louvre blade.134
Fra:1 Mem:532.98M (Peak 532.98M) | Time:00:00.89 | Mem:0.00M, Peak:0.00M | Scene, ViewLayer | Synchronizing object | Shutter lift recessed grip.048
Fra:1 Mem:532.98M (Peak 532.98M) | Time:00:00.89 | Mem:0.00M, Peak:0.00M | Scene, ViewLayer | Synchronizing object | Louvred shutter side stile.098
Fra:1 Mem:532.99M (Peak 532.99M) | Time:00:00.89 | Mem:0.00M, Peak:0.00M | Scene, ViewLayer | Synchronizing object | Louvred shutter side stile.099
Fra:1 Mem:533.01M (Peak 533.01M) | Time:00:00.89 | Mem:0.00M, Peak:0.00M | Scene, ViewLayer | Synchronizing object | Louvred shutter end rail.098
Fra:1 Mem:533.01M (Peak 533.01M) | Time:00:00.89 | Mem:0.00M, Peak:0.00M | Scene, ViewLayer | Synchronizing object | Shutter pressed sloping louvre blade.135
Fra:1 Mem:533.02M (Peak 533.02M) | Time:00:00.89 | Mem:0.00M, Peak:0.00M | Scene, ViewLayer | Synchronizing object | Shutter lift recessed grip.049
Fra:1 Mem:533.03M (Peak 533.03M) | Time:00:00.89 | Mem:0.00M, Peak:0.00M | Scene, ViewLayer | Synchronizing object | Window lower lock thumb tab.024
Fra:1 Mem:533.03M (Peak 533.03M) | Time:00:00.89 | Mem:0.00M, Peak:0.00M | Scene, ViewLayer | Synchronizing object | Rounded body aperture corner.025
Fra:1 Mem:533.04M (Peak 533.04M) | Time:00:00.89 | Mem:0.00M, Peak:0.00M | Scene, ViewLayer | Synchronizing object | Pressed window aperture corner infill.025
Fra:1 Mem:533.06M (Peak 533.06M) | Time:00:00.89 | Mem:0.00M, Peak:0.00M | Scene, ViewLayer | Synchronizing object | Window pressed reveal return.025
Fra:1 Mem:533.07M (Peak 533.07M) | Time:00:00.89 | Mem:0.00M, Peak:0.00M | Scene, ViewLayer | Synchronizing object | Continuous EPDM glazing gasket.025
Fra:1 Mem:533.09M (Peak 533.09M) | Time:00:00.89 | Mem:0.00M, Peak:0.00M | Scene, ViewLayer | Synchronizing object | Anodised window frame extrusion.025
Fra:1 Mem:533.10M (Peak 533.10M) | Time:00:00.89 | Mem:0.00M, Peak:0.00M | Scene, ViewLayer | Synchronizing object | Raised glass exposed lower strip.025
Fra:1 Mem:533.13M (Peak 533.13M) | Time:00:00.89 | Mem:0.00M, Peak:0.00M | Scene, ViewLayer | Synchronizing object | Raised glass lower rail.025
Fra:1 Mem:533.14M (Peak 533.14M) | Time:00:00.89 | Mem:0.00M, Peak:0.00M | Scene, ViewLayer | Synchronizing object | Interior rounded window sill.025
Fra:1 Mem:533.14M (Peak 533.14M) | Time:00:00.89 | Mem:0.00M, Peak:0.00M | Scene, ViewLayer | Synchronizing object | Window satin steel security bar.125
Fra:1 Mem:533.15M (Peak 533.15M) | Time:00:00.89 | Mem:0.00M, Peak:0.00M | Scene, ViewLayer | Synchronizing object | Window satin steel security bar.126
Fra:1 Mem:533.16M (Peak 533.16M) | Time:00:00.89 | Mem:0.00M, Peak:0.00M | Scene, ViewLayer | Synchronizing object | Window satin steel security bar.127
Fra:1 Mem:533.16M (Peak 533.16M) | Time:00:00.89 | Mem:0.00M, Peak:0.00M | Scene, ViewLayer | Synchronizing object | Window satin steel security bar.128
Fra:1 Mem:533.18M (Peak 533.18M) | Time:00:00.89 | Mem:0.00M, Peak:0.00M | Scene, ViewLayer | Synchronizing object | Window satin steel security bar.129
Fra:1 Mem:533.17M (Peak 533.18M) | Time:00:00.89 | Mem:0.00M, Peak:0.00M | Scene, ViewLayer | Synchronizing object | Sliding shutter guide channel.051
Fra:1 Mem:533.17M (Peak 533.18M) | Time:00:00.89 | Mem:0.00M, Peak:0.00M | Scene, ViewLayer | Synchronizing object | Louvred shutter side stile.100
Fra:1 Mem:533.19M (Peak 533.19M) | Time:00:00.89 | Mem:0.00M, Peak:0.00M | Scene, ViewLayer | Synchronizing object | Louvred shutter side stile.101
Fra:1 Mem:533.19M (Peak 533.19M) | Time:00:00.89 | Mem:0.00M, Peak:0.00M | Scene, ViewLayer | Synchronizing object | Louvred shutter end rail.101
Fra:1 Mem:533.22M (Peak 533.22M) | Time:00:00.89 | Mem:0.00M, Peak:0.00M | Scene, ViewLayer | Synchronizing object | Shutter pressed sloping louvre blade.136
Fra:1 Mem:533.22M (Peak 533.22M) | Time:00:00.89 | Mem:0.00M, Peak:0.00M | Scene, ViewLayer | Synchronizing object | Shutter pressed sloping louvre blade.137
Fra:1 Mem:533.22M (Peak 533.22M) | Time:00:00.89 | Mem:0.00M, Peak:0.00M | Scene, ViewLayer | Synchronizing object | Shutter pressed sloping louvre blade.138
Fra:1 Mem:533.22M (Peak 533.22M) | Time:00:00.89 | Mem:0.00M, Peak:0.00M | Scene, ViewLayer | Synchronizing object | Louvred shutter side stile.102
Fra:1 Mem:533.24M (Peak 533.24M) | Time:00:00.89 | Mem:0.00M, Peak:0.00M | Scene, ViewLayer | Synchronizing object | Louvred shutter side stile.103
Fra:1 Mem:533.24M (Peak 533.24M) | Time:00:00.89 | Mem:0.00M, Peak:0.00M | Scene, ViewLayer | Synchronizing object | Louvred shutter end rail.102
Fra:1 Mem:533.24M (Peak 533.24M) | Time:00:00.89 | Mem:0.00M, Peak:0.00M | Scene, ViewLayer | Synchronizing object | Louvred shutter end rail.103
Fra:1 Mem:533.27M (Peak 533.27M) | Time:00:00.89 | Mem:0.00M, Peak:0.00M | Scene, ViewLayer | Synchronizing object | Shutter pressed sloping louvre blade.139
Fra:1 Mem:533.27M (Peak 533.27M) | Time:00:00.89 | Mem:0.00M, Peak:0.00M | Scene, ViewLayer | Synchronizing object | Shutter pressed sloping louvre blade.141
Fra:1 Mem:533.27M (Peak 533.27M) | Time:00:00.89 | Mem:0.00M, Peak:0.00M | Scene, ViewLayer | Synchronizing object | Window lower lock thumb tab.025
Fra:1 Mem:533.27M (Peak 533.27M) | Time:00:00.89 | Mem:0.00M, Peak:0.00M | Scene, ViewLayer | Synchronizing object | Rounded body aperture corner.026
Fra:1 Mem:533.30M (Peak 533.30M) | Time:00:00.89 | Mem:0.00M, Peak:0.00M | Scene, ViewLayer | Synchronizing object | Pressed window aperture corner infill.026
Fra:1 Mem:533.31M (Peak 533.31M) | Time:00:00.89 | Mem:0.00M, Peak:0.00M | Scene, ViewLayer | Synchronizing object | Window pressed reveal return.026
Fra:1 Mem:533.31M (Peak 533.31M) | Time:00:00.89 | Mem:0.00M, Peak:0.00M | Scene, ViewLayer | Synchronizing object | Continuous EPDM glazing gasket.026
Fra:1 Mem:533.34M (Peak 533.34M) | Time:00:00.89 | Mem:0.00M, Peak:0.00M | Scene, ViewLayer | Synchronizing object | Anodised window frame extrusion.026
Fra:1 Mem:533.35M (Peak 533.35M) | Time:00:00.89 | Mem:0.00M, Peak:0.00M | Scene, ViewLayer | Synchronizing object | Raised glass exposed lower strip.026
Fra:1 Mem:533.38M (Peak 533.38M) | Time:00:00.89 | Mem:0.00M, Peak:0.00M | Scene, ViewLayer | Synchronizing object | Raised glass lower rail.026
Fra:1 Mem:533.38M (Peak 533.38M) | Time:00:00.89 | Mem:0.00M, Peak:0.00M | Scene, ViewLayer | Synchronizing object | Interior rounded window sill.026
Fra:1 Mem:533.39M (Peak 533.39M) | Time:00:00.89 | Mem:0.00M, Peak:0.00M | Scene, ViewLayer | Synchronizing object | Window satin steel security bar.130
Fra:1 Mem:533.40M (Peak 533.40M) | Time:00:00.89 | Mem:0.00M, Peak:0.00M | Scene, ViewLayer | Synchronizing object | Window satin steel security bar.131
Fra:1 Mem:533.40M (Peak 533.40M) | Time:00:00.89 | Mem:0.00M, Peak:0.00M | Scene, ViewLayer | Synchronizing object | Window satin steel security bar.133
Fra:1 Mem:533.41M (Peak 533.41M) | Time:00:00.89 | Mem:0.00M, Peak:0.00M | Scene, ViewLayer | Synchronizing object | Window satin steel security bar.134
Fra:1 Mem:533.41M (Peak 533.41M) | Time:00:00.89 | Mem:0.00M, Peak:0.00M | Scene, ViewLayer | Synchronizing object | Sliding shutter guide channel.052
Fra:1 Mem:533.42M (Peak 533.42M) | Time:00:00.89 | Mem:0.00M, Peak:0.00M | Scene, ViewLayer | Synchronizing object | Sliding shutter guide channel.053
Fra:1 Mem:533.42M (Peak 533.42M) | Time:00:00.89 | Mem:0.00M, Peak:0.00M | Scene, ViewLayer | Synchronizing object | Louvred shutter side stile.105
Fra:1 Mem:533.45M (Peak 533.45M) | Time:00:00.89 | Mem:0.00M, Peak:0.00M | Scene, ViewLayer | Synchronizing object | Louvred shutter end rail.104
Fra:1 Mem:533.45M (Peak 533.45M) | Time:00:00.89 | Mem:0.00M, Peak:0.00M | Scene, ViewLayer | Synchronizing object | Louvred shutter end rail.105
Fra:1 Mem:533.46M (Peak 533.46M) | Time:00:00.89 | Mem:0.00M, Peak:0.00M | Scene, ViewLayer | Synchronizing object | Shutter pressed sloping louvre blade.142
Fra:1 Mem:533.46M (Peak 533.46M) | Time:00:00.89 | Mem:0.00M, Peak:0.00M | Scene, ViewLayer | Synchronizing object | Shutter lift recessed grip.052
Fra:1 Mem:533.47M (Peak 533.47M) | Time:00:00.89 | Mem:0.00M, Peak:0.00M | Scene, ViewLayer | Synchronizing object | Louvred shutter side stile.106
Fra:1 Mem:533.47M (Peak 533.48M) | Time:00:00.89 | Mem:0.00M, Peak:0.00M | Scene, ViewLayer | Synchronizing object | Louvred shutter side stile.107
Fra:1 Mem:533.49M (Peak 533.49M) | Time:00:00.89 | Mem:0.00M, Peak:0.00M | Scene, ViewLayer | Synchronizing object | Louvred shutter end rail.106
Fra:1 Mem:533.50M (Peak 533.50M) | Time:00:00.89 | Mem:0.00M, Peak:0.00M | Scene, ViewLayer | Synchronizing object | Louvred shutter end rail.107
Fra:1 Mem:533.50M (Peak 533.50M) | Time:00:00.89 | Mem:0.00M, Peak:0.00M | Scene, ViewLayer | Synchronizing object | Shutter pressed sloping louvre blade.143
Fra:1 Mem:533.51M (Peak 533.51M) | Time:00:00.89 | Mem:0.00M, Peak:0.00M | Scene, ViewLayer | Synchronizing object | Shutter lift recessed grip.053
Fra:1 Mem:533.51M (Peak 533.51M) | Time:00:00.89 | Mem:0.00M, Peak:0.00M | Scene, ViewLayer | Synchronizing object | Window lower lock thumb tab.026
Fra:1 Mem:533.53M (Peak 533.53M) | Time:00:00.89 | Mem:0.00M, Peak:0.00M | Scene, ViewLayer | Synchronizing object | Rounded body aperture corner.027
Fra:1 Mem:533.53M (Peak 533.53M) | Time:00:00.89 | Mem:0.00M, Peak:0.00M | Scene, ViewLayer | Synchronizing object | Window pressed reveal return.027
Fra:1 Mem:533.56M (Peak 533.56M) | Time:00:00.89 | Mem:0.00M, Peak:0.00M | Scene, ViewLayer | Synchronizing object | Continuous EPDM glazing gasket.027
Fra:1 Mem:533.57M (Peak 533.57M) | Time:00:00.89 | Mem:0.00M, Peak:0.00M | Scene, ViewLayer | Synchronizing object | Anodised window frame extrusion.027
Fra:1 Mem:533.58M (Peak 533.58M) | Time:00:00.89 | Mem:0.00M, Peak:0.00M | Scene, ViewLayer | Synchronizing object | Raised glass exposed lower strip.027
Fra:1 Mem:533.62M (Peak 533.62M) | Time:00:00.89 | Mem:0.00M, Peak:0.00M | Scene, ViewLayer | Synchronizing object | Raised glass lower rail.027
Fra:1 Mem:533.62M (Peak 533.62M) | Time:00:00.89 | Mem:0.00M, Peak:0.00M | Scene, ViewLayer | Synchronizing object | Interior rounded window sill.027
Fra:1 Mem:533.62M (Peak 533.62M) | Time:00:00.89 | Mem:0.00M, Peak:0.00M | Scene, ViewLayer | Synchronizing object | Window satin steel security bar.135
Fra:1 Mem:533.64M (Peak 533.64M) | Time:00:00.89 | Mem:0.00M, Peak:0.00M | Scene, ViewLayer | Synchronizing object | Window satin steel security bar.136
Fra:1 Mem:533.64M (Peak 533.64M) | Time:00:00.89 | Mem:0.00M, Peak:0.00M | Scene, ViewLayer | Synchronizing object | Window satin steel security bar.138
Fra:1 Mem:533.65M (Peak 533.65M) | Time:00:00.89 | Mem:0.00M, Peak:0.00M | Scene, ViewLayer | Synchronizing object | Window satin steel security bar.139
Fra:1 Mem:533.65M (Peak 533.65M) | Time:00:00.89 | Mem:0.00M, Peak:0.00M | Scene, ViewLayer | Synchronizing object | Sliding shutter guide channel.055
Fra:1 Mem:533.67M (Peak 533.67M) | Time:00:00.89 | Mem:0.00M, Peak:0.00M | Scene, ViewLayer | Synchronizing object | Louvred shutter side stile.108
Fra:1 Mem:533.68M (Peak 533.68M) | Time:00:00.89 | Mem:0.00M, Peak:0.00M | Scene, ViewLayer | Synchronizing object | Louvred shutter side stile.109
Fra:1 Mem:533.68M (Peak 533.68M) | Time:00:00.89 | Mem:0.00M, Peak:0.00M | Scene, ViewLayer | Synchronizing object | Louvred shutter end rail.108
Fra:1 Mem:533.69M (Peak 533.69M) | Time:00:00.89 | Mem:0.00M, Peak:0.00M | Scene, ViewLayer | Synchronizing object | Louvred shutter end rail.109
Fra:1 Mem:533.70M (Peak 533.70M) | Time:00:00.89 | Mem:0.00M, Peak:0.00M | Scene, ViewLayer | Synchronizing object | Shutter pressed sloping louvre blade.144
Fra:1 Mem:533.71M (Peak 533.71M) | Time:00:00.89 | Mem:0.00M, Peak:0.00M | Scene, ViewLayer | Synchronizing object | Shutter lift recessed grip.054
Fra:1 Mem:533.71M (Peak 533.71M) | Time:00:00.89 | Mem:0.00M, Peak:0.00M | Scene, ViewLayer | Synchronizing object | Louvred shutter side stile.110
Fra:1 Mem:533.71M (Peak 533.71M) | Time:00:00.89 | Mem:0.00M, Peak:0.00M | Scene, ViewLayer | Synchronizing object | Louvred shutter side stile.111
Fra:1 Mem:533.73M (Peak 533.73M) | Time:00:00.89 | Mem:0.00M, Peak:0.00M | Scene, ViewLayer | Synchronizing object | Louvred shutter end rail.110
Fra:1 Mem:533.73M (Peak 533.73M) | Time:00:00.89 | Mem:0.00M, Peak:0.00M | Scene, ViewLayer | Synchronizing object | Louvred shutter end rail.111
Fra:1 Mem:533.74M (Peak 533.74M) | Time:00:00.89 | Mem:0.00M, Peak:0.00M | Scene, ViewLayer | Synchronizing object | Shutter pressed sloping louvre blade.145
Fra:1 Mem:533.75M (Peak 533.75M) | Time:00:00.89 | Mem:0.00M, Peak:0.00M | Scene, ViewLayer | Synchronizing object | Shutter lift recessed grip.055
Fra:1 Mem:533.75M (Peak 533.75M) | Time:00:00.89 | Mem:0.00M, Peak:0.00M | Scene, ViewLayer | Synchronizing object | Window lower lock thumb tab.027
Fra:1 Mem:533.76M (Peak 533.76M) | Time:00:00.89 | Mem:0.00M, Peak:0.00M | Scene, ViewLayer | Synchronizing object | Rounded body aperture corner.028
Fra:1 Mem:533.77M (Peak 533.77M) | Time:00:00.89 | Mem:0.00M, Peak:0.00M | Scene, ViewLayer | Synchronizing object | Pressed window aperture corner infill.028
Fra:1 Mem:533.79M (Peak 533.79M) | Time:00:00.89 | Mem:0.00M, Peak:0.00M | Scene, ViewLayer | Synchronizing object | Window pressed reveal return.028
Fra:1 Mem:533.80M (Peak 533.80M) | Time:00:00.89 | Mem:0.00M, Peak:0.00M | Scene, ViewLayer | Synchronizing object | Continuous EPDM glazing gasket.028
Fra:1 Mem:533.81M (Peak 533.81M) | Time:00:00.89 | Mem:0.00M, Peak:0.00M | Scene, ViewLayer | Synchronizing object | Anodised window frame extrusion.028
Fra:1 Mem:533.82M (Peak 533.82M) | Time:00:00.89 | Mem:0.00M, Peak:0.00M | Scene, ViewLayer | Synchronizing object | Raised glass exposed lower strip.028
Fra:1 Mem:533.86M (Peak 533.86M) | Time:00:00.89 | Mem:0.00M, Peak:0.00M | Scene, ViewLayer | Synchronizing object | Raised glass lower rail.028
Fra:1 Mem:533.86M (Peak 533.86M) | Time:00:00.89 | Mem:0.00M, Peak:0.00M | Scene, ViewLayer | Synchronizing object | Interior rounded window sill.028
Fra:1 Mem:533.87M (Peak 533.87M) | Time:00:00.89 | Mem:0.00M, Peak:0.00M | Scene, ViewLayer | Synchronizing object | Window satin steel security bar.140
Fra:1 Mem:533.88M (Peak 533.88M) | Time:00:00.89 | Mem:0.00M, Peak:0.00M | Scene, ViewLayer | Synchronizing object | Window satin steel security bar.141
Fra:1 Mem:533.88M (Peak 533.88M) | Time:00:00.89 | Mem:0.00M, Peak:0.00M | Scene, ViewLayer | Synchronizing object | Window satin steel security bar.143
Fra:1 Mem:533.89M (Peak 533.89M) | Time:00:00.89 | Mem:0.00M, Peak:0.00M | Scene, ViewLayer | Synchronizing object | Window satin steel security bar.144
Fra:1 Mem:533.89M (Peak 533.89M) | Time:00:00.89 | Mem:0.00M, Peak:0.00M | Scene, ViewLayer | Synchronizing object | Sliding shutter guide channel.056
Fra:1 Mem:533.89M (Peak 533.89M) | Time:00:00.89 | Mem:0.00M, Peak:0.00M | Scene, ViewLayer | Synchronizing object | Sliding shutter guide channel.057
Fra:1 Mem:533.90M (Peak 533.90M) | Time:00:00.89 | Mem:0.00M, Peak:0.00M | Scene, ViewLayer | Synchronizing object | Louvred shutter side stile.112
Fra:1 Mem:533.92M (Peak 533.92M) | Time:00:00.89 | Mem:0.00M, Peak:0.00M | Scene, ViewLayer | Synchronizing object | Louvred shutter side stile.113
Fra:1 Mem:533.92M (Peak 533.92M) | Time:00:00.89 | Mem:0.00M, Peak:0.00M | Scene, ViewLayer | Synchronizing object | Louvred shutter end rail.112
Fra:1 Mem:533.93M (Peak 533.93M) | Time:00:00.89 | Mem:0.00M, Peak:0.00M | Scene, ViewLayer | Synchronizing object | Shutter pressed sloping louvre blade.146
Fra:1 Mem:533.94M (Peak 533.94M) | Time:00:00.89 | Mem:0.00M, Peak:0.00M | Scene, ViewLayer | Synchronizing object | Shutter lift recessed grip.056
Fra:1 Mem:533.94M (Peak 533.94M) | Time:00:00.89 | Mem:0.00M, Peak:0.00M | Scene, ViewLayer | Synchronizing object | Louvred shutter side stile.114
Fra:1 Mem:533.96M (Peak 533.96M) | Time:00:00.89 | Mem:0.00M, Peak:0.00M | Scene, ViewLayer | Synchronizing object | Louvred shutter side stile.115
Fra:1 Mem:533.97M (Peak 533.97M) | Time:00:00.89 | Mem:0.00M, Peak:0.00M | Scene, ViewLayer | Synchronizing object | Louvred shutter end rail.114
Fra:1 Mem:533.98M (Peak 533.98M) | Time:00:00.89 | Mem:0.00M, Peak:0.00M | Scene, ViewLayer | Synchronizing object | Louvred shutter end rail.115
Fra:1 Mem:533.98M (Peak 533.98M) | Time:00:00.89 | Mem:0.00M, Peak:0.00M | Scene, ViewLayer | Synchronizing object | Shutter pressed sloping louvre blade.147
Fra:1 Mem:533.99M (Peak 533.99M) | Time:00:00.89 | Mem:0.00M, Peak:0.00M | Scene, ViewLayer | Synchronizing object | Shutter lift recessed grip.057
Fra:1 Mem:534.00M (Peak 534.00M) | Time:00:00.89 | Mem:0.00M, Peak:0.00M | Scene, ViewLayer | Synchronizing object | Window lower lock thumb tab.028
Fra:1 Mem:534.00M (Peak 534.00M) | Time:00:00.89 | Mem:0.00M, Peak:0.00M | Scene, ViewLayer | Synchronizing object | Rounded body aperture corner.029
Fra:1 Mem:534.01M (Peak 534.01M) | Time:00:00.89 | Mem:0.00M, Peak:0.00M | Scene, ViewLayer | Synchronizing object | Pressed window aperture corner infill.029
Fra:1 Mem:534.03M (Peak 534.03M) | Time:00:00.89 | Mem:0.00M, Peak:0.00M | Scene, ViewLayer | Synchronizing object | Window pressed reveal return.029
Fra:1 Mem:534.04M (Peak 534.04M) | Time:00:00.89 | Mem:0.00M, Peak:0.00M | Scene, ViewLayer | Synchronizing object | Continuous EPDM glazing gasket.029
Fra:1 Mem:534.05M (Peak 534.05M) | Time:00:00.89 | Mem:0.00M, Peak:0.00M | Scene, ViewLayer | Synchronizing object | Anodised window frame extrusion.029
Fra:1 Mem:534.06M (Peak 534.06M) | Time:00:00.89 | Mem:0.00M, Peak:0.00M | Scene, ViewLayer | Synchronizing object | Raised glass exposed lower strip.029
Fra:1 Mem:534.10M (Peak 534.10M) | Time:00:00.89 | Mem:0.00M, Peak:0.00M | Scene, ViewLayer | Synchronizing object | Raised glass lower rail.029
Fra:1 Mem:534.10M (Peak 534.10M) | Time:00:00.89 | Mem:0.00M, Peak:0.00M | Scene, ViewLayer | Synchronizing object | Interior rounded window sill.029
Fra:1 Mem:534.11M (Peak 534.11M) | Time:00:00.89 | Mem:0.00M, Peak:0.00M | Scene, ViewLayer | Synchronizing object | Window satin steel security bar.145
Fra:1 Mem:534.12M (Peak 534.12M) | Time:00:00.89 | Mem:0.00M, Peak:0.00M | Scene, ViewLayer | Synchronizing object | Window satin steel security bar.146
Fra:1 Mem:534.12M (Peak 534.12M) | Time:00:00.89 | Mem:0.00M, Peak:0.00M | Scene, ViewLayer | Synchronizing object | Window satin steel security bar.147
Fra:1 Mem:534.12M (Peak 534.12M) | Time:00:00.89 | Mem:0.00M, Peak:0.00M | Scene, ViewLayer | Synchronizing object | Window satin steel security bar.149
Fra:1 Mem:534.13M (Peak 534.13M) | Time:00:00.89 | Mem:0.00M, Peak:0.00M | Scene, ViewLayer | Synchronizing object | Sliding shutter guide channel.058
Fra:1 Mem:534.13M (Peak 534.13M) | Time:00:00.89 | Mem:0.00M, Peak:0.00M | Scene, ViewLayer | Synchronizing object | Louvred shutter side stile.116
Fra:1 Mem:534.16M (Peak 534.16M) | Time:00:00.89 | Mem:0.00M, Peak:0.00M | Scene, ViewLayer | Synchronizing object | Louvred shutter side stile.117
Fra:1 Mem:534.16M (Peak 534.16M) | Time:00:00.89 | Mem:0.00M, Peak:0.00M | Scene, ViewLayer | Synchronizing object | Louvred shutter end rail.117
Fra:1 Mem:534.18M (Peak 534.18M) | Time:00:00.89 | Mem:0.00M, Peak:0.00M | Scene, ViewLayer | Synchronizing object | Shutter pressed sloping louvre blade.148
Fra:1 Mem:534.19M (Peak 534.19M) | Time:00:00.89 | Mem:0.00M, Peak:0.00M | Scene, ViewLayer | Synchronizing object | Shutter pressed sloping louvre blade.149
Fra:1 Mem:534.19M (Peak 534.19M) | Time:00:00.89 | Mem:0.00M, Peak:0.00M | Scene, ViewLayer | Synchronizing object | Shutter pressed sloping louvre blade.151
Fra:1 Mem:534.19M (Peak 534.19M) | Time:00:00.89 | Mem:0.00M, Peak:0.00M | Scene, ViewLayer | Synchronizing object | Shutter pressed sloping louvre blade.152
Fra:1 Mem:534.19M (Peak 534.19M) | Time:00:00.89 | Mem:0.00M, Peak:0.00M | Scene, ViewLayer | Synchronizing object | Shutter lift recessed grip.058
Fra:1 Mem:534.20M (Peak 534.20M) | Time:00:00.89 | Mem:0.00M, Peak:0.00M | Scene, ViewLayer | Synchronizing object | Louvred shutter side stile.118
Fra:1 Mem:534.20M (Peak 534.20M) | Time:00:00.89 | Mem:0.00M, Peak:0.00M | Scene, ViewLayer | Synchronizing object | Louvred shutter side stile.119
Fra:1 Mem:534.21M (Peak 534.21M) | Time:00:00.89 | Mem:0.00M, Peak:0.00M | Scene, ViewLayer | Synchronizing object | Louvred shutter end rail.118
Fra:1 Mem:534.22M (Peak 534.22M) | Time:00:00.89 | Mem:0.00M, Peak:0.00M | Scene, ViewLayer | Synchronizing object | Louvred shutter end rail.119
Fra:1 Mem:534.23M (Peak 534.23M) | Time:00:00.89 | Mem:0.00M, Peak:0.00M | Scene, ViewLayer | Synchronizing object | Shutter pressed sloping louvre blade.153
Fra:1 Mem:534.24M (Peak 534.24M) | Time:00:00.89 | Mem:0.00M, Peak:0.00M | Scene, ViewLayer | Synchronizing object | Shutter pressed sloping louvre blade.154
Fra:1 Mem:534.24M (Peak 534.24M) | Time:00:00.89 | Mem:0.00M, Peak:0.00M | Scene, ViewLayer | Synchronizing object | Shutter pressed sloping louvre blade.156
Fra:1 Mem:534.24M (Peak 534.24M) | Time:00:00.89 | Mem:0.00M, Peak:0.00M | Scene, ViewLayer | Synchronizing object | Shutter pressed sloping louvre blade.157
Fra:1 Mem:534.24M (Peak 534.24M) | Time:00:00.89 | Mem:0.00M, Peak:0.00M | Scene, ViewLayer | Synchronizing object | Shutter lift recessed grip.059
Fra:1 Mem:534.24M (Peak 534.24M) | Time:00:00.89 | Mem:0.00M, Peak:0.00M | Scene, ViewLayer | Synchronizing object | Rounded body aperture corner.030
Fra:1 Mem:534.28M (Peak 534.28M) | Time:00:00.89 | Mem:0.00M, Peak:0.00M | Scene, ViewLayer | Synchronizing object | Pressed window aperture corner infill.030
Fra:1 Mem:534.28M (Peak 534.28M) | Time:00:00.89 | Mem:0.00M, Peak:0.00M | Scene, ViewLayer | Synchronizing object | Window pressed reveal return.030
Fra:1 Mem:534.29M (Peak 534.29M) | Time:00:00.89 | Mem:0.00M, Peak:0.00M | Scene, ViewLayer | Synchronizing object | Continuous EPDM glazing gasket.030
Fra:1 Mem:534.30M (Peak 534.30M) | Time:00:00.89 | Mem:0.00M, Peak:0.00M | Scene, ViewLayer | Synchronizing object | Anodised window frame extrusion.030
Fra:1 Mem:534.31M (Peak 534.31M) | Time:00:00.89 | Mem:0.00M, Peak:0.00M | Scene, ViewLayer | Synchronizing object | Raised glass exposed lower strip.030
Fra:1 Mem:534.35M (Peak 534.35M) | Time:00:00.89 | Mem:0.00M, Peak:0.00M | Scene, ViewLayer | Synchronizing object | Raised glass lower rail.030
Fra:1 Mem:534.35M (Peak 534.35M) | Time:00:00.89 | Mem:0.00M, Peak:0.00M | Scene, ViewLayer | Synchronizing object | Window satin steel security bar.150
Fra:1 Mem:534.37M (Peak 534.37M) | Time:00:00.89 | Mem:0.00M, Peak:0.00M | Scene, ViewLayer | Synchronizing object | Window satin steel security bar.151
Fra:1 Mem:534.37M (Peak 534.37M) | Time:00:00.89 | Mem:0.00M, Peak:0.00M | Scene, ViewLayer | Synchronizing object | Window satin steel security bar.152
Fra:1 Mem:534.37M (Peak 534.37M) | Time:00:00.89 | Mem:0.00M, Peak:0.00M | Scene, ViewLayer | Synchronizing object | Window satin steel security bar.153
Fra:1 Mem:534.38M (Peak 534.38M) | Time:00:00.89 | Mem:0.00M, Peak:0.00M | Scene, ViewLayer | Synchronizing object | Window satin steel security bar.154
Fra:1 Mem:534.38M (Peak 534.38M) | Time:00:00.89 | Mem:0.00M, Peak:0.00M | Scene, ViewLayer | Synchronizing object | Sliding shutter guide channel.060
Fra:1 Mem:534.38M (Peak 534.38M) | Time:00:00.89 | Mem:0.00M, Peak:0.00M | Scene, ViewLayer | Synchronizing object | Sliding shutter guide channel.061
Fra:1 Mem:534.39M (Peak 534.39M) | Time:00:00.89 | Mem:0.00M, Peak:0.00M | Scene, ViewLayer | Synchronizing object | Louvred shutter side stile.120
Fra:1 Mem:534.41M (Peak 534.41M) | Time:00:00.89 | Mem:0.00M, Peak:0.00M | Scene, ViewLayer | Synchronizing object | Louvred shutter side stile.121
Fra:1 Mem:534.41M (Peak 534.41M) | Time:00:00.89 | Mem:0.00M, Peak:0.00M | Scene, ViewLayer | Synchronizing object | Louvred shutter end rail.121
Fra:1 Mem:534.43M (Peak 534.43M) | Time:00:00.89 | Mem:0.00M, Peak:0.00M | Scene, ViewLayer | Synchronizing object | Shutter pressed sloping louvre blade.158
Fra:1 Mem:534.44M (Peak 534.44M) | Time:00:00.89 | Mem:0.00M, Peak:0.00M | Scene, ViewLayer | Synchronizing object | Shutter lift recessed grip.060
Fra:1 Mem:534.44M (Peak 534.44M) | Time:00:00.89 | Mem:0.00M, Peak:0.00M | Scene, ViewLayer | Synchronizing object | Louvred shutter side stile.122
Fra:1 Mem:534.45M (Peak 534.45M) | Time:00:00.89 | Mem:0.00M, Peak:0.00M | Scene, ViewLayer | Synchronizing object | Louvred shutter side stile.123
Fra:1 Mem:534.45M (Peak 534.45M) | Time:00:00.89 | Mem:0.00M, Peak:0.00M | Scene, ViewLayer | Synchronizing object | Louvred shutter end rail.122
Fra:1 Mem:534.47M (Peak 534.47M) | Time:00:00.89 | Mem:0.00M, Peak:0.00M | Scene, ViewLayer | Synchronizing object | Louvred shutter end rail.123
Fra:1 Mem:534.47M (Peak 534.47M) | Time:00:00.89 | Mem:0.00M, Peak:0.00M | Scene, ViewLayer | Synchronizing object | Shutter pressed sloping louvre blade.159
Fra:1 Mem:534.48M (Peak 534.48M) | Time:00:00.89 | Mem:0.00M, Peak:0.00M | Scene, ViewLayer | Synchronizing object | Shutter lift recessed grip.061
Fra:1 Mem:534.49M (Peak 534.49M) | Time:00:00.89 | Mem:0.00M, Peak:0.00M | Scene, ViewLayer | Synchronizing object | Window lower lock thumb tab.030
Fra:1 Mem:534.49M (Peak 534.49M) | Time:00:00.89 | Mem:0.00M, Peak:0.00M | Scene, ViewLayer | Synchronizing object | Rounded body aperture corner.031
Fra:1 Mem:534.51M (Peak 534.51M) | Time:00:00.89 | Mem:0.00M, Peak:0.00M | Scene, ViewLayer | Synchronizing object | Pressed window aperture corner infill.031
Fra:1 Mem:534.52M (Peak 534.52M) | Time:00:00.89 | Mem:0.00M, Peak:0.00M | Scene, ViewLayer | Synchronizing object | Window pressed reveal return.031
Fra:1 Mem:534.54M (Peak 534.54M) | Time:00:00.89 | Mem:0.00M, Peak:0.00M | Scene, ViewLayer | Synchronizing object | Continuous EPDM glazing gasket.031
Fra:1 Mem:534.54M (Peak 534.54M) | Time:00:00.89 | Mem:0.00M, Peak:0.00M | Scene, ViewLayer | Synchronizing object | Raised glass exposed lower strip.031
Fra:1 Mem:534.57M (Peak 534.57M) | Time:00:00.89 | Mem:0.00M, Peak:0.00M | Scene, ViewLayer | Synchronizing object | Raised glass lower rail.031
Fra:1 Mem:534.60M (Peak 534.60M) | Time:00:00.89 | Mem:0.00M, Peak:0.00M | Scene, ViewLayer | Synchronizing object | Interior rounded window sill.031
Fra:1 Mem:534.60M (Peak 534.60M) | Time:00:00.89 | Mem:0.00M, Peak:0.00M | Scene, ViewLayer | Synchronizing object | Window satin steel security bar.155
Fra:1 Mem:534.61M (Peak 534.61M) | Time:00:00.89 | Mem:0.00M, Peak:0.00M | Scene, ViewLayer | Synchronizing object | Window satin steel security bar.156
Fra:1 Mem:534.61M (Peak 534.61M) | Time:00:00.89 | Mem:0.00M, Peak:0.00M | Scene, ViewLayer | Synchronizing object | Window satin steel security bar.157
Fra:1 Mem:534.61M (Peak 534.61M) | Time:00:00.89 | Mem:0.00M, Peak:0.00M | Scene, ViewLayer | Synchronizing object | Window satin steel security bar.159
Fra:1 Mem:534.62M (Peak 534.62M) | Time:00:00.89 | Mem:0.00M, Peak:0.00M | Scene, ViewLayer | Synchronizing object | Sliding shutter guide channel.063
Fra:1 Mem:534.64M (Peak 534.64M) | Time:00:00.89 | Mem:0.00M, Peak:0.00M | Scene, ViewLayer | Synchronizing object | Louvred shutter side stile.124
Fra:1 Mem:534.65M (Peak 534.65M) | Time:00:00.89 | Mem:0.00M, Peak:0.00M | Scene, ViewLayer | Synchronizing object | Louvred shutter side stile.125
Fra:1 Mem:534.65M (Peak 534.65M) | Time:00:00.89 | Mem:0.00M, Peak:0.00M | Scene, ViewLayer | Synchronizing object | Louvred shutter end rail.124
Fra:1 Mem:534.67M (Peak 534.67M) | Time:00:00.89 | Mem:0.00M, Peak:0.00M | Scene, ViewLayer | Synchronizing object | Louvred shutter end rail.125
Fra:1 Mem:534.67M (Peak 534.67M) | Time:00:00.89 | Mem:0.00M, Peak:0.00M | Scene, ViewLayer | Synchronizing object | Shutter pressed sloping louvre blade.160
Fra:1 Mem:534.67M (Peak 534.67M) | Time:00:00.89 | Mem:0.00M, Peak:0.00M | Scene, ViewLayer | Synchronizing object | Shutter lift recessed grip.062
Fra:1 Mem:534.68M (Peak 534.68M) | Time:00:00.89 | Mem:0.00M, Peak:0.00M | Scene, ViewLayer | Synchronizing object | Louvred shutter side stile.126
Fra:1 Mem:534.69M (Peak 534.69M) | Time:00:00.89 | Mem:0.00M, Peak:0.00M | Scene, ViewLayer | Synchronizing object | Louvred shutter side stile.127
Fra:1 Mem:534.69M (Peak 534.69M) | Time:00:00.89 | Mem:0.00M, Peak:0.00M | Scene, ViewLayer | Synchronizing object | Louvred shutter end rail.126
Fra:1 Mem:534.71M (Peak 534.71M) | Time:00:00.89 | Mem:0.00M, Peak:0.00M | Scene, ViewLayer | Synchronizing object | Louvred shutter end rail.127
Fra:1 Mem:534.72M (Peak 534.72M) | Time:00:00.89 | Mem:0.00M, Peak:0.00M | Scene, ViewLayer | Synchronizing object | Shutter pressed sloping louvre blade.161
Fra:1 Mem:534.72M (Peak 534.72M) | Time:00:00.89 | Mem:0.00M, Peak:0.00M | Scene, ViewLayer | Synchronizing object | Shutter lift recessed grip.063
Fra:1 Mem:534.73M (Peak 534.73M) | Time:00:00.89 | Mem:0.00M, Peak:0.00M | Scene, ViewLayer | Synchronizing object | Window lower lock thumb tab.031
Fra:1 Mem:534.73M (Peak 534.73M) | Time:00:00.89 | Mem:0.00M, Peak:0.00M | Scene, ViewLayer | Synchronizing object | Rounded body aperture corner.032
Fra:1 Mem:534.75M (Peak 534.75M) | Time:00:00.89 | Mem:0.00M, Peak:0.00M | Scene, ViewLayer | Synchronizing object | Pressed window aperture corner infill.032
Fra:1 Mem:534.76M (Peak 534.76M) | Time:00:00.89 | Mem:0.00M, Peak:0.00M | Scene, ViewLayer | Synchronizing object | Window pressed reveal return.032
Fra:1 Mem:534.78M (Peak 534.78M) | Time:00:00.89 | Mem:0.00M, Peak:0.00M | Scene, ViewLayer | Synchronizing object | Continuous EPDM glazing gasket.032
Fra:1 Mem:534.78M (Peak 534.78M) | Time:00:00.89 | Mem:0.00M, Peak:0.00M | Scene, ViewLayer | Synchronizing object | Anodised window frame extrusion.032
Fra:1 Mem:534.78M (Peak 534.78M) | Time:00:00.89 | Mem:0.00M, Peak:0.00M | Scene, ViewLayer | Synchronizing object | Raised glass exposed lower strip.032
Fra:1 Mem:534.83M (Peak 534.83M) | Time:00:00.89 | Mem:0.00M, Peak:0.00M | Scene, ViewLayer | Synchronizing object | Raised glass lower rail.032
Fra:1 Mem:534.83M (Peak 534.83M) | Time:00:00.89 | Mem:0.00M, Peak:0.00M | Scene, ViewLayer | Synchronizing object | Interior rounded window sill.032
Fra:1 Mem:534.84M (Peak 534.84M) | Time:00:00.89 | Mem:0.00M, Peak:0.00M | Scene, ViewLayer | Synchronizing object | Window satin steel security bar.160
Fra:1 Mem:534.85M (Peak 534.85M) | Time:00:00.89 | Mem:0.00M, Peak:0.00M | Scene, ViewLayer | Synchronizing object | Window satin steel security bar.161
Fra:1 Mem:534.87M (Peak 534.87M) | Time:00:00.89 | Mem:0.00M, Peak:0.00M | Scene, ViewLayer | Synchronizing object | Window satin steel security bar.162
Fra:1 Mem:534.86M (Peak 534.87M) | Time:00:00.89 | Mem:0.00M, Peak:0.00M | Scene, ViewLayer | Synchronizing object | Window satin steel security bar.163
Fra:1 Mem:534.87M (Peak 534.87M) | Time:00:00.89 | Mem:0.00M, Peak:0.00M | Scene, ViewLayer | Synchronizing object | Sliding shutter guide channel.064
Fra:1 Mem:534.86M (Peak 534.87M) | Time:00:00.89 | Mem:0.00M, Peak:0.00M | Scene, ViewLayer | Synchronizing object | Sliding shutter guide channel.065
Fra:1 Mem:534.87M (Peak 534.87M) | Time:00:00.89 | Mem:0.00M, Peak:0.00M | Scene, ViewLayer | Synchronizing object | Louvred shutter side stile.128
Fra:1 Mem:534.89M (Peak 534.89M) | Time:00:00.89 | Mem:0.00M, Peak:0.00M | Scene, ViewLayer | Synchronizing object | Louvred shutter side stile.129
Fra:1 Mem:534.89M (Peak 534.89M) | Time:00:00.89 | Mem:0.00M, Peak:0.00M | Scene, ViewLayer | Synchronizing object | Louvred shutter end rail.128
Fra:1 Mem:534.90M (Peak 534.90M) | Time:00:00.89 | Mem:0.00M, Peak:0.00M | Scene, ViewLayer | Synchronizing object | Louvred shutter end rail.129
Fra:1 Mem:534.91M (Peak 534.91M) | Time:00:00.89 | Mem:0.00M, Peak:0.00M | Scene, ViewLayer | Synchronizing object | Shutter pressed sloping louvre blade.162
Fra:1 Mem:534.92M (Peak 534.92M) | Time:00:00.89 | Mem:0.00M, Peak:0.00M | Scene, ViewLayer | Synchronizing object | Shutter pressed sloping louvre blade.163
Fra:1 Mem:534.92M (Peak 534.92M) | Time:00:00.89 | Mem:0.00M, Peak:0.00M | Scene, ViewLayer | Synchronizing object | Shutter pressed sloping louvre blade.164
Fra:1 Mem:534.92M (Peak 534.92M) | Time:00:00.89 | Mem:0.00M, Peak:0.00M | Scene, ViewLayer | Synchronizing object | Shutter pressed sloping louvre blade.165
Fra:1 Mem:534.92M (Peak 534.92M) | Time:00:00.89 | Mem:0.00M, Peak:0.00M | Scene, ViewLayer | Synchronizing object | Shutter pressed sloping louvre blade.167
Fra:1 Mem:534.92M (Peak 534.92M) | Time:00:00.89 | Mem:0.00M, Peak:0.00M | Scene, ViewLayer | Synchronizing object | Shutter pressed sloping louvre blade.168
Fra:1 Mem:534.92M (Peak 534.92M) | Time:00:00.89 | Mem:0.00M, Peak:0.00M | Scene, ViewLayer | Synchronizing object | Shutter pressed sloping louvre blade.170
Fra:1 Mem:534.92M (Peak 534.92M) | Time:00:00.89 | Mem:0.00M, Peak:0.00M | Scene, ViewLayer | Synchronizing object | Shutter pressed sloping louvre blade.171
Fra:1 Mem:534.93M (Peak 534.93M) | Time:00:00.89 | Mem:0.00M, Peak:0.00M | Scene, ViewLayer | Synchronizing object | Shutter lift recessed grip.064
Fra:1 Mem:534.93M (Peak 534.93M) | Time:00:00.89 | Mem:0.00M, Peak:0.00M | Scene, ViewLayer | Synchronizing object | Louvred shutter side stile.130
Fra:1 Mem:534.95M (Peak 534.95M) | Time:00:00.89 | Mem:0.00M, Peak:0.00M | Scene, ViewLayer | Synchronizing object | Louvred shutter side stile.131
Fra:1 Mem:534.95M (Peak 534.95M) | Time:00:00.89 | Mem:0.00M, Peak:0.00M | Scene, ViewLayer | Synchronizing object | Louvred shutter end rail.131
Fra:1 Mem:534.97M (Peak 534.97M) | Time:00:00.89 | Mem:0.00M, Peak:0.00M | Scene, ViewLayer | Synchronizing object | Shutter pressed sloping louvre blade.172
Fra:1 Mem:534.97M (Peak 534.97M) | Time:00:00.89 | Mem:0.00M, Peak:0.00M | Scene, ViewLayer | Synchronizing object | Shutter pressed sloping louvre blade.173
Fra:1 Mem:534.97M (Peak 534.97M) | Time:00:00.89 | Mem:0.00M, Peak:0.00M | Scene, ViewLayer | Synchronizing object | Shutter pressed sloping louvre blade.175
Fra:1 Mem:534.97M (Peak 534.97M) | Time:00:00.89 | Mem:0.00M, Peak:0.00M | Scene, ViewLayer | Synchronizing object | Shutter pressed sloping louvre blade.177
Fra:1 Mem:534.98M (Peak 534.98M) | Time:00:00.89 | Mem:0.00M, Peak:0.00M | Scene, ViewLayer | Synchronizing object | Shutter pressed sloping louvre blade.178
Fra:1 Mem:534.98M (Peak 534.98M) | Time:00:00.89 | Mem:0.00M, Peak:0.00M | Scene, ViewLayer | Synchronizing object | Shutter pressed sloping louvre blade.179
Fra:1 Mem:534.98M (Peak 534.98M) | Time:00:00.89 | Mem:0.00M, Peak:0.00M | Scene, ViewLayer | Synchronizing object | Shutter pressed sloping louvre blade.180
Fra:1 Mem:534.98M (Peak 534.98M) | Time:00:00.89 | Mem:0.00M, Peak:0.00M | Scene, ViewLayer | Synchronizing object | Shutter lift recessed grip.065
Fra:1 Mem:534.99M (Peak 534.99M) | Time:00:00.89 | Mem:0.00M, Peak:0.00M | Scene, ViewLayer | Synchronizing object | Window lower lock thumb tab.032
Fra:1 Mem:535.00M (Peak 535.00M) | Time:00:00.89 | Mem:0.00M, Peak:0.00M | Scene, ViewLayer | Synchronizing object | Rounded body aperture corner.033
Fra:1 Mem:535.00M (Peak 535.00M) | Time:00:00.89 | Mem:0.00M, Peak:0.00M | Scene, ViewLayer | Synchronizing object | Pressed window aperture corner infill.033
Fra:1 Mem:535.02M (Peak 535.02M) | Time:00:00.89 | Mem:0.00M, Peak:0.00M | Scene, ViewLayer | Synchronizing object | Window pressed reveal return.033
Fra:1 Mem:535.03M (Peak 535.03M) | Time:00:00.89 | Mem:0.00M, Peak:0.00M | Scene, ViewLayer | Synchronizing object | Continuous EPDM glazing gasket.033
Fra:1 Mem:535.04M (Peak 535.04M) | Time:00:00.89 | Mem:0.00M, Peak:0.00M | Scene, ViewLayer | Synchronizing object | Anodised window frame extrusion.033
Fra:1 Mem:535.06M (Peak 535.06M) | Time:00:00.89 | Mem:0.00M, Peak:0.00M | Scene, ViewLayer | Synchronizing object | Raised glass exposed lower strip.033
Fra:1 Mem:535.09M (Peak 535.09M) | Time:00:00.89 | Mem:0.00M, Peak:0.00M | Scene, ViewLayer | Synchronizing object | Raised glass lower rail.033
Fra:1 Mem:535.09M (Peak 535.09M) | Time:00:00.89 | Mem:0.00M, Peak:0.00M | Scene, ViewLayer | Synchronizing object | Window satin steel security bar.165
Fra:1 Mem:535.10M (Peak 535.10M) | Time:00:00.89 | Mem:0.00M, Peak:0.00M | Scene, ViewLayer | Synchronizing object | Window satin steel security bar.166
Fra:1 Mem:535.11M (Peak 535.11M) | Time:00:00.89 | Mem:0.00M, Peak:0.00M | Scene, ViewLayer | Synchronizing object | Window satin steel security bar.167
Fra:1 Mem:535.12M (Peak 535.12M) | Time:00:00.89 | Mem:0.00M, Peak:0.00M | Scene, ViewLayer | Synchronizing object | Window satin steel security bar.168
Fra:1 Mem:535.12M (Peak 535.12M) | Time:00:00.89 | Mem:0.00M, Peak:0.00M | Scene, ViewLayer | Synchronizing object | Window satin steel security bar.169
Fra:1 Mem:535.12M (Peak 535.12M) | Time:00:00.89 | Mem:0.00M, Peak:0.00M | Scene, ViewLayer | Synchronizing object | Sliding shutter guide channel.066
Fra:1 Mem:535.13M (Peak 535.13M) | Time:00:00.89 | Mem:0.00M, Peak:0.00M | Scene, ViewLayer | Synchronizing object | Sliding shutter guide channel.067
Fra:1 Mem:535.14M (Peak 535.14M) | Time:00:00.89 | Mem:0.00M, Peak:0.00M | Scene, ViewLayer | Synchronizing object | Louvred shutter side stile.132
Fra:1 Mem:535.15M (Peak 535.15M) | Time:00:00.89 | Mem:0.00M, Peak:0.00M | Scene, ViewLayer | Synchronizing object | Louvred shutter side stile.133
Fra:1 Mem:535.15M (Peak 535.15M) | Time:00:00.89 | Mem:0.00M, Peak:0.00M | Scene, ViewLayer | Synchronizing object | Louvred shutter end rail.132
Fra:1 Mem:535.16M (Peak 535.16M) | Time:00:00.89 | Mem:0.00M, Peak:0.00M | Scene, ViewLayer | Synchronizing object | Louvred shutter end rail.133
Fra:1 Mem:535.17M (Peak 535.17M) | Time:00:00.89 | Mem:0.00M, Peak:0.00M | Scene, ViewLayer | Synchronizing object | Shutter pressed sloping louvre blade.182
Fra:1 Mem:535.18M (Peak 535.18M) | Time:00:00.89 | Mem:0.00M, Peak:0.00M | Scene, ViewLayer | Synchronizing object | Shutter lift recessed grip.066
Fra:1 Mem:535.18M (Peak 535.18M) | Time:00:00.89 | Mem:0.00M, Peak:0.00M | Scene, ViewLayer | Synchronizing object | Louvred shutter side stile.134
Fra:1 Mem:535.19M (Peak 535.19M) | Time:00:00.89 | Mem:0.00M, Peak:0.00M | Scene, ViewLayer | Synchronizing object | Louvred shutter side stile.135
Fra:1 Mem:535.20M (Peak 535.20M) | Time:00:00.89 | Mem:0.00M, Peak:0.00M | Scene, ViewLayer | Synchronizing object | Louvred shutter end rail.134
Fra:1 Mem:535.21M (Peak 535.21M) | Time:00:00.89 | Mem:0.00M, Peak:0.00M | Scene, ViewLayer | Synchronizing object | Louvred shutter end rail.135
Fra:1 Mem:535.22M (Peak 535.22M) | Time:00:00.89 | Mem:0.00M, Peak:0.00M | Scene, ViewLayer | Synchronizing object | Shutter pressed sloping louvre blade.183
Fra:1 Mem:535.22M (Peak 535.22M) | Time:00:00.89 | Mem:0.00M, Peak:0.00M | Scene, ViewLayer | Synchronizing object | Shutter lift recessed grip.067
Fra:1 Mem:535.22M (Peak 535.22M) | Time:00:00.89 | Mem:0.00M, Peak:0.00M | Scene, ViewLayer | Synchronizing object | Window lower lock thumb tab.033
Fra:1 Mem:535.23M (Peak 535.23M) | Time:00:00.89 | Mem:0.00M, Peak:0.00M | Scene, ViewLayer | Synchronizing object | Rounded body aperture corner.034
Fra:1 Mem:535.25M (Peak 535.25M) | Time:00:00.89 | Mem:0.00M, Peak:0.00M | Scene, ViewLayer | Synchronizing object | Pressed window aperture corner infill.034
Fra:1 Mem:535.26M (Peak 535.26M) | Time:00:00.89 | Mem:0.00M, Peak:0.00M | Scene, ViewLayer | Synchronizing object | Window pressed reveal return.034
Fra:1 Mem:535.28M (Peak 535.28M) | Time:00:00.89 | Mem:0.00M, Peak:0.00M | Scene, ViewLayer | Synchronizing object | Continuous EPDM glazing gasket.034
Fra:1 Mem:535.28M (Peak 535.28M) | Time:00:00.89 | Mem:0.00M, Peak:0.00M | Scene, ViewLayer | Synchronizing object | Anodised window frame extrusion.034
Fra:1 Mem:535.28M (Peak 535.28M) | Time:00:00.89 | Mem:0.00M, Peak:0.00M | Scene, ViewLayer | Synchronizing object | Raised glass exposed lower strip.034
Fra:1 Mem:535.33M (Peak 535.33M) | Time:00:00.89 | Mem:0.00M, Peak:0.00M | Scene, ViewLayer | Synchronizing object | Raised glass lower rail.034
Fra:1 Mem:535.33M (Peak 535.33M) | Time:00:00.89 | Mem:0.00M, Peak:0.00M | Scene, ViewLayer | Synchronizing object | Interior rounded window sill.034
Fra:1 Mem:535.34M (Peak 535.34M) | Time:00:00.89 | Mem:0.00M, Peak:0.00M | Scene, ViewLayer | Synchronizing object | Window satin steel security bar.170
Fra:1 Mem:535.35M (Peak 535.35M) | Time:00:00.89 | Mem:0.00M, Peak:0.00M | Scene, ViewLayer | Synchronizing object | Window satin steel security bar.171
Fra:1 Mem:535.35M (Peak 535.35M) | Time:00:00.89 | Mem:0.00M, Peak:0.00M | Scene, ViewLayer | Synchronizing object | Window satin steel security bar.172
Fra:1 Mem:535.36M (Peak 535.36M) | Time:00:00.89 | Mem:0.00M, Peak:0.00M | Scene, ViewLayer | Synchronizing object | Window satin steel security bar.173
Fra:1 Mem:535.36M (Peak 535.36M) | Time:00:00.89 | Mem:0.00M, Peak:0.00M | Scene, ViewLayer | Synchronizing object | Sliding shutter guide channel.068
Fra:1 Mem:535.37M (Peak 535.37M) | Time:00:00.89 | Mem:0.00M, Peak:0.00M | Scene, ViewLayer | Synchronizing object | Sliding shutter guide channel.069
Fra:1 Mem:535.38M (Peak 535.38M) | Time:00:00.89 | Mem:0.00M, Peak:0.00M | Scene, ViewLayer | Synchronizing object | Louvred shutter side stile.136
Fra:1 Mem:535.38M (Peak 535.38M) | Time:00:00.89 | Mem:0.00M, Peak:0.00M | Scene, ViewLayer | Synchronizing object | Louvred shutter side stile.137
Fra:1 Mem:535.39M (Peak 535.39M) | Time:00:00.89 | Mem:0.00M, Peak:0.00M | Scene, ViewLayer | Synchronizing object | Louvred shutter end rail.136
Fra:1 Mem:535.41M (Peak 535.41M) | Time:00:00.89 | Mem:0.00M, Peak:0.00M | Scene, ViewLayer | Synchronizing object | Louvred shutter end rail.137
Fra:1 Mem:535.42M (Peak 535.42M) | Time:00:00.89 | Mem:0.00M, Peak:0.00M | Scene, ViewLayer | Synchronizing object | Shutter pressed sloping louvre blade.184
Fra:1 Mem:535.42M (Peak 535.42M) | Time:00:00.89 | Mem:0.00M, Peak:0.00M | Scene, ViewLayer | Synchronizing object | Shutter pressed sloping louvre blade.185
Fra:1 Mem:535.42M (Peak 535.42M) | Time:00:00.89 | Mem:0.00M, Peak:0.00M | Scene, ViewLayer | Synchronizing object | Shutter pressed sloping louvre blade.186
Fra:1 Mem:535.42M (Peak 535.42M) | Time:00:00.89 | Mem:0.00M, Peak:0.00M | Scene, ViewLayer | Synchronizing object | Shutter lift recessed grip.068
Fra:1 Mem:535.42M (Peak 535.42M) | Time:00:00.89 | Mem:0.00M, Peak:0.00M | Scene, ViewLayer | Synchronizing object | Louvred shutter side stile.138
Fra:1 Mem:535.43M (Peak 535.43M) | Time:00:00.89 | Mem:0.00M, Peak:0.00M | Scene, ViewLayer | Synchronizing object | Louvred shutter side stile.139
Fra:1 Mem:535.44M (Peak 535.44M) | Time:00:00.89 | Mem:0.00M, Peak:0.00M | Scene, ViewLayer | Synchronizing object | Louvred shutter end rail.138
Fra:1 Mem:535.45M (Peak 535.45M) | Time:00:00.89 | Mem:0.00M, Peak:0.00M | Scene, ViewLayer | Synchronizing object | Louvred shutter end rail.139
Fra:1 Mem:535.46M (Peak 535.46M) | Time:00:00.89 | Mem:0.00M, Peak:0.00M | Scene, ViewLayer | Synchronizing object | Shutter pressed sloping louvre blade.187
Fra:1 Mem:535.46M (Peak 535.46M) | Time:00:00.89 | Mem:0.00M, Peak:0.00M | Scene, ViewLayer | Synchronizing object | Shutter pressed sloping louvre blade.189
Fra:1 Mem:535.47M (Peak 535.47M) | Time:00:00.89 | Mem:0.00M, Peak:0.00M | Scene, ViewLayer | Synchronizing object | Shutter lift recessed grip.069
Fra:1 Mem:535.47M (Peak 535.47M) | Time:00:00.89 | Mem:0.00M, Peak:0.00M | Scene, ViewLayer | Synchronizing object | Window lower lock thumb tab.034
Fra:1 Mem:535.47M (Peak 535.47M) | Time:00:00.89 | Mem:0.00M, Peak:0.00M | Scene, ViewLayer | Synchronizing object | Emergency window stencil.003
Fra:1 Mem:535.50M (Peak 535.50M) | Time:00:00.89 | Mem:0.00M, Peak:0.00M | Scene, ViewLayer | Synchronizing object | Emergency red release indicator.006
Fra:1 Mem:535.51M (Peak 535.51M) | Time:00:00.89 | Mem:0.00M, Peak:0.00M | Scene, ViewLayer | Synchronizing object | Emergency red release indicator.007
Fra:1 Mem:535.57M (Peak 535.57M) | Time:00:00.89 | Mem:0.00M, Peak:0.00M | Scene, ViewLayer | Synchronizing object | Rounded body aperture corner.035
Fra:1 Mem:535.58M (Peak 535.58M) | Time:00:00.89 | Mem:0.00M, Peak:0.00M | Scene, ViewLayer | Synchronizing object | Pressed window aperture corner infill.035
Fra:1 Mem:535.63M (Peak 535.63M) | Time:00:00.89 | Mem:0.00M, Peak:0.00M | Scene, ViewLayer | Synchronizing object | Window pressed reveal return.035
Fra:1 Mem:535.66M (Peak 535.66M) | Time:00:00.89 | Mem:0.00M, Peak:0.00M | Scene, ViewLayer | Synchronizing object | Continuous EPDM glazing gasket.035
Fra:1 Mem:535.68M (Peak 535.68M) | Time:00:00.89 | Mem:0.00M, Peak:0.00M | Scene, ViewLayer | Synchronizing object | Anodised window frame extrusion.035
Fra:1 Mem:535.71M (Peak 535.71M) | Time:00:00.89 | Mem:0.00M, Peak:0.00M | Scene, ViewLayer | Synchronizing object | Raised glass exposed lower strip.035
Fra:1 Mem:535.73M (Peak 535.73M) | Time:00:00.89 | Mem:0.00M, Peak:0.00M | Scene, ViewLayer | Synchronizing object | Raised glass lower rail.035
Fra:1 Mem:535.73M (Peak 535.73M) | Time:00:00.89 | Mem:0.00M, Peak:0.00M | Scene, ViewLayer | Synchronizing object | Interior rounded window sill.035
Fra:1 Mem:535.74M (Peak 535.74M) | Time:00:00.89 | Mem:0.00M, Peak:0.00M | Scene, ViewLayer | Synchronizing object | Window satin steel security bar.175
Fra:1 Mem:535.75M (Peak 535.75M) | Time:00:00.89 | Mem:0.00M, Peak:0.00M | Scene, ViewLayer | Synchronizing object | Window satin steel security bar.176
Fra:1 Mem:535.75M (Peak 535.75M) | Time:00:00.89 | Mem:0.00M, Peak:0.00M | Scene, ViewLayer | Synchronizing object | Window satin steel security bar.177
Fra:1 Mem:535.75M (Peak 535.75M) | Time:00:00.89 | Mem:0.00M, Peak:0.00M | Scene, ViewLayer | Synchronizing object | Window satin steel security bar.178
Fra:1 Mem:535.77M (Peak 535.77M) | Time:00:00.89 | Mem:0.00M, Peak:0.00M | Scene, ViewLayer | Synchronizing object | Window satin steel security bar.179
Fra:1 Mem:535.77M (Peak 535.77M) | Time:00:00.89 | Mem:0.00M, Peak:0.00M | Scene, ViewLayer | Synchronizing object | Sliding shutter guide channel.070
Fra:1 Mem:535.79M (Peak 535.79M) | Time:00:00.89 | Mem:0.00M, Peak:0.00M | Scene, ViewLayer | Synchronizing object | Sliding shutter guide channel.071
Fra:1 Mem:535.81M (Peak 535.81M) | Time:00:00.89 | Mem:0.00M, Peak:0.00M | Scene, ViewLayer | Synchronizing object | Louvred shutter side stile.140
Fra:1 Mem:535.82M (Peak 535.82M) | Time:00:00.89 | Mem:0.00M, Peak:0.00M | Scene, ViewLayer | Synchronizing object | Louvred shutter side stile.141
Fra:1 Mem:535.81M (Peak 535.82M) | Time:00:00.89 | Mem:0.00M, Peak:0.00M | Scene, ViewLayer | Synchronizing object | Louvred shutter end rail.140
Fra:1 Mem:535.82M (Peak 535.82M) | Time:00:00.89 | Mem:0.00M, Peak:0.00M | Scene, ViewLayer | Synchronizing object | Louvred shutter end rail.141
Fra:1 Mem:535.83M (Peak 535.83M) | Time:00:00.89 | Mem:0.00M, Peak:0.00M | Scene, ViewLayer | Synchronizing object | Shutter pressed sloping louvre blade.190
Fra:1 Mem:535.83M (Peak 535.83M) | Time:00:00.89 | Mem:0.00M, Peak:0.00M | Scene, ViewLayer | Synchronizing object | Shutter lift recessed grip.070
Fra:1 Mem:535.84M (Peak 535.84M) | Time:00:00.89 | Mem:0.00M, Peak:0.00M | Scene, ViewLayer | Synchronizing object | Louvred shutter side stile.142
Fra:1 Mem:535.84M (Peak 535.84M) | Time:00:00.89 | Mem:0.00M, Peak:0.00M | Scene, ViewLayer | Synchronizing object | Louvred shutter side stile.143
Fra:1 Mem:535.85M (Peak 535.85M) | Time:00:00.89 | Mem:0.00M, Peak:0.00M | Scene, ViewLayer | Synchronizing object | Louvred shutter end rail.142
Fra:1 Mem:535.87M (Peak 535.87M) | Time:00:00.89 | Mem:0.00M, Peak:0.00M | Scene, ViewLayer | Synchronizing object | Louvred shutter end rail.143
Fra:1 Mem:535.87M (Peak 535.87M) | Time:00:00.89 | Mem:0.00M, Peak:0.00M | Scene, ViewLayer | Synchronizing object | Shutter pressed sloping louvre blade.191
Fra:1 Mem:535.88M (Peak 535.88M) | Time:00:00.89 | Mem:0.00M, Peak:0.00M | Scene, ViewLayer | Synchronizing object | Shutter lift recessed grip.071
Fra:1 Mem:535.88M (Peak 535.88M) | Time:00:00.89 | Mem:0.00M, Peak:0.00M | Scene, ViewLayer | Synchronizing object | Window lower lock thumb tab.035
Fra:1 Mem:535.89M (Peak 535.89M) | Time:00:00.89 | Mem:0.00M, Peak:0.00M | Scene, ViewLayer | Synchronizing object | Entrance aperture steel return.002
Fra:1 Mem:535.90M (Peak 535.90M) | Time:00:00.89 | Mem:0.00M, Peak:0.00M | Scene, ViewLayer | Synchronizing object | Entrance door weatherseal.002
Fra:1 Mem:535.90M (Peak 535.90M) | Time:00:00.89 | Mem:0.00M, Peak:0.00M | Scene, ViewLayer | Synchronizing object | Entrance pressed steel door panel.005
Fra:1 Mem:535.93M (Peak 535.93M) | Time:00:00.89 | Mem:0.00M, Peak:0.00M | Scene, ViewLayer | Synchronizing object | Entrance glazed opening side rail.004
Fra:1 Mem:535.94M (Peak 535.94M) | Time:00:00.89 | Mem:0.00M, Peak:0.00M | Scene, ViewLayer | Synchronizing object | Entrance glazed opening side rail.005
Fra:1 Mem:535.95M (Peak 535.95M) | Time:00:00.89 | Mem:0.00M, Peak:0.00M | Scene, ViewLayer | Synchronizing object | Door window band lower paint strip.002
Fra:1 Mem:535.95M (Peak 535.95M) | Time:00:00.89 | Mem:0.00M, Peak:0.00M | Scene, ViewLayer | Synchronizing object | Door window band upper paint strip.002
Fra:1 Mem:535.96M (Peak 535.96M) | Time:00:00.89 | Mem:0.00M, Peak:0.00M | Scene, ViewLayer | Synchronizing object | Entrance window gasket.002
Fra:1 Mem:535.96M (Peak 535.96M) | Time:00:00.89 | Mem:0.00M, Peak:0.00M | Scene, ViewLayer | Synchronizing object | Entrance window protection bar.010
Fra:1 Mem:535.99M (Peak 535.99M) | Time:00:00.89 | Mem:0.00M, Peak:0.00M | Scene, ViewLayer | Synchronizing object | Entrance window protection bar.011
Fra:1 Mem:535.99M (Peak 535.99M) | Time:00:00.89 | Mem:0.00M, Peak:0.00M | Scene, ViewLayer | Synchronizing object | Entrance window protection bar.012
Fra:1 Mem:535.99M (Peak 535.99M) | Time:00:00.89 | Mem:0.00M, Peak:0.00M | Scene, ViewLayer | Synchronizing object | Entrance window protection bar.013
Fra:1 Mem:536.00M (Peak 536.00M) | Time:00:00.89 | Mem:0.00M, Peak:0.00M | Scene, ViewLayer | Synchronizing object | Entrance window protection bar.014
Fra:1 Mem:536.00M (Peak 536.00M) | Time:00:00.89 | Mem:0.00M, Peak:0.00M | Scene, ViewLayer | Synchronizing object | Pressed door lower panel bead.004
Fra:1 Mem:536.00M (Peak 536.00M) | Time:00:00.89 | Mem:0.00M, Peak:0.00M | Scene, ViewLayer | Synchronizing object | Pressed door lower panel bead.005
Fra:1 Mem:536.02M (Peak 536.02M) | Time:00:00.89 | Mem:0.00M, Peak:0.00M | Scene, ViewLayer | Synchronizing object | Door hinge knuckle.006
Fra:1 Mem:536.05M (Peak 536.05M) | Time:00:00.89 | Mem:0.00M, Peak:0.00M | Scene, ViewLayer | Synchronizing object | Door hinge plate.012
Fra:1 Mem:536.06M (Peak 536.06M) | Time:00:00.89 | Mem:0.00M, Peak:0.00M | Scene, ViewLayer | Synchronizing object | Door hinge plate.013
Fra:1 Mem:536.06M (Peak 536.06M) | Time:00:00.89 | Mem:0.00M, Peak:0.00M | Scene, ViewLayer | Synchronizing object | Door hinge knuckle.007
Fra:1 Mem:536.07M (Peak 536.07M) | Time:00:00.89 | Mem:0.00M, Peak:0.00M | Scene, ViewLayer | Synchronizing object | Door hinge plate.014
Fra:1 Mem:536.08M (Peak 536.08M) | Time:00:00.89 | Mem:0.00M, Peak:0.00M | Scene, ViewLayer | Synchronizing object | Door hinge plate.015
Fra:1 Mem:536.08M (Peak 536.08M) | Time:00:00.89 | Mem:0.00M, Peak:0.00M | Scene, ViewLayer | Synchronizing object | Door hinge knuckle.008
Fra:1 Mem:536.09M (Peak 536.09M) | Time:00:00.89 | Mem:0.00M, Peak:0.00M | Scene, ViewLayer | Synchronizing object | Door hinge plate.016
Fra:1 Mem:536.10M (Peak 536.10M) | Time:00:00.89 | Mem:0.00M, Peak:0.00M | Scene, ViewLayer | Synchronizing object | Door hinge plate.017
Fra:1 Mem:536.10M (Peak 536.10M) | Time:00:00.89 | Mem:0.00M, Peak:0.00M | Scene, ViewLayer | Synchronizing object | Door polished pull.002
Fra:1 Mem:536.11M (Peak 536.11M) | Time:00:00.89 | Mem:0.00M, Peak:0.00M | Scene, ViewLayer | Synchronizing object | Door handle mounting boss.004
Fra:1 Mem:536.12M (Peak 536.12M) | Time:00:00.89 | Mem:0.00M, Peak:0.00M | Scene, ViewLayer | Synchronizing object | Door handle mounting boss.005
Fra:1 Mem:536.12M (Peak 536.12M) | Time:00:00.89 | Mem:0.00M, Peak:0.00M | Scene, ViewLayer | Synchronizing object | Door lock escutcheon.002
Fra:1 Mem:536.12M (Peak 536.12M) | Time:00:00.89 | Mem:0.00M, Peak:0.00M | Scene, ViewLayer | Synchronizing object | Door key slot.002
Fra:1 Mem:536.13M (Peak 536.13M) | Time:00:00.89 | Mem:0.00M, Peak:0.00M | Scene, ViewLayer | Synchronizing object | Bent entrance stainless grabrail.004
Fra:1 Mem:536.13M (Peak 536.13M) | Time:00:00.89 | Mem:0.00M, Peak:0.00M | Scene, ViewLayer | Synchronizing object | Grabrail mounting pad.008
Fra:1 Mem:536.13M (Peak 536.13M) | Time:00:00.89 | Mem:0.00M, Peak:0.00M | Scene, ViewLayer | Synchronizing object | Grabrail mounting pad.009
Fra:1 Mem:536.15M (Peak 536.15M) | Time:00:00.89 | Mem:0.00M, Peak:0.00M | Scene, ViewLayer | Synchronizing object | Bent entrance stainless grabrail.005
Fra:1 Mem:536.17M (Peak 536.17M) | Time:00:00.89 | Mem:0.00M, Peak:0.00M | Scene, ViewLayer | Synchronizing object | Grabrail mounting pad.011
Fra:1 Mem:536.17M (Peak 536.17M) | Time:00:00.89 | Mem:0.00M, Peak:0.00M | Scene, ViewLayer | Synchronizing object | Entrance ladder perforated tread.008
Fra:1 Mem:536.18M (Peak 536.18M) | Time:00:00.89 | Mem:0.00M, Peak:0.00M | Scene, ViewLayer | Synchronizing object | Entry tread raised antislip ridge.120
Fra:1 Mem:536.19M (Peak 536.19M) | Time:00:00.89 | Mem:0.00M, Peak:0.00M | Scene, ViewLayer | Synchronizing object | Entry tread raised antislip ridge.121
Fra:1 Mem:536.19M (Peak 536.19M) | Time:00:00.90 | Mem:0.00M, Peak:0.00M | Scene, ViewLayer | Synchronizing object | Entry tread raised antislip ridge.122
Fra:1 Mem:536.20M (Peak 536.20M) | Time:00:00.90 | Mem:0.00M, Peak:0.00M | Scene, ViewLayer | Synchronizing object | Entry tread raised antislip ridge.123
Fra:1 Mem:536.21M (Peak 536.21M) | Time:00:00.90 | Mem:0.00M, Peak:0.00M | Scene, ViewLayer | Synchronizing object | Entry tread raised antislip ridge.124
Fra:1 Mem:536.22M (Peak 536.22M) | Time:00:00.90 | Mem:0.00M, Peak:0.00M | Scene, ViewLayer | Synchronizing object | Entry tread raised antislip ridge.125
Fra:1 Mem:536.22M (Peak 536.22M) | Time:00:00.90 | Mem:0.00M, Peak:0.00M | Scene, ViewLayer | Synchronizing object | Entry tread raised antislip ridge.126
Fra:1 Mem:536.24M (Peak 536.24M) | Time:00:00.90 | Mem:0.00M, Peak:0.00M | Scene, ViewLayer | Synchronizing object | Entry tread raised antislip ridge.127
Fra:1 Mem:536.24M (Peak 536.24M) | Time:00:00.90 | Mem:0.00M, Peak:0.00M | Scene, ViewLayer | Synchronizing object | Entry tread raised antislip ridge.128
Fra:1 Mem:536.25M (Peak 536.25M) | Time:00:00.90 | Mem:0.00M, Peak:0.00M | Scene, ViewLayer | Synchronizing object | Entry tread raised antislip ridge.129
Fra:1 Mem:536.26M (Peak 536.26M) | Time:00:00.90 | Mem:0.00M, Peak:0.00M | Scene, ViewLayer | Synchronizing object | Entry tread raised antislip ridge.130
Fra:1 Mem:536.26M (Peak 536.26M) | Time:00:00.90 | Mem:0.00M, Peak:0.00M | Scene, ViewLayer | Synchronizing object | Entry tread raised antislip ridge.131
Fra:1 Mem:536.28M (Peak 536.28M) | Time:00:00.90 | Mem:0.00M, Peak:0.00M | Scene, ViewLayer | Synchronizing object | Entry tread raised antislip ridge.132
Fra:1 Mem:536.29M (Peak 536.29M) | Time:00:00.90 | Mem:0.00M, Peak:0.00M | Scene, ViewLayer | Synchronizing object | Entry tread raised antislip ridge.133
Fra:1 Mem:536.29M (Peak 536.29M) | Time:00:00.90 | Mem:0.00M, Peak:0.00M | Scene, ViewLayer | Synchronizing object | Entry tread raised antislip ridge.134
Fra:1 Mem:536.30M (Peak 536.30M) | Time:00:00.90 | Mem:0.00M, Peak:0.00M | Scene, ViewLayer | Synchronizing object | Entrance ladder perforated tread.009
Fra:1 Mem:536.31M (Peak 536.31M) | Time:00:00.90 | Mem:0.00M, Peak:0.00M | Scene, ViewLayer | Synchronizing object | Entry tread raised antislip ridge.135
Fra:1 Mem:536.32M (Peak 536.32M) | Time:00:00.90 | Mem:0.00M, Peak:0.00M | Scene, ViewLayer | Synchronizing object | Entry tread raised antislip ridge.136
Fra:1 Mem:536.33M (Peak 536.33M) | Time:00:00.90 | Mem:0.00M, Peak:0.00M | Scene, ViewLayer | Synchronizing object | Entry tread raised antislip ridge.137
Fra:1 Mem:536.34M (Peak 536.34M) | Time:00:00.90 | Mem:0.00M, Peak:0.00M | Scene, ViewLayer | Synchronizing object | Entry tread raised antislip ridge.138
Fra:1 Mem:536.34M (Peak 536.34M) | Time:00:00.90 | Mem:0.00M, Peak:0.00M | Scene, ViewLayer | Synchronizing object | Entry tread raised antislip ridge.139
Fra:1 Mem:536.35M (Peak 536.35M) | Time:00:00.90 | Mem:0.00M, Peak:0.00M | Scene, ViewLayer | Synchronizing object | Entry tread raised antislip ridge.140
Fra:1 Mem:536.36M (Peak 536.36M) | Time:00:00.90 | Mem:0.00M, Peak:0.00M | Scene, ViewLayer | Synchronizing object | Entry tread raised antislip ridge.141
Fra:1 Mem:536.37M (Peak 536.37M) | Time:00:00.90 | Mem:0.00M, Peak:0.00M | Scene, ViewLayer | Synchronizing object | Entry tread raised antislip ridge.142
Fra:1 Mem:536.37M (Peak 536.37M) | Time:00:00.90 | Mem:0.00M, Peak:0.00M | Scene, ViewLayer | Synchronizing object | Entry tread raised antislip ridge.143
Fra:1 Mem:536.39M (Peak 536.39M) | Time:00:00.90 | Mem:0.00M, Peak:0.00M | Scene, ViewLayer | Synchronizing object | Entry tread raised antislip ridge.144
Fra:1 Mem:536.39M (Peak 536.39M) | Time:00:00.90 | Mem:0.00M, Peak:0.00M | Scene, ViewLayer | Synchronizing object | Entry tread raised antislip ridge.145
Fra:1 Mem:536.40M (Peak 536.40M) | Time:00:00.90 | Mem:0.00M, Peak:0.00M | Scene, ViewLayer | Synchronizing object | Entry tread raised antislip ridge.146
Fra:1 Mem:536.41M (Peak 536.41M) | Time:00:00.90 | Mem:0.00M, Peak:0.00M | Scene, ViewLayer | Synchronizing object | Entry tread raised antislip ridge.147
Fra:1 Mem:536.42M (Peak 536.42M) | Time:00:00.90 | Mem:0.00M, Peak:0.00M | Scene, ViewLayer | Synchronizing object | Entry tread raised antislip ridge.148
Fra:1 Mem:536.42M (Peak 536.42M) | Time:00:00.90 | Mem:0.00M, Peak:0.00M | Scene, ViewLayer | Synchronizing object | Entry tread raised antislip ridge.149
Fra:1 Mem:536.44M (Peak 536.44M) | Time:00:00.90 | Mem:0.00M, Peak:0.00M | Scene, ViewLayer | Synchronizing object | Entrance ladder perforated tread.010
Fra:1 Mem:536.44M (Peak 536.44M) | Time:00:00.90 | Mem:0.00M, Peak:0.00M | Scene, ViewLayer | Synchronizing object | Entry tread raised antislip ridge.150
Fra:1 Mem:536.45M (Peak 536.45M) | Time:00:00.90 | Mem:0.00M, Peak:0.00M | Scene, ViewLayer | Synchronizing object | Entry tread raised antislip ridge.151
Fra:1 Mem:536.46M (Peak 536.46M) | Time:00:00.90 | Mem:0.00M, Peak:0.00M | Scene, ViewLayer | Synchronizing object | Entry tread raised antislip ridge.152
Fra:1 Mem:536.47M (Peak 536.47M) | Time:00:00.90 | Mem:0.00M, Peak:0.00M | Scene, ViewLayer | Synchronizing object | Entry tread raised antislip ridge.153
Fra:1 Mem:536.48M (Peak 536.48M) | Time:00:00.90 | Mem:0.00M, Peak:0.00M | Scene, ViewLayer | Synchronizing object | Entry tread raised antislip ridge.154
Fra:1 Mem:536.48M (Peak 536.48M) | Time:00:00.90 | Mem:0.00M, Peak:0.00M | Scene, ViewLayer | Synchronizing object | Entry tread raised antislip ridge.155
Fra:1 Mem:536.49M (Peak 536.49M) | Time:00:00.90 | Mem:0.00M, Peak:0.00M | Scene, ViewLayer | Synchronizing object | Entry tread raised antislip ridge.156
Fra:1 Mem:536.50M (Peak 536.50M) | Time:00:00.90 | Mem:0.00M, Peak:0.00M | Scene, ViewLayer | Synchronizing object | Entry tread raised antislip ridge.157
Fra:1 Mem:536.51M (Peak 536.51M) | Time:00:00.90 | Mem:0.00M, Peak:0.00M | Scene, ViewLayer | Synchronizing object | Entry tread raised antislip ridge.158
Fra:1 Mem:536.52M (Peak 536.52M) | Time:00:00.90 | Mem:0.00M, Peak:0.00M | Scene, ViewLayer | Synchronizing object | Entry tread raised antislip ridge.159
Fra:1 Mem:536.53M (Peak 536.53M) | Time:00:00.90 | Mem:0.00M, Peak:0.00M | Scene, ViewLayer | Synchronizing object | Entry tread raised antislip ridge.160
Fra:1 Mem:536.53M (Peak 536.53M) | Time:00:00.90 | Mem:0.00M, Peak:0.00M | Scene, ViewLayer | Synchronizing object | Entry tread raised antislip ridge.161
Fra:1 Mem:536.54M (Peak 536.54M) | Time:00:00.90 | Mem:0.00M, Peak:0.00M | Scene, ViewLayer | Synchronizing object | Entry tread raised antislip ridge.162
Fra:1 Mem:536.55M (Peak 536.55M) | Time:00:00.90 | Mem:0.00M, Peak:0.00M | Scene, ViewLayer | Synchronizing object | Entry tread raised antislip ridge.163
Fra:1 Mem:536.56M (Peak 536.56M) | Time:00:00.90 | Mem:0.00M, Peak:0.00M | Scene, ViewLayer | Synchronizing object | Entry tread raised antislip ridge.164
Fra:1 Mem:536.57M (Peak 536.57M) | Time:00:00.90 | Mem:0.00M, Peak:0.00M | Scene, ViewLayer | Synchronizing object | Entry tread raised antislip ridge.165
Fra:1 Mem:536.58M (Peak 536.58M) | Time:00:00.90 | Mem:0.00M, Peak:0.00M | Scene, ViewLayer | Synchronizing object | Entrance ladder perforated tread.011
Fra:1 Mem:536.59M (Peak 536.59M) | Time:00:00.90 | Mem:0.00M, Peak:0.00M | Scene, ViewLayer | Synchronizing object | Entry tread raised antislip ridge.166
Fra:1 Mem:536.59M (Peak 536.59M) | Time:00:00.90 | Mem:0.00M, Peak:0.00M | Scene, ViewLayer | Synchronizing object | Entry tread raised antislip ridge.167
Fra:1 Mem:536.61M (Peak 536.61M) | Time:00:00.90 | Mem:0.00M, Peak:0.00M | Scene, ViewLayer | Synchronizing object | Entry tread raised antislip ridge.168
Fra:1 Mem:536.61M (Peak 536.61M) | Time:00:00.90 | Mem:0.00M, Peak:0.00M | Scene, ViewLayer | Synchronizing object | Entry tread raised antislip ridge.169
Fra:1 Mem:536.62M (Peak 536.62M) | Time:00:00.90 | Mem:0.00M, Peak:0.00M | Scene, ViewLayer | Synchronizing object | Entry tread raised antislip ridge.170
Fra:1 Mem:536.63M (Peak 536.63M) | Time:00:00.90 | Mem:0.00M, Peak:0.00M | Scene, ViewLayer | Synchronizing object | Entry tread raised antislip ridge.171
Fra:1 Mem:536.64M (Peak 536.64M) | Time:00:00.90 | Mem:0.00M, Peak:0.00M | Scene, ViewLayer | Synchronizing object | Entry tread raised antislip ridge.172
Fra:1 Mem:536.65M (Peak 536.65M) | Time:00:00.90 | Mem:0.00M, Peak:0.00M | Scene, ViewLayer | Synchronizing object | Entry tread raised antislip ridge.173
Fra:1 Mem:536.65M (Peak 536.65M) | Time:00:00.90 | Mem:0.00M, Peak:0.00M | Scene, ViewLayer | Synchronizing object | Entry tread raised antislip ridge.174
Fra:1 Mem:536.66M (Peak 536.66M) | Time:00:00.90 | Mem:0.00M, Peak:0.00M | Scene, ViewLayer | Synchronizing object | Entry tread raised antislip ridge.175
Fra:1 Mem:536.66M (Peak 536.66M) | Time:00:00.90 | Mem:0.00M, Peak:0.00M | Scene, ViewLayer | Synchronizing object | Entry tread raised antislip ridge.176
Fra:1 Mem:536.68M (Peak 536.68M) | Time:00:00.90 | Mem:0.00M, Peak:0.00M | Scene, ViewLayer | Synchronizing object | Entry tread raised antislip ridge.177
Fra:1 Mem:536.69M (Peak 536.69M) | Time:00:00.90 | Mem:0.00M, Peak:0.00M | Scene, ViewLayer | Synchronizing object | Entry tread raised antislip ridge.178
Fra:1 Mem:536.69M (Peak 536.69M) | Time:00:00.90 | Mem:0.00M, Peak:0.00M | Scene, ViewLayer | Synchronizing object | Entry tread raised antislip ridge.179
Fra:1 Mem:536.71M (Peak 536.71M) | Time:00:00.90 | Mem:0.00M, Peak:0.00M | Scene, ViewLayer | Synchronizing object | Entrance ladder angle stringer.004
Fra:1 Mem:536.71M (Peak 536.71M) | Time:00:00.90 | Mem:0.00M, Peak:0.00M | Scene, ViewLayer | Synchronizing object | Entrance ladder angle stringer.005
Fra:1 Mem:536.72M (Peak 536.72M) | Time:00:00.90 | Mem:0.00M, Peak:0.00M | Scene, ViewLayer | Synchronizing object | Door instruction.002
Fra:1 Mem:536.73M (Peak 536.73M) | Time:00:00.90 | Mem:0.00M, Peak:0.00M | Scene, ViewLayer | Synchronizing object | Entry lettering.002
Fra:1 Mem:536.74M (Peak 536.74M) | Time:00:00.90 | Mem:0.00M, Peak:0.00M | Scene, ViewLayer | Synchronizing object | Entrance aperture steel return.003
Fra:1 Mem:536.78M (Peak 536.78M) | Time:00:00.90 | Mem:0.00M, Peak:0.00M | Scene, ViewLayer | Synchronizing object | Entrance door weatherseal.003
Fra:1 Mem:536.82M (Peak 536.82M) | Time:00:00.90 | Mem:0.00M, Peak:0.00M | Scene, ViewLayer | Synchronizing object | Entrance pressed steel door panel.006
Fra:1 Mem:536.84M (Peak 536.84M) | Time:00:00.90 | Mem:0.00M, Peak:0.00M | Scene, ViewLayer | Synchronizing object | Entrance pressed steel door panel.007
Fra:1 Mem:536.84M (Peak 536.84M) | Time:00:00.90 | Mem:0.00M, Peak:0.00M | Scene, ViewLayer | Synchronizing object | Entrance glazed opening side rail.007
Fra:1 Mem:536.86M (Peak 536.86M) | Time:00:00.90 | Mem:0.00M, Peak:0.00M | Scene, ViewLayer | Synchronizing object | Door window band lower paint strip.003
Fra:1 Mem:536.87M (Peak 536.87M) | Time:00:00.90 | Mem:0.00M, Peak:0.00M | Scene, ViewLayer | Synchronizing object | Door window band upper paint strip.003
Fra:1 Mem:536.87M (Peak 536.87M) | Time:00:00.90 | Mem:0.00M, Peak:0.00M | Scene, ViewLayer | Synchronizing object | Entrance clear door glazing.003
Fra:1 Mem:536.89M (Peak 536.89M) | Time:00:00.90 | Mem:0.00M, Peak:0.00M | Scene, ViewLayer | Synchronizing object | Entrance window protection bar.015
Fra:1 Mem:536.90M (Peak 536.90M) | Time:00:00.90 | Mem:0.00M, Peak:0.00M | Scene, ViewLayer | Synchronizing object | Entrance window protection bar.016
Fra:1 Mem:536.90M (Peak 536.90M) | Time:00:00.90 | Mem:0.00M, Peak:0.00M | Scene, ViewLayer | Synchronizing object | Entrance window protection bar.017
Fra:1 Mem:536.91M (Peak 536.91M) | Time:00:00.90 | Mem:0.00M, Peak:0.00M | Scene, ViewLayer | Synchronizing object | Entrance window protection bar.018
Fra:1 Mem:536.91M (Peak 536.91M) | Time:00:00.90 | Mem:0.00M, Peak:0.00M | Scene, ViewLayer | Synchronizing object | Pressed door lower panel bead.006
Fra:1 Mem:536.94M (Peak 536.94M) | Time:00:00.90 | Mem:0.00M, Peak:0.00M | Scene, ViewLayer | Synchronizing object | Pressed door lower panel bead.007
Fra:1 Mem:536.94M (Peak 536.94M) | Time:00:00.90 | Mem:0.00M, Peak:0.00M | Scene, ViewLayer | Synchronizing object | Door hinge knuckle.009
Fra:1 Mem:536.96M (Peak 536.96M) | Time:00:00.90 | Mem:0.00M, Peak:0.00M | Scene, ViewLayer | Synchronizing object | Door hinge plate.018
Fra:1 Mem:536.97M (Peak 536.97M) | Time:00:00.90 | Mem:0.00M, Peak:0.00M | Scene, ViewLayer | Synchronizing object | Door hinge plate.019
Fra:1 Mem:536.98M (Peak 536.98M) | Time:00:00.90 | Mem:0.00M, Peak:0.00M | Scene, ViewLayer | Synchronizing object | Door hinge knuckle.010
Fra:1 Mem:536.98M (Peak 536.98M) | Time:00:00.90 | Mem:0.00M, Peak:0.00M | Scene, ViewLayer | Synchronizing object | Door hinge plate.021
Fra:1 Mem:537.01M (Peak 537.01M) | Time:00:00.90 | Mem:0.00M, Peak:0.00M | Scene, ViewLayer | Synchronizing object | Door hinge knuckle.011
Fra:1 Mem:537.01M (Peak 537.01M) | Time:00:00.90 | Mem:0.00M, Peak:0.00M | Scene, ViewLayer | Synchronizing object | Door hinge plate.022
Fra:1 Mem:537.01M (Peak 537.01M) | Time:00:00.90 | Mem:0.00M, Peak:0.00M | Scene, ViewLayer | Synchronizing object | Door hinge plate.023
Fra:1 Mem:537.02M (Peak 537.02M) | Time:00:00.90 | Mem:0.00M, Peak:0.00M | Scene, ViewLayer | Synchronizing object | Door polished pull.003
Fra:1 Mem:537.03M (Peak 537.03M) | Time:00:00.90 | Mem:0.00M, Peak:0.00M | Scene, ViewLayer | Synchronizing object | Door handle mounting boss.006
Fra:1 Mem:537.03M (Peak 537.03M) | Time:00:00.90 | Mem:0.00M, Peak:0.00M | Scene, ViewLayer | Synchronizing object | Door lock escutcheon.003
Fra:1 Mem:537.05M (Peak 537.05M) | Time:00:00.90 | Mem:0.00M, Peak:0.00M | Scene, ViewLayer | Synchronizing object | Door key slot.003
Fra:1 Mem:537.05M (Peak 537.05M) | Time:00:00.90 | Mem:0.00M, Peak:0.00M | Scene, ViewLayer | Synchronizing object | Bent entrance stainless grabrail.006
Fra:1 Mem:537.05M (Peak 537.05M) | Time:00:00.90 | Mem:0.00M, Peak:0.00M | Scene, ViewLayer | Synchronizing object | Grabrail mounting pad.013
Fra:1 Mem:537.13M (Peak 537.13M) | Time:00:00.90 | Mem:0.00M, Peak:0.00M | Scene, ViewLayer | Synchronizing object | Bent entrance stainless grabrail.007
Fra:1 Mem:537.13M (Peak 537.13M) | Time:00:00.90 | Mem:0.00M, Peak:0.00M | Scene, ViewLayer | Synchronizing object | Grabrail mounting pad.014
Fra:1 Mem:537.14M (Peak 537.14M) | Time:00:00.90 | Mem:0.00M, Peak:0.00M | Scene, ViewLayer | Synchronizing object | Grabrail mounting pad.015
Fra:1 Mem:537.15M (Peak 537.15M) | Time:00:00.90 | Mem:0.00M, Peak:0.00M | Scene, ViewLayer | Synchronizing object | Entrance ladder perforated tread.012
Fra:1 Mem:537.16M (Peak 537.16M) | Time:00:00.90 | Mem:0.00M, Peak:0.00M | Scene, ViewLayer | Synchronizing object | Entry tread raised antislip ridge.180
Fra:1 Mem:537.17M (Peak 537.17M) | Time:00:00.90 | Mem:0.00M, Peak:0.00M | Scene, ViewLayer | Synchronizing object | Entry tread raised antislip ridge.181
Fra:1 Mem:537.18M (Peak 537.18M) | Time:00:00.90 | Mem:0.00M, Peak:0.00M | Scene, ViewLayer | Synchronizing object | Entry tread raised antislip ridge.182
Fra:1 Mem:537.18M (Peak 537.18M) | Time:00:00.90 | Mem:0.00M, Peak:0.00M | Scene, ViewLayer | Synchronizing object | Entry tread raised antislip ridge.183
Fra:1 Mem:537.19M (Peak 537.19M) | Time:00:00.90 | Mem:0.00M, Peak:0.00M | Scene, ViewLayer | Synchronizing object | Entry tread raised antislip ridge.184
Fra:1 Mem:537.21M (Peak 537.21M) | Time:00:00.90 | Mem:0.00M, Peak:0.00M | Scene, ViewLayer | Synchronizing object | Entry tread raised antislip ridge.185
Fra:1 Mem:537.20M (Peak 537.21M) | Time:00:00.90 | Mem:0.00M, Peak:0.00M | Scene, ViewLayer | Synchronizing object | Entry tread raised antislip ridge.186
Fra:1 Mem:537.22M (Peak 537.22M) | Time:00:00.90 | Mem:0.00M, Peak:0.00M | Scene, ViewLayer | Synchronizing object | Entry tread raised antislip ridge.187
Fra:1 Mem:537.23M (Peak 537.23M) | Time:00:00.90 | Mem:0.00M, Peak:0.00M | Scene, ViewLayer | Synchronizing object | Entry tread raised antislip ridge.188
Fra:1 Mem:537.23M (Peak 537.23M) | Time:00:00.90 | Mem:0.00M, Peak:0.00M | Scene, ViewLayer | Synchronizing object | Entry tread raised antislip ridge.189
Fra:1 Mem:537.24M (Peak 537.24M) | Time:00:00.90 | Mem:0.00M, Peak:0.00M | Scene, ViewLayer | Synchronizing object | Entry tread raised antislip ridge.190
Fra:1 Mem:537.26M (Peak 537.26M) | Time:00:00.90 | Mem:0.00M, Peak:0.00M | Scene, ViewLayer | Synchronizing object | Entry tread raised antislip ridge.191
Fra:1 Mem:537.26M (Peak 537.26M) | Time:00:00.90 | Mem:0.00M, Peak:0.00M | Scene, ViewLayer | Synchronizing object | Entry tread raised antislip ridge.192
Fra:1 Mem:537.26M (Peak 537.26M) | Time:00:00.90 | Mem:0.00M, Peak:0.00M | Scene, ViewLayer | Synchronizing object | Entry tread raised antislip ridge.193
Fra:1 Mem:537.28M (Peak 537.28M) | Time:00:00.90 | Mem:0.00M, Peak:0.00M | Scene, ViewLayer | Synchronizing object | Entry tread raised antislip ridge.194
Fra:1 Mem:537.28M (Peak 537.28M) | Time:00:00.90 | Mem:0.00M, Peak:0.00M | Scene, ViewLayer | Synchronizing object | Entrance ladder perforated tread.013
Fra:1 Mem:537.29M (Peak 537.29M) | Time:00:00.90 | Mem:0.00M, Peak:0.00M | Scene, ViewLayer | Synchronizing object | Entry tread raised antislip ridge.195
Fra:1 Mem:537.31M (Peak 537.31M) | Time:00:00.90 | Mem:0.00M, Peak:0.00M | Scene, ViewLayer | Synchronizing object | Entry tread raised antislip ridge.196
Fra:1 Mem:537.31M (Peak 537.31M) | Time:00:00.90 | Mem:0.00M, Peak:0.00M | Scene, ViewLayer | Synchronizing object | Entry tread raised antislip ridge.197
Fra:1 Mem:537.31M (Peak 537.31M) | Time:00:00.90 | Mem:0.00M, Peak:0.00M | Scene, ViewLayer | Synchronizing object | Entry tread raised antislip ridge.198
Fra:1 Mem:537.33M (Peak 537.33M) | Time:00:00.90 | Mem:0.00M, Peak:0.00M | Scene, ViewLayer | Synchronizing object | Entry tread raised antislip ridge.199
Fra:1 Mem:537.33M (Peak 537.33M) | Time:00:00.90 | Mem:0.00M, Peak:0.00M | Scene, ViewLayer | Synchronizing object | Entry tread raised antislip ridge.200
Fra:1 Mem:537.34M (Peak 537.34M) | Time:00:00.90 | Mem:0.00M, Peak:0.00M | Scene, ViewLayer | Synchronizing object | Entry tread raised antislip ridge.201
Fra:1 Mem:537.36M (Peak 537.36M) | Time:00:00.90 | Mem:0.00M, Peak:0.00M | Scene, ViewLayer | Synchronizing object | Entry tread raised antislip ridge.202
Fra:1 Mem:537.36M (Peak 537.36M) | Time:00:00.90 | Mem:0.00M, Peak:0.00M | Scene, ViewLayer | Synchronizing object | Entry tread raised antislip ridge.203
Fra:1 Mem:537.37M (Peak 537.37M) | Time:00:00.90 | Mem:0.00M, Peak:0.00M | Scene, ViewLayer | Synchronizing object | Entry tread raised antislip ridge.204
Fra:1 Mem:537.38M (Peak 537.38M) | Time:00:00.90 | Mem:0.00M, Peak:0.00M | Scene, ViewLayer | Synchronizing object | Entry tread raised antislip ridge.205
Fra:1 Mem:537.38M (Peak 537.38M) | Time:00:00.90 | Mem:0.00M, Peak:0.00M | Scene, ViewLayer | Synchronizing object | Entry tread raised antislip ridge.206
Fra:1 Mem:537.40M (Peak 537.40M) | Time:00:00.90 | Mem:0.00M, Peak:0.00M | Scene, ViewLayer | Synchronizing object | Entry tread raised antislip ridge.207
Fra:1 Mem:537.40M (Peak 537.40M) | Time:00:00.90 | Mem:0.00M, Peak:0.00M | Scene, ViewLayer | Synchronizing object | Entry tread raised antislip ridge.209
Fra:1 Mem:537.42M (Peak 537.42M) | Time:00:00.90 | Mem:0.00M, Peak:0.00M | Scene, ViewLayer | Synchronizing object | Entrance ladder perforated tread.014
Fra:1 Mem:537.43M (Peak 537.43M) | Time:00:00.90 | Mem:0.00M, Peak:0.00M | Scene, ViewLayer | Synchronizing object | Entry tread raised antislip ridge.211
Fra:1 Mem:537.45M (Peak 537.45M) | Time:00:00.90 | Mem:0.00M, Peak:0.00M | Scene, ViewLayer | Synchronizing object | Entry tread raised antislip ridge.212
Fra:1 Mem:537.46M (Peak 537.46M) | Time:00:00.90 | Mem:0.00M, Peak:0.00M | Scene, ViewLayer | Synchronizing object | Entry tread raised antislip ridge.213
Fra:1 Mem:537.46M (Peak 537.46M) | Time:00:00.90 | Mem:0.00M, Peak:0.00M | Scene, ViewLayer | Synchronizing object | Entry tread raised antislip ridge.214
Fra:1 Mem:537.47M (Peak 537.47M) | Time:00:00.90 | Mem:0.00M, Peak:0.00M | Scene, ViewLayer | Synchronizing object | Entry tread raised antislip ridge.215
Fra:1 Mem:537.48M (Peak 537.48M) | Time:00:00.90 | Mem:0.00M, Peak:0.00M | Scene, ViewLayer | Synchronizing object | Entry tread raised antislip ridge.216
Fra:1 Mem:537.49M (Peak 537.49M) | Time:00:00.90 | Mem:0.00M, Peak:0.00M | Scene, ViewLayer | Synchronizing object | Entry tread raised antislip ridge.217
Fra:1 Mem:537.50M (Peak 537.50M) | Time:00:00.90 | Mem:0.00M, Peak:0.00M | Scene, ViewLayer | Synchronizing object | Entry tread raised antislip ridge.218
Fra:1 Mem:537.50M (Peak 537.50M) | Time:00:00.90 | Mem:0.00M, Peak:0.00M | Scene, ViewLayer | Synchronizing object | Entry tread raised antislip ridge.219
Fra:1 Mem:537.52M (Peak 537.52M) | Time:00:00.90 | Mem:0.00M, Peak:0.00M | Scene, ViewLayer | Synchronizing object | Entry tread raised antislip ridge.220
Fra:1 Mem:537.53M (Peak 537.53M) | Time:00:00.90 | Mem:0.00M, Peak:0.00M | Scene, ViewLayer | Synchronizing object | Entry tread raised antislip ridge.221
Fra:1 Mem:537.53M (Peak 537.53M) | Time:00:00.90 | Mem:0.00M, Peak:0.00M | Scene, ViewLayer | Synchronizing object | Entry tread raised antislip ridge.222
Fra:1 Mem:537.54M (Peak 537.54M) | Time:00:00.90 | Mem:0.00M, Peak:0.00M | Scene, ViewLayer | Synchronizing object | Entry tread raised antislip ridge.223
Fra:1 Mem:537.55M (Peak 537.55M) | Time:00:00.90 | Mem:0.00M, Peak:0.00M | Scene, ViewLayer | Synchronizing object | Entry tread raised antislip ridge.224
Fra:1 Mem:537.55M (Peak 537.55M) | Time:00:00.90 | Mem:0.00M, Peak:0.00M | Scene, ViewLayer | Synchronizing object | Entrance ladder perforated tread.015
Fra:1 Mem:537.57M (Peak 537.57M) | Time:00:00.90 | Mem:0.00M, Peak:0.00M | Scene, ViewLayer | Synchronizing object | Entry tread raised antislip ridge.225
Fra:1 Mem:537.58M (Peak 537.58M) | Time:00:00.90 | Mem:0.00M, Peak:0.00M | Scene, ViewLayer | Synchronizing object | Entry tread raised antislip ridge.226
Fra:1 Mem:537.58M (Peak 537.58M) | Time:00:00.90 | Mem:0.00M, Peak:0.00M | Scene, ViewLayer | Synchronizing object | Entry tread raised antislip ridge.228
Fra:1 Mem:537.60M (Peak 537.60M) | Time:00:00.90 | Mem:0.00M, Peak:0.00M | Scene, ViewLayer | Synchronizing object | Entry tread raised antislip ridge.229
Fra:1 Mem:537.61M (Peak 537.61M) | Time:00:00.90 | Mem:0.00M, Peak:0.00M | Scene, ViewLayer | Synchronizing object | Entry tread raised antislip ridge.230
Fra:1 Mem:537.61M (Peak 537.61M) | Time:00:00.90 | Mem:0.00M, Peak:0.00M | Scene, ViewLayer | Synchronizing object | Entry tread raised antislip ridge.231
Fra:1 Mem:537.62M (Peak 537.62M) | Time:00:00.90 | Mem:0.00M, Peak:0.00M | Scene, ViewLayer | Synchronizing object | Entry tread raised antislip ridge.232
Fra:1 Mem:537.63M (Peak 537.63M) | Time:00:00.90 | Mem:0.00M, Peak:0.00M | Scene, ViewLayer | Synchronizing object | Entry tread raised antislip ridge.233
Fra:1 Mem:537.64M (Peak 537.64M) | Time:00:00.90 | Mem:0.00M, Peak:0.00M | Scene, ViewLayer | Synchronizing object | Entry tread raised antislip ridge.234
Fra:1 Mem:537.65M (Peak 537.65M) | Time:00:00.90 | Mem:0.00M, Peak:0.00M | Scene, ViewLayer | Synchronizing object | Entry tread raised antislip ridge.235
Fra:1 Mem:537.66M (Peak 537.66M) | Time:00:00.90 | Mem:0.00M, Peak:0.00M | Scene, ViewLayer | Synchronizing object | Entry tread raised antislip ridge.236
Fra:1 Mem:537.66M (Peak 537.66M) | Time:00:00.90 | Mem:0.00M, Peak:0.00M | Scene, ViewLayer | Synchronizing object | Entry tread raised antislip ridge.237
Fra:1 Mem:537.68M (Peak 537.68M) | Time:00:00.90 | Mem:0.00M, Peak:0.00M | Scene, ViewLayer | Synchronizing object | Entry tread raised antislip ridge.238
Fra:1 Mem:537.68M (Peak 537.68M) | Time:00:00.90 | Mem:0.00M, Peak:0.00M | Scene, ViewLayer | Synchronizing object | Entry tread raised antislip ridge.239
Fra:1 Mem:537.69M (Peak 537.69M) | Time:00:00.90 | Mem:0.00M, Peak:0.00M | Scene, ViewLayer | Synchronizing object | Entrance ladder angle stringer.006
Fra:1 Mem:537.70M (Peak 537.70M) | Time:00:00.90 | Mem:0.00M, Peak:0.00M | Scene, ViewLayer | Synchronizing object | Entrance ladder angle stringer.007
Fra:1 Mem:537.71M (Peak 537.71M) | Time:00:00.90 | Mem:0.00M, Peak:0.00M | Scene, ViewLayer | Synchronizing object | Door instruction.003
Fra:1 Mem:537.73M (Peak 537.73M) | Time:00:00.90 | Mem:0.00M, Peak:0.00M | Scene, ViewLayer | Synchronizing object | Entry lettering.003
Fra:1 Mem:537.74M (Peak 537.74M) | Time:00:00.90 | Mem:0.00M, Peak:0.00M | Scene, ViewLayer | Synchronizing object | Toilet window black gasket.002
Fra:1 Mem:537.81M (Peak 537.81M) | Time:00:00.90 | Mem:0.00M, Peak:0.00M | Scene, ViewLayer | Synchronizing object | Obscure toilet glass.002
Fra:1 Mem:537.83M (Peak 537.83M) | Time:00:00.90 | Mem:0.00M, Peak:0.00M | Scene, ViewLayer | Synchronizing object | Toilet window external bar.008
Fra:1 Mem:537.83M (Peak 537.83M) | Time:00:00.90 | Mem:0.00M, Peak:0.00M | Scene, ViewLayer | Synchronizing object | Toilet window external bar.009
Fra:1 Mem:537.83M (Peak 537.83M) | Time:00:00.90 | Mem:0.00M, Peak:0.00M | Scene, ViewLayer | Synchronizing object | Toilet window external bar.010
Fra:1 Mem:537.83M (Peak 537.83M) | Time:00:00.90 | Mem:0.00M, Peak:0.00M | Scene, ViewLayer | Synchronizing object | Toilet window external bar.011
Fra:1 Mem:537.83M (Peak 537.83M) | Time:00:00.90 | Mem:0.00M, Peak:0.00M | Scene, ViewLayer | Synchronizing object | Obscure toilet glass.003
Fra:1 Mem:537.85M (Peak 537.85M) | Time:00:00.90 | Mem:0.00M, Peak:0.00M | Scene, ViewLayer | Synchronizing object | Toilet window external bar.012
Fra:1 Mem:537.87M (Peak 537.87M) | Time:00:00.90 | Mem:0.00M, Peak:0.00M | Scene, ViewLayer | Synchronizing object | Toilet window external bar.013
Fra:1 Mem:537.87M (Peak 537.87M) | Time:00:00.90 | Mem:0.00M, Peak:0.00M | Scene, ViewLayer | Synchronizing object | Toilet window external bar.014
Fra:1 Mem:537.88M (Peak 537.88M) | Time:00:00.90 | Mem:0.00M, Peak:0.00M | Scene, ViewLayer | Synchronizing object | Toilet window external bar.015
Fra:1 Mem:537.88M (Peak 537.88M) | Time:00:00.90 | Mem:0.00M, Peak:0.00M | Scene, ViewLayer | Synchronizing object | English class legend.001
Fra:1 Mem:537.88M (Peak 537.88M) | Time:00:00.90 | Mem:0.00M, Peak:0.00M | Scene, ViewLayer | Synchronizing object | Hindi class painted marking.001
Fra:1 Mem:537.91M (Peak 537.91M) | Time:00:00.90 | Mem:0.00M, Peak:0.00M | Scene, ViewLayer | Synchronizing object | Coach number illustrative.001
Fra:1 Mem:537.92M (Peak 537.92M) | Time:00:00.90 | Mem:0.00M, Peak:0.00M | Scene, ViewLayer | Synchronizing object | Zone initials.001
Fra:1 Mem:538.11M (Peak 538.11M) | Time:00:00.90 | Mem:0.00M, Peak:0.00M | Scene, ViewLayer | Synchronizing object | Yellow destination board.001
Fra:1 Mem:538.16M (Peak 538.16M) | Time:00:00.90 | Mem:0.00M, Peak:0.00M | Scene, ViewLayer | Synchronizing object | Route destination legend.001
Fra:1 Mem:538.27M (Peak 538.27M) | Time:00:00.90 | Mem:0.00M, Peak:0.00M | Scene, ViewLayer | Synchronizing object | Destination board mounting bracket.002
Fra:1 Mem:538.29M (Peak 538.29M) | Time:00:00.90 | Mem:0.00M, Peak:0.00M | Scene, ViewLayer | Synchronizing object | Destination board mounting bracket.003
Fra:1 Mem:538.34M (Peak 538.34M) | Time:00:00.90 | Mem:0.00M, Peak:0.00M | Scene, ViewLayer | Synchronizing object | Destination board fixing screw.004
Fra:1 Mem:538.34M (Peak 538.34M) | Time:00:00.90 | Mem:0.00M, Peak:0.00M | Scene, ViewLayer | Synchronizing object | Destination board fixing screw.005
Fra:1 Mem:538.33M (Peak 538.34M) | Time:00:00.90 | Mem:0.00M, Peak:0.00M | Scene, ViewLayer | Synchronizing object | Destination board fixing screw.006
Fra:1 Mem:538.33M (Peak 538.34M) | Time:00:00.90 | Mem:0.00M, Peak:0.00M | Scene, ViewLayer | Synchronizing object | Coach position plate.001
Fra:1 Mem:538.33M (Peak 538.34M) | Time:00:00.90 | Mem:0.00M, Peak:0.00M | Scene, ViewLayer | Synchronizing object | Coach position character.001
Fra:1 Mem:538.35M (Peak 538.35M) | Time:00:00.90 | Mem:0.00M, Peak:0.00M | Scene, ViewLayer | Synchronizing object | Technical maintenance stencil.002
Fra:1 Mem:538.38M (Peak 538.38M) | Time:00:00.90 | Mem:0.00M, Peak:0.00M | Scene, ViewLayer | Synchronizing object | Technical maintenance stencil.003
Fra:1 Mem:538.69M (Peak 538.69M) | Time:00:00.90 | Mem:0.00M, Peak:0.00M | Scene, ViewLayer | Synchronizing object | Pneumatic release stencil.001
Fra:1 Mem:538.78M (Peak 538.78M) | Time:00:00.90 | Mem:0.00M, Peak:0.00M | Scene, ViewLayer | Synchronizing object | Rounded end corner pressed skin.006
Fra:1 Mem:538.81M (Peak 538.81M) | Time:00:00.90 | Mem:0.00M, Peak:0.00M | Scene, ViewLayer | Synchronizing object | Rounded end corner pressed skin.007
Fra:1 Mem:538.83M (Peak 538.83M) | Time:00:00.90 | Mem:0.00M, Peak:0.00M | Scene, ViewLayer | Synchronizing object | Rounded end corner pressed skin.008
Fra:1 Mem:538.87M (Peak 538.87M) | Time:00:00.90 | Mem:0.00M, Peak:0.00M | Scene, ViewLayer | Synchronizing object | Rounded end corner pressed skin.009
Fra:1 Mem:538.87M (Peak 538.87M) | Time:00:00.90 | Mem:0.00M, Peak:0.00M | Scene, ViewLayer | Synchronizing object | Rounded end corner pressed skin.010
Fra:1 Mem:538.84M (Peak 538.87M) | Time:00:00.90 | Mem:0.00M, Peak:0.00M | Scene, ViewLayer | Synchronizing object | Rounded end corner pressed skin.011
Fra:1 Mem:538.84M (Peak 538.87M) | Time:00:00.90 | Mem:0.00M, Peak:0.00M | Scene, ViewLayer | Synchronizing object | Arched interior ceiling laminate
Fra:1 Mem:538.88M (Peak 538.88M) | Time:00:00.90 | Mem:0.00M, Peak:0.00M | Scene, ViewLayer | Synchronizing object | Roof sheet flush weld
Fra:1 Mem:538.90M (Peak 538.90M) | Time:00:00.90 | Mem:0.00M, Peak:0.00M | Scene, ViewLayer | Synchronizing object | Roof sheet flush weld.001
Fra:1 Mem:539.01M (Peak 539.01M) | Time:00:00.90 | Mem:0.00M, Peak:0.00M | Scene, ViewLayer | Synchronizing object | Roof sheet flush weld.002
Fra:1 Mem:539.06M (Peak 539.06M) | Time:00:00.90 | Mem:0.00M, Peak:0.00M | Scene, ViewLayer | Synchronizing object | Roof sheet flush weld.003
Fra:1 Mem:539.11M (Peak 539.11M) | Time:00:00.90 | Mem:0.00M, Peak:0.00M | Scene, ViewLayer | Synchronizing object | Roof sheet flush weld.004
Fra:1 Mem:539.14M (Peak 539.14M) | Time:00:00.90 | Mem:0.00M, Peak:0.00M | Scene, ViewLayer | Synchronizing object | Roof sheet flush weld.005
Fra:1 Mem:539.19M (Peak 539.19M) | Time:00:00.90 | Mem:0.00M, Peak:0.00M | Scene, ViewLayer | Synchronizing object | Roof sheet flush weld.006
Fra:1 Mem:539.22M (Peak 539.22M) | Time:00:00.90 | Mem:0.00M, Peak:0.00M | Scene, ViewLayer | Synchronizing object | Roof sheet flush weld.007
Fra:1 Mem:539.23M (Peak 539.23M) | Time:00:00.90 | Mem:0.00M, Peak:0.00M | Scene, ViewLayer | Synchronizing object | Roof sheet flush weld.008
Fra:1 Mem:539.25M (Peak 539.25M) | Time:00:00.90 | Mem:0.00M, Peak:0.00M | Scene, ViewLayer | Synchronizing object | Low roof extractor mounting flange
Fra:1 Mem:539.28M (Peak 539.28M) | Time:00:00.90 | Mem:0.00M, Peak:0.00M | Scene, ViewLayer | Synchronizing object | Pressed roof ventilator rain cowl
Fra:1 Mem:539.30M (Peak 539.30M) | Time:00:00.90 | Mem:0.00M, Peak:0.00M | Scene, ViewLayer | Synchronizing object | Roof vent folded retaining clip
Fra:1 Mem:539.30M (Peak 539.30M) | Time:00:00.90 | Mem:0.00M, Peak:0.00M | Scene, ViewLayer | Synchronizing object | Roof vent mounting screw
Fra:1 Mem:539.30M (Peak 539.30M) | Time:00:00.90 | Mem:0.00M, Peak:0.00M | Scene, ViewLayer | Synchronizing object | Roof vent folded retaining clip.001
Fra:1 Mem:539.31M (Peak 539.31M) | Time:00:00.90 | Mem:0.00M, Peak:0.00M | Scene, ViewLayer | Synchronizing object | Roof vent mounting screw.001
Fra:1 Mem:539.33M (Peak 539.33M) | Time:00:00.90 | Mem:0.00M, Peak:0.00M | Scene, ViewLayer | Synchronizing object | Roof vent mounting screw.002
Fra:1 Mem:539.32M (Peak 539.33M) | Time:00:00.90 | Mem:0.00M, Peak:0.00M | Scene, ViewLayer | Synchronizing object | Roof vent folded retaining clip.003
Fra:1 Mem:539.33M (Peak 539.33M) | Time:00:00.90 | Mem:0.00M, Peak:0.00M | Scene, ViewLayer | Synchronizing object | Ventilator airway mouth
Fra:1 Mem:539.34M (Peak 539.34M) | Time:00:00.90 | Mem:0.00M, Peak:0.00M | Scene, ViewLayer | Synchronizing object | Ventilator airway mouth.001
Fra:1 Mem:539.34M (Peak 539.34M) | Time:00:00.90 | Mem:0.00M, Peak:0.00M | Scene, ViewLayer | Synchronizing object | Low roof extractor mounting flange.001
Fra:1 Mem:539.34M (Peak 539.34M) | Time:00:00.90 | Mem:0.00M, Peak:0.00M | Scene, ViewLayer | Synchronizing object | Pressed roof ventilator rain cowl.001
Fra:1 Mem:539.35M (Peak 539.35M) | Time:00:00.90 | Mem:0.00M, Peak:0.00M | Scene, ViewLayer | Synchronizing object | Roof vent mounting screw.004
Fra:1 Mem:539.35M (Peak 539.35M) | Time:00:00.90 | Mem:0.00M, Peak:0.00M | Scene, ViewLayer | Synchronizing object | Roof vent folded retaining clip.005
Fra:1 Mem:539.35M (Peak 539.35M) | Time:00:00.90 | Mem:0.00M, Peak:0.00M | Scene, ViewLayer | Synchronizing object | Roof vent mounting screw.005
Fra:1 Mem:539.37M (Peak 539.37M) | Time:00:00.90 | Mem:0.00M, Peak:0.00M | Scene, ViewLayer | Synchronizing object | Roof vent folded retaining clip.006
Fra:1 Mem:539.37M (Peak 539.37M) | Time:00:00.90 | Mem:0.00M, Peak:0.00M | Scene, ViewLayer | Synchronizing object | Roof vent mounting screw.006
Fra:1 Mem:539.38M (Peak 539.38M) | Time:00:00.90 | Mem:0.00M, Peak:0.00M | Scene, ViewLayer | Synchronizing object | Roof vent folded retaining clip.007
Fra:1 Mem:539.39M (Peak 539.39M) | Time:00:00.90 | Mem:0.00M, Peak:0.00M | Scene, ViewLayer | Synchronizing object | Roof vent mounting screw.007
Fra:1 Mem:539.39M (Peak 539.39M) | Time:00:00.90 | Mem:0.00M, Peak:0.00M | Scene, ViewLayer | Synchronizing object | Ventilator airway mouth.002
Fra:1 Mem:539.39M (Peak 539.39M) | Time:00:00.90 | Mem:0.00M, Peak:0.00M | Scene, ViewLayer | Synchronizing object | Ventilator airway mouth.003
Fra:1 Mem:539.39M (Peak 539.39M) | Time:00:00.90 | Mem:0.00M, Peak:0.00M | Scene, ViewLayer | Synchronizing object | Pressed roof ventilator rain cowl.002
Fra:1 Mem:539.40M (Peak 539.40M) | Time:00:00.90 | Mem:0.00M, Peak:0.00M | Scene, ViewLayer | Synchronizing object | Roof vent folded retaining clip.008
Fra:1 Mem:539.40M (Peak 539.40M) | Time:00:00.90 | Mem:0.00M, Peak:0.00M | Scene, ViewLayer | Synchronizing object | Roof vent mounting screw.008
Fra:1 Mem:539.42M (Peak 539.42M) | Time:00:00.90 | Mem:0.00M, Peak:0.00M | Scene, ViewLayer | Synchronizing object | Roof vent folded retaining clip.009
Fra:1 Mem:539.42M (Peak 539.42M) | Time:00:00.90 | Mem:0.00M, Peak:0.00M | Scene, ViewLayer | Synchronizing object | Roof vent mounting screw.009
Fra:1 Mem:539.42M (Peak 539.42M) | Time:00:00.90 | Mem:0.00M, Peak:0.00M | Scene, ViewLayer | Synchronizing object | Roof vent folded retaining clip.010
Fra:1 Mem:539.42M (Peak 539.42M) | Time:00:00.90 | Mem:0.00M, Peak:0.00M | Scene, ViewLayer | Synchronizing object | Roof vent mounting screw.010
Fra:1 Mem:539.43M (Peak 539.43M) | Time:00:00.90 | Mem:0.00M, Peak:0.00M | Scene, ViewLayer | Synchronizing object | Roof vent folded retaining clip.011
Fra:1 Mem:539.44M (Peak 539.44M) | Time:00:00.90 | Mem:0.00M, Peak:0.00M | Scene, ViewLayer | Synchronizing object | Roof vent mounting screw.011
Fra:1 Mem:539.44M (Peak 539.44M) | Time:00:00.90 | Mem:0.00M, Peak:0.00M | Scene, ViewLayer | Synchronizing object | Ventilator airway mouth.004
Fra:1 Mem:539.44M (Peak 539.44M) | Time:00:00.90 | Mem:0.00M, Peak:0.00M | Scene, ViewLayer | Synchronizing object | Ventilator airway mouth.005
Fra:1 Mem:539.45M (Peak 539.45M) | Time:00:00.90 | Mem:0.00M, Peak:0.00M | Scene, ViewLayer | Synchronizing object | Low roof extractor mounting flange.003
Fra:1 Mem:539.45M (Peak 539.45M) | Time:00:00.90 | Mem:0.00M, Peak:0.00M | Scene, ViewLayer | Synchronizing object | Roof vent folded retaining clip.012
Fra:1 Mem:539.46M (Peak 539.46M) | Time:00:00.90 | Mem:0.00M, Peak:0.00M | Scene, ViewLayer | Synchronizing object | Roof vent mounting screw.012
Fra:1 Mem:539.46M (Peak 539.46M) | Time:00:00.90 | Mem:0.00M, Peak:0.00M | Scene, ViewLayer | Synchronizing object | Roof vent mounting screw.013
Fra:1 Mem:539.47M (Peak 539.47M) | Time:00:00.90 | Mem:0.00M, Peak:0.00M | Scene, ViewLayer | Synchronizing object | Roof vent folded retaining clip.014
Fra:1 Mem:539.47M (Peak 539.47M) | Time:00:00.90 | Mem:0.00M, Peak:0.00M | Scene, ViewLayer | Synchronizing object | Roof vent mounting screw.014
Fra:1 Mem:539.49M (Peak 539.49M) | Time:00:00.90 | Mem:0.00M, Peak:0.00M | Scene, ViewLayer | Synchronizing object | Roof vent folded retaining clip.015
Fra:1 Mem:539.49M (Peak 539.49M) | Time:00:00.90 | Mem:0.00M, Peak:0.00M | Scene, ViewLayer | Synchronizing object | Roof vent mounting screw.015
Fra:1 Mem:539.50M (Peak 539.50M) | Time:00:00.90 | Mem:0.00M, Peak:0.00M | Scene, ViewLayer | Synchronizing object | Ventilator airway mouth.006
Fra:1 Mem:539.50M (Peak 539.50M) | Time:00:00.90 | Mem:0.00M, Peak:0.00M | Scene, ViewLayer | Synchronizing object | Ventilator airway mouth.007
Fra:1 Mem:539.50M (Peak 539.50M) | Time:00:00.90 | Mem:0.00M, Peak:0.00M | Scene, ViewLayer | Synchronizing object | Pressed roof ventilator rain cowl.004
Fra:1 Mem:539.50M (Peak 539.50M) | Time:00:00.90 | Mem:0.00M, Peak:0.00M | Scene, ViewLayer | Synchronizing object | Roof vent folded retaining clip.016
Fra:1 Mem:539.51M (Peak 539.51M) | Time:00:00.90 | Mem:0.00M, Peak:0.00M | Scene, ViewLayer | Synchronizing object | Roof vent mounting screw.016
Fra:1 Mem:539.51M (Peak 539.51M) | Time:00:00.90 | Mem:0.00M, Peak:0.00M | Scene, ViewLayer | Synchronizing object | Roof vent folded retaining clip.017
Fra:1 Mem:539.52M (Peak 539.52M) | Time:00:00.90 | Mem:0.00M, Peak:0.00M | Scene, ViewLayer | Synchronizing object | Roof vent mounting screw.017
Fra:1 Mem:539.53M (Peak 539.53M) | Time:00:00.90 | Mem:0.00M, Peak:0.00M | Scene, ViewLayer | Synchronizing object | Roof vent folded retaining clip.018
Fra:1 Mem:539.53M (Peak 539.53M) | Time:00:00.90 | Mem:0.00M, Peak:0.00M | Scene, ViewLayer | Synchronizing object | Roof vent mounting screw.018
Fra:1 Mem:539.54M (Peak 539.54M) | Time:00:00.90 | Mem:0.00M, Peak:0.00M | Scene, ViewLayer | Synchronizing object | Roof vent folded retaining clip.019
Fra:1 Mem:539.55M (Peak 539.55M) | Time:00:00.90 | Mem:0.00M, Peak:0.00M | Scene, ViewLayer | Synchronizing object | Roof vent mounting screw.019
Fra:1 Mem:539.55M (Peak 539.55M) | Time:00:00.90 | Mem:0.00M, Peak:0.00M | Scene, ViewLayer | Synchronizing object | Ventilator airway mouth.009
Fra:1 Mem:539.55M (Peak 539.55M) | Time:00:00.90 | Mem:0.00M, Peak:0.00M | Scene, ViewLayer | Synchronizing object | Low roof extractor mounting flange.005
Fra:1 Mem:539.55M (Peak 539.55M) | Time:00:00.90 | Mem:0.00M, Peak:0.00M | Scene, ViewLayer | Synchronizing object | Pressed roof ventilator rain cowl.005
Fra:1 Mem:539.56M (Peak 539.56M) | Time:00:00.90 | Mem:0.00M, Peak:0.00M | Scene, ViewLayer | Synchronizing object | Roof vent folded retaining clip.020
Fra:1 Mem:539.56M (Peak 539.56M) | Time:00:00.90 | Mem:0.00M, Peak:0.00M | Scene, ViewLayer | Synchronizing object | Roof vent mounting screw.020
Fra:1 Mem:539.57M (Peak 539.57M) | Time:00:00.90 | Mem:0.00M, Peak:0.00M | Scene, ViewLayer | Synchronizing object | Roof vent folded retaining clip.021
Fra:1 Mem:539.57M (Peak 539.57M) | Time:00:00.90 | Mem:0.00M, Peak:0.00M | Scene, ViewLayer | Synchronizing object | Roof vent mounting screw.021
Fra:1 Mem:539.60M (Peak 539.60M) | Time:00:00.90 | Mem:0.00M, Peak:0.00M | Scene, ViewLayer | Synchronizing object | Roof vent folded retaining clip.022
Fra:1 Mem:539.58M (Peak 539.60M) | Time:00:00.90 | Mem:0.00M, Peak:0.00M | Scene, ViewLayer | Synchronizing object | Roof vent mounting screw.022
Fra:1 Mem:539.59M (Peak 539.60M) | Time:00:00.90 | Mem:0.00M, Peak:0.00M | Scene, ViewLayer | Synchronizing object | Roof vent folded retaining clip.023
Fra:1 Mem:539.60M (Peak 539.60M) | Time:00:00.90 | Mem:0.00M, Peak:0.00M | Scene, ViewLayer | Synchronizing object | Roof vent mounting screw.023
Fra:1 Mem:539.60M (Peak 539.60M) | Time:00:00.90 | Mem:0.00M, Peak:0.00M | Scene, ViewLayer | Synchronizing object | Ventilator airway mouth.011
Fra:1 Mem:539.61M (Peak 539.61M) | Time:00:00.90 | Mem:0.00M, Peak:0.00M | Scene, ViewLayer | Synchronizing object | Low roof extractor mounting flange.006
Fra:1 Mem:539.61M (Peak 539.61M) | Time:00:00.90 | Mem:0.00M, Peak:0.00M | Scene, ViewLayer | Synchronizing object | Pressed roof ventilator rain cowl.006
Fra:1 Mem:539.61M (Peak 539.61M) | Time:00:00.90 | Mem:0.00M, Peak:0.00M | Scene, ViewLayer | Synchronizing object | Roof vent folded retaining clip.024
Fra:1 Mem:539.62M (Peak 539.62M) | Time:00:00.90 | Mem:0.00M, Peak:0.00M | Scene, ViewLayer | Synchronizing object | Roof vent folded retaining clip.025
Fra:1 Mem:539.63M (Peak 539.63M) | Time:00:00.90 | Mem:0.00M, Peak:0.00M | Scene, ViewLayer | Synchronizing object | Roof vent mounting screw.024
Fra:1 Mem:539.63M (Peak 539.63M) | Time:00:00.90 | Mem:0.00M, Peak:0.00M | Scene, ViewLayer | Synchronizing object | Roof vent mounting screw.025
Fra:1 Mem:539.64M (Peak 539.64M) | Time:00:00.90 | Mem:0.00M, Peak:0.00M | Scene, ViewLayer | Synchronizing object | Roof vent folded retaining clip.026
Fra:1 Mem:539.64M (Peak 539.64M) | Time:00:00.90 | Mem:0.00M, Peak:0.00M | Scene, ViewLayer | Synchronizing object | Roof vent folded retaining clip.027
Fra:1 Mem:539.66M (Peak 539.66M) | Time:00:00.90 | Mem:0.00M, Peak:0.00M | Scene, ViewLayer | Synchronizing object | Roof vent mounting screw.027
Fra:1 Mem:539.66M (Peak 539.66M) | Time:00:00.90 | Mem:0.00M, Peak:0.00M | Scene, ViewLayer | Synchronizing object | Ventilator airway mouth.012
Fra:1 Mem:539.66M (Peak 539.66M) | Time:00:00.90 | Mem:0.00M, Peak:0.00M | Scene, ViewLayer | Synchronizing object | Ventilator airway mouth.013
Fra:1 Mem:539.66M (Peak 539.66M) | Time:00:00.90 | Mem:0.00M, Peak:0.00M | Scene, ViewLayer | Synchronizing object | Pressed roof ventilator rain cowl.007
Fra:1 Mem:539.66M (Peak 539.66M) | Time:00:00.90 | Mem:0.00M, Peak:0.00M | Scene, ViewLayer | Synchronizing object | Roof vent folded retaining clip.028
Fra:1 Mem:539.67M (Peak 539.67M) | Time:00:00.90 | Mem:0.00M, Peak:0.00M | Scene, ViewLayer | Synchronizing object | Roof vent mounting screw.028
Fra:1 Mem:539.68M (Peak 539.68M) | Time:00:00.90 | Mem:0.00M, Peak:0.00M | Scene, ViewLayer | Synchronizing object | Roof vent folded retaining clip.029
Fra:1 Mem:539.68M (Peak 539.68M) | Time:00:00.90 | Mem:0.00M, Peak:0.00M | Scene, ViewLayer | Synchronizing object | Roof vent mounting screw.029
Fra:1 Mem:539.68M (Peak 539.68M) | Time:00:00.90 | Mem:0.00M, Peak:0.00M | Scene, ViewLayer | Synchronizing object | Roof vent folded retaining clip.030
Fra:1 Mem:539.70M (Peak 539.70M) | Time:00:00.90 | Mem:0.00M, Peak:0.00M | Scene, ViewLayer | Synchronizing object | Roof vent mounting screw.030
Fra:1 Mem:539.71M (Peak 539.71M) | Time:00:00.90 | Mem:0.00M, Peak:0.00M | Scene, ViewLayer | Synchronizing object | Roof vent folded retaining clip.031
Fra:1 Mem:539.70M (Peak 539.71M) | Time:00:00.90 | Mem:0.00M, Peak:0.00M | Scene, ViewLayer | Synchronizing object | Ventilator airway mouth.014
Fra:1 Mem:539.71M (Peak 539.71M) | Time:00:00.90 | Mem:0.00M, Peak:0.00M | Scene, ViewLayer | Synchronizing object | Ventilator airway mouth.015
Fra:1 Mem:539.71M (Peak 539.71M) | Time:00:00.90 | Mem:0.00M, Peak:0.00M | Scene, ViewLayer | Synchronizing object | Low roof extractor mounting flange.008
Fra:1 Mem:539.72M (Peak 539.72M) | Time:00:00.90 | Mem:0.00M, Peak:0.00M | Scene, ViewLayer | Synchronizing object | Pressed roof ventilator rain cowl.008
Fra:1 Mem:539.73M (Peak 539.73M) | Time:00:00.90 | Mem:0.00M, Peak:0.00M | Scene, ViewLayer | Synchronizing object | Roof vent mounting screw.032
Fra:1 Mem:539.73M (Peak 539.73M) | Time:00:00.90 | Mem:0.00M, Peak:0.00M | Scene, ViewLayer | Synchronizing object | Roof vent folded retaining clip.033
Fra:1 Mem:539.73M (Peak 539.73M) | Time:00:00.90 | Mem:0.00M, Peak:0.00M | Scene, ViewLayer | Synchronizing object | Roof vent folded retaining clip.034
Fra:1 Mem:539.75M (Peak 539.75M) | Time:00:00.90 | Mem:0.00M, Peak:0.00M | Scene, ViewLayer | Synchronizing object | Roof vent mounting screw.034
Fra:1 Mem:539.75M (Peak 539.75M) | Time:00:00.90 | Mem:0.00M, Peak:0.00M | Scene, ViewLayer | Synchronizing object | Roof vent folded retaining clip.035
Fra:1 Mem:539.75M (Peak 539.75M) | Time:00:00.90 | Mem:0.00M, Peak:0.00M | Scene, ViewLayer | Synchronizing object | Ventilator airway mouth.016
Fra:1 Mem:539.77M (Peak 539.77M) | Time:00:00.90 | Mem:0.00M, Peak:0.00M | Scene, ViewLayer | Synchronizing object | Ventilator airway mouth.017
Fra:1 Mem:539.77M (Peak 539.77M) | Time:00:00.90 | Mem:0.00M, Peak:0.00M | Scene, ViewLayer | Synchronizing object | Formed end wall
Fra:1 Mem:539.77M (Peak 539.77M) | Time:00:00.90 | Mem:0.00M, Peak:0.00M | Scene, ViewLayer | Synchronizing object | End wall door header
Fra:1 Mem:539.78M (Peak 539.78M) | Time:00:00.90 | Mem:0.00M, Peak:0.00M | Scene, ViewLayer | Synchronizing object | Domed end cap skin
Fra:1 Mem:539.79M (Peak 539.79M) | Time:00:00.90 | Mem:0.00M, Peak:0.00M | Scene, ViewLayer | Synchronizing object | Yellow end visibility stripe
Fra:1 Mem:539.79M (Peak 539.79M) | Time:00:00.90 | Mem:0.00M, Peak:0.00M | Scene, ViewLayer | Synchronizing object | Yellow end visibility stripe.001
Fra:1 Mem:539.79M (Peak 539.79M) | Time:00:00.90 | Mem:0.00M, Peak:0.00M | Scene, ViewLayer | Synchronizing object | Concertina gangway upright fold
Fra:1 Mem:539.80M (Peak 539.80M) | Time:00:00.90 | Mem:0.00M, Peak:0.00M | Scene, ViewLayer | Synchronizing object | Concertina gangway roof fold
Fra:1 Mem:539.82M (Peak 539.82M) | Time:00:00.90 | Mem:0.00M, Peak:0.00M | Scene, ViewLayer | Synchronizing object | Concertina gangway upright fold.002
Fra:1 Mem:539.82M (Peak 539.82M) | Time:00:00.90 | Mem:0.00M, Peak:0.00M | Scene, ViewLayer | Synchronizing object | Concertina gangway upright fold.003
Fra:1 Mem:539.83M (Peak 539.83M) | Time:00:00.90 | Mem:0.00M, Peak:0.00M | Scene, ViewLayer | Synchronizing object | Concertina gangway roof fold.001
Fra:1 Mem:539.84M (Peak 539.84M) | Time:00:00.90 | Mem:0.00M, Peak:0.00M | Scene, ViewLayer | Synchronizing object | Concertina gangway upright fold.004
Fra:1 Mem:539.85M (Peak 539.85M) | Time:00:00.90 | Mem:0.00M, Peak:0.00M | Scene, ViewLayer | Synchronizing object | Concertina gangway upright fold.005
Fra:1 Mem:539.85M (Peak 539.85M) | Time:00:00.90 | Mem:0.00M, Peak:0.00M | Scene, ViewLayer | Synchronizing object | Concertina gangway roof fold.002
Fra:1 Mem:539.86M (Peak 539.86M) | Time:00:00.90 | Mem:0.00M, Peak:0.00M | Scene, ViewLayer | Synchronizing object | Concertina gangway upright fold.006
Fra:1 Mem:539.87M (Peak 539.87M) | Time:00:00.90 | Mem:0.00M, Peak:0.00M | Scene, ViewLayer | Synchronizing object | Concertina gangway upright fold.007
Fra:1 Mem:539.87M (Peak 539.87M) | Time:00:00.90 | Mem:0.00M, Peak:0.00M | Scene, ViewLayer | Synchronizing object | Concertina gangway roof fold.003
Fra:1 Mem:539.88M (Peak 539.88M) | Time:00:00.90 | Mem:0.00M, Peak:0.00M | Scene, ViewLayer | Synchronizing object | Concertina gangway upright fold.008
Fra:1 Mem:539.89M (Peak 539.89M) | Time:00:00.90 | Mem:0.00M, Peak:0.00M | Scene, ViewLayer | Synchronizing object | Concertina gangway upright fold.009
Fra:1 Mem:539.90M (Peak 539.90M) | Time:00:00.90 | Mem:0.00M, Peak:0.00M | Scene, ViewLayer | Synchronizing object | Concertina gangway roof fold.004
Fra:1 Mem:539.91M (Peak 539.91M) | Time:00:00.90 | Mem:0.00M, Peak:0.00M | Scene, ViewLayer | Synchronizing object | Concertina gangway upright fold.010
Fra:1 Mem:539.92M (Peak 539.92M) | Time:00:00.90 | Mem:0.00M, Peak:0.00M | Scene, ViewLayer | Synchronizing object | Concertina gangway upright fold.011
Fra:1 Mem:539.92M (Peak 539.92M) | Time:00:00.90 | Mem:0.00M, Peak:0.00M | Scene, ViewLayer | Synchronizing object | Concertina gangway roof fold.005
Fra:1 Mem:539.93M (Peak 539.93M) | Time:00:00.90 | Mem:0.00M, Peak:0.00M | Scene, ViewLayer | Synchronizing object | Concertina gangway upright fold.012
Fra:1 Mem:539.94M (Peak 539.94M) | Time:00:00.90 | Mem:0.00M, Peak:0.00M | Scene, ViewLayer | Synchronizing object | Concertina gangway upright fold.013
Fra:1 Mem:539.95M (Peak 539.95M) | Time:00:00.90 | Mem:0.00M, Peak:0.00M | Scene, ViewLayer | Synchronizing object | Concertina gangway upright fold.014
Fra:1 Mem:539.96M (Peak 539.96M) | Time:00:00.90 | Mem:0.00M, Peak:0.00M | Scene, ViewLayer | Synchronizing object | Concertina gangway upright fold.015
Fra:1 Mem:539.97M (Peak 539.97M) | Time:00:00.90 | Mem:0.00M, Peak:0.00M | Scene, ViewLayer | Synchronizing object | Concertina gangway roof fold.007
Fra:1 Mem:539.98M (Peak 539.98M) | Time:00:00.90 | Mem:0.00M, Peak:0.00M | Scene, ViewLayer | Synchronizing object | Concertina gangway upright fold.016
Fra:1 Mem:539.98M (Peak 539.98M) | Time:00:00.90 | Mem:0.00M, Peak:0.00M | Scene, ViewLayer | Synchronizing object | Concertina gangway upright fold.017
Fra:1 Mem:540.00M (Peak 540.00M) | Time:00:00.90 | Mem:0.00M, Peak:0.00M | Scene, ViewLayer | Synchronizing object | Concertina gangway roof fold.008
Fra:1 Mem:540.01M (Peak 540.01M) | Time:00:00.90 | Mem:0.00M, Peak:0.00M | Scene, ViewLayer | Synchronizing object | Gangway sprung face frame
Fra:1 Mem:540.01M (Peak 540.01M) | Time:00:00.90 | Mem:0.00M, Peak:0.00M | Scene, ViewLayer | Synchronizing object | Gangway sprung top frame
Fra:1 Mem:540.03M (Peak 540.03M) | Time:00:00.90 | Mem:0.00M, Peak:0.00M | Scene, ViewLayer | Synchronizing object | Vestibule bridge plate
Fra:1 Mem:540.03M (Peak 540.03M) | Time:00:00.90 | Mem:0.00M, Peak:0.00M | Scene, ViewLayer | Synchronizing object | Bridge plate grip rib
Fra:1 Mem:540.04M (Peak 540.04M) | Time:00:00.90 | Mem:0.00M, Peak:0.00M | Scene, ViewLayer | Synchronizing object | Bridge plate grip rib.001
Fra:1 Mem:540.04M (Peak 540.04M) | Time:00:00.90 | Mem:0.00M, Peak:0.00M | Scene, ViewLayer | Synchronizing object | Bridge plate grip rib.002
Fra:1 Mem:540.04M (Peak 540.04M) | Time:00:00.90 | Mem:0.00M, Peak:0.00M | Scene, ViewLayer | Synchronizing object | Bridge plate grip rib.004
Fra:1 Mem:540.04M (Peak 540.04M) | Time:00:00.90 | Mem:0.00M, Peak:0.00M | Scene, ViewLayer | Synchronizing object | Bridge plate grip rib.005
Fra:1 Mem:540.05M (Peak 540.05M) | Time:00:00.90 | Mem:0.00M, Peak:0.00M | Scene, ViewLayer | Synchronizing object | Bridge plate grip rib.006
Fra:1 Mem:540.05M (Peak 540.05M) | Time:00:00.90 | Mem:0.00M, Peak:0.00M | Scene, ViewLayer | Synchronizing object | Bridge plate grip rib.008
Fra:1 Mem:540.05M (Peak 540.05M) | Time:00:00.90 | Mem:0.00M, Peak:0.00M | Scene, ViewLayer | Synchronizing object | Bridge plate grip rib.009
Fra:1 Mem:540.05M (Peak 540.05M) | Time:00:00.90 | Mem:0.00M, Peak:0.00M | Scene, ViewLayer | Synchronizing object | Bridge plate grip rib.011
Fra:1 Mem:540.06M (Peak 540.06M) | Time:00:00.90 | Mem:0.00M, Peak:0.00M | Scene, ViewLayer | Synchronizing object | Bridge plate grip rib.012
Fra:1 Mem:540.06M (Peak 540.06M) | Time:00:00.90 | Mem:0.00M, Peak:0.00M | Scene, ViewLayer | Synchronizing object | End sliding door stile.001
Fra:1 Mem:540.07M (Peak 540.07M) | Time:00:00.90 | Mem:0.00M, Peak:0.00M | Scene, ViewLayer | Synchronizing object | End sliding door panel
Fra:1 Mem:540.08M (Peak 540.08M) | Time:00:00.90 | Mem:0.00M, Peak:0.00M | Scene, ViewLayer | Synchronizing object | End sliding door panel.001
Fra:1 Mem:540.08M (Peak 540.08M) | Time:00:00.90 | Mem:0.00M, Peak:0.00M | Scene, ViewLayer | Synchronizing object | End door clear window
Fra:1 Mem:540.10M (Peak 540.10M) | Time:00:00.90 | Mem:0.00M, Peak:0.00M | Scene, ViewLayer | Synchronizing object | End glazed door vertical gasket
Fra:1 Mem:540.10M (Peak 540.10M) | Time:00:00.90 | Mem:0.00M, Peak:0.00M | Scene, ViewLayer | Synchronizing object | End glazed door horizontal gasket
Fra:1 Mem:540.10M (Peak 540.10M) | Time:00:00.90 | Mem:0.00M, Peak:0.00M | Scene, ViewLayer | Synchronizing object | End glazed door horizontal gasket.001
Fra:1 Mem:540.11M (Peak 540.11M) | Time:00:00.90 | Mem:0.00M, Peak:0.00M | Scene, ViewLayer | Synchronizing object | Vestibule door grab pull
Fra:1 Mem:540.11M (Peak 540.11M) | Time:00:00.90 | Mem:0.00M, Peak:0.00M | Scene, ViewLayer | Synchronizing object | Vestibule door grab pull.001
Fra:1 Mem:540.11M (Peak 540.11M) | Time:00:00.90 | Mem:0.00M, Peak:0.00M | Scene, ViewLayer | Synchronizing object | End marker lamp socket
Fra:1 Mem:540.12M (Peak 540.12M) | Time:00:00.90 | Mem:0.00M, Peak:0.00M | Scene, ViewLayer | Synchronizing object | End red marker reflector
Fra:1 Mem:540.12M (Peak 540.12M) | Time:00:00.90 | Mem:0.00M, Peak:0.00M | Scene, ViewLayer | Synchronizing object | End marker lamp socket.001
Fra:1 Mem:540.14M (Peak 540.14M) | Time:00:00.90 | Mem:0.00M, Peak:0.00M | Scene, ViewLayer | Synchronizing object | End red marker reflector.001
Fra:1 Mem:540.14M (Peak 540.14M) | Time:00:00.90 | Mem:0.00M, Peak:0.00M | Scene, ViewLayer | Synchronizing object | End water fill pipe
Fra:1 Mem:540.14M (Peak 540.14M) | Time:00:00.90 | Mem:0.00M, Peak:0.00M | Scene, ViewLayer | Synchronizing object | Water pipe end wall retaining strap
Fra:1 Mem:540.15M (Peak 540.15M) | Time:00:00.90 | Mem:0.00M, Peak:0.00M | Scene, ViewLayer | Synchronizing object | Water pipe end wall retaining strap.001
Fra:1 Mem:540.17M (Peak 540.17M) | Time:00:00.90 | Mem:0.00M, Peak:0.00M | Scene, ViewLayer | Synchronizing object | Water pipe end wall retaining strap.002
Fra:1 Mem:540.17M (Peak 540.17M) | Time:00:00.90 | Mem:0.00M, Peak:0.00M | Scene, ViewLayer | Synchronizing object | End maintenance grab handle
Fra:1 Mem:540.18M (Peak 540.18M) | Time:00:00.90 | Mem:0.00M, Peak:0.00M | Scene, ViewLayer | Synchronizing object | End maintenance grab handle.001
Fra:1 Mem:540.19M (Peak 540.19M) | Time:00:00.90 | Mem:0.00M, Peak:0.00M | Scene, ViewLayer | Synchronizing object | Formed end wall.002
Fra:1 Mem:540.20M (Peak 540.20M) | Time:00:00.90 | Mem:0.00M, Peak:0.00M | Scene, ViewLayer | Synchronizing object | Formed end wall.003
Fra:1 Mem:540.20M (Peak 540.20M) | Time:00:00.90 | Mem:0.00M, Peak:0.00M | Scene, ViewLayer | Synchronizing object | End wall door header.001
Fra:1 Mem:540.21M (Peak 540.21M) | Time:00:00.90 | Mem:0.00M, Peak:0.00M | Scene, ViewLayer | Synchronizing object | Domed end cap skin.001
Fra:1 Mem:540.21M (Peak 540.21M) | Time:00:00.90 | Mem:0.00M, Peak:0.00M | Scene, ViewLayer | Synchronizing object | Yellow end visibility stripe.002
Fra:1 Mem:540.22M (Peak 540.22M) | Time:00:00.90 | Mem:0.00M, Peak:0.00M | Scene, ViewLayer | Synchronizing object | Yellow end visibility stripe.003
Fra:1 Mem:540.22M (Peak 540.22M) | Time:00:00.90 | Mem:0.00M, Peak:0.00M | Scene, ViewLayer | Synchronizing object | Concertina gangway upright fold.018
Fra:1 Mem:540.22M (Peak 540.22M) | Time:00:00.90 | Mem:0.00M, Peak:0.00M | Scene, ViewLayer | Synchronizing object | Concertina gangway upright fold.019
Fra:1 Mem:540.23M (Peak 540.23M) | Time:00:00.90 | Mem:0.00M, Peak:0.00M | Scene, ViewLayer | Synchronizing object | Concertina gangway roof fold.009
Fra:1 Mem:540.24M (Peak 540.24M) | Time:00:00.90 | Mem:0.00M, Peak:0.00M | Scene, ViewLayer | Synchronizing object | Concertina gangway upright fold.020
Fra:1 Mem:540.24M (Peak 540.24M) | Time:00:00.90 | Mem:0.00M, Peak:0.00M | Scene, ViewLayer | Synchronizing object | Concertina gangway upright fold.021
Fra:1 Mem:540.25M (Peak 540.25M) | Time:00:00.90 | Mem:0.00M, Peak:0.00M | Scene, ViewLayer | Synchronizing object | Concertina gangway roof fold.010
Fra:1 Mem:540.27M (Peak 540.27M) | Time:00:00.90 | Mem:0.00M, Peak:0.00M | Scene, ViewLayer | Synchronizing object | Concertina gangway upright fold.022
Fra:1 Mem:540.27M (Peak 540.27M) | Time:00:00.90 | Mem:0.00M, Peak:0.00M | Scene, ViewLayer | Synchronizing object | Concertina gangway roof fold.011
Fra:1 Mem:540.29M (Peak 540.29M) | Time:00:00.90 | Mem:0.00M, Peak:0.00M | Scene, ViewLayer | Synchronizing object | Concertina gangway upright fold.024
Fra:1 Mem:540.29M (Peak 540.29M) | Time:00:00.90 | Mem:0.00M, Peak:0.00M | Scene, ViewLayer | Synchronizing object | Concertina gangway upright fold.025
Fra:1 Mem:540.30M (Peak 540.30M) | Time:00:00.90 | Mem:0.00M, Peak:0.00M | Scene, ViewLayer | Synchronizing object | Concertina gangway roof fold.012
Fra:1 Mem:540.31M (Peak 540.31M) | Time:00:00.90 | Mem:0.00M, Peak:0.00M | Scene, ViewLayer | Synchronizing object | Concertina gangway upright fold.026
Fra:1 Mem:540.32M (Peak 540.32M) | Time:00:00.90 | Mem:0.00M, Peak:0.00M | Scene, ViewLayer | Synchronizing object | Concertina gangway upright fold.027
Fra:1 Mem:540.32M (Peak 540.32M) | Time:00:00.90 | Mem:0.00M, Peak:0.00M | Scene, ViewLayer | Synchronizing object | Concertina gangway roof fold.013
Fra:1 Mem:540.33M (Peak 540.33M) | Time:00:00.90 | Mem:0.00M, Peak:0.00M | Scene, ViewLayer | Synchronizing object | Concertina gangway upright fold.028
Fra:1 Mem:540.34M (Peak 540.34M) | Time:00:00.90 | Mem:0.00M, Peak:0.00M | Scene, ViewLayer | Synchronizing object | Concertina gangway upright fold.029
Fra:1 Mem:540.34M (Peak 540.34M) | Time:00:00.90 | Mem:0.00M, Peak:0.00M | Scene, ViewLayer | Synchronizing object | Concertina gangway roof fold.014
Fra:1 Mem:540.36M (Peak 540.36M) | Time:00:00.90 | Mem:0.00M, Peak:0.00M | Scene, ViewLayer | Synchronizing object | Concertina gangway upright fold.030
Fra:1 Mem:540.36M (Peak 540.36M) | Time:00:00.90 | Mem:0.00M, Peak:0.00M | Scene, ViewLayer | Synchronizing object | Concertina gangway upright fold.031
Fra:1 Mem:540.37M (Peak 540.37M) | Time:00:00.90 | Mem:0.00M, Peak:0.00M | Scene, ViewLayer | Synchronizing object | Concertina gangway roof fold.015
Fra:1 Mem:540.38M (Peak 540.38M) | Time:00:00.90 | Mem:0.00M, Peak:0.00M | Scene, ViewLayer | Synchronizing object | Concertina gangway upright fold.032
Fra:1 Mem:540.38M (Peak 540.38M) | Time:00:00.90 | Mem:0.00M, Peak:0.00M | Scene, ViewLayer | Synchronizing object | Concertina gangway upright fold.033
Fra:1 Mem:540.39M (Peak 540.39M) | Time:00:00.90 | Mem:0.00M, Peak:0.00M | Scene, ViewLayer | Synchronizing object | Concertina gangway roof fold.016
Fra:1 Mem:540.40M (Peak 540.40M) | Time:00:00.90 | Mem:0.00M, Peak:0.00M | Scene, ViewLayer | Synchronizing object | Concertina gangway upright fold.034
Fra:1 Mem:540.41M (Peak 540.41M) | Time:00:00.90 | Mem:0.00M, Peak:0.00M | Scene, ViewLayer | Synchronizing object | Concertina gangway upright fold.035
Fra:1 Mem:540.42M (Peak 540.42M) | Time:00:00.90 | Mem:0.00M, Peak:0.00M | Scene, ViewLayer | Synchronizing object | Concertina gangway roof fold.017
Fra:1 Mem:540.43M (Peak 540.43M) | Time:00:00.90 | Mem:0.00M, Peak:0.00M | Scene, ViewLayer | Synchronizing object | Gangway sprung face frame.002
Fra:1 Mem:540.43M (Peak 540.43M) | Time:00:00.90 | Mem:0.00M, Peak:0.00M | Scene, ViewLayer | Synchronizing object | Gangway sprung face frame.003
Fra:1 Mem:540.44M (Peak 540.44M) | Time:00:00.90 | Mem:0.00M, Peak:0.00M | Scene, ViewLayer | Synchronizing object | Gangway sprung top frame.001
Fra:1 Mem:540.45M (Peak 540.45M) | Time:00:00.90 | Mem:0.00M, Peak:0.00M | Scene, ViewLayer | Synchronizing object | Vestibule bridge plate.001
Fra:1 Mem:540.46M (Peak 540.46M) | Time:00:00.90 | Mem:0.00M, Peak:0.00M | Scene, ViewLayer | Synchronizing object | Bridge plate grip rib.014
Fra:1 Mem:540.47M (Peak 540.47M) | Time:00:00.90 | Mem:0.00M, Peak:0.00M | Scene, ViewLayer | Synchronizing object | Bridge plate grip rib.015
Fra:1 Mem:540.47M (Peak 540.47M) | Time:00:00.90 | Mem:0.00M, Peak:0.00M | Scene, ViewLayer | Synchronizing object | Bridge plate grip rib.017
Fra:1 Mem:540.47M (Peak 540.47M) | Time:00:00.90 | Mem:0.00M, Peak:0.00M | Scene, ViewLayer | Synchronizing object | Bridge plate grip rib.018
Fra:1 Mem:540.47M (Peak 540.47M) | Time:00:00.90 | Mem:0.00M, Peak:0.00M | Scene, ViewLayer | Synchronizing object | Bridge plate grip rib.020
Fra:1 Mem:540.47M (Peak 540.47M) | Time:00:00.90 | Mem:0.00M, Peak:0.00M | Scene, ViewLayer | Synchronizing object | Bridge plate grip rib.021
Fra:1 Mem:540.48M (Peak 540.48M) | Time:00:00.90 | Mem:0.00M, Peak:0.00M | Scene, ViewLayer | Synchronizing object | Bridge plate grip rib.022
Fra:1 Mem:540.48M (Peak 540.48M) | Time:00:00.90 | Mem:0.00M, Peak:0.00M | Scene, ViewLayer | Synchronizing object | Bridge plate grip rib.023
Fra:1 Mem:540.48M (Peak 540.48M) | Time:00:00.90 | Mem:0.00M, Peak:0.00M | Scene, ViewLayer | Synchronizing object | Bridge plate grip rib.024
Fra:1 Mem:540.48M (Peak 540.48M) | Time:00:00.90 | Mem:0.00M, Peak:0.00M | Scene, ViewLayer | Synchronizing object | Bridge plate grip rib.025
Fra:1 Mem:540.48M (Peak 540.48M) | Time:00:00.90 | Mem:0.00M, Peak:0.00M | Scene, ViewLayer | Synchronizing object | End sliding door stile.003
Fra:1 Mem:540.49M (Peak 540.49M) | Time:00:00.90 | Mem:0.00M, Peak:0.00M | Scene, ViewLayer | Synchronizing object | End sliding door panel.002
Fra:1 Mem:540.50M (Peak 540.50M) | Time:00:00.90 | Mem:0.00M, Peak:0.00M | Scene, ViewLayer | Synchronizing object | End sliding door panel.003
Fra:1 Mem:540.51M (Peak 540.51M) | Time:00:00.90 | Mem:0.00M, Peak:0.00M | Scene, ViewLayer | Synchronizing object | End door clear window.001
Fra:1 Mem:540.51M (Peak 540.51M) | Time:00:00.90 | Mem:0.00M, Peak:0.00M | Scene, ViewLayer | Synchronizing object | End glazed door vertical gasket.002
Fra:1 Mem:540.52M (Peak 540.52M) | Time:00:00.90 | Mem:0.00M, Peak:0.00M | Scene, ViewLayer | Synchronizing object | End glazed door vertical gasket.003
Fra:1 Mem:540.52M (Peak 540.52M) | Time:00:00.90 | Mem:0.00M, Peak:0.00M | Scene, ViewLayer | Synchronizing object | End glazed door horizontal gasket.002
Fra:1 Mem:540.52M (Peak 540.52M) | Time:00:00.90 | Mem:0.00M, Peak:0.00M | Scene, ViewLayer | Synchronizing object | Vestibule door grab pull.002
Fra:1 Mem:540.53M (Peak 540.53M) | Time:00:00.90 | Mem:0.00M, Peak:0.00M | Scene, ViewLayer | Synchronizing object | Vestibule door grab pull.003
Fra:1 Mem:540.53M (Peak 540.53M) | Time:00:00.90 | Mem:0.00M, Peak:0.00M | Scene, ViewLayer | Synchronizing object | End marker lamp socket.002
Fra:1 Mem:540.54M (Peak 540.54M) | Time:00:00.90 | Mem:0.00M, Peak:0.00M | Scene, ViewLayer | Synchronizing object | End marker lamp socket.003
Fra:1 Mem:540.55M (Peak 540.55M) | Time:00:00.90 | Mem:0.00M, Peak:0.00M | Scene, ViewLayer | Synchronizing object | End red marker reflector.003
Fra:1 Mem:540.56M (Peak 540.56M) | Time:00:00.90 | Mem:0.00M, Peak:0.00M | Scene, ViewLayer | Synchronizing object | End water fill pipe.001
Fra:1 Mem:540.56M (Peak 540.56M) | Time:00:00.90 | Mem:0.00M, Peak:0.00M | Scene, ViewLayer | Synchronizing object | Water pipe end wall retaining strap.003
Fra:1 Mem:540.58M (Peak 540.58M) | Time:00:00.90 | Mem:0.00M, Peak:0.00M | Scene, ViewLayer | Synchronizing object | Water pipe end wall retaining strap.004
Fra:1 Mem:540.58M (Peak 540.58M) | Time:00:00.90 | Mem:0.00M, Peak:0.00M | Scene, ViewLayer | Synchronizing object | Water pipe end wall retaining strap.005
Fra:1 Mem:540.59M (Peak 540.59M) | Time:00:00.90 | Mem:0.00M, Peak:0.00M | Scene, ViewLayer | Synchronizing object | End maintenance grab handle.002
Fra:1 Mem:540.60M (Peak 540.60M) | Time:00:00.90 | Mem:0.00M, Peak:0.00M | Scene, ViewLayer | Synchronizing object | End maintenance grab handle.003
Fra:1 Mem:540.61M (Peak 540.61M) | Time:00:00.90 | Mem:0.00M, Peak:0.00M | Scene, ViewLayer | Synchronizing object | Fabricated sideframe vertical web
Fra:1 Mem:540.61M (Peak 540.61M) | Time:00:00.90 | Mem:0.00M, Peak:0.00M | Scene, ViewLayer | Synchronizing object | Fabricated sideframe vertical web.001
Fra:1 Mem:540.63M (Peak 540.63M) | Time:00:00.90 | Mem:0.00M, Peak:0.00M | Scene, ViewLayer | Synchronizing object | Sideframe continuous upper flange
Fra:1 Mem:540.62M (Peak 540.63M) | Time:00:00.90 | Mem:0.00M, Peak:0.00M | Scene, ViewLayer | Synchronizing object | Sideframe lower spring flange
Fra:1 Mem:540.62M (Peak 540.63M) | Time:00:00.90 | Mem:0.00M, Peak:0.00M | Scene, ViewLayer | Synchronizing object | Sideframe welded vertical stiffener
Fra:1 Mem:540.64M (Peak 540.64M) | Time:00:00.90 | Mem:0.00M, Peak:0.00M | Scene, ViewLayer | Synchronizing object | Visible sideframe fillet weld
Fra:1 Mem:540.64M (Peak 540.64M) | Time:00:00.90 | Mem:0.00M, Peak:0.00M | Scene, ViewLayer | Synchronizing object | Sideframe welded vertical stiffener.001
Fra:1 Mem:540.64M (Peak 540.64M) | Time:00:00.90 | Mem:0.00M, Peak:0.00M | Scene, ViewLayer | Synchronizing object | Visible sideframe fillet weld.001
Fra:1 Mem:540.65M (Peak 540.65M) | Time:00:00.90 | Mem:0.00M, Peak:0.00M | Scene, ViewLayer | Synchronizing object | Sideframe welded vertical stiffener.002
Fra:1 Mem:540.66M (Peak 540.66M) | Time:00:00.90 | Mem:0.00M, Peak:0.00M | Scene, ViewLayer | Synchronizing object | Sideframe welded vertical stiffener.003
Fra:1 Mem:540.67M (Peak 540.67M) | Time:00:00.90 | Mem:0.00M, Peak:0.00M | Scene, ViewLayer | Synchronizing object | Visible sideframe fillet weld.003
Fra:1 Mem:540.67M (Peak 540.67M) | Time:00:00.90 | Mem:0.00M, Peak:0.00M | Scene, ViewLayer | Synchronizing object | Sideframe welded vertical stiffener.004
Fra:1 Mem:540.68M (Peak 540.68M) | Time:00:00.90 | Mem:0.00M, Peak:0.00M | Scene, ViewLayer | Synchronizing object | Visible sideframe fillet weld.004
Fra:1 Mem:540.68M (Peak 540.68M) | Time:00:00.90 | Mem:0.00M, Peak:0.00M | Scene, ViewLayer | Synchronizing object | Sideframe welded vertical stiffener.005
Fra:1 Mem:540.69M (Peak 540.69M) | Time:00:00.90 | Mem:0.00M, Peak:0.00M | Scene, ViewLayer | Synchronizing object | Visible sideframe fillet weld.005
Fra:1 Mem:540.69M (Peak 540.69M) | Time:00:00.90 | Mem:0.00M, Peak:0.00M | Scene, ViewLayer | Synchronizing object | Bogie maker plate
Fra:1 Mem:540.70M (Peak 540.70M) | Time:00:00.90 | Mem:0.00M, Peak:0.00M | Scene, ViewLayer | Synchronizing object | Maker plate rivet hex head
Fra:1 Mem:540.70M (Peak 540.70M) | Time:00:00.90 | Mem:0.00M, Peak:0.00M | Scene, ViewLayer | Synchronizing object | Maker plate rivet hex head.001
Fra:1 Mem:540.71M (Peak 540.71M) | Time:00:00.90 | Mem:0.00M, Peak:0.00M | Scene, ViewLayer | Synchronizing object | Fabricated sideframe vertical web.003
Fra:1 Mem:540.71M (Peak 540.71M) | Time:00:00.90 | Mem:0.00M, Peak:0.00M | Scene, ViewLayer | Synchronizing object | Sideframe continuous upper flange.001
Fra:1 Mem:540.71M (Peak 540.71M) | Time:00:00.90 | Mem:0.00M, Peak:0.00M | Scene, ViewLayer | Synchronizing object | Sideframe lower spring flange.001
Fra:1 Mem:540.73M (Peak 540.73M) | Time:00:00.90 | Mem:0.00M, Peak:0.00M | Scene, ViewLayer | Synchronizing object | Sideframe welded vertical stiffener.006
Fra:1 Mem:540.73M (Peak 540.73M) | Time:00:00.90 | Mem:0.00M, Peak:0.00M | Scene, ViewLayer | Synchronizing object | Sideframe welded vertical stiffener.007
Fra:1 Mem:540.75M (Peak 540.75M) | Time:00:00.90 | Mem:0.00M, Peak:0.00M | Scene, ViewLayer | Synchronizing object | Visible sideframe fillet weld.007
Fra:1 Mem:540.75M (Peak 540.75M) | Time:00:00.90 | Mem:0.00M, Peak:0.00M | Scene, ViewLayer | Synchronizing object | Sideframe welded vertical stiffener.008
Fra:1 Mem:540.75M (Peak 540.75M) | Time:00:00.90 | Mem:0.00M, Peak:0.00M | Scene, ViewLayer | Synchronizing object | Sideframe welded vertical stiffener.009
Fra:1 Mem:540.77M (Peak 540.77M) | Time:00:00.90 | Mem:0.00M, Peak:0.00M | Scene, ViewLayer | Synchronizing object | Visible sideframe fillet weld.009
Fra:1 Mem:540.78M (Peak 540.78M) | Time:00:00.90 | Mem:0.00M, Peak:0.00M | Scene, ViewLayer | Synchronizing object | Sideframe welded vertical stiffener.010
Fra:1 Mem:540.78M (Peak 540.78M) | Time:00:00.90 | Mem:0.00M, Peak:0.00M | Scene, ViewLayer | Synchronizing object | Visible sideframe fillet weld.010
Fra:1 Mem:540.78M (Peak 540.78M) | Time:00:00.90 | Mem:0.00M, Peak:0.00M | Scene, ViewLayer | Synchronizing object | Sideframe welded vertical stiffener.011
Fra:1 Mem:540.78M (Peak 540.78M) | Time:00:00.90 | Mem:0.00M, Peak:0.00M | Scene, ViewLayer | Synchronizing object | Bogie maker plate.001
Fra:1 Mem:540.80M (Peak 540.80M) | Time:00:00.90 | Mem:0.00M, Peak:0.00M | Scene, ViewLayer | Synchronizing object | Maker plate rivet hex head.002
Fra:1 Mem:540.80M (Peak 540.80M) | Time:00:00.90 | Mem:0.00M, Peak:0.00M | Scene, ViewLayer | Synchronizing object | Maker plate rivet hex head.003
Fra:1 Mem:540.80M (Peak 540.80M) | Time:00:00.90 | Mem:0.00M, Peak:0.00M | Scene, ViewLayer | Synchronizing object | Bogie headstock transverse box
Fra:1 Mem:540.81M (Peak 540.81M) | Time:00:00.90 | Mem:0.00M, Peak:0.00M | Scene, ViewLayer | Synchronizing object | Headstock corner gusset
Fra:1 Mem:540.82M (Peak 540.82M) | Time:00:00.90 | Mem:0.00M, Peak:0.00M | Scene, ViewLayer | Synchronizing object | Headstock corner gusset.001
Fra:1 Mem:540.82M (Peak 540.82M) | Time:00:00.90 | Mem:0.00M, Peak:0.00M | Scene, ViewLayer | Synchronizing object | Bogie headstock transverse box.001
Fra:1 Mem:540.82M (Peak 540.82M) | Time:00:00.90 | Mem:0.00M, Peak:0.00M | Scene, ViewLayer | Synchronizing object | Headstock upper flange.001
Fra:1 Mem:540.83M (Peak 540.83M) | Time:00:00.90 | Mem:0.00M, Peak:0.00M | Scene, ViewLayer | Synchronizing object | Headstock corner gusset.002
Fra:1 Mem:540.84M (Peak 540.84M) | Time:00:00.90 | Mem:0.00M, Peak:0.00M | Scene, ViewLayer | Synchronizing object | Headstock corner gusset.003
Fra:1 Mem:540.84M (Peak 540.84M) | Time:00:00.90 | Mem:0.00M, Peak:0.00M | Scene, ViewLayer | Synchronizing object | Bogie centre transom box
Fra:1 Mem:540.85M (Peak 540.85M) | Time:00:00.90 | Mem:0.00M, Peak:0.00M | Scene, ViewLayer | Synchronizing object | Transom upper closing flange
Fra:1 Mem:540.85M (Peak 540.85M) | Time:00:00.90 | Mem:0.00M, Peak:0.00M | Scene, ViewLayer | Synchronizing object | Bogie centre transom box.001
Fra:1 Mem:540.87M (Peak 540.87M) | Time:00:00.90 | Mem:0.00M, Peak:0.00M | Scene, ViewLayer | Synchronizing object | Transom upper closing flange.001
Fra:1 Mem:540.87M (Peak 540.87M) | Time:00:00.90 | Mem:0.00M, Peak:0.00M | Scene, ViewLayer | Synchronizing object | Bogie air feed manifold
Fra:1 Mem:540.88M (Peak 540.88M) | Time:00:00.90 | Mem:0.00M, Peak:0.00M | Scene, ViewLayer | Synchronizing object | Bogie feed pipe clip
Fra:1 Mem:540.88M (Peak 540.88M) | Time:00:00.90 | Mem:0.00M, Peak:0.00M | Scene, ViewLayer | Synchronizing object | Bogie feed pipe clip.001
Fra:1 Mem:540.89M (Peak 540.89M) | Time:00:00.90 | Mem:0.00M, Peak:0.00M | Scene, ViewLayer | Synchronizing object | Bogie feed pipe clip.002
Fra:1 Mem:540.90M (Peak 540.90M) | Time:00:00.90 | Mem:0.00M, Peak:0.00M | Scene, ViewLayer | Synchronizing object | Bogie feed pipe clip.003
Fra:1 Mem:540.91M (Peak 540.91M) | Time:00:00.90 | Mem:0.00M, Peak:0.00M | Scene, ViewLayer | Synchronizing object | Bogie feed pipe clip.005
Fra:1 Mem:540.93M (Peak 540.93M) | Time:00:00.90 | Mem:0.00M, Peak:0.00M | Scene, ViewLayer | Synchronizing object | Bogie feed pipe clip.006
Fra:1 Mem:540.94M (Peak 540.94M) | Time:00:00.90 | Mem:0.00M, Peak:0.00M | Scene, ViewLayer | Synchronizing object | Floating bogie bolster main box
Fra:1 Mem:540.94M (Peak 540.94M) | Time:00:00.90 | Mem:0.00M, Peak:0.00M | Scene, ViewLayer | Synchronizing object | Bolster upper flange
Fra:1 Mem:540.95M (Peak 540.95M) | Time:00:00.90 | Mem:0.00M, Peak:0.00M | Scene, ViewLayer | Synchronizing object | Bolster upper flange.001
Fra:1 Mem:540.96M (Peak 540.96M) | Time:00:00.90 | Mem:0.00M, Peak:0.00M | Scene, ViewLayer | Synchronizing object | Bolster spring head seat
Fra:1 Mem:540.97M (Peak 540.97M) | Time:00:00.90 | Mem:0.00M, Peak:0.00M | Scene, ViewLayer | Synchronizing object | Lower spring beam end tray
Fra:1 Mem:540.98M (Peak 540.98M) | Time:00:00.90 | Mem:0.00M, Peak:0.00M | Scene, ViewLayer | Synchronizing object | Bolster spring bottom rubber pad
Fra:1 Mem:540.98M (Peak 540.98M) | Time:00:00.90 | Mem:0.00M, Peak:0.00M | Scene, ViewLayer | Synchronizing object | Bolster spring top seating flange
Fra:1 Mem:540.99M (Peak 540.99M) | Time:00:00.90 | Mem:0.00M, Peak:0.00M | Scene, ViewLayer | Synchronizing object | Secondary 42mm bolster coil
Fra:1 Mem:541.03M (Peak 541.03M) | Time:00:00.90 | Mem:0.00M, Peak:0.00M | Scene, ViewLayer | Synchronizing object | Secondary 42mm bolster coil group mark
Fra:1 Mem:541.03M (Peak 541.03M) | Time:00:00.90 | Mem:0.00M, Peak:0.00M | Scene, ViewLayer | Synchronizing object | Secondary 42mm bolster coil group mark.001
Fra:1 Mem:541.05M (Peak 541.05M) | Time:00:00.90 | Mem:0.00M, Peak:0.00M | Scene, ViewLayer | Synchronizing object | Secondary 42mm bolster coil group mark.002
Fra:1 Mem:541.09M (Peak 541.09M) | Time:00:00.90 | Mem:0.00M, Peak:0.00M | Scene, ViewLayer | Synchronizing object | Secondary 42mm bolster coil group mark.003
Fra:1 Mem:541.12M (Peak 541.12M) | Time:00:00.90 | Mem:0.00M, Peak:0.00M | Scene, ViewLayer | Synchronizing object | Secondary 42mm bolster coil group mark.004
Fra:1 Mem:541.13M (Peak 541.13M) | Time:00:00.90 | Mem:0.00M, Peak:0.00M | Scene, ViewLayer | Synchronizing object | Secondary 42mm bolster coil group mark.005
Fra:1 Mem:541.14M (Peak 541.14M) | Time:00:00.90 | Mem:0.00M, Peak:0.00M | Scene, ViewLayer | Synchronizing object | Secondary 42mm bolster coil group mark.006
Fra:1 Mem:541.14M (Peak 541.14M) | Time:00:00.90 | Mem:0.00M, Peak:0.00M | Scene, ViewLayer | Synchronizing object | Secondary 42mm bolster coil group mark.007
Fra:1 Mem:541.15M (Peak 541.15M) | Time:00:00.90 | Mem:0.00M, Peak:0.00M | Scene, ViewLayer | Synchronizing object | Secondary 42mm bolster coil group mark.008
Fra:1 Mem:541.17M (Peak 541.17M) | Time:00:00.90 | Mem:0.00M, Peak:0.00M | Scene, ViewLayer | Synchronizing object | Secondary 42mm bolster coil group mark.009
Fra:1 Mem:541.18M (Peak 541.18M) | Time:00:00.90 | Mem:0.00M, Peak:0.00M | Scene, ViewLayer | Synchronizing object | Secondary 42mm bolster coil group mark.010
Fra:1 Mem:541.20M (Peak 541.20M) | Time:00:00.90 | Mem:0.00M, Peak:0.00M | Scene, ViewLayer | Synchronizing object | Bolster spring bottom rubber pad.001
Fra:1 Mem:541.20M (Peak 541.20M) | Time:00:00.90 | Mem:0.00M, Peak:0.00M | Scene, ViewLayer | Synchronizing object | Bolster spring top seating flange.001
Fra:1 Mem:541.21M (Peak 541.21M) | Time:00:00.90 | Mem:0.00M, Peak:0.00M | Scene, ViewLayer | Synchronizing object | Secondary 42mm bolster coil.001
Fra:1 Mem:541.31M (Peak 541.31M) | Time:00:00.90 | Mem:0.00M, Peak:0.00M | Scene, ViewLayer | Synchronizing object | Secondary 42mm bolster coil group mark.011
Fra:1 Mem:541.35M (Peak 541.35M) | Time:00:00.90 | Mem:0.00M, Peak:0.00M | Scene, ViewLayer | Synchronizing object | Secondary 42mm bolster coil group mark.012
Fra:1 Mem:541.38M (Peak 541.38M) | Time:00:00.90 | Mem:0.00M, Peak:0.00M | Scene, ViewLayer | Synchronizing object | Secondary 42mm bolster coil group mark.013
Fra:1 Mem:541.41M (Peak 541.41M) | Time:00:00.90 | Mem:0.00M, Peak:0.00M | Scene, ViewLayer | Synchronizing object | Secondary 42mm bolster coil group mark.014
Fra:1 Mem:541.40M (Peak 541.41M) | Time:00:00.90 | Mem:0.00M, Peak:0.00M | Scene, ViewLayer | Synchronizing object | Secondary 42mm bolster coil group mark.015
Fra:1 Mem:541.41M (Peak 541.41M) | Time:00:00.90 | Mem:0.00M, Peak:0.00M | Scene, ViewLayer | Synchronizing object | Secondary 42mm bolster coil group mark.016
Fra:1 Mem:541.41M (Peak 541.41M) | Time:00:00.90 | Mem:0.00M, Peak:0.00M | Scene, ViewLayer | Synchronizing object | Secondary 42mm bolster coil group mark.017
Fra:1 Mem:541.42M (Peak 541.42M) | Time:00:00.90 | Mem:0.00M, Peak:0.00M | Scene, ViewLayer | Synchronizing object | Secondary 42mm bolster coil group mark.018
Fra:1 Mem:541.42M (Peak 541.42M) | Time:00:00.90 | Mem:0.00M, Peak:0.00M | Scene, ViewLayer | Synchronizing object | Secondary 42mm bolster coil group mark.019
Fra:1 Mem:541.42M (Peak 541.42M) | Time:00:00.90 | Mem:0.00M, Peak:0.00M | Scene, ViewLayer | Synchronizing object | Secondary 42mm bolster coil group mark.020
Fra:1 Mem:541.46M (Peak 541.46M) | Time:00:00.90 | Mem:0.00M, Peak:0.00M | Scene, ViewLayer | Synchronizing object | Secondary 42mm bolster coil group mark.021
Fra:1 Mem:541.45M (Peak 541.46M) | Time:00:00.90 | Mem:0.00M, Peak:0.00M | Scene, ViewLayer | Synchronizing object | BSS swing hanger forged link strap
Fra:1 Mem:541.45M (Peak 541.46M) | Time:00:00.90 | Mem:0.00M, Peak:0.00M | Scene, ViewLayer | Synchronizing object | BSS swing hanger forged link eye
Fra:1 Mem:541.46M (Peak 541.46M) | Time:00:00.90 | Mem:0.00M, Peak:0.00M | Scene, ViewLayer | Synchronizing object | BSS swing hanger forged link eye.001
Fra:1 Mem:541.49M (Peak 541.49M) | Time:00:00.90 | Mem:0.00M, Peak:0.00M | Scene, ViewLayer | Synchronizing object | BSS swing hanger forged link strap.001
Fra:1 Mem:541.49M (Peak 541.49M) | Time:00:00.90 | Mem:0.00M, Peak:0.00M | Scene, ViewLayer | Synchronizing object | BSS swing hanger forged link eye.002
Fra:1 Mem:541.49M (Peak 541.49M) | Time:00:00.90 | Mem:0.00M, Peak:0.00M | Scene, ViewLayer | Synchronizing object | BSS swing hanger forged link eye.003
Fra:1 Mem:541.48M (Peak 541.49M) | Time:00:00.90 | Mem:0.00M, Peak:0.00M | Scene, ViewLayer | Synchronizing object | BSS upper hanger pin pin
Fra:1 Mem:541.48M (Peak 541.49M) | Time:00:00.90 | Mem:0.00M, Peak:0.00M | Scene, ViewLayer | Synchronizing object | BSS upper hanger pin retaining washer
Fra:1 Mem:541.49M (Peak 541.49M) | Time:00:00.90 | Mem:0.00M, Peak:0.00M | Scene, ViewLayer | Synchronizing object | BSS upper hanger pin retaining hex head
Fra:1 Mem:541.49M (Peak 541.49M) | Time:00:00.90 | Mem:0.00M, Peak:0.00M | Scene, ViewLayer | Synchronizing object | BSS upper hanger pin retaining hex head.001
Fra:1 Mem:541.50M (Peak 541.50M) | Time:00:00.90 | Mem:0.00M, Peak:0.00M | Scene, ViewLayer | Synchronizing object | BSS lower hanger pin pin
Fra:1 Mem:541.50M (Peak 541.50M) | Time:00:00.90 | Mem:0.00M, Peak:0.00M | Scene, ViewLayer | Synchronizing object | BSS lower hanger pin retaining hex head
Fra:1 Mem:541.52M (Peak 541.52M) | Time:00:00.90 | Mem:0.00M, Peak:0.00M | Scene, ViewLayer | Synchronizing object | BSS lower hanger pin retaining washer.001
Fra:1 Mem:541.52M (Peak 541.52M) | Time:00:00.90 | Mem:0.00M, Peak:0.00M | Scene, ViewLayer | Synchronizing object | BSS lower hanger pin retaining hex head.001
Fra:1 Mem:541.52M (Peak 541.52M) | Time:00:00.90 | Mem:0.00M, Peak:0.00M | Scene, ViewLayer | Synchronizing object | BSS hanger block
Fra:1 Mem:541.53M (Peak 541.53M) | Time:00:00.90 | Mem:0.00M, Peak:0.00M | Scene, ViewLayer | Synchronizing object | Spring plank hanger block
Fra:1 Mem:541.53M (Peak 541.53M) | Time:00:00.90 | Mem:0.00M, Peak:0.00M | Scene, ViewLayer | Synchronizing object | BSS swing hanger forged link strap.002
Fra:1 Mem:541.54M (Peak 541.54M) | Time:00:00.90 | Mem:0.00M, Peak:0.00M | Scene, ViewLayer | Synchronizing object | BSS swing hanger forged link eye.004
Fra:1 Mem:541.55M (Peak 541.55M) | Time:00:00.90 | Mem:0.00M, Peak:0.00M | Scene, ViewLayer | Synchronizing object | BSS swing hanger forged link eye.005
Fra:1 Mem:541.55M (Peak 541.55M) | Time:00:00.90 | Mem:0.00M, Peak:0.00M | Scene, ViewLayer | Synchronizing object | BSS swing hanger forged link strap.003
Fra:1 Mem:541.55M (Peak 541.55M) | Time:00:00.90 | Mem:0.00M, Peak:0.00M | Scene, ViewLayer | Synchronizing object | BSS swing hanger forged link eye.006
Fra:1 Mem:541.56M (Peak 541.56M) | Time:00:00.90 | Mem:0.00M, Peak:0.00M | Scene, ViewLayer | Synchronizing object | BSS swing hanger forged link eye.007
Fra:1 Mem:541.56M (Peak 541.56M) | Time:00:00.90 | Mem:0.00M, Peak:0.00M | Scene, ViewLayer | Synchronizing object | BSS upper hanger pin pin.001
Fra:1 Mem:541.57M (Peak 541.57M) | Time:00:00.90 | Mem:0.00M, Peak:0.00M | Scene, ViewLayer | Synchronizing object | BSS upper hanger pin retaining washer.002
Fra:1 Mem:541.58M (Peak 541.58M) | Time:00:00.90 | Mem:0.00M, Peak:0.00M | Scene, ViewLayer | Synchronizing object | BSS upper hanger pin retaining hex head.002
Fra:1 Mem:541.58M (Peak 541.58M) | Time:00:00.90 | Mem:0.00M, Peak:0.00M | Scene, ViewLayer | Synchronizing object | BSS upper hanger pin retaining hex head.003
Fra:1 Mem:541.58M (Peak 541.58M) | Time:00:00.90 | Mem:0.00M, Peak:0.00M | Scene, ViewLayer | Synchronizing object | BSS lower hanger pin pin.001
Fra:1 Mem:541.59M (Peak 541.59M) | Time:00:00.90 | Mem:0.00M, Peak:0.00M | Scene, ViewLayer | Synchronizing object | BSS lower hanger pin retaining washer.002
Fra:1 Mem:541.59M (Peak 541.59M) | Time:00:00.90 | Mem:0.00M, Peak:0.00M | Scene, ViewLayer | Synchronizing object | BSS lower hanger pin retaining hex head.002
Fra:1 Mem:541.60M (Peak 541.60M) | Time:00:00.90 | Mem:0.00M, Peak:0.00M | Scene, ViewLayer | Synchronizing object | BSS lower hanger pin retaining hex head.003
Fra:1 Mem:541.61M (Peak 541.61M) | Time:00:00.90 | Mem:0.00M, Peak:0.00M | Scene, ViewLayer | Synchronizing object | BSS hanger block.001
Fra:1 Mem:541.61M (Peak 541.61M) | Time:00:00.90 | Mem:0.00M, Peak:0.00M | Scene, ViewLayer | Synchronizing object | Bolster safety U strap
Fra:1 Mem:541.63M (Peak 541.63M) | Time:00:00.90 | Mem:0.00M, Peak:0.00M | Scene, ViewLayer | Synchronizing object | Bolster safety U strap.001
Fra:1 Mem:541.63M (Peak 541.63M) | Time:00:00.90 | Mem:0.00M, Peak:0.00M | Scene, ViewLayer | Synchronizing object | Secondary damper polished piston
Fra:1 Mem:541.64M (Peak 541.64M) | Time:00:00.90 | Mem:0.00M, Peak:0.00M | Scene, ViewLayer | Synchronizing object | Secondary damper dust sleeve
Fra:1 Mem:541.66M (Peak 541.66M) | Time:00:00.90 | Mem:0.00M, Peak:0.00M | Scene, ViewLayer | Synchronizing object | Damper eye silent rubber
Fra:1 Mem:541.66M (Peak 541.66M) | Time:00:00.90 | Mem:0.00M, Peak:0.00M | Scene, ViewLayer | Synchronizing object | Secondary damper eye pin pin
Fra:1 Mem:541.66M (Peak 541.66M) | Time:00:00.90 | Mem:0.00M, Peak:0.00M | Scene, ViewLayer | Synchronizing object | Secondary damper eye pin retaining washer
Fra:1 Mem:541.67M (Peak 541.67M) | Time:00:00.90 | Mem:0.00M, Peak:0.00M | Scene, ViewLayer | Synchronizing object | Secondary damper eye pin retaining hex head
Fra:1 Mem:541.67M (Peak 541.67M) | Time:00:00.90 | Mem:0.00M, Peak:0.00M | Scene, ViewLayer | Synchronizing object | Secondary damper eye pin retaining washer.001
Fra:1 Mem:541.67M (Peak 541.67M) | Time:00:00.90 | Mem:0.00M, Peak:0.00M | Scene, ViewLayer | Synchronizing object | Secondary damper eye pin retaining hex head.001
Fra:1 Mem:541.68M (Peak 541.68M) | Time:00:00.90 | Mem:0.00M, Peak:0.00M | Scene, ViewLayer | Synchronizing object | Damper attachment lug
Fra:1 Mem:541.69M (Peak 541.69M) | Time:00:00.90 | Mem:0.00M, Peak:0.00M | Scene, ViewLayer | Synchronizing object | Damper eye silent rubber.001
Fra:1 Mem:541.69M (Peak 541.69M) | Time:00:00.90 | Mem:0.00M, Peak:0.00M | Scene, ViewLayer | Synchronizing object | Secondary damper eye pin pin.001
Fra:1 Mem:541.70M (Peak 541.70M) | Time:00:00.90 | Mem:0.00M, Peak:0.00M | Scene, ViewLayer | Synchronizing object | Secondary damper eye pin retaining washer.002
Fra:1 Mem:541.71M (Peak 541.71M) | Time:00:00.90 | Mem:0.00M, Peak:0.00M | Scene, ViewLayer | Synchronizing object | Secondary damper eye pin retaining hex head.002
Fra:1 Mem:541.71M (Peak 541.71M) | Time:00:00.90 | Mem:0.00M, Peak:0.00M | Scene, ViewLayer | Synchronizing object | Secondary damper eye pin retaining washer.003
Fra:1 Mem:541.71M (Peak 541.71M) | Time:00:00.90 | Mem:0.00M, Peak:0.00M | Scene, ViewLayer | Synchronizing object | Secondary damper eye pin retaining hex head.003
Fra:1 Mem:541.72M (Peak 541.72M) | Time:00:00.90 | Mem:0.00M, Peak:0.00M | Scene, ViewLayer | Synchronizing object | Damper attachment lug.001
Fra:1 Mem:541.73M (Peak 541.73M) | Time:00:00.90 | Mem:0.00M, Peak:0.00M | Scene, ViewLayer | Synchronizing object | Side bearer lubricating oil bath
Fra:1 Mem:541.73M (Peak 541.73M) | Time:00:00.90 | Mem:0.00M, Peak:0.00M | Scene, ViewLayer | Synchronizing object | Side bearer bronze wearing piece
Fra:1 Mem:541.73M (Peak 541.73M) | Time:00:00.90 | Mem:0.00M, Peak:0.00M | Scene, ViewLayer | Synchronizing object | Side bearer dust excluding cover
Fra:1 Mem:541.75M (Peak 541.75M) | Time:00:00.90 | Mem:0.00M, Peak:0.00M | Scene, ViewLayer | Synchronizing object | Body bolster side-bearer attachment
Fra:1 Mem:541.76M (Peak 541.76M) | Time:00:00.90 | Mem:0.00M, Peak:0.00M | Scene, ViewLayer | Synchronizing object | Side bearer oil filler pipe
Fra:1 Mem:541.76M (Peak 541.76M) | Time:00:00.90 | Mem:0.00M, Peak:0.00M | Scene, ViewLayer | Synchronizing object | Side bearer oil filler cap
Fra:1 Mem:541.77M (Peak 541.77M) | Time:00:00.90 | Mem:0.00M, Peak:0.00M | Scene, ViewLayer | Synchronizing object | Bolster diagonal anchor link shank
Fra:1 Mem:541.77M (Peak 541.77M) | Time:00:00.90 | Mem:0.00M, Peak:0.00M | Scene, ViewLayer | Synchronizing object | Anchor link rubber bush
Fra:1 Mem:541.79M (Peak 541.79M) | Time:00:00.90 | Mem:0.00M, Peak:0.00M | Scene, ViewLayer | Synchronizing object | Anchor link pin pin
Fra:1 Mem:541.79M (Peak 541.79M) | Time:00:00.90 | Mem:0.00M, Peak:0.00M | Scene, ViewLayer | Synchronizing object | Anchor link pin retaining washer
Fra:1 Mem:541.80M (Peak 541.80M) | Time:00:00.90 | Mem:0.00M, Peak:0.00M | Scene, ViewLayer | Synchronizing object | Anchor link pin retaining hex head
Fra:1 Mem:541.80M (Peak 541.80M) | Time:00:00.90 | Mem:0.00M, Peak:0.00M | Scene, ViewLayer | Synchronizing object | Anchor link pin retaining washer.001
Fra:1 Mem:541.80M (Peak 541.80M) | Time:00:00.90 | Mem:0.00M, Peak:0.00M | Scene, ViewLayer | Synchronizing object | Anchor link pin retaining hex head.001
Fra:1 Mem:541.81M (Peak 541.81M) | Time:00:00.90 | Mem:0.00M, Peak:0.00M | Scene, ViewLayer | Synchronizing object | Anchor link silent block outer housing.001
Fra:1 Mem:541.81M (Peak 541.81M) | Time:00:00.90 | Mem:0.00M, Peak:0.00M | Scene, ViewLayer | Synchronizing object | Anchor link pin pin.001
Fra:1 Mem:541.82M (Peak 541.82M) | Time:00:00.90 | Mem:0.00M, Peak:0.00M | Scene, ViewLayer | Synchronizing object | Anchor link pin retaining washer.002
Fra:1 Mem:541.84M (Peak 541.84M) | Time:00:00.90 | Mem:0.00M, Peak:0.00M | Scene, ViewLayer | Synchronizing object | Anchor link pin retaining hex head.002
Fra:1 Mem:541.84M (Peak 541.84M) | Time:00:00.90 | Mem:0.00M, Peak:0.00M | Scene, ViewLayer | Synchronizing object | Anchor link pin retaining washer.003
Fra:1 Mem:541.84M (Peak 541.84M) | Time:00:00.90 | Mem:0.00M, Peak:0.00M | Scene, ViewLayer | Synchronizing object | Anchor link pin retaining hex head.003
Fra:1 Mem:541.85M (Peak 541.85M) | Time:00:00.90 | Mem:0.00M, Peak:0.00M | Scene, ViewLayer | Synchronizing object | Equalising stay rod
Fra:1 Mem:541.85M (Peak 541.85M) | Time:00:00.90 | Mem:0.00M, Peak:0.00M | Scene, ViewLayer | Synchronizing object | Equalising stay pin eye
Fra:1 Mem:541.85M (Peak 541.85M) | Time:00:00.90 | Mem:0.00M, Peak:0.00M | Scene, ViewLayer | Synchronizing object | Equalising stay pin pin
Fra:1 Mem:541.86M (Peak 541.86M) | Time:00:00.90 | Mem:0.00M, Peak:0.00M | Scene, ViewLayer | Synchronizing object | Equalising stay pin retaining washer
Fra:1 Mem:541.87M (Peak 541.87M) | Time:00:00.90 | Mem:0.00M, Peak:0.00M | Scene, ViewLayer | Synchronizing object | Equalising stay pin retaining hex head
Fra:1 Mem:541.87M (Peak 541.87M) | Time:00:00.90 | Mem:0.00M, Peak:0.00M | Scene, ViewLayer | Synchronizing object | Equalising stay pin retaining washer.001
Fra:1 Mem:541.88M (Peak 541.88M) | Time:00:00.90 | Mem:0.00M, Peak:0.00M | Scene, ViewLayer | Synchronizing object | Equalising stay pin retaining hex head.001
Fra:1 Mem:541.90M (Peak 541.90M) | Time:00:00.90 | Mem:0.00M, Peak:0.00M | Scene, ViewLayer | Synchronizing object | Equalising stay pin eye.001
Fra:1 Mem:541.88M (Peak 541.90M) | Time:00:00.90 | Mem:0.00M, Peak:0.00M | Scene, ViewLayer | Synchronizing object | Equalising stay pin retaining washer.002
Fra:1 Mem:541.90M (Peak 541.90M) | Time:00:00.90 | Mem:0.00M, Peak:0.00M | Scene, ViewLayer | Synchronizing object | Equalising stay pin retaining hex head.002
Fra:1 Mem:541.90M (Peak 541.90M) | Time:00:00.90 | Mem:0.00M, Peak:0.00M | Scene, ViewLayer | Synchronizing object | Equalising stay pin retaining hex head.003
Fra:1 Mem:541.91M (Peak 541.91M) | Time:00:00.90 | Mem:0.00M, Peak:0.00M | Scene, ViewLayer | Synchronizing object | Bolster spring head seat.001
Fra:1 Mem:541.91M (Peak 541.91M) | Time:00:00.90 | Mem:0.00M, Peak:0.00M | Scene, ViewLayer | Synchronizing object | Bolster spring bottom rubber pad.002
Fra:1 Mem:541.93M (Peak 541.93M) | Time:00:00.90 | Mem:0.00M, Peak:0.00M | Scene, ViewLayer | Synchronizing object | Bolster spring top seating flange.002
Fra:1 Mem:541.94M (Peak 541.94M) | Time:00:00.90 | Mem:0.00M, Peak:0.00M | Scene, ViewLayer | Synchronizing object | Secondary 42mm bolster coil.002
Fra:1 Mem:541.95M (Peak 541.95M) | Time:00:00.90 | Mem:0.00M, Peak:0.00M | Scene, ViewLayer | Synchronizing object | Secondary 42mm bolster coil group mark.023
Fra:1 Mem:542.00M (Peak 542.00M) | Time:00:00.90 | Mem:0.00M, Peak:0.00M | Scene, ViewLayer | Synchronizing object | Secondary 42mm bolster coil group mark.025
Fra:1 Mem:542.07M (Peak 542.07M) | Time:00:00.90 | Mem:0.00M, Peak:0.00M | Scene, ViewLayer | Synchronizing object | Secondary 42mm bolster coil group mark.026
Fra:1 Mem:542.08M (Peak 542.08M) | Time:00:00.90 | Mem:0.00M, Peak:0.00M | Scene, ViewLayer | Synchronizing object | Secondary 42mm bolster coil group mark.027
Fra:1 Mem:542.09M (Peak 542.09M) | Time:00:00.90 | Mem:0.00M, Peak:0.00M | Scene, ViewLayer | Synchronizing object | Secondary 42mm bolster coil group mark.028
Fra:1 Mem:542.09M (Peak 542.09M) | Time:00:00.90 | Mem:0.00M, Peak:0.00M | Scene, ViewLayer | Synchronizing object | Secondary 42mm bolster coil group mark.029
Fra:1 Mem:542.12M (Peak 542.12M) | Time:00:00.90 | Mem:0.00M, Peak:0.00M | Scene, ViewLayer | Synchronizing object | Secondary 42mm bolster coil group mark.030
Fra:1 Mem:542.12M (Peak 542.12M) | Time:00:00.90 | Mem:0.00M, Peak:0.00M | Scene, ViewLayer | Synchronizing object | Secondary 42mm bolster coil group mark.031
Fra:1 Mem:542.13M (Peak 542.13M) | Time:00:00.90 | Mem:0.00M, Peak:0.00M | Scene, ViewLayer | Synchronizing object | Secondary 42mm bolster coil group mark.032
Fra:1 Mem:542.14M (Peak 542.14M) | Time:00:00.90 | Mem:0.00M, Peak:0.00M | Scene, ViewLayer | Synchronizing object | Bolster spring bottom rubber pad.003
Fra:1 Mem:542.14M (Peak 542.14M) | Time:00:00.90 | Mem:0.00M, Peak:0.00M | Scene, ViewLayer | Synchronizing object | Bolster spring top seating flange.003
Fra:1 Mem:542.16M (Peak 542.16M) | Time:00:00.91 | Mem:0.00M, Peak:0.00M | Scene, ViewLayer | Synchronizing object | Secondary 42mm bolster coil.003
Fra:1 Mem:542.19M (Peak 542.19M) | Time:00:00.91 | Mem:0.00M, Peak:0.00M | Scene, ViewLayer | Synchronizing object | Secondary 42mm bolster coil group mark.033
Fra:1 Mem:542.29M (Peak 542.29M) | Time:00:00.91 | Mem:0.00M, Peak:0.00M | Scene, ViewLayer | Synchronizing object | Secondary 42mm bolster coil group mark.034
Fra:1 Mem:542.31M (Peak 542.31M) | Time:00:00.91 | Mem:0.00M, Peak:0.00M | Scene, ViewLayer | Synchronizing object | Secondary 42mm bolster coil group mark.035
Fra:1 Mem:542.34M (Peak 542.34M) | Time:00:00.91 | Mem:0.00M, Peak:0.00M | Scene, ViewLayer | Synchronizing object | Secondary 42mm bolster coil group mark.036
Fra:1 Mem:542.35M (Peak 542.35M) | Time:00:00.91 | Mem:0.00M, Peak:0.00M | Scene, ViewLayer | Synchronizing object | Secondary 42mm bolster coil group mark.037
Fra:1 Mem:542.36M (Peak 542.36M) | Time:00:00.91 | Mem:0.00M, Peak:0.00M | Scene, ViewLayer | Synchronizing object | Secondary 42mm bolster coil group mark.038
Fra:1 Mem:542.37M (Peak 542.37M) | Time:00:00.91 | Mem:0.00M, Peak:0.00M | Scene, ViewLayer | Synchronizing object | Secondary 42mm bolster coil group mark.039
Fra:1 Mem:542.37M (Peak 542.37M) | Time:00:00.91 | Mem:0.00M, Peak:0.00M | Scene, ViewLayer | Synchronizing object | Secondary 42mm bolster coil group mark.040
Fra:1 Mem:542.38M (Peak 542.38M) | Time:00:00.91 | Mem:0.00M, Peak:0.00M | Scene, ViewLayer | Synchronizing object | Secondary 42mm bolster coil group mark.041
Fra:1 Mem:542.40M (Peak 542.40M) | Time:00:00.91 | Mem:0.00M, Peak:0.00M | Scene, ViewLayer | Synchronizing object | Secondary 42mm bolster coil group mark.042
Fra:1 Mem:542.41M (Peak 542.41M) | Time:00:00.91 | Mem:0.00M, Peak:0.00M | Scene, ViewLayer | Synchronizing object | Secondary 42mm bolster coil group mark.043
Fra:1 Mem:542.41M (Peak 542.41M) | Time:00:00.91 | Mem:0.00M, Peak:0.00M | Scene, ViewLayer | Synchronizing object | BSS swing hanger forged link strap.004
Fra:1 Mem:542.43M (Peak 542.43M) | Time:00:00.91 | Mem:0.00M, Peak:0.00M | Scene, ViewLayer | Synchronizing object | BSS swing hanger forged link eye.008
Fra:1 Mem:542.42M (Peak 542.43M) | Time:00:00.91 | Mem:0.00M, Peak:0.00M | Scene, ViewLayer | Synchronizing object | BSS swing hanger forged link eye.009
Fra:1 Mem:542.43M (Peak 542.43M) | Time:00:00.91 | Mem:0.00M, Peak:0.00M | Scene, ViewLayer | Synchronizing object | BSS swing hanger forged link eye.010
Fra:1 Mem:542.43M (Peak 542.43M) | Time:00:00.91 | Mem:0.00M, Peak:0.00M | Scene, ViewLayer | Synchronizing object | BSS swing hanger forged link eye.011
Fra:1 Mem:542.43M (Peak 542.43M) | Time:00:00.91 | Mem:0.00M, Peak:0.00M | Scene, ViewLayer | Synchronizing object | BSS upper hanger pin pin.002
Fra:1 Mem:542.44M (Peak 542.44M) | Time:00:00.91 | Mem:0.00M, Peak:0.00M | Scene, ViewLayer | Synchronizing object | BSS upper hanger pin retaining washer.004
Fra:1 Mem:542.45M (Peak 542.45M) | Time:00:00.91 | Mem:0.00M, Peak:0.00M | Scene, ViewLayer | Synchronizing object | BSS upper hanger pin retaining hex head.004
Fra:1 Mem:542.45M (Peak 542.45M) | Time:00:00.91 | Mem:0.00M, Peak:0.00M | Scene, ViewLayer | Synchronizing object | BSS upper hanger pin retaining washer.005
Fra:1 Mem:542.46M (Peak 542.46M) | Time:00:00.91 | Mem:0.00M, Peak:0.00M | Scene, ViewLayer | Synchronizing object | BSS upper hanger pin retaining hex head.005
Fra:1 Mem:542.48M (Peak 542.48M) | Time:00:00.91 | Mem:0.00M, Peak:0.00M | Scene, ViewLayer | Synchronizing object | BSS lower hanger pin retaining washer.004
Fra:1 Mem:542.46M (Peak 542.48M) | Time:00:00.91 | Mem:0.00M, Peak:0.00M | Scene, ViewLayer | Synchronizing object | BSS lower hanger pin retaining hex head.004
Fra:1 Mem:542.48M (Peak 542.48M) | Time:00:00.91 | Mem:0.00M, Peak:0.00M | Scene, ViewLayer | Synchronizing object | BSS lower hanger pin retaining washer.005
Fra:1 Mem:542.48M (Peak 542.48M) | Time:00:00.91 | Mem:0.00M, Peak:0.00M | Scene, ViewLayer | Synchronizing object | BSS lower hanger pin retaining hex head.005
Fra:1 Mem:542.48M (Peak 542.48M) | Time:00:00.91 | Mem:0.00M, Peak:0.00M | Scene, ViewLayer | Synchronizing object | BSS hanger block.002
Fra:1 Mem:542.49M (Peak 542.49M) | Time:00:00.91 | Mem:0.00M, Peak:0.00M | Scene, ViewLayer | Synchronizing object | Spring plank hanger block.002
Fra:1 Mem:542.50M (Peak 542.50M) | Time:00:00.91 | Mem:0.00M, Peak:0.00M | Scene, ViewLayer | Synchronizing object | BSS swing hanger forged link strap.006
Fra:1 Mem:542.50M (Peak 542.50M) | Time:00:00.91 | Mem:0.00M, Peak:0.00M | Scene, ViewLayer | Synchronizing object | BSS swing hanger forged link eye.012
Fra:1 Mem:542.51M (Peak 542.51M) | Time:00:00.91 | Mem:0.00M, Peak:0.00M | Scene, ViewLayer | Synchronizing object | BSS swing hanger forged link eye.013
Fra:1 Mem:542.51M (Peak 542.51M) | Time:00:00.91 | Mem:0.00M, Peak:0.00M | Scene, ViewLayer | Synchronizing object | BSS swing hanger forged link strap.007
Fra:1 Mem:542.52M (Peak 542.52M) | Time:00:00.91 | Mem:0.00M, Peak:0.00M | Scene, ViewLayer | Synchronizing object | BSS swing hanger forged link eye.014
Fra:1 Mem:542.52M (Peak 542.52M) | Time:00:00.91 | Mem:0.00M, Peak:0.00M | Scene, ViewLayer | Synchronizing object | BSS swing hanger forged link eye.015
Fra:1 Mem:542.53M (Peak 542.53M) | Time:00:00.91 | Mem:0.00M, Peak:0.00M | Scene, ViewLayer | Synchronizing object | BSS upper hanger pin pin.003
Fra:1 Mem:542.53M (Peak 542.53M) | Time:00:00.91 | Mem:0.00M, Peak:0.00M | Scene, ViewLayer | Synchronizing object | BSS upper hanger pin retaining washer.006
Fra:1 Mem:542.54M (Peak 542.54M) | Time:00:00.91 | Mem:0.00M, Peak:0.00M | Scene, ViewLayer | Synchronizing object | BSS upper hanger pin retaining hex head.006
Fra:1 Mem:542.54M (Peak 542.54M) | Time:00:00.91 | Mem:0.00M, Peak:0.00M | Scene, ViewLayer | Synchronizing object | BSS upper hanger pin retaining washer.007
Fra:1 Mem:542.55M (Peak 542.55M) | Time:00:00.91 | Mem:0.00M, Peak:0.00M | Scene, ViewLayer | Synchronizing object | BSS upper hanger pin retaining hex head.007
Fra:1 Mem:542.55M (Peak 542.55M) | Time:00:00.91 | Mem:0.00M, Peak:0.00M | Scene, ViewLayer | Synchronizing object | BSS lower hanger pin pin.003
Fra:1 Mem:542.55M (Peak 542.55M) | Time:00:00.91 | Mem:0.00M, Peak:0.00M | Scene, ViewLayer | Synchronizing object | BSS lower hanger pin retaining washer.006
Fra:1 Mem:542.56M (Peak 542.56M) | Time:00:00.91 | Mem:0.00M, Peak:0.00M | Scene, ViewLayer | Synchronizing object | BSS lower hanger pin retaining hex head.006
Fra:1 Mem:542.56M (Peak 542.56M) | Time:00:00.91 | Mem:0.00M, Peak:0.00M | Scene, ViewLayer | Synchronizing object | BSS lower hanger pin retaining washer.007
Fra:1 Mem:542.56M (Peak 542.56M) | Time:00:00.91 | Mem:0.00M, Peak:0.00M | Scene, ViewLayer | Synchronizing object | BSS lower hanger pin retaining hex head.007
Fra:1 Mem:542.57M (Peak 542.57M) | Time:00:00.91 | Mem:0.00M, Peak:0.00M | Scene, ViewLayer | Synchronizing object | BSS hanger block.003
Fra:1 Mem:542.57M (Peak 542.57M) | Time:00:00.91 | Mem:0.00M, Peak:0.00M | Scene, ViewLayer | Synchronizing object | Spring plank hanger block.003
Fra:1 Mem:542.58M (Peak 542.58M) | Time:00:00.91 | Mem:0.00M, Peak:0.00M | Scene, ViewLayer | Synchronizing object | Bolster safety U strap.002
Fra:1 Mem:542.59M (Peak 542.59M) | Time:00:00.91 | Mem:0.00M, Peak:0.00M | Scene, ViewLayer | Synchronizing object | Bolster safety U strap.003
Fra:1 Mem:542.60M (Peak 542.60M) | Time:00:00.91 | Mem:0.00M, Peak:0.00M | Scene, ViewLayer | Synchronizing object | Vertical secondary hydraulic damper body.001
Fra:1 Mem:542.60M (Peak 542.60M) | Time:00:00.91 | Mem:0.00M, Peak:0.00M | Scene, ViewLayer | Synchronizing object | Secondary damper polished piston.001
Fra:1 Mem:542.61M (Peak 542.61M) | Time:00:00.91 | Mem:0.00M, Peak:0.00M | Scene, ViewLayer | Synchronizing object | Secondary damper dust sleeve.001
Fra:1 Mem:542.62M (Peak 542.62M) | Time:00:00.91 | Mem:0.00M, Peak:0.00M | Scene, ViewLayer | Synchronizing object | Damper eye silent rubber.002
Fra:1 Mem:542.62M (Peak 542.62M) | Time:00:00.91 | Mem:0.00M, Peak:0.00M | Scene, ViewLayer | Synchronizing object | Secondary damper eye pin pin.002
Fra:1 Mem:542.63M (Peak 542.63M) | Time:00:00.91 | Mem:0.00M, Peak:0.00M | Scene, ViewLayer | Synchronizing object | Secondary damper eye pin retaining washer.004
Fra:1 Mem:542.64M (Peak 542.64M) | Time:00:00.91 | Mem:0.00M, Peak:0.00M | Scene, ViewLayer | Synchronizing object | Secondary damper eye pin retaining hex head.004
Fra:1 Mem:542.64M (Peak 542.64M) | Time:00:00.91 | Mem:0.00M, Peak:0.00M | Scene, ViewLayer | Synchronizing object | Secondary damper eye pin retaining washer.005
Fra:1 Mem:542.64M (Peak 542.64M) | Time:00:00.91 | Mem:0.00M, Peak:0.00M | Scene, ViewLayer | Synchronizing object | Secondary damper eye pin retaining hex head.005
Fra:1 Mem:542.65M (Peak 542.65M) | Time:00:00.91 | Mem:0.00M, Peak:0.00M | Scene, ViewLayer | Synchronizing object | Damper attachment lug.002
Fra:1 Mem:542.66M (Peak 542.66M) | Time:00:00.91 | Mem:0.00M, Peak:0.00M | Scene, ViewLayer | Synchronizing object | Damper eye silent rubber.003
Fra:1 Mem:542.66M (Peak 542.66M) | Time:00:00.91 | Mem:0.00M, Peak:0.00M | Scene, ViewLayer | Synchronizing object | Secondary damper eye pin pin.003
Fra:1 Mem:542.67M (Peak 542.67M) | Time:00:00.91 | Mem:0.00M, Peak:0.00M | Scene, ViewLayer | Synchronizing object | Secondary damper eye pin retaining washer.006
Fra:1 Mem:542.67M (Peak 542.67M) | Time:00:00.91 | Mem:0.00M, Peak:0.00M | Scene, ViewLayer | Synchronizing object | Secondary damper eye pin retaining hex head.006
Fra:1 Mem:542.68M (Peak 542.68M) | Time:00:00.91 | Mem:0.00M, Peak:0.00M | Scene, ViewLayer | Synchronizing object | Secondary damper eye pin retaining washer.007
Fra:1 Mem:542.70M (Peak 542.70M) | Time:00:00.91 | Mem:0.00M, Peak:0.00M | Scene, ViewLayer | Synchronizing object | Secondary damper eye pin retaining hex head.007
Fra:1 Mem:542.68M (Peak 542.70M) | Time:00:00.91 | Mem:0.00M, Peak:0.00M | Scene, ViewLayer | Synchronizing object | Damper attachment lug.003
Fra:1 Mem:542.69M (Peak 542.70M) | Time:00:00.91 | Mem:0.00M, Peak:0.00M | Scene, ViewLayer | Synchronizing object | Side bearer lubricating oil bath.001
Fra:1 Mem:542.70M (Peak 542.70M) | Time:00:00.91 | Mem:0.00M, Peak:0.00M | Scene, ViewLayer | Synchronizing object | Side bearer bronze wearing piece.001
Fra:1 Mem:542.71M (Peak 542.71M) | Time:00:00.91 | Mem:0.00M, Peak:0.00M | Scene, ViewLayer | Synchronizing object | Side bearer dust excluding cover.001
Fra:1 Mem:542.71M (Peak 542.71M) | Time:00:00.91 | Mem:0.00M, Peak:0.00M | Scene, ViewLayer | Synchronizing object | Body bolster side-bearer attachment.001
Fra:1 Mem:542.73M (Peak 542.73M) | Time:00:00.91 | Mem:0.00M, Peak:0.00M | Scene, ViewLayer | Synchronizing object | Side bearer oil filler pipe.001
Fra:1 Mem:542.73M (Peak 542.73M) | Time:00:00.91 | Mem:0.00M, Peak:0.00M | Scene, ViewLayer | Synchronizing object | Side bearer oil filler cap.001
Fra:1 Mem:542.74M (Peak 542.74M) | Time:00:00.91 | Mem:0.00M, Peak:0.00M | Scene, ViewLayer | Synchronizing object | Bolster diagonal anchor link shank.001
Fra:1 Mem:542.74M (Peak 542.74M) | Time:00:00.91 | Mem:0.00M, Peak:0.00M | Scene, ViewLayer | Synchronizing object | Anchor link silent block outer housing.002
Fra:1 Mem:542.75M (Peak 542.75M) | Time:00:00.91 | Mem:0.00M, Peak:0.00M | Scene, ViewLayer | Synchronizing object | Anchor link rubber bush.002
Fra:1 Mem:542.75M (Peak 542.75M) | Time:00:00.91 | Mem:0.00M, Peak:0.00M | Scene, ViewLayer | Synchronizing object | Anchor link pin pin.002
Fra:1 Mem:542.76M (Peak 542.76M) | Time:00:00.91 | Mem:0.00M, Peak:0.00M | Scene, ViewLayer | Synchronizing object | Anchor link pin retaining washer.004
Fra:1 Mem:542.76M (Peak 542.76M) | Time:00:00.91 | Mem:0.00M, Peak:0.00M | Scene, ViewLayer | Synchronizing object | Anchor link pin retaining hex head.004
Fra:1 Mem:542.77M (Peak 542.77M) | Time:00:00.91 | Mem:0.00M, Peak:0.00M | Scene, ViewLayer | Synchronizing object | Anchor link pin retaining washer.005
Fra:1 Mem:542.77M (Peak 542.77M) | Time:00:00.91 | Mem:0.00M, Peak:0.00M | Scene, ViewLayer | Synchronizing object | Anchor link silent block outer housing.003
Fra:1 Mem:542.79M (Peak 542.79M) | Time:00:00.91 | Mem:0.00M, Peak:0.00M | Scene, ViewLayer | Synchronizing object | Anchor link rubber bush.003
Fra:1 Mem:542.79M (Peak 542.79M) | Time:00:00.91 | Mem:0.00M, Peak:0.00M | Scene, ViewLayer | Synchronizing object | Anchor link pin retaining washer.006
Fra:1 Mem:542.80M (Peak 542.80M) | Time:00:00.91 | Mem:0.00M, Peak:0.00M | Scene, ViewLayer | Synchronizing object | Anchor link pin retaining hex head.006
Fra:1 Mem:542.81M (Peak 542.81M) | Time:00:00.91 | Mem:0.00M, Peak:0.00M | Scene, ViewLayer | Synchronizing object | Anchor link pin retaining washer.007
Fra:1 Mem:542.81M (Peak 542.81M) | Time:00:00.91 | Mem:0.00M, Peak:0.00M | Scene, ViewLayer | Synchronizing object | Anchor link pin retaining hex head.007
Fra:1 Mem:542.81M (Peak 542.81M) | Time:00:00.91 | Mem:0.00M, Peak:0.00M | Scene, ViewLayer | Synchronizing object | Equalising stay rod.001
Fra:1 Mem:542.82M (Peak 542.82M) | Time:00:00.91 | Mem:0.00M, Peak:0.00M | Scene, ViewLayer | Synchronizing object | Equalising stay pin eye.002
Fra:1 Mem:542.82M (Peak 542.82M) | Time:00:00.91 | Mem:0.00M, Peak:0.00M | Scene, ViewLayer | Synchronizing object | Equalising stay pin retaining washer.004
Fra:1 Mem:542.84M (Peak 542.84M) | Time:00:00.91 | Mem:0.00M, Peak:0.00M | Scene, ViewLayer | Synchronizing object | Equalising stay pin retaining hex head.004
Fra:1 Mem:542.84M (Peak 542.84M) | Time:00:00.91 | Mem:0.00M, Peak:0.00M | Scene, ViewLayer | Synchronizing object | Equalising stay pin retaining washer.005
Fra:1 Mem:542.84M (Peak 542.84M) | Time:00:00.91 | Mem:0.00M, Peak:0.00M | Scene, ViewLayer | Synchronizing object | Equalising stay pin retaining hex head.005
Fra:1 Mem:542.85M (Peak 542.85M) | Time:00:00.91 | Mem:0.00M, Peak:0.00M | Scene, ViewLayer | Synchronizing object | Equalising stay pin eye.003
Fra:1 Mem:542.85M (Peak 542.85M) | Time:00:00.91 | Mem:0.00M, Peak:0.00M | Scene, ViewLayer | Synchronizing object | Equalising stay pin retaining washer.006
Fra:1 Mem:542.87M (Peak 542.87M) | Time:00:00.91 | Mem:0.00M, Peak:0.00M | Scene, ViewLayer | Synchronizing object | Equalising stay pin retaining hex head.006
Fra:1 Mem:542.87M (Peak 542.87M) | Time:00:00.91 | Mem:0.00M, Peak:0.00M | Scene, ViewLayer | Synchronizing object | Equalising stay pin retaining hex head.007
Fra:1 Mem:542.87M (Peak 542.87M) | Time:00:00.91 | Mem:0.00M, Peak:0.00M | Scene, ViewLayer | Synchronizing object | Lower spring cradle transverse channel
Fra:1 Mem:542.88M (Peak 542.88M) | Time:00:00.91 | Mem:0.00M, Peak:0.00M | Scene, ViewLayer | Synchronizing object | Spring cradle transverse stiffener
Fra:1 Mem:542.89M (Peak 542.89M) | Time:00:00.91 | Mem:0.00M, Peak:0.00M | Scene, ViewLayer | Synchronizing object | Spring cradle transverse stiffener.001
Fra:1 Mem:542.90M (Peak 542.90M) | Time:00:00.91 | Mem:0.00M, Peak:0.00M | Scene, ViewLayer | Synchronizing object | Spring cradle transverse stiffener.002
Fra:1 Mem:542.91M (Peak 542.91M) | Time:00:00.91 | Mem:0.00M, Peak:0.00M | Scene, ViewLayer | Synchronizing object | Lower spring cradle transverse channel.001
Fra:1 Mem:542.92M (Peak 542.92M) | Time:00:00.91 | Mem:0.00M, Peak:0.00M | Scene, ViewLayer | Synchronizing object | Spring cradle transverse stiffener.003
Fra:1 Mem:542.92M (Peak 542.92M) | Time:00:00.91 | Mem:0.00M, Peak:0.00M | Scene, ViewLayer | Synchronizing object | Spring cradle transverse stiffener.004
Fra:1 Mem:542.94M (Peak 542.94M) | Time:00:00.91 | Mem:0.00M, Peak:0.00M | Scene, ViewLayer | Synchronizing object | Spring cradle transverse stiffener.005
Fra:1 Mem:542.94M (Peak 542.94M) | Time:00:00.91 | Mem:0.00M, Peak:0.00M | Scene, ViewLayer | Synchronizing object | Centre pivot silent block housing
Fra:1 Mem:542.95M (Peak 542.95M) | Time:00:00.91 | Mem:0.00M, Peak:0.00M | Scene, ViewLayer | Synchronizing object | Centre pivot rubber silent block
Fra:1 Mem:542.96M (Peak 542.96M) | Time:00:00.91 | Mem:0.00M, Peak:0.00M | Scene, ViewLayer | Synchronizing object | Centre pivot tractive force pin
Fra:1 Mem:542.98M (Peak 542.98M) | Time:00:00.91 | Mem:0.00M, Peak:0.00M | Scene, ViewLayer | Synchronizing object | Centre pivot retaining plate
Fra:1 Mem:542.98M (Peak 542.98M) | Time:00:00.91 | Mem:0.00M, Peak:0.00M | Scene, ViewLayer | Synchronizing object | Centre pivot retaining screw hex head.001
Fra:1 Mem:542.99M (Peak 542.99M) | Time:00:00.91 | Mem:0.00M, Peak:0.00M | Scene, ViewLayer | Synchronizing object | Centre pivot retaining screw hex head.002
Fra:1 Mem:542.99M (Peak 542.99M) | Time:00:00.91 | Mem:0.00M, Peak:0.00M | Scene, ViewLayer | Synchronizing object | Turned stepped solid ICF axle
Fra:1 Mem:543.01M (Peak 543.01M) | Time:00:00.91 | Mem:0.00M, Peak:0.00M | Scene, ViewLayer | Synchronizing object | ICF monobloc 915mm dished wheel
Fra:1 Mem:543.04M (Peak 543.04M) | Time:00:00.91 | Mem:0.00M, Peak:0.00M | Scene, ViewLayer | Synchronizing object | Wheel hub machining line
Fra:1 Mem:543.37M (Peak 543.37M) | Time:00:00.91 | Mem:0.00M, Peak:0.00M | Scene, ViewLayer | Synchronizing object | Wheel rim witness line
Fra:1 Mem:543.41M (Peak 543.41M) | Time:00:00.91 | Mem:0.00M, Peak:0.00M | Scene, ViewLayer | Synchronizing object | Wing-type axlebox casting
Fra:1 Mem:543.45M (Peak 543.45M) | Time:00:00.91 | Mem:0.00M, Peak:0.00M | Scene, ViewLayer | Synchronizing object | Axlebox spherical bearing housing
Fra:1 Mem:543.50M (Peak 543.50M) | Time:00:00.91 | Mem:0.00M, Peak:0.00M | Scene, ViewLayer | Synchronizing object | Axlebox circular gasket
Fra:1 Mem:543.59M (Peak 543.59M) | Time:00:00.91 | Mem:0.00M, Peak:0.00M | Scene, ViewLayer | Synchronizing object | Axlebox bolted front cover
Fra:1 Mem:543.61M (Peak 543.61M) | Time:00:00.91 | Mem:0.00M, Peak:0.00M | Scene, ViewLayer | Synchronizing object | Axlebox centre inspection emboss
Fra:1 Mem:543.63M (Peak 543.63M) | Time:00:00.91 | Mem:0.00M, Peak:0.00M | Scene, ViewLayer | Synchronizing object | Axlebox cover M20 hex head
Fra:1 Mem:543.63M (Peak 543.63M) | Time:00:00.91 | Mem:0.00M, Peak:0.00M | Scene, ViewLayer | Synchronizing object | Axlebox cover M20 hex head.001
Fra:1 Mem:543.64M (Peak 543.64M) | Time:00:00.91 | Mem:0.00M, Peak:0.00M | Scene, ViewLayer | Synchronizing object | Axlebox cover M20 hex head.002
Fra:1 Mem:543.64M (Peak 543.64M) | Time:00:00.91 | Mem:0.00M, Peak:0.00M | Scene, ViewLayer | Synchronizing object | Axlebox cover M20 hex head.003
Fra:1 Mem:543.65M (Peak 543.65M) | Time:00:00.91 | Mem:0.00M, Peak:0.00M | Scene, ViewLayer | Synchronizing object | Axlebox cover M20 hex head.004
Fra:1 Mem:543.69M (Peak 543.69M) | Time:00:00.91 | Mem:0.00M, Peak:0.00M | Scene, ViewLayer | Synchronizing object | Axlebox cover M20 hex head.005
Fra:1 Mem:543.69M (Peak 543.69M) | Time:00:00.91 | Mem:0.00M, Peak:0.00M | Scene, ViewLayer | Synchronizing object | Axlebox crown bump rubber
Fra:1 Mem:543.69M (Peak 543.69M) | Time:00:00.91 | Mem:0.00M, Peak:0.00M | Scene, ViewLayer | Synchronizing object | Axlebox crown stop bracket
Fra:1 Mem:543.71M (Peak 543.71M) | Time:00:00.91 | Mem:0.00M, Peak:0.00M | Scene, ViewLayer | Synchronizing object | Crown clearance stop bolt
Fra:1 Mem:543.73M (Peak 543.73M) | Time:00:00.91 | Mem:0.00M, Peak:0.00M | Scene, ViewLayer | Synchronizing object | Primary lower spring seat cup
Fra:1 Mem:543.74M (Peak 543.74M) | Time:00:00.91 | Mem:0.00M, Peak:0.00M | Scene, ViewLayer | Synchronizing object | Primary isolation rubber pad
Fra:1 Mem:543.79M (Peak 543.79M) | Time:00:00.91 | Mem:0.00M, Peak:0.00M | Scene, ViewLayer | Synchronizing object | Primary dashpot oil cylinder
Fra:1 Mem:543.80M (Peak 543.80M) | Time:00:00.91 | Mem:0.00M, Peak:0.00M | Scene, ViewLayer | Synchronizing object | Telescopic axle guide piston sleeve
Fra:1 Mem:543.81M (Peak 543.81M) | Time:00:00.91 | Mem:0.00M, Peak:0.00M | Scene, ViewLayer | Synchronizing object | Dashpot sealing lip
Fra:1 Mem:543.82M (Peak 543.82M) | Time:00:00.91 | Mem:0.00M, Peak:0.00M | Scene, ViewLayer | Synchronizing object | Primary upper spring seat
Fra:1 Mem:543.80M (Peak 543.82M) | Time:00:00.91 | Mem:0.00M, Peak:0.00M | Scene, ViewLayer | Synchronizing object | Primary 33.5mm helical spring
Fra:1 Mem:543.85M (Peak 543.85M) | Time:00:00.91 | Mem:0.00M, Peak:0.00M | Scene, ViewLayer | Synchronizing object | Primary 33.5mm helical spring group mark
Fra:1 Mem:543.92M (Peak 543.92M) | Time:00:00.91 | Mem:0.00M, Peak:0.00M | Scene, ViewLayer | Synchronizing object | Primary 33.5mm helical spring group mark.001
Fra:1 Mem:543.95M (Peak 543.95M) | Time:00:00.91 | Mem:0.00M, Peak:0.00M | Scene, ViewLayer | Synchronizing object | Primary 33.5mm helical spring group mark.002
Fra:1 Mem:543.95M (Peak 543.95M) | Time:00:00.91 | Mem:0.00M, Peak:0.00M | Scene, ViewLayer | Synchronizing object | Primary 33.5mm helical spring group mark.003
Fra:1 Mem:543.97M (Peak 543.97M) | Time:00:00.91 | Mem:0.00M, Peak:0.00M | Scene, ViewLayer | Synchronizing object | Primary 33.5mm helical spring group mark.004
Fra:1 Mem:543.97M (Peak 543.97M) | Time:00:00.91 | Mem:0.00M, Peak:0.00M | Scene, ViewLayer | Synchronizing object | Primary 33.5mm helical spring group mark.005
Fra:1 Mem:543.98M (Peak 543.98M) | Time:00:00.91 | Mem:0.00M, Peak:0.00M | Scene, ViewLayer | Synchronizing object | Primary 33.5mm helical spring group mark.006
Fra:1 Mem:544.01M (Peak 544.01M) | Time:00:00.91 | Mem:0.00M, Peak:0.00M | Scene, ViewLayer | Synchronizing object | Primary 33.5mm helical spring group mark.007
Fra:1 Mem:544.02M (Peak 544.02M) | Time:00:00.91 | Mem:0.00M, Peak:0.00M | Scene, ViewLayer | Synchronizing object | Primary 33.5mm helical spring group mark.008
Fra:1 Mem:544.02M (Peak 544.02M) | Time:00:00.91 | Mem:0.00M, Peak:0.00M | Scene, ViewLayer | Synchronizing object | Primary 33.5mm helical spring group mark.009
Fra:1 Mem:544.04M (Peak 544.04M) | Time:00:00.91 | Mem:0.00M, Peak:0.00M | Scene, ViewLayer | Synchronizing object | Primary 33.5mm helical spring group mark.010
Fra:1 Mem:544.04M (Peak 544.04M) | Time:00:00.91 | Mem:0.00M, Peak:0.00M | Scene, ViewLayer | Synchronizing object | Primary 33.5mm helical spring group mark.011
Fra:1 Mem:544.04M (Peak 544.04M) | Time:00:00.91 | Mem:0.00M, Peak:0.00M | Scene, ViewLayer | Synchronizing object | Primary 33.5mm helical spring group mark.012
Fra:1 Mem:544.05M (Peak 544.05M) | Time:00:00.91 | Mem:0.00M, Peak:0.00M | Scene, ViewLayer | Synchronizing object | Primary 33.5mm helical spring group mark.013
Fra:1 Mem:544.07M (Peak 544.07M) | Time:00:00.91 | Mem:0.00M, Peak:0.00M | Scene, ViewLayer | Synchronizing object | Dashpot oil filling vent screw hex head
Fra:1 Mem:544.07M (Peak 544.07M) | Time:00:00.91 | Mem:0.00M, Peak:0.00M | Scene, ViewLayer | Synchronizing object | Dashpot safety U bolt
Fra:1 Mem:544.08M (Peak 544.08M) | Time:00:00.91 | Mem:0.00M, Peak:0.00M | Scene, ViewLayer | Synchronizing object | Primary lower spring seat cup.001
Fra:1 Mem:544.10M (Peak 544.10M) | Time:00:00.91 | Mem:0.00M, Peak:0.00M | Scene, ViewLayer | Synchronizing object | Primary isolation rubber pad.001
Fra:1 Mem:544.13M (Peak 544.13M) | Time:00:00.91 | Mem:0.00M, Peak:0.00M | Scene, ViewLayer | Synchronizing object | Primary dashpot oil cylinder.001
Fra:1 Mem:544.14M (Peak 544.14M) | Time:00:00.91 | Mem:0.00M, Peak:0.00M | Scene, ViewLayer | Synchronizing object | Telescopic axle guide piston sleeve.001
Fra:1 Mem:544.12M (Peak 544.14M) | Time:00:00.91 | Mem:0.00M, Peak:0.00M | Scene, ViewLayer | Synchronizing object | Dashpot sealing lip.001
Fra:1 Mem:544.13M (Peak 544.14M) | Time:00:00.91 | Mem:0.00M, Peak:0.00M | Scene, ViewLayer | Synchronizing object | Primary upper spring seat.001
Fra:1 Mem:544.14M (Peak 544.14M) | Time:00:00.91 | Mem:0.00M, Peak:0.00M | Scene, ViewLayer | Synchronizing object | Primary 33.5mm helical spring.001
Fra:1 Mem:544.20M (Peak 544.20M) | Time:00:00.91 | Mem:0.00M, Peak:0.00M | Scene, ViewLayer | Synchronizing object | Primary 33.5mm helical spring group mark.014
Fra:1 Mem:544.27M (Peak 544.27M) | Time:00:00.91 | Mem:0.00M, Peak:0.00M | Scene, ViewLayer | Synchronizing object | Primary 33.5mm helical spring group mark.015
Fra:1 Mem:544.30M (Peak 544.30M) | Time:00:00.91 | Mem:0.00M, Peak:0.00M | Scene, ViewLayer | Synchronizing object | Primary 33.5mm helical spring group mark.016
Fra:1 Mem:544.32M (Peak 544.32M) | Time:00:00.91 | Mem:0.00M, Peak:0.00M | Scene, ViewLayer | Synchronizing object | Primary 33.5mm helical spring group mark.017
Fra:1 Mem:544.33M (Peak 544.33M) | Time:00:00.91 | Mem:0.00M, Peak:0.00M | Scene, ViewLayer | Synchronizing object | Primary 33.5mm helical spring group mark.018
Fra:1 Mem:544.35M (Peak 544.35M) | Time:00:00.91 | Mem:0.00M, Peak:0.00M | Scene, ViewLayer | Synchronizing object | Primary 33.5mm helical spring group mark.019
Fra:1 Mem:544.37M (Peak 544.37M) | Time:00:00.91 | Mem:0.00M, Peak:0.00M | Scene, ViewLayer | Synchronizing object | Primary 33.5mm helical spring group mark.020
Fra:1 Mem:544.37M (Peak 544.37M) | Time:00:00.91 | Mem:0.00M, Peak:0.00M | Scene, ViewLayer | Synchronizing object | Primary 33.5mm helical spring group mark.021
Fra:1 Mem:544.39M (Peak 544.39M) | Time:00:00.91 | Mem:0.00M, Peak:0.00M | Scene, ViewLayer | Synchronizing object | Primary 33.5mm helical spring group mark.022
Fra:1 Mem:544.39M (Peak 544.39M) | Time:00:00.91 | Mem:0.00M, Peak:0.00M | Scene, ViewLayer | Synchronizing object | Primary 33.5mm helical spring group mark.023
Fra:1 Mem:544.39M (Peak 544.39M) | Time:00:00.91 | Mem:0.00M, Peak:0.00M | Scene, ViewLayer | Synchronizing object | Primary 33.5mm helical spring group mark.024
Fra:1 Mem:544.40M (Peak 544.40M) | Time:00:00.91 | Mem:0.00M, Peak:0.00M | Scene, ViewLayer | Synchronizing object | Primary 33.5mm helical spring group mark.025
Fra:1 Mem:544.40M (Peak 544.40M) | Time:00:00.91 | Mem:0.00M, Peak:0.00M | Scene, ViewLayer | Synchronizing object | Primary 33.5mm helical spring group mark.026
Fra:1 Mem:544.40M (Peak 544.40M) | Time:00:00.91 | Mem:0.00M, Peak:0.00M | Scene, ViewLayer | Synchronizing object | Primary 33.5mm helical spring group mark.027
Fra:1 Mem:544.43M (Peak 544.43M) | Time:00:00.91 | Mem:0.00M, Peak:0.00M | Scene, ViewLayer | Synchronizing object | Dashpot oil filling vent screw hex head.001
Fra:1 Mem:544.43M (Peak 544.43M) | Time:00:00.91 | Mem:0.00M, Peak:0.00M | Scene, ViewLayer | Synchronizing object | Dashpot safety U bolt.001
Fra:1 Mem:544.44M (Peak 544.44M) | Time:00:00.91 | Mem:0.00M, Peak:0.00M | Scene, ViewLayer | Synchronizing object | Axlebox wing strengthening rib
Fra:1 Mem:544.45M (Peak 544.45M) | Time:00:00.91 | Mem:0.00M, Peak:0.00M | Scene, ViewLayer | Synchronizing object | Axlebox wing strengthening rib.001
Fra:1 Mem:544.47M (Peak 544.47M) | Time:00:00.91 | Mem:0.00M, Peak:0.00M | Scene, ViewLayer | Synchronizing object | ICF monobloc 915mm dished wheel.001
Fra:1 Mem:544.53M (Peak 544.53M) | Time:00:00.91 | Mem:0.00M, Peak:0.00M | Scene, ViewLayer | Synchronizing object | Wheel hub machining line.001
Fra:1 Mem:544.55M (Peak 544.55M) | Time:00:00.91 | Mem:0.00M, Peak:0.00M | Scene, ViewLayer | Synchronizing object | Wheel rim witness line.001
Fra:1 Mem:544.82M (Peak 544.82M) | Time:00:00.91 | Mem:0.00M, Peak:0.00M | Scene, ViewLayer | Synchronizing object | Wing-type axlebox casting.001
Fra:1 Mem:544.89M (Peak 544.89M) | Time:00:00.91 | Mem:0.00M, Peak:0.00M | Scene, ViewLayer | Synchronizing object | Axlebox spherical bearing housing.001
Fra:1 Mem:544.90M (Peak 544.90M) | Time:00:00.91 | Mem:0.00M, Peak:0.00M | Scene, ViewLayer | Synchronizing object | Axlebox circular gasket.001
Fra:1 Mem:544.95M (Peak 544.95M) | Time:00:00.91 | Mem:0.00M, Peak:0.00M | Scene, ViewLayer | Synchronizing object | Axlebox bolted front cover.001
Fra:1 Mem:544.97M (Peak 544.97M) | Time:00:00.91 | Mem:0.00M, Peak:0.00M | Scene, ViewLayer | Synchronizing object | Axlebox centre inspection emboss.001
Fra:1 Mem:544.97M (Peak 544.97M) | Time:00:00.91 | Mem:0.00M, Peak:0.00M | Scene, ViewLayer | Synchronizing object | Axlebox cover M20 hex head.006
Fra:1 Mem:545.00M (Peak 545.00M) | Time:00:00.91 | Mem:0.00M, Peak:0.00M | Scene, ViewLayer | Synchronizing object | Axlebox cover M20 hex head.007
Fra:1 Mem:545.01M (Peak 545.01M) | Time:00:00.91 | Mem:0.00M, Peak:0.00M | Scene, ViewLayer | Synchronizing object | Axlebox cover M20 hex head.008
Fra:1 Mem:545.02M (Peak 545.02M) | Time:00:00.91 | Mem:0.00M, Peak:0.00M | Scene, ViewLayer | Synchronizing object | Axlebox cover M20 hex head.009
Fra:1 Mem:545.01M (Peak 545.02M) | Time:00:00.91 | Mem:0.00M, Peak:0.00M | Scene, ViewLayer | Synchronizing object | Axlebox cover M20 hex head.010
Fra:1 Mem:545.01M (Peak 545.02M) | Time:00:00.91 | Mem:0.00M, Peak:0.00M | Scene, ViewLayer | Synchronizing object | Axlebox cover M20 hex head.011
Fra:1 Mem:545.02M (Peak 545.02M) | Time:00:00.91 | Mem:0.00M, Peak:0.00M | Scene, ViewLayer | Synchronizing object | Axlebox crown bump rubber.001
Fra:1 Mem:545.06M (Peak 545.06M) | Time:00:00.91 | Mem:0.00M, Peak:0.00M | Scene, ViewLayer | Synchronizing object | Axlebox crown stop bracket.001
Fra:1 Mem:545.08M (Peak 545.08M) | Time:00:00.91 | Mem:0.00M, Peak:0.00M | Scene, ViewLayer | Synchronizing object | Crown clearance stop bolt.001
Fra:1 Mem:545.08M (Peak 545.08M) | Time:00:00.91 | Mem:0.00M, Peak:0.00M | Scene, ViewLayer | Synchronizing object | Primary lower spring seat cup.002
Fra:1 Mem:545.09M (Peak 545.09M) | Time:00:00.91 | Mem:0.00M, Peak:0.00M | Scene, ViewLayer | Synchronizing object | Primary isolation rubber pad.002
Fra:1 Mem:545.09M (Peak 545.09M) | Time:00:00.91 | Mem:0.00M, Peak:0.00M | Scene, ViewLayer | Synchronizing object | Primary dashpot oil cylinder.002
Fra:1 Mem:545.13M (Peak 545.13M) | Time:00:00.91 | Mem:0.00M, Peak:0.00M | Scene, ViewLayer | Synchronizing object | Telescopic axle guide piston sleeve.002
Fra:1 Mem:545.15M (Peak 545.15M) | Time:00:00.91 | Mem:0.00M, Peak:0.00M | Scene, ViewLayer | Synchronizing object | Dashpot sealing lip.002
Fra:1 Mem:545.20M (Peak 545.20M) | Time:00:00.91 | Mem:0.00M, Peak:0.00M | Scene, ViewLayer | Synchronizing object | Primary upper spring seat.002
Fra:1 Mem:545.22M (Peak 545.22M) | Time:00:00.91 | Mem:0.00M, Peak:0.00M | Scene, ViewLayer | Synchronizing object | Primary 33.5mm helical spring.002
Fra:1 Mem:545.22M (Peak 545.22M) | Time:00:00.91 | Mem:0.00M, Peak:0.00M | Scene, ViewLayer | Synchronizing object | Primary 33.5mm helical spring group mark.028
Fra:1 Mem:545.22M (Peak 545.22M) | Time:00:00.91 | Mem:0.00M, Peak:0.00M | Scene, ViewLayer | Synchronizing object | Primary 33.5mm helical spring group mark.029
Fra:1 Mem:545.29M (Peak 545.29M) | Time:00:00.91 | Mem:0.00M, Peak:0.00M | Scene, ViewLayer | Synchronizing object | Primary 33.5mm helical spring group mark.030
Fra:1 Mem:545.29M (Peak 545.29M) | Time:00:00.91 | Mem:0.00M, Peak:0.00M | Scene, ViewLayer | Synchronizing object | Primary 33.5mm helical spring group mark.031
Fra:1 Mem:545.32M (Peak 545.32M) | Time:00:00.91 | Mem:0.00M, Peak:0.00M | Scene, ViewLayer | Synchronizing object | Primary 33.5mm helical spring group mark.032
Fra:1 Mem:545.32M (Peak 545.32M) | Time:00:00.91 | Mem:0.00M, Peak:0.00M | Scene, ViewLayer | Synchronizing object | Primary 33.5mm helical spring group mark.033
Fra:1 Mem:545.34M (Peak 545.34M) | Time:00:00.91 | Mem:0.00M, Peak:0.00M | Scene, ViewLayer | Synchronizing object | Primary 33.5mm helical spring group mark.034
Fra:1 Mem:545.38M (Peak 545.38M) | Time:00:00.91 | Mem:0.00M, Peak:0.00M | Scene, ViewLayer | Synchronizing object | Primary 33.5mm helical spring group mark.035
Fra:1 Mem:545.39M (Peak 545.39M) | Time:00:00.91 | Mem:0.00M, Peak:0.00M | Scene, ViewLayer | Synchronizing object | Primary 33.5mm helical spring group mark.036
Fra:1 Mem:545.38M (Peak 545.39M) | Time:00:00.91 | Mem:0.00M, Peak:0.00M | Scene, ViewLayer | Synchronizing object | Primary 33.5mm helical spring group mark.037
Fra:1 Mem:545.40M (Peak 545.40M) | Time:00:00.91 | Mem:0.00M, Peak:0.00M | Scene, ViewLayer | Synchronizing object | Primary 33.5mm helical spring group mark.038
Fra:1 Mem:545.40M (Peak 545.40M) | Time:00:00.91 | Mem:0.00M, Peak:0.00M | Scene, ViewLayer | Synchronizing object | Primary 33.5mm helical spring group mark.039
Fra:1 Mem:545.41M (Peak 545.41M) | Time:00:00.91 | Mem:0.00M, Peak:0.00M | Scene, ViewLayer | Synchronizing object | Primary 33.5mm helical spring group mark.040
Fra:1 Mem:545.41M (Peak 545.41M) | Time:00:00.91 | Mem:0.00M, Peak:0.00M | Scene, ViewLayer | Synchronizing object | Primary 33.5mm helical spring group mark.041
Fra:1 Mem:545.45M (Peak 545.45M) | Time:00:00.91 | Mem:0.00M, Peak:0.00M | Scene, ViewLayer | Synchronizing object | Dashpot oil filling vent screw hex head.002
Fra:1 Mem:545.44M (Peak 545.45M) | Time:00:00.91 | Mem:0.00M, Peak:0.00M | Scene, ViewLayer | Synchronizing object | Dashpot safety U bolt.002
Fra:1 Mem:545.45M (Peak 545.45M) | Time:00:00.91 | Mem:0.00M, Peak:0.00M | Scene, ViewLayer | Synchronizing object | Primary lower spring seat cup.003
Fra:1 Mem:545.46M (Peak 545.46M) | Time:00:00.91 | Mem:0.00M, Peak:0.00M | Scene, ViewLayer | Synchronizing object | Primary isolation rubber pad.003
Fra:1 Mem:545.49M (Peak 545.49M) | Time:00:00.91 | Mem:0.00M, Peak:0.00M | Scene, ViewLayer | Synchronizing object | Primary dashpot oil cylinder.003
Fra:1 Mem:545.50M (Peak 545.50M) | Time:00:00.91 | Mem:0.00M, Peak:0.00M | Scene, ViewLayer | Synchronizing object | Telescopic axle guide piston sleeve.003
Fra:1 Mem:545.49M (Peak 545.50M) | Time:00:00.91 | Mem:0.00M, Peak:0.00M | Scene, ViewLayer | Synchronizing object | Dashpot sealing lip.003
Fra:1 Mem:545.49M (Peak 545.50M) | Time:00:00.91 | Mem:0.00M, Peak:0.00M | Scene, ViewLayer | Synchronizing object | Primary upper spring seat.003
Fra:1 Mem:545.52M (Peak 545.52M) | Time:00:00.91 | Mem:0.00M, Peak:0.00M | Scene, ViewLayer | Synchronizing object | Primary 33.5mm helical spring.003
Fra:1 Mem:545.56M (Peak 545.56M) | Time:00:00.91 | Mem:0.00M, Peak:0.00M | Scene, ViewLayer | Synchronizing object | Primary 33.5mm helical spring group mark.042
Fra:1 Mem:545.64M (Peak 545.64M) | Time:00:00.91 | Mem:0.00M, Peak:0.00M | Scene, ViewLayer | Synchronizing object | Primary 33.5mm helical spring group mark.043
Fra:1 Mem:545.66M (Peak 545.66M) | Time:00:00.91 | Mem:0.00M, Peak:0.00M | Scene, ViewLayer | Synchronizing object | Primary 33.5mm helical spring group mark.044
Fra:1 Mem:545.68M (Peak 545.68M) | Time:00:00.91 | Mem:0.00M, Peak:0.00M | Scene, ViewLayer | Synchronizing object | Primary 33.5mm helical spring group mark.045
Fra:1 Mem:545.68M (Peak 545.68M) | Time:00:00.91 | Mem:0.00M, Peak:0.00M | Scene, ViewLayer | Synchronizing object | Primary 33.5mm helical spring group mark.046
Fra:1 Mem:545.69M (Peak 545.69M) | Time:00:00.91 | Mem:0.00M, Peak:0.00M | Scene, ViewLayer | Synchronizing object | Primary 33.5mm helical spring group mark.047
Fra:1 Mem:545.69M (Peak 545.69M) | Time:00:00.91 | Mem:0.00M, Peak:0.00M | Scene, ViewLayer | Synchronizing object | Primary 33.5mm helical spring group mark.048
Fra:1 Mem:545.70M (Peak 545.70M) | Time:00:00.91 | Mem:0.00M, Peak:0.00M | Scene, ViewLayer | Synchronizing object | Primary 33.5mm helical spring group mark.049
Fra:1 Mem:545.73M (Peak 545.73M) | Time:00:00.91 | Mem:0.00M, Peak:0.00M | Scene, ViewLayer | Synchronizing object | Primary 33.5mm helical spring group mark.050
Fra:1 Mem:545.75M (Peak 545.75M) | Time:00:00.91 | Mem:0.00M, Peak:0.00M | Scene, ViewLayer | Synchronizing object | Primary 33.5mm helical spring group mark.051
Fra:1 Mem:545.75M (Peak 545.75M) | Time:00:00.91 | Mem:0.00M, Peak:0.00M | Scene, ViewLayer | Synchronizing object | Primary 33.5mm helical spring group mark.052
Fra:1 Mem:545.76M (Peak 545.76M) | Time:00:00.91 | Mem:0.00M, Peak:0.00M | Scene, ViewLayer | Synchronizing object | Primary 33.5mm helical spring group mark.053
Fra:1 Mem:545.76M (Peak 545.76M) | Time:00:00.91 | Mem:0.00M, Peak:0.00M | Scene, ViewLayer | Synchronizing object | Primary 33.5mm helical spring group mark.054
Fra:1 Mem:545.76M (Peak 545.76M) | Time:00:00.91 | Mem:0.00M, Peak:0.00M | Scene, ViewLayer | Synchronizing object | Primary 33.5mm helical spring group mark.055
Fra:1 Mem:545.79M (Peak 545.79M) | Time:00:00.91 | Mem:0.00M, Peak:0.00M | Scene, ViewLayer | Synchronizing object | Dashpot oil filling vent screw hex head.003
Fra:1 Mem:545.79M (Peak 545.79M) | Time:00:00.91 | Mem:0.00M, Peak:0.00M | Scene, ViewLayer | Synchronizing object | Dashpot safety U bolt.003
Fra:1 Mem:545.80M (Peak 545.80M) | Time:00:00.91 | Mem:0.00M, Peak:0.00M | Scene, ViewLayer | Synchronizing object | Axlebox wing strengthening rib.002
Fra:1 Mem:545.80M (Peak 545.80M) | Time:00:00.91 | Mem:0.00M, Peak:0.00M | Scene, ViewLayer | Synchronizing object | Axlebox wing strengthening rib.003
Fra:1 Mem:545.80M (Peak 545.80M) | Time:00:00.91 | Mem:0.00M, Peak:0.00M | Scene, ViewLayer | Synchronizing object | Turned stepped solid ICF axle.001
Fra:1 Mem:545.81M (Peak 545.81M) | Time:00:00.91 | Mem:0.00M, Peak:0.00M | Scene, ViewLayer | Synchronizing object | ICF monobloc 915mm dished wheel.002
Fra:1 Mem:546.11M (Peak 546.11M) | Time:00:00.91 | Mem:0.00M, Peak:0.00M | Scene, ViewLayer | Synchronizing object | Wheel hub machining line.002
Fra:1 Mem:546.21M (Peak 546.21M) | Time:00:00.91 | Mem:0.00M, Peak:0.00M | Scene, ViewLayer | Synchronizing object | Wheel rim witness line.002
Fra:1 Mem:546.33M (Peak 546.33M) | Time:00:00.91 | Mem:0.00M, Peak:0.00M | Scene, ViewLayer | Synchronizing object | Wing-type axlebox casting.002
Fra:1 Mem:546.36M (Peak 546.36M) | Time:00:00.91 | Mem:0.00M, Peak:0.00M | Scene, ViewLayer | Synchronizing object | Axlebox spherical bearing housing.002
Fra:1 Mem:546.41M (Peak 546.41M) | Time:00:00.91 | Mem:0.00M, Peak:0.00M | Scene, ViewLayer | Synchronizing object | Axlebox circular gasket.002
Fra:1 Mem:546.42M (Peak 546.42M) | Time:00:00.91 | Mem:0.00M, Peak:0.00M | Scene, ViewLayer | Synchronizing object | Axlebox bolted front cover.002
Fra:1 Mem:546.43M (Peak 546.43M) | Time:00:00.91 | Mem:0.00M, Peak:0.00M | Scene, ViewLayer | Synchronizing object | Axlebox centre inspection emboss.002
Fra:1 Mem:546.49M (Peak 546.49M) | Time:00:00.91 | Mem:0.00M, Peak:0.00M | Scene, ViewLayer | Synchronizing object | Axlebox cover M20 hex head.012
Fra:1 Mem:546.49M (Peak 546.49M) | Time:00:00.91 | Mem:0.00M, Peak:0.00M | Scene, ViewLayer | Synchronizing object | Axlebox cover M20 hex head.013
Fra:1 Mem:546.49M (Peak 546.49M) | Time:00:00.91 | Mem:0.00M, Peak:0.00M | Scene, ViewLayer | Synchronizing object | Axlebox cover M20 hex head.014
Fra:1 Mem:546.49M (Peak 546.49M) | Time:00:00.91 | Mem:0.00M, Peak:0.00M | Scene, ViewLayer | Synchronizing object | Axlebox cover M20 hex head.015
Fra:1 Mem:546.50M (Peak 546.50M) | Time:00:00.91 | Mem:0.00M, Peak:0.00M | Scene, ViewLayer | Synchronizing object | Axlebox cover M20 hex head.016
Fra:1 Mem:546.50M (Peak 546.50M) | Time:00:00.91 | Mem:0.00M, Peak:0.00M | Scene, ViewLayer | Synchronizing object | Axlebox cover M20 hex head.017
Fra:1 Mem:546.50M (Peak 546.50M) | Time:00:00.91 | Mem:0.00M, Peak:0.00M | Scene, ViewLayer | Synchronizing object | Axlebox crown bump rubber.002
Fra:1 Mem:546.50M (Peak 546.50M) | Time:00:00.91 | Mem:0.00M, Peak:0.00M | Scene, ViewLayer | Synchronizing object | Axlebox crown stop bracket.002
Fra:1 Mem:546.54M (Peak 546.54M) | Time:00:00.91 | Mem:0.00M, Peak:0.00M | Scene, ViewLayer | Synchronizing object | Crown clearance stop bolt.002
Fra:1 Mem:546.54M (Peak 546.54M) | Time:00:00.91 | Mem:0.00M, Peak:0.00M | Scene, ViewLayer | Synchronizing object | Primary lower spring seat cup.004
Fra:1 Mem:546.60M (Peak 546.60M) | Time:00:00.91 | Mem:0.00M, Peak:0.00M | Scene, ViewLayer | Synchronizing object | Primary isolation rubber pad.004
Fra:1 Mem:546.62M (Peak 546.62M) | Time:00:00.91 | Mem:0.00M, Peak:0.00M | Scene, ViewLayer | Synchronizing object | Primary dashpot oil cylinder.004
Fra:1 Mem:546.62M (Peak 546.62M) | Time:00:00.91 | Mem:0.00M, Peak:0.00M | Scene, ViewLayer | Synchronizing object | Telescopic axle guide piston sleeve.004
Fra:1 Mem:546.57M (Peak 546.62M) | Time:00:00.91 | Mem:0.00M, Peak:0.00M | Scene, ViewLayer | Synchronizing object | Dashpot sealing lip.004
Fra:1 Mem:546.59M (Peak 546.62M) | Time:00:00.91 | Mem:0.00M, Peak:0.00M | Scene, ViewLayer | Synchronizing object | Primary upper spring seat.004
Fra:1 Mem:546.62M (Peak 546.62M) | Time:00:00.91 | Mem:0.00M, Peak:0.00M | Scene, ViewLayer | Synchronizing object | Primary 33.5mm helical spring.004
Fra:1 Mem:546.66M (Peak 546.66M) | Time:00:00.91 | Mem:0.00M, Peak:0.00M | Scene, ViewLayer | Synchronizing object | Primary 33.5mm helical spring group mark.056
Fra:1 Mem:546.67M (Peak 546.67M) | Time:00:00.91 | Mem:0.00M, Peak:0.00M | Scene, ViewLayer | Synchronizing object | Primary 33.5mm helical spring group mark.057
Fra:1 Mem:546.67M (Peak 546.67M) | Time:00:00.91 | Mem:0.00M, Peak:0.00M | Scene, ViewLayer | Synchronizing object | Primary 33.5mm helical spring group mark.058
Fra:1 Mem:546.76M (Peak 546.76M) | Time:00:00.91 | Mem:0.00M, Peak:0.00M | Scene, ViewLayer | Synchronizing object | Primary 33.5mm helical spring group mark.059
Fra:1 Mem:546.78M (Peak 546.78M) | Time:00:00.91 | Mem:0.00M, Peak:0.00M | Scene, ViewLayer | Synchronizing object | Primary 33.5mm helical spring group mark.060
Fra:1 Mem:546.78M (Peak 546.78M) | Time:00:00.91 | Mem:0.00M, Peak:0.00M | Scene, ViewLayer | Synchronizing object | Primary 33.5mm helical spring group mark.061
Fra:1 Mem:546.79M (Peak 546.79M) | Time:00:00.91 | Mem:0.00M, Peak:0.00M | Scene, ViewLayer | Synchronizing object | Primary 33.5mm helical spring group mark.062
Fra:1 Mem:546.79M (Peak 546.79M) | Time:00:00.91 | Mem:0.00M, Peak:0.00M | Scene, ViewLayer | Synchronizing object | Primary 33.5mm helical spring group mark.063
Fra:1 Mem:546.80M (Peak 546.80M) | Time:00:00.91 | Mem:0.00M, Peak:0.00M | Scene, ViewLayer | Synchronizing object | Primary 33.5mm helical spring group mark.064
Fra:1 Mem:546.83M (Peak 546.83M) | Time:00:00.91 | Mem:0.00M, Peak:0.00M | Scene, ViewLayer | Synchronizing object | Primary 33.5mm helical spring group mark.065
Fra:1 Mem:546.83M (Peak 546.83M) | Time:00:00.91 | Mem:0.00M, Peak:0.00M | Scene, ViewLayer | Synchronizing object | Primary 33.5mm helical spring group mark.066
Fra:1 Mem:546.84M (Peak 546.84M) | Time:00:00.91 | Mem:0.00M, Peak:0.00M | Scene, ViewLayer | Synchronizing object | Primary 33.5mm helical spring group mark.067
Fra:1 Mem:546.85M (Peak 546.85M) | Time:00:00.91 | Mem:0.00M, Peak:0.00M | Scene, ViewLayer | Synchronizing object | Primary 33.5mm helical spring group mark.068
Fra:1 Mem:546.86M (Peak 546.86M) | Time:00:00.91 | Mem:0.00M, Peak:0.00M | Scene, ViewLayer | Synchronizing object | Primary 33.5mm helical spring group mark.069
Fra:1 Mem:546.86M (Peak 546.86M) | Time:00:00.91 | Mem:0.00M, Peak:0.00M | Scene, ViewLayer | Synchronizing object | Dashpot oil filling vent screw hex head.004
Fra:1 Mem:546.86M (Peak 546.86M) | Time:00:00.91 | Mem:0.00M, Peak:0.00M | Scene, ViewLayer | Synchronizing object | Dashpot safety U bolt.004
Fra:1 Mem:546.89M (Peak 546.89M) | Time:00:00.91 | Mem:0.00M, Peak:0.00M | Scene, ViewLayer | Synchronizing object | Primary lower spring seat cup.005
Fra:1 Mem:546.90M (Peak 546.90M) | Time:00:00.91 | Mem:0.00M, Peak:0.00M | Scene, ViewLayer | Synchronizing object | Primary isolation rubber pad.005
Fra:1 Mem:546.90M (Peak 546.90M) | Time:00:00.91 | Mem:0.00M, Peak:0.00M | Scene, ViewLayer | Synchronizing object | Primary dashpot oil cylinder.005
Fra:1 Mem:546.95M (Peak 546.95M) | Time:00:00.91 | Mem:0.00M, Peak:0.00M | Scene, ViewLayer | Synchronizing object | Telescopic axle guide piston sleeve.005
Fra:1 Mem:546.97M (Peak 546.97M) | Time:00:00.91 | Mem:0.00M, Peak:0.00M | Scene, ViewLayer | Synchronizing object | Dashpot sealing lip.005
Fra:1 Mem:546.96M (Peak 546.97M) | Time:00:00.91 | Mem:0.00M, Peak:0.00M | Scene, ViewLayer | Synchronizing object | Primary upper spring seat.005
Fra:1 Mem:546.96M (Peak 546.97M) | Time:00:00.91 | Mem:0.00M, Peak:0.00M | Scene, ViewLayer | Synchronizing object | Primary 33.5mm helical spring.005
Fra:1 Mem:547.01M (Peak 547.01M) | Time:00:00.91 | Mem:0.00M, Peak:0.00M | Scene, ViewLayer | Synchronizing object | Primary 33.5mm helical spring group mark.070
Fra:1 Mem:547.11M (Peak 547.11M) | Time:00:00.91 | Mem:0.00M, Peak:0.00M | Scene, ViewLayer | Synchronizing object | Primary 33.5mm helical spring group mark.071
Fra:1 Mem:547.11M (Peak 547.11M) | Time:00:00.91 | Mem:0.00M, Peak:0.00M | Scene, ViewLayer | Synchronizing object | Primary 33.5mm helical spring group mark.072
Fra:1 Mem:547.14M (Peak 547.14M) | Time:00:00.91 | Mem:0.00M, Peak:0.00M | Scene, ViewLayer | Synchronizing object | Primary 33.5mm helical spring group mark.073
Fra:1 Mem:547.16M (Peak 547.16M) | Time:00:00.91 | Mem:0.00M, Peak:0.00M | Scene, ViewLayer | Synchronizing object | Primary 33.5mm helical spring group mark.074
Fra:1 Mem:547.17M (Peak 547.17M) | Time:00:00.91 | Mem:0.00M, Peak:0.00M | Scene, ViewLayer | Synchronizing object | Primary 33.5mm helical spring group mark.075
Fra:1 Mem:547.17M (Peak 547.17M) | Time:00:00.91 | Mem:0.00M, Peak:0.00M | Scene, ViewLayer | Synchronizing object | Primary 33.5mm helical spring group mark.076
Fra:1 Mem:547.19M (Peak 547.19M) | Time:00:00.91 | Mem:0.00M, Peak:0.00M | Scene, ViewLayer | Synchronizing object | Primary 33.5mm helical spring group mark.077
Fra:1 Mem:547.19M (Peak 547.19M) | Time:00:00.91 | Mem:0.00M, Peak:0.00M | Scene, ViewLayer | Synchronizing object | Primary 33.5mm helical spring group mark.078
Fra:1 Mem:547.20M (Peak 547.20M) | Time:00:00.91 | Mem:0.00M, Peak:0.00M | Scene, ViewLayer | Synchronizing object | Primary 33.5mm helical spring group mark.079
Fra:1 Mem:547.20M (Peak 547.20M) | Time:00:00.91 | Mem:0.00M, Peak:0.00M | Scene, ViewLayer | Synchronizing object | Primary 33.5mm helical spring group mark.080
Fra:1 Mem:547.23M (Peak 547.23M) | Time:00:00.91 | Mem:0.00M, Peak:0.00M | Scene, ViewLayer | Synchronizing object | Primary 33.5mm helical spring group mark.081
Fra:1 Mem:547.23M (Peak 547.23M) | Time:00:00.91 | Mem:0.00M, Peak:0.00M | Scene, ViewLayer | Synchronizing object | Primary 33.5mm helical spring group mark.082
Fra:1 Mem:547.24M (Peak 547.24M) | Time:00:00.91 | Mem:0.00M, Peak:0.00M | Scene, ViewLayer | Synchronizing object | Primary 33.5mm helical spring group mark.083
Fra:1 Mem:547.25M (Peak 547.25M) | Time:00:00.91 | Mem:0.00M, Peak:0.00M | Scene, ViewLayer | Synchronizing object | Dashpot oil filling vent screw hex head.005
Fra:1 Mem:547.27M (Peak 547.27M) | Time:00:00.91 | Mem:0.00M, Peak:0.00M | Scene, ViewLayer | Synchronizing object | Dashpot safety U bolt.005
Fra:1 Mem:547.27M (Peak 547.27M) | Time:00:00.91 | Mem:0.00M, Peak:0.00M | Scene, ViewLayer | Synchronizing object | Axlebox wing strengthening rib.004
Fra:1 Mem:547.28M (Peak 547.28M) | Time:00:00.91 | Mem:0.00M, Peak:0.00M | Scene, ViewLayer | Synchronizing object | Axlebox wing strengthening rib.005
Fra:1 Mem:547.26M (Peak 547.28M) | Time:00:00.91 | Mem:0.00M, Peak:0.00M | Scene, ViewLayer | Synchronizing object | Wheel hub machining line.003
Fra:1 Mem:547.38M (Peak 547.38M) | Time:00:00.91 | Mem:0.00M, Peak:0.00M | Scene, ViewLayer | Synchronizing object | Wheel rim witness line.003
Fra:1 Mem:547.66M (Peak 547.66M) | Time:00:00.91 | Mem:0.00M, Peak:0.00M | Scene, ViewLayer | Synchronizing object | Wing-type axlebox casting.003
Fra:1 Mem:547.67M (Peak 547.67M) | Time:00:00.91 | Mem:0.00M, Peak:0.00M | Scene, ViewLayer | Synchronizing object | Axlebox spherical bearing housing.003
Fra:1 Mem:547.72M (Peak 547.72M) | Time:00:00.91 | Mem:0.00M, Peak:0.00M | Scene, ViewLayer | Synchronizing object | Axlebox circular gasket.003
Fra:1 Mem:547.75M (Peak 547.75M) | Time:00:00.91 | Mem:0.00M, Peak:0.00M | Scene, ViewLayer | Synchronizing object | Axlebox bolted front cover.003
Fra:1 Mem:547.79M (Peak 547.79M) | Time:00:00.91 | Mem:0.00M, Peak:0.00M | Scene, ViewLayer | Synchronizing object | Axlebox centre inspection emboss.003
Fra:1 Mem:547.79M (Peak 547.79M) | Time:00:00.91 | Mem:0.00M, Peak:0.00M | Scene, ViewLayer | Synchronizing object | Axlebox cover M20 hex head.018
Fra:1 Mem:547.80M (Peak 547.80M) | Time:00:00.91 | Mem:0.00M, Peak:0.00M | Scene, ViewLayer | Synchronizing object | Axlebox cover M20 hex head.019
Fra:1 Mem:547.82M (Peak 547.82M) | Time:00:00.91 | Mem:0.00M, Peak:0.00M | Scene, ViewLayer | Synchronizing object | Axlebox cover M20 hex head.020
Fra:1 Mem:547.83M (Peak 547.83M) | Time:00:00.91 | Mem:0.00M, Peak:0.00M | Scene, ViewLayer | Synchronizing object | Axlebox cover M20 hex head.021
Fra:1 Mem:547.83M (Peak 547.83M) | Time:00:00.91 | Mem:0.00M, Peak:0.00M | Scene, ViewLayer | Synchronizing object | Axlebox cover M20 hex head.022
Fra:1 Mem:547.83M (Peak 547.83M) | Time:00:00.91 | Mem:0.00M, Peak:0.00M | Scene, ViewLayer | Synchronizing object | Axlebox cover M20 hex head.023
Fra:1 Mem:547.88M (Peak 547.88M) | Time:00:00.91 | Mem:0.00M, Peak:0.00M | Scene, ViewLayer | Synchronizing object | Axlebox crown bump rubber.003
Fra:1 Mem:547.88M (Peak 547.88M) | Time:00:00.91 | Mem:0.00M, Peak:0.00M | Scene, ViewLayer | Synchronizing object | Axlebox crown stop bracket.003
Fra:1 Mem:547.90M (Peak 547.90M) | Time:00:00.91 | Mem:0.00M, Peak:0.00M | Scene, ViewLayer | Synchronizing object | Crown clearance stop bolt.003
Fra:1 Mem:547.91M (Peak 547.91M) | Time:00:00.91 | Mem:0.00M, Peak:0.00M | Scene, ViewLayer | Synchronizing object | Primary lower spring seat cup.006
Fra:1 Mem:547.94M (Peak 547.94M) | Time:00:00.91 | Mem:0.00M, Peak:0.00M | Scene, ViewLayer | Synchronizing object | Primary isolation rubber pad.006
Fra:1 Mem:547.98M (Peak 547.98M) | Time:00:00.91 | Mem:0.00M, Peak:0.00M | Scene, ViewLayer | Synchronizing object | Primary dashpot oil cylinder.006
Fra:1 Mem:547.99M (Peak 547.99M) | Time:00:00.91 | Mem:0.00M, Peak:0.00M | Scene, ViewLayer | Synchronizing object | Telescopic axle guide piston sleeve.006
Fra:1 Mem:548.00M (Peak 548.00M) | Time:00:00.91 | Mem:0.00M, Peak:0.00M | Scene, ViewLayer | Synchronizing object | Dashpot sealing lip.006
Fra:1 Mem:548.01M (Peak 548.01M) | Time:00:00.91 | Mem:0.00M, Peak:0.00M | Scene, ViewLayer | Synchronizing object | Primary upper spring seat.006
Fra:1 Mem:548.00M (Peak 548.01M) | Time:00:00.91 | Mem:0.00M, Peak:0.00M | Scene, ViewLayer | Synchronizing object | Primary 33.5mm helical spring.006
Fra:1 Mem:548.03M (Peak 548.03M) | Time:00:00.91 | Mem:0.00M, Peak:0.00M | Scene, ViewLayer | Synchronizing object | Primary 33.5mm helical spring group mark.084
Fra:1 Mem:548.13M (Peak 548.13M) | Time:00:00.91 | Mem:0.00M, Peak:0.00M | Scene, ViewLayer | Synchronizing object | Primary 33.5mm helical spring group mark.085
Fra:1 Mem:548.15M (Peak 548.15M) | Time:00:00.91 | Mem:0.00M, Peak:0.00M | Scene, ViewLayer | Synchronizing object | Primary 33.5mm helical spring group mark.086
Fra:1 Mem:548.18M (Peak 548.18M) | Time:00:00.91 | Mem:0.00M, Peak:0.00M | Scene, ViewLayer | Synchronizing object | Primary 33.5mm helical spring group mark.087
Fra:1 Mem:548.19M (Peak 548.19M) | Time:00:00.91 | Mem:0.00M, Peak:0.00M | Scene, ViewLayer | Synchronizing object | Primary 33.5mm helical spring group mark.088
Fra:1 Mem:548.19M (Peak 548.19M) | Time:00:00.91 | Mem:0.00M, Peak:0.00M | Scene, ViewLayer | Synchronizing object | Primary 33.5mm helical spring group mark.089
Fra:1 Mem:548.20M (Peak 548.20M) | Time:00:00.91 | Mem:0.00M, Peak:0.00M | Scene, ViewLayer | Synchronizing object | Primary 33.5mm helical spring group mark.090
Fra:1 Mem:548.21M (Peak 548.21M) | Time:00:00.91 | Mem:0.00M, Peak:0.00M | Scene, ViewLayer | Synchronizing object | Primary 33.5mm helical spring group mark.091
Fra:1 Mem:548.22M (Peak 548.22M) | Time:00:00.91 | Mem:0.00M, Peak:0.00M | Scene, ViewLayer | Synchronizing object | Primary 33.5mm helical spring group mark.092
Fra:1 Mem:548.22M (Peak 548.22M) | Time:00:00.91 | Mem:0.00M, Peak:0.00M | Scene, ViewLayer | Synchronizing object | Primary 33.5mm helical spring group mark.093
Fra:1 Mem:548.22M (Peak 548.22M) | Time:00:00.91 | Mem:0.00M, Peak:0.00M | Scene, ViewLayer | Synchronizing object | Primary 33.5mm helical spring group mark.094
Fra:1 Mem:548.23M (Peak 548.23M) | Time:00:00.91 | Mem:0.00M, Peak:0.00M | Scene, ViewLayer | Synchronizing object | Primary 33.5mm helical spring group mark.095
Fra:1 Mem:548.25M (Peak 548.25M) | Time:00:00.91 | Mem:0.00M, Peak:0.00M | Scene, ViewLayer | Synchronizing object | Primary 33.5mm helical spring group mark.096
Fra:1 Mem:548.26M (Peak 548.26M) | Time:00:00.91 | Mem:0.00M, Peak:0.00M | Scene, ViewLayer | Synchronizing object | Primary 33.5mm helical spring group mark.097
Fra:1 Mem:548.27M (Peak 548.27M) | Time:00:00.91 | Mem:0.00M, Peak:0.00M | Scene, ViewLayer | Synchronizing object | Dashpot oil filling vent screw hex head.006
Fra:1 Mem:548.29M (Peak 548.29M) | Time:00:00.91 | Mem:0.00M, Peak:0.00M | Scene, ViewLayer | Synchronizing object | Dashpot safety U bolt.006
Fra:1 Mem:548.30M (Peak 548.30M) | Time:00:00.91 | Mem:0.00M, Peak:0.00M | Scene, ViewLayer | Synchronizing object | Primary lower spring seat cup.007
Fra:1 Mem:548.29M (Peak 548.30M) | Time:00:00.91 | Mem:0.00M, Peak:0.00M | Scene, ViewLayer | Synchronizing object | Primary isolation rubber pad.007
Fra:1 Mem:548.32M (Peak 548.32M) | Time:00:00.91 | Mem:0.00M, Peak:0.00M | Scene, ViewLayer | Synchronizing object | Primary dashpot oil cylinder.007
Fra:1 Mem:548.30M (Peak 548.32M) | Time:00:00.91 | Mem:0.00M, Peak:0.00M | Scene, ViewLayer | Synchronizing object | Telescopic axle guide piston sleeve.007
Fra:1 Mem:548.30M (Peak 548.32M) | Time:00:00.91 | Mem:0.00M, Peak:0.00M | Scene, ViewLayer | Synchronizing object | Dashpot sealing lip.007
Fra:1 Mem:548.34M (Peak 548.34M) | Time:00:00.91 | Mem:0.00M, Peak:0.00M | Scene, ViewLayer | Synchronizing object | Primary upper spring seat.007
Fra:1 Mem:548.35M (Peak 548.35M) | Time:00:00.91 | Mem:0.00M, Peak:0.00M | Scene, ViewLayer | Synchronizing object | Primary 33.5mm helical spring.007
Fra:1 Mem:548.40M (Peak 548.40M) | Time:00:00.91 | Mem:0.00M, Peak:0.00M | Scene, ViewLayer | Synchronizing object | Primary 33.5mm helical spring group mark.098
Fra:1 Mem:548.49M (Peak 548.49M) | Time:00:00.91 | Mem:0.00M, Peak:0.00M | Scene, ViewLayer | Synchronizing object | Primary 33.5mm helical spring group mark.099
Fra:1 Mem:548.49M (Peak 548.49M) | Time:00:00.91 | Mem:0.00M, Peak:0.00M | Scene, ViewLayer | Synchronizing object | Primary 33.5mm helical spring group mark.100
Fra:1 Mem:548.51M (Peak 548.51M) | Time:00:00.91 | Mem:0.00M, Peak:0.00M | Scene, ViewLayer | Synchronizing object | Primary 33.5mm helical spring group mark.101
Fra:1 Mem:548.52M (Peak 548.52M) | Time:00:00.91 | Mem:0.00M, Peak:0.00M | Scene, ViewLayer | Synchronizing object | Primary 33.5mm helical spring group mark.102
Fra:1 Mem:548.55M (Peak 548.55M) | Time:00:00.91 | Mem:0.00M, Peak:0.00M | Scene, ViewLayer | Synchronizing object | Primary 33.5mm helical spring group mark.103
Fra:1 Mem:548.55M (Peak 548.55M) | Time:00:00.91 | Mem:0.00M, Peak:0.00M | Scene, ViewLayer | Synchronizing object | Primary 33.5mm helical spring group mark.104
Fra:1 Mem:548.55M (Peak 548.55M) | Time:00:00.91 | Mem:0.00M, Peak:0.00M | Scene, ViewLayer | Synchronizing object | Primary 33.5mm helical spring group mark.105
Fra:1 Mem:548.57M (Peak 548.57M) | Time:00:00.91 | Mem:0.00M, Peak:0.00M | Scene, ViewLayer | Synchronizing object | Primary 33.5mm helical spring group mark.106
Fra:1 Mem:548.58M (Peak 548.58M) | Time:00:00.91 | Mem:0.00M, Peak:0.00M | Scene, ViewLayer | Synchronizing object | Primary 33.5mm helical spring group mark.107
Fra:1 Mem:548.58M (Peak 548.58M) | Time:00:00.91 | Mem:0.00M, Peak:0.00M | Scene, ViewLayer | Synchronizing object | Primary 33.5mm helical spring group mark.108
Fra:1 Mem:548.58M (Peak 548.58M) | Time:00:00.91 | Mem:0.00M, Peak:0.00M | Scene, ViewLayer | Synchronizing object | Primary 33.5mm helical spring group mark.109
Fra:1 Mem:548.59M (Peak 548.59M) | Time:00:00.91 | Mem:0.00M, Peak:0.00M | Scene, ViewLayer | Synchronizing object | Primary 33.5mm helical spring group mark.110
Fra:1 Mem:548.59M (Peak 548.59M) | Time:00:00.91 | Mem:0.00M, Peak:0.00M | Scene, ViewLayer | Synchronizing object | Primary 33.5mm helical spring group mark.111
Fra:1 Mem:548.62M (Peak 548.62M) | Time:00:00.91 | Mem:0.00M, Peak:0.00M | Scene, ViewLayer | Synchronizing object | Dashpot oil filling vent screw hex head.007
Fra:1 Mem:548.63M (Peak 548.63M) | Time:00:00.91 | Mem:0.00M, Peak:0.00M | Scene, ViewLayer | Synchronizing object | Dashpot safety U bolt.007
Fra:1 Mem:548.62M (Peak 548.63M) | Time:00:00.91 | Mem:0.00M, Peak:0.00M | Scene, ViewLayer | Synchronizing object | Axlebox wing strengthening rib.006
Fra:1 Mem:548.64M (Peak 548.64M) | Time:00:00.91 | Mem:0.00M, Peak:0.00M | Scene, ViewLayer | Synchronizing object | Axlebox wing strengthening rib.007
Fra:1 Mem:548.66M (Peak 548.66M) | Time:00:00.91 | Mem:0.00M, Peak:0.00M | Scene, ViewLayer | Synchronizing object | Brake transverse channel beam
Fra:1 Mem:548.66M (Peak 548.66M) | Time:00:00.91 | Mem:0.00M, Peak:0.00M | Scene, ViewLayer | Synchronizing object | Brake beam tension truss
Fra:1 Mem:548.67M (Peak 548.67M) | Time:00:00.91 | Mem:0.00M, Peak:0.00M | Scene, ViewLayer | Synchronizing object | Brake beam tension truss.001
Fra:1 Mem:548.65M (Peak 548.67M) | Time:00:00.91 | Mem:0.00M, Peak:0.00M | Scene, ViewLayer | Synchronizing object | Curved K-type composition tread brake block
Fra:1 Mem:548.66M (Peak 548.67M) | Time:00:00.91 | Mem:0.00M, Peak:0.00M | Scene, ViewLayer | Synchronizing object | Brake head cast backplate
Fra:1 Mem:548.66M (Peak 548.67M) | Time:00:00.91 | Mem:0.00M, Peak:0.00M | Scene, ViewLayer | Synchronizing object | Brake head shoe retaining pin pin
Fra:1 Mem:548.67M (Peak 548.67M) | Time:00:00.91 | Mem:0.00M, Peak:0.00M | Scene, ViewLayer | Synchronizing object | Brake head shoe retaining pin retaining washer
Fra:1 Mem:548.68M (Peak 548.68M) | Time:00:00.91 | Mem:0.00M, Peak:0.00M | Scene, ViewLayer | Synchronizing object | Brake head shoe retaining pin retaining hex head
Fra:1 Mem:548.68M (Peak 548.68M) | Time:00:00.91 | Mem:0.00M, Peak:0.00M | Scene, ViewLayer | Synchronizing object | Brake head shoe retaining pin retaining hex head.001
Fra:1 Mem:548.69M (Peak 548.69M) | Time:00:00.91 | Mem:0.00M, Peak:0.00M | Scene, ViewLayer | Synchronizing object | Brake block suspension hanger strap
Fra:1 Mem:548.70M (Peak 548.70M) | Time:00:00.91 | Mem:0.00M, Peak:0.00M | Scene, ViewLayer | Synchronizing object | Brake block suspension hanger eye
Fra:1 Mem:548.70M (Peak 548.70M) | Time:00:00.91 | Mem:0.00M, Peak:0.00M | Scene, ViewLayer | Synchronizing object | Brake block suspension hanger eye.001
Fra:1 Mem:548.70M (Peak 548.70M) | Time:00:00.91 | Mem:0.00M, Peak:0.00M | Scene, ViewLayer | Synchronizing object | Brake hanger upper pivot pin
Fra:1 Mem:548.71M (Peak 548.71M) | Time:00:00.91 | Mem:0.00M, Peak:0.00M | Scene, ViewLayer | Synchronizing object | Brake hanger upper pivot retaining washer
Fra:1 Mem:548.73M (Peak 548.73M) | Time:00:00.91 | Mem:0.00M, Peak:0.00M | Scene, ViewLayer | Synchronizing object | Brake hanger upper pivot retaining hex head
Fra:1 Mem:548.72M (Peak 548.73M) | Time:00:00.91 | Mem:0.00M, Peak:0.00M | Scene, ViewLayer | Synchronizing object | Brake hanger upper pivot retaining washer.001
Fra:1 Mem:548.72M (Peak 548.73M) | Time:00:00.91 | Mem:0.00M, Peak:0.00M | Scene, ViewLayer | Synchronizing object | Brake beam safety wire rope
Fra:1 Mem:548.73M (Peak 548.73M) | Time:00:00.91 | Mem:0.00M, Peak:0.00M | Scene, ViewLayer | Synchronizing object | Curved K-type composition tread brake block.001
Fra:1 Mem:548.74M (Peak 548.74M) | Time:00:00.91 | Mem:0.00M, Peak:0.00M | Scene, ViewLayer | Synchronizing object | Brake head cast backplate.001
Fra:1 Mem:548.74M (Peak 548.74M) | Time:00:00.91 | Mem:0.00M, Peak:0.00M | Scene, ViewLayer | Synchronizing object | Brake head shoe retaining pin pin.001
Fra:1 Mem:548.75M (Peak 548.75M) | Time:00:00.91 | Mem:0.00M, Peak:0.00M | Scene, ViewLayer | Synchronizing object | Brake head shoe retaining pin retaining washer.002
Fra:1 Mem:548.76M (Peak 548.76M) | Time:00:00.91 | Mem:0.00M, Peak:0.00M | Scene, ViewLayer | Synchronizing object | Brake head shoe retaining pin retaining hex head.002
Fra:1 Mem:548.76M (Peak 548.76M) | Time:00:00.91 | Mem:0.00M, Peak:0.00M | Scene, ViewLayer | Synchronizing object | Brake head shoe retaining pin retaining washer.003
Fra:1 Mem:548.77M (Peak 548.77M) | Time:00:00.91 | Mem:0.00M, Peak:0.00M | Scene, ViewLayer | Synchronizing object | Brake block suspension hanger strap.001
Fra:1 Mem:548.77M (Peak 548.77M) | Time:00:00.91 | Mem:0.00M, Peak:0.00M | Scene, ViewLayer | Synchronizing object | Brake block suspension hanger eye.002
Fra:1 Mem:548.78M (Peak 548.78M) | Time:00:00.91 | Mem:0.00M, Peak:0.00M | Scene, ViewLayer | Synchronizing object | Brake hanger upper pivot pin.001
Fra:1 Mem:548.78M (Peak 548.78M) | Time:00:00.91 | Mem:0.00M, Peak:0.00M | Scene, ViewLayer | Synchronizing object | Brake hanger upper pivot retaining washer.002
Fra:1 Mem:548.80M (Peak 548.80M) | Time:00:00.91 | Mem:0.00M, Peak:0.00M | Scene, ViewLayer | Synchronizing object | Brake hanger upper pivot retaining hex head.002
Fra:1 Mem:548.80M (Peak 548.80M) | Time:00:00.91 | Mem:0.00M, Peak:0.00M | Scene, ViewLayer | Synchronizing object | Brake hanger upper pivot retaining washer.003
Fra:1 Mem:548.80M (Peak 548.80M) | Time:00:00.91 | Mem:0.00M, Peak:0.00M | Scene, ViewLayer | Synchronizing object | Brake beam safety wire rope.001
Fra:1 Mem:548.81M (Peak 548.81M) | Time:00:00.91 | Mem:0.00M, Peak:0.00M | Scene, ViewLayer | Synchronizing object | Brake transverse channel beam.001
Fra:1 Mem:548.81M (Peak 548.81M) | Time:00:00.91 | Mem:0.00M, Peak:0.00M | Scene, ViewLayer | Synchronizing object | Brake beam tension truss.002
Fra:1 Mem:548.83M (Peak 548.83M) | Time:00:00.91 | Mem:0.00M, Peak:0.00M | Scene, ViewLayer | Synchronizing object | Curved K-type composition tread brake block.002
Fra:1 Mem:548.83M (Peak 548.83M) | Time:00:00.91 | Mem:0.00M, Peak:0.00M | Scene, ViewLayer | Synchronizing object | Brake head cast backplate.002
Fra:1 Mem:548.85M (Peak 548.85M) | Time:00:00.91 | Mem:0.00M, Peak:0.00M | Scene, ViewLayer | Synchronizing object | Brake head shoe retaining pin pin.002
Fra:1 Mem:548.85M (Peak 548.85M) | Time:00:00.91 | Mem:0.00M, Peak:0.00M | Scene, ViewLayer | Synchronizing object | Brake head shoe retaining pin retaining washer.004
Fra:1 Mem:548.85M (Peak 548.85M) | Time:00:00.91 | Mem:0.00M, Peak:0.00M | Scene, ViewLayer | Synchronizing object | Brake head shoe retaining pin retaining hex head.004
Fra:1 Mem:548.86M (Peak 548.86M) | Time:00:00.91 | Mem:0.00M, Peak:0.00M | Scene, ViewLayer | Synchronizing object | Brake head shoe retaining pin retaining washer.005
Fra:1 Mem:548.86M (Peak 548.86M) | Time:00:00.91 | Mem:0.00M, Peak:0.00M | Scene, ViewLayer | Synchronizing object | Brake head shoe retaining pin retaining hex head.005
Fra:1 Mem:548.87M (Peak 548.87M) | Time:00:00.91 | Mem:0.00M, Peak:0.00M | Scene, ViewLayer | Synchronizing object | Brake block suspension hanger strap.002
Fra:1 Mem:548.87M (Peak 548.87M) | Time:00:00.91 | Mem:0.00M, Peak:0.00M | Scene, ViewLayer | Synchronizing object | Brake block suspension hanger eye.004
Fra:1 Mem:548.87M (Peak 548.87M) | Time:00:00.91 | Mem:0.00M, Peak:0.00M | Scene, ViewLayer | Synchronizing object | Brake block suspension hanger eye.005
Fra:1 Mem:548.88M (Peak 548.88M) | Time:00:00.91 | Mem:0.00M, Peak:0.00M | Scene, ViewLayer | Synchronizing object | Brake hanger upper pivot pin.002
Fra:1 Mem:548.88M (Peak 548.88M) | Time:00:00.91 | Mem:0.00M, Peak:0.00M | Scene, ViewLayer | Synchronizing object | Brake hanger upper pivot retaining washer.004
Fra:1 Mem:548.89M (Peak 548.89M) | Time:00:00.91 | Mem:0.00M, Peak:0.00M | Scene, ViewLayer | Synchronizing object | Brake hanger upper pivot retaining hex head.004
Fra:1 Mem:548.89M (Peak 548.89M) | Time:00:00.91 | Mem:0.00M, Peak:0.00M | Scene, ViewLayer | Synchronizing object | Brake hanger upper pivot retaining hex head.005
Fra:1 Mem:548.90M (Peak 548.90M) | Time:00:00.91 | Mem:0.00M, Peak:0.00M | Scene, ViewLayer | Synchronizing object | Brake beam safety wire rope.002
Fra:1 Mem:548.90M (Peak 548.90M) | Time:00:00.91 | Mem:0.00M, Peak:0.00M | Scene, ViewLayer | Synchronizing object | Curved K-type composition tread brake block.003
Fra:1 Mem:548.91M (Peak 548.91M) | Time:00:00.91 | Mem:0.00M, Peak:0.00M | Scene, ViewLayer | Synchronizing object | Brake head cast backplate.003
Fra:1 Mem:548.92M (Peak 548.92M) | Time:00:00.91 | Mem:0.00M, Peak:0.00M | Scene, ViewLayer | Synchronizing object | Brake head shoe retaining pin pin.003
Fra:1 Mem:548.93M (Peak 548.93M) | Time:00:00.91 | Mem:0.00M, Peak:0.00M | Scene, ViewLayer | Synchronizing object | Brake head shoe retaining pin retaining washer.006
Fra:1 Mem:548.93M (Peak 548.93M) | Time:00:00.91 | Mem:0.00M, Peak:0.00M | Scene, ViewLayer | Synchronizing object | Brake head shoe retaining pin retaining hex head.006
Fra:1 Mem:548.94M (Peak 548.94M) | Time:00:00.91 | Mem:0.00M, Peak:0.00M | Scene, ViewLayer | Synchronizing object | Brake head shoe retaining pin retaining washer.007
Fra:1 Mem:548.94M (Peak 548.94M) | Time:00:00.91 | Mem:0.00M, Peak:0.00M | Scene, ViewLayer | Synchronizing object | Brake head shoe retaining pin retaining hex head.007
Fra:1 Mem:548.95M (Peak 548.95M) | Time:00:00.91 | Mem:0.00M, Peak:0.00M | Scene, ViewLayer | Synchronizing object | Brake block suspension hanger eye.006
Fra:1 Mem:548.95M (Peak 548.95M) | Time:00:00.91 | Mem:0.00M, Peak:0.00M | Scene, ViewLayer | Synchronizing object | Brake hanger upper pivot pin.003
Fra:1 Mem:548.98M (Peak 548.98M) | Time:00:00.91 | Mem:0.00M, Peak:0.00M | Scene, ViewLayer | Synchronizing object | Brake hanger upper pivot retaining hex head.006
Fra:1 Mem:548.97M (Peak 548.98M) | Time:00:00.91 | Mem:0.00M, Peak:0.00M | Scene, ViewLayer | Synchronizing object | Brake hanger upper pivot retaining washer.007
Fra:1 Mem:548.97M (Peak 548.98M) | Time:00:00.91 | Mem:0.00M, Peak:0.00M | Scene, ViewLayer | Synchronizing object | Brake hanger upper pivot retaining hex head.007
Fra:1 Mem:548.98M (Peak 548.98M) | Time:00:00.91 | Mem:0.00M, Peak:0.00M | Scene, ViewLayer | Synchronizing object | Brake beam safety wire rope.003
Fra:1 Mem:548.98M (Peak 548.98M) | Time:00:00.91 | Mem:0.00M, Peak:0.00M | Scene, ViewLayer | Synchronizing object | Brake transverse channel beam.002
Fra:1 Mem:548.99M (Peak 548.99M) | Time:00:00.91 | Mem:0.00M, Peak:0.00M | Scene, ViewLayer | Synchronizing object | Brake beam tension truss.004
Fra:1 Mem:549.00M (Peak 549.00M) | Time:00:00.91 | Mem:0.00M, Peak:0.00M | Scene, ViewLayer | Synchronizing object | Curved K-type composition tread brake block.004
Fra:1 Mem:549.00M (Peak 549.00M) | Time:00:00.91 | Mem:0.00M, Peak:0.00M | Scene, ViewLayer | Synchronizing object | Brake head cast backplate.004
Fra:1 Mem:549.02M (Peak 549.02M) | Time:00:00.91 | Mem:0.00M, Peak:0.00M | Scene, ViewLayer | Synchronizing object | Brake head shoe retaining pin pin.004
Fra:1 Mem:549.04M (Peak 549.04M) | Time:00:00.91 | Mem:0.00M, Peak:0.00M | Scene, ViewLayer | Synchronizing object | Brake head shoe retaining pin retaining hex head.008
Fra:1 Mem:549.05M (Peak 549.05M) | Time:00:00.91 | Mem:0.00M, Peak:0.00M | Scene, ViewLayer | Synchronizing object | Brake head shoe retaining pin retaining washer.009
Fra:1 Mem:549.04M (Peak 549.05M) | Time:00:00.91 | Mem:0.00M, Peak:0.00M | Scene, ViewLayer | Synchronizing object | Brake head shoe retaining pin retaining hex head.009
Fra:1 Mem:549.04M (Peak 549.05M) | Time:00:00.91 | Mem:0.00M, Peak:0.00M | Scene, ViewLayer | Synchronizing object | Brake block suspension hanger eye.008
Fra:1 Mem:549.05M (Peak 549.05M) | Time:00:00.91 | Mem:0.00M, Peak:0.00M | Scene, ViewLayer | Synchronizing object | Brake block suspension hanger eye.009
Fra:1 Mem:549.06M (Peak 549.06M) | Time:00:00.91 | Mem:0.00M, Peak:0.00M | Scene, ViewLayer | Synchronizing object | Brake hanger upper pivot pin.004
Fra:1 Mem:549.06M (Peak 549.06M) | Time:00:00.91 | Mem:0.00M, Peak:0.00M | Scene, ViewLayer | Synchronizing object | Brake hanger upper pivot retaining washer.008
Fra:1 Mem:549.06M (Peak 549.06M) | Time:00:00.91 | Mem:0.00M, Peak:0.00M | Scene, ViewLayer | Synchronizing object | Brake hanger upper pivot retaining hex head.008
Fra:1 Mem:549.07M (Peak 549.07M) | Time:00:00.91 | Mem:0.00M, Peak:0.00M | Scene, ViewLayer | Synchronizing object | Brake hanger upper pivot retaining washer.009
Fra:1 Mem:549.09M (Peak 549.09M) | Time:00:00.91 | Mem:0.00M, Peak:0.00M | Scene, ViewLayer | Synchronizing object | Brake hanger upper pivot retaining hex head.009
Fra:1 Mem:549.10M (Peak 549.10M) | Time:00:00.91 | Mem:0.00M, Peak:0.00M | Scene, ViewLayer | Synchronizing object | Brake beam safety wire rope.004
Fra:1 Mem:549.08M (Peak 549.10M) | Time:00:00.91 | Mem:0.00M, Peak:0.00M | Scene, ViewLayer | Synchronizing object | Curved K-type composition tread brake block.005
Fra:1 Mem:549.09M (Peak 549.10M) | Time:00:00.91 | Mem:0.00M, Peak:0.00M | Scene, ViewLayer | Synchronizing object | Brake head cast backplate.005
Fra:1 Mem:549.09M (Peak 549.10M) | Time:00:00.91 | Mem:0.00M, Peak:0.00M | Scene, ViewLayer | Synchronizing object | Brake head shoe retaining pin pin.005
Fra:1 Mem:549.11M (Peak 549.11M) | Time:00:00.91 | Mem:0.00M, Peak:0.00M | Scene, ViewLayer | Synchronizing object | Brake head shoe retaining pin retaining washer.010
Fra:1 Mem:549.11M (Peak 549.11M) | Time:00:00.91 | Mem:0.00M, Peak:0.00M | Scene, ViewLayer | Synchronizing object | Brake head shoe retaining pin retaining washer.011
Fra:1 Mem:549.12M (Peak 549.12M) | Time:00:00.91 | Mem:0.00M, Peak:0.00M | Scene, ViewLayer | Synchronizing object | Brake head shoe retaining pin retaining hex head.011
Fra:1 Mem:549.12M (Peak 549.12M) | Time:00:00.91 | Mem:0.00M, Peak:0.00M | Scene, ViewLayer | Synchronizing object | Brake block suspension hanger strap.005
Fra:1 Mem:549.13M (Peak 549.13M) | Time:00:00.91 | Mem:0.00M, Peak:0.00M | Scene, ViewLayer | Synchronizing object | Brake block suspension hanger eye.010
Fra:1 Mem:549.13M (Peak 549.13M) | Time:00:00.91 | Mem:0.00M, Peak:0.00M | Scene, ViewLayer | Synchronizing object | Brake hanger upper pivot pin.005
Fra:1 Mem:549.14M (Peak 549.14M) | Time:00:00.91 | Mem:0.00M, Peak:0.00M | Scene, ViewLayer | Synchronizing object | Brake hanger upper pivot retaining washer.010
Fra:1 Mem:549.14M (Peak 549.14M) | Time:00:00.91 | Mem:0.00M, Peak:0.00M | Scene, ViewLayer | Synchronizing object | Brake hanger upper pivot retaining washer.011
Fra:1 Mem:549.15M (Peak 549.15M) | Time:00:00.91 | Mem:0.00M, Peak:0.00M | Scene, ViewLayer | Synchronizing object | Brake hanger upper pivot retaining hex head.011
Fra:1 Mem:549.16M (Peak 549.16M) | Time:00:00.91 | Mem:0.00M, Peak:0.00M | Scene, ViewLayer | Synchronizing object | Brake beam safety wire rope.005
Fra:1 Mem:549.16M (Peak 549.16M) | Time:00:00.91 | Mem:0.00M, Peak:0.00M | Scene, ViewLayer | Synchronizing object | Brake beam tension truss.006
Fra:1 Mem:549.17M (Peak 549.17M) | Time:00:00.91 | Mem:0.00M, Peak:0.00M | Scene, ViewLayer | Synchronizing object | Brake beam tension truss.007
Fra:1 Mem:549.19M (Peak 549.19M) | Time:00:00.91 | Mem:0.00M, Peak:0.00M | Scene, ViewLayer | Synchronizing object | Curved K-type composition tread brake block.006
Fra:1 Mem:549.19M (Peak 549.19M) | Time:00:00.91 | Mem:0.00M, Peak:0.00M | Scene, ViewLayer | Synchronizing object | Brake head cast backplate.006
Fra:1 Mem:549.19M (Peak 549.19M) | Time:00:00.91 | Mem:0.00M, Peak:0.00M | Scene, ViewLayer | Synchronizing object | Brake head shoe retaining pin pin.006
Fra:1 Mem:549.19M (Peak 549.19M) | Time:00:00.91 | Mem:0.00M, Peak:0.00M | Scene, ViewLayer | Synchronizing object | Brake head shoe retaining pin retaining washer.012
Fra:1 Mem:549.21M (Peak 549.21M) | Time:00:00.91 | Mem:0.00M, Peak:0.00M | Scene, ViewLayer | Synchronizing object | Brake head shoe retaining pin retaining hex head.012
Fra:1 Mem:549.21M (Peak 549.21M) | Time:00:00.91 | Mem:0.00M, Peak:0.00M | Scene, ViewLayer | Synchronizing object | Brake head shoe retaining pin retaining hex head.013
Fra:1 Mem:549.22M (Peak 549.22M) | Time:00:00.91 | Mem:0.00M, Peak:0.00M | Scene, ViewLayer | Synchronizing object | Brake block suspension hanger strap.006
Fra:1 Mem:549.22M (Peak 549.22M) | Time:00:00.91 | Mem:0.00M, Peak:0.00M | Scene, ViewLayer | Synchronizing object | Brake block suspension hanger eye.013
Fra:1 Mem:549.22M (Peak 549.22M) | Time:00:00.91 | Mem:0.00M, Peak:0.00M | Scene, ViewLayer | Synchronizing object | Brake hanger upper pivot pin.006
Fra:1 Mem:549.25M (Peak 549.25M) | Time:00:00.91 | Mem:0.00M, Peak:0.00M | Scene, ViewLayer | Synchronizing object | Brake hanger upper pivot retaining washer.012
Fra:1 Mem:549.25M (Peak 549.25M) | Time:00:00.91 | Mem:0.00M, Peak:0.00M | Scene, ViewLayer | Synchronizing object | Brake hanger upper pivot retaining hex head.012
Fra:1 Mem:549.25M (Peak 549.25M) | Time:00:00.91 | Mem:0.00M, Peak:0.00M | Scene, ViewLayer | Synchronizing object | Brake hanger upper pivot retaining hex head.013
Fra:1 Mem:549.26M (Peak 549.26M) | Time:00:00.91 | Mem:0.00M, Peak:0.00M | Scene, ViewLayer | Synchronizing object | Brake beam safety wire rope.006
Fra:1 Mem:549.26M (Peak 549.26M) | Time:00:00.91 | Mem:0.00M, Peak:0.00M | Scene, ViewLayer | Synchronizing object | Brake head cast backplate.007
Fra:1 Mem:549.27M (Peak 549.27M) | Time:00:00.91 | Mem:0.00M, Peak:0.00M | Scene, ViewLayer | Synchronizing object | Brake head shoe retaining pin pin.007
Fra:1 Mem:549.28M (Peak 549.28M) | Time:00:00.91 | Mem:0.00M, Peak:0.00M | Scene, ViewLayer | Synchronizing object | Brake head shoe retaining pin retaining washer.014
Fra:1 Mem:549.28M (Peak 549.28M) | Time:00:00.91 | Mem:0.00M, Peak:0.00M | Scene, ViewLayer | Synchronizing object | Brake head shoe retaining pin retaining hex head.014
Fra:1 Mem:549.29M (Peak 549.29M) | Time:00:00.91 | Mem:0.00M, Peak:0.00M | Scene, ViewLayer | Synchronizing object | Brake head shoe retaining pin retaining washer.015
Fra:1 Mem:549.30M (Peak 549.30M) | Time:00:00.91 | Mem:0.00M, Peak:0.00M | Scene, ViewLayer | Synchronizing object | Brake head shoe retaining pin retaining hex head.015
Fra:1 Mem:549.30M (Peak 549.30M) | Time:00:00.91 | Mem:0.00M, Peak:0.00M | Scene, ViewLayer | Synchronizing object | Brake block suspension hanger eye.014
Fra:1 Mem:549.31M (Peak 549.31M) | Time:00:00.91 | Mem:0.00M, Peak:0.00M | Scene, ViewLayer | Synchronizing object | Brake block suspension hanger eye.015
Fra:1 Mem:549.31M (Peak 549.31M) | Time:00:00.91 | Mem:0.00M, Peak:0.00M | Scene, ViewLayer | Synchronizing object | Brake hanger upper pivot retaining washer.014
Fra:1 Mem:549.33M (Peak 549.33M) | Time:00:00.91 | Mem:0.00M, Peak:0.00M | Scene, ViewLayer | Synchronizing object | Brake hanger upper pivot retaining hex head.014
Fra:1 Mem:549.33M (Peak 549.33M) | Time:00:00.91 | Mem:0.00M, Peak:0.00M | Scene, ViewLayer | Synchronizing object | Brake hanger upper pivot retaining hex head.015
Fra:1 Mem:549.33M (Peak 549.33M) | Time:00:00.91 | Mem:0.00M, Peak:0.00M | Scene, ViewLayer | Synchronizing object | Brake beam safety wire rope.007
Fra:1 Mem:549.34M (Peak 549.34M) | Time:00:00.91 | Mem:0.00M, Peak:0.00M | Scene, ViewLayer | Synchronizing object | Bogie mounted 8-inch air brake cylinder
Fra:1 Mem:549.34M (Peak 549.34M) | Time:00:00.91 | Mem:0.00M, Peak:0.00M | Scene, ViewLayer | Synchronizing object | Brake cylinder end flange
Fra:1 Mem:549.35M (Peak 549.35M) | Time:00:00.91 | Mem:0.00M, Peak:0.00M | Scene, ViewLayer | Synchronizing object | Brake cylinder piston guide
Fra:1 Mem:549.36M (Peak 549.36M) | Time:00:00.91 | Mem:0.00M, Peak:0.00M | Scene, ViewLayer | Synchronizing object | Brake cylinder piston rod
Fra:1 Mem:549.37M (Peak 549.37M) | Time:00:00.91 | Mem:0.00M, Peak:0.00M | Scene, ViewLayer | Synchronizing object | Brake cylinder flange hex head
Fra:1 Mem:549.37M (Peak 549.37M) | Time:00:00.91 | Mem:0.00M, Peak:0.00M | Scene, ViewLayer | Synchronizing object | Brake cylinder flange hex head.002
Fra:1 Mem:549.38M (Peak 549.38M) | Time:00:00.91 | Mem:0.00M, Peak:0.00M | Scene, ViewLayer | Synchronizing object | Brake cylinder flange hex head.003
Fra:1 Mem:549.38M (Peak 549.38M) | Time:00:00.91 | Mem:0.00M, Peak:0.00M | Scene, ViewLayer | Synchronizing object | Brake cylinder flange hex head.004
Fra:1 Mem:549.38M (Peak 549.38M) | Time:00:00.91 | Mem:0.00M, Peak:0.00M | Scene, ViewLayer | Synchronizing object | Brake cylinder flange hex head.005
Fra:1 Mem:549.39M (Peak 549.39M) | Time:00:00.91 | Mem:0.00M, Peak:0.00M | Scene, ViewLayer | Synchronizing object | Brake cylinder transom support
Fra:1 Mem:549.39M (Peak 549.39M) | Time:00:00.91 | Mem:0.00M, Peak:0.00M | Scene, ViewLayer | Synchronizing object | Brake live lever strap
Fra:1 Mem:549.40M (Peak 549.40M) | Time:00:00.91 | Mem:0.00M, Peak:0.00M | Scene, ViewLayer | Synchronizing object | Brake live lever eye
Fra:1 Mem:549.40M (Peak 549.40M) | Time:00:00.91 | Mem:0.00M, Peak:0.00M | Scene, ViewLayer | Synchronizing object | Brake live lever eye.001
Fra:1 Mem:549.41M (Peak 549.41M) | Time:00:00.91 | Mem:0.00M, Peak:0.00M | Scene, ViewLayer | Synchronizing object | Brake lever fulcrum pin
Fra:1 Mem:549.41M (Peak 549.41M) | Time:00:00.91 | Mem:0.00M, Peak:0.00M | Scene, ViewLayer | Synchronizing object | Brake lever fulcrum retaining washer
Fra:1 Mem:549.42M (Peak 549.42M) | Time:00:00.92 | Mem:0.00M, Peak:0.00M | Scene, ViewLayer | Synchronizing object | Brake lever fulcrum retaining hex head
Fra:1 Mem:549.42M (Peak 549.42M) | Time:00:00.92 | Mem:0.00M, Peak:0.00M | Scene, ViewLayer | Synchronizing object | Brake lever fulcrum retaining washer.001
Fra:1 Mem:549.44M (Peak 549.44M) | Time:00:00.92 | Mem:0.00M, Peak:0.00M | Scene, ViewLayer | Synchronizing object | Curved brake pull rod
Fra:1 Mem:549.44M (Peak 549.44M) | Time:00:00.92 | Mem:0.00M, Peak:0.00M | Scene, ViewLayer | Synchronizing object | Brake rigging safety cradle
Fra:1 Mem:549.44M (Peak 549.44M) | Time:00:00.92 | Mem:0.00M, Peak:0.00M | Scene, ViewLayer | Synchronizing object | Brake live lever strap.001
Fra:1 Mem:549.45M (Peak 549.45M) | Time:00:00.92 | Mem:0.00M, Peak:0.00M | Scene, ViewLayer | Synchronizing object | Brake live lever eye.002
Fra:1 Mem:549.45M (Peak 549.45M) | Time:00:00.92 | Mem:0.00M, Peak:0.00M | Scene, ViewLayer | Synchronizing object | Brake live lever eye.003
Fra:1 Mem:549.46M (Peak 549.46M) | Time:00:00.92 | Mem:0.00M, Peak:0.00M | Scene, ViewLayer | Synchronizing object | Brake lever fulcrum retaining washer.002
Fra:1 Mem:549.47M (Peak 549.47M) | Time:00:00.92 | Mem:0.00M, Peak:0.00M | Scene, ViewLayer | Synchronizing object | Brake lever fulcrum retaining hex head.002
Fra:1 Mem:549.47M (Peak 549.47M) | Time:00:00.92 | Mem:0.00M, Peak:0.00M | Scene, ViewLayer | Synchronizing object | Brake lever fulcrum retaining washer.003
Fra:1 Mem:549.48M (Peak 549.48M) | Time:00:00.92 | Mem:0.00M, Peak:0.00M | Scene, ViewLayer | Synchronizing object | Brake lever fulcrum retaining hex head.003
Fra:1 Mem:549.48M (Peak 549.48M) | Time:00:00.92 | Mem:0.00M, Peak:0.00M | Scene, ViewLayer | Synchronizing object | Curved brake pull rod.001
Fra:1 Mem:549.50M (Peak 549.50M) | Time:00:00.92 | Mem:0.00M, Peak:0.00M | Scene, ViewLayer | Synchronizing object | Brake cross balance spindle
Fra:1 Mem:549.49M (Peak 549.50M) | Time:00:00.92 | Mem:0.00M, Peak:0.00M | Scene, ViewLayer | Synchronizing object | Bogie mounted 8-inch air brake cylinder.001
Fra:1 Mem:549.50M (Peak 549.50M) | Time:00:00.92 | Mem:0.00M, Peak:0.00M | Scene, ViewLayer | Synchronizing object | Brake cylinder end flange.001
Fra:1 Mem:549.52M (Peak 549.52M) | Time:00:00.92 | Mem:0.00M, Peak:0.00M | Scene, ViewLayer | Synchronizing object | Brake cylinder piston guide.001
Fra:1 Mem:549.52M (Peak 549.52M) | Time:00:00.92 | Mem:0.00M, Peak:0.00M | Scene, ViewLayer | Synchronizing object | Brake cylinder piston rod.001
Fra:1 Mem:549.53M (Peak 549.53M) | Time:00:00.92 | Mem:0.00M, Peak:0.00M | Scene, ViewLayer | Synchronizing object | Brake cylinder flange hex head.006
Fra:1 Mem:549.53M (Peak 549.53M) | Time:00:00.92 | Mem:0.00M, Peak:0.00M | Scene, ViewLayer | Synchronizing object | Brake cylinder flange hex head.007
Fra:1 Mem:549.54M (Peak 549.54M) | Time:00:00.92 | Mem:0.00M, Peak:0.00M | Scene, ViewLayer | Synchronizing object | Brake cylinder flange hex head.008
Fra:1 Mem:549.54M (Peak 549.54M) | Time:00:00.92 | Mem:0.00M, Peak:0.00M | Scene, ViewLayer | Synchronizing object | Brake cylinder flange hex head.009
Fra:1 Mem:549.54M (Peak 549.54M) | Time:00:00.92 | Mem:0.00M, Peak:0.00M | Scene, ViewLayer | Synchronizing object | Brake cylinder flange hex head.010
Fra:1 Mem:549.54M (Peak 549.54M) | Time:00:00.92 | Mem:0.00M, Peak:0.00M | Scene, ViewLayer | Synchronizing object | Brake cylinder flange hex head.011
Fra:1 Mem:549.56M (Peak 549.56M) | Time:00:00.92 | Mem:0.00M, Peak:0.00M | Scene, ViewLayer | Synchronizing object | Brake cylinder transom support.001
Fra:1 Mem:549.55M (Peak 549.56M) | Time:00:00.92 | Mem:0.00M, Peak:0.00M | Scene, ViewLayer | Synchronizing object | Brake live lever strap.002
Fra:1 Mem:549.56M (Peak 549.56M) | Time:00:00.92 | Mem:0.00M, Peak:0.00M | Scene, ViewLayer | Synchronizing object | Brake live lever eye.004
Fra:1 Mem:549.57M (Peak 549.57M) | Time:00:00.92 | Mem:0.00M, Peak:0.00M | Scene, ViewLayer | Synchronizing object | Brake live lever eye.005
Fra:1 Mem:549.57M (Peak 549.57M) | Time:00:00.92 | Mem:0.00M, Peak:0.00M | Scene, ViewLayer | Synchronizing object | Brake lever fulcrum retaining washer.004
Fra:1 Mem:549.58M (Peak 549.58M) | Time:00:00.92 | Mem:0.00M, Peak:0.00M | Scene, ViewLayer | Synchronizing object | Brake lever fulcrum retaining hex head.004
Fra:1 Mem:549.58M (Peak 549.58M) | Time:00:00.92 | Mem:0.00M, Peak:0.00M | Scene, ViewLayer | Synchronizing object | Brake lever fulcrum retaining washer.005
Fra:1 Mem:549.59M (Peak 549.59M) | Time:00:00.92 | Mem:0.00M, Peak:0.00M | Scene, ViewLayer | Synchronizing object | Brake lever fulcrum retaining hex head.005
Fra:1 Mem:549.59M (Peak 549.59M) | Time:00:00.92 | Mem:0.00M, Peak:0.00M | Scene, ViewLayer | Synchronizing object | Curved brake pull rod.002
Fra:1 Mem:549.60M (Peak 549.60M) | Time:00:00.92 | Mem:0.00M, Peak:0.00M | Scene, ViewLayer | Synchronizing object | Brake rigging safety cradle.002
Fra:1 Mem:549.60M (Peak 549.60M) | Time:00:00.92 | Mem:0.00M, Peak:0.00M | Scene, ViewLayer | Synchronizing object | Brake live lever eye.006
Fra:1 Mem:549.63M (Peak 549.63M) | Time:00:00.92 | Mem:0.00M, Peak:0.00M | Scene, ViewLayer | Synchronizing object | Brake live lever eye.007
Fra:1 Mem:549.62M (Peak 549.63M) | Time:00:00.92 | Mem:0.00M, Peak:0.00M | Scene, ViewLayer | Synchronizing object | Brake lever fulcrum pin.003
Fra:1 Mem:549.62M (Peak 549.63M) | Time:00:00.92 | Mem:0.00M, Peak:0.00M | Scene, ViewLayer | Synchronizing object | Brake lever fulcrum retaining washer.006
Fra:1 Mem:549.63M (Peak 549.63M) | Time:00:00.92 | Mem:0.00M, Peak:0.00M | Scene, ViewLayer | Synchronizing object | Brake lever fulcrum retaining hex head.006
Fra:1 Mem:549.64M (Peak 549.64M) | Time:00:00.92 | Mem:0.00M, Peak:0.00M | Scene, ViewLayer | Synchronizing object | Brake lever fulcrum retaining washer.007
Fra:1 Mem:549.64M (Peak 549.64M) | Time:00:00.92 | Mem:0.00M, Peak:0.00M | Scene, ViewLayer | Synchronizing object | Brake lever fulcrum retaining hex head.007
Fra:1 Mem:549.64M (Peak 549.64M) | Time:00:00.92 | Mem:0.00M, Peak:0.00M | Scene, ViewLayer | Synchronizing object | Curved brake pull rod.003
Fra:1 Mem:549.65M (Peak 549.65M) | Time:00:00.92 | Mem:0.00M, Peak:0.00M | Scene, ViewLayer | Synchronizing object | Brake rigging safety cradle.003
Fra:1 Mem:549.65M (Peak 549.65M) | Time:00:00.92 | Mem:0.00M, Peak:0.00M | Scene, ViewLayer | Synchronizing object | 4.5kW self-generating alternator barrel
Fra:1 Mem:549.68M (Peak 549.68M) | Time:00:00.92 | Mem:0.00M, Peak:0.00M | Scene, ViewLayer | Synchronizing object | Alternator bolted end shield
Fra:1 Mem:549.68M (Peak 549.68M) | Time:00:00.92 | Mem:0.00M, Peak:0.00M | Scene, ViewLayer | Synchronizing object | Alternator end shield hex head.001
Fra:1 Mem:549.69M (Peak 549.69M) | Time:00:00.92 | Mem:0.00M, Peak:0.00M | Scene, ViewLayer | Synchronizing object | Alternator end shield hex head.002
Fra:1 Mem:549.69M (Peak 549.69M) | Time:00:00.92 | Mem:0.00M, Peak:0.00M | Scene, ViewLayer | Synchronizing object | Alternator end shield hex head.004
Fra:1 Mem:549.70M (Peak 549.70M) | Time:00:00.92 | Mem:0.00M, Peak:0.00M | Scene, ViewLayer | Synchronizing object | Alternator end shield hex head.005
Fra:1 Mem:549.70M (Peak 549.70M) | Time:00:00.92 | Mem:0.00M, Peak:0.00M | Scene, ViewLayer | Synchronizing object | Alternator end shield hex head.007
Fra:1 Mem:549.71M (Peak 549.71M) | Time:00:00.92 | Mem:0.00M, Peak:0.00M | Scene, ViewLayer | Synchronizing object | Alternator bolted end shield.001
Fra:1 Mem:549.71M (Peak 549.71M) | Time:00:00.92 | Mem:0.00M, Peak:0.00M | Scene, ViewLayer | Synchronizing object | Alternator end shield hex head.008
Fra:1 Mem:549.73M (Peak 549.73M) | Time:00:00.92 | Mem:0.00M, Peak:0.00M | Scene, ViewLayer | Synchronizing object | Alternator end shield hex head.009
Fra:1 Mem:549.72M (Peak 549.73M) | Time:00:00.92 | Mem:0.00M, Peak:0.00M | Scene, ViewLayer | Synchronizing object | Alternator end shield hex head.010
Fra:1 Mem:549.73M (Peak 549.73M) | Time:00:00.92 | Mem:0.00M, Peak:0.00M | Scene, ViewLayer | Synchronizing object | Alternator end shield hex head.011
Fra:1 Mem:549.73M (Peak 549.73M) | Time:00:00.92 | Mem:0.00M, Peak:0.00M | Scene, ViewLayer | Synchronizing object | Alternator end shield hex head.013
Fra:1 Mem:549.73M (Peak 549.73M) | Time:00:00.92 | Mem:0.00M, Peak:0.00M | Scene, ViewLayer | Synchronizing object | Alternator end shield hex head.014
Fra:1 Mem:549.73M (Peak 549.73M) | Time:00:00.92 | Mem:0.00M, Peak:0.00M | Scene, ViewLayer | Synchronizing object | Alternator longitudinal cooling fin
Fra:1 Mem:549.74M (Peak 549.74M) | Time:00:00.92 | Mem:0.00M, Peak:0.00M | Scene, ViewLayer | Synchronizing object | Alternator longitudinal cooling fin.001
Fra:1 Mem:549.74M (Peak 549.74M) | Time:00:00.92 | Mem:0.00M, Peak:0.00M | Scene, ViewLayer | Synchronizing object | Alternator longitudinal cooling fin.002
Fra:1 Mem:549.74M (Peak 549.74M) | Time:00:00.92 | Mem:0.00M, Peak:0.00M | Scene, ViewLayer | Synchronizing object | Alternator longitudinal cooling fin.003
Fra:1 Mem:549.74M (Peak 549.74M) | Time:00:00.92 | Mem:0.00M, Peak:0.00M | Scene, ViewLayer | Synchronizing object | Alternator longitudinal cooling fin.004
Fra:1 Mem:549.74M (Peak 549.74M) | Time:00:00.92 | Mem:0.00M, Peak:0.00M | Scene, ViewLayer | Synchronizing object | Alternator longitudinal cooling fin.005
Fra:1 Mem:549.75M (Peak 549.75M) | Time:00:00.92 | Mem:0.00M, Peak:0.00M | Scene, ViewLayer | Synchronizing object | Alternator longitudinal cooling fin.006
Fra:1 Mem:549.75M (Peak 549.75M) | Time:00:00.92 | Mem:0.00M, Peak:0.00M | Scene, ViewLayer | Synchronizing object | Alternator longitudinal cooling fin.007
Fra:1 Mem:549.75M (Peak 549.75M) | Time:00:00.92 | Mem:0.00M, Peak:0.00M | Scene, ViewLayer | Synchronizing object | Alternator longitudinal cooling fin.008
Fra:1 Mem:549.75M (Peak 549.75M) | Time:00:00.92 | Mem:0.00M, Peak:0.00M | Scene, ViewLayer | Synchronizing object | Alternator longitudinal cooling fin.009
Fra:1 Mem:549.75M (Peak 549.75M) | Time:00:00.92 | Mem:0.00M, Peak:0.00M | Scene, ViewLayer | Synchronizing object | Alternator longitudinal cooling fin.010
Fra:1 Mem:549.75M (Peak 549.75M) | Time:00:00.92 | Mem:0.00M, Peak:0.00M | Scene, ViewLayer | Synchronizing object | Alternator longitudinal cooling fin.011
Fra:1 Mem:549.76M (Peak 549.76M) | Time:00:00.92 | Mem:0.00M, Peak:0.00M | Scene, ViewLayer | Synchronizing object | Alternator longitudinal cooling fin.012
Fra:1 Mem:549.76M (Peak 549.76M) | Time:00:00.92 | Mem:0.00M, Peak:0.00M | Scene, ViewLayer | Synchronizing object | Alternator longitudinal cooling fin.013
Fra:1 Mem:549.77M (Peak 549.76M) | Time:00:00.92 | Mem:0.00M, Peak:0.00M | Scene, ViewLayer | Synchronizing object | Alternator longitudinal cooling fin.014
Fra:1 Mem:549.76M (Peak 549.76M) | Time:00:00.92 | Mem:0.00M, Peak:0.00M | Scene, ViewLayer | Synchronizing object | Alternator longitudinal cooling fin.015
Fra:1 Mem:549.76M (Peak 549.76M) | Time:00:00.92 | Mem:0.00M, Peak:0.00M | Scene, ViewLayer | Synchronizing object | Alternator longitudinal cooling fin.016
Fra:1 Mem:549.76M (Peak 549.76M) | Time:00:00.92 | Mem:0.00M, Peak:0.00M | Scene, ViewLayer | Synchronizing object | Alternator longitudinal cooling fin.017
Fra:1 Mem:549.77M (Peak 549.77M) | Time:00:00.92 | Mem:0.00M, Peak:0.00M | Scene, ViewLayer | Synchronizing object | Alternator field terminal box
Fra:1 Mem:549.77M (Peak 549.77M) | Time:00:00.92 | Mem:0.00M, Peak:0.00M | Scene, ViewLayer | Synchronizing object | Alternator suspension crossbar
Fra:1 Mem:549.79M (Peak 549.79M) | Time:00:00.92 | Mem:0.00M, Peak:0.00M | Scene, ViewLayer | Synchronizing object | Alternator suspension arm strap
Fra:1 Mem:549.79M (Peak 549.79M) | Time:00:00.92 | Mem:0.00M, Peak:0.00M | Scene, ViewLayer | Synchronizing object | Alternator suspension arm eye
Fra:1 Mem:549.79M (Peak 549.79M) | Time:00:00.92 | Mem:0.00M, Peak:0.00M | Scene, ViewLayer | Synchronizing object | Alternator suspension pin pin
Fra:1 Mem:549.81M (Peak 549.81M) | Time:00:00.92 | Mem:0.00M, Peak:0.00M | Scene, ViewLayer | Synchronizing object | Alternator suspension pin retaining washer
Fra:1 Mem:549.81M (Peak 549.81M) | Time:00:00.92 | Mem:0.00M, Peak:0.00M | Scene, ViewLayer | Synchronizing object | Alternator suspension pin retaining washer.001
Fra:1 Mem:549.82M (Peak 549.82M) | Time:00:00.92 | Mem:0.00M, Peak:0.00M | Scene, ViewLayer | Synchronizing object | Alternator suspension pin retaining hex head.001
Fra:1 Mem:549.82M (Peak 549.82M) | Time:00:00.92 | Mem:0.00M, Peak:0.00M | Scene, ViewLayer | Synchronizing object | Alternator suspension arm eye.002
Fra:1 Mem:549.82M (Peak 549.82M) | Time:00:00.92 | Mem:0.00M, Peak:0.00M | Scene, ViewLayer | Synchronizing object | Alternator suspension arm eye.003
Fra:1 Mem:549.83M (Peak 549.83M) | Time:00:00.92 | Mem:0.00M, Peak:0.00M | Scene, ViewLayer | Synchronizing object | Alternator suspension pin pin.001
Fra:1 Mem:549.84M (Peak 549.84M) | Time:00:00.92 | Mem:0.00M, Peak:0.00M | Scene, ViewLayer | Synchronizing object | Alternator suspension pin retaining washer.002
Fra:1 Mem:549.84M (Peak 549.84M) | Time:00:00.92 | Mem:0.00M, Peak:0.00M | Scene, ViewLayer | Synchronizing object | Alternator suspension pin retaining washer.003
Fra:1 Mem:549.86M (Peak 549.86M) | Time:00:00.92 | Mem:0.00M, Peak:0.00M | Scene, ViewLayer | Synchronizing object | Alternator suspension pin retaining hex head.003
Fra:1 Mem:549.86M (Peak 549.86M) | Time:00:00.92 | Mem:0.00M, Peak:0.00M | Scene, ViewLayer | Synchronizing object | Split axle V-belt drive pulley
Fra:1 Mem:549.86M (Peak 549.86M) | Time:00:00.92 | Mem:0.00M, Peak:0.00M | Scene, ViewLayer | Synchronizing object | Matched alternator V belt 01
Fra:1 Mem:550.07M (Peak 550.07M) | Time:00:00.92 | Mem:0.00M, Peak:0.00M | Scene, ViewLayer | Synchronizing object | Matched alternator V belt 02
Fra:1 Mem:550.15M (Peak 550.15M) | Time:00:00.92 | Mem:0.00M, Peak:0.00M | Scene, ViewLayer | Synchronizing object | Matched alternator V belt 03
Fra:1 Mem:550.18M (Peak 550.18M) | Time:00:00.92 | Mem:0.00M, Peak:0.00M | Scene, ViewLayer | Synchronizing object | Matched alternator V belt 04
Fra:1 Mem:550.27M (Peak 550.27M) | Time:00:00.92 | Mem:0.00M, Peak:0.00M | Scene, ViewLayer | Synchronizing object | Split axle pulley fixing hex head
Fra:1 Mem:550.27M (Peak 550.27M) | Time:00:00.92 | Mem:0.00M, Peak:0.00M | Scene, ViewLayer | Synchronizing object | Split axle pulley fixing hex head.001
Fra:1 Mem:550.26M (Peak 550.27M) | Time:00:00.92 | Mem:0.00M, Peak:0.00M | Scene, ViewLayer | Synchronizing object | Split axle pulley fixing hex head.002
Fra:1 Mem:550.26M (Peak 550.27M) | Time:00:00.92 | Mem:0.00M, Peak:0.00M | Scene, ViewLayer | Synchronizing object | Split axle pulley fixing hex head.004
Fra:1 Mem:550.26M (Peak 550.27M) | Time:00:00.92 | Mem:0.00M, Peak:0.00M | Scene, ViewLayer | Synchronizing object | Split axle pulley fixing hex head.005
Fra:1 Mem:550.27M (Peak 550.27M) | Time:00:00.92 | Mem:0.00M, Peak:0.00M | Scene, ViewLayer | Synchronizing object | Alternator spring tension screw
Fra:1 Mem:550.27M (Peak 550.27M) | Time:00:00.92 | Mem:0.00M, Peak:0.00M | Scene, ViewLayer | Synchronizing object | Alternator tension rod clevis
Fra:1 Mem:550.27M (Peak 550.27M) | Time:00:00.92 | Mem:0.00M, Peak:0.00M | Scene, ViewLayer | Synchronizing object | Alternator tension bracket vertical support
Fra:1 Mem:550.28M (Peak 550.28M) | Time:00:00.92 | Mem:0.00M, Peak:0.00M | Scene, ViewLayer | Synchronizing object | Alternator safety chain link
Fra:1 Mem:550.29M (Peak 550.29M) | Time:00:00.92 | Mem:0.00M, Peak:0.00M | Scene, ViewLayer | Synchronizing object | Alternator safety chain link.001
Fra:1 Mem:550.31M (Peak 550.31M) | Time:00:00.92 | Mem:0.00M, Peak:0.00M | Scene, ViewLayer | Synchronizing object | Alternator safety chain link.002
Fra:1 Mem:550.32M (Peak 550.32M) | Time:00:00.92 | Mem:0.00M, Peak:0.00M | Scene, ViewLayer | Synchronizing object | Alternator safety chain link.003
Fra:1 Mem:550.33M (Peak 550.33M) | Time:00:00.92 | Mem:0.00M, Peak:0.00M | Scene, ViewLayer | Synchronizing object | Alternator safety chain link.004
Fra:1 Mem:550.35M (Peak 550.35M) | Time:00:00.92 | Mem:0.00M, Peak:0.00M | Scene, ViewLayer | Synchronizing object | Alternator safety chain link.005
Fra:1 Mem:550.36M (Peak 550.36M) | Time:00:00.92 | Mem:0.00M, Peak:0.00M | Scene, ViewLayer | Synchronizing object | Alternator safety chain link.006
Fra:1 Mem:550.36M (Peak 550.36M) | Time:00:00.92 | Mem:0.00M, Peak:0.00M | Scene, ViewLayer | Synchronizing object | Alternator safety chain link.007
Fra:1 Mem:550.38M (Peak 550.38M) | Time:00:00.92 | Mem:0.00M, Peak:0.00M | Scene, ViewLayer | Synchronizing object | Alternator safety chain link.008
Fra:1 Mem:550.39M (Peak 550.39M) | Time:00:00.92 | Mem:0.00M, Peak:0.00M | Scene, ViewLayer | Synchronizing object | Alternator safety chain link.009
Fra:1 Mem:550.41M (Peak 550.41M) | Time:00:00.92 | Mem:0.00M, Peak:0.00M | Scene, ViewLayer | Synchronizing object | Alternator safety chain link.010
Fra:1 Mem:550.41M (Peak 550.41M) | Time:00:00.92 | Mem:0.00M, Peak:0.00M | Scene, ViewLayer | Synchronizing object | Alternator safety chain link.011
Fra:1 Mem:550.43M (Peak 550.43M) | Time:00:00.92 | Mem:0.00M, Peak:0.00M | Scene, ViewLayer | Synchronizing object | Alternator safety chain link.012
Fra:1 Mem:550.44M (Peak 550.44M) | Time:00:00.92 | Mem:0.00M, Peak:0.00M | Scene, ViewLayer | Synchronizing object | Alternator safety chain link.013
Fra:1 Mem:550.45M (Peak 550.45M) | Time:00:00.92 | Mem:0.00M, Peak:0.00M | Scene, ViewLayer | Synchronizing object | Alternator safety chain link.014
Fra:1 Mem:550.46M (Peak 550.46M) | Time:00:00.92 | Mem:0.00M, Peak:0.00M | Scene, ViewLayer | Synchronizing object | Alternator safety chain link.015
Fra:1 Mem:550.49M (Peak 550.49M) | Time:00:00.92 | Mem:0.00M, Peak:0.00M | Scene, ViewLayer | Synchronizing object | Alternator safety chain link.016
Fra:1 Mem:550.49M (Peak 550.49M) | Time:00:00.92 | Mem:0.00M, Peak:0.00M | Scene, ViewLayer | Synchronizing object | Alternator safety chain link.017
Fra:1 Mem:550.50M (Peak 550.50M) | Time:00:00.92 | Mem:0.00M, Peak:0.00M | Scene, ViewLayer | Synchronizing object | Alternator safety chain link.018
Fra:1 Mem:550.52M (Peak 550.52M) | Time:00:00.92 | Mem:0.00M, Peak:0.00M | Scene, ViewLayer | Synchronizing object | Alternator safety chain link.019
Fra:1 Mem:550.53M (Peak 550.53M) | Time:00:00.92 | Mem:0.00M, Peak:0.00M | Scene, ViewLayer | Synchronizing object | Fabricated sideframe vertical web.004
Fra:1 Mem:550.55M (Peak 550.55M) | Time:00:00.92 | Mem:0.00M, Peak:0.00M | Scene, ViewLayer | Synchronizing object | Fabricated sideframe vertical web.005
Fra:1 Mem:550.54M (Peak 550.55M) | Time:00:00.92 | Mem:0.00M, Peak:0.00M | Scene, ViewLayer | Synchronizing object | Sideframe continuous upper flange.002
Fra:1 Mem:550.54M (Peak 550.55M) | Time:00:00.92 | Mem:0.00M, Peak:0.00M | Scene, ViewLayer | Synchronizing object | Sideframe lower spring flange.002
Fra:1 Mem:550.55M (Peak 550.55M) | Time:00:00.92 | Mem:0.00M, Peak:0.00M | Scene, ViewLayer | Synchronizing object | Sideframe welded vertical stiffener.012
Fra:1 Mem:550.57M (Peak 550.57M) | Time:00:00.92 | Mem:0.00M, Peak:0.00M | Scene, ViewLayer | Synchronizing object | Visible sideframe fillet weld.012
Fra:1 Mem:550.57M (Peak 550.57M) | Time:00:00.92 | Mem:0.00M, Peak:0.00M | Scene, ViewLayer | Synchronizing object | Visible sideframe fillet weld.013
Fra:1 Mem:550.58M (Peak 550.58M) | Time:00:00.92 | Mem:0.00M, Peak:0.00M | Scene, ViewLayer | Synchronizing object | Sideframe welded vertical stiffener.014
Fra:1 Mem:550.59M (Peak 550.59M) | Time:00:00.92 | Mem:0.00M, Peak:0.00M | Scene, ViewLayer | Synchronizing object | Visible sideframe fillet weld.014
Fra:1 Mem:550.59M (Peak 550.59M) | Time:00:00.92 | Mem:0.00M, Peak:0.00M | Scene, ViewLayer | Synchronizing object | Sideframe welded vertical stiffener.015
Fra:1 Mem:550.60M (Peak 550.60M) | Time:00:00.92 | Mem:0.00M, Peak:0.00M | Scene, ViewLayer | Synchronizing object | Visible sideframe fillet weld.015
Fra:1 Mem:550.60M (Peak 550.60M) | Time:00:00.92 | Mem:0.00M, Peak:0.00M | Scene, ViewLayer | Synchronizing object | Sideframe welded vertical stiffener.016
Fra:1 Mem:550.61M (Peak 550.61M) | Time:00:00.92 | Mem:0.00M, Peak:0.00M | Scene, ViewLayer | Synchronizing object | Visible sideframe fillet weld.016
Fra:1 Mem:550.61M (Peak 550.61M) | Time:00:00.92 | Mem:0.00M, Peak:0.00M | Scene, ViewLayer | Synchronizing object | Sideframe welded vertical stiffener.017
Fra:1 Mem:550.62M (Peak 550.62M) | Time:00:00.92 | Mem:0.00M, Peak:0.00M | Scene, ViewLayer | Synchronizing object | Visible sideframe fillet weld.017
Fra:1 Mem:550.63M (Peak 550.63M) | Time:00:00.92 | Mem:0.00M, Peak:0.00M | Scene, ViewLayer | Synchronizing object | Bogie maker plate.002
Fra:1 Mem:550.63M (Peak 550.63M) | Time:00:00.92 | Mem:0.00M, Peak:0.00M | Scene, ViewLayer | Synchronizing object | Maker plate rivet hex head.005
Fra:1 Mem:550.64M (Peak 550.64M) | Time:00:00.92 | Mem:0.00M, Peak:0.00M | Scene, ViewLayer | Synchronizing object | Fabricated sideframe vertical web.006
Fra:1 Mem:550.64M (Peak 550.64M) | Time:00:00.92 | Mem:0.00M, Peak:0.00M | Scene, ViewLayer | Synchronizing object | Sideframe continuous upper flange.003
Fra:1 Mem:550.66M (Peak 550.66M) | Time:00:00.92 | Mem:0.00M, Peak:0.00M | Scene, ViewLayer | Synchronizing object | Sideframe lower spring flange.003
Fra:1 Mem:550.66M (Peak 550.66M) | Time:00:00.92 | Mem:0.00M, Peak:0.00M | Scene, ViewLayer | Synchronizing object | Sideframe welded vertical stiffener.018
Fra:1 Mem:550.67M (Peak 550.67M) | Time:00:00.92 | Mem:0.00M, Peak:0.00M | Scene, ViewLayer | Synchronizing object | Visible sideframe fillet weld.018
Fra:1 Mem:550.67M (Peak 550.67M) | Time:00:00.92 | Mem:0.00M, Peak:0.00M | Scene, ViewLayer | Synchronizing object | Sideframe welded vertical stiffener.019
Fra:1 Mem:550.68M (Peak 550.68M) | Time:00:00.92 | Mem:0.00M, Peak:0.00M | Scene, ViewLayer | Synchronizing object | Visible sideframe fillet weld.019
Fra:1 Mem:550.68M (Peak 550.68M) | Time:00:00.92 | Mem:0.00M, Peak:0.00M | Scene, ViewLayer | Synchronizing object | Visible sideframe fillet weld.020
Fra:1 Mem:550.68M (Peak 550.68M) | Time:00:00.92 | Mem:0.00M, Peak:0.00M | Scene, ViewLayer | Synchronizing object | Sideframe welded vertical stiffener.021
Fra:1 Mem:550.70M (Peak 550.70M) | Time:00:00.92 | Mem:0.00M, Peak:0.00M | Scene, ViewLayer | Synchronizing object | Visible sideframe fillet weld.021
Fra:1 Mem:550.71M (Peak 550.71M) | Time:00:00.92 | Mem:0.00M, Peak:0.00M | Scene, ViewLayer | Synchronizing object | Sideframe welded vertical stiffener.022
Fra:1 Mem:550.71M (Peak 550.71M) | Time:00:00.92 | Mem:0.00M, Peak:0.00M | Scene, ViewLayer | Synchronizing object | Sideframe welded vertical stiffener.023
Fra:1 Mem:550.72M (Peak 550.72M) | Time:00:00.92 | Mem:0.00M, Peak:0.00M | Scene, ViewLayer | Synchronizing object | Visible sideframe fillet weld.023
Fra:1 Mem:550.72M (Peak 550.72M) | Time:00:00.92 | Mem:0.00M, Peak:0.00M | Scene, ViewLayer | Synchronizing object | Bogie maker plate.003
Fra:1 Mem:550.73M (Peak 550.73M) | Time:00:00.92 | Mem:0.00M, Peak:0.00M | Scene, ViewLayer | Synchronizing object | Maker plate rivet hex head.006
Fra:1 Mem:550.74M (Peak 550.74M) | Time:00:00.92 | Mem:0.00M, Peak:0.00M | Scene, ViewLayer | Synchronizing object | Maker plate rivet hex head.007
Fra:1 Mem:550.74M (Peak 550.74M) | Time:00:00.92 | Mem:0.00M, Peak:0.00M | Scene, ViewLayer | Synchronizing object | Bogie headstock transverse box.002
Fra:1 Mem:550.74M (Peak 550.74M) | Time:00:00.92 | Mem:0.00M, Peak:0.00M | Scene, ViewLayer | Synchronizing object | Headstock corner gusset.004
Fra:1 Mem:550.76M (Peak 550.76M) | Time:00:00.92 | Mem:0.00M, Peak:0.00M | Scene, ViewLayer | Synchronizing object | Headstock corner gusset.005
Fra:1 Mem:550.76M (Peak 550.76M) | Time:00:00.92 | Mem:0.00M, Peak:0.00M | Scene, ViewLayer | Synchronizing object | Bogie headstock transverse box.003
Fra:1 Mem:550.76M (Peak 550.76M) | Time:00:00.92 | Mem:0.00M, Peak:0.00M | Scene, ViewLayer | Synchronizing object | Headstock upper flange.003
Fra:1 Mem:550.77M (Peak 550.77M) | Time:00:00.92 | Mem:0.00M, Peak:0.00M | Scene, ViewLayer | Synchronizing object | Headstock corner gusset.006
Fra:1 Mem:550.78M (Peak 550.78M) | Time:00:00.92 | Mem:0.00M, Peak:0.00M | Scene, ViewLayer | Synchronizing object | Headstock corner gusset.007
Fra:1 Mem:550.78M (Peak 550.78M) | Time:00:00.92 | Mem:0.00M, Peak:0.00M | Scene, ViewLayer | Synchronizing object | Transom upper closing flange.002
Fra:1 Mem:550.78M (Peak 550.78M) | Time:00:00.92 | Mem:0.00M, Peak:0.00M | Scene, ViewLayer | Synchronizing object | Bogie centre transom box.003
Fra:1 Mem:550.81M (Peak 550.81M) | Time:00:00.92 | Mem:0.00M, Peak:0.00M | Scene, ViewLayer | Synchronizing object | Transom upper closing flange.003
Fra:1 Mem:550.81M (Peak 550.81M) | Time:00:00.92 | Mem:0.00M, Peak:0.00M | Scene, ViewLayer | Synchronizing object | Bogie feed pipe clip.007
Fra:1 Mem:550.83M (Peak 550.83M) | Time:00:00.92 | Mem:0.00M, Peak:0.00M | Scene, ViewLayer | Synchronizing object | Bogie feed pipe clip.008
Fra:1 Mem:550.83M (Peak 550.83M) | Time:00:00.92 | Mem:0.00M, Peak:0.00M | Scene, ViewLayer | Synchronizing object | Bogie feed pipe clip.010
Fra:1 Mem:550.85M (Peak 550.85M) | Time:00:00.92 | Mem:0.00M, Peak:0.00M | Scene, ViewLayer | Synchronizing object | Bogie feed pipe clip.011
Fra:1 Mem:550.86M (Peak 550.86M) | Time:00:00.92 | Mem:0.00M, Peak:0.00M | Scene, ViewLayer | Synchronizing object | Bogie feed pipe clip.013
Fra:1 Mem:550.88M (Peak 550.88M) | Time:00:00.92 | Mem:0.00M, Peak:0.00M | Scene, ViewLayer | Synchronizing object | Floating bogie bolster main box.001
Fra:1 Mem:550.89M (Peak 550.89M) | Time:00:00.92 | Mem:0.00M, Peak:0.00M | Scene, ViewLayer | Synchronizing object | Bolster upper flange.002
Fra:1 Mem:550.89M (Peak 550.89M) | Time:00:00.92 | Mem:0.00M, Peak:0.00M | Scene, ViewLayer | Synchronizing object | Bolster upper flange.003
Fra:1 Mem:550.91M (Peak 550.91M) | Time:00:00.92 | Mem:0.00M, Peak:0.00M | Scene, ViewLayer | Synchronizing object | Bolster spring head seat.002
Fra:1 Mem:550.91M (Peak 550.91M) | Time:00:00.92 | Mem:0.00M, Peak:0.00M | Scene, ViewLayer | Synchronizing object | Lower spring beam end tray.002
Fra:1 Mem:550.92M (Peak 550.92M) | Time:00:00.92 | Mem:0.00M, Peak:0.00M | Scene, ViewLayer | Synchronizing object | Bolster spring bottom rubber pad.004
Fra:1 Mem:550.93M (Peak 550.93M) | Time:00:00.92 | Mem:0.00M, Peak:0.00M | Scene, ViewLayer | Synchronizing object | Bolster spring top seating flange.004
Fra:1 Mem:550.94M (Peak 550.94M) | Time:00:00.92 | Mem:0.00M, Peak:0.00M | Scene, ViewLayer | Synchronizing object | Secondary 42mm bolster coil.004
Fra:1 Mem:550.94M (Peak 550.94M) | Time:00:00.92 | Mem:0.00M, Peak:0.00M | Scene, ViewLayer | Synchronizing object | Secondary 42mm bolster coil group mark.044
Fra:1 Mem:550.98M (Peak 550.98M) | Time:00:00.92 | Mem:0.00M, Peak:0.00M | Scene, ViewLayer | Synchronizing object | Secondary 42mm bolster coil group mark.045
Fra:1 Mem:550.98M (Peak 550.98M) | Time:00:00.92 | Mem:0.00M, Peak:0.00M | Scene, ViewLayer | Synchronizing object | Secondary 42mm bolster coil group mark.046
Fra:1 Mem:550.98M (Peak 550.98M) | Time:00:00.92 | Mem:0.00M, Peak:0.00M | Scene, ViewLayer | Synchronizing object | Secondary 42mm bolster coil group mark.047
Fra:1 Mem:551.00M (Peak 551.00M) | Time:00:00.92 | Mem:0.00M, Peak:0.00M | Scene, ViewLayer | Synchronizing object | Secondary 42mm bolster coil group mark.048
Fra:1 Mem:551.07M (Peak 551.07M) | Time:00:00.92 | Mem:0.00M, Peak:0.00M | Scene, ViewLayer | Synchronizing object | Secondary 42mm bolster coil group mark.049
Fra:1 Mem:551.07M (Peak 551.07M) | Time:00:00.92 | Mem:0.00M, Peak:0.00M | Scene, ViewLayer | Synchronizing object | Secondary 42mm bolster coil group mark.050
Fra:1 Mem:551.09M (Peak 551.09M) | Time:00:00.92 | Mem:0.00M, Peak:0.00M | Scene, ViewLayer | Synchronizing object | Secondary 42mm bolster coil group mark.051
Fra:1 Mem:551.12M (Peak 551.12M) | Time:00:00.92 | Mem:0.00M, Peak:0.00M | Scene, ViewLayer | Synchronizing object | Secondary 42mm bolster coil group mark.052
Fra:1 Mem:551.12M (Peak 551.12M) | Time:00:00.92 | Mem:0.00M, Peak:0.00M | Scene, ViewLayer | Synchronizing object | Secondary 42mm bolster coil group mark.053
Fra:1 Mem:551.13M (Peak 551.13M) | Time:00:00.92 | Mem:0.00M, Peak:0.00M | Scene, ViewLayer | Synchronizing object | Secondary 42mm bolster coil group mark.054
Fra:1 Mem:551.14M (Peak 551.14M) | Time:00:00.92 | Mem:0.00M, Peak:0.00M | Scene, ViewLayer | Synchronizing object | Bolster spring bottom rubber pad.005
Fra:1 Mem:551.15M (Peak 551.15M) | Time:00:00.92 | Mem:0.00M, Peak:0.00M | Scene, ViewLayer | Synchronizing object | Bolster spring top seating flange.005
Fra:1 Mem:551.16M (Peak 551.16M) | Time:00:00.92 | Mem:0.00M, Peak:0.00M | Scene, ViewLayer | Synchronizing object | Secondary 42mm bolster coil.005
Fra:1 Mem:551.22M (Peak 551.22M) | Time:00:00.92 | Mem:0.00M, Peak:0.00M | Scene, ViewLayer | Synchronizing object | Secondary 42mm bolster coil group mark.055
Fra:1 Mem:551.31M (Peak 551.31M) | Time:00:00.92 | Mem:0.00M, Peak:0.00M | Scene, ViewLayer | Synchronizing object | Secondary 42mm bolster coil group mark.056
Fra:1 Mem:551.31M (Peak 551.31M) | Time:00:00.92 | Mem:0.00M, Peak:0.00M | Scene, ViewLayer | Synchronizing object | Secondary 42mm bolster coil group mark.057
Fra:1 Mem:551.32M (Peak 551.32M) | Time:00:00.92 | Mem:0.00M, Peak:0.00M | Scene, ViewLayer | Synchronizing object | Secondary 42mm bolster coil group mark.058
Fra:1 Mem:551.35M (Peak 551.35M) | Time:00:00.92 | Mem:0.00M, Peak:0.00M | Scene, ViewLayer | Synchronizing object | Secondary 42mm bolster coil group mark.059
Fra:1 Mem:551.36M (Peak 551.36M) | Time:00:00.92 | Mem:0.00M, Peak:0.00M | Scene, ViewLayer | Synchronizing object | Secondary 42mm bolster coil group mark.060
Fra:1 Mem:551.37M (Peak 551.37M) | Time:00:00.92 | Mem:0.00M, Peak:0.00M | Scene, ViewLayer | Synchronizing object | Secondary 42mm bolster coil group mark.061
Fra:1 Mem:551.37M (Peak 551.37M) | Time:00:00.92 | Mem:0.00M, Peak:0.00M | Scene, ViewLayer | Synchronizing object | Secondary 42mm bolster coil group mark.062
Fra:1 Mem:551.38M (Peak 551.38M) | Time:00:00.92 | Mem:0.00M, Peak:0.00M | Scene, ViewLayer | Synchronizing object | Secondary 42mm bolster coil group mark.063
Fra:1 Mem:551.40M (Peak 551.40M) | Time:00:00.92 | Mem:0.00M, Peak:0.00M | Scene, ViewLayer | Synchronizing object | Secondary 42mm bolster coil group mark.064
Fra:1 Mem:551.40M (Peak 551.40M) | Time:00:00.92 | Mem:0.00M, Peak:0.00M | Scene, ViewLayer | Synchronizing object | Secondary 42mm bolster coil group mark.065
Fra:1 Mem:551.40M (Peak 551.40M) | Time:00:00.92 | Mem:0.00M, Peak:0.00M | Scene, ViewLayer | Synchronizing object | BSS swing hanger forged link strap.008
Fra:1 Mem:551.42M (Peak 551.42M) | Time:00:00.92 | Mem:0.00M, Peak:0.00M | Scene, ViewLayer | Synchronizing object | BSS swing hanger forged link eye.016
Fra:1 Mem:551.42M (Peak 551.42M) | Time:00:00.92 | Mem:0.00M, Peak:0.00M | Scene, ViewLayer | Synchronizing object | BSS swing hanger forged link eye.017
Fra:1 Mem:551.45M (Peak 551.45M) | Time:00:00.92 | Mem:0.00M, Peak:0.00M | Scene, ViewLayer | Synchronizing object | BSS swing hanger forged link strap.009
Fra:1 Mem:551.45M (Peak 551.45M) | Time:00:00.92 | Mem:0.00M, Peak:0.00M | Scene, ViewLayer | Synchronizing object | BSS swing hanger forged link eye.018
Fra:1 Mem:551.43M (Peak 551.45M) | Time:00:00.92 | Mem:0.00M, Peak:0.00M | Scene, ViewLayer | Synchronizing object | BSS swing hanger forged link eye.019
Fra:1 Mem:551.44M (Peak 551.45M) | Time:00:00.92 | Mem:0.00M, Peak:0.00M | Scene, ViewLayer | Synchronizing object | BSS upper hanger pin retaining washer.008
Fra:1 Mem:551.45M (Peak 551.45M) | Time:00:00.92 | Mem:0.00M, Peak:0.00M | Scene, ViewLayer | Synchronizing object | BSS upper hanger pin retaining hex head.008
Fra:1 Mem:551.45M (Peak 551.45M) | Time:00:00.92 | Mem:0.00M, Peak:0.00M | Scene, ViewLayer | Synchronizing object | BSS upper hanger pin retaining hex head.009
Fra:1 Mem:551.46M (Peak 551.46M) | Time:00:00.92 | Mem:0.00M, Peak:0.00M | Scene, ViewLayer | Synchronizing object | BSS lower hanger pin pin.004
Fra:1 Mem:551.46M (Peak 551.46M) | Time:00:00.92 | Mem:0.00M, Peak:0.00M | Scene, ViewLayer | Synchronizing object | BSS lower hanger pin retaining washer.008
Fra:1 Mem:551.48M (Peak 551.48M) | Time:00:00.92 | Mem:0.00M, Peak:0.00M | Scene, ViewLayer | Synchronizing object | BSS lower hanger pin retaining hex head.008
Fra:1 Mem:551.47M (Peak 551.48M) | Time:00:00.92 | Mem:0.00M, Peak:0.00M | Scene, ViewLayer | Synchronizing object | BSS lower hanger pin retaining washer.009
Fra:1 Mem:551.48M (Peak 551.48M) | Time:00:00.92 | Mem:0.00M, Peak:0.00M | Scene, ViewLayer | Synchronizing object | BSS lower hanger pin retaining hex head.009
Fra:1 Mem:551.48M (Peak 551.48M) | Time:00:00.92 | Mem:0.00M, Peak:0.00M | Scene, ViewLayer | Synchronizing object | BSS hanger block.004
Fra:1 Mem:551.49M (Peak 551.49M) | Time:00:00.92 | Mem:0.00M, Peak:0.00M | Scene, ViewLayer | Synchronizing object | Spring plank hanger block.004
Fra:1 Mem:551.49M (Peak 551.49M) | Time:00:00.92 | Mem:0.00M, Peak:0.00M | Scene, ViewLayer | Synchronizing object | BSS swing hanger forged link strap.010
Fra:1 Mem:551.50M (Peak 551.50M) | Time:00:00.92 | Mem:0.00M, Peak:0.00M | Scene, ViewLayer | Synchronizing object | BSS swing hanger forged link eye.020
Fra:1 Mem:551.50M (Peak 551.50M) | Time:00:00.92 | Mem:0.00M, Peak:0.00M | Scene, ViewLayer | Synchronizing object | BSS swing hanger forged link strap.011
Fra:1 Mem:551.52M (Peak 551.52M) | Time:00:00.92 | Mem:0.00M, Peak:0.00M | Scene, ViewLayer | Synchronizing object | BSS swing hanger forged link eye.022
Fra:1 Mem:551.52M (Peak 551.52M) | Time:00:00.92 | Mem:0.00M, Peak:0.00M | Scene, ViewLayer | Synchronizing object | BSS swing hanger forged link eye.023
Fra:1 Mem:551.52M (Peak 551.52M) | Time:00:00.92 | Mem:0.00M, Peak:0.00M | Scene, ViewLayer | Synchronizing object | BSS upper hanger pin pin.005
Fra:1 Mem:551.53M (Peak 551.53M) | Time:00:00.92 | Mem:0.00M, Peak:0.00M | Scene, ViewLayer | Synchronizing object | BSS upper hanger pin retaining washer.010
Fra:1 Mem:551.53M (Peak 551.53M) | Time:00:00.92 | Mem:0.00M, Peak:0.00M | Scene, ViewLayer | Synchronizing object | BSS upper hanger pin retaining hex head.010
Fra:1 Mem:551.54M (Peak 551.54M) | Time:00:00.92 | Mem:0.00M, Peak:0.00M | Scene, ViewLayer | Synchronizing object | BSS upper hanger pin retaining hex head.011
Fra:1 Mem:551.54M (Peak 551.54M) | Time:00:00.92 | Mem:0.00M, Peak:0.00M | Scene, ViewLayer | Synchronizing object | BSS lower hanger pin pin.005
Fra:1 Mem:551.54M (Peak 551.54M) | Time:00:00.92 | Mem:0.00M, Peak:0.00M | Scene, ViewLayer | Synchronizing object | BSS lower hanger pin retaining washer.010
Fra:1 Mem:551.56M (Peak 551.56M) | Time:00:00.92 | Mem:0.00M, Peak:0.00M | Scene, ViewLayer | Synchronizing object | BSS lower hanger pin retaining hex head.010
Fra:1 Mem:551.56M (Peak 551.56M) | Time:00:00.92 | Mem:0.00M, Peak:0.00M | Scene, ViewLayer | Synchronizing object | BSS lower hanger pin retaining washer.011
Fra:1 Mem:551.56M (Peak 551.56M) | Time:00:00.92 | Mem:0.00M, Peak:0.00M | Scene, ViewLayer | Synchronizing object | BSS lower hanger pin retaining hex head.011
Fra:1 Mem:551.57M (Peak 551.57M) | Time:00:00.92 | Mem:0.00M, Peak:0.00M | Scene, ViewLayer | Synchronizing object | BSS hanger block.005
Fra:1 Mem:551.57M (Peak 551.57M) | Time:00:00.92 | Mem:0.00M, Peak:0.00M | Scene, ViewLayer | Synchronizing object | Spring plank hanger block.005
Fra:1 Mem:551.58M (Peak 551.58M) | Time:00:00.92 | Mem:0.00M, Peak:0.00M | Scene, ViewLayer | Synchronizing object | Bolster safety U strap.004
Fra:1 Mem:551.59M (Peak 551.59M) | Time:00:00.92 | Mem:0.00M, Peak:0.00M | Scene, ViewLayer | Synchronizing object | Bolster safety U strap.005
Fra:1 Mem:551.59M (Peak 551.59M) | Time:00:00.92 | Mem:0.00M, Peak:0.00M | Scene, ViewLayer | Synchronizing object | Vertical secondary hydraulic damper body.002
Fra:1 Mem:551.60M (Peak 551.60M) | Time:00:00.92 | Mem:0.00M, Peak:0.00M | Scene, ViewLayer | Synchronizing object | Secondary damper polished piston.002
Fra:1 Mem:551.61M (Peak 551.61M) | Time:00:00.92 | Mem:0.00M, Peak:0.00M | Scene, ViewLayer | Synchronizing object | Secondary damper dust sleeve.002
Fra:1 Mem:551.62M (Peak 551.62M) | Time:00:00.92 | Mem:0.00M, Peak:0.00M | Scene, ViewLayer | Synchronizing object | Damper eye silent rubber.004
Fra:1 Mem:551.62M (Peak 551.62M) | Time:00:00.92 | Mem:0.00M, Peak:0.00M | Scene, ViewLayer | Synchronizing object | Secondary damper eye pin pin.004
Fra:1 Mem:551.62M (Peak 551.62M) | Time:00:00.92 | Mem:0.00M, Peak:0.00M | Scene, ViewLayer | Synchronizing object | Secondary damper eye pin retaining washer.008
Fra:1 Mem:551.64M (Peak 551.64M) | Time:00:00.92 | Mem:0.00M, Peak:0.00M | Scene, ViewLayer | Synchronizing object | Secondary damper eye pin retaining hex head.008
Fra:1 Mem:551.64M (Peak 551.64M) | Time:00:00.92 | Mem:0.00M, Peak:0.00M | Scene, ViewLayer | Synchronizing object | Secondary damper eye pin retaining washer.009
Fra:1 Mem:551.64M (Peak 551.64M) | Time:00:00.92 | Mem:0.00M, Peak:0.00M | Scene, ViewLayer | Synchronizing object | Secondary damper eye pin retaining hex head.009
Fra:1 Mem:551.65M (Peak 551.65M) | Time:00:00.92 | Mem:0.00M, Peak:0.00M | Scene, ViewLayer | Synchronizing object | Damper attachment lug.004
Fra:1 Mem:551.65M (Peak 551.65M) | Time:00:00.92 | Mem:0.00M, Peak:0.00M | Scene, ViewLayer | Synchronizing object | Secondary damper eye pin pin.005
Fra:1 Mem:551.66M (Peak 551.66M) | Time:00:00.92 | Mem:0.00M, Peak:0.00M | Scene, ViewLayer | Synchronizing object | Secondary damper eye pin retaining washer.010
Fra:1 Mem:551.67M (Peak 551.67M) | Time:00:00.92 | Mem:0.00M, Peak:0.00M | Scene, ViewLayer | Synchronizing object | Secondary damper eye pin retaining hex head.010
Fra:1 Mem:551.68M (Peak 551.68M) | Time:00:00.92 | Mem:0.00M, Peak:0.00M | Scene, ViewLayer | Synchronizing object | Secondary damper eye pin retaining washer.011
Fra:1 Mem:551.68M (Peak 551.68M) | Time:00:00.92 | Mem:0.00M, Peak:0.00M | Scene, ViewLayer | Synchronizing object | Damper attachment lug.005
Fra:1 Mem:551.69M (Peak 551.69M) | Time:00:00.92 | Mem:0.00M, Peak:0.00M | Scene, ViewLayer | Synchronizing object | Side bearer lubricating oil bath.002
Fra:1 Mem:551.70M (Peak 551.70M) | Time:00:00.92 | Mem:0.00M, Peak:0.00M | Scene, ViewLayer | Synchronizing object | Side bearer bronze wearing piece.002
Fra:1 Mem:551.70M (Peak 551.70M) | Time:00:00.92 | Mem:0.00M, Peak:0.00M | Scene, ViewLayer | Synchronizing object | Side bearer dust excluding cover.002
Fra:1 Mem:551.72M (Peak 551.72M) | Time:00:00.92 | Mem:0.00M, Peak:0.00M | Scene, ViewLayer | Synchronizing object | Body bolster side-bearer attachment.002
Fra:1 Mem:551.73M (Peak 551.73M) | Time:00:00.92 | Mem:0.00M, Peak:0.00M | Scene, ViewLayer | Synchronizing object | Side bearer oil filler pipe.002
Fra:1 Mem:551.73M (Peak 551.73M) | Time:00:00.92 | Mem:0.00M, Peak:0.00M | Scene, ViewLayer | Synchronizing object | Side bearer oil filler cap.002
Fra:1 Mem:551.73M (Peak 551.73M) | Time:00:00.92 | Mem:0.00M, Peak:0.00M | Scene, ViewLayer | Synchronizing object | Bolster diagonal anchor link shank.002
Fra:1 Mem:551.74M (Peak 551.74M) | Time:00:00.92 | Mem:0.00M, Peak:0.00M | Scene, ViewLayer | Synchronizing object | Anchor link silent block outer housing.004
Fra:1 Mem:551.74M (Peak 551.74M) | Time:00:00.92 | Mem:0.00M, Peak:0.00M | Scene, ViewLayer | Synchronizing object | Anchor link rubber bush.004
Fra:1 Mem:551.75M (Peak 551.75M) | Time:00:00.92 | Mem:0.00M, Peak:0.00M | Scene, ViewLayer | Synchronizing object | Anchor link pin pin.004
Fra:1 Mem:551.76M (Peak 551.76M) | Time:00:00.92 | Mem:0.00M, Peak:0.00M | Scene, ViewLayer | Synchronizing object | Anchor link pin retaining washer.008
Fra:1 Mem:551.76M (Peak 551.76M) | Time:00:00.92 | Mem:0.00M, Peak:0.00M | Scene, ViewLayer | Synchronizing object | Anchor link pin retaining washer.009
Fra:1 Mem:551.77M (Peak 551.77M) | Time:00:00.92 | Mem:0.00M, Peak:0.00M | Scene, ViewLayer | Synchronizing object | Anchor link pin retaining hex head.009
Fra:1 Mem:551.78M (Peak 551.78M) | Time:00:00.92 | Mem:0.00M, Peak:0.00M | Scene, ViewLayer | Synchronizing object | Anchor link silent block outer housing.005
Fra:1 Mem:551.78M (Peak 551.78M) | Time:00:00.92 | Mem:0.00M, Peak:0.00M | Scene, ViewLayer | Synchronizing object | Anchor link rubber bush.005
Fra:1 Mem:551.78M (Peak 551.78M) | Time:00:00.92 | Mem:0.00M, Peak:0.00M | Scene, ViewLayer | Synchronizing object | Anchor link pin pin.005
Fra:1 Mem:551.80M (Peak 551.80M) | Time:00:00.92 | Mem:0.00M, Peak:0.00M | Scene, ViewLayer | Synchronizing object | Anchor link pin retaining washer.010
Fra:1 Mem:551.80M (Peak 551.80M) | Time:00:00.92 | Mem:0.00M, Peak:0.00M | Scene, ViewLayer | Synchronizing object | Anchor link pin retaining washer.011
Fra:1 Mem:551.81M (Peak 551.81M) | Time:00:00.92 | Mem:0.00M, Peak:0.00M | Scene, ViewLayer | Synchronizing object | Anchor link pin retaining hex head.011
Fra:1 Mem:551.81M (Peak 551.81M) | Time:00:00.92 | Mem:0.00M, Peak:0.00M | Scene, ViewLayer | Synchronizing object | Equalising stay pin eye.004
Fra:1 Mem:551.83M (Peak 551.83M) | Time:00:00.92 | Mem:0.00M, Peak:0.00M | Scene, ViewLayer | Synchronizing object | Equalising stay pin pin.004
Fra:1 Mem:551.83M (Peak 551.83M) | Time:00:00.92 | Mem:0.00M, Peak:0.00M | Scene, ViewLayer | Synchronizing object | Equalising stay pin retaining washer.008
Fra:1 Mem:551.83M (Peak 551.83M) | Time:00:00.92 | Mem:0.00M, Peak:0.00M | Scene, ViewLayer | Synchronizing object | Equalising stay pin retaining hex head.008
Fra:1 Mem:551.84M (Peak 551.84M) | Time:00:00.92 | Mem:0.00M, Peak:0.00M | Scene, ViewLayer | Synchronizing object | Equalising stay pin retaining washer.009
Fra:1 Mem:551.86M (Peak 551.86M) | Time:00:00.92 | Mem:0.00M, Peak:0.00M | Scene, ViewLayer | Synchronizing object | Equalising stay pin retaining hex head.009
Fra:1 Mem:551.85M (Peak 551.86M) | Time:00:00.92 | Mem:0.00M, Peak:0.00M | Scene, ViewLayer | Synchronizing object | Equalising stay pin pin.005
Fra:1 Mem:551.86M (Peak 551.86M) | Time:00:00.92 | Mem:0.00M, Peak:0.00M | Scene, ViewLayer | Synchronizing object | Equalising stay pin retaining washer.010
Fra:1 Mem:551.86M (Peak 551.86M) | Time:00:00.92 | Mem:0.00M, Peak:0.00M | Scene, ViewLayer | Synchronizing object | Equalising stay pin retaining hex head.010
Fra:1 Mem:551.87M (Peak 551.87M) | Time:00:00.92 | Mem:0.00M, Peak:0.00M | Scene, ViewLayer | Synchronizing object | Equalising stay pin retaining washer.011
Fra:1 Mem:551.87M (Peak 551.87M) | Time:00:00.92 | Mem:0.00M, Peak:0.00M | Scene, ViewLayer | Synchronizing object | Equalising stay pin retaining hex head.011
Fra:1 Mem:551.88M (Peak 551.88M) | Time:00:00.92 | Mem:0.00M, Peak:0.00M | Scene, ViewLayer | Synchronizing object | Bolster spring head seat.003
Fra:1 Mem:551.88M (Peak 551.88M) | Time:00:00.92 | Mem:0.00M, Peak:0.00M | Scene, ViewLayer | Synchronizing object | Lower spring beam end tray.003
Fra:1 Mem:551.89M (Peak 551.89M) | Time:00:00.92 | Mem:0.00M, Peak:0.00M | Scene, ViewLayer | Synchronizing object | Bolster spring bottom rubber pad.006
Fra:1 Mem:551.90M (Peak 551.90M) | Time:00:00.92 | Mem:0.00M, Peak:0.00M | Scene, ViewLayer | Synchronizing object | Bolster spring top seating flange.006
Fra:1 Mem:551.91M (Peak 551.91M) | Time:00:00.92 | Mem:0.00M, Peak:0.00M | Scene, ViewLayer | Synchronizing object | Secondary 42mm bolster coil.006
Fra:1 Mem:551.94M (Peak 551.94M) | Time:00:00.92 | Mem:0.00M, Peak:0.00M | Scene, ViewLayer | Synchronizing object | Secondary 42mm bolster coil group mark.066
Fra:1 Mem:551.95M (Peak 551.95M) | Time:00:00.92 | Mem:0.00M, Peak:0.00M | Scene, ViewLayer | Synchronizing object | Secondary 42mm bolster coil group mark.067
Fra:1 Mem:552.00M (Peak 552.00M) | Time:00:00.92 | Mem:0.00M, Peak:0.00M | Scene, ViewLayer | Synchronizing object | Secondary 42mm bolster coil group mark.068
Fra:1 Mem:552.03M (Peak 552.03M) | Time:00:00.92 | Mem:0.00M, Peak:0.00M | Scene, ViewLayer | Synchronizing object | Secondary 42mm bolster coil group mark.069
Fra:1 Mem:552.05M (Peak 552.05M) | Time:00:00.92 | Mem:0.00M, Peak:0.00M | Scene, ViewLayer | Synchronizing object | Secondary 42mm bolster coil group mark.070
Fra:1 Mem:552.08M (Peak 552.08M) | Time:00:00.92 | Mem:0.00M, Peak:0.00M | Scene, ViewLayer | Synchronizing object | Secondary 42mm bolster coil group mark.071
Fra:1 Mem:552.08M (Peak 552.08M) | Time:00:00.92 | Mem:0.00M, Peak:0.00M | Scene, ViewLayer | Synchronizing object | Secondary 42mm bolster coil group mark.072
Fra:1 Mem:552.09M (Peak 552.09M) | Time:00:00.92 | Mem:0.00M, Peak:0.00M | Scene, ViewLayer | Synchronizing object | Secondary 42mm bolster coil group mark.073
Fra:1 Mem:552.10M (Peak 552.10M) | Time:00:00.92 | Mem:0.00M, Peak:0.00M | Scene, ViewLayer | Synchronizing object | Secondary 42mm bolster coil group mark.074
Fra:1 Mem:552.10M (Peak 552.10M) | Time:00:00.92 | Mem:0.00M, Peak:0.00M | Scene, ViewLayer | Synchronizing object | Secondary 42mm bolster coil group mark.075
Fra:1 Mem:552.11M (Peak 552.11M) | Time:00:00.92 | Mem:0.00M, Peak:0.00M | Scene, ViewLayer | Synchronizing object | Bolster spring bottom rubber pad.007
Fra:1 Mem:552.14M (Peak 552.14M) | Time:00:00.92 | Mem:0.00M, Peak:0.00M | Scene, ViewLayer | Synchronizing object | Bolster spring top seating flange.007
Fra:1 Mem:552.16M (Peak 552.16M) | Time:00:00.92 | Mem:0.00M, Peak:0.00M | Scene, ViewLayer | Synchronizing object | Secondary 42mm bolster coil.007
Fra:1 Mem:552.21M (Peak 552.21M) | Time:00:00.92 | Mem:0.00M, Peak:0.00M | Scene, ViewLayer | Synchronizing object | Secondary 42mm bolster coil group mark.077
Fra:1 Mem:552.25M (Peak 552.25M) | Time:00:00.92 | Mem:0.00M, Peak:0.00M | Scene, ViewLayer | Synchronizing object | Secondary 42mm bolster coil group mark.078
Fra:1 Mem:552.27M (Peak 552.27M) | Time:00:00.92 | Mem:0.00M, Peak:0.00M | Scene, ViewLayer | Synchronizing object | Secondary 42mm bolster coil group mark.079
Fra:1 Mem:552.29M (Peak 552.29M) | Time:00:00.92 | Mem:0.00M, Peak:0.00M | Scene, ViewLayer | Synchronizing object | Secondary 42mm bolster coil group mark.080
Fra:1 Mem:552.29M (Peak 552.29M) | Time:00:00.92 | Mem:0.00M, Peak:0.00M | Scene, ViewLayer | Synchronizing object | Secondary 42mm bolster coil group mark.081
Fra:1 Mem:552.30M (Peak 552.30M) | Time:00:00.92 | Mem:0.00M, Peak:0.00M | Scene, ViewLayer | Synchronizing object | Secondary 42mm bolster coil group mark.082
Fra:1 Mem:552.32M (Peak 552.32M) | Time:00:00.92 | Mem:0.00M, Peak:0.00M | Scene, ViewLayer | Synchronizing object | Secondary 42mm bolster coil group mark.083
Fra:1 Mem:552.33M (Peak 552.33M) | Time:00:00.92 | Mem:0.00M, Peak:0.00M | Scene, ViewLayer | Synchronizing object | Secondary 42mm bolster coil group mark.084
Fra:1 Mem:552.36M (Peak 552.36M) | Time:00:00.92 | Mem:0.00M, Peak:0.00M | Scene, ViewLayer | Synchronizing object | Secondary 42mm bolster coil group mark.085
Fra:1 Mem:552.35M (Peak 552.36M) | Time:00:00.92 | Mem:0.00M, Peak:0.00M | Scene, ViewLayer | Synchronizing object | Secondary 42mm bolster coil group mark.086
Fra:1 Mem:552.35M (Peak 552.36M) | Time:00:00.92 | Mem:0.00M, Peak:0.00M | Scene, ViewLayer | Synchronizing object | Secondary 42mm bolster coil group mark.087
Fra:1 Mem:552.36M (Peak 552.36M) | Time:00:00.92 | Mem:0.00M, Peak:0.00M | Scene, ViewLayer | Synchronizing object | BSS swing hanger forged link eye.024
Fra:1 Mem:552.38M (Peak 552.38M) | Time:00:00.92 | Mem:0.00M, Peak:0.00M | Scene, ViewLayer | Synchronizing object | BSS swing hanger forged link eye.025
Fra:1 Mem:552.39M (Peak 552.39M) | Time:00:00.92 | Mem:0.00M, Peak:0.00M | Scene, ViewLayer | Synchronizing object | BSS swing hanger forged link strap.013
Fra:1 Mem:552.42M (Peak 552.42M) | Time:00:00.92 | Mem:0.00M, Peak:0.00M | Scene, ViewLayer | Synchronizing object | BSS swing hanger forged link eye.026
Fra:1 Mem:552.42M (Peak 552.42M) | Time:00:00.92 | Mem:0.00M, Peak:0.00M | Scene, ViewLayer | Synchronizing object | BSS swing hanger forged link eye.027
Fra:1 Mem:552.41M (Peak 552.42M) | Time:00:00.92 | Mem:0.00M, Peak:0.00M | Scene, ViewLayer | Synchronizing object | BSS upper hanger pin pin.006
Fra:1 Mem:552.41M (Peak 552.42M) | Time:00:00.92 | Mem:0.00M, Peak:0.00M | Scene, ViewLayer | Synchronizing object | BSS upper hanger pin retaining hex head.012
Fra:1 Mem:552.43M (Peak 552.43M) | Time:00:00.92 | Mem:0.00M, Peak:0.00M | Scene, ViewLayer | Synchronizing object | BSS upper hanger pin retaining washer.013
Fra:1 Mem:552.43M (Peak 552.43M) | Time:00:00.92 | Mem:0.00M, Peak:0.00M | Scene, ViewLayer | Synchronizing object | BSS upper hanger pin retaining hex head.013
Fra:1 Mem:552.43M (Peak 552.43M) | Time:00:00.92 | Mem:0.00M, Peak:0.00M | Scene, ViewLayer | Synchronizing object | BSS lower hanger pin pin.006
Fra:1 Mem:552.43M (Peak 552.43M) | Time:00:00.92 | Mem:0.00M, Peak:0.00M | Scene, ViewLayer | Synchronizing object | BSS lower hanger pin retaining washer.012
Fra:1 Mem:552.44M (Peak 552.44M) | Time:00:00.92 | Mem:0.00M, Peak:0.00M | Scene, ViewLayer | Synchronizing object | BSS lower hanger pin retaining hex head.012
Fra:1 Mem:552.45M (Peak 552.45M) | Time:00:00.92 | Mem:0.00M, Peak:0.00M | Scene, ViewLayer | Synchronizing object | BSS lower hanger pin retaining washer.013
Fra:1 Mem:552.45M (Peak 552.46M) | Time:00:00.92 | Mem:0.00M, Peak:0.00M | Scene, ViewLayer | Synchronizing object | BSS lower hanger pin retaining hex head.013
Fra:1 Mem:552.46M (Peak 552.46M) | Time:00:00.92 | Mem:0.00M, Peak:0.00M | Scene, ViewLayer | Synchronizing object | Spring plank hanger block.006
Fra:1 Mem:552.46M (Peak 552.46M) | Time:00:00.92 | Mem:0.00M, Peak:0.00M | Scene, ViewLayer | Synchronizing object | BSS swing hanger forged link strap.014
Fra:1 Mem:552.47M (Peak 552.47M) | Time:00:00.92 | Mem:0.00M, Peak:0.00M | Scene, ViewLayer | Synchronizing object | BSS swing hanger forged link eye.028
Fra:1 Mem:552.47M (Peak 552.47M) | Time:00:00.92 | Mem:0.00M, Peak:0.00M | Scene, ViewLayer | Synchronizing object | BSS swing hanger forged link eye.029
Fra:1 Mem:552.49M (Peak 552.49M) | Time:00:00.92 | Mem:0.00M, Peak:0.00M | Scene, ViewLayer | Synchronizing object | BSS swing hanger forged link strap.015
Fra:1 Mem:552.49M (Peak 552.49M) | Time:00:00.92 | Mem:0.00M, Peak:0.00M | Scene, ViewLayer | Synchronizing object | BSS swing hanger forged link eye.031
Fra:1 Mem:552.50M (Peak 552.50M) | Time:00:00.92 | Mem:0.00M, Peak:0.00M | Scene, ViewLayer | Synchronizing object | BSS upper hanger pin pin.007
Fra:1 Mem:552.50M (Peak 552.50M) | Time:00:00.92 | Mem:0.00M, Peak:0.00M | Scene, ViewLayer | Synchronizing object | BSS upper hanger pin retaining washer.014
Fra:1 Mem:552.51M (Peak 552.51M) | Time:00:00.92 | Mem:0.00M, Peak:0.00M | Scene, ViewLayer | Synchronizing object | BSS upper hanger pin retaining hex head.014
Fra:1 Mem:552.51M (Peak 552.51M) | Time:00:00.92 | Mem:0.00M, Peak:0.00M | Scene, ViewLayer | Synchronizing object | BSS upper hanger pin retaining washer.015
Fra:1 Mem:552.51M (Peak 552.51M) | Time:00:00.92 | Mem:0.00M, Peak:0.00M | Scene, ViewLayer | Synchronizing object | BSS upper hanger pin retaining hex head.015
Fra:1 Mem:552.52M (Peak 552.52M) | Time:00:00.92 | Mem:0.00M, Peak:0.00M | Scene, ViewLayer | Synchronizing object | BSS lower hanger pin pin.007
Fra:1 Mem:552.53M (Peak 552.53M) | Time:00:00.92 | Mem:0.00M, Peak:0.00M | Scene, ViewLayer | Synchronizing object | BSS lower hanger pin retaining washer.014
Fra:1 Mem:552.53M (Peak 552.53M) | Time:00:00.92 | Mem:0.00M, Peak:0.00M | Scene, ViewLayer | Synchronizing object | BSS lower hanger pin retaining hex head.014
Fra:1 Mem:552.53M (Peak 552.53M) | Time:00:00.92 | Mem:0.00M, Peak:0.00M | Scene, ViewLayer | Synchronizing object | BSS lower hanger pin retaining washer.015
Fra:1 Mem:552.54M (Peak 552.54M) | Time:00:00.92 | Mem:0.00M, Peak:0.00M | Scene, ViewLayer | Synchronizing object | BSS hanger block.007
Fra:1 Mem:552.54M (Peak 552.54M) | Time:00:00.92 | Mem:0.00M, Peak:0.00M | Scene, ViewLayer | Synchronizing object | Spring plank hanger block.007
Fra:1 Mem:552.54M (Peak 552.54M) | Time:00:00.92 | Mem:0.00M, Peak:0.00M | Scene, ViewLayer | Synchronizing object | Bolster safety U strap.006
Fra:1 Mem:552.57M (Peak 552.57M) | Time:00:00.92 | Mem:0.00M, Peak:0.00M | Scene, ViewLayer | Synchronizing object | Bolster safety U strap.007
Fra:1 Mem:552.57M (Peak 552.57M) | Time:00:00.92 | Mem:0.00M, Peak:0.00M | Scene, ViewLayer | Synchronizing object | Secondary damper polished piston.003
Fra:1 Mem:552.58M (Peak 552.58M) | Time:00:00.92 | Mem:0.00M, Peak:0.00M | Scene, ViewLayer | Synchronizing object | Secondary damper dust sleeve.003
Fra:1 Mem:552.59M (Peak 552.59M) | Time:00:00.92 | Mem:0.00M, Peak:0.00M | Scene, ViewLayer | Synchronizing object | Damper eye silent rubber.006
Fra:1 Mem:552.59M (Peak 552.59M) | Time:00:00.92 | Mem:0.00M, Peak:0.00M | Scene, ViewLayer | Synchronizing object | Secondary damper eye pin pin.006
Fra:1 Mem:552.60M (Peak 552.60M) | Time:00:00.92 | Mem:0.00M, Peak:0.00M | Scene, ViewLayer | Synchronizing object | Secondary damper eye pin retaining washer.012
Fra:1 Mem:552.61M (Peak 552.61M) | Time:00:00.92 | Mem:0.00M, Peak:0.00M | Scene, ViewLayer | Synchronizing object | Secondary damper eye pin retaining hex head.012
Fra:1 Mem:552.61M (Peak 552.61M) | Time:00:00.92 | Mem:0.00M, Peak:0.00M | Scene, ViewLayer | Synchronizing object | Secondary damper eye pin retaining hex head.013
Fra:1 Mem:552.62M (Peak 552.62M) | Time:00:00.92 | Mem:0.00M, Peak:0.00M | Scene, ViewLayer | Synchronizing object | Damper eye silent rubber.007
Fra:1 Mem:552.64M (Peak 552.64M) | Time:00:00.92 | Mem:0.00M, Peak:0.00M | Scene, ViewLayer | Synchronizing object | Secondary damper eye pin pin.007
Fra:1 Mem:552.64M (Peak 552.64M) | Time:00:00.92 | Mem:0.00M, Peak:0.00M | Scene, ViewLayer | Synchronizing object | Secondary damper eye pin retaining washer.014
Fra:1 Mem:552.64M (Peak 552.64M) | Time:00:00.92 | Mem:0.00M, Peak:0.00M | Scene, ViewLayer | Synchronizing object | Secondary damper eye pin retaining hex head.014
Fra:1 Mem:552.65M (Peak 552.65M) | Time:00:00.92 | Mem:0.00M, Peak:0.00M | Scene, ViewLayer | Synchronizing object | Secondary damper eye pin retaining washer.015
Fra:1 Mem:552.66M (Peak 552.66M) | Time:00:00.92 | Mem:0.00M, Peak:0.00M | Scene, ViewLayer | Synchronizing object | Secondary damper eye pin retaining hex head.015
Fra:1 Mem:552.66M (Peak 552.66M) | Time:00:00.92 | Mem:0.00M, Peak:0.00M | Scene, ViewLayer | Synchronizing object | Damper attachment lug.007
Fra:1 Mem:552.66M (Peak 552.66M) | Time:00:00.92 | Mem:0.00M, Peak:0.00M | Scene, ViewLayer | Synchronizing object | Side bearer lubricating oil bath.003
Fra:1 Mem:552.67M (Peak 552.67M) | Time:00:00.92 | Mem:0.00M, Peak:0.00M | Scene, ViewLayer | Synchronizing object | Side bearer bronze wearing piece.003
Fra:1 Mem:552.69M (Peak 552.69M) | Time:00:00.92 | Mem:0.00M, Peak:0.00M | Scene, ViewLayer | Synchronizing object | Side bearer dust excluding cover.003
Fra:1 Mem:552.69M (Peak 552.69M) | Time:00:00.92 | Mem:0.00M, Peak:0.00M | Scene, ViewLayer | Synchronizing object | Body bolster side-bearer attachment.003
Fra:1 Mem:552.69M (Peak 552.69M) | Time:00:00.92 | Mem:0.00M, Peak:0.00M | Scene, ViewLayer | Synchronizing object | Side bearer oil filler pipe.003
Fra:1 Mem:552.71M (Peak 552.71M) | Time:00:00.92 | Mem:0.00M, Peak:0.00M | Scene, ViewLayer | Synchronizing object | Side bearer oil filler cap.003
Fra:1 Mem:552.71M (Peak 552.71M) | Time:00:00.92 | Mem:0.00M, Peak:0.00M | Scene, ViewLayer | Synchronizing object | Anchor link silent block outer housing.006
Fra:1 Mem:552.71M (Peak 552.71M) | Time:00:00.92 | Mem:0.00M, Peak:0.00M | Scene, ViewLayer | Synchronizing object | Anchor link rubber bush.006
Fra:1 Mem:552.73M (Peak 552.73M) | Time:00:00.92 | Mem:0.00M, Peak:0.00M | Scene, ViewLayer | Synchronizing object | Anchor link pin pin.006
Fra:1 Mem:552.73M (Peak 552.73M) | Time:00:00.92 | Mem:0.00M, Peak:0.00M | Scene, ViewLayer | Synchronizing object | Anchor link pin retaining washer.012
Fra:1 Mem:552.73M (Peak 552.73M) | Time:00:00.92 | Mem:0.00M, Peak:0.00M | Scene, ViewLayer | Synchronizing object | Anchor link pin retaining hex head.012
Fra:1 Mem:552.74M (Peak 552.74M) | Time:00:00.92 | Mem:0.00M, Peak:0.00M | Scene, ViewLayer | Synchronizing object | Anchor link pin retaining washer.013
Fra:1 Mem:552.75M (Peak 552.75M) | Time:00:00.92 | Mem:0.00M, Peak:0.00M | Scene, ViewLayer | Synchronizing object | Anchor link pin retaining hex head.013
Fra:1 Mem:552.75M (Peak 552.75M) | Time:00:00.92 | Mem:0.00M, Peak:0.00M | Scene, ViewLayer | Synchronizing object | Anchor link rubber bush.007
Fra:1 Mem:552.76M (Peak 552.76M) | Time:00:00.92 | Mem:0.00M, Peak:0.00M | Scene, ViewLayer | Synchronizing object | Anchor link pin pin.007
Fra:1 Mem:552.77M (Peak 552.77M) | Time:00:00.92 | Mem:0.00M, Peak:0.00M | Scene, ViewLayer | Synchronizing object | Anchor link pin retaining washer.014
Fra:1 Mem:552.77M (Peak 552.77M) | Time:00:00.92 | Mem:0.00M, Peak:0.00M | Scene, ViewLayer | Synchronizing object | Anchor link pin retaining hex head.014
Fra:1 Mem:552.77M (Peak 552.77M) | Time:00:00.92 | Mem:0.00M, Peak:0.00M | Scene, ViewLayer | Synchronizing object | STUDIO fastening clip.195
Fra:1 Mem:552.78M (Peak 552.78M) | Time:00:00.92 | Mem:0.00M, Peak:0.00M | Scene, ViewLayer | Synchronizing object | Anchor link pin retaining hex head.015
Fra:1 Mem:552.78M (Peak 552.78M) | Time:00:00.92 | Mem:0.00M, Peak:0.00M | Scene, ViewLayer | Synchronizing object | Equalising stay rod.003
Fra:1 Mem:552.78M (Peak 552.78M) | Time:00:00.92 | Mem:0.00M, Peak:0.00M | Scene, ViewLayer | Synchronizing object | STUDIO fastening clip.194
Fra:1 Mem:552.79M (Peak 552.79M) | Time:00:00.92 | Mem:0.00M, Peak:0.00M | Scene, ViewLayer | Synchronizing object | STUDIO rail pad.097
Fra:1 Mem:552.79M (Peak 552.79M) | Time:00:00.92 | Mem:0.00M, Peak:0.00M | Scene, ViewLayer | Synchronizing object | Equalising stay pin eye.006
Fra:1 Mem:552.80M (Peak 552.80M) | Time:00:00.92 | Mem:0.00M, Peak:0.00M | Scene, ViewLayer | Synchronizing object | STUDIO fastening clip.193
Fra:1 Mem:552.80M (Peak 552.80M) | Time:00:00.92 | Mem:0.00M, Peak:0.00M | Scene, ViewLayer | Synchronizing object | Equalising stay pin pin.006
Fra:1 Mem:552.80M (Peak 552.80M) | Time:00:00.92 | Mem:0.00M, Peak:0.00M | Scene, ViewLayer | Synchronizing object | STUDIO fastening clip.192
Fra:1 Mem:552.81M (Peak 552.81M) | Time:00:00.92 | Mem:0.00M, Peak:0.00M | Scene, ViewLayer | Synchronizing object | Equalising stay pin retaining hex head.012
Fra:1 Mem:552.81M (Peak 552.81M) | Time:00:00.92 | Mem:0.00M, Peak:0.00M | Scene, ViewLayer | Synchronizing object | Equalising stay pin retaining washer.013
Fra:1 Mem:552.82M (Peak 552.82M) | Time:00:00.92 | Mem:0.00M, Peak:0.00M | Scene, ViewLayer | Synchronizing object | STUDIO rail pad.096
Fra:1 Mem:552.83M (Peak 552.83M) | Time:00:00.92 | Mem:0.00M, Peak:0.00M | Scene, ViewLayer | Synchronizing object | Equalising stay pin retaining hex head.013
Fra:1 Mem:552.82M (Peak 552.83M) | Time:00:00.92 | Mem:0.00M, Peak:0.00M | Scene, ViewLayer | Synchronizing object | STUDIO sleeper.048
Fra:1 Mem:552.83M (Peak 552.83M) | Time:00:00.92 | Mem:0.00M, Peak:0.00M | Scene, ViewLayer | Synchronizing object | Equalising stay pin eye.007
Fra:1 Mem:552.83M (Peak 552.83M) | Time:00:00.92 | Mem:0.00M, Peak:0.00M | Scene, ViewLayer | Synchronizing object | STUDIO fastening clip.191
Fra:1 Mem:552.83M (Peak 552.83M) | Time:00:00.92 | Mem:0.00M, Peak:0.00M | Scene, ViewLayer | Synchronizing object | Equalising stay pin retaining washer.014
Fra:1 Mem:552.84M (Peak 552.84M) | Time:00:00.92 | Mem:0.00M, Peak:0.00M | Scene, ViewLayer | Synchronizing object | STUDIO fastening clip.190
Fra:1 Mem:552.84M (Peak 552.84M) | Time:00:00.92 | Mem:0.00M, Peak:0.00M | Scene, ViewLayer | Synchronizing object | STUDIO rail pad.095
Fra:1 Mem:552.85M (Peak 552.85M) | Time:00:00.92 | Mem:0.00M, Peak:0.00M | Scene, ViewLayer | Synchronizing object | Equalising stay pin retaining washer.015
Fra:1 Mem:552.85M (Peak 552.85M) | Time:00:00.92 | Mem:0.00M, Peak:0.00M | Scene, ViewLayer | Synchronizing object | STUDIO fastening clip.189
Fra:1 Mem:552.85M (Peak 552.85M) | Time:00:00.92 | Mem:0.00M, Peak:0.00M | Scene, ViewLayer | Synchronizing object | STUDIO fastening clip.188
Fra:1 Mem:552.86M (Peak 552.86M) | Time:00:00.92 | Mem:0.00M, Peak:0.00M | Scene, ViewLayer | Synchronizing object | STUDIO rail pad.094
Fra:1 Mem:552.86M (Peak 552.86M) | Time:00:00.92 | Mem:0.00M, Peak:0.00M | Scene, ViewLayer | Synchronizing object | Lower spring cradle transverse channel.002
Fra:1 Mem:552.86M (Peak 552.86M) | Time:00:00.92 | Mem:0.00M, Peak:0.00M | Scene, ViewLayer | Synchronizing object | Spring cradle transverse stiffener.006
Fra:1 Mem:552.86M (Peak 552.86M) | Time:00:00.92 | Mem:0.00M, Peak:0.00M | Scene, ViewLayer | Synchronizing object | Spring cradle transverse stiffener.007
Fra:1 Mem:552.87M (Peak 552.87M) | Time:00:00.92 | Mem:0.00M, Peak:0.00M | Scene, ViewLayer | Synchronizing object | STUDIO fastening clip.187
Fra:1 Mem:552.87M (Peak 552.87M) | Time:00:00.92 | Mem:0.00M, Peak:0.00M | Scene, ViewLayer | Synchronizing object | STUDIO fastening clip.186
Fra:1 Mem:552.88M (Peak 552.88M) | Time:00:00.92 | Mem:0.00M, Peak:0.00M | Scene, ViewLayer | Synchronizing object | Spring cradle transverse stiffener.008
Fra:1 Mem:552.88M (Peak 552.88M) | Time:00:00.92 | Mem:0.00M, Peak:0.00M | Scene, ViewLayer | Synchronizing object | STUDIO rail pad.093
Fra:1 Mem:552.89M (Peak 552.89M) | Time:00:00.92 | Mem:0.00M, Peak:0.00M | Scene, ViewLayer | Synchronizing object | STUDIO fastening clip.185
Fra:1 Mem:552.90M (Peak 552.90M) | Time:00:00.92 | Mem:0.00M, Peak:0.00M | Scene, ViewLayer | Synchronizing object | STUDIO fastening clip.184
Fra:1 Mem:552.90M (Peak 552.90M) | Time:00:00.92 | Mem:0.00M, Peak:0.00M | Scene, ViewLayer | Synchronizing object | Lower spring cradle transverse channel.003
Fra:1 Mem:552.90M (Peak 552.90M) | Time:00:00.92 | Mem:0.00M, Peak:0.00M | Scene, ViewLayer | Synchronizing object | STUDIO rail pad.092
Fra:1 Mem:552.91M (Peak 552.91M) | Time:00:00.92 | Mem:0.00M, Peak:0.00M | Scene, ViewLayer | Synchronizing object | Spring cradle transverse stiffener.009
Fra:1 Mem:552.92M (Peak 552.92M) | Time:00:00.92 | Mem:0.00M, Peak:0.00M | Scene, ViewLayer | Synchronizing object | Spring cradle transverse stiffener.011
Fra:1 Mem:552.92M (Peak 552.92M) | Time:00:00.92 | Mem:0.00M, Peak:0.00M | Scene, ViewLayer | Synchronizing object | STUDIO sleeper.046
Fra:1 Mem:552.93M (Peak 552.93M) | Time:00:00.92 | Mem:0.00M, Peak:0.00M | Scene, ViewLayer | Synchronizing object | Centre pivot silent block housing.001
Fra:1 Mem:552.93M (Peak 552.93M) | Time:00:00.92 | Mem:0.00M, Peak:0.00M | Scene, ViewLayer | Synchronizing object | Centre pivot rubber silent block.001
Fra:1 Mem:552.93M (Peak 552.93M) | Time:00:00.92 | Mem:0.00M, Peak:0.00M | Scene, ViewLayer | Synchronizing object | STUDIO fastening clip.183
Fra:1 Mem:552.95M (Peak 552.95M) | Time:00:00.92 | Mem:0.00M, Peak:0.00M | Scene, ViewLayer | Synchronizing object | Centre pivot tractive force pin.001
Fra:1 Mem:552.96M (Peak 552.96M) | Time:00:00.92 | Mem:0.00M, Peak:0.00M | Scene, ViewLayer | Synchronizing object | Centre pivot retaining plate.001
Fra:1 Mem:552.96M (Peak 552.96M) | Time:00:00.92 | Mem:0.00M, Peak:0.00M | Scene, ViewLayer | Synchronizing object | Centre pivot retaining screw hex head.004
Fra:1 Mem:552.96M (Peak 552.96M) | Time:00:00.92 | Mem:0.00M, Peak:0.00M | Scene, ViewLayer | Synchronizing object | Centre pivot retaining screw hex head.005
Fra:1 Mem:552.98M (Peak 552.98M) | Time:00:00.92 | Mem:0.00M, Peak:0.00M | Scene, ViewLayer | Synchronizing object | Centre pivot retaining screw hex head.006
Fra:1 Mem:552.98M (Peak 552.98M) | Time:00:00.92 | Mem:0.00M, Peak:0.00M | Scene, ViewLayer | Synchronizing object | Centre pivot retaining screw hex head.007
Fra:1 Mem:552.98M (Peak 552.98M) | Time:00:00.92 | Mem:0.00M, Peak:0.00M | Scene, ViewLayer | Synchronizing object | Turned stepped solid ICF axle.002
Fra:1 Mem:552.98M (Peak 552.98M) | Time:00:00.92 | Mem:0.00M, Peak:0.00M | Scene, ViewLayer | Synchronizing object | ICF monobloc 915mm dished wheel.004
Fra:1 Mem:552.99M (Peak 552.99M) | Time:00:00.92 | Mem:0.00M, Peak:0.00M | Scene, ViewLayer | Synchronizing object | Wheel hub machining line.004
Fra:1 Mem:553.10M (Peak 553.10M) | Time:00:00.92 | Mem:0.00M, Peak:0.00M | Scene, ViewLayer | Synchronizing object | STUDIO rail pad.091
Fra:1 Mem:553.13M (Peak 553.13M) | Time:00:00.92 | Mem:0.00M, Peak:0.00M | Scene, ViewLayer | Synchronizing object | STUDIO fastening clip.181
Fra:1 Mem:553.14M (Peak 553.14M) | Time:00:00.92 | Mem:0.00M, Peak:0.00M | Scene, ViewLayer | Synchronizing object | STUDIO fastening clip.180
Fra:1 Mem:553.15M (Peak 553.15M) | Time:00:00.92 | Mem:0.00M, Peak:0.00M | Scene, ViewLayer | Synchronizing object | STUDIO rail pad.090
Fra:1 Mem:553.16M (Peak 553.16M) | Time:00:00.92 | Mem:0.00M, Peak:0.00M | Scene, ViewLayer | Synchronizing object | STUDIO sleeper.045
Fra:1 Mem:553.29M (Peak 553.29M) | Time:00:00.92 | Mem:0.00M, Peak:0.00M | Scene, ViewLayer | Synchronizing object | STUDIO fastening clip.179
Fra:1 Mem:553.30M (Peak 553.30M) | Time:00:00.92 | Mem:0.00M, Peak:0.00M | Scene, ViewLayer | Synchronizing object | STUDIO fastening clip.178
Fra:1 Mem:553.30M (Peak 553.30M) | Time:00:00.92 | Mem:0.00M, Peak:0.00M | Scene, ViewLayer | Synchronizing object | STUDIO rail pad.089
Fra:1 Mem:553.34M (Peak 553.34M) | Time:00:00.92 | Mem:0.00M, Peak:0.00M | Scene, ViewLayer | Synchronizing object | STUDIO fastening clip.177
Fra:1 Mem:553.35M (Peak 553.35M) | Time:00:00.92 | Mem:0.00M, Peak:0.00M | Scene, ViewLayer | Synchronizing object | STUDIO fastening clip.176
Fra:1 Mem:553.36M (Peak 553.36M) | Time:00:00.92 | Mem:0.00M, Peak:0.00M | Scene, ViewLayer | Synchronizing object | STUDIO rail pad.088
Fra:1 Mem:553.38M (Peak 553.38M) | Time:00:00.92 | Mem:0.00M, Peak:0.00M | Scene, ViewLayer | Synchronizing object | STUDIO sleeper.044
Fra:1 Mem:553.40M (Peak 553.40M) | Time:00:00.92 | Mem:0.00M, Peak:0.00M | Scene, ViewLayer | Synchronizing object | Wheel rim witness line.004
Fra:1 Mem:553.42M (Peak 553.42M) | Time:00:00.92 | Mem:0.00M, Peak:0.00M | Scene, ViewLayer | Synchronizing object | STUDIO fastening clip.175
Fra:1 Mem:553.44M (Peak 553.44M) | Time:00:00.92 | Mem:0.00M, Peak:0.00M | Scene, ViewLayer | Synchronizing object | STUDIO fastening clip.174
Fra:1 Mem:553.45M (Peak 553.45M) | Time:00:00.92 | Mem:0.00M, Peak:0.00M | Scene, ViewLayer | Synchronizing object | STUDIO rail pad.087
Fra:1 Mem:553.46M (Peak 553.46M) | Time:00:00.92 | Mem:0.00M, Peak:0.00M | Scene, ViewLayer | Synchronizing object | STUDIO fastening clip.173
Fra:1 Mem:553.46M (Peak 553.46M) | Time:00:00.92 | Mem:0.00M, Peak:0.00M | Scene, ViewLayer | Synchronizing object | STUDIO fastening clip.172
Fra:1 Mem:553.47M (Peak 553.47M) | Time:00:00.92 | Mem:0.00M, Peak:0.00M | Scene, ViewLayer | Synchronizing object | STUDIO rail pad.086
Fra:1 Mem:553.47M (Peak 553.47M) | Time:00:00.92 | Mem:0.00M, Peak:0.00M | Scene, ViewLayer | Synchronizing object | STUDIO sleeper.043
Fra:1 Mem:553.48M (Peak 553.48M) | Time:00:00.92 | Mem:0.00M, Peak:0.00M | Scene, ViewLayer | Synchronizing object | Wing-type axlebox casting.004
Fra:1 Mem:553.49M (Peak 553.49M) | Time:00:00.92 | Mem:0.00M, Peak:0.00M | Scene, ViewLayer | Synchronizing object | STUDIO fastening clip.171
Fra:1 Mem:553.51M (Peak 553.51M) | Time:00:00.92 | Mem:0.00M, Peak:0.00M | Scene, ViewLayer | Synchronizing object | STUDIO fastening clip.170
Fra:1 Mem:553.49M (Peak 553.51M) | Time:00:00.92 | Mem:0.00M, Peak:0.00M | Scene, ViewLayer | Synchronizing object | STUDIO rail pad.085
Fra:1 Mem:553.49M (Peak 553.51M) | Time:00:00.92 | Mem:0.00M, Peak:0.00M | Scene, ViewLayer | Synchronizing object | Axlebox spherical bearing housing.004
Fra:1 Mem:553.55M (Peak 553.55M) | Time:00:00.92 | Mem:0.00M, Peak:0.00M | Scene, ViewLayer | Synchronizing object | STUDIO fastening clip.169
Fra:1 Mem:553.55M (Peak 553.55M) | Time:00:00.92 | Mem:0.00M, Peak:0.00M | Scene, ViewLayer | Synchronizing object | STUDIO fastening clip.168
Fra:1 Mem:553.57M (Peak 553.57M) | Time:00:00.92 | Mem:0.00M, Peak:0.00M | Scene, ViewLayer | Synchronizing object | STUDIO rail pad.084
Fra:1 Mem:553.58M (Peak 553.58M) | Time:00:00.92 | Mem:0.00M, Peak:0.00M | Scene, ViewLayer | Synchronizing object | STUDIO sleeper.042
Fra:1 Mem:553.58M (Peak 553.58M) | Time:00:00.92 | Mem:0.00M, Peak:0.00M | Scene, ViewLayer | Synchronizing object | STUDIO fastening clip.167
Fra:1 Mem:553.58M (Peak 553.58M) | Time:00:00.92 | Mem:0.00M, Peak:0.00M | Scene, ViewLayer | Synchronizing object | STUDIO fastening clip.166
Fra:1 Mem:553.58M (Peak 553.58M) | Time:00:00.92 | Mem:0.00M, Peak:0.00M | Scene, ViewLayer | Synchronizing object | Axlebox bolted front cover.004
Fra:1 Mem:553.58M (Peak 553.58M) | Time:00:00.92 | Mem:0.00M, Peak:0.00M | Scene, ViewLayer | Synchronizing object | STUDIO rail pad.083
Fra:1 Mem:553.61M (Peak 553.61M) | Time:00:00.92 | Mem:0.00M, Peak:0.00M | Scene, ViewLayer | Synchronizing object | STUDIO fastening clip.165
Fra:1 Mem:553.62M (Peak 553.62M) | Time:00:00.92 | Mem:0.00M, Peak:0.00M | Scene, ViewLayer | Synchronizing object | STUDIO fastening clip.164
Fra:1 Mem:553.62M (Peak 553.62M) | Time:00:00.92 | Mem:0.00M, Peak:0.00M | Scene, ViewLayer | Synchronizing object | STUDIO rail pad.082
Fra:1 Mem:553.63M (Peak 553.63M) | Time:00:00.92 | Mem:0.00M, Peak:0.00M | Scene, ViewLayer | Synchronizing object | Axlebox centre inspection emboss.004
Fra:1 Mem:553.63M (Peak 553.63M) | Time:00:00.92 | Mem:0.00M, Peak:0.00M | Scene, ViewLayer | Synchronizing object | STUDIO sleeper.041
Fra:1 Mem:553.63M (Peak 553.63M) | Time:00:00.92 | Mem:0.00M, Peak:0.00M | Scene, ViewLayer | Synchronizing object | STUDIO fastening clip.163
Fra:1 Mem:553.64M (Peak 553.64M) | Time:00:00.92 | Mem:0.00M, Peak:0.00M | Scene, ViewLayer | Synchronizing object | STUDIO fastening clip.162
Fra:1 Mem:553.64M (Peak 553.64M) | Time:00:00.92 | Mem:0.00M, Peak:0.00M | Scene, ViewLayer | Synchronizing object | STUDIO rail pad.081
Fra:1 Mem:553.64M (Peak 553.64M) | Time:00:00.92 | Mem:0.00M, Peak:0.00M | Scene, ViewLayer | Synchronizing object | Axlebox cover M20 hex head.024
Fra:1 Mem:553.64M (Peak 553.64M) | Time:00:00.92 | Mem:0.00M, Peak:0.00M | Scene, ViewLayer | Synchronizing object | STUDIO fastening clip.161
Fra:1 Mem:553.64M (Peak 553.64M) | Time:00:00.92 | Mem:0.00M, Peak:0.00M | Scene, ViewLayer | Synchronizing object | STUDIO fastening clip.160
Fra:1 Mem:553.64M (Peak 553.64M) | Time:00:00.92 | Mem:0.00M, Peak:0.00M | Scene, ViewLayer | Synchronizing object | Axlebox cover M20 hex head.025
Fra:1 Mem:553.64M (Peak 553.64M) | Time:00:00.92 | Mem:0.00M, Peak:0.00M | Scene, ViewLayer | Synchronizing object | STUDIO rail pad.080
Fra:1 Mem:553.65M (Peak 553.65M) | Time:00:00.92 | Mem:0.00M, Peak:0.00M | Scene, ViewLayer | Synchronizing object | STUDIO sleeper.040
Fra:1 Mem:553.65M (Peak 553.65M) | Time:00:00.92 | Mem:0.00M, Peak:0.00M | Scene, ViewLayer | Synchronizing object | Axlebox cover M20 hex head.026
Fra:1 Mem:553.65M (Peak 553.65M) | Time:00:00.92 | Mem:0.00M, Peak:0.00M | Scene, ViewLayer | Synchronizing object | STUDIO fastening clip.159
Fra:1 Mem:553.65M (Peak 553.65M) | Time:00:00.92 | Mem:0.00M, Peak:0.00M | Scene, ViewLayer | Synchronizing object | STUDIO fastening clip.158
Fra:1 Mem:553.65M (Peak 553.65M) | Time:00:00.92 | Mem:0.00M, Peak:0.00M | Scene, ViewLayer | Synchronizing object | STUDIO rail pad.079
Fra:1 Mem:553.65M (Peak 553.65M) | Time:00:00.92 | Mem:0.00M, Peak:0.00M | Scene, ViewLayer | Synchronizing object | Axlebox cover M20 hex head.027
Fra:1 Mem:553.65M (Peak 553.65M) | Time:00:00.92 | Mem:0.00M, Peak:0.00M | Scene, ViewLayer | Synchronizing object | Axlebox cover M20 hex head.028
Fra:1 Mem:553.70M (Peak 553.70M) | Time:00:00.92 | Mem:0.00M, Peak:0.00M | Scene, ViewLayer | Synchronizing object | Axlebox cover M20 hex head.029
Fra:1 Mem:553.70M (Peak 553.70M) | Time:00:00.92 | Mem:0.00M, Peak:0.00M | Scene, ViewLayer | Synchronizing object | STUDIO fastening clip.156
Fra:1 Mem:553.70M (Peak 553.70M) | Time:00:00.92 | Mem:0.00M, Peak:0.00M | Scene, ViewLayer | Synchronizing object | Axlebox crown bump rubber.004
Fra:1 Mem:553.70M (Peak 553.70M) | Time:00:00.92 | Mem:0.00M, Peak:0.00M | Scene, ViewLayer | Synchronizing object | STUDIO rail pad.078
Fra:1 Mem:553.73M (Peak 553.73M) | Time:00:00.92 | Mem:0.00M, Peak:0.00M | Scene, ViewLayer | Synchronizing object | STUDIO sleeper.039
Fra:1 Mem:553.78M (Peak 553.78M) | Time:00:00.92 | Mem:0.00M, Peak:0.00M | Scene, ViewLayer | Synchronizing object | STUDIO fastening clip.155
Fra:1 Mem:553.78M (Peak 553.78M) | Time:00:00.92 | Mem:0.00M, Peak:0.00M | Scene, ViewLayer | Synchronizing object | STUDIO fastening clip.154
Fra:1 Mem:553.78M (Peak 553.78M) | Time:00:00.92 | Mem:0.00M, Peak:0.00M | Scene, ViewLayer | Synchronizing object | Primary lower spring seat cup.008
Fra:1 Mem:553.74M (Peak 553.78M) | Time:00:00.92 | Mem:0.00M, Peak:0.00M | Scene, ViewLayer | Synchronizing object | Primary isolation rubber pad.008
Fra:1 Mem:553.76M (Peak 553.78M) | Time:00:00.92 | Mem:0.00M, Peak:0.00M | Scene, ViewLayer | Synchronizing object | Primary dashpot oil cylinder.008
Fra:1 Mem:553.76M (Peak 553.78M) | Time:00:00.92 | Mem:0.00M, Peak:0.00M | Scene, ViewLayer | Synchronizing object | STUDIO rail pad.077
Fra:1 Mem:553.77M (Peak 553.78M) | Time:00:00.92 | Mem:0.00M, Peak:0.00M | Scene, ViewLayer | Synchronizing object | Telescopic axle guide piston sleeve.008
Fra:1 Mem:553.77M (Peak 553.78M) | Time:00:00.92 | Mem:0.00M, Peak:0.00M | Scene, ViewLayer | Synchronizing object | STUDIO fastening clip.153
Fra:1 Mem:553.78M (Peak 553.78M) | Time:00:00.92 | Mem:0.00M, Peak:0.00M | Scene, ViewLayer | Synchronizing object | Dashpot sealing lip.008
Fra:1 Mem:553.78M (Peak 553.78M) | Time:00:00.92 | Mem:0.00M, Peak:0.00M | Scene, ViewLayer | Synchronizing object | Primary upper spring seat.008
Fra:1 Mem:553.79M (Peak 553.79M) | Time:00:00.92 | Mem:0.00M, Peak:0.00M | Scene, ViewLayer | Synchronizing object | Primary 33.5mm helical spring.008
Fra:1 Mem:553.85M (Peak 553.85M) | Time:00:00.92 | Mem:0.00M, Peak:0.00M | Scene, ViewLayer | Synchronizing object | STUDIO rail pad.076
Fra:1 Mem:553.86M (Peak 553.86M) | Time:00:00.92 | Mem:0.00M, Peak:0.00M | Scene, ViewLayer | Synchronizing object | STUDIO sleeper.038
Fra:1 Mem:553.88M (Peak 553.88M) | Time:00:00.92 | Mem:0.00M, Peak:0.00M | Scene, ViewLayer | Synchronizing object | STUDIO fastening clip.151
Fra:1 Mem:553.88M (Peak 553.88M) | Time:00:00.92 | Mem:0.00M, Peak:0.00M | Scene, ViewLayer | Synchronizing object | Primary 33.5mm helical spring group mark.112
Fra:1 Mem:553.92M (Peak 553.92M) | Time:00:00.92 | Mem:0.00M, Peak:0.00M | Scene, ViewLayer | Synchronizing object | STUDIO fastening clip.150
Fra:1 Mem:553.92M (Peak 553.92M) | Time:00:00.92 | Mem:0.00M, Peak:0.00M | Scene, ViewLayer | Synchronizing object | STUDIO rail pad.075
Fra:1 Mem:553.94M (Peak 553.94M) | Time:00:00.92 | Mem:0.00M, Peak:0.00M | Scene, ViewLayer | Synchronizing object | STUDIO fastening clip.149
Fra:1 Mem:553.94M (Peak 553.94M) | Time:00:00.92 | Mem:0.00M, Peak:0.00M | Scene, ViewLayer | Synchronizing object | Primary 33.5mm helical spring group mark.113
Fra:1 Mem:553.94M (Peak 553.94M) | Time:00:00.92 | Mem:0.00M, Peak:0.00M | Scene, ViewLayer | Synchronizing object | Primary 33.5mm helical spring group mark.114
Fra:1 Mem:553.96M (Peak 553.96M) | Time:00:00.92 | Mem:0.00M, Peak:0.00M | Scene, ViewLayer | Synchronizing object | STUDIO fastening clip.148
Fra:1 Mem:553.97M (Peak 553.97M) | Time:00:00.92 | Mem:0.00M, Peak:0.00M | Scene, ViewLayer | Synchronizing object | Primary 33.5mm helical spring group mark.115
Fra:1 Mem:553.97M (Peak 553.97M) | Time:00:00.92 | Mem:0.00M, Peak:0.00M | Scene, ViewLayer | Synchronizing object | Primary 33.5mm helical spring group mark.116
Fra:1 Mem:553.99M (Peak 553.99M) | Time:00:00.92 | Mem:0.00M, Peak:0.00M | Scene, ViewLayer | Synchronizing object | STUDIO sleeper.037
Fra:1 Mem:553.99M (Peak 553.99M) | Time:00:00.92 | Mem:0.00M, Peak:0.00M | Scene, ViewLayer | Synchronizing object | STUDIO fastening clip.147
Fra:1 Mem:553.99M (Peak 553.99M) | Time:00:00.92 | Mem:0.00M, Peak:0.00M | Scene, ViewLayer | Synchronizing object | Primary 33.5mm helical spring group mark.117
Fra:1 Mem:554.03M (Peak 554.03M) | Time:00:00.92 | Mem:0.00M, Peak:0.00M | Scene, ViewLayer | Synchronizing object | STUDIO fastening clip.146
Fra:1 Mem:554.03M (Peak 554.03M) | Time:00:00.92 | Mem:0.00M, Peak:0.00M | Scene, ViewLayer | Synchronizing object | Primary 33.5mm helical spring group mark.119
Fra:1 Mem:554.03M (Peak 554.03M) | Time:00:00.92 | Mem:0.00M, Peak:0.00M | Scene, ViewLayer | Synchronizing object | STUDIO rail pad.073
Fra:1 Mem:554.04M (Peak 554.04M) | Time:00:00.92 | Mem:0.00M, Peak:0.00M | Scene, ViewLayer | Synchronizing object | Primary 33.5mm helical spring group mark.120
Fra:1 Mem:554.04M (Peak 554.04M) | Time:00:00.92 | Mem:0.00M, Peak:0.00M | Scene, ViewLayer | Synchronizing object | STUDIO fastening clip.145
Fra:1 Mem:554.03M (Peak 554.04M) | Time:00:00.92 | Mem:0.00M, Peak:0.00M | Scene, ViewLayer | Synchronizing object | STUDIO fastening clip.144
Fra:1 Mem:554.05M (Peak 554.05M) | Time:00:00.92 | Mem:0.00M, Peak:0.00M | Scene, ViewLayer | Synchronizing object | Primary 33.5mm helical spring group mark.122
Fra:1 Mem:554.05M (Peak 554.05M) | Time:00:00.92 | Mem:0.00M, Peak:0.00M | Scene, ViewLayer | Synchronizing object | STUDIO rail pad.072
Fra:1 Mem:554.06M (Peak 554.06M) | Time:00:00.92 | Mem:0.00M, Peak:0.00M | Scene, ViewLayer | Synchronizing object | STUDIO sleeper.036
Fra:1 Mem:554.06M (Peak 554.06M) | Time:00:00.92 | Mem:0.00M, Peak:0.00M | Scene, ViewLayer | Synchronizing object | STUDIO fastening clip.143
Fra:1 Mem:554.06M (Peak 554.06M) | Time:00:00.92 | Mem:0.00M, Peak:0.00M | Scene, ViewLayer | Synchronizing object | Primary 33.5mm helical spring group mark.123
Fra:1 Mem:554.06M (Peak 554.06M) | Time:00:00.92 | Mem:0.00M, Peak:0.00M | Scene, ViewLayer | Synchronizing object | STUDIO fastening clip.142
Fra:1 Mem:554.07M (Peak 554.07M) | Time:00:00.92 | Mem:0.00M, Peak:0.00M | Scene, ViewLayer | Synchronizing object | STUDIO rail pad.071
Fra:1 Mem:554.07M (Peak 554.07M) | Time:00:00.92 | Mem:0.00M, Peak:0.00M | Scene, ViewLayer | Synchronizing object | STUDIO fastening clip.141
Fra:1 Mem:554.07M (Peak 554.07M) | Time:00:00.92 | Mem:0.00M, Peak:0.00M | Scene, ViewLayer | Synchronizing object | Primary 33.5mm helical spring group mark.124
Fra:1 Mem:554.07M (Peak 554.07M) | Time:00:00.92 | Mem:0.00M, Peak:0.00M | Scene, ViewLayer | Synchronizing object | STUDIO fastening clip.140
Fra:1 Mem:554.07M (Peak 554.07M) | Time:00:00.92 | Mem:0.00M, Peak:0.00M | Scene, ViewLayer | Synchronizing object | STUDIO rail pad.070
Fra:1 Mem:554.07M (Peak 554.07M) | Time:00:00.92 | Mem:0.00M, Peak:0.00M | Scene, ViewLayer | Synchronizing object | STUDIO sleeper.035
Fra:1 Mem:554.08M (Peak 554.08M) | Time:00:00.92 | Mem:0.00M, Peak:0.00M | Scene, ViewLayer | Synchronizing object | Primary 33.5mm helical spring group mark.125
Fra:1 Mem:554.08M (Peak 554.08M) | Time:00:00.92 | Mem:0.00M, Peak:0.00M | Scene, ViewLayer | Synchronizing object | STUDIO fastening clip.139
Fra:1 Mem:554.08M (Peak 554.08M) | Time:00:00.92 | Mem:0.00M, Peak:0.00M | Scene, ViewLayer | Synchronizing object | STUDIO fastening clip.138
Fra:1 Mem:554.08M (Peak 554.08M) | Time:00:00.92 | Mem:0.00M, Peak:0.00M | Scene, ViewLayer | Synchronizing object | Dashpot oil filling vent screw hex head.008
Fra:1 Mem:554.08M (Peak 554.08M) | Time:00:00.92 | Mem:0.00M, Peak:0.00M | Scene, ViewLayer | Synchronizing object | STUDIO rail pad.069
Fra:1 Mem:554.08M (Peak 554.08M) | Time:00:00.92 | Mem:0.00M, Peak:0.00M | Scene, ViewLayer | Synchronizing object | STUDIO fastening clip.137
Fra:1 Mem:554.09M (Peak 554.09M) | Time:00:00.92 | Mem:0.00M, Peak:0.00M | Scene, ViewLayer | Synchronizing object | Dashpot safety U bolt.008
Fra:1 Mem:554.11M (Peak 554.11M) | Time:00:00.92 | Mem:0.00M, Peak:0.00M | Scene, ViewLayer | Synchronizing object | STUDIO fastening clip.136
Fra:1 Mem:554.12M (Peak 554.12M) | Time:00:00.92 | Mem:0.00M, Peak:0.00M | Scene, ViewLayer | Synchronizing object | STUDIO rail pad.068
Fra:1 Mem:554.12M (Peak 554.12M) | Time:00:00.92 | Mem:0.00M, Peak:0.00M | Scene, ViewLayer | Synchronizing object | Primary isolation rubber pad.009
Fra:1 Mem:554.12M (Peak 554.12M) | Time:00:00.92 | Mem:0.00M, Peak:0.00M | Scene, ViewLayer | Synchronizing object | STUDIO sleeper.034
Fra:1 Mem:554.14M (Peak 554.14M) | Time:00:00.92 | Mem:0.00M, Peak:0.00M | Scene, ViewLayer | Synchronizing object | Primary dashpot oil cylinder.009
Fra:1 Mem:554.14M (Peak 554.14M) | Time:00:00.92 | Mem:0.00M, Peak:0.00M | Scene, ViewLayer | Synchronizing object | STUDIO fastening clip.135
Fra:1 Mem:554.17M (Peak 554.17M) | Time:00:00.92 | Mem:0.00M, Peak:0.00M | Scene, ViewLayer | Synchronizing object | STUDIO fastening clip.134
Fra:1 Mem:554.17M (Peak 554.17M) | Time:00:00.92 | Mem:0.00M, Peak:0.00M | Scene, ViewLayer | Synchronizing object | Telescopic axle guide piston sleeve.009
Fra:1 Mem:554.17M (Peak 554.17M) | Time:00:00.92 | Mem:0.00M, Peak:0.00M | Scene, ViewLayer | Synchronizing object | STUDIO rail pad.067
Fra:1 Mem:554.18M (Peak 554.18M) | Time:00:00.92 | Mem:0.00M, Peak:0.00M | Scene, ViewLayer | Synchronizing object | Dashpot sealing lip.009
Fra:1 Mem:554.18M (Peak 554.18M) | Time:00:00.92 | Mem:0.00M, Peak:0.00M | Scene, ViewLayer | Synchronizing object | STUDIO fastening clip.133
Fra:1 Mem:554.17M (Peak 554.18M) | Time:00:00.92 | Mem:0.00M, Peak:0.00M | Scene, ViewLayer | Synchronizing object | Primary upper spring seat.009
Fra:1 Mem:554.18M (Peak 554.18M) | Time:00:00.92 | Mem:0.00M, Peak:0.00M | Scene, ViewLayer | Synchronizing object | STUDIO fastening clip.132
Fra:1 Mem:554.19M (Peak 554.19M) | Time:00:00.92 | Mem:0.00M, Peak:0.00M | Scene, ViewLayer | Synchronizing object | STUDIO rail pad.066
Fra:1 Mem:554.20M (Peak 554.20M) | Time:00:00.92 | Mem:0.00M, Peak:0.00M | Scene, ViewLayer | Synchronizing object | STUDIO sleeper.033
Fra:1 Mem:554.21M (Peak 554.21M) | Time:00:00.92 | Mem:0.00M, Peak:0.00M | Scene, ViewLayer | Synchronizing object | STUDIO fastening clip.131
Fra:1 Mem:554.24M (Peak 554.24M) | Time:00:00.92 | Mem:0.00M, Peak:0.00M | Scene, ViewLayer | Synchronizing object | STUDIO fastening clip.130
Fra:1 Mem:554.24M (Peak 554.24M) | Time:00:00.92 | Mem:0.00M, Peak:0.00M | Scene, ViewLayer | Synchronizing object | STUDIO rail pad.065
Fra:1 Mem:554.26M (Peak 554.26M) | Time:00:00.92 | Mem:0.00M, Peak:0.00M | Scene, ViewLayer | Synchronizing object | STUDIO fastening clip.129
Fra:1 Mem:554.25M (Peak 554.26M) | Time:00:00.92 | Mem:0.00M, Peak:0.00M | Scene, ViewLayer | Synchronizing object | Primary 33.5mm helical spring group mark.126
Fra:1 Mem:554.27M (Peak 554.27M) | Time:00:00.92 | Mem:0.00M, Peak:0.00M | Scene, ViewLayer | Synchronizing object | Primary 33.5mm helical spring group mark.127
Fra:1 Mem:554.32M (Peak 554.32M) | Time:00:00.92 | Mem:0.00M, Peak:0.00M | Scene, ViewLayer | Synchronizing object | STUDIO rail pad.064
Fra:1 Mem:554.32M (Peak 554.32M) | Time:00:00.92 | Mem:0.00M, Peak:0.00M | Scene, ViewLayer | Synchronizing object | Primary 33.5mm helical spring group mark.128
Fra:1 Mem:554.32M (Peak 554.32M) | Time:00:00.92 | Mem:0.00M, Peak:0.00M | Scene, ViewLayer | Synchronizing object | STUDIO sleeper.032
Fra:1 Mem:554.32M (Peak 554.32M) | Time:00:00.92 | Mem:0.00M, Peak:0.00M | Scene, ViewLayer | Synchronizing object | STUDIO fastening clip.127
Fra:1 Mem:554.35M (Peak 554.35M) | Time:00:00.92 | Mem:0.00M, Peak:0.00M | Scene, ViewLayer | Synchronizing object | STUDIO fastening clip.126
Fra:1 Mem:554.35M (Peak 554.35M) | Time:00:00.92 | Mem:0.00M, Peak:0.00M | Scene, ViewLayer | Synchronizing object | Primary 33.5mm helical spring group mark.130
Fra:1 Mem:554.35M (Peak 554.35M) | Time:00:00.92 | Mem:0.00M, Peak:0.00M | Scene, ViewLayer | Synchronizing object | STUDIO rail pad.063
Fra:1 Mem:554.37M (Peak 554.37M) | Time:00:00.92 | Mem:0.00M, Peak:0.00M | Scene, ViewLayer | Synchronizing object | STUDIO fastening clip.125
Fra:1 Mem:554.37M (Peak 554.37M) | Time:00:00.92 | Mem:0.00M, Peak:0.00M | Scene, ViewLayer | Synchronizing object | Primary 33.5mm helical spring group mark.131
Fra:1 Mem:554.38M (Peak 554.38M) | Time:00:00.92 | Mem:0.00M, Peak:0.00M | Scene, ViewLayer | Synchronizing object | Primary 33.5mm helical spring group mark.132
Fra:1 Mem:554.41M (Peak 554.41M) | Time:00:00.92 | Mem:0.00M, Peak:0.00M | Scene, ViewLayer | Synchronizing object | Primary 33.5mm helical spring group mark.133
Fra:1 Mem:554.41M (Peak 554.41M) | Time:00:00.92 | Mem:0.00M, Peak:0.00M | Scene, ViewLayer | Synchronizing object | STUDIO rail pad.062
Fra:1 Mem:554.42M (Peak 554.42M) | Time:00:00.92 | Mem:0.00M, Peak:0.00M | Scene, ViewLayer | Synchronizing object | Primary 33.5mm helical spring group mark.134
Fra:1 Mem:554.43M (Peak 554.43M) | Time:00:00.92 | Mem:0.00M, Peak:0.00M | Scene, ViewLayer | Synchronizing object | Primary 33.5mm helical spring group mark.135
Fra:1 Mem:554.44M (Peak 554.44M) | Time:00:00.92 | Mem:0.00M, Peak:0.00M | Scene, ViewLayer | Synchronizing object | STUDIO fastening clip.123
Fra:1 Mem:554.44M (Peak 554.44M) | Time:00:00.92 | Mem:0.00M, Peak:0.00M | Scene, ViewLayer | Synchronizing object | Primary 33.5mm helical spring group mark.136
Fra:1 Mem:554.44M (Peak 554.44M) | Time:00:00.92 | Mem:0.00M, Peak:0.00M | Scene, ViewLayer | Synchronizing object | STUDIO fastening clip.122
Fra:1 Mem:554.44M (Peak 554.44M) | Time:00:00.92 | Mem:0.00M, Peak:0.00M | Scene, ViewLayer | Synchronizing object | STUDIO rail pad.061
Fra:1 Mem:554.44M (Peak 554.44M) | Time:00:00.92 | Mem:0.00M, Peak:0.00M | Scene, ViewLayer | Synchronizing object | Primary 33.5mm helical spring group mark.137
Fra:1 Mem:554.44M (Peak 554.44M) | Time:00:00.92 | Mem:0.00M, Peak:0.00M | Scene, ViewLayer | Synchronizing object | STUDIO fastening clip.121
Fra:1 Mem:554.45M (Peak 554.45M) | Time:00:00.92 | Mem:0.00M, Peak:0.00M | Scene, ViewLayer | Synchronizing object | STUDIO fastening clip.120
Fra:1 Mem:554.45M (Peak 554.45M) | Time:00:00.92 | Mem:0.00M, Peak:0.00M | Scene, ViewLayer | Synchronizing object | Primary 33.5mm helical spring group mark.138
Fra:1 Mem:554.47M (Peak 554.47M) | Time:00:00.92 | Mem:0.00M, Peak:0.00M | Scene, ViewLayer | Synchronizing object | STUDIO rail pad.060
Fra:1 Mem:554.48M (Peak 554.48M) | Time:00:00.92 | Mem:0.00M, Peak:0.00M | Scene, ViewLayer | Synchronizing object | Dashpot oil filling vent screw hex head.009
Fra:1 Mem:554.48M (Peak 554.48M) | Time:00:00.92 | Mem:0.00M, Peak:0.00M | Scene, ViewLayer | Synchronizing object | STUDIO sleeper.030
Fra:1 Mem:554.49M (Peak 554.49M) | Time:00:00.92 | Mem:0.00M, Peak:0.00M | Scene, ViewLayer | Synchronizing object | Dashpot safety U bolt.009
Fra:1 Mem:554.51M (Peak 554.51M) | Time:00:00.92 | Mem:0.00M, Peak:0.00M | Scene, ViewLayer | Synchronizing object | STUDIO fastening clip.119
Fra:1 Mem:554.52M (Peak 554.52M) | Time:00:00.92 | Mem:0.00M, Peak:0.00M | Scene, ViewLayer | Synchronizing object | Axlebox wing strengthening rib.009
Fra:1 Mem:554.52M (Peak 554.52M) | Time:00:00.92 | Mem:0.00M, Peak:0.00M | Scene, ViewLayer | Synchronizing object | STUDIO fastening clip.118
Fra:1 Mem:554.50M (Peak 554.52M) | Time:00:00.92 | Mem:0.00M, Peak:0.00M | Scene, ViewLayer | Synchronizing object | Wheel hub machining line.005
Fra:1 Mem:554.50M (Peak 554.52M) | Time:00:00.92 | Mem:0.00M, Peak:0.00M | Scene, ViewLayer | Synchronizing object | Wheel rim witness line.005
Fra:1 Mem:554.51M (Peak 554.52M) | Time:00:00.92 | Mem:0.00M, Peak:0.00M | Scene, ViewLayer | Synchronizing object | STUDIO rail pad.059
Fra:1 Mem:554.60M (Peak 554.60M) | Time:00:00.92 | Mem:0.00M, Peak:0.00M | Scene, ViewLayer | Synchronizing object | STUDIO fastening clip.117
Fra:1 Mem:554.62M (Peak 554.62M) | Time:00:00.92 | Mem:0.00M, Peak:0.00M | Scene, ViewLayer | Synchronizing object | STUDIO fastening clip.116
Fra:1 Mem:554.66M (Peak 554.66M) | Time:00:00.92 | Mem:0.00M, Peak:0.00M | Scene, ViewLayer | Synchronizing object | STUDIO rail pad.058
Fra:1 Mem:554.67M (Peak 554.67M) | Time:00:00.92 | Mem:0.00M, Peak:0.00M | Scene, ViewLayer | Synchronizing object | STUDIO sleeper.029
Fra:1 Mem:554.67M (Peak 554.67M) | Time:00:00.92 | Mem:0.00M, Peak:0.00M | Scene, ViewLayer | Synchronizing object | STUDIO fastening clip.115
Fra:1 Mem:554.68M (Peak 554.68M) | Time:00:00.92 | Mem:0.00M, Peak:0.00M | Scene, ViewLayer | Synchronizing object | STUDIO fastening clip.114
Fra:1 Mem:554.69M (Peak 554.69M) | Time:00:00.92 | Mem:0.00M, Peak:0.00M | Scene, ViewLayer | Synchronizing object | STUDIO rail pad.057
Fra:1 Mem:554.83M (Peak 554.83M) | Time:00:00.92 | Mem:0.00M, Peak:0.00M | Scene, ViewLayer | Synchronizing object | STUDIO fastening clip.113
Fra:1 Mem:554.84M (Peak 554.84M) | Time:00:00.92 | Mem:0.00M, Peak:0.00M | Scene, ViewLayer | Synchronizing object | STUDIO fastening clip.112
Fra:1 Mem:554.84M (Peak 554.84M) | Time:00:00.92 | Mem:0.00M, Peak:0.00M | Scene, ViewLayer | Synchronizing object | Wing-type axlebox casting.005
Fra:1 Mem:554.88M (Peak 554.88M) | Time:00:00.92 | Mem:0.00M, Peak:0.00M | Scene, ViewLayer | Synchronizing object | STUDIO rail pad.056
Fra:1 Mem:554.90M (Peak 554.90M) | Time:00:00.92 | Mem:0.00M, Peak:0.00M | Scene, ViewLayer | Synchronizing object | STUDIO sleeper.028
Fra:1 Mem:554.88M (Peak 554.90M) | Time:00:00.92 | Mem:0.00M, Peak:0.00M | Scene, ViewLayer | Synchronizing object | STUDIO fastening clip.111
Fra:1 Mem:554.89M (Peak 554.90M) | Time:00:00.92 | Mem:0.00M, Peak:0.00M | Scene, ViewLayer | Synchronizing object | Axlebox spherical bearing housing.005
Fra:1 Mem:554.93M (Peak 554.93M) | Time:00:00.92 | Mem:0.00M, Peak:0.00M | Scene, ViewLayer | Synchronizing object | STUDIO fastening clip.110
Fra:1 Mem:554.93M (Peak 554.93M) | Time:00:00.92 | Mem:0.00M, Peak:0.00M | Scene, ViewLayer | Synchronizing object | STUDIO rail pad.055
Fra:1 Mem:554.95M (Peak 554.95M) | Time:00:00.92 | Mem:0.00M, Peak:0.00M | Scene, ViewLayer | Synchronizing object | STUDIO fastening clip.109
Fra:1 Mem:554.95M (Peak 554.95M) | Time:00:00.92 | Mem:0.00M, Peak:0.00M | Scene, ViewLayer | Synchronizing object | STUDIO fastening clip.108
Fra:1 Mem:554.95M (Peak 554.95M) | Time:00:00.92 | Mem:0.00M, Peak:0.00M | Scene, ViewLayer | Synchronizing object | Axlebox circular gasket.005
Fra:1 Mem:554.95M (Peak 554.95M) | Time:00:00.92 | Mem:0.00M, Peak:0.00M | Scene, ViewLayer | Synchronizing object | STUDIO rail pad.054
Fra:1 Mem:554.95M (Peak 554.95M) | Time:00:00.92 | Mem:0.00M, Peak:0.00M | Scene, ViewLayer | Synchronizing object | Axlebox bolted front cover.005
Fra:1 Mem:554.97M (Peak 554.97M) | Time:00:00.92 | Mem:0.00M, Peak:0.00M | Scene, ViewLayer | Synchronizing object | STUDIO sleeper.027
Fra:1 Mem:554.98M (Peak 554.98M) | Time:00:00.92 | Mem:0.00M, Peak:0.00M | Scene, ViewLayer | Synchronizing object | STUDIO fastening clip.107
Fra:1 Mem:554.98M (Peak 554.98M) | Time:00:00.92 | Mem:0.00M, Peak:0.00M | Scene, ViewLayer | Synchronizing object | STUDIO fastening clip.106
Fra:1 Mem:554.98M (Peak 554.98M) | Time:00:00.92 | Mem:0.00M, Peak:0.00M | Scene, ViewLayer | Synchronizing object | Axlebox centre inspection emboss.005
Fra:1 Mem:555.03M (Peak 555.03M) | Time:00:00.92 | Mem:0.00M, Peak:0.00M | Scene, ViewLayer | Synchronizing object | STUDIO rail pad.053
Fra:1 Mem:555.04M (Peak 555.04M) | Time:00:00.92 | Mem:0.00M, Peak:0.00M | Scene, ViewLayer | Synchronizing object | Axlebox cover M20 hex head.030
Fra:1 Mem:555.05M (Peak 555.05M) | Time:00:00.92 | Mem:0.00M, Peak:0.00M | Scene, ViewLayer | Synchronizing object | STUDIO fastening clip.105
Fra:1 Mem:555.05M (Peak 555.05M) | Time:00:00.92 | Mem:0.00M, Peak:0.00M | Scene, ViewLayer | Synchronizing object | STUDIO fastening clip.104
Fra:1 Mem:555.05M (Peak 555.05M) | Time:00:00.92 | Mem:0.00M, Peak:0.00M | Scene, ViewLayer | Synchronizing object | Axlebox cover M20 hex head.032
Fra:1 Mem:555.05M (Peak 555.05M) | Time:00:00.92 | Mem:0.00M, Peak:0.00M | Scene, ViewLayer | Synchronizing object | STUDIO rail pad.052
Fra:1 Mem:555.05M (Peak 555.05M) | Time:00:00.92 | Mem:0.00M, Peak:0.00M | Scene, ViewLayer | Synchronizing object | STUDIO sleeper.026
Fra:1 Mem:555.06M (Peak 555.06M) | Time:00:00.92 | Mem:0.00M, Peak:0.00M | Scene, ViewLayer | Synchronizing object | Axlebox cover M20 hex head.033
Fra:1 Mem:555.06M (Peak 555.06M) | Time:00:00.92 | Mem:0.00M, Peak:0.00M | Scene, ViewLayer | Synchronizing object | Axlebox cover M20 hex head.034
Fra:1 Mem:555.06M (Peak 555.06M) | Time:00:00.92 | Mem:0.00M, Peak:0.00M | Scene, ViewLayer | Synchronizing object | STUDIO fastening clip.102
Fra:1 Mem:555.06M (Peak 555.06M) | Time:00:00.92 | Mem:0.00M, Peak:0.00M | Scene, ViewLayer | Synchronizing object | STUDIO rail pad.051
Fra:1 Mem:555.05M (Peak 555.06M) | Time:00:00.92 | Mem:0.00M, Peak:0.00M | Scene, ViewLayer | Synchronizing object | Axlebox crown bump rubber.005
Fra:1 Mem:555.09M (Peak 555.09M) | Time:00:00.92 | Mem:0.00M, Peak:0.00M | Scene, ViewLayer | Synchronizing object | STUDIO fastening clip.101
Fra:1 Mem:555.09M (Peak 555.09M) | Time:00:00.92 | Mem:0.00M, Peak:0.00M | Scene, ViewLayer | Synchronizing object | STUDIO fastening clip.100
Fra:1 Mem:555.09M (Peak 555.09M) | Time:00:00.92 | Mem:0.00M, Peak:0.00M | Scene, ViewLayer | Synchronizing object | Axlebox crown stop bracket.005
Fra:1 Mem:555.10M (Peak 555.10M) | Time:00:00.92 | Mem:0.00M, Peak:0.00M | Scene, ViewLayer | Synchronizing object | STUDIO rail pad.050
Fra:1 Mem:555.10M (Peak 555.10M) | Time:00:00.92 | Mem:0.00M, Peak:0.00M | Scene, ViewLayer | Synchronizing object | STUDIO sleeper.025
Fra:1 Mem:555.11M (Peak 555.11M) | Time:00:00.92 | Mem:0.00M, Peak:0.00M | Scene, ViewLayer | Synchronizing object | STUDIO fastening clip.099
Fra:1 Mem:555.11M (Peak 555.11M) | Time:00:00.92 | Mem:0.00M, Peak:0.00M | Scene, ViewLayer | Synchronizing object | STUDIO fastening clip.098
Fra:1 Mem:555.11M (Peak 555.11M) | Time:00:00.92 | Mem:0.00M, Peak:0.00M | Scene, ViewLayer | Synchronizing object | STUDIO rail pad.049
Fra:1 Mem:555.11M (Peak 555.11M) | Time:00:00.92 | Mem:0.00M, Peak:0.00M | Scene, ViewLayer | Synchronizing object | STUDIO fastening clip.097
Fra:1 Mem:555.11M (Peak 555.11M) | Time:00:00.92 | Mem:0.00M, Peak:0.00M | Scene, ViewLayer | Synchronizing object | STUDIO fastening clip.096
Fra:1 Mem:555.11M (Peak 555.11M) | Time:00:00.92 | Mem:0.00M, Peak:0.00M | Scene, ViewLayer | Synchronizing object | STUDIO rail pad.048
Fra:1 Mem:555.12M (Peak 555.12M) | Time:00:00.92 | Mem:0.00M, Peak:0.00M | Scene, ViewLayer | Synchronizing object | STUDIO sleeper.024
Fra:1 Mem:555.12M (Peak 555.12M) | Time:00:00.92 | Mem:0.00M, Peak:0.00M | Scene, ViewLayer | Synchronizing object | Crown clearance stop bolt.005
Fra:1 Mem:555.12M (Peak 555.12M) | Time:00:00.92 | Mem:0.00M, Peak:0.00M | Scene, ViewLayer | Synchronizing object | STUDIO fastening clip.095
Fra:1 Mem:555.12M (Peak 555.12M) | Time:00:00.92 | Mem:0.00M, Peak:0.00M | Scene, ViewLayer | Synchronizing object | STUDIO fastening clip.094
Fra:1 Mem:555.13M (Peak 555.13M) | Time:00:00.92 | Mem:0.00M, Peak:0.00M | Scene, ViewLayer | Synchronizing object | STUDIO rail pad.047
Fra:1 Mem:555.13M (Peak 555.13M) | Time:00:00.92 | Mem:0.00M, Peak:0.00M | Scene, ViewLayer | Synchronizing object | Primary isolation rubber pad.010
Fra:1 Mem:555.13M (Peak 555.13M) | Time:00:00.92 | Mem:0.00M, Peak:0.00M | Scene, ViewLayer | Synchronizing object | STUDIO fastening clip.093
Fra:1 Mem:555.14M (Peak 555.14M) | Time:00:00.92 | Mem:0.00M, Peak:0.00M | Scene, ViewLayer | Synchronizing object | Primary dashpot oil cylinder.010
Fra:1 Mem:555.14M (Peak 555.14M) | Time:00:00.92 | Mem:0.00M, Peak:0.00M | Scene, ViewLayer | Synchronizing object | STUDIO fastening clip.092
Fra:1 Mem:555.19M (Peak 555.19M) | Time:00:00.92 | Mem:0.00M, Peak:0.00M | Scene, ViewLayer | Synchronizing object | Telescopic axle guide piston sleeve.010
Fra:1 Mem:555.19M (Peak 555.19M) | Time:00:00.92 | Mem:0.00M, Peak:0.00M | Scene, ViewLayer | Synchronizing object | STUDIO rail pad.046
Fra:1 Mem:555.20M (Peak 555.20M) | Time:00:00.92 | Mem:0.00M, Peak:0.00M | Scene, ViewLayer | Synchronizing object | STUDIO sleeper.023
Fra:1 Mem:555.20M (Peak 555.20M) | Time:00:00.92 | Mem:0.00M, Peak:0.00M | Scene, ViewLayer | Synchronizing object | Dashpot sealing lip.010
Fra:1 Mem:555.20M (Peak 555.20M) | Time:00:00.92 | Mem:0.00M, Peak:0.00M | Scene, ViewLayer | Synchronizing object | STUDIO fastening clip.091
Fra:1 Mem:555.21M (Peak 555.21M) | Time:00:00.92 | Mem:0.00M, Peak:0.00M | Scene, ViewLayer | Synchronizing object | Primary upper spring seat.010
Fra:1 Mem:555.22M (Peak 555.22M) | Time:00:00.92 | Mem:0.00M, Peak:0.00M | Scene, ViewLayer | Synchronizing object | STUDIO fastening clip.090
Fra:1 Mem:555.24M (Peak 555.24M) | Time:00:00.92 | Mem:0.00M, Peak:0.00M | Scene, ViewLayer | Synchronizing object | STUDIO rail pad.045
Fra:1 Mem:555.25M (Peak 555.25M) | Time:00:00.92 | Mem:0.00M, Peak:0.00M | Scene, ViewLayer | Synchronizing object | STUDIO fastening clip.089
Fra:1 Mem:555.25M (Peak 555.25M) | Time:00:00.92 | Mem:0.00M, Peak:0.00M | Scene, ViewLayer | Synchronizing object | STUDIO fastening clip.088
Fra:1 Mem:555.25M (Peak 555.25M) | Time:00:00.92 | Mem:0.00M, Peak:0.00M | Scene, ViewLayer | Synchronizing object | Primary 33.5mm helical spring.010
Fra:1 Mem:555.30M (Peak 555.30M) | Time:00:00.92 | Mem:0.00M, Peak:0.00M | Scene, ViewLayer | Synchronizing object | STUDIO rail pad.044
Fra:1 Mem:555.31M (Peak 555.31M) | Time:00:00.92 | Mem:0.00M, Peak:0.00M | Scene, ViewLayer | Synchronizing object | STUDIO sleeper.022
Fra:1 Mem:555.31M (Peak 555.31M) | Time:00:00.92 | Mem:0.00M, Peak:0.00M | Scene, ViewLayer | Synchronizing object | STUDIO fastening clip.087
Fra:1 Mem:555.31M (Peak 555.31M) | Time:00:00.92 | Mem:0.00M, Peak:0.00M | Scene, ViewLayer | Synchronizing object | Primary 33.5mm helical spring group mark.140
Fra:1 Mem:555.35M (Peak 555.35M) | Time:00:00.92 | Mem:0.00M, Peak:0.00M | Scene, ViewLayer | Synchronizing object | STUDIO fastening clip.086
Fra:1 Mem:555.42M (Peak 555.42M) | Time:00:00.92 | Mem:0.00M, Peak:0.00M | Scene, ViewLayer | Synchronizing object | STUDIO rail pad.043
Fra:1 Mem:555.44M (Peak 555.44M) | Time:00:00.92 | Mem:0.00M, Peak:0.00M | Scene, ViewLayer | Synchronizing object | STUDIO fastening clip.085
Fra:1 Mem:555.44M (Peak 555.44M) | Time:00:00.92 | Mem:0.00M, Peak:0.00M | Scene, ViewLayer | Synchronizing object | Primary 33.5mm helical spring group mark.141
Fra:1 Mem:555.45M (Peak 555.45M) | Time:00:00.92 | Mem:0.00M, Peak:0.00M | Scene, ViewLayer | Synchronizing object | STUDIO fastening clip.084
Fra:1 Mem:555.45M (Peak 555.45M) | Time:00:00.92 | Mem:0.00M, Peak:0.00M | Scene, ViewLayer | Synchronizing object | STUDIO rail pad.042
Fra:1 Mem:555.47M (Peak 555.47M) | Time:00:00.92 | Mem:0.00M, Peak:0.00M | Scene, ViewLayer | Synchronizing object | STUDIO sleeper.021
Fra:1 Mem:555.47M (Peak 555.47M) | Time:00:00.92 | Mem:0.00M, Peak:0.00M | Scene, ViewLayer | Synchronizing object | STUDIO fastening clip.083
Fra:1 Mem:555.43M (Peak 555.47M) | Time:00:00.92 | Mem:0.00M, Peak:0.00M | Scene, ViewLayer | Synchronizing object | STUDIO fastening clip.082
Fra:1 Mem:555.43M (Peak 555.47M) | Time:00:00.92 | Mem:0.00M, Peak:0.00M | Scene, ViewLayer | Synchronizing object | STUDIO rail pad.041
Fra:1 Mem:555.43M (Peak 555.47M) | Time:00:00.92 | Mem:0.00M, Peak:0.00M | Scene, ViewLayer | Synchronizing object | Primary 33.5mm helical spring group mark.142
Fra:1 Mem:555.43M (Peak 555.47M) | Time:00:00.92 | Mem:0.00M, Peak:0.00M | Scene, ViewLayer | Synchronizing object | STUDIO fastening clip.081
Fra:1 Mem:555.46M (Peak 555.47M) | Time:00:00.92 | Mem:0.00M, Peak:0.00M | Scene, ViewLayer | Synchronizing object | STUDIO fastening clip.080
Fra:1 Mem:555.46M (Peak 555.47M) | Time:00:00.92 | Mem:0.00M, Peak:0.00M | Scene, ViewLayer | Synchronizing object | STUDIO rail pad.040
Fra:1 Mem:555.47M (Peak 555.47M) | Time:00:00.92 | Mem:0.00M, Peak:0.00M | Scene, ViewLayer | Synchronizing object | Primary 33.5mm helical spring group mark.144
Fra:1 Mem:555.48M (Peak 555.48M) | Time:00:00.92 | Mem:0.00M, Peak:0.00M | Scene, ViewLayer | Synchronizing object | Primary 33.5mm helical spring group mark.145
Fra:1 Mem:555.49M (Peak 555.49M) | Time:00:00.92 | Mem:0.00M, Peak:0.00M | Scene, ViewLayer | Synchronizing object | STUDIO fastening clip.079
Fra:1 Mem:555.49M (Peak 555.49M) | Time:00:00.92 | Mem:0.00M, Peak:0.00M | Scene, ViewLayer | Synchronizing object | Primary 33.5mm helical spring group mark.146
Fra:1 Mem:555.49M (Peak 555.49M) | Time:00:00.92 | Mem:0.00M, Peak:0.00M | Scene, ViewLayer | Synchronizing object | STUDIO fastening clip.078
Fra:1 Mem:555.49M (Peak 555.49M) | Time:00:00.92 | Mem:0.00M, Peak:0.00M | Scene, ViewLayer | Synchronizing object | STUDIO rail pad.039
Fra:1 Mem:555.49M (Peak 555.49M) | Time:00:00.92 | Mem:0.00M, Peak:0.00M | Scene, ViewLayer | Synchronizing object | STUDIO fastening clip.077
Fra:1 Mem:555.50M (Peak 555.50M) | Time:00:00.92 | Mem:0.00M, Peak:0.00M | Scene, ViewLayer | Synchronizing object | Primary 33.5mm helical spring group mark.147
Fra:1 Mem:555.50M (Peak 555.50M) | Time:00:00.92 | Mem:0.00M, Peak:0.00M | Scene, ViewLayer | Synchronizing object | Primary 33.5mm helical spring group mark.148
Fra:1 Mem:555.50M (Peak 555.50M) | Time:00:00.92 | Mem:0.00M, Peak:0.00M | Scene, ViewLayer | Synchronizing object | STUDIO rail pad.038
Fra:1 Mem:555.52M (Peak 555.52M) | Time:00:00.92 | Mem:0.00M, Peak:0.00M | Scene, ViewLayer | Synchronizing object | Primary 33.5mm helical spring group mark.149
Fra:1 Mem:555.52M (Peak 555.52M) | Time:00:00.92 | Mem:0.00M, Peak:0.00M | Scene, ViewLayer | Synchronizing object | Primary 33.5mm helical spring group mark.150
Fra:1 Mem:555.54M (Peak 555.54M) | Time:00:00.92 | Mem:0.00M, Peak:0.00M | Scene, ViewLayer | Synchronizing object | STUDIO fastening clip.075
Fra:1 Mem:555.54M (Peak 555.54M) | Time:00:00.92 | Mem:0.00M, Peak:0.00M | Scene, ViewLayer | Synchronizing object | STUDIO fastening clip.074
Fra:1 Mem:555.55M (Peak 555.55M) | Time:00:00.92 | Mem:0.00M, Peak:0.00M | Scene, ViewLayer | Synchronizing object | Primary 33.5mm helical spring group mark.152
Fra:1 Mem:555.57M (Peak 555.57M) | Time:00:00.92 | Mem:0.00M, Peak:0.00M | Scene, ViewLayer | Synchronizing object | STUDIO rail pad.037
Fra:1 Mem:555.57M (Peak 555.57M) | Time:00:00.92 | Mem:0.00M, Peak:0.00M | Scene, ViewLayer | Synchronizing object | STUDIO fastening clip.073
Fra:1 Mem:555.58M (Peak 555.58M) | Time:00:00.92 | Mem:0.00M, Peak:0.00M | Scene, ViewLayer | Synchronizing object | STUDIO fastening clip.072
Fra:1 Mem:555.58M (Peak 555.58M) | Time:00:00.92 | Mem:0.00M, Peak:0.00M | Scene, ViewLayer | Synchronizing object | Primary 33.5mm helical spring group mark.153
Fra:1 Mem:555.58M (Peak 555.58M) | Time:00:00.92 | Mem:0.00M, Peak:0.00M | Scene, ViewLayer | Synchronizing object | Dashpot oil filling vent screw hex head.010
Fra:1 Mem:555.56M (Peak 555.58M) | Time:00:00.92 | Mem:0.00M, Peak:0.00M | Scene, ViewLayer | Synchronizing object | Dashpot safety U bolt.010
Fra:1 Mem:555.56M (Peak 555.58M) | Time:00:00.92 | Mem:0.00M, Peak:0.00M | Scene, ViewLayer | Synchronizing object | Primary lower spring seat cup.011
Fra:1 Mem:555.56M (Peak 555.58M) | Time:00:00.92 | Mem:0.00M, Peak:0.00M | Scene, ViewLayer | Synchronizing object | Primary isolation rubber pad.011
Fra:1 Mem:555.58M (Peak 555.58M) | Time:00:00.92 | Mem:0.00M, Peak:0.00M | Scene, ViewLayer | Synchronizing object | STUDIO sleeper.018
Fra:1 Mem:555.58M (Peak 555.58M) | Time:00:00.92 | Mem:0.00M, Peak:0.00M | Scene, ViewLayer | Synchronizing object | Primary dashpot oil cylinder.011
Fra:1 Mem:555.58M (Peak 555.58M) | Time:00:00.92 | Mem:0.00M, Peak:0.00M | Scene, ViewLayer | Synchronizing object | STUDIO fastening clip.071
Fra:1 Mem:555.59M (Peak 555.59M) | Time:00:00.92 | Mem:0.00M, Peak:0.00M | Scene, ViewLayer | Synchronizing object | Telescopic axle guide piston sleeve.011
Fra:1 Mem:555.59M (Peak 555.59M) | Time:00:00.92 | Mem:0.00M, Peak:0.00M | Scene, ViewLayer | Synchronizing object | Dashpot sealing lip.011
Fra:1 Mem:555.60M (Peak 555.60M) | Time:00:00.92 | Mem:0.00M, Peak:0.00M | Scene, ViewLayer | Synchronizing object | STUDIO fastening clip.070
Fra:1 Mem:555.61M (Peak 555.61M) | Time:00:00.92 | Mem:0.00M, Peak:0.00M | Scene, ViewLayer | Synchronizing object | Primary upper spring seat.011
Fra:1 Mem:555.62M (Peak 555.62M) | Time:00:00.92 | Mem:0.00M, Peak:0.00M | Scene, ViewLayer | Synchronizing object | Primary 33.5mm helical spring.011
Fra:1 Mem:555.63M (Peak 555.63M) | Time:00:00.92 | Mem:0.00M, Peak:0.00M | Scene, ViewLayer | Synchronizing object | STUDIO fastening clip.069
Fra:1 Mem:555.67M (Peak 555.67M) | Time:00:00.92 | Mem:0.00M, Peak:0.00M | Scene, ViewLayer | Synchronizing object | STUDIO fastening clip.068
Fra:1 Mem:555.68M (Peak 555.68M) | Time:00:00.92 | Mem:0.00M, Peak:0.00M | Scene, ViewLayer | Synchronizing object | STUDIO rail pad.034
Fra:1 Mem:555.68M (Peak 555.68M) | Time:00:00.92 | Mem:0.00M, Peak:0.00M | Scene, ViewLayer | Synchronizing object | STUDIO sleeper.017
Fra:1 Mem:555.75M (Peak 555.75M) | Time:00:00.92 | Mem:0.00M, Peak:0.00M | Scene, ViewLayer | Synchronizing object | STUDIO fastening clip.067
Fra:1 Mem:555.78M (Peak 555.78M) | Time:00:00.92 | Mem:0.00M, Peak:0.00M | Scene, ViewLayer | Synchronizing object | STUDIO fastening clip.066
Fra:1 Mem:555.78M (Peak 555.78M) | Time:00:00.92 | Mem:0.00M, Peak:0.00M | Scene, ViewLayer | Synchronizing object | Primary 33.5mm helical spring group mark.154
Fra:1 Mem:555.78M (Peak 555.78M) | Time:00:00.92 | Mem:0.00M, Peak:0.00M | Scene, ViewLayer | Synchronizing object | STUDIO rail pad.033
Fra:1 Mem:555.79M (Peak 555.79M) | Time:00:00.92 | Mem:0.00M, Peak:0.00M | Scene, ViewLayer | Synchronizing object | STUDIO fastening clip.065
Fra:1 Mem:555.80M (Peak 555.80M) | Time:00:00.93 | Mem:0.00M, Peak:0.00M | Scene, ViewLayer | Synchronizing object | STUDIO fastening clip.064
Fra:1 Mem:555.80M (Peak 555.80M) | Time:00:00.93 | Mem:0.00M, Peak:0.00M | Scene, ViewLayer | Synchronizing object | Primary 33.5mm helical spring group mark.156
Fra:1 Mem:555.81M (Peak 555.81M) | Time:00:00.93 | Mem:0.00M, Peak:0.00M | Scene, ViewLayer | Synchronizing object | STUDIO rail pad.032
Fra:1 Mem:555.81M (Peak 555.81M) | Time:00:00.93 | Mem:0.00M, Peak:0.00M | Scene, ViewLayer | Synchronizing object | Primary 33.5mm helical spring group mark.157
Fra:1 Mem:555.84M (Peak 555.84M) | Time:00:00.93 | Mem:0.00M, Peak:0.00M | Scene, ViewLayer | Synchronizing object | STUDIO sleeper.016
Fra:1 Mem:555.84M (Peak 555.84M) | Time:00:00.93 | Mem:0.00M, Peak:0.00M | Scene, ViewLayer | Synchronizing object | STUDIO fastening clip.063
Fra:1 Mem:555.84M (Peak 555.84M) | Time:00:00.93 | Mem:0.00M, Peak:0.00M | Scene, ViewLayer | Synchronizing object | Primary 33.5mm helical spring group mark.158
Fra:1 Mem:555.84M (Peak 555.84M) | Time:00:00.93 | Mem:0.00M, Peak:0.00M | Scene, ViewLayer | Synchronizing object | STUDIO fastening clip.062
Fra:1 Mem:555.85M (Peak 555.85M) | Time:00:00.93 | Mem:0.00M, Peak:0.00M | Scene, ViewLayer | Synchronizing object | Primary 33.5mm helical spring group mark.159
Fra:1 Mem:555.85M (Peak 555.85M) | Time:00:00.93 | Mem:0.00M, Peak:0.00M | Scene, ViewLayer | Synchronizing object | Primary 33.5mm helical spring group mark.160
Fra:1 Mem:555.86M (Peak 555.86M) | Time:00:00.93 | Mem:0.00M, Peak:0.00M | Scene, ViewLayer | Synchronizing object | STUDIO fastening clip.061
Fra:1 Mem:555.86M (Peak 555.86M) | Time:00:00.93 | Mem:0.00M, Peak:0.00M | Scene, ViewLayer | Synchronizing object | Primary 33.5mm helical spring group mark.161
Fra:1 Mem:555.87M (Peak 555.87M) | Time:00:00.93 | Mem:0.00M, Peak:0.00M | Scene, ViewLayer | Synchronizing object | STUDIO fastening clip.060
Fra:1 Mem:555.87M (Peak 555.87M) | Time:00:00.93 | Mem:0.00M, Peak:0.00M | Scene, ViewLayer | Synchronizing object | STUDIO rail pad.030
Fra:1 Mem:555.87M (Peak 555.87M) | Time:00:00.93 | Mem:0.00M, Peak:0.00M | Scene, ViewLayer | Synchronizing object | Primary 33.5mm helical spring group mark.162
Fra:1 Mem:555.87M (Peak 555.87M) | Time:00:00.93 | Mem:0.00M, Peak:0.00M | Scene, ViewLayer | Synchronizing object | STUDIO sleeper.015
Fra:1 Mem:555.88M (Peak 555.88M) | Time:00:00.93 | Mem:0.00M, Peak:0.00M | Scene, ViewLayer | Synchronizing object | STUDIO fastening clip.059
Fra:1 Mem:555.88M (Peak 555.88M) | Time:00:00.93 | Mem:0.00M, Peak:0.00M | Scene, ViewLayer | Synchronizing object | STUDIO fastening clip.058
Fra:1 Mem:555.88M (Peak 555.88M) | Time:00:00.93 | Mem:0.00M, Peak:0.00M | Scene, ViewLayer | Synchronizing object | Primary 33.5mm helical spring group mark.164
Fra:1 Mem:555.90M (Peak 555.90M) | Time:00:00.93 | Mem:0.00M, Peak:0.00M | Scene, ViewLayer | Synchronizing object | STUDIO rail pad.029
Fra:1 Mem:555.91M (Peak 555.91M) | Time:00:00.93 | Mem:0.00M, Peak:0.00M | Scene, ViewLayer | Synchronizing object | Primary 33.5mm helical spring group mark.165
Fra:1 Mem:555.91M (Peak 555.91M) | Time:00:00.93 | Mem:0.00M, Peak:0.00M | Scene, ViewLayer | Synchronizing object | STUDIO fastening clip.057
Fra:1 Mem:555.91M (Peak 555.91M) | Time:00:00.93 | Mem:0.00M, Peak:0.00M | Scene, ViewLayer | Synchronizing object | Primary 33.5mm helical spring group mark.167
Fra:1 Mem:555.92M (Peak 555.92M) | Time:00:00.93 | Mem:0.00M, Peak:0.00M | Scene, ViewLayer | Synchronizing object | STUDIO fastening clip.056
Fra:1 Mem:555.93M (Peak 555.93M) | Time:00:00.93 | Mem:0.00M, Peak:0.00M | Scene, ViewLayer | Synchronizing object | Dashpot oil filling vent screw hex head.011
Fra:1 Mem:555.95M (Peak 555.95M) | Time:00:00.93 | Mem:0.00M, Peak:0.00M | Scene, ViewLayer | Synchronizing object | STUDIO rail pad.028
Fra:1 Mem:555.95M (Peak 555.95M) | Time:00:00.93 | Mem:0.00M, Peak:0.00M | Scene, ViewLayer | Synchronizing object | Dashpot safety U bolt.011
Fra:1 Mem:555.95M (Peak 555.95M) | Time:00:00.93 | Mem:0.00M, Peak:0.00M | Scene, ViewLayer | Synchronizing object | STUDIO sleeper.014
Fra:1 Mem:555.96M (Peak 555.96M) | Time:00:00.93 | Mem:0.00M, Peak:0.00M | Scene, ViewLayer | Synchronizing object | Axlebox wing strengthening rib.011
Fra:1 Mem:555.94M (Peak 555.96M) | Time:00:00.93 | Mem:0.00M, Peak:0.00M | Scene, ViewLayer | Synchronizing object | Turned stepped solid ICF axle.003
Fra:1 Mem:555.95M (Peak 555.96M) | Time:00:00.93 | Mem:0.00M, Peak:0.00M | Scene, ViewLayer | Synchronizing object | ICF monobloc 915mm dished wheel.006
Fra:1 Mem:555.95M (Peak 555.96M) | Time:00:00.93 | Mem:0.00M, Peak:0.00M | Scene, ViewLayer | Synchronizing object | Wheel hub machining line.006
Fra:1 Mem:556.04M (Peak 556.04M) | Time:00:00.93 | Mem:0.00M, Peak:0.00M | Scene, ViewLayer | Synchronizing object | STUDIO fastening clip.054
Fra:1 Mem:556.09M (Peak 556.09M) | Time:00:00.93 | Mem:0.00M, Peak:0.00M | Scene, ViewLayer | Synchronizing object | STUDIO rail pad.027
Fra:1 Mem:556.09M (Peak 556.09M) | Time:00:00.93 | Mem:0.00M, Peak:0.00M | Scene, ViewLayer | Synchronizing object | STUDIO fastening clip.053
Fra:1 Mem:556.11M (Peak 556.11M) | Time:00:00.93 | Mem:0.00M, Peak:0.00M | Scene, ViewLayer | Synchronizing object | STUDIO fastening clip.052
Fra:1 Mem:556.12M (Peak 556.12M) | Time:00:00.93 | Mem:0.00M, Peak:0.00M | Scene, ViewLayer | Synchronizing object | STUDIO rail pad.026
Fra:1 Mem:556.12M (Peak 556.12M) | Time:00:00.93 | Mem:0.00M, Peak:0.00M | Scene, ViewLayer | Synchronizing object | STUDIO sleeper.013
Fra:1 Mem:556.13M (Peak 556.13M) | Time:00:00.93 | Mem:0.00M, Peak:0.00M | Scene, ViewLayer | Synchronizing object | STUDIO fastening clip.051
Fra:1 Mem:556.26M (Peak 556.26M) | Time:00:00.93 | Mem:0.00M, Peak:0.00M | Scene, ViewLayer | Synchronizing object | STUDIO fastening clip.050
Fra:1 Mem:556.26M (Peak 556.26M) | Time:00:00.93 | Mem:0.00M, Peak:0.00M | Scene, ViewLayer | Synchronizing object | Wheel rim witness line.006
Fra:1 Mem:556.32M (Peak 556.32M) | Time:00:00.93 | Mem:0.00M, Peak:0.00M | Scene, ViewLayer | Synchronizing object | STUDIO rail pad.025
Fra:1 Mem:556.36M (Peak 556.36M) | Time:00:00.93 | Mem:0.00M, Peak:0.00M | Scene, ViewLayer | Synchronizing object | STUDIO fastening clip.049
Fra:1 Mem:556.38M (Peak 556.38M) | Time:00:00.93 | Mem:0.00M, Peak:0.00M | Scene, ViewLayer | Synchronizing object | STUDIO fastening clip.048
Fra:1 Mem:556.39M (Peak 556.39M) | Time:00:00.93 | Mem:0.00M, Peak:0.00M | Scene, ViewLayer | Synchronizing object | STUDIO rail pad.024
Fra:1 Mem:556.39M (Peak 556.39M) | Time:00:00.93 | Mem:0.00M, Peak:0.00M | Scene, ViewLayer | Synchronizing object | Wing-type axlebox casting.006
Fra:1 Mem:556.42M (Peak 556.42M) | Time:00:00.93 | Mem:0.00M, Peak:0.00M | Scene, ViewLayer | Synchronizing object | STUDIO sleeper.012
Fra:1 Mem:556.43M (Peak 556.43M) | Time:00:00.93 | Mem:0.00M, Peak:0.00M | Scene, ViewLayer | Synchronizing object | STUDIO fastening clip.047
Fra:1 Mem:556.43M (Peak 556.43M) | Time:00:00.93 | Mem:0.00M, Peak:0.00M | Scene, ViewLayer | Synchronizing object | STUDIO fastening clip.046
Fra:1 Mem:556.44M (Peak 556.44M) | Time:00:00.93 | Mem:0.00M, Peak:0.00M | Scene, ViewLayer | Synchronizing object | STUDIO rail pad.023
Fra:1 Mem:556.45M (Peak 556.45M) | Time:00:00.93 | Mem:0.00M, Peak:0.00M | Scene, ViewLayer | Synchronizing object | STUDIO fastening clip.045
Fra:1 Mem:556.45M (Peak 556.45M) | Time:00:00.93 | Mem:0.00M, Peak:0.00M | Scene, ViewLayer | Synchronizing object | Axlebox spherical bearing housing.006
Fra:1 Mem:556.46M (Peak 556.46M) | Time:00:00.93 | Mem:0.00M, Peak:0.00M | Scene, ViewLayer | Synchronizing object | STUDIO fastening clip.044
Fra:1 Mem:556.47M (Peak 556.47M) | Time:00:00.93 | Mem:0.00M, Peak:0.00M | Scene, ViewLayer | Synchronizing object | STUDIO rail pad.022
Fra:1 Mem:556.47M (Peak 556.47M) | Time:00:00.93 | Mem:0.00M, Peak:0.00M | Scene, ViewLayer | Synchronizing object | STUDIO sleeper.011
Fra:1 Mem:556.47M (Peak 556.47M) | Time:00:00.93 | Mem:0.00M, Peak:0.00M | Scene, ViewLayer | Synchronizing object | Axlebox circular gasket.006
Fra:1 Mem:556.53M (Peak 556.53M) | Time:00:00.93 | Mem:0.00M, Peak:0.00M | Scene, ViewLayer | Synchronizing object | STUDIO fastening clip.043
Fra:1 Mem:556.54M (Peak 556.54M) | Time:00:00.93 | Mem:0.00M, Peak:0.00M | Scene, ViewLayer | Synchronizing object | Axlebox bolted front cover.006
Fra:1 Mem:556.54M (Peak 556.54M) | Time:00:00.93 | Mem:0.00M, Peak:0.00M | Scene, ViewLayer | Synchronizing object | STUDIO fastening clip.042
Fra:1 Mem:556.55M (Peak 556.55M) | Time:00:00.93 | Mem:0.00M, Peak:0.00M | Scene, ViewLayer | Synchronizing object | Axlebox centre inspection emboss.006
Fra:1 Mem:556.55M (Peak 556.55M) | Time:00:00.93 | Mem:0.00M, Peak:0.00M | Scene, ViewLayer | Synchronizing object | STUDIO rail pad.021
Fra:1 Mem:556.56M (Peak 556.56M) | Time:00:00.93 | Mem:0.00M, Peak:0.00M | Scene, ViewLayer | Synchronizing object | Axlebox cover M20 hex head.036
Fra:1 Mem:556.56M (Peak 556.56M) | Time:00:00.93 | Mem:0.00M, Peak:0.00M | Scene, ViewLayer | Synchronizing object | STUDIO fastening clip.041
Fra:1 Mem:556.58M (Peak 556.58M) | Time:00:00.93 | Mem:0.00M, Peak:0.00M | Scene, ViewLayer | Synchronizing object | Axlebox cover M20 hex head.037
Fra:1 Mem:556.59M (Peak 556.59M) | Time:00:00.93 | Mem:0.00M, Peak:0.00M | Scene, ViewLayer | Synchronizing object | STUDIO fastening clip.040
Fra:1 Mem:556.59M (Peak 556.59M) | Time:00:00.93 | Mem:0.00M, Peak:0.00M | Scene, ViewLayer | Synchronizing object | Axlebox cover M20 hex head.038
Fra:1 Mem:556.59M (Peak 556.59M) | Time:00:00.93 | Mem:0.00M, Peak:0.00M | Scene, ViewLayer | Synchronizing object | STUDIO rail pad.020
Fra:1 Mem:556.59M (Peak 556.59M) | Time:00:00.93 | Mem:0.00M, Peak:0.00M | Scene, ViewLayer | Synchronizing object | STUDIO sleeper.010
Fra:1 Mem:556.59M (Peak 556.59M) | Time:00:00.93 | Mem:0.00M, Peak:0.00M | Scene, ViewLayer | Synchronizing object | Axlebox cover M20 hex head.039
Fra:1 Mem:556.60M (Peak 556.60M) | Time:00:00.93 | Mem:0.00M, Peak:0.00M | Scene, ViewLayer | Synchronizing object | STUDIO fastening clip.039
Fra:1 Mem:556.60M (Peak 556.60M) | Time:00:00.93 | Mem:0.00M, Peak:0.00M | Scene, ViewLayer | Synchronizing object | STUDIO fastening clip.038
Fra:1 Mem:556.60M (Peak 556.60M) | Time:00:00.93 | Mem:0.00M, Peak:0.00M | Scene, ViewLayer | Synchronizing object | Axlebox cover M20 hex head.040
Fra:1 Mem:556.60M (Peak 556.60M) | Time:00:00.93 | Mem:0.00M, Peak:0.00M | Scene, ViewLayer | Synchronizing object | STUDIO rail pad.019
Fra:1 Mem:556.60M (Peak 556.60M) | Time:00:00.93 | Mem:0.00M, Peak:0.00M | Scene, ViewLayer | Synchronizing object | Axlebox cover M20 hex head.041
Fra:1 Mem:556.60M (Peak 556.60M) | Time:00:00.93 | Mem:0.00M, Peak:0.00M | Scene, ViewLayer | Synchronizing object | STUDIO fastening clip.037
Fra:1 Mem:556.61M (Peak 556.61M) | Time:00:00.93 | Mem:0.00M, Peak:0.00M | Scene, ViewLayer | Synchronizing object | STUDIO fastening clip.036
Fra:1 Mem:556.61M (Peak 556.61M) | Time:00:00.93 | Mem:0.00M, Peak:0.00M | Scene, ViewLayer | Synchronizing object | Axlebox crown bump rubber.006
Fra:1 Mem:556.61M (Peak 556.61M) | Time:00:00.93 | Mem:0.00M, Peak:0.00M | Scene, ViewLayer | Synchronizing object | STUDIO rail pad.018
Fra:1 Mem:556.61M (Peak 556.61M) | Time:00:00.93 | Mem:0.00M, Peak:0.00M | Scene, ViewLayer | Synchronizing object | Axlebox crown stop bracket.006
Fra:1 Mem:556.61M (Peak 556.61M) | Time:00:00.93 | Mem:0.00M, Peak:0.00M | Scene, ViewLayer | Synchronizing object | STUDIO sleeper.009
Fra:1 Mem:556.62M (Peak 556.62M) | Time:00:00.93 | Mem:0.00M, Peak:0.00M | Scene, ViewLayer | Synchronizing object | STUDIO fastening clip.035
Fra:1 Mem:556.62M (Peak 556.62M) | Time:00:00.93 | Mem:0.00M, Peak:0.00M | Scene, ViewLayer | Synchronizing object | Crown clearance stop bolt.006
Fra:1 Mem:556.67M (Peak 556.67M) | Time:00:00.93 | Mem:0.00M, Peak:0.00M | Scene, ViewLayer | Synchronizing object | Primary lower spring seat cup.012
Fra:1 Mem:556.67M (Peak 556.67M) | Time:00:00.93 | Mem:0.00M, Peak:0.00M | Scene, ViewLayer | Synchronizing object | STUDIO fastening clip.034
Fra:1 Mem:556.68M (Peak 556.68M) | Time:00:00.93 | Mem:0.00M, Peak:0.00M | Scene, ViewLayer | Synchronizing object | Primary isolation rubber pad.012
Fra:1 Mem:556.68M (Peak 556.68M) | Time:00:00.93 | Mem:0.00M, Peak:0.00M | Scene, ViewLayer | Synchronizing object | Primary dashpot oil cylinder.012
Fra:1 Mem:556.70M (Peak 556.70M) | Time:00:00.93 | Mem:0.00M, Peak:0.00M | Scene, ViewLayer | Synchronizing object | STUDIO fastening clip.033
Fra:1 Mem:556.70M (Peak 556.70M) | Time:00:00.93 | Mem:0.00M, Peak:0.00M | Scene, ViewLayer | Synchronizing object | Telescopic axle guide piston sleeve.012
Fra:1 Mem:556.70M (Peak 556.70M) | Time:00:00.93 | Mem:0.00M, Peak:0.00M | Scene, ViewLayer | Synchronizing object | STUDIO fastening clip.032
Fra:1 Mem:556.70M (Peak 556.70M) | Time:00:00.93 | Mem:0.00M, Peak:0.00M | Scene, ViewLayer | Synchronizing object | Dashpot sealing lip.012
Fra:1 Mem:556.73M (Peak 556.73M) | Time:00:00.93 | Mem:0.00M, Peak:0.00M | Scene, ViewLayer | Synchronizing object | STUDIO rail pad.016
Fra:1 Mem:556.74M (Peak 556.74M) | Time:00:00.93 | Mem:0.00M, Peak:0.00M | Scene, ViewLayer | Synchronizing object | STUDIO sleeper.008
Fra:1 Mem:556.76M (Peak 556.76M) | Time:00:00.93 | Mem:0.00M, Peak:0.00M | Scene, ViewLayer | Synchronizing object | STUDIO fastening clip.031
Fra:1 Mem:556.76M (Peak 556.76M) | Time:00:00.93 | Mem:0.00M, Peak:0.00M | Scene, ViewLayer | Synchronizing object | Primary upper spring seat.012
Fra:1 Mem:556.76M (Peak 556.76M) | Time:00:00.93 | Mem:0.00M, Peak:0.00M | Scene, ViewLayer | Synchronizing object | STUDIO fastening clip.030
Fra:1 Mem:556.77M (Peak 556.77M) | Time:00:00.93 | Mem:0.00M, Peak:0.00M | Scene, ViewLayer | Synchronizing object | STUDIO rail pad.015
Fra:1 Mem:556.82M (Peak 556.82M) | Time:00:00.93 | Mem:0.00M, Peak:0.00M | Scene, ViewLayer | Synchronizing object | STUDIO fastening clip.029
Fra:1 Mem:556.82M (Peak 556.82M) | Time:00:00.93 | Mem:0.00M, Peak:0.00M | Scene, ViewLayer | Synchronizing object | Primary 33.5mm helical spring.012
Fra:1 Mem:556.83M (Peak 556.83M) | Time:00:00.93 | Mem:0.00M, Peak:0.00M | Scene, ViewLayer | Synchronizing object | STUDIO fastening clip.028
Fra:1 Mem:556.86M (Peak 556.86M) | Time:00:00.93 | Mem:0.00M, Peak:0.00M | Scene, ViewLayer | Synchronizing object | STUDIO rail pad.014
Fra:1 Mem:556.86M (Peak 556.86M) | Time:00:00.93 | Mem:0.00M, Peak:0.00M | Scene, ViewLayer | Synchronizing object | Primary 33.5mm helical spring group mark.168
Fra:1 Mem:556.90M (Peak 556.90M) | Time:00:00.93 | Mem:0.00M, Peak:0.00M | Scene, ViewLayer | Synchronizing object | STUDIO sleeper.007
Fra:1 Mem:556.91M (Peak 556.91M) | Time:00:00.93 | Mem:0.00M, Peak:0.00M | Scene, ViewLayer | Synchronizing object | Primary 33.5mm helical spring group mark.169
Fra:1 Mem:556.91M (Peak 556.91M) | Time:00:00.93 | Mem:0.00M, Peak:0.00M | Scene, ViewLayer | Synchronizing object | STUDIO fastening clip.027
Fra:1 Mem:556.93M (Peak 556.93M) | Time:00:00.93 | Mem:0.00M, Peak:0.00M | Scene, ViewLayer | Synchronizing object | STUDIO fastening clip.026
Fra:1 Mem:556.93M (Peak 556.93M) | Time:00:00.93 | Mem:0.00M, Peak:0.00M | Scene, ViewLayer | Synchronizing object | Primary 33.5mm helical spring group mark.171
Fra:1 Mem:556.93M (Peak 556.93M) | Time:00:00.93 | Mem:0.00M, Peak:0.00M | Scene, ViewLayer | Synchronizing object | STUDIO rail pad.013
Fra:1 Mem:556.94M (Peak 556.94M) | Time:00:00.93 | Mem:0.00M, Peak:0.00M | Scene, ViewLayer | Synchronizing object | STUDIO fastening clip.025
Fra:1 Mem:556.97M (Peak 556.97M) | Time:00:00.93 | Mem:0.00M, Peak:0.00M | Scene, ViewLayer | Synchronizing object | STUDIO fastening clip.024
Fra:1 Mem:556.97M (Peak 556.97M) | Time:00:00.93 | Mem:0.00M, Peak:0.00M | Scene, ViewLayer | Synchronizing object | Primary 33.5mm helical spring group mark.172
Fra:1 Mem:556.98M (Peak 556.98M) | Time:00:00.93 | Mem:0.00M, Peak:0.00M | Scene, ViewLayer | Synchronizing object | STUDIO rail pad.012
Fra:1 Mem:556.99M (Peak 556.99M) | Time:00:00.93 | Mem:0.00M, Peak:0.00M | Scene, ViewLayer | Synchronizing object | STUDIO sleeper.006
Fra:1 Mem:556.99M (Peak 556.99M) | Time:00:00.93 | Mem:0.00M, Peak:0.00M | Scene, ViewLayer | Synchronizing object | Primary 33.5mm helical spring group mark.174
Fra:1 Mem:556.99M (Peak 556.99M) | Time:00:00.93 | Mem:0.00M, Peak:0.00M | Scene, ViewLayer | Synchronizing object | STUDIO fastening clip.023
Fra:1 Mem:556.99M (Peak 556.99M) | Time:00:00.93 | Mem:0.00M, Peak:0.00M | Scene, ViewLayer | Synchronizing object | STUDIO fastening clip.022
Fra:1 Mem:556.99M (Peak 556.99M) | Time:00:00.93 | Mem:0.00M, Peak:0.00M | Scene, ViewLayer | Synchronizing object | Primary 33.5mm helical spring group mark.175
Fra:1 Mem:556.99M (Peak 556.99M) | Time:00:00.93 | Mem:0.00M, Peak:0.00M | Scene, ViewLayer | Synchronizing object | STUDIO rail pad.011
Fra:1 Mem:557.00M (Peak 557.00M) | Time:00:00.93 | Mem:0.00M, Peak:0.00M | Scene, ViewLayer | Synchronizing object | Primary 33.5mm helical spring group mark.176
Fra:1 Mem:557.02M (Peak 557.02M) | Time:00:00.93 | Mem:0.00M, Peak:0.00M | Scene, ViewLayer | Synchronizing object | STUDIO fastening clip.021
Fra:1 Mem:557.02M (Peak 557.02M) | Time:00:00.93 | Mem:0.00M, Peak:0.00M | Scene, ViewLayer | Synchronizing object | Primary 33.5mm helical spring group mark.177
Fra:1 Mem:557.03M (Peak 557.03M) | Time:00:00.93 | Mem:0.00M, Peak:0.00M | Scene, ViewLayer | Synchronizing object | STUDIO fastening clip.020
Fra:1 Mem:557.03M (Peak 557.03M) | Time:00:00.93 | Mem:0.00M, Peak:0.00M | Scene, ViewLayer | Synchronizing object | Primary 33.5mm helical spring group mark.178
Fra:1 Mem:557.04M (Peak 557.04M) | Time:00:00.93 | Mem:0.00M, Peak:0.00M | Scene, ViewLayer | Synchronizing object | STUDIO rail pad.010
Fra:1 Mem:557.06M (Peak 557.06M) | Time:00:00.93 | Mem:0.00M, Peak:0.00M | Scene, ViewLayer | Synchronizing object | Primary 33.5mm helical spring group mark.179
Fra:1 Mem:557.06M (Peak 557.06M) | Time:00:00.93 | Mem:0.00M, Peak:0.00M | Scene, ViewLayer | Synchronizing object | STUDIO sleeper.005
Fra:1 Mem:557.07M (Peak 557.07M) | Time:00:00.93 | Mem:0.00M, Peak:0.00M | Scene, ViewLayer | Synchronizing object | STUDIO fastening clip.019
Fra:1 Mem:557.05M (Peak 557.07M) | Time:00:00.93 | Mem:0.00M, Peak:0.00M | Scene, ViewLayer | Synchronizing object | STUDIO fastening clip.018
Fra:1 Mem:557.05M (Peak 557.07M) | Time:00:00.93 | Mem:0.00M, Peak:0.00M | Scene, ViewLayer | Synchronizing object | Dashpot oil filling vent screw hex head.012
Fra:1 Mem:557.05M (Peak 557.07M) | Time:00:00.93 | Mem:0.00M, Peak:0.00M | Scene, ViewLayer | Synchronizing object | STUDIO rail pad.009
Fra:1 Mem:557.05M (Peak 557.07M) | Time:00:00.93 | Mem:0.00M, Peak:0.00M | Scene, ViewLayer | Synchronizing object | STUDIO fastening clip.017
Fra:1 Mem:557.06M (Peak 557.07M) | Time:00:00.93 | Mem:0.00M, Peak:0.00M | Scene, ViewLayer | Synchronizing object | STUDIO fastening clip.016
Fra:1 Mem:557.06M (Peak 557.07M) | Time:00:00.93 | Mem:0.00M, Peak:0.00M | Scene, ViewLayer | Synchronizing object | Primary lower spring seat cup.013
Fra:1 Mem:557.07M (Peak 557.07M) | Time:00:00.93 | Mem:0.00M, Peak:0.00M | Scene, ViewLayer | Synchronizing object | Primary isolation rubber pad.013
Fra:1 Mem:557.07M (Peak 557.07M) | Time:00:00.93 | Mem:0.00M, Peak:0.00M | Scene, ViewLayer | Synchronizing object | Primary dashpot oil cylinder.013
Fra:1 Mem:557.09M (Peak 557.09M) | Time:00:00.93 | Mem:0.00M, Peak:0.00M | Scene, ViewLayer | Synchronizing object | STUDIO sleeper.004
Fra:1 Mem:557.09M (Peak 557.09M) | Time:00:00.93 | Mem:0.00M, Peak:0.00M | Scene, ViewLayer | Synchronizing object | Dashpot sealing lip.013
Fra:1 Mem:557.10M (Peak 557.10M) | Time:00:00.93 | Mem:0.00M, Peak:0.00M | Scene, ViewLayer | Synchronizing object | STUDIO fastening clip.015
Fra:1 Mem:557.10M (Peak 557.10M) | Time:00:00.93 | Mem:0.00M, Peak:0.00M | Scene, ViewLayer | Synchronizing object | Primary upper spring seat.013
Fra:1 Mem:557.12M (Peak 557.12M) | Time:00:00.93 | Mem:0.00M, Peak:0.00M | Scene, ViewLayer | Synchronizing object | STUDIO fastening clip.014
Fra:1 Mem:557.14M (Peak 557.14M) | Time:00:00.93 | Mem:0.00M, Peak:0.00M | Scene, ViewLayer | Synchronizing object | STUDIO rail pad.007
Fra:1 Mem:557.15M (Peak 557.15M) | Time:00:00.93 | Mem:0.00M, Peak:0.00M | Scene, ViewLayer | Synchronizing object | STUDIO fastening clip.013
Fra:1 Mem:557.15M (Peak 557.15M) | Time:00:00.93 | Mem:0.00M, Peak:0.00M | Scene, ViewLayer | Synchronizing object | Primary 33.5mm helical spring.013
Fra:1 Mem:557.15M (Peak 557.15M) | Time:00:00.93 | Mem:0.00M, Peak:0.00M | Scene, ViewLayer | Synchronizing object | STUDIO fastening clip.012
Fra:1 Mem:557.18M (Peak 557.18M) | Time:00:00.93 | Mem:0.00M, Peak:0.00M | Scene, ViewLayer | Synchronizing object | STUDIO rail pad.006
Fra:1 Mem:557.19M (Peak 557.19M) | Time:00:00.93 | Mem:0.00M, Peak:0.00M | Scene, ViewLayer | Synchronizing object | STUDIO sleeper.003
Fra:1 Mem:557.19M (Peak 557.19M) | Time:00:00.93 | Mem:0.00M, Peak:0.00M | Scene, ViewLayer | Synchronizing object | STUDIO fastening clip.011
Fra:1 Mem:557.19M (Peak 557.19M) | Time:00:00.93 | Mem:0.00M, Peak:0.00M | Scene, ViewLayer | Synchronizing object | Primary 33.5mm helical spring group mark.183
Fra:1 Mem:557.26M (Peak 557.26M) | Time:00:00.93 | Mem:0.00M, Peak:0.00M | Scene, ViewLayer | Synchronizing object | STUDIO fastening clip.010
Fra:1 Mem:557.28M (Peak 557.28M) | Time:00:00.93 | Mem:0.00M, Peak:0.00M | Scene, ViewLayer | Synchronizing object | Primary 33.5mm helical spring group mark.185
Fra:1 Mem:557.29M (Peak 557.29M) | Time:00:00.93 | Mem:0.00M, Peak:0.00M | Scene, ViewLayer | Synchronizing object | STUDIO rail pad.005
Fra:1 Mem:557.31M (Peak 557.31M) | Time:00:00.93 | Mem:0.00M, Peak:0.00M | Scene, ViewLayer | Synchronizing object | Primary 33.5mm helical spring group mark.187
Fra:1 Mem:557.31M (Peak 557.31M) | Time:00:00.93 | Mem:0.00M, Peak:0.00M | Scene, ViewLayer | Synchronizing object | STUDIO fastening clip.009
Fra:1 Mem:557.32M (Peak 557.32M) | Time:00:00.93 | Mem:0.00M, Peak:0.00M | Scene, ViewLayer | Synchronizing object | STUDIO fastening clip.008
Fra:1 Mem:557.32M (Peak 557.32M) | Time:00:00.93 | Mem:0.00M, Peak:0.00M | Scene, ViewLayer | Synchronizing object | Primary 33.5mm helical spring group mark.188
Fra:1 Mem:557.32M (Peak 557.32M) | Time:00:00.93 | Mem:0.00M, Peak:0.00M | Scene, ViewLayer | Synchronizing object | STUDIO rail pad.004
Fra:1 Mem:557.34M (Peak 557.34M) | Time:00:00.93 | Mem:0.00M, Peak:0.00M | Scene, ViewLayer | Synchronizing object | STUDIO sleeper.002
Fra:1 Mem:557.36M (Peak 557.36M) | Time:00:00.93 | Mem:0.00M, Peak:0.00M | Scene, ViewLayer | Synchronizing object | Primary 33.5mm helical spring group mark.190
Fra:1 Mem:557.37M (Peak 557.37M) | Time:00:00.93 | Mem:0.00M, Peak:0.00M | Scene, ViewLayer | Synchronizing object | STUDIO fastening clip.007
Fra:1 Mem:557.36M (Peak 557.37M) | Time:00:00.93 | Mem:0.00M, Peak:0.00M | Scene, ViewLayer | Synchronizing object | Primary 33.5mm helical spring group mark.191
Fra:1 Mem:557.36M (Peak 557.37M) | Time:00:00.93 | Mem:0.00M, Peak:0.00M | Scene, ViewLayer | Synchronizing object | Primary 33.5mm helical spring group mark.192
Fra:1 Mem:557.38M (Peak 557.38M) | Time:00:00.93 | Mem:0.00M, Peak:0.00M | Scene, ViewLayer | Synchronizing object | STUDIO rail pad.003
Fra:1 Mem:557.38M (Peak 557.38M) | Time:00:00.93 | Mem:0.00M, Peak:0.00M | Scene, ViewLayer | Synchronizing object | Primary 33.5mm helical spring group mark.193
Fra:1 Mem:557.38M (Peak 557.38M) | Time:00:00.93 | Mem:0.00M, Peak:0.00M | Scene, ViewLayer | Synchronizing object | STUDIO fastening clip.005
Fra:1 Mem:557.38M (Peak 557.38M) | Time:00:00.93 | Mem:0.00M, Peak:0.00M | Scene, ViewLayer | Synchronizing object | Primary 33.5mm helical spring group mark.195
Fra:1 Mem:557.38M (Peak 557.38M) | Time:00:00.93 | Mem:0.00M, Peak:0.00M | Scene, ViewLayer | Synchronizing object | STUDIO fastening clip.004
Fra:1 Mem:557.39M (Peak 557.39M) | Time:00:00.93 | Mem:0.00M, Peak:0.00M | Scene, ViewLayer | Synchronizing object | STUDIO rail pad.002
Fra:1 Mem:557.39M (Peak 557.39M) | Time:00:00.93 | Mem:0.00M, Peak:0.00M | Scene, ViewLayer | Synchronizing object | STUDIO sleeper.001
Fra:1 Mem:557.39M (Peak 557.39M) | Time:00:00.93 | Mem:0.00M, Peak:0.00M | Scene, ViewLayer | Synchronizing object | STUDIO fastening clip.003
Fra:1 Mem:557.40M (Peak 557.40M) | Time:00:00.93 | Mem:0.00M, Peak:0.00M | Scene, ViewLayer | Synchronizing object | Dashpot oil filling vent screw hex head.013
Fra:1 Mem:557.40M (Peak 557.40M) | Time:00:00.93 | Mem:0.00M, Peak:0.00M | Scene, ViewLayer | Synchronizing object | STUDIO fastening clip.002
Fra:1 Mem:557.40M (Peak 557.40M) | Time:00:00.93 | Mem:0.00M, Peak:0.00M | Scene, ViewLayer | Synchronizing object | STUDIO rail pad.001
Fra:1 Mem:557.40M (Peak 557.40M) | Time:00:00.93 | Mem:0.00M, Peak:0.00M | Scene, ViewLayer | Synchronizing object | Axlebox wing strengthening rib.012
Fra:1 Mem:557.43M (Peak 557.43M) | Time:00:00.93 | Mem:0.00M, Peak:0.00M | Scene, ViewLayer | Synchronizing object | STUDIO fastening clip
Fra:1 Mem:557.44M (Peak 557.44M) | Time:00:00.93 | Mem:0.00M, Peak:0.00M | Scene, ViewLayer | Synchronizing object | Axlebox wing strengthening rib.013
Fra:1 Mem:557.44M (Peak 557.44M) | Time:00:00.93 | Mem:0.00M, Peak:0.00M | Scene, ViewLayer | Synchronizing object | ICF monobloc 915mm dished wheel.007
Fra:1 Mem:557.46M (Peak 557.46M) | Time:00:00.93 | Mem:0.00M, Peak:0.00M | Scene, ViewLayer | Synchronizing object | Wheel hub machining line.007
Fra:1 Mem:557.56M (Peak 557.56M) | Time:00:00.93 | Mem:0.00M, Peak:0.00M | Scene, ViewLayer | Synchronizing object | STUDIO sleeper
Fra:1 Mem:557.55M (Peak 557.56M) | Time:00:00.93 | Mem:0.00M, Peak:0.00M | Scene, ViewLayer | Synchronizing object | STUDIO rail base.001
Fra:1 Mem:557.56M (Peak 557.56M) | Time:00:00.93 | Mem:0.00M, Peak:0.00M | Scene, ViewLayer | Synchronizing object | STUDIO rail web.001
Fra:1 Mem:557.56M (Peak 557.56M) | Time:00:00.93 | Mem:0.00M, Peak:0.00M | Scene, ViewLayer | Synchronizing object | Wheel rim witness line.007
Fra:1 Mem:557.60M (Peak 557.60M) | Time:00:00.93 | Mem:0.00M, Peak:0.00M | Scene, ViewLayer | Synchronizing object | STUDIO rail head.001
Fra:1 Mem:557.71M (Peak 557.71M) | Time:00:00.93 | Mem:0.00M, Peak:0.00M | Scene, ViewLayer | Synchronizing object | STUDIO rail base
Fra:1 Mem:557.71M (Peak 557.71M) | Time:00:00.93 | Mem:0.00M, Peak:0.00M | Scene, ViewLayer | Synchronizing object | Wing-type axlebox casting.007
Fra:1 Mem:557.79M (Peak 557.79M) | Time:00:00.93 | Mem:0.00M, Peak:0.00M | Scene, ViewLayer | Synchronizing object | STUDIO rail web
Fra:1 Mem:557.80M (Peak 557.80M) | Time:00:00.93 | Mem:0.00M, Peak:0.00M | Scene, ViewLayer | Synchronizing object | STUDIO rail head
Fra:1 Mem:557.80M (Peak 557.80M) | Time:00:00.93 | Mem:0.00M, Peak:0.00M | Scene, ViewLayer | Synchronizing object | STUDIO ground
Fra:1 Mem:557.80M (Peak 557.80M) | Time:00:00.93 | Mem:0.00M, Peak:0.00M | Scene, ViewLayer | Synchronizing object | Axlebox spherical bearing housing.007
Fra:1 Mem:557.81M (Peak 557.81M) | Time:00:00.93 | Mem:0.00M, Peak:0.00M | Scene, ViewLayer | Synchronizing object | Extinguisher fine print line.009
Fra:1 Mem:557.82M (Peak 557.82M) | Time:00:00.93 | Mem:0.00M, Peak:0.00M | Scene, ViewLayer | Synchronizing object | Extinguisher fine print line.008
Fra:1 Mem:557.82M (Peak 557.82M) | Time:00:00.93 | Mem:0.00M, Peak:0.00M | Scene, ViewLayer | Synchronizing object | Extinguisher fine print line.007
Fra:1 Mem:557.86M (Peak 557.86M) | Time:00:00.93 | Mem:0.00M, Peak:0.00M | Scene, ViewLayer | Synchronizing object | Axlebox circular gasket.007
Fra:1 Mem:557.86M (Peak 557.86M) | Time:00:00.93 | Mem:0.00M, Peak:0.00M | Scene, ViewLayer | Synchronizing object | Extinguisher fine print line.006
Fra:1 Mem:557.88M (Peak 557.88M) | Time:00:00.93 | Mem:0.00M, Peak:0.00M | Scene, ViewLayer | Synchronizing object | Extinguisher fine print line.005
Fra:1 Mem:557.88M (Peak 557.88M) | Time:00:00.93 | Mem:0.00M, Peak:0.00M | Scene, ViewLayer | Synchronizing object | Extinguisher instruction label.001
Fra:1 Mem:557.88M (Peak 557.88M) | Time:00:00.93 | Mem:0.00M, Peak:0.00M | Scene, ViewLayer | Synchronizing object | Axlebox bolted front cover.007
Fra:1 Mem:557.90M (Peak 557.90M) | Time:00:00.93 | Mem:0.00M, Peak:0.00M | Scene, ViewLayer | Synchronizing object | Extinguisher mounting strap.003
Fra:1 Mem:557.91M (Peak 557.91M) | Time:00:00.93 | Mem:0.00M, Peak:0.00M | Scene, ViewLayer | Synchronizing object | Axlebox centre inspection emboss.007
Fra:1 Mem:557.98M (Peak 557.98M) | Time:00:00.93 | Mem:0.00M, Peak:0.00M | Scene, ViewLayer | Synchronizing object | Axlebox cover M20 hex head.042
Fra:1 Mem:558.04M (Peak 558.04M) | Time:00:00.93 | Mem:0.00M, Peak:0.00M | Scene, ViewLayer | Synchronizing object | Axlebox cover M20 hex head.043
Fra:1 Mem:558.05M (Peak 558.05M) | Time:00:00.93 | Mem:0.00M, Peak:0.00M | Scene, ViewLayer | Synchronizing object | Axlebox cover M20 hex head.044
Fra:1 Mem:558.05M (Peak 558.05M) | Time:00:00.93 | Mem:0.00M, Peak:0.00M | Scene, ViewLayer | Synchronizing object | Extinguisher mounting strap.002
Fra:1 Mem:558.06M (Peak 558.06M) | Time:00:00.93 | Mem:0.00M, Peak:0.00M | Scene, ViewLayer | Synchronizing object | Axlebox cover M20 hex head.045
Fra:1 Mem:558.09M (Peak 558.09M) | Time:00:00.93 | Mem:0.00M, Peak:0.00M | Scene, ViewLayer | Synchronizing object | Axlebox cover M20 hex head.047
Fra:1 Mem:558.14M (Peak 558.14M) | Time:00:00.93 | Mem:0.00M, Peak:0.00M | Scene, ViewLayer | Synchronizing object | Extinguisher black hose.001
Fra:1 Mem:558.14M (Peak 558.14M) | Time:00:00.93 | Mem:0.00M, Peak:0.00M | Scene, ViewLayer | Synchronizing object | Extinguisher squeeze handle.001
Fra:1 Mem:558.15M (Peak 558.15M) | Time:00:00.93 | Mem:0.00M, Peak:0.00M | Scene, ViewLayer | Synchronizing object | Axlebox crown bump rubber.007
Fra:1 Mem:558.16M (Peak 558.16M) | Time:00:00.93 | Mem:0.00M, Peak:0.00M | Scene, ViewLayer | Synchronizing object | Extinguisher valve neck.001
Fra:1 Mem:558.16M (Peak 558.16M) | Time:00:00.93 | Mem:0.00M, Peak:0.00M | Scene, ViewLayer | Synchronizing object | Axlebox crown stop bracket.007
Fra:1 Mem:558.16M (Peak 558.16M) | Time:00:00.93 | Mem:0.00M, Peak:0.00M | Scene, ViewLayer | Synchronizing object | Vestibule fire extinguisher steel bottle.001
Fra:1 Mem:558.18M (Peak 558.18M) | Time:00:00.93 | Mem:0.00M, Peak:0.00M | Scene, ViewLayer | Synchronizing object | Extinguisher steel mounting backplate.001
Fra:1 Mem:558.18M (Peak 558.18M) | Time:00:00.93 | Mem:0.00M, Peak:0.00M | Scene, ViewLayer | Synchronizing object | Primary lower spring seat cup.014
Fra:1 Mem:558.19M (Peak 558.19M) | Time:00:00.93 | Mem:0.00M, Peak:0.00M | Scene, ViewLayer | Synchronizing object | Primary isolation rubber pad.014
Fra:1 Mem:558.24M (Peak 558.24M) | Time:00:00.93 | Mem:0.00M, Peak:0.00M | Scene, ViewLayer | Synchronizing object | Extinguisher fine print line.004
Fra:1 Mem:558.25M (Peak 558.25M) | Time:00:00.93 | Mem:0.00M, Peak:0.00M | Scene, ViewLayer | Synchronizing object | Extinguisher fine print line.003
Fra:1 Mem:558.25M (Peak 558.25M) | Time:00:00.93 | Mem:0.00M, Peak:0.00M | Scene, ViewLayer | Synchronizing object | Extinguisher fine print line.002
Fra:1 Mem:558.25M (Peak 558.25M) | Time:00:00.93 | Mem:0.00M, Peak:0.00M | Scene, ViewLayer | Synchronizing object | Primary dashpot oil cylinder.014
Fra:1 Mem:558.25M (Peak 558.25M) | Time:00:00.93 | Mem:0.00M, Peak:0.00M | Scene, ViewLayer | Synchronizing object | Telescopic axle guide piston sleeve.014
Fra:1 Mem:558.26M (Peak 558.26M) | Time:00:00.93 | Mem:0.00M, Peak:0.00M | Scene, ViewLayer | Synchronizing object | Extinguisher fine print line.001
Fra:1 Mem:558.26M (Peak 558.26M) | Time:00:00.93 | Mem:0.00M, Peak:0.00M | Scene, ViewLayer | Synchronizing object | Dashpot sealing lip.014
Fra:1 Mem:558.27M (Peak 558.27M) | Time:00:00.93 | Mem:0.00M, Peak:0.00M | Scene, ViewLayer | Synchronizing object | Extinguisher fine print line
Fra:1 Mem:558.32M (Peak 558.32M) | Time:00:00.93 | Mem:0.00M, Peak:0.00M | Scene, ViewLayer | Synchronizing object | Extinguisher instruction label
Fra:1 Mem:558.32M (Peak 558.32M) | Time:00:00.93 | Mem:0.00M, Peak:0.00M | Scene, ViewLayer | Synchronizing object | Primary upper spring seat.014
Fra:1 Mem:558.34M (Peak 558.34M) | Time:00:00.93 | Mem:0.00M, Peak:0.00M | Scene, ViewLayer | Synchronizing object | Extinguisher mounting strap.001
Fra:1 Mem:558.38M (Peak 558.38M) | Time:00:00.93 | Mem:0.00M, Peak:0.00M | Scene, ViewLayer | Synchronizing object | Primary 33.5mm helical spring.014
Fra:1 Mem:558.42M (Peak 558.42M) | Time:00:00.93 | Mem:0.00M, Peak:0.00M | Scene, ViewLayer | Synchronizing object | Primary 33.5mm helical spring group mark.196
Fra:1 Mem:558.47M (Peak 558.47M) | Time:00:00.93 | Mem:0.00M, Peak:0.00M | Scene, ViewLayer | Synchronizing object | Primary 33.5mm helical spring group mark.197
Fra:1 Mem:558.55M (Peak 558.55M) | Time:00:00.93 | Mem:0.00M, Peak:0.00M | Scene, ViewLayer | Synchronizing object | Primary 33.5mm helical spring group mark.198
Fra:1 Mem:558.53M (Peak 558.55M) | Time:00:00.93 | Mem:0.00M, Peak:0.00M | Scene, ViewLayer | Synchronizing object | Primary 33.5mm helical spring group mark.199
Fra:1 Mem:558.53M (Peak 558.55M) | Time:00:00.93 | Mem:0.00M, Peak:0.00M | Scene, ViewLayer | Synchronizing object | Primary 33.5mm helical spring group mark.200
Fra:1 Mem:558.55M (Peak 558.55M) | Time:00:00.93 | Mem:0.00M, Peak:0.00M | Scene, ViewLayer | Synchronizing object | Primary 33.5mm helical spring group mark.201
Fra:1 Mem:558.59M (Peak 558.59M) | Time:00:00.93 | Mem:0.00M, Peak:0.00M | Scene, ViewLayer | Synchronizing object | Primary 33.5mm helical spring group mark.202
Fra:1 Mem:558.61M (Peak 558.61M) | Time:00:00.93 | Mem:0.00M, Peak:0.00M | Scene, ViewLayer | Synchronizing object | Primary 33.5mm helical spring group mark.203
Fra:1 Mem:558.61M (Peak 558.61M) | Time:00:00.93 | Mem:0.00M, Peak:0.00M | Scene, ViewLayer | Synchronizing object | Primary 33.5mm helical spring group mark.204
Fra:1 Mem:558.65M (Peak 558.65M) | Time:00:00.93 | Mem:0.00M, Peak:0.00M | Scene, ViewLayer | Synchronizing object | Primary 33.5mm helical spring group mark.205
Fra:1 Mem:558.66M (Peak 558.66M) | Time:00:00.93 | Mem:0.00M, Peak:0.00M | Scene, ViewLayer | Synchronizing object | Primary 33.5mm helical spring group mark.206
Fra:1 Mem:558.66M (Peak 558.66M) | Time:00:00.93 | Mem:0.00M, Peak:0.00M | Scene, ViewLayer | Synchronizing object | Primary 33.5mm helical spring group mark.207
Fra:1 Mem:558.66M (Peak 558.66M) | Time:00:00.93 | Mem:0.00M, Peak:0.00M | Scene, ViewLayer | Synchronizing object | Primary 33.5mm helical spring group mark.208
Fra:1 Mem:558.68M (Peak 558.68M) | Time:00:00.93 | Mem:0.00M, Peak:0.00M | Scene, ViewLayer | Synchronizing object | Primary 33.5mm helical spring group mark.209
Fra:1 Mem:558.68M (Peak 558.68M) | Time:00:00.93 | Mem:0.00M, Peak:0.00M | Scene, ViewLayer | Synchronizing object | Extinguisher squeeze handle
Fra:1 Mem:558.70M (Peak 558.70M) | Time:00:00.93 | Mem:0.00M, Peak:0.00M | Scene, ViewLayer | Synchronizing object | Extinguisher valve neck
Fra:1 Mem:558.70M (Peak 558.70M) | Time:00:00.93 | Mem:0.00M, Peak:0.00M | Scene, ViewLayer | Synchronizing object | Dashpot oil filling vent screw hex head.014
Fra:1 Mem:558.70M (Peak 558.70M) | Time:00:00.93 | Mem:0.00M, Peak:0.00M | Scene, ViewLayer | Synchronizing object | Vestibule fire extinguisher steel bottle
Fra:1 Mem:558.71M (Peak 558.71M) | Time:00:00.93 | Mem:0.00M, Peak:0.00M | Scene, ViewLayer | Synchronizing object | Dashpot safety U bolt.014
Fra:1 Mem:558.73M (Peak 558.73M) | Time:00:00.93 | Mem:0.00M, Peak:0.00M | Scene, ViewLayer | Synchronizing object | Primary lower spring seat cup.015
Fra:1 Mem:558.74M (Peak 558.74M) | Time:00:00.93 | Mem:0.00M, Peak:0.00M | Scene, ViewLayer | Synchronizing object | Extinguisher steel mounting backplate
Fra:1 Mem:558.75M (Peak 558.75M) | Time:00:00.93 | Mem:0.00M, Peak:0.00M | Scene, ViewLayer | Synchronizing object | General bench upper edge protector.035
Fra:1 Mem:558.75M (Peak 558.75M) | Time:00:00.93 | Mem:0.00M, Peak:0.00M | Scene, ViewLayer | Synchronizing object | Primary isolation rubber pad.015
Fra:1 Mem:558.76M (Peak 558.76M) | Time:00:00.93 | Mem:0.00M, Peak:0.00M | Scene, ViewLayer | Synchronizing object | Primary dashpot oil cylinder.015
Fra:1 Mem:558.76M (Peak 558.76M) | Time:00:00.93 | Mem:0.00M, Peak:0.00M | Scene, ViewLayer | Synchronizing object | General bench upper edge protector.034
Fra:1 Mem:558.77M (Peak 558.77M) | Time:00:00.93 | Mem:0.00M, Peak:0.00M | Scene, ViewLayer | Synchronizing object | Telescopic axle guide piston sleeve.015
Fra:1 Mem:558.79M (Peak 558.79M) | Time:00:00.93 | Mem:0.00M, Peak:0.00M | Scene, ViewLayer | Synchronizing object | General bench upper edge protector.033
Fra:1 Mem:558.80M (Peak 558.80M) | Time:00:00.93 | Mem:0.00M, Peak:0.00M | Scene, ViewLayer | Synchronizing object | Dashpot sealing lip.015
Fra:1 Mem:558.83M (Peak 558.83M) | Time:00:00.93 | Mem:0.00M, Peak:0.00M | Scene, ViewLayer | Synchronizing object | General bench upper edge protector.032
Fra:1 Mem:558.83M (Peak 558.83M) | Time:00:00.93 | Mem:0.00M, Peak:0.00M | Scene, ViewLayer | Synchronizing object | Primary upper spring seat.015
Fra:1 Mem:558.85M (Peak 558.85M) | Time:00:00.93 | Mem:0.00M, Peak:0.00M | Scene, ViewLayer | Synchronizing object | General bench upper edge protector.031
Fra:1 Mem:558.87M (Peak 558.87M) | Time:00:00.93 | Mem:0.00M, Peak:0.00M | Scene, ViewLayer | Synchronizing object | Primary 33.5mm helical spring.015
Fra:1 Mem:558.87M (Peak 558.87M) | Time:00:00.93 | Mem:0.00M, Peak:0.00M | Scene, ViewLayer | Synchronizing object | General bench upper edge protector.030
Fra:1 Mem:558.90M (Peak 558.90M) | Time:00:00.93 | Mem:0.00M, Peak:0.00M | Scene, ViewLayer | Synchronizing object | General bench upper edge protector.029
Fra:1 Mem:558.89M (Peak 558.90M) | Time:00:00.93 | Mem:0.00M, Peak:0.00M | Scene, ViewLayer | Synchronizing object | General bench upper edge protector.028
Fra:1 Mem:558.98M (Peak 558.98M) | Time:00:00.93 | Mem:0.00M, Peak:0.00M | Scene, ViewLayer | Synchronizing object | General bench upper edge protector.027
Fra:1 Mem:559.00M (Peak 559.00M) | Time:00:00.93 | Mem:0.00M, Peak:0.00M | Scene, ViewLayer | Synchronizing object | Primary 33.5mm helical spring group mark.211
Fra:1 Mem:559.01M (Peak 559.01M) | Time:00:00.93 | Mem:0.00M, Peak:0.00M | Scene, ViewLayer | Synchronizing object | Primary 33.5mm helical spring group mark.212
Fra:1 Mem:559.05M (Peak 559.05M) | Time:00:00.93 | Mem:0.00M, Peak:0.00M | Scene, ViewLayer | Synchronizing object | General bench upper edge protector.025
Fra:1 Mem:559.05M (Peak 559.05M) | Time:00:00.93 | Mem:0.00M, Peak:0.00M | Scene, ViewLayer | Synchronizing object | Primary 33.5mm helical spring group mark.213
Fra:1 Mem:559.06M (Peak 559.06M) | Time:00:00.93 | Mem:0.00M, Peak:0.00M | Scene, ViewLayer | Synchronizing object | General bench upper edge protector.024
Fra:1 Mem:559.07M (Peak 559.07M) | Time:00:00.93 | Mem:0.00M, Peak:0.00M | Scene, ViewLayer | Synchronizing object | General bench upper edge protector.023
Fra:1 Mem:559.08M (Peak 559.08M) | Time:00:00.93 | Mem:0.00M, Peak:0.00M | Scene, ViewLayer | Synchronizing object | General bench upper edge protector.022
Fra:1 Mem:559.08M (Peak 559.08M) | Time:00:00.93 | Mem:0.00M, Peak:0.00M | Scene, ViewLayer | Synchronizing object | Primary 33.5mm helical spring group mark.215
Fra:1 Mem:559.08M (Peak 559.08M) | Time:00:00.93 | Mem:0.00M, Peak:0.00M | Scene, ViewLayer | Synchronizing object | General bench upper edge protector.021
Fra:1 Mem:559.09M (Peak 559.09M) | Time:00:00.93 | Mem:0.00M, Peak:0.00M | Scene, ViewLayer | Synchronizing object | General bench upper edge protector.020
Fra:1 Mem:559.09M (Peak 559.09M) | Time:00:00.93 | Mem:0.00M, Peak:0.00M | Scene, ViewLayer | Synchronizing object | General bench upper edge protector.019
Fra:1 Mem:559.11M (Peak 559.11M) | Time:00:00.93 | Mem:0.00M, Peak:0.00M | Scene, ViewLayer | Synchronizing object | Primary 33.5mm helical spring group mark.217
Fra:1 Mem:559.12M (Peak 559.12M) | Time:00:00.93 | Mem:0.00M, Peak:0.00M | Scene, ViewLayer | Synchronizing object | General bench upper edge protector.018
Fra:1 Mem:559.13M (Peak 559.13M) | Time:00:00.93 | Mem:0.00M, Peak:0.00M | Scene, ViewLayer | Synchronizing object | General bench upper edge protector.017
Fra:1 Mem:559.16M (Peak 559.16M) | Time:00:00.93 | Mem:0.00M, Peak:0.00M | Scene, ViewLayer | Synchronizing object | Primary 33.5mm helical spring group mark.218
Fra:1 Mem:559.18M (Peak 559.18M) | Time:00:00.93 | Mem:0.00M, Peak:0.00M | Scene, ViewLayer | Synchronizing object | General bench upper edge protector.016
Fra:1 Mem:559.14M (Peak 559.18M) | Time:00:00.93 | Mem:0.00M, Peak:0.00M | Scene, ViewLayer | Synchronizing object | Primary 33.5mm helical spring group mark.220
Fra:1 Mem:559.16M (Peak 559.18M) | Time:00:00.93 | Mem:0.00M, Peak:0.00M | Scene, ViewLayer | Synchronizing object | Primary 33.5mm helical spring group mark.221
Fra:1 Mem:559.15M (Peak 559.18M) | Time:00:00.93 | Mem:0.00M, Peak:0.00M | Scene, ViewLayer | Synchronizing object | Primary 33.5mm helical spring group mark.222
Fra:1 Mem:559.16M (Peak 559.18M) | Time:00:00.93 | Mem:0.00M, Peak:0.00M | Scene, ViewLayer | Synchronizing object | Primary 33.5mm helical spring group mark.223
Fra:1 Mem:559.16M (Peak 559.18M) | Time:00:00.93 | Mem:0.00M, Peak:0.00M | Scene, ViewLayer | Synchronizing object | Dashpot oil filling vent screw hex head.015
Fra:1 Mem:559.17M (Peak 559.18M) | Time:00:00.93 | Mem:0.00M, Peak:0.00M | Scene, ViewLayer | Synchronizing object | Dashpot safety U bolt.015
Fra:1 Mem:559.17M (Peak 559.18M) | Time:00:00.93 | Mem:0.00M, Peak:0.00M | Scene, ViewLayer | Synchronizing object | General bench upper edge protector.014
Fra:1 Mem:559.17M (Peak 559.18M) | Time:00:00.93 | Mem:0.00M, Peak:0.00M | Scene, ViewLayer | Synchronizing object | Axlebox wing strengthening rib.014
Fra:1 Mem:559.18M (Peak 559.18M) | Time:00:00.93 | Mem:0.00M, Peak:0.00M | Scene, ViewLayer | Synchronizing object | General bench upper edge protector.013
Fra:1 Mem:559.18M (Peak 559.18M) | Time:00:00.93 | Mem:0.00M, Peak:0.00M | Scene, ViewLayer | Synchronizing object | Brake transverse channel beam.004
Fra:1 Mem:559.18M (Peak 559.18M) | Time:00:00.93 | Mem:0.00M, Peak:0.00M | Scene, ViewLayer | Synchronizing object | Brake beam tension truss.008
Fra:1 Mem:559.19M (Peak 559.19M) | Time:00:00.93 | Mem:0.00M, Peak:0.00M | Scene, ViewLayer | Synchronizing object | General bench upper edge protector.012
Fra:1 Mem:559.19M (Peak 559.19M) | Time:00:00.93 | Mem:0.00M, Peak:0.00M | Scene, ViewLayer | Synchronizing object | Brake beam tension truss.009
Fra:1 Mem:559.20M (Peak 559.20M) | Time:00:00.93 | Mem:0.00M, Peak:0.00M | Scene, ViewLayer | Synchronizing object | General bench upper edge protector.011
Fra:1 Mem:559.22M (Peak 559.22M) | Time:00:00.93 | Mem:0.00M, Peak:0.00M | Scene, ViewLayer | Synchronizing object | Curved K-type composition tread brake block.008
Fra:1 Mem:559.21M (Peak 559.22M) | Time:00:00.93 | Mem:0.00M, Peak:0.00M | Scene, ViewLayer | Synchronizing object | Brake head cast backplate.008
Fra:1 Mem:559.21M (Peak 559.22M) | Time:00:00.93 | Mem:0.00M, Peak:0.00M | Scene, ViewLayer | Synchronizing object | Brake head shoe retaining pin pin.008
Fra:1 Mem:559.22M (Peak 559.22M) | Time:00:00.93 | Mem:0.00M, Peak:0.00M | Scene, ViewLayer | Synchronizing object | Brake head shoe retaining pin retaining washer.016
Fra:1 Mem:559.24M (Peak 559.24M) | Time:00:00.93 | Mem:0.00M, Peak:0.00M | Scene, ViewLayer | Synchronizing object | General bench upper edge protector.009
Fra:1 Mem:559.24M (Peak 559.24M) | Time:00:00.93 | Mem:0.00M, Peak:0.00M | Scene, ViewLayer | Synchronizing object | Brake head shoe retaining pin retaining hex head.016
Fra:1 Mem:559.24M (Peak 559.24M) | Time:00:00.93 | Mem:0.00M, Peak:0.00M | Scene, ViewLayer | Synchronizing object | General bench upper edge protector.008
Fra:1 Mem:559.25M (Peak 559.25M) | Time:00:00.93 | Mem:0.00M, Peak:0.00M | Scene, ViewLayer | Synchronizing object | General bench upper edge protector.007
Fra:1 Mem:559.25M (Peak 559.25M) | Time:00:00.93 | Mem:0.00M, Peak:0.00M | Scene, ViewLayer | Synchronizing object | General bench upper edge protector.006
Fra:1 Mem:559.25M (Peak 559.25M) | Time:00:00.93 | Mem:0.00M, Peak:0.00M | Scene, ViewLayer | Synchronizing object | Brake block suspension hanger eye.016
Fra:1 Mem:559.27M (Peak 559.27M) | Time:00:00.93 | Mem:0.00M, Peak:0.00M | Scene, ViewLayer | Synchronizing object | General bench upper edge protector.005
Fra:1 Mem:559.27M (Peak 559.27M) | Time:00:00.93 | Mem:0.00M, Peak:0.00M | Scene, ViewLayer | Synchronizing object | Brake block suspension hanger eye.017
Fra:1 Mem:559.27M (Peak 559.27M) | Time:00:00.93 | Mem:0.00M, Peak:0.00M | Scene, ViewLayer | Synchronizing object | Brake hanger upper pivot pin.008
Fra:1 Mem:559.28M (Peak 559.28M) | Time:00:00.93 | Mem:0.00M, Peak:0.00M | Scene, ViewLayer | Synchronizing object | General bench upper edge protector.004
Fra:1 Mem:559.28M (Peak 559.28M) | Time:00:00.93 | Mem:0.00M, Peak:0.00M | Scene, ViewLayer | Synchronizing object | Brake hanger upper pivot retaining hex head.016
Fra:1 Mem:559.29M (Peak 559.29M) | Time:00:00.93 | Mem:0.00M, Peak:0.00M | Scene, ViewLayer | Synchronizing object | General bench upper edge protector.003
Fra:1 Mem:559.29M (Peak 559.29M) | Time:00:00.93 | Mem:0.00M, Peak:0.00M | Scene, ViewLayer | Synchronizing object | Brake hanger upper pivot retaining washer.017
Fra:1 Mem:559.30M (Peak 559.30M) | Time:00:00.93 | Mem:0.00M, Peak:0.00M | Scene, ViewLayer | Synchronizing object | Brake hanger upper pivot retaining hex head.017
Fra:1 Mem:559.30M (Peak 559.30M) | Time:00:00.93 | Mem:0.00M, Peak:0.00M | Scene, ViewLayer | Synchronizing object | General bench upper edge protector.002
Fra:1 Mem:559.31M (Peak 559.31M) | Time:00:00.93 | Mem:0.00M, Peak:0.00M | Scene, ViewLayer | Synchronizing object | Brake beam safety wire rope.008
Fra:1 Mem:559.31M (Peak 559.31M) | Time:00:00.93 | Mem:0.00M, Peak:0.00M | Scene, ViewLayer | Synchronizing object | General bench upper edge protector.001
Fra:1 Mem:559.32M (Peak 559.32M) | Time:00:00.93 | Mem:0.00M, Peak:0.00M | Scene, ViewLayer | Synchronizing object | General bench upper edge protector
Fra:1 Mem:559.33M (Peak 559.33M) | Time:00:00.93 | Mem:0.00M, Peak:0.00M | Scene, ViewLayer | Synchronizing object | Brake head shoe retaining pin pin.009
Fra:1 Mem:559.34M (Peak 559.34M) | Time:00:00.93 | Mem:0.00M, Peak:0.00M | Scene, ViewLayer | Synchronizing object | General cross aisle grab rail.008
Fra:1 Mem:559.35M (Peak 559.35M) | Time:00:00.93 | Mem:0.00M, Peak:0.00M | Scene, ViewLayer | Synchronizing object | Brake head shoe retaining pin retaining hex head.018
Fra:1 Mem:559.35M (Peak 559.35M) | Time:00:00.93 | Mem:0.00M, Peak:0.00M | Scene, ViewLayer | Synchronizing object | General stanchion luggage rack tie.017
Fra:1 Mem:559.35M (Peak 559.35M) | Time:00:00.93 | Mem:0.00M, Peak:0.00M | Scene, ViewLayer | Synchronizing object | Brake head shoe retaining pin retaining washer.019
Fra:1 Mem:559.35M (Peak 559.35M) | Time:00:00.93 | Mem:0.00M, Peak:0.00M | Scene, ViewLayer | Synchronizing object | Brake head shoe retaining pin retaining hex head.019
Fra:1 Mem:559.35M (Peak 559.35M) | Time:00:00.93 | Mem:0.00M, Peak:0.00M | Scene, ViewLayer | Synchronizing object | General stanchion floor foot.017
Fra:1 Mem:559.37M (Peak 559.37M) | Time:00:00.93 | Mem:0.00M, Peak:0.00M | Scene, ViewLayer | Synchronizing object | Brake block suspension hanger eye.018
Fra:1 Mem:559.37M (Peak 559.37M) | Time:00:00.93 | Mem:0.00M, Peak:0.00M | Scene, ViewLayer | Synchronizing object | General coach aisle grab stanchion.017
Fra:1 Mem:559.39M (Peak 559.39M) | Time:00:00.93 | Mem:0.00M, Peak:0.00M | Scene, ViewLayer | Synchronizing object | Brake block suspension hanger eye.019
Fra:1 Mem:559.40M (Peak 559.40M) | Time:00:00.93 | Mem:0.00M, Peak:0.00M | Scene, ViewLayer | Synchronizing object | Brake hanger upper pivot pin.009
Fra:1 Mem:559.41M (Peak 559.41M) | Time:00:00.93 | Mem:0.00M, Peak:0.00M | Scene, ViewLayer | Synchronizing object | Brake hanger upper pivot retaining hex head.018
Fra:1 Mem:559.40M (Peak 559.41M) | Time:00:00.93 | Mem:0.00M, Peak:0.00M | Scene, ViewLayer | Synchronizing object | General stanchion floor foot.016
Fra:1 Mem:559.40M (Peak 559.41M) | Time:00:00.93 | Mem:0.00M, Peak:0.00M | Scene, ViewLayer | Synchronizing object | Brake hanger upper pivot retaining washer.019
Fra:1 Mem:559.41M (Peak 559.41M) | Time:00:00.93 | Mem:0.00M, Peak:0.00M | Scene, ViewLayer | Synchronizing object | General coach aisle grab stanchion.016
Fra:1 Mem:559.41M (Peak 559.41M) | Time:00:00.93 | Mem:0.00M, Peak:0.00M | Scene, ViewLayer | Synchronizing object | Brake hanger upper pivot retaining hex head.019
Fra:1 Mem:559.43M (Peak 559.43M) | Time:00:00.93 | Mem:0.00M, Peak:0.00M | Scene, ViewLayer | Synchronizing object | General cross aisle grab rail.007
Fra:1 Mem:559.43M (Peak 559.43M) | Time:00:00.93 | Mem:0.00M, Peak:0.00M | Scene, ViewLayer | Synchronizing object | Brake beam safety wire rope.009
Fra:1 Mem:559.43M (Peak 559.43M) | Time:00:00.93 | Mem:0.00M, Peak:0.00M | Scene, ViewLayer | Synchronizing object | Brake transverse channel beam.005
Fra:1 Mem:559.44M (Peak 559.44M) | Time:00:00.93 | Mem:0.00M, Peak:0.00M | Scene, ViewLayer | Synchronizing object | Brake beam tension truss.011
Fra:1 Mem:559.45M (Peak 559.45M) | Time:00:00.93 | Mem:0.00M, Peak:0.00M | Scene, ViewLayer | Synchronizing object | Curved K-type composition tread brake block.010
Fra:1 Mem:559.46M (Peak 559.46M) | Time:00:00.93 | Mem:0.00M, Peak:0.00M | Scene, ViewLayer | Synchronizing object | General stanchion floor foot.015
Fra:1 Mem:559.46M (Peak 559.46M) | Time:00:00.93 | Mem:0.00M, Peak:0.00M | Scene, ViewLayer | Synchronizing object | Brake head shoe retaining pin pin.010
Fra:1 Mem:559.48M (Peak 559.48M) | Time:00:00.93 | Mem:0.00M, Peak:0.00M | Scene, ViewLayer | Synchronizing object | Brake head shoe retaining pin retaining washer.020
Fra:1 Mem:559.48M (Peak 559.48M) | Time:00:00.93 | Mem:0.00M, Peak:0.00M | Scene, ViewLayer | Synchronizing object | Brake head shoe retaining pin retaining hex head.020
Fra:1 Mem:559.49M (Peak 559.49M) | Time:00:00.93 | Mem:0.00M, Peak:0.00M | Scene, ViewLayer | Synchronizing object | Brake head shoe retaining pin retaining washer.021
Fra:1 Mem:559.50M (Peak 559.50M) | Time:00:00.93 | Mem:0.00M, Peak:0.00M | Scene, ViewLayer | Synchronizing object | Brake head shoe retaining pin retaining hex head.021
Fra:1 Mem:559.50M (Peak 559.50M) | Time:00:00.93 | Mem:0.00M, Peak:0.00M | Scene, ViewLayer | Synchronizing object | Brake block suspension hanger strap.010
Fra:1 Mem:559.50M (Peak 559.50M) | Time:00:00.93 | Mem:0.00M, Peak:0.00M | Scene, ViewLayer | Synchronizing object | Brake block suspension hanger eye.020
Fra:1 Mem:559.51M (Peak 559.51M) | Time:00:00.93 | Mem:0.00M, Peak:0.00M | Scene, ViewLayer | Synchronizing object | General stanchion floor foot.014
Fra:1 Mem:559.52M (Peak 559.52M) | Time:00:00.93 | Mem:0.00M, Peak:0.00M | Scene, ViewLayer | Synchronizing object | Brake block suspension hanger eye.021
Fra:1 Mem:559.52M (Peak 559.52M) | Time:00:00.93 | Mem:0.00M, Peak:0.00M | Scene, ViewLayer | Synchronizing object | Brake hanger upper pivot pin.010
Fra:1 Mem:559.53M (Peak 559.53M) | Time:00:00.93 | Mem:0.00M, Peak:0.00M | Scene, ViewLayer | Synchronizing object | Brake hanger upper pivot retaining hex head.020
Fra:1 Mem:559.54M (Peak 559.54M) | Time:00:00.93 | Mem:0.00M, Peak:0.00M | Scene, ViewLayer | Synchronizing object | General cross aisle grab rail.006
Fra:1 Mem:559.56M (Peak 559.56M) | Time:00:00.93 | Mem:0.00M, Peak:0.00M | Scene, ViewLayer | Synchronizing object | Brake hanger upper pivot retaining washer.021
Fra:1 Mem:559.55M (Peak 559.56M) | Time:00:00.93 | Mem:0.00M, Peak:0.00M | Scene, ViewLayer | Synchronizing object | Brake hanger upper pivot retaining hex head.021
Fra:1 Mem:559.55M (Peak 559.56M) | Time:00:00.93 | Mem:0.00M, Peak:0.00M | Scene, ViewLayer | Synchronizing object | General stanchion luggage rack tie.013
Fra:1 Mem:559.56M (Peak 559.56M) | Time:00:00.93 | Mem:0.00M, Peak:0.00M | Scene, ViewLayer | Synchronizing object | Brake beam safety wire rope.010
Fra:1 Mem:559.56M (Peak 559.56M) | Time:00:00.93 | Mem:0.00M, Peak:0.00M | Scene, ViewLayer | Synchronizing object | General stanchion floor foot.013
Fra:1 Mem:559.57M (Peak 559.57M) | Time:00:00.93 | Mem:0.00M, Peak:0.00M | Scene, ViewLayer | Synchronizing object | Brake head cast backplate.011
Fra:1 Mem:559.58M (Peak 559.58M) | Time:00:00.93 | Mem:0.00M, Peak:0.00M | Scene, ViewLayer | Synchronizing object | General coach aisle grab stanchion.013
Fra:1 Mem:559.59M (Peak 559.59M) | Time:00:00.93 | Mem:0.00M, Peak:0.00M | Scene, ViewLayer | Synchronizing object | Brake head shoe retaining pin pin.011
Fra:1 Mem:559.59M (Peak 559.59M) | Time:00:00.93 | Mem:0.00M, Peak:0.00M | Scene, ViewLayer | Synchronizing object | General stanchion luggage rack tie.012
Fra:1 Mem:559.60M (Peak 559.60M) | Time:00:00.93 | Mem:0.00M, Peak:0.00M | Scene, ViewLayer | Synchronizing object | Brake head shoe retaining pin retaining hex head.022
Fra:1 Mem:559.61M (Peak 559.61M) | Time:00:00.93 | Mem:0.00M, Peak:0.00M | Scene, ViewLayer | Synchronizing object | General stanchion floor foot.012
Fra:1 Mem:559.62M (Peak 559.62M) | Time:00:00.93 | Mem:0.00M, Peak:0.00M | Scene, ViewLayer | Synchronizing object | Brake head shoe retaining pin retaining washer.023
Fra:1 Mem:559.62M (Peak 559.62M) | Time:00:00.93 | Mem:0.00M, Peak:0.00M | Scene, ViewLayer | Synchronizing object | Brake block suspension hanger strap.011
Fra:1 Mem:559.62M (Peak 559.62M) | Time:00:00.93 | Mem:0.00M, Peak:0.00M | Scene, ViewLayer | Synchronizing object | General coach aisle grab stanchion.012
Fra:1 Mem:559.63M (Peak 559.63M) | Time:00:00.93 | Mem:0.00M, Peak:0.00M | Scene, ViewLayer | Synchronizing object | Brake block suspension hanger eye.022
Fra:1 Mem:559.63M (Peak 559.63M) | Time:00:00.93 | Mem:0.00M, Peak:0.00M | Scene, ViewLayer | Synchronizing object | General cross aisle grab rail.005
Fra:1 Mem:559.63M (Peak 559.63M) | Time:00:00.93 | Mem:0.00M, Peak:0.00M | Scene, ViewLayer | Synchronizing object | Brake block suspension hanger eye.023
Fra:1 Mem:559.65M (Peak 559.65M) | Time:00:00.93 | Mem:0.00M, Peak:0.00M | Scene, ViewLayer | Synchronizing object | Brake hanger upper pivot pin.011
Fra:1 Mem:559.65M (Peak 559.65M) | Time:00:00.93 | Mem:0.00M, Peak:0.00M | Scene, ViewLayer | Synchronizing object | General stanchion luggage rack tie.011
Fra:1 Mem:559.65M (Peak 559.65M) | Time:00:00.93 | Mem:0.00M, Peak:0.00M | Scene, ViewLayer | Synchronizing object | Brake hanger upper pivot retaining hex head.022
Fra:1 Mem:559.66M (Peak 559.66M) | Time:00:00.93 | Mem:0.00M, Peak:0.00M | Scene, ViewLayer | Synchronizing object | Brake hanger upper pivot retaining washer.023
Fra:1 Mem:559.66M (Peak 559.66M) | Time:00:00.93 | Mem:0.00M, Peak:0.00M | Scene, ViewLayer | Synchronizing object | Brake hanger upper pivot retaining hex head.023
Fra:1 Mem:559.67M (Peak 559.67M) | Time:00:00.93 | Mem:0.00M, Peak:0.00M | Scene, ViewLayer | Synchronizing object | Brake beam safety wire rope.011
Fra:1 Mem:559.68M (Peak 559.68M) | Time:00:00.93 | Mem:0.00M, Peak:0.00M | Scene, ViewLayer | Synchronizing object | Brake transverse channel beam.006
Fra:1 Mem:559.68M (Peak 559.68M) | Time:00:00.93 | Mem:0.00M, Peak:0.00M | Scene, ViewLayer | Synchronizing object | General coach aisle grab stanchion.011
Fra:1 Mem:559.69M (Peak 559.69M) | Time:00:00.93 | Mem:0.00M, Peak:0.00M | Scene, ViewLayer | Synchronizing object | Brake beam tension truss.013
Fra:1 Mem:559.69M (Peak 559.69M) | Time:00:00.93 | Mem:0.00M, Peak:0.00M | Scene, ViewLayer | Synchronizing object | Curved K-type composition tread brake block.012
Fra:1 Mem:559.70M (Peak 559.70M) | Time:00:00.93 | Mem:0.00M, Peak:0.00M | Scene, ViewLayer | Synchronizing object | Brake head cast backplate.012
Fra:1 Mem:559.71M (Peak 559.71M) | Time:00:00.93 | Mem:0.00M, Peak:0.00M | Scene, ViewLayer | Synchronizing object | General stanchion luggage rack tie.010
Fra:1 Mem:559.72M (Peak 559.72M) | Time:00:00.93 | Mem:0.00M, Peak:0.00M | Scene, ViewLayer | Synchronizing object | Brake head shoe retaining pin pin.012
Fra:1 Mem:559.72M (Peak 559.72M) | Time:00:00.93 | Mem:0.00M, Peak:0.00M | Scene, ViewLayer | Synchronizing object | Brake head shoe retaining pin retaining washer.024
Fra:1 Mem:559.72M (Peak 559.72M) | Time:00:00.93 | Mem:0.00M, Peak:0.00M | Scene, ViewLayer | Synchronizing object | General stanchion floor foot.010
Fra:1 Mem:559.74M (Peak 559.74M) | Time:00:00.93 | Mem:0.00M, Peak:0.00M | Scene, ViewLayer | Synchronizing object | Brake head shoe retaining pin retaining hex head.024
Fra:1 Mem:559.74M (Peak 559.74M) | Time:00:00.93 | Mem:0.00M, Peak:0.00M | Scene, ViewLayer | Synchronizing object | General coach aisle grab stanchion.010
Fra:1 Mem:559.74M (Peak 559.74M) | Time:00:00.93 | Mem:0.00M, Peak:0.00M | Scene, ViewLayer | Synchronizing object | Brake head shoe retaining pin retaining hex head.025
Fra:1 Mem:559.74M (Peak 559.74M) | Time:00:00.93 | Mem:0.00M, Peak:0.00M | Scene, ViewLayer | Synchronizing object | Brake block suspension hanger strap.012
Fra:1 Mem:559.75M (Peak 559.75M) | Time:00:00.93 | Mem:0.00M, Peak:0.00M | Scene, ViewLayer | Synchronizing object | General cross aisle grab rail.004
Fra:1 Mem:559.77M (Peak 559.77M) | Time:00:00.93 | Mem:0.00M, Peak:0.00M | Scene, ViewLayer | Synchronizing object | Brake block suspension hanger eye.024
Fra:1 Mem:559.76M (Peak 559.77M) | Time:00:00.93 | Mem:0.00M, Peak:0.00M | Scene, ViewLayer | Synchronizing object | Brake block suspension hanger eye.025
Fra:1 Mem:559.76M (Peak 559.77M) | Time:00:00.93 | Mem:0.00M, Peak:0.00M | Scene, ViewLayer | Synchronizing object | General stanchion luggage rack tie.009
Fra:1 Mem:559.77M (Peak 559.77M) | Time:00:00.93 | Mem:0.00M, Peak:0.00M | Scene, ViewLayer | Synchronizing object | Brake hanger upper pivot pin.012
Fra:1 Mem:559.78M (Peak 559.78M) | Time:00:00.93 | Mem:0.00M, Peak:0.00M | Scene, ViewLayer | Synchronizing object | General stanchion floor foot.009
Fra:1 Mem:559.78M (Peak 559.78M) | Time:00:00.93 | Mem:0.00M, Peak:0.00M | Scene, ViewLayer | Synchronizing object | Brake hanger upper pivot retaining hex head.024
Fra:1 Mem:559.79M (Peak 559.79M) | Time:00:00.93 | Mem:0.00M, Peak:0.00M | Scene, ViewLayer | Synchronizing object | Brake hanger upper pivot retaining washer.025
Fra:1 Mem:559.81M (Peak 559.81M) | Time:00:00.93 | Mem:0.00M, Peak:0.00M | Scene, ViewLayer | Synchronizing object | General coach aisle grab stanchion.009
Fra:1 Mem:559.80M (Peak 559.81M) | Time:00:00.93 | Mem:0.00M, Peak:0.00M | Scene, ViewLayer | Synchronizing object | Brake beam safety wire rope.012
Fra:1 Mem:559.82M (Peak 559.82M) | Time:00:00.93 | Mem:0.00M, Peak:0.00M | Scene, ViewLayer | Synchronizing object | Curved K-type composition tread brake block.013
Fra:1 Mem:559.81M (Peak 559.82M) | Time:00:00.93 | Mem:0.00M, Peak:0.00M | Scene, ViewLayer | Synchronizing object | Brake head cast backplate.013
Fra:1 Mem:559.82M (Peak 559.82M) | Time:00:00.93 | Mem:0.00M, Peak:0.00M | Scene, ViewLayer | Synchronizing object | General stanchion luggage rack tie.008
Fra:1 Mem:559.83M (Peak 559.83M) | Time:00:00.93 | Mem:0.00M, Peak:0.00M | Scene, ViewLayer | Synchronizing object | Brake head shoe retaining pin pin.013
Fra:1 Mem:559.83M (Peak 559.83M) | Time:00:00.93 | Mem:0.00M, Peak:0.00M | Scene, ViewLayer | Synchronizing object | Brake head shoe retaining pin retaining washer.026
Fra:1 Mem:559.84M (Peak 559.84M) | Time:00:00.93 | Mem:0.00M, Peak:0.00M | Scene, ViewLayer | Synchronizing object | General stanchion floor foot.008
Fra:1 Mem:559.84M (Peak 559.84M) | Time:00:00.93 | Mem:0.00M, Peak:0.00M | Scene, ViewLayer | Synchronizing object | Brake head shoe retaining pin retaining washer.027
Fra:1 Mem:559.86M (Peak 559.86M) | Time:00:00.93 | Mem:0.00M, Peak:0.00M | Scene, ViewLayer | Synchronizing object | Brake head shoe retaining pin retaining hex head.027
Fra:1 Mem:559.86M (Peak 559.86M) | Time:00:00.93 | Mem:0.00M, Peak:0.00M | Scene, ViewLayer | Synchronizing object | Brake block suspension hanger eye.026
Fra:1 Mem:559.86M (Peak 559.86M) | Time:00:00.93 | Mem:0.00M, Peak:0.00M | Scene, ViewLayer | Synchronizing object | General coach aisle grab stanchion.008
Fra:1 Mem:559.87M (Peak 559.87M) | Time:00:00.93 | Mem:0.00M, Peak:0.00M | Scene, ViewLayer | Synchronizing object | Brake block suspension hanger eye.027
Fra:1 Mem:559.87M (Peak 559.87M) | Time:00:00.93 | Mem:0.00M, Peak:0.00M | Scene, ViewLayer | Synchronizing object | Brake hanger upper pivot pin.013
Fra:1 Mem:559.88M (Peak 559.88M) | Time:00:00.93 | Mem:0.00M, Peak:0.00M | Scene, ViewLayer | Synchronizing object | General cross aisle grab rail.003
Fra:1 Mem:559.88M (Peak 559.88M) | Time:00:00.93 | Mem:0.00M, Peak:0.00M | Scene, ViewLayer | Synchronizing object | Brake hanger upper pivot retaining hex head.026
Fra:1 Mem:559.89M (Peak 559.89M) | Time:00:00.93 | Mem:0.00M, Peak:0.00M | Scene, ViewLayer | Synchronizing object | Brake hanger upper pivot retaining washer.027
Fra:1 Mem:559.89M (Peak 559.89M) | Time:00:00.93 | Mem:0.00M, Peak:0.00M | Scene, ViewLayer | Synchronizing object | General stanchion luggage rack tie.007
Fra:1 Mem:559.91M (Peak 559.91M) | Time:00:00.93 | Mem:0.00M, Peak:0.00M | Scene, ViewLayer | Synchronizing object | Brake hanger upper pivot retaining hex head.027
Fra:1 Mem:559.90M (Peak 559.91M) | Time:00:00.93 | Mem:0.00M, Peak:0.00M | Scene, ViewLayer | Synchronizing object | Brake beam safety wire rope.013
Fra:1 Mem:559.90M (Peak 559.91M) | Time:00:00.93 | Mem:0.00M, Peak:0.00M | Scene, ViewLayer | Synchronizing object | General stanchion floor foot.007
Fra:1 Mem:559.91M (Peak 559.91M) | Time:00:00.93 | Mem:0.00M, Peak:0.00M | Scene, ViewLayer | Synchronizing object | Brake transverse channel beam.007
Fra:1 Mem:559.92M (Peak 559.92M) | Time:00:00.93 | Mem:0.00M, Peak:0.00M | Scene, ViewLayer | Synchronizing object | Brake beam tension truss.014
Fra:1 Mem:559.92M (Peak 559.92M) | Time:00:00.93 | Mem:0.00M, Peak:0.00M | Scene, ViewLayer | Synchronizing object | General coach aisle grab stanchion.007
Fra:1 Mem:559.94M (Peak 559.94M) | Time:00:00.93 | Mem:0.00M, Peak:0.00M | Scene, ViewLayer | Synchronizing object | Curved K-type composition tread brake block.014
Fra:1 Mem:559.94M (Peak 559.94M) | Time:00:00.93 | Mem:0.00M, Peak:0.00M | Scene, ViewLayer | Synchronizing object | General stanchion luggage rack tie.006
Fra:1 Mem:559.94M (Peak 559.94M) | Time:00:00.93 | Mem:0.00M, Peak:0.00M | Scene, ViewLayer | Synchronizing object | Brake head cast backplate.014
Fra:1 Mem:559.95M (Peak 559.95M) | Time:00:00.93 | Mem:0.00M, Peak:0.00M | Scene, ViewLayer | Synchronizing object | Brake head shoe retaining pin pin.014
Fra:1 Mem:559.95M (Peak 559.95M) | Time:00:00.93 | Mem:0.00M, Peak:0.00M | Scene, ViewLayer | Synchronizing object | Brake head shoe retaining pin retaining washer.028
Fra:1 Mem:559.96M (Peak 559.96M) | Time:00:00.93 | Mem:0.00M, Peak:0.00M | Scene, ViewLayer | Synchronizing object | General stanchion floor foot.006
Fra:1 Mem:559.97M (Peak 559.97M) | Time:00:00.93 | Mem:0.00M, Peak:0.00M | Scene, ViewLayer | Synchronizing object | Brake head shoe retaining pin retaining hex head.028
Fra:1 Mem:559.98M (Peak 559.98M) | Time:00:00.93 | Mem:0.00M, Peak:0.00M | Scene, ViewLayer | Synchronizing object | Brake head shoe retaining pin retaining hex head.029
Fra:1 Mem:559.99M (Peak 559.99M) | Time:00:00.93 | Mem:0.00M, Peak:0.00M | Scene, ViewLayer | Synchronizing object | General coach aisle grab stanchion.006
Fra:1 Mem:560.00M (Peak 560.00M) | Time:00:00.93 | Mem:0.00M, Peak:0.00M | Scene, ViewLayer | Synchronizing object | Brake block suspension hanger strap.014
Fra:1 Mem:559.99M (Peak 560.00M) | Time:00:00.93 | Mem:0.00M, Peak:0.00M | Scene, ViewLayer | Synchronizing object | Brake block suspension hanger eye.028
Fra:1 Mem:559.99M (Peak 560.00M) | Time:00:00.93 | Mem:0.00M, Peak:0.00M | Scene, ViewLayer | Synchronizing object | Brake block suspension hanger eye.029
Fra:1 Mem:559.99M (Peak 560.00M) | Time:00:00.93 | Mem:0.00M, Peak:0.00M | Scene, ViewLayer | Synchronizing object | Brake hanger upper pivot pin.014
Fra:1 Mem:560.00M (Peak 560.00M) | Time:00:00.93 | Mem:0.00M, Peak:0.00M | Scene, ViewLayer | Synchronizing object | Brake hanger upper pivot retaining washer.028
Fra:1 Mem:560.01M (Peak 560.01M) | Time:00:00.93 | Mem:0.00M, Peak:0.00M | Scene, ViewLayer | Synchronizing object | Brake hanger upper pivot retaining hex head.028
Fra:1 Mem:560.02M (Peak 560.02M) | Time:00:00.93 | Mem:0.00M, Peak:0.00M | Scene, ViewLayer | Synchronizing object | General stanchion luggage rack tie.005
Fra:1 Mem:560.02M (Peak 560.02M) | Time:00:00.93 | Mem:0.00M, Peak:0.00M | Scene, ViewLayer | Synchronizing object | Brake hanger upper pivot retaining hex head.029
Fra:1 Mem:560.02M (Peak 560.02M) | Time:00:00.93 | Mem:0.00M, Peak:0.00M | Scene, ViewLayer | Synchronizing object | Brake beam safety wire rope.014
Fra:1 Mem:560.02M (Peak 560.02M) | Time:00:00.93 | Mem:0.00M, Peak:0.00M | Scene, ViewLayer | Synchronizing object | Curved K-type composition tread brake block.015
Fra:1 Mem:560.04M (Peak 560.04M) | Time:00:00.93 | Mem:0.00M, Peak:0.00M | Scene, ViewLayer | Synchronizing object | Brake head cast backplate.015
Fra:1 Mem:560.05M (Peak 560.05M) | Time:00:00.93 | Mem:0.00M, Peak:0.00M | Scene, ViewLayer | Synchronizing object | Brake head shoe retaining pin pin.015
Fra:1 Mem:560.07M (Peak 560.07M) | Time:00:00.93 | Mem:0.00M, Peak:0.00M | Scene, ViewLayer | Synchronizing object | General coach aisle grab stanchion.005
Fra:1 Mem:560.06M (Peak 560.07M) | Time:00:00.93 | Mem:0.00M, Peak:0.00M | Scene, ViewLayer | Synchronizing object | Brake head shoe retaining pin retaining washer.030
Fra:1 Mem:560.07M (Peak 560.07M) | Time:00:00.93 | Mem:0.00M, Peak:0.00M | Scene, ViewLayer | Synchronizing object | General stanchion luggage rack tie.004
Fra:1 Mem:560.08M (Peak 560.08M) | Time:00:00.93 | Mem:0.00M, Peak:0.00M | Scene, ViewLayer | Synchronizing object | Brake head shoe retaining pin retaining washer.031
Fra:1 Mem:560.08M (Peak 560.08M) | Time:00:00.93 | Mem:0.00M, Peak:0.00M | Scene, ViewLayer | Synchronizing object | General stanchion floor foot.004
Fra:1 Mem:560.09M (Peak 560.09M) | Time:00:00.93 | Mem:0.00M, Peak:0.00M | Scene, ViewLayer | Synchronizing object | General coach aisle grab stanchion.004
Fra:1 Mem:560.10M (Peak 560.10M) | Time:00:00.93 | Mem:0.00M, Peak:0.00M | Scene, ViewLayer | Synchronizing object | Brake block suspension hanger strap.015
Fra:1 Mem:560.10M (Peak 560.10M) | Time:00:00.93 | Mem:0.00M, Peak:0.00M | Scene, ViewLayer | Synchronizing object | Brake block suspension hanger eye.031
Fra:1 Mem:560.10M (Peak 560.10M) | Time:00:00.93 | Mem:0.00M, Peak:0.00M | Scene, ViewLayer | Synchronizing object | General cross aisle grab rail.001
Fra:1 Mem:560.11M (Peak 560.11M) | Time:00:00.93 | Mem:0.00M, Peak:0.00M | Scene, ViewLayer | Synchronizing object | Brake hanger upper pivot pin.015
Fra:1 Mem:560.11M (Peak 560.11M) | Time:00:00.93 | Mem:0.00M, Peak:0.00M | Scene, ViewLayer | Synchronizing object | General stanchion luggage rack tie.003
Fra:1 Mem:560.12M (Peak 560.12M) | Time:00:00.93 | Mem:0.00M, Peak:0.00M | Scene, ViewLayer | Synchronizing object | Brake hanger upper pivot retaining washer.030
Fra:1 Mem:560.12M (Peak 560.12M) | Time:00:00.93 | Mem:0.00M, Peak:0.00M | Scene, ViewLayer | Synchronizing object | Brake hanger upper pivot retaining hex head.030
Fra:1 Mem:560.13M (Peak 560.13M) | Time:00:00.93 | Mem:0.00M, Peak:0.00M | Scene, ViewLayer | Synchronizing object | General stanchion floor foot.003
Fra:1 Mem:560.13M (Peak 560.13M) | Time:00:00.93 | Mem:0.00M, Peak:0.00M | Scene, ViewLayer | Synchronizing object | Brake hanger upper pivot retaining hex head.031
Fra:1 Mem:560.14M (Peak 560.14M) | Time:00:00.93 | Mem:0.00M, Peak:0.00M | Scene, ViewLayer | Synchronizing object | Brake beam safety wire rope.015
Fra:1 Mem:560.15M (Peak 560.15M) | Time:00:00.93 | Mem:0.00M, Peak:0.00M | Scene, ViewLayer | Synchronizing object | General coach aisle grab stanchion.003
Fra:1 Mem:560.15M (Peak 560.15M) | Time:00:00.93 | Mem:0.00M, Peak:0.00M | Scene, ViewLayer | Synchronizing object | Brake cylinder end flange.002
Fra:1 Mem:560.16M (Peak 560.16M) | Time:00:00.93 | Mem:0.00M, Peak:0.00M | Scene, ViewLayer | Synchronizing object | Brake cylinder piston guide.002
Fra:1 Mem:560.17M (Peak 560.17M) | Time:00:00.93 | Mem:0.00M, Peak:0.00M | Scene, ViewLayer | Synchronizing object | General stanchion luggage rack tie.002
Fra:1 Mem:560.19M (Peak 560.19M) | Time:00:00.93 | Mem:0.00M, Peak:0.00M | Scene, ViewLayer | Synchronizing object | Brake cylinder piston rod.002
Fra:1 Mem:560.19M (Peak 560.19M) | Time:00:00.93 | Mem:0.00M, Peak:0.00M | Scene, ViewLayer | Synchronizing object | General stanchion floor foot.002
Fra:1 Mem:560.20M (Peak 560.20M) | Time:00:00.93 | Mem:0.00M, Peak:0.00M | Scene, ViewLayer | Synchronizing object | Brake cylinder flange hex head.012
Fra:1 Mem:560.20M (Peak 560.20M) | Time:00:00.93 | Mem:0.00M, Peak:0.00M | Scene, ViewLayer | Synchronizing object | Brake cylinder flange hex head.014
Fra:1 Mem:560.21M (Peak 560.21M) | Time:00:00.93 | Mem:0.00M, Peak:0.00M | Scene, ViewLayer | Synchronizing object | General coach aisle grab stanchion.002
Fra:1 Mem:560.21M (Peak 560.21M) | Time:00:00.93 | Mem:0.00M, Peak:0.00M | Scene, ViewLayer | Synchronizing object | General cross aisle grab rail
Fra:1 Mem:560.21M (Peak 560.21M) | Time:00:00.93 | Mem:0.00M, Peak:0.00M | Scene, ViewLayer | Synchronizing object | Brake cylinder flange hex head.015
Fra:1 Mem:560.21M (Peak 560.21M) | Time:00:00.93 | Mem:0.00M, Peak:0.00M | Scene, ViewLayer | Synchronizing object | General stanchion luggage rack tie.001
Fra:1 Mem:560.22M (Peak 560.22M) | Time:00:00.93 | Mem:0.00M, Peak:0.00M | Scene, ViewLayer | Synchronizing object | Brake cylinder transom support.002
Fra:1 Mem:560.22M (Peak 560.22M) | Time:00:00.93 | Mem:0.00M, Peak:0.00M | Scene, ViewLayer | Synchronizing object | General stanchion floor foot.001
Fra:1 Mem:560.23M (Peak 560.23M) | Time:00:00.93 | Mem:0.00M, Peak:0.00M | Scene, ViewLayer | Synchronizing object | Brake live lever strap.004
Fra:1 Mem:560.24M (Peak 560.24M) | Time:00:00.93 | Mem:0.00M, Peak:0.00M | Scene, ViewLayer | Synchronizing object | Brake live lever eye.008
Fra:1 Mem:560.24M (Peak 560.24M) | Time:00:00.93 | Mem:0.00M, Peak:0.00M | Scene, ViewLayer | Synchronizing object | Brake live lever eye.009
Fra:1 Mem:560.25M (Peak 560.25M) | Time:00:00.93 | Mem:0.00M, Peak:0.00M | Scene, ViewLayer | Synchronizing object | Brake lever fulcrum pin.004
Fra:1 Mem:560.26M (Peak 560.26M) | Time:00:00.93 | Mem:0.00M, Peak:0.00M | Scene, ViewLayer | Synchronizing object | Brake lever fulcrum retaining washer.008
Fra:1 Mem:560.26M (Peak 560.26M) | Time:00:00.93 | Mem:0.00M, Peak:0.00M | Scene, ViewLayer | Synchronizing object | General stanchion luggage rack tie
Fra:1 Mem:560.27M (Peak 560.27M) | Time:00:00.93 | Mem:0.00M, Peak:0.00M | Scene, ViewLayer | Synchronizing object | Brake lever fulcrum retaining washer.009
Fra:1 Mem:560.28M (Peak 560.28M) | Time:00:00.93 | Mem:0.00M, Peak:0.00M | Scene, ViewLayer | Synchronizing object | Brake lever fulcrum retaining hex head.009
Fra:1 Mem:560.28M (Peak 560.28M) | Time:00:00.93 | Mem:0.00M, Peak:0.00M | Scene, ViewLayer | Synchronizing object | Curved brake pull rod.004
Fra:1 Mem:560.29M (Peak 560.29M) | Time:00:00.93 | Mem:0.00M, Peak:0.00M | Scene, ViewLayer | Synchronizing object | Brake rigging safety cradle.004
Fra:1 Mem:560.30M (Peak 560.30M) | Time:00:00.93 | Mem:0.00M, Peak:0.00M | Scene, ViewLayer | Synchronizing object | Brake live lever strap.005
Fra:1 Mem:560.30M (Peak 560.30M) | Time:00:00.93 | Mem:0.00M, Peak:0.00M | Scene, ViewLayer | Synchronizing object | General coach aisle grab stanchion
Fra:1 Mem:560.31M (Peak 560.31M) | Time:00:00.93 | Mem:0.00M, Peak:0.00M | Scene, ViewLayer | Synchronizing object | Second seating rack seat-number tab.017
Fra:1 Mem:560.32M (Peak 560.32M) | Time:00:00.93 | Mem:0.00M, Peak:0.00M | Scene, ViewLayer | Synchronizing object | Brake lever fulcrum pin.005
Fra:1 Mem:560.33M (Peak 560.33M) | Time:00:00.93 | Mem:0.00M, Peak:0.00M | Scene, ViewLayer | Synchronizing object | Brake lever fulcrum retaining washer.010
Fra:1 Mem:560.33M (Peak 560.33M) | Time:00:00.93 | Mem:0.00M, Peak:0.00M | Scene, ViewLayer | Synchronizing object | Second seating rack seat-number tab.016
Fra:1 Mem:560.34M (Peak 560.34M) | Time:00:00.93 | Mem:0.00M, Peak:0.00M | Scene, ViewLayer | Synchronizing object | Brake lever fulcrum retaining hex head.010
Fra:1 Mem:560.35M (Peak 560.35M) | Time:00:00.93 | Mem:0.00M, Peak:0.00M | Scene, ViewLayer | Synchronizing object | Brake lever fulcrum retaining washer.011
Fra:1 Mem:560.37M (Peak 560.37M) | Time:00:00.93 | Mem:0.00M, Peak:0.00M | Scene, ViewLayer | Synchronizing object | Brake lever fulcrum retaining hex head.011
Fra:1 Mem:560.35M (Peak 560.37M) | Time:00:00.93 | Mem:0.00M, Peak:0.00M | Scene, ViewLayer | Synchronizing object | Curved brake pull rod.005
Fra:1 Mem:560.36M (Peak 560.37M) | Time:00:00.93 | Mem:0.00M, Peak:0.00M | Scene, ViewLayer | Synchronizing object | Brake rigging safety cradle.005
Fra:1 Mem:560.36M (Peak 560.37M) | Time:00:00.93 | Mem:0.00M, Peak:0.00M | Scene, ViewLayer | Synchronizing object | Brake cross balance spindle.002
Fra:1 Mem:560.37M (Peak 560.37M) | Time:00:00.93 | Mem:0.00M, Peak:0.00M | Scene, ViewLayer | Synchronizing object | Bogie mounted 8-inch air brake cylinder.003
Fra:1 Mem:560.38M (Peak 560.38M) | Time:00:00.93 | Mem:0.00M, Peak:0.00M | Scene, ViewLayer | Synchronizing object | Brake cylinder end flange.003
Fra:1 Mem:560.38M (Peak 560.38M) | Time:00:00.93 | Mem:0.00M, Peak:0.00M | Scene, ViewLayer | Synchronizing object | Brake cylinder piston guide.003
Fra:1 Mem:560.40M (Peak 560.40M) | Time:00:00.93 | Mem:0.00M, Peak:0.00M | Scene, ViewLayer | Synchronizing object | Second seating rack seat-number tab.014
Fra:1 Mem:560.41M (Peak 560.41M) | Time:00:00.93 | Mem:0.00M, Peak:0.00M | Scene, ViewLayer | Synchronizing object | Brake cylinder piston rod.003
Fra:1 Mem:560.42M (Peak 560.42M) | Time:00:00.93 | Mem:0.00M, Peak:0.00M | Scene, ViewLayer | Synchronizing object | Brake cylinder flange hex head.018
Fra:1 Mem:560.42M (Peak 560.42M) | Time:00:00.93 | Mem:0.00M, Peak:0.00M | Scene, ViewLayer | Synchronizing object | Brake cylinder flange hex head.020
Fra:1 Mem:560.42M (Peak 560.42M) | Time:00:00.93 | Mem:0.00M, Peak:0.00M | Scene, ViewLayer | Synchronizing object | Second seating rack seat-number tab.013
Fra:1 Mem:560.43M (Peak 560.43M) | Time:00:00.93 | Mem:0.00M, Peak:0.00M | Scene, ViewLayer | Synchronizing object | Brake cylinder flange hex head.021
Fra:1 Mem:560.45M (Peak 560.45M) | Time:00:00.93 | Mem:0.00M, Peak:0.00M | Scene, ViewLayer | Synchronizing object | Brake cylinder flange hex head.022
Fra:1 Mem:560.44M (Peak 560.45M) | Time:00:00.93 | Mem:0.00M, Peak:0.00M | Scene, ViewLayer | Synchronizing object | Second seating rack seat-number tab.012
Fra:1 Mem:560.44M (Peak 560.45M) | Time:00:00.93 | Mem:0.00M, Peak:0.00M | Scene, ViewLayer | Synchronizing object | Brake cylinder transom support.003
Fra:1 Mem:560.45M (Peak 560.45M) | Time:00:00.93 | Mem:0.00M, Peak:0.00M | Scene, ViewLayer | Synchronizing object | Brake cylinder air flex hose.003
Fra:1 Mem:560.46M (Peak 560.46M) | Time:00:00.93 | Mem:0.00M, Peak:0.00M | Scene, ViewLayer | Synchronizing object | Brake live lever strap.006
Fra:1 Mem:560.46M (Peak 560.46M) | Time:00:00.93 | Mem:0.00M, Peak:0.00M | Scene, ViewLayer | Synchronizing object | Brake live lever eye.012
Fra:1 Mem:560.46M (Peak 560.46M) | Time:00:00.93 | Mem:0.00M, Peak:0.00M | Scene, ViewLayer | Synchronizing object | Brake live lever eye.013
Fra:1 Mem:560.48M (Peak 560.48M) | Time:00:00.93 | Mem:0.00M, Peak:0.00M | Scene, ViewLayer | Synchronizing object | Brake lever fulcrum pin.006
Fra:1 Mem:560.48M (Peak 560.48M) | Time:00:00.93 | Mem:0.00M, Peak:0.00M | Scene, ViewLayer | Synchronizing object | Second seating rack seat-number tab.010
Fra:1 Mem:560.49M (Peak 560.49M) | Time:00:00.93 | Mem:0.00M, Peak:0.00M | Scene, ViewLayer | Synchronizing object | Brake lever fulcrum retaining washer.012
Fra:1 Mem:560.50M (Peak 560.50M) | Time:00:00.93 | Mem:0.00M, Peak:0.00M | Scene, ViewLayer | Synchronizing object | Second seating rack seat-number tab.009
Fra:1 Mem:560.50M (Peak 560.50M) | Time:00:00.93 | Mem:0.00M, Peak:0.00M | Scene, ViewLayer | Synchronizing object | Brake lever fulcrum retaining washer.013
Fra:1 Mem:560.51M (Peak 560.51M) | Time:00:00.93 | Mem:0.00M, Peak:0.00M | Scene, ViewLayer | Synchronizing object | Brake lever fulcrum retaining hex head.013
Fra:1 Mem:560.51M (Peak 560.51M) | Time:00:00.93 | Mem:0.00M, Peak:0.00M | Scene, ViewLayer | Synchronizing object | Second seating rack seat-number tab.008
Fra:1 Mem:560.52M (Peak 560.52M) | Time:00:00.93 | Mem:0.00M, Peak:0.00M | Scene, ViewLayer | Synchronizing object | Curved brake pull rod.006
Fra:1 Mem:560.53M (Peak 560.53M) | Time:00:00.93 | Mem:0.00M, Peak:0.00M | Scene, ViewLayer | Synchronizing object | Brake live lever strap.007
Fra:1 Mem:560.53M (Peak 560.53M) | Time:00:00.93 | Mem:0.00M, Peak:0.00M | Scene, ViewLayer | Synchronizing object | Second seating rack seat-number tab.007
Fra:1 Mem:560.55M (Peak 560.55M) | Time:00:00.93 | Mem:0.00M, Peak:0.00M | Scene, ViewLayer | Synchronizing object | Brake live lever eye.014
Fra:1 Mem:560.55M (Peak 560.55M) | Time:00:00.93 | Mem:0.00M, Peak:0.00M | Scene, ViewLayer | Synchronizing object | Brake live lever eye.015
Fra:1 Mem:560.55M (Peak 560.55M) | Time:00:00.93 | Mem:0.00M, Peak:0.00M | Scene, ViewLayer | Synchronizing object | Brake lever fulcrum pin.007
Fra:1 Mem:560.55M (Peak 560.55M) | Time:00:00.93 | Mem:0.00M, Peak:0.00M | Scene, ViewLayer | Synchronizing object | Brake lever fulcrum retaining washer.014
Fra:1 Mem:560.58M (Peak 560.58M) | Time:00:00.93 | Mem:0.00M, Peak:0.00M | Scene, ViewLayer | Synchronizing object | Brake lever fulcrum retaining hex head.014
Fra:1 Mem:560.58M (Peak 560.58M) | Time:00:00.93 | Mem:0.00M, Peak:0.00M | Scene, ViewLayer | Synchronizing object | Second seating rack seat-number tab.005
Fra:1 Mem:560.58M (Peak 560.58M) | Time:00:00.93 | Mem:0.00M, Peak:0.00M | Scene, ViewLayer | Synchronizing object | Brake lever fulcrum retaining washer.015
Fra:1 Mem:560.59M (Peak 560.59M) | Time:00:00.93 | Mem:0.00M, Peak:0.00M | Scene, ViewLayer | Synchronizing object | Brake lever fulcrum retaining hex head.015
Fra:1 Mem:560.59M (Peak 560.59M) | Time:00:00.93 | Mem:0.00M, Peak:0.00M | Scene, ViewLayer | Synchronizing object | Second seating rack seat-number tab.004
Fra:1 Mem:560.60M (Peak 560.60M) | Time:00:00.93 | Mem:0.00M, Peak:0.00M | Scene, ViewLayer | Synchronizing object | Brake rigging safety cradle.007
Fra:1 Mem:560.62M (Peak 560.62M) | Time:00:00.93 | Mem:0.00M, Peak:0.00M | Scene, ViewLayer | Synchronizing object | Brake cross balance spindle.003
Fra:1 Mem:560.62M (Peak 560.62M) | Time:00:00.93 | Mem:0.00M, Peak:0.00M | Scene, ViewLayer | Synchronizing object | Second seating rack seat-number tab.003
Fra:1 Mem:560.63M (Peak 560.63M) | Time:00:00.93 | Mem:0.00M, Peak:0.00M | Scene, ViewLayer | Synchronizing object | Battery box exposed hinge
Fra:1 Mem:560.63M (Peak 560.63M) | Time:00:00.93 | Mem:0.00M, Peak:0.00M | Scene, ViewLayer | Synchronizing object | Second seating rack seat-number tab.002
Fra:1 Mem:560.66M (Peak 560.66M) | Time:00:00.93 | Mem:0.00M, Peak:0.00M | Scene, ViewLayer | Synchronizing object | Second seating rack seat-number tab.001
Fra:1 Mem:560.66M (Peak 560.66M) | Time:00:00.93 | Mem:0.00M, Peak:0.00M | Scene, ViewLayer | Synchronizing object | Battery box lifting handle
Fra:1 Mem:560.66M (Peak 560.66M) | Time:00:00.93 | Mem:0.00M, Peak:0.00M | Scene, ViewLayer | Synchronizing object | Battery box turn latch
Fra:1 Mem:560.68M (Peak 560.68M) | Time:00:00.93 | Mem:0.00M, Peak:0.00M | Scene, ViewLayer | Synchronizing object | Second seating rack seat-number tab
Fra:1 Mem:560.70M (Peak 560.70M) | Time:00:00.93 | Mem:0.00M, Peak:0.00M | Scene, ViewLayer | Synchronizing object | Battery box ventilation louver
Fra:1 Mem:560.70M (Peak 560.70M) | Time:00:00.93 | Mem:0.00M, Peak:0.00M | Scene, ViewLayer | Synchronizing object | Battery box ventilation louver.002
Fra:1 Mem:560.70M (Peak 560.70M) | Time:00:00.93 | Mem:0.00M, Peak:0.00M | Scene, ViewLayer | Synchronizing object | Lining panel vertical joint.037
Fra:1 Mem:560.72M (Peak 560.72M) | Time:00:00.93 | Mem:0.00M, Peak:0.00M | Scene, ViewLayer | Synchronizing object | Lining panel vertical joint.036
Fra:1 Mem:560.73M (Peak 560.73M) | Time:00:00.93 | Mem:0.00M, Peak:0.00M | Scene, ViewLayer | Synchronizing object | Battery box ventilation louver.003
Fra:1 Mem:560.73M (Peak 560.73M) | Time:00:00.93 | Mem:0.00M, Peak:0.00M | Scene, ViewLayer | Synchronizing object | Battery box panel captive bolt hex head.001
Fra:1 Mem:560.73M (Peak 560.73M) | Time:00:00.93 | Mem:0.00M, Peak:0.00M | Scene, ViewLayer | Synchronizing object | Lining panel vertical joint.035
Fra:1 Mem:560.74M (Peak 560.74M) | Time:00:00.93 | Mem:0.00M, Peak:0.00M | Scene, ViewLayer | Synchronizing object | Lining panel vertical joint.034
Fra:1 Mem:560.74M (Peak 560.74M) | Time:00:00.93 | Mem:0.00M, Peak:0.00M | Scene, ViewLayer | Synchronizing object | Battery box exposed hinge.002
Fra:1 Mem:560.74M (Peak 560.74M) | Time:00:00.93 | Mem:0.00M, Peak:0.00M | Scene, ViewLayer | Synchronizing object | Lining panel vertical joint.033
Fra:1 Mem:560.75M (Peak 560.75M) | Time:00:00.93 | Mem:0.00M, Peak:0.00M | Scene, ViewLayer | Synchronizing object | Lining panel vertical joint.032
Fra:1 Mem:560.75M (Peak 560.75M) | Time:00:00.93 | Mem:0.00M, Peak:0.00M | Scene, ViewLayer | Synchronizing object | Battery box lifting handle.001
Fra:1 Mem:560.76M (Peak 560.76M) | Time:00:00.93 | Mem:0.00M, Peak:0.00M | Scene, ViewLayer | Synchronizing object | Lining panel vertical joint.031
Fra:1 Mem:560.77M (Peak 560.77M) | Time:00:00.93 | Mem:0.00M, Peak:0.00M | Scene, ViewLayer | Synchronizing object | Lining panel vertical joint.030
Fra:1 Mem:560.77M (Peak 560.77M) | Time:00:00.93 | Mem:0.00M, Peak:0.00M | Scene, ViewLayer | Synchronizing object | Battery box ventilation louver.004
Fra:1 Mem:560.77M (Peak 560.77M) | Time:00:00.93 | Mem:0.00M, Peak:0.00M | Scene, ViewLayer | Synchronizing object | Battery box ventilation louver.005
Fra:1 Mem:560.79M (Peak 560.79M) | Time:00:00.93 | Mem:0.00M, Peak:0.00M | Scene, ViewLayer | Synchronizing object | Lining panel vertical joint.029
Fra:1 Mem:560.79M (Peak 560.79M) | Time:00:00.93 | Mem:0.00M, Peak:0.00M | Scene, ViewLayer | Synchronizing object | Battery box ventilation louver.006
Fra:1 Mem:560.79M (Peak 560.79M) | Time:00:00.93 | Mem:0.00M, Peak:0.00M | Scene, ViewLayer | Synchronizing object | Battery box ventilation louver.007
Fra:1 Mem:560.80M (Peak 560.80M) | Time:00:00.93 | Mem:0.00M, Peak:0.00M | Scene, ViewLayer | Synchronizing object | Battery box panel captive bolt hex head.002
Fra:1 Mem:560.81M (Peak 560.81M) | Time:00:00.93 | Mem:0.00M, Peak:0.00M | Scene, ViewLayer | Synchronizing object | Battery box panel captive bolt hex head.003
Fra:1 Mem:560.81M (Peak 560.81M) | Time:00:00.93 | Mem:0.00M, Peak:0.00M | Scene, ViewLayer | Synchronizing object | Battery box service panel.002
Fra:1 Mem:560.82M (Peak 560.82M) | Time:00:00.93 | Mem:0.00M, Peak:0.00M | Scene, ViewLayer | Synchronizing object | Battery box exposed hinge.004
Fra:1 Mem:560.84M (Peak 560.84M) | Time:00:00.93 | Mem:0.00M, Peak:0.00M | Scene, ViewLayer | Synchronizing object | Battery box exposed hinge.005
Fra:1 Mem:560.84M (Peak 560.84M) | Time:00:00.93 | Mem:0.00M, Peak:0.00M | Scene, ViewLayer | Synchronizing object | Battery box lifting handle.002
Fra:1 Mem:560.85M (Peak 560.85M) | Time:00:00.93 | Mem:0.00M, Peak:0.00M | Scene, ViewLayer | Synchronizing object | Battery box ventilation louver.009
Fra:1 Mem:560.85M (Peak 560.85M) | Time:00:00.93 | Mem:0.00M, Peak:0.00M | Scene, ViewLayer | Synchronizing object | Lining panel vertical joint.027
Fra:1 Mem:560.88M (Peak 560.88M) | Time:00:00.93 | Mem:0.00M, Peak:0.00M | Scene, ViewLayer | Synchronizing object | Lining panel vertical joint.026
Fra:1 Mem:560.88M (Peak 560.88M) | Time:00:00.93 | Mem:0.00M, Peak:0.00M | Scene, ViewLayer | Synchronizing object | Battery box panel captive bolt hex head.004
Fra:1 Mem:560.88M (Peak 560.88M) | Time:00:00.93 | Mem:0.00M, Peak:0.00M | Scene, ViewLayer | Synchronizing object | Lining panel vertical joint.025
Fra:1 Mem:560.88M (Peak 560.88M) | Time:00:00.93 | Mem:0.00M, Peak:0.00M | Scene, ViewLayer | Synchronizing object | Lining panel vertical joint.024
Fra:1 Mem:560.90M (Peak 560.90M) | Time:00:00.93 | Mem:0.00M, Peak:0.00M | Scene, ViewLayer | Synchronizing object | Battery box panel captive bolt hex head.005
Fra:1 Mem:560.90M (Peak 560.90M) | Time:00:00.93 | Mem:0.00M, Peak:0.00M | Scene, ViewLayer | Synchronizing object | Lining panel vertical joint.023
Fra:1 Mem:560.90M (Peak 560.90M) | Time:00:00.93 | Mem:0.00M, Peak:0.00M | Scene, ViewLayer | Synchronizing object | Battery box exposed hinge.006
Fra:1 Mem:560.90M (Peak 560.90M) | Time:00:00.93 | Mem:0.00M, Peak:0.00M | Scene, ViewLayer | Synchronizing object | Lining panel vertical joint.022
Fra:1 Mem:560.92M (Peak 560.92M) | Time:00:00.93 | Mem:0.00M, Peak:0.00M | Scene, ViewLayer | Synchronizing object | Battery box exposed hinge.007
Fra:1 Mem:560.92M (Peak 560.92M) | Time:00:00.93 | Mem:0.00M, Peak:0.00M | Scene, ViewLayer | Synchronizing object | Battery box lifting handle.003
Fra:1 Mem:560.93M (Peak 560.93M) | Time:00:00.93 | Mem:0.00M, Peak:0.00M | Scene, ViewLayer | Synchronizing object | Battery box turn latch.003
Fra:1 Mem:560.94M (Peak 560.94M) | Time:00:00.93 | Mem:0.00M, Peak:0.00M | Scene, ViewLayer | Synchronizing object | Battery box ventilation louver.012
Fra:1 Mem:560.94M (Peak 560.94M) | Time:00:00.93 | Mem:0.00M, Peak:0.00M | Scene, ViewLayer | Synchronizing object | Lining panel vertical joint.020
Fra:1 Mem:560.94M (Peak 560.94M) | Time:00:00.93 | Mem:0.00M, Peak:0.00M | Scene, ViewLayer | Synchronizing object | Battery box ventilation louver.014
Fra:1 Mem:560.96M (Peak 560.96M) | Time:00:00.93 | Mem:0.00M, Peak:0.00M | Scene, ViewLayer | Synchronizing object | Lining panel vertical joint.019
Fra:1 Mem:560.97M (Peak 560.97M) | Time:00:00.93 | Mem:0.00M, Peak:0.00M | Scene, ViewLayer | Synchronizing object | Battery box panel captive bolt hex head.007
Fra:1 Mem:560.97M (Peak 560.97M) | Time:00:00.93 | Mem:0.00M, Peak:0.00M | Scene, ViewLayer | Synchronizing object | Interior stainless kick strip.001
Fra:1 Mem:560.99M (Peak 560.99M) | Time:00:00.93 | Mem:0.00M, Peak:0.00M | Scene, ViewLayer | Synchronizing object | Battery box hanger channel
Fra:1 Mem:561.00M (Peak 561.00M) | Time:00:00.93 | Mem:0.00M, Peak:0.00M | Scene, ViewLayer | Synchronizing object | Battery box lower cradle
Fra:1 Mem:561.00M (Peak 561.00M) | Time:00:00.93 | Mem:0.00M, Peak:0.00M | Scene, ViewLayer | Synchronizing object | Battery box hanger channel.001
Fra:1 Mem:561.01M (Peak 561.01M) | Time:00:00.93 | Mem:0.00M, Peak:0.00M | Scene, ViewLayer | Synchronizing object | Battery box lower cradle.001
Fra:1 Mem:561.02M (Peak 561.02M) | Time:00:00.93 | Mem:0.00M, Peak:0.00M | Scene, ViewLayer | Synchronizing object | Lining panel vertical joint.018
Fra:1 Mem:561.02M (Peak 561.02M) | Time:00:00.93 | Mem:0.00M, Peak:0.00M | Scene, ViewLayer | Synchronizing object | Battery box data plate
Fra:1 Mem:561.02M (Peak 561.02M) | Time:00:00.93 | Mem:0.00M, Peak:0.00M | Scene, ViewLayer | Synchronizing object | Lining panel vertical joint.017
Fra:1 Mem:561.03M (Peak 561.03M) | Time:00:00.93 | Mem:0.00M, Peak:0.00M | Scene, ViewLayer | Synchronizing object | Battery box service panel.004
Fra:1 Mem:561.03M (Peak 561.03M) | Time:00:00.93 | Mem:0.00M, Peak:0.00M | Scene, ViewLayer | Synchronizing object | Battery box exposed hinge.008
Fra:1 Mem:561.06M (Peak 561.06M) | Time:00:00.93 | Mem:0.00M, Peak:0.00M | Scene, ViewLayer | Synchronizing object | Battery box exposed hinge.009
Fra:1 Mem:561.06M (Peak 561.06M) | Time:00:00.93 | Mem:0.00M, Peak:0.00M | Scene, ViewLayer | Synchronizing object | Lining panel vertical joint.015
Fra:1 Mem:561.07M (Peak 561.07M) | Time:00:00.93 | Mem:0.00M, Peak:0.00M | Scene, ViewLayer | Synchronizing object | Battery box lifting handle.004
Fra:1 Mem:561.07M (Peak 561.07M) | Time:00:00.93 | Mem:0.00M, Peak:0.00M | Scene, ViewLayer | Synchronizing object | Battery box turn latch.004
Fra:1 Mem:561.07M (Peak 561.07M) | Time:00:00.93 | Mem:0.00M, Peak:0.00M | Scene, ViewLayer | Synchronizing object | Battery box ventilation louver.016
Fra:1 Mem:561.09M (Peak 561.09M) | Time:00:00.93 | Mem:0.00M, Peak:0.00M | Scene, ViewLayer | Synchronizing object | Battery box ventilation louver.017
Fra:1 Mem:561.09M (Peak 561.09M) | Time:00:00.93 | Mem:0.00M, Peak:0.00M | Scene, ViewLayer | Synchronizing object | Lining panel vertical joint.013
Fra:1 Mem:561.09M (Peak 561.09M) | Time:00:00.93 | Mem:0.00M, Peak:0.00M | Scene, ViewLayer | Synchronizing object | Battery box ventilation louver.018
Fra:1 Mem:561.10M (Peak 561.10M) | Time:00:00.93 | Mem:0.00M, Peak:0.00M | Scene, ViewLayer | Synchronizing object | Lining panel vertical joint.012
Fra:1 Mem:561.11M (Peak 561.11M) | Time:00:00.93 | Mem:0.00M, Peak:0.00M | Scene, ViewLayer | Synchronizing object | Battery box ventilation louver.019
Fra:1 Mem:561.11M (Peak 561.11M) | Time:00:00.93 | Mem:0.00M, Peak:0.00M | Scene, ViewLayer | Synchronizing object | Lining panel vertical joint.011
Fra:1 Mem:561.11M (Peak 561.11M) | Time:00:00.93 | Mem:0.00M, Peak:0.00M | Scene, ViewLayer | Synchronizing object | Battery box panel captive bolt hex head.009
Fra:1 Mem:561.11M (Peak 561.11M) | Time:00:00.93 | Mem:0.00M, Peak:0.00M | Scene, ViewLayer | Synchronizing object | Lining panel vertical joint.010
Fra:1 Mem:561.12M (Peak 561.12M) | Time:00:00.93 | Mem:0.00M, Peak:0.00M | Scene, ViewLayer | Synchronizing object | Battery box service panel.005
Fra:1 Mem:561.12M (Peak 561.12M) | Time:00:00.93 | Mem:0.00M, Peak:0.00M | Scene, ViewLayer | Synchronizing object | Battery box exposed hinge.010
Fra:1 Mem:561.12M (Peak 561.12M) | Time:00:00.93 | Mem:0.00M, Peak:0.00M | Scene, ViewLayer | Synchronizing object | Battery box exposed hinge.011
Fra:1 Mem:561.14M (Peak 561.14M) | Time:00:00.93 | Mem:0.00M, Peak:0.00M | Scene, ViewLayer | Synchronizing object | Lining panel vertical joint.008
Fra:1 Mem:561.15M (Peak 561.15M) | Time:00:00.93 | Mem:0.00M, Peak:0.00M | Scene, ViewLayer | Synchronizing object | Battery box lifting handle.005
Fra:1 Mem:561.15M (Peak 561.15M) | Time:00:00.93 | Mem:0.00M, Peak:0.00M | Scene, ViewLayer | Synchronizing object | Lining panel vertical joint.007
Fra:1 Mem:561.15M (Peak 561.15M) | Time:00:00.93 | Mem:0.00M, Peak:0.00M | Scene, ViewLayer | Synchronizing object | Battery box turn latch.005
Fra:1 Mem:561.16M (Peak 561.16M) | Time:00:00.93 | Mem:0.00M, Peak:0.00M | Scene, ViewLayer | Synchronizing object | Battery box ventilation louver.020
Fra:1 Mem:561.16M (Peak 561.16M) | Time:00:00.93 | Mem:0.00M, Peak:0.00M | Scene, ViewLayer | Synchronizing object | Lining panel vertical joint.006
Fra:1 Mem:561.17M (Peak 561.17M) | Time:00:00.93 | Mem:0.00M, Peak:0.00M | Scene, ViewLayer | Synchronizing object | Lining panel vertical joint.005
Fra:1 Mem:561.17M (Peak 561.17M) | Time:00:00.93 | Mem:0.00M, Peak:0.00M | Scene, ViewLayer | Synchronizing object | Battery box ventilation louver.022
Fra:1 Mem:561.18M (Peak 561.18M) | Time:00:00.93 | Mem:0.00M, Peak:0.00M | Scene, ViewLayer | Synchronizing object | Lining panel vertical joint.004
Fra:1 Mem:561.18M (Peak 561.18M) | Time:00:00.93 | Mem:0.00M, Peak:0.00M | Scene, ViewLayer | Synchronizing object | Battery box ventilation louver.023
Fra:1 Mem:561.19M (Peak 561.19M) | Time:00:00.93 | Mem:0.00M, Peak:0.00M | Scene, ViewLayer | Synchronizing object | Lining panel vertical joint.003
Fra:1 Mem:561.19M (Peak 561.19M) | Time:00:00.93 | Mem:0.00M, Peak:0.00M | Scene, ViewLayer | Synchronizing object | Battery box panel captive bolt hex head.010
Fra:1 Mem:561.20M (Peak 561.20M) | Time:00:00.93 | Mem:0.00M, Peak:0.00M | Scene, ViewLayer | Synchronizing object | Lining panel vertical joint.002
Fra:1 Mem:561.20M (Peak 561.20M) | Time:00:00.93 | Mem:0.00M, Peak:0.00M | Scene, ViewLayer | Synchronizing object | Battery box service panel.006
Fra:1 Mem:561.20M (Peak 561.20M) | Time:00:00.93 | Mem:0.00M, Peak:0.00M | Scene, ViewLayer | Synchronizing object | Lining panel vertical joint.001
Fra:1 Mem:561.21M (Peak 561.21M) | Time:00:00.93 | Mem:0.00M, Peak:0.00M | Scene, ViewLayer | Synchronizing object | Lining panel vertical joint
Fra:1 Mem:561.22M (Peak 561.22M) | Time:00:00.93 | Mem:0.00M, Peak:0.00M | Scene, ViewLayer | Synchronizing object | Battery box exposed hinge.013
Fra:1 Mem:561.22M (Peak 561.22M) | Time:00:00.93 | Mem:0.00M, Peak:0.00M | Scene, ViewLayer | Synchronizing object | Battery box lifting handle.006
Fra:1 Mem:561.22M (Peak 561.22M) | Time:00:00.93 | Mem:0.00M, Peak:0.00M | Scene, ViewLayer | Synchronizing object | Interior stainless kick strip
Fra:1 Mem:561.24M (Peak 561.24M) | Time:00:00.93 | Mem:0.00M, Peak:0.00M | Scene, ViewLayer | Synchronizing object | Battery box turn latch.006
Fra:1 Mem:561.24M (Peak 561.24M) | Time:00:00.93 | Mem:0.00M, Peak:0.00M | Scene, ViewLayer | Synchronizing object | Battery box ventilation louver.024
Fra:1 Mem:561.25M (Peak 561.25M) | Time:00:00.93 | Mem:0.00M, Peak:0.00M | Scene, ViewLayer | Synchronizing object | Fluorescent lamp diffuser.008
Fra:1 Mem:561.27M (Peak 561.27M) | Time:00:00.93 | Mem:0.00M, Peak:0.00M | Scene, ViewLayer | Synchronizing object | Battery box ventilation louver.025
Fra:1 Mem:561.27M (Peak 561.27M) | Time:00:00.93 | Mem:0.00M, Peak:0.00M | Scene, ViewLayer | Synchronizing object | Battery box ventilation louver.026
Fra:1 Mem:561.28M (Peak 561.28M) | Time:00:00.93 | Mem:0.00M, Peak:0.00M | Scene, ViewLayer | Synchronizing object | Battery box ventilation louver.027
Fra:1 Mem:561.30M (Peak 561.30M) | Time:00:00.93 | Mem:0.00M, Peak:0.00M | Scene, ViewLayer | Synchronizing object | Battery box panel captive bolt hex head.012
Fra:1 Mem:561.30M (Peak 561.30M) | Time:00:00.93 | Mem:0.00M, Peak:0.00M | Scene, ViewLayer | Synchronizing object | Battery box panel captive bolt hex head.013
Fra:1 Mem:561.31M (Peak 561.31M) | Time:00:00.93 | Mem:0.00M, Peak:0.00M | Scene, ViewLayer | Synchronizing object | Fluorescent lamp diffuser.007
Fra:1 Mem:561.31M (Peak 561.31M) | Time:00:00.93 | Mem:0.00M, Peak:0.00M | Scene, ViewLayer | Synchronizing object | Battery box exposed hinge.014
Fra:1 Mem:561.32M (Peak 561.32M) | Time:00:00.93 | Mem:0.00M, Peak:0.00M | Scene, ViewLayer | Synchronizing object | Battery box exposed hinge.015
Fra:1 Mem:561.33M (Peak 561.33M) | Time:00:00.93 | Mem:0.00M, Peak:0.00M | Scene, ViewLayer | Synchronizing object | Fluorescent lamp housing.007
Fra:1 Mem:561.34M (Peak 561.34M) | Time:00:00.93 | Mem:0.00M, Peak:0.00M | Scene, ViewLayer | Synchronizing object | Battery box lifting handle.007
Fra:1 Mem:561.35M (Peak 561.35M) | Time:00:00.93 | Mem:0.00M, Peak:0.00M | Scene, ViewLayer | Synchronizing object | Battery box turn latch.007
Fra:1 Mem:561.35M (Peak 561.35M) | Time:00:00.93 | Mem:0.00M, Peak:0.00M | Scene, ViewLayer | Synchronizing object | Battery box ventilation louver.028
Fra:1 Mem:561.37M (Peak 561.37M) | Time:00:00.93 | Mem:0.00M, Peak:0.00M | Scene, ViewLayer | Synchronizing object | Battery box ventilation louver.029
Fra:1 Mem:561.38M (Peak 561.38M) | Time:00:00.93 | Mem:0.00M, Peak:0.00M | Scene, ViewLayer | Synchronizing object | Battery box ventilation louver.030
Fra:1 Mem:561.39M (Peak 561.39M) | Time:00:00.93 | Mem:0.00M, Peak:0.00M | Scene, ViewLayer | Synchronizing object | Fluorescent lamp housing.006
Fra:1 Mem:561.41M (Peak 561.41M) | Time:00:00.93 | Mem:0.00M, Peak:0.00M | Scene, ViewLayer | Synchronizing object | Battery box panel captive bolt hex head.014
Fra:1 Mem:561.41M (Peak 561.41M) | Time:00:00.93 | Mem:0.00M, Peak:0.00M | Scene, ViewLayer | Synchronizing object | Fluorescent lamp diffuser.005
Fra:1 Mem:561.42M (Peak 561.42M) | Time:00:00.93 | Mem:0.00M, Peak:0.00M | Scene, ViewLayer | Synchronizing object | Battery box panel captive bolt hex head.015
Fra:1 Mem:561.42M (Peak 561.42M) | Time:00:00.93 | Mem:0.00M, Peak:0.00M | Scene, ViewLayer | Synchronizing object | Battery box hanger channel.002
Fra:1 Mem:561.42M (Peak 561.42M) | Time:00:00.93 | Mem:0.00M, Peak:0.00M | Scene, ViewLayer | Synchronizing object | Fluorescent lamp housing.005
Fra:1 Mem:561.43M (Peak 561.43M) | Time:00:00.93 | Mem:0.00M, Peak:0.00M | Scene, ViewLayer | Synchronizing object | Battery box hanger channel.003
Fra:1 Mem:561.45M (Peak 561.45M) | Time:00:00.93 | Mem:0.00M, Peak:0.00M | Scene, ViewLayer | Synchronizing object | Battery box lower cradle.003
Fra:1 Mem:561.46M (Peak 561.46M) | Time:00:00.93 | Mem:0.00M, Peak:0.00M | Scene, ViewLayer | Synchronizing object | Fluorescent lamp diffuser.004
Fra:1 Mem:561.46M (Peak 561.46M) | Time:00:00.93 | Mem:0.00M, Peak:0.00M | Scene, ViewLayer | Synchronizing object | Battery box data plate.001
Fra:1 Mem:561.48M (Peak 561.48M) | Time:00:00.93 | Mem:0.00M, Peak:0.00M | Scene, ViewLayer | Synchronizing object | Rectifier regulator unit enclosure
Fra:1 Mem:561.48M (Peak 561.48M) | Time:00:00.93 | Mem:0.00M, Peak:0.00M | Scene, ViewLayer | Synchronizing object | Rectifier regulator unit exposed hinge
Fra:1 Mem:561.51M (Peak 561.51M) | Time:00:00.93 | Mem:0.00M, Peak:0.00M | Scene, ViewLayer | Synchronizing object | Rectifier regulator unit lifting handle
Fra:1 Mem:561.51M (Peak 561.51M) | Time:00:00.93 | Mem:0.00M, Peak:0.00M | Scene, ViewLayer | Synchronizing object | Rectifier regulator unit exposed hinge.001
Fra:1 Mem:561.52M (Peak 561.52M) | Time:00:00.93 | Mem:0.00M, Peak:0.00M | Scene, ViewLayer | Synchronizing object | Fluorescent lamp diffuser.003
Fra:1 Mem:561.53M (Peak 561.53M) | Time:00:00.93 | Mem:0.00M, Peak:0.00M | Scene, ViewLayer | Synchronizing object | Rectifier regulator unit turn latch
Fra:1 Mem:561.54M (Peak 561.54M) | Time:00:00.93 | Mem:0.00M, Peak:0.00M | Scene, ViewLayer | Synchronizing object | Rectifier regulator unit ventilation louver
Fra:1 Mem:561.54M (Peak 561.54M) | Time:00:00.93 | Mem:0.00M, Peak:0.00M | Scene, ViewLayer | Synchronizing object | Fluorescent lamp housing.003
Fra:1 Mem:561.57M (Peak 561.57M) | Time:00:00.93 | Mem:0.00M, Peak:0.00M | Scene, ViewLayer | Synchronizing object | Rectifier regulator unit ventilation louver.002
Fra:1 Mem:561.57M (Peak 561.57M) | Time:00:00.93 | Mem:0.00M, Peak:0.00M | Scene, ViewLayer | Synchronizing object | Fluorescent lamp diffuser.002
Fra:1 Mem:561.58M (Peak 561.58M) | Time:00:00.93 | Mem:0.00M, Peak:0.00M | Scene, ViewLayer | Synchronizing object | Rectifier regulator unit ventilation louver.003
Fra:1 Mem:561.59M (Peak 561.59M) | Time:00:00.93 | Mem:0.00M, Peak:0.00M | Scene, ViewLayer | Synchronizing object | Rectifier regulator unit panel captive bolt hex head
Fra:1 Mem:561.59M (Peak 561.59M) | Time:00:00.93 | Mem:0.00M, Peak:0.00M | Scene, ViewLayer | Synchronizing object | Rectifier regulator unit panel captive bolt hex head.001
Fra:1 Mem:561.60M (Peak 561.60M) | Time:00:00.93 | Mem:0.00M, Peak:0.00M | Scene, ViewLayer | Synchronizing object | Fluorescent lamp housing.002
Fra:1 Mem:561.60M (Peak 561.60M) | Time:00:00.93 | Mem:0.00M, Peak:0.00M | Scene, ViewLayer | Synchronizing object | Rectifier regulator unit service panel.001
Fra:1 Mem:561.61M (Peak 561.61M) | Time:00:00.93 | Mem:0.00M, Peak:0.00M | Scene, ViewLayer | Synchronizing object | Rectifier regulator unit exposed hinge.002
Fra:1 Mem:561.61M (Peak 561.61M) | Time:00:00.93 | Mem:0.00M, Peak:0.00M | Scene, ViewLayer | Synchronizing object | Rectifier regulator unit exposed hinge.003
Fra:1 Mem:561.62M (Peak 561.62M) | Time:00:00.93 | Mem:0.00M, Peak:0.00M | Scene, ViewLayer | Synchronizing object | Fluorescent lamp diffuser.001
Fra:1 Mem:561.63M (Peak 561.63M) | Time:00:00.93 | Mem:0.00M, Peak:0.00M | Scene, ViewLayer | Synchronizing object | Rectifier regulator unit lifting handle.001
Fra:1 Mem:561.64M (Peak 561.64M) | Time:00:00.93 | Mem:0.00M, Peak:0.00M | Scene, ViewLayer | Synchronizing object | Rectifier regulator unit turn latch.001
Fra:1 Mem:561.65M (Peak 561.65M) | Time:00:00.93 | Mem:0.00M, Peak:0.00M | Scene, ViewLayer | Synchronizing object | Fluorescent lamp housing.001
Fra:1 Mem:561.65M (Peak 561.65M) | Time:00:00.93 | Mem:0.00M, Peak:0.00M | Scene, ViewLayer | Synchronizing object | Rectifier regulator unit ventilation louver.006
Fra:1 Mem:561.68M (Peak 561.68M) | Time:00:00.93 | Mem:0.00M, Peak:0.00M | Scene, ViewLayer | Synchronizing object | Rectifier regulator unit ventilation louver.007
Fra:1 Mem:561.69M (Peak 561.69M) | Time:00:00.93 | Mem:0.00M, Peak:0.00M | Scene, ViewLayer | Synchronizing object | Rectifier regulator unit panel captive bolt hex head.003
Fra:1 Mem:561.69M (Peak 561.69M) | Time:00:00.93 | Mem:0.00M, Peak:0.00M | Scene, ViewLayer | Synchronizing object | Fluorescent lamp diffuser
Fra:1 Mem:561.71M (Peak 561.71M) | Time:00:00.93 | Mem:0.00M, Peak:0.00M | Scene, ViewLayer | Synchronizing object | Rectifier regulator unit hanger channel
Fra:1 Mem:561.71M (Peak 561.71M) | Time:00:00.93 | Mem:0.00M, Peak:0.00M | Scene, ViewLayer | Synchronizing object | Rectifier regulator unit lower cradle
Fra:1 Mem:561.72M (Peak 561.72M) | Time:00:00.93 | Mem:0.00M, Peak:0.00M | Scene, ViewLayer | Synchronizing object | Rectifier regulator unit hanger channel.001
Fra:1 Mem:561.72M (Peak 561.72M) | Time:00:00.93 | Mem:0.00M, Peak:0.00M | Scene, ViewLayer | Synchronizing object | Rectifier regulator unit lower cradle.001
Fra:1 Mem:561.75M (Peak 561.75M) | Time:00:00.93 | Mem:0.00M, Peak:0.00M | Scene, ViewLayer | Synchronizing object | Overhead rack diagonal bracket.013
Fra:1 Mem:561.75M (Peak 561.75M) | Time:00:00.93 | Mem:0.00M, Peak:0.00M | Scene, ViewLayer | Synchronizing object | Rectifier regulator unit data plate
Fra:1 Mem:561.75M (Peak 561.75M) | Time:00:00.93 | Mem:0.00M, Peak:0.00M | Scene, ViewLayer | Synchronizing object | Train lighting junction box enclosure
Fra:1 Mem:561.76M (Peak 561.76M) | Time:00:00.93 | Mem:0.00M, Peak:0.00M | Scene, ViewLayer | Synchronizing object | Overhead rack diagonal bracket.012
Fra:1 Mem:561.77M (Peak 561.77M) | Time:00:00.93 | Mem:0.00M, Peak:0.00M | Scene, ViewLayer | Synchronizing object | Train lighting junction box exposed hinge
Fra:1 Mem:561.77M (Peak 561.77M) | Time:00:00.93 | Mem:0.00M, Peak:0.00M | Scene, ViewLayer | Synchronizing object | Overhead rack diagonal bracket.011
Fra:1 Mem:561.78M (Peak 561.78M) | Time:00:00.93 | Mem:0.00M, Peak:0.00M | Scene, ViewLayer | Synchronizing object | Train lighting junction box exposed hinge.001
Fra:1 Mem:561.78M (Peak 561.78M) | Time:00:00.93 | Mem:0.00M, Peak:0.00M | Scene, ViewLayer | Synchronizing object | Overhead rack diagonal bracket.010
Fra:1 Mem:561.79M (Peak 561.79M) | Time:00:00.93 | Mem:0.00M, Peak:0.00M | Scene, ViewLayer | Synchronizing object | Train lighting junction box lifting handle
Fra:1 Mem:561.81M (Peak 561.81M) | Time:00:00.93 | Mem:0.00M, Peak:0.00M | Scene, ViewLayer | Synchronizing object | Overhead rack diagonal bracket.009
Fra:1 Mem:561.81M (Peak 561.81M) | Time:00:00.93 | Mem:0.00M, Peak:0.00M | Scene, ViewLayer | Synchronizing object | Train lighting junction box turn latch
Fra:1 Mem:561.81M (Peak 561.81M) | Time:00:00.93 | Mem:0.00M, Peak:0.00M | Scene, ViewLayer | Synchronizing object | Train lighting junction box panel captive bolt hex head
Fra:1 Mem:561.82M (Peak 561.82M) | Time:00:00.93 | Mem:0.00M, Peak:0.00M | Scene, ViewLayer | Synchronizing object | Overhead rack diagonal bracket.008
Fra:1 Mem:561.82M (Peak 561.82M) | Time:00:00.93 | Mem:0.00M, Peak:0.00M | Scene, ViewLayer | Synchronizing object | Train lighting junction box hanger channel
Fra:1 Mem:561.83M (Peak 561.83M) | Time:00:00.93 | Mem:0.00M, Peak:0.00M | Scene, ViewLayer | Synchronizing object | Train lighting junction box lower cradle
Fra:1 Mem:561.84M (Peak 561.84M) | Time:00:00.93 | Mem:0.00M, Peak:0.00M | Scene, ViewLayer | Synchronizing object | Overhead rack diagonal bracket.007
Fra:1 Mem:561.84M (Peak 561.84M) | Time:00:00.93 | Mem:0.00M, Peak:0.00M | Scene, ViewLayer | Synchronizing object | Train lighting junction box hanger channel.001
Fra:1 Mem:561.85M (Peak 561.85M) | Time:00:00.93 | Mem:0.00M, Peak:0.00M | Scene, ViewLayer | Synchronizing object | Train lighting junction box lower cradle.001
Fra:1 Mem:561.85M (Peak 561.85M) | Time:00:00.93 | Mem:0.00M, Peak:0.00M | Scene, ViewLayer | Synchronizing object | Overhead rack cross bar.081
Fra:1 Mem:561.86M (Peak 561.86M) | Time:00:00.93 | Mem:0.00M, Peak:0.00M | Scene, ViewLayer | Synchronizing object | Train lighting junction box data plate
Fra:1 Mem:561.87M (Peak 561.87M) | Time:00:00.93 | Mem:0.00M, Peak:0.00M | Scene, ViewLayer | Synchronizing object | Auxiliary air reservoir
Fra:1 Mem:561.88M (Peak 561.88M) | Time:00:00.93 | Mem:0.00M, Peak:0.00M | Scene, ViewLayer | Synchronizing object | Overhead rack cross bar.080
Fra:1 Mem:561.90M (Peak 561.90M) | Time:00:00.93 | Mem:0.00M, Peak:0.00M | Scene, ViewLayer | Synchronizing object | Auxiliary air reservoir hanging bracket
Fra:1 Mem:561.94M (Peak 561.94M) | Time:00:00.93 | Mem:0.00M, Peak:0.00M | Scene, ViewLayer | Synchronizing object | Overhead rack cross bar.079
Fra:1 Mem:561.95M (Peak 561.95M) | Time:00:00.93 | Mem:0.00M, Peak:0.00M | Scene, ViewLayer | Synchronizing object | Overhead rack cross bar.078
Fra:1 Mem:561.95M (Peak 561.95M) | Time:00:00.93 | Mem:0.00M, Peak:0.00M | Scene, ViewLayer | Synchronizing object | Auxiliary air reservoir retaining strap.001
Fra:1 Mem:561.99M (Peak 561.99M) | Time:00:00.93 | Mem:0.00M, Peak:0.00M | Scene, ViewLayer | Synchronizing object | Overhead rack cross bar.077
Fra:1 Mem:562.00M (Peak 562.00M) | Time:00:00.93 | Mem:0.00M, Peak:0.00M | Scene, ViewLayer | Synchronizing object | Overhead rack cross bar.076
Fra:1 Mem:562.01M (Peak 562.01M) | Time:00:00.93 | Mem:0.00M, Peak:0.00M | Scene, ViewLayer | Synchronizing object | Auxiliary air reservoir hanging bracket.002
Fra:1 Mem:562.01M (Peak 562.01M) | Time:00:00.93 | Mem:0.00M, Peak:0.00M | Scene, ViewLayer | Synchronizing object | Auxiliary air reservoir hanging bracket.003
Fra:1 Mem:562.03M (Peak 562.03M) | Time:00:00.93 | Mem:0.00M, Peak:0.00M | Scene, ViewLayer | Synchronizing object | Auxiliary air reservoir drain cock
Fra:1 Mem:562.03M (Peak 562.03M) | Time:00:00.93 | Mem:0.00M, Peak:0.00M | Scene, ViewLayer | Synchronizing object | Overhead rack cross bar.074
Fra:1 Mem:562.05M (Peak 562.05M) | Time:00:00.93 | Mem:0.00M, Peak:0.00M | Scene, ViewLayer | Synchronizing object | Auxiliary air reservoir drain handle
Fra:1 Mem:562.05M (Peak 562.05M) | Time:00:00.93 | Mem:0.00M, Peak:0.00M | Scene, ViewLayer | Synchronizing object | Overhead rack cross bar.073
Fra:1 Mem:562.06M (Peak 562.06M) | Time:00:00.93 | Mem:0.00M, Peak:0.00M | Scene, ViewLayer | Synchronizing object | Overhead rack cross bar.072
Fra:1 Mem:562.06M (Peak 562.06M) | Time:00:00.93 | Mem:0.00M, Peak:0.00M | Scene, ViewLayer | Synchronizing object | Overhead rack cross bar.071
Fra:1 Mem:562.06M (Peak 562.06M) | Time:00:00.93 | Mem:0.00M, Peak:0.00M | Scene, ViewLayer | Synchronizing object | Control reservoir
Fra:1 Mem:562.06M (Peak 562.06M) | Time:00:00.93 | Mem:0.00M, Peak:0.00M | Scene, ViewLayer | Synchronizing object | Overhead rack cross bar.070
Fra:1 Mem:562.08M (Peak 562.08M) | Time:00:00.93 | Mem:0.00M, Peak:0.00M | Scene, ViewLayer | Synchronizing object | Overhead rack cross bar.069
Fra:1 Mem:562.09M (Peak 562.09M) | Time:00:00.93 | Mem:0.00M, Peak:0.00M | Scene, ViewLayer | Synchronizing object | Overhead rack cross bar.068
Fra:1 Mem:562.10M (Peak 562.10M) | Time:00:00.93 | Mem:0.00M, Peak:0.00M | Scene, ViewLayer | Synchronizing object | Overhead rack cross bar.067
Fra:1 Mem:562.10M (Peak 562.10M) | Time:00:00.93 | Mem:0.00M, Peak:0.00M | Scene, ViewLayer | Synchronizing object | Overhead rack cross bar.066
Fra:1 Mem:562.09M (Peak 562.10M) | Time:00:00.93 | Mem:0.00M, Peak:0.00M | Scene, ViewLayer | Synchronizing object | Overhead rack cross bar.065
Fra:1 Mem:562.10M (Peak 562.10M) | Time:00:00.93 | Mem:0.00M, Peak:0.00M | Scene, ViewLayer | Synchronizing object | Overhead rack cross bar.064
Fra:1 Mem:562.10M (Peak 562.10M) | Time:00:00.93 | Mem:0.00M, Peak:0.00M | Scene, ViewLayer | Synchronizing object | Control reservoir retaining strap
Fra:1 Mem:562.10M (Peak 562.10M) | Time:00:00.93 | Mem:0.00M, Peak:0.00M | Scene, ViewLayer | Synchronizing object | Overhead rack cross bar.063
Fra:1 Mem:562.11M (Peak 562.11M) | Time:00:00.93 | Mem:0.00M, Peak:0.00M | Scene, ViewLayer | Synchronizing object | Overhead rack cross bar.062
Fra:1 Mem:562.14M (Peak 562.14M) | Time:00:00.93 | Mem:0.00M, Peak:0.00M | Scene, ViewLayer | Synchronizing object | Overhead rack cross bar.061
Fra:1 Mem:562.14M (Peak 562.14M) | Time:00:00.93 | Mem:0.00M, Peak:0.00M | Scene, ViewLayer | Synchronizing object | Control reservoir hanging bracket.001
Fra:1 Mem:562.15M (Peak 562.15M) | Time:00:00.93 | Mem:0.00M, Peak:0.00M | Scene, ViewLayer | Synchronizing object | Overhead rack cross bar.060
Fra:1 Mem:562.16M (Peak 562.16M) | Time:00:00.93 | Mem:0.00M, Peak:0.00M | Scene, ViewLayer | Synchronizing object | Overhead rack cross bar.059
Fra:1 Mem:562.16M (Peak 562.16M) | Time:00:00.93 | Mem:0.00M, Peak:0.00M | Scene, ViewLayer | Synchronizing object | Control reservoir retaining strap.001
Fra:1 Mem:562.18M (Peak 562.18M) | Time:00:00.93 | Mem:0.00M, Peak:0.00M | Scene, ViewLayer | Synchronizing object | Overhead rack cross bar.058
Fra:1 Mem:562.19M (Peak 562.19M) | Time:00:00.93 | Mem:0.00M, Peak:0.00M | Scene, ViewLayer | Synchronizing object | Control reservoir hanging bracket.002
Fra:1 Mem:562.19M (Peak 562.19M) | Time:00:00.93 | Mem:0.00M, Peak:0.00M | Scene, ViewLayer | Synchronizing object | Overhead rack cross bar.057
Fra:1 Mem:562.21M (Peak 562.21M) | Time:00:00.93 | Mem:0.00M, Peak:0.00M | Scene, ViewLayer | Synchronizing object | Overhead rack cross bar.056
Fra:1 Mem:562.21M (Peak 562.21M) | Time:00:00.93 | Mem:0.00M, Peak:0.00M | Scene, ViewLayer | Synchronizing object | Control reservoir hanging bracket.003
Fra:1 Mem:562.22M (Peak 562.22M) | Time:00:00.93 | Mem:0.00M, Peak:0.00M | Scene, ViewLayer | Synchronizing object | Overhead rack cross bar.055
Fra:1 Mem:562.23M (Peak 562.23M) | Time:00:00.93 | Mem:0.00M, Peak:0.00M | Scene, ViewLayer | Synchronizing object | Control reservoir drain cock
Fra:1 Mem:562.24M (Peak 562.24M) | Time:00:00.93 | Mem:0.00M, Peak:0.00M | Scene, ViewLayer | Synchronizing object | Overhead rack cross bar.054
Fra:1 Mem:562.25M (Peak 562.25M) | Time:00:00.93 | Mem:0.00M, Peak:0.00M | Scene, ViewLayer | Synchronizing object | Control reservoir drain handle
Fra:1 Mem:562.24M (Peak 562.25M) | Time:00:00.93 | Mem:0.00M, Peak:0.00M | Scene, ViewLayer | Synchronizing object | Distributor valve mounting bracket
Fra:1 Mem:562.24M (Peak 562.25M) | Time:00:00.93 | Mem:0.00M, Peak:0.00M | Scene, ViewLayer | Synchronizing object | Distributor valve cast body
Fra:1 Mem:562.25M (Peak 562.25M) | Time:00:00.93 | Mem:0.00M, Peak:0.00M | Scene, ViewLayer | Synchronizing object | Overhead rack cross bar.053
Fra:1 Mem:562.26M (Peak 562.26M) | Time:00:00.93 | Mem:0.00M, Peak:0.00M | Scene, ViewLayer | Synchronizing object | Overhead rack cross bar.052
Fra:1 Mem:562.27M (Peak 562.27M) | Time:00:00.93 | Mem:0.00M, Peak:0.00M | Scene, ViewLayer | Synchronizing object | Distributor valve diaphragm cover
Fra:1 Mem:562.27M (Peak 562.27M) | Time:00:00.93 | Mem:0.00M, Peak:0.00M | Scene, ViewLayer | Synchronizing object | Overhead rack cross bar.051
Fra:1 Mem:562.29M (Peak 562.29M) | Time:00:00.93 | Mem:0.00M, Peak:0.00M | Scene, ViewLayer | Synchronizing object | Distributor cover bolt hex head
Fra:1 Mem:562.28M (Peak 562.29M) | Time:00:00.93 | Mem:0.00M, Peak:0.00M | Scene, ViewLayer | Synchronizing object | Overhead rack cross bar.050
Fra:1 Mem:562.28M (Peak 562.29M) | Time:00:00.93 | Mem:0.00M, Peak:0.00M | Scene, ViewLayer | Synchronizing object | Distributor cover bolt hex head.002
Fra:1 Mem:562.29M (Peak 562.29M) | Time:00:00.93 | Mem:0.00M, Peak:0.00M | Scene, ViewLayer | Synchronizing object | Distributor cover bolt hex head.003
Fra:1 Mem:562.29M (Peak 562.29M) | Time:00:00.93 | Mem:0.00M, Peak:0.00M | Scene, ViewLayer | Synchronizing object | Distributor cover bolt hex head.005
Fra:1 Mem:562.29M (Peak 562.29M) | Time:00:00.93 | Mem:0.00M, Peak:0.00M | Scene, ViewLayer | Synchronizing object | Brake manual release rod
Fra:1 Mem:562.30M (Peak 562.30M) | Time:00:00.93 | Mem:0.00M, Peak:0.00M | Scene, ViewLayer | Synchronizing object | Manual brake release pull ring
Fra:1 Mem:562.30M (Peak 562.30M) | Time:00:00.93 | Mem:0.00M, Peak:0.00M | Scene, ViewLayer | Synchronizing object | Overhead rack cross bar.047
Fra:1 Mem:562.31M (Peak 562.31M) | Time:00:00.93 | Mem:0.00M, Peak:0.00M | Scene, ViewLayer | Synchronizing object | Train pipe saddle clip
Fra:1 Mem:562.32M (Peak 562.32M) | Time:00:00.93 | Mem:0.00M, Peak:0.00M | Scene, ViewLayer | Synchronizing object | Overhead rack cross bar.046
Fra:1 Mem:562.34M (Peak 562.34M) | Time:00:00.93 | Mem:0.00M, Peak:0.00M | Scene, ViewLayer | Synchronizing object | Train pipe threaded union
Fra:1 Mem:562.34M (Peak 562.34M) | Time:00:00.93 | Mem:0.00M, Peak:0.00M | Scene, ViewLayer | Synchronizing object | Overhead rack cross bar.045
Fra:1 Mem:562.34M (Peak 562.34M) | Time:00:00.93 | Mem:0.00M, Peak:0.00M | Scene, ViewLayer | Synchronizing object | Train pipe saddle clip.001
Fra:1 Mem:562.35M (Peak 562.35M) | Time:00:00.93 | Mem:0.00M, Peak:0.00M | Scene, ViewLayer | Synchronizing object | Train pipe threaded union.001
Fra:1 Mem:562.37M (Peak 562.37M) | Time:00:00.93 | Mem:0.00M, Peak:0.00M | Scene, ViewLayer | Synchronizing object | Overhead rack cross bar.044
Fra:1 Mem:562.36M (Peak 562.37M) | Time:00:00.93 | Mem:0.00M, Peak:0.00M | Scene, ViewLayer | Synchronizing object | Train pipe saddle clip.002
Fra:1 Mem:562.37M (Peak 562.37M) | Time:00:00.93 | Mem:0.00M, Peak:0.00M | Scene, ViewLayer | Synchronizing object | Train pipe threaded union.002
Fra:1 Mem:562.37M (Peak 562.37M) | Time:00:00.93 | Mem:0.00M, Peak:0.00M | Scene, ViewLayer | Synchronizing object | Train pipe saddle clip.003
Fra:1 Mem:562.37M (Peak 562.37M) | Time:00:00.93 | Mem:0.00M, Peak:0.00M | Scene, ViewLayer | Synchronizing object | Train pipe threaded union.003
Fra:1 Mem:562.38M (Peak 562.38M) | Time:00:00.93 | Mem:0.00M, Peak:0.00M | Scene, ViewLayer | Synchronizing object | Train pipe saddle clip.004
Fra:1 Mem:562.38M (Peak 562.38M) | Time:00:00.93 | Mem:0.00M, Peak:0.00M | Scene, ViewLayer | Synchronizing object | Overhead rack cross bar.042
Fra:1 Mem:562.39M (Peak 562.39M) | Time:00:00.93 | Mem:0.00M, Peak:0.00M | Scene, ViewLayer | Synchronizing object | Overhead rack cross bar.041
Fra:1 Mem:562.40M (Peak 562.40M) | Time:00:00.93 | Mem:0.00M, Peak:0.00M | Scene, ViewLayer | Synchronizing object | Train pipe threaded union.005
Fra:1 Mem:562.42M (Peak 562.42M) | Time:00:00.93 | Mem:0.00M, Peak:0.00M | Scene, ViewLayer | Synchronizing object | Overhead luggage rack front/rear rail.003
Fra:1 Mem:562.41M (Peak 562.42M) | Time:00:00.93 | Mem:0.00M, Peak:0.00M | Scene, ViewLayer | Synchronizing object | Train pipe saddle clip.006
Fra:1 Mem:562.41M (Peak 562.42M) | Time:00:00.93 | Mem:0.00M, Peak:0.00M | Scene, ViewLayer | Synchronizing object | Train pipe threaded union.006
Fra:1 Mem:562.42M (Peak 562.42M) | Time:00:00.93 | Mem:0.00M, Peak:0.00M | Scene, ViewLayer | Synchronizing object | Overhead luggage rack front/rear rail.002
Fra:1 Mem:562.43M (Peak 562.43M) | Time:00:00.93 | Mem:0.00M, Peak:0.00M | Scene, ViewLayer | Synchronizing object | Overhead rack diagonal bracket.006
Fra:1 Mem:562.43M (Peak 562.43M) | Time:00:00.93 | Mem:0.00M, Peak:0.00M | Scene, ViewLayer | Synchronizing object | Train pipe saddle clip.007
Fra:1 Mem:562.44M (Peak 562.44M) | Time:00:00.93 | Mem:0.00M, Peak:0.00M | Scene, ViewLayer | Synchronizing object | Train pipe threaded union.007
Fra:1 Mem:562.45M (Peak 562.45M) | Time:00:00.93 | Mem:0.00M, Peak:0.00M | Scene, ViewLayer | Synchronizing object | Overhead rack diagonal bracket.005
Fra:1 Mem:562.45M (Peak 562.45M) | Time:00:00.93 | Mem:0.00M, Peak:0.00M | Scene, ViewLayer | Synchronizing object | Train pipe threaded union.008
Fra:1 Mem:562.45M (Peak 562.45M) | Time:00:00.93 | Mem:0.00M, Peak:0.00M | Scene, ViewLayer | Synchronizing object | Train pipe saddle clip.009
Fra:1 Mem:562.47M (Peak 562.47M) | Time:00:00.93 | Mem:0.00M, Peak:0.00M | Scene, ViewLayer | Synchronizing object | Overhead rack diagonal bracket.004
Fra:1 Mem:562.46M (Peak 562.47M) | Time:00:00.93 | Mem:0.00M, Peak:0.00M | Scene, ViewLayer | Synchronizing object | Train pipe threaded union.009
Fra:1 Mem:562.47M (Peak 562.47M) | Time:00:00.93 | Mem:0.00M, Peak:0.00M | Scene, ViewLayer | Synchronizing object | Overhead rack diagonal bracket.003
Fra:1 Mem:562.47M (Peak 562.47M) | Time:00:00.93 | Mem:0.00M, Peak:0.00M | Scene, ViewLayer | Synchronizing object | Train pipe saddle clip.010
Fra:1 Mem:562.48M (Peak 562.48M) | Time:00:00.93 | Mem:0.00M, Peak:0.00M | Scene, ViewLayer | Synchronizing object | Overhead rack diagonal bracket.002
Fra:1 Mem:562.48M (Peak 562.48M) | Time:00:00.93 | Mem:0.00M, Peak:0.00M | Scene, ViewLayer | Synchronizing object | Train pipe saddle clip.011
Fra:1 Mem:562.50M (Peak 562.50M) | Time:00:00.93 | Mem:0.00M, Peak:0.00M | Scene, ViewLayer | Synchronizing object | Overhead rack diagonal bracket.001
Fra:1 Mem:562.50M (Peak 562.50M) | Time:00:00.93 | Mem:0.00M, Peak:0.00M | Scene, ViewLayer | Synchronizing object | Train pipe threaded union.011
Fra:1 Mem:562.51M (Peak 562.51M) | Time:00:00.93 | Mem:0.00M, Peak:0.00M | Scene, ViewLayer | Synchronizing object | Train pipe saddle clip.012
Fra:1 Mem:562.51M (Peak 562.51M) | Time:00:00.93 | Mem:0.00M, Peak:0.00M | Scene, ViewLayer | Synchronizing object | Train pipe saddle clip.013
Fra:1 Mem:562.52M (Peak 562.52M) | Time:00:00.93 | Mem:0.00M, Peak:0.00M | Scene, ViewLayer | Synchronizing object | Train pipe threaded union.013
Fra:1 Mem:562.52M (Peak 562.52M) | Time:00:00.93 | Mem:0.00M, Peak:0.00M | Scene, ViewLayer | Synchronizing object | Body to bogie flexible brake feed
Fra:1 Mem:562.52M (Peak 562.52M) | Time:00:00.93 | Mem:0.00M, Peak:0.00M | Scene, ViewLayer | Synchronizing object | Overhead rack cross bar.040
Fra:1 Mem:562.53M (Peak 562.53M) | Time:00:00.93 | Mem:0.00M, Peak:0.00M | Scene, ViewLayer | Synchronizing object | Body to bogie flexible brake feed.001
Fra:1 Mem:562.54M (Peak 562.54M) | Time:00:00.93 | Mem:0.00M, Peak:0.00M | Scene, ViewLayer | Synchronizing object | Underframe pneumatic equipment pipe
Fra:1 Mem:562.54M (Peak 562.54M) | Time:00:00.93 | Mem:0.00M, Peak:0.00M | Scene, ViewLayer | Synchronizing object | Overhead rack cross bar.039
Fra:1 Mem:562.55M (Peak 562.55M) | Time:00:00.93 | Mem:0.00M, Peak:0.00M | Scene, ViewLayer | Synchronizing object | Underframe pneumatic equipment pipe.001
Fra:1 Mem:562.55M (Peak 562.55M) | Time:00:00.93 | Mem:0.00M, Peak:0.00M | Scene, ViewLayer | Synchronizing object | Overhead rack cross bar.038
Fra:1 Mem:562.55M (Peak 562.55M) | Time:00:00.93 | Mem:0.00M, Peak:0.00M | Scene, ViewLayer | Synchronizing object | Main insulated lighting cable conduit
Fra:1 Mem:562.57M (Peak 562.57M) | Time:00:00.93 | Mem:0.00M, Peak:0.00M | Scene, ViewLayer | Synchronizing object | Overhead rack cross bar.037
Fra:1 Mem:562.56M (Peak 562.57M) | Time:00:00.93 | Mem:0.00M, Peak:0.00M | Scene, ViewLayer | Synchronizing object | Overhead rack cross bar.036
Fra:1 Mem:562.58M (Peak 562.58M) | Time:00:00.93 | Mem:0.00M, Peak:0.00M | Scene, ViewLayer | Synchronizing object | Battery terminal cable
Fra:1 Mem:562.57M (Peak 562.58M) | Time:00:00.93 | Mem:0.00M, Peak:0.00M | Scene, ViewLayer | Synchronizing object | Battery terminal cable.001
Fra:1 Mem:562.57M (Peak 562.58M) | Time:00:00.93 | Mem:0.00M, Peak:0.00M | Scene, ViewLayer | Synchronizing object | Overhead rack cross bar.035
Fra:1 Mem:562.57M (Peak 562.58M) | Time:00:00.93 | Mem:0.00M, Peak:0.00M | Scene, ViewLayer | Synchronizing object | Battery terminal cable.002
Fra:1 Mem:562.58M (Peak 562.58M) | Time:00:00.93 | Mem:0.00M, Peak:0.00M | Scene, ViewLayer | Synchronizing object | Battery terminal cable.003
Fra:1 Mem:562.58M (Peak 562.58M) | Time:00:00.93 | Mem:0.00M, Peak:0.00M | Scene, ViewLayer | Synchronizing object | Lighting switch fuse cabinet enclosure
Fra:1 Mem:562.58M (Peak 562.58M) | Time:00:00.93 | Mem:0.00M, Peak:0.00M | Scene, ViewLayer | Synchronizing object | Lighting switch fuse cabinet service panel
Fra:1 Mem:562.59M (Peak 562.59M) | Time:00:00.93 | Mem:0.00M, Peak:0.00M | Scene, ViewLayer | Synchronizing object | Lighting switch fuse cabinet exposed hinge
Fra:1 Mem:562.60M (Peak 562.60M) | Time:00:00.93 | Mem:0.00M, Peak:0.00M | Scene, ViewLayer | Synchronizing object | Overhead rack cross bar.033
Fra:1 Mem:562.61M (Peak 562.61M) | Time:00:00.93 | Mem:0.00M, Peak:0.00M | Scene, ViewLayer | Synchronizing object | Overhead rack cross bar.032
Fra:1 Mem:562.61M (Peak 562.61M) | Time:00:00.93 | Mem:0.00M, Peak:0.00M | Scene, ViewLayer | Synchronizing object | Lighting switch fuse cabinet exposed hinge.001
Fra:1 Mem:562.61M (Peak 562.61M) | Time:00:00.93 | Mem:0.00M, Peak:0.00M | Scene, ViewLayer | Synchronizing object | Overhead rack cross bar.031
Fra:1 Mem:562.62M (Peak 562.62M) | Time:00:00.93 | Mem:0.00M, Peak:0.00M | Scene, ViewLayer | Synchronizing object | Overhead rack cross bar.030
Fra:1 Mem:562.63M (Peak 562.63M) | Time:00:00.93 | Mem:0.00M, Peak:0.00M | Scene, ViewLayer | Synchronizing object | Lighting switch fuse cabinet panel captive bolt hex head
Fra:1 Mem:562.64M (Peak 562.64M) | Time:00:00.93 | Mem:0.00M, Peak:0.00M | Scene, ViewLayer | Synchronizing object | Overhead rack cross bar.029
Fra:1 Mem:562.64M (Peak 562.64M) | Time:00:00.93 | Mem:0.00M, Peak:0.00M | Scene, ViewLayer | Synchronizing object | Lighting switch fuse cabinet panel captive bolt hex head.001
Fra:1 Mem:562.64M (Peak 562.64M) | Time:00:00.93 | Mem:0.00M, Peak:0.00M | Scene, ViewLayer | Synchronizing object | Overhead rack cross bar.028
Fra:1 Mem:562.65M (Peak 562.65M) | Time:00:00.93 | Mem:0.00M, Peak:0.00M | Scene, ViewLayer | Synchronizing object | Lighting switch fuse cabinet lower cradle
Fra:1 Mem:562.65M (Peak 562.65M) | Time:00:00.93 | Mem:0.00M, Peak:0.00M | Scene, ViewLayer | Synchronizing object | Lighting switch fuse cabinet hanger channel.001
Fra:1 Mem:562.66M (Peak 562.66M) | Time:00:00.93 | Mem:0.00M, Peak:0.00M | Scene, ViewLayer | Synchronizing object | Overhead rack cross bar.027
Fra:1 Mem:562.67M (Peak 562.67M) | Time:00:00.93 | Mem:0.00M, Peak:0.00M | Scene, ViewLayer | Synchronizing object | Lighting switch fuse cabinet lower cradle.001
Fra:1 Mem:562.67M (Peak 562.67M) | Time:00:00.93 | Mem:0.00M, Peak:0.00M | Scene, ViewLayer | Synchronizing object | Overhead rack cross bar.026
Fra:1 Mem:562.68M (Peak 562.68M) | Time:00:00.93 | Mem:0.00M, Peak:0.00M | Scene, ViewLayer | Synchronizing object | Lighting switch fuse cabinet data plate
Fra:1 Mem:562.68M (Peak 562.68M) | Time:00:00.93 | Mem:0.00M, Peak:0.00M | Scene, ViewLayer | Synchronizing object | Headstock steel upper flange
Fra:1 Mem:562.69M (Peak 562.69M) | Time:00:00.93 | Mem:0.00M, Peak:0.00M | Scene, ViewLayer | Synchronizing object | Overhead rack cross bar.025
Fra:1 Mem:562.70M (Peak 562.70M) | Time:00:00.93 | Mem:0.00M, Peak:0.00M | Scene, ViewLayer | Synchronizing object | Buffer housing square baseplate
Fra:1 Mem:562.70M (Peak 562.70M) | Time:00:00.93 | Mem:0.00M, Peak:0.00M | Scene, ViewLayer | Synchronizing object | Buffer spring case
Fra:1 Mem:562.73M (Peak 562.73M) | Time:00:00.93 | Mem:0.00M, Peak:0.00M | Scene, ViewLayer | Synchronizing object | Overhead rack cross bar.024
Fra:1 Mem:562.73M (Peak 562.73M) | Time:00:00.93 | Mem:0.00M, Peak:0.00M | Scene, ViewLayer | Synchronizing object | Buffer sliding ram
Fra:1 Mem:562.73M (Peak 562.73M) | Time:00:00.93 | Mem:0.00M, Peak:0.00M | Scene, ViewLayer | Synchronizing object | Overhead rack cross bar.023
Fra:1 Mem:562.75M (Peak 562.75M) | Time:00:00.93 | Mem:0.00M, Peak:0.00M | Scene, ViewLayer | Synchronizing object | Buffer dust collar
Fra:1 Mem:562.75M (Peak 562.75M) | Time:00:00.93 | Mem:0.00M, Peak:0.00M | Scene, ViewLayer | Synchronizing object | Buffer head shallow crowned forged disc
Fra:1 Mem:562.76M (Peak 562.76M) | Time:00:00.93 | Mem:0.00M, Peak:0.00M | Scene, ViewLayer | Synchronizing object | Overhead rack cross bar.022
Fra:1 Mem:562.77M (Peak 562.77M) | Time:00:00.93 | Mem:0.00M, Peak:0.00M | Scene, ViewLayer | Synchronizing object | Buffer mounting hex nut
Fra:1 Mem:562.79M (Peak 562.79M) | Time:00:00.93 | Mem:0.00M, Peak:0.00M | Scene, ViewLayer | Synchronizing object | Overhead rack cross bar.021
Fra:1 Mem:562.81M (Peak 562.81M) | Time:00:00.93 | Mem:0.00M, Peak:0.00M | Scene, ViewLayer | Synchronizing object | Buffer mounting stud
Fra:1 Mem:562.81M (Peak 562.81M) | Time:00:00.93 | Mem:0.00M, Peak:0.00M | Scene, ViewLayer | Synchronizing object | Overhead rack cross bar.020
Fra:1 Mem:562.82M (Peak 562.82M) | Time:00:00.93 | Mem:0.00M, Peak:0.00M | Scene, ViewLayer | Synchronizing object | Buffer mounting hex nut.001
Fra:1 Mem:562.82M (Peak 562.82M) | Time:00:00.93 | Mem:0.00M, Peak:0.00M | Scene, ViewLayer | Synchronizing object | Buffer mounting stud.001
Fra:1 Mem:562.83M (Peak 562.83M) | Time:00:00.93 | Mem:0.00M, Peak:0.00M | Scene, ViewLayer | Synchronizing object | Overhead rack cross bar.019
Fra:1 Mem:562.83M (Peak 562.83M) | Time:00:00.93 | Mem:0.00M, Peak:0.00M | Scene, ViewLayer | Synchronizing object | Buffer mounting hex nut.002
Fra:1 Mem:562.84M (Peak 562.84M) | Time:00:00.93 | Mem:0.00M, Peak:0.00M | Scene, ViewLayer | Synchronizing object | Buffer mounting stud.002
Fra:1 Mem:562.85M (Peak 562.85M) | Time:00:00.93 | Mem:0.00M, Peak:0.00M | Scene, ViewLayer | Synchronizing object | Buffer mounting hex nut.003
Fra:1 Mem:562.85M (Peak 562.85M) | Time:00:00.93 | Mem:0.00M, Peak:0.00M | Scene, ViewLayer | Synchronizing object | Buffer grease nipple
Fra:1 Mem:562.86M (Peak 562.86M) | Time:00:00.93 | Mem:0.00M, Peak:0.00M | Scene, ViewLayer | Synchronizing object | Buffer housing square baseplate.001
Fra:1 Mem:562.86M (Peak 562.86M) | Time:00:00.93 | Mem:0.00M, Peak:0.00M | Scene, ViewLayer | Synchronizing object | Buffer sliding ram.001
Fra:1 Mem:562.86M (Peak 562.86M) | Time:00:00.93 | Mem:0.00M, Peak:0.00M | Scene, ViewLayer | Synchronizing object | Overhead rack cross bar.016
Fra:1 Mem:562.89M (Peak 562.89M) | Time:00:00.93 | Mem:0.00M, Peak:0.00M | Scene, ViewLayer | Synchronizing object | Overhead rack cross bar.015
Fra:1 Mem:562.90M (Peak 562.90M) | Time:00:00.93 | Mem:0.00M, Peak:0.00M | Scene, ViewLayer | Synchronizing object | Buffer dust collar.001
Fra:1 Mem:562.90M (Peak 562.90M) | Time:00:00.93 | Mem:0.00M, Peak:0.00M | Scene, ViewLayer | Synchronizing object | Buffer head shallow crowned forged disc.001
Fra:1 Mem:562.90M (Peak 562.90M) | Time:00:00.93 | Mem:0.00M, Peak:0.00M | Scene, ViewLayer | Synchronizing object | Buffer mounting hex nut.004
Fra:1 Mem:562.94M (Peak 562.94M) | Time:00:00.93 | Mem:0.00M, Peak:0.00M | Scene, ViewLayer | Synchronizing object | Overhead rack cross bar.013
Fra:1 Mem:562.95M (Peak 562.95M) | Time:00:00.93 | Mem:0.00M, Peak:0.00M | Scene, ViewLayer | Synchronizing object | Buffer mounting stud.004
Fra:1 Mem:562.96M (Peak 562.96M) | Time:00:00.93 | Mem:0.00M, Peak:0.00M | Scene, ViewLayer | Synchronizing object | Overhead rack cross bar.012
Fra:1 Mem:562.97M (Peak 562.97M) | Time:00:00.93 | Mem:0.00M, Peak:0.00M | Scene, ViewLayer | Synchronizing object | Buffer mounting hex nut.005
Fra:1 Mem:562.97M (Peak 562.97M) | Time:00:00.93 | Mem:0.00M, Peak:0.00M | Scene, ViewLayer | Synchronizing object | Buffer mounting stud.005
Fra:1 Mem:562.97M (Peak 562.97M) | Time:00:00.93 | Mem:0.00M, Peak:0.00M | Scene, ViewLayer | Synchronizing object | Buffer mounting hex nut.006
Fra:1 Mem:562.99M (Peak 562.99M) | Time:00:00.93 | Mem:0.00M, Peak:0.00M | Scene, ViewLayer | Synchronizing object | Overhead rack cross bar.010
Fra:1 Mem:562.99M (Peak 562.99M) | Time:00:00.93 | Mem:0.00M, Peak:0.00M | Scene, ViewLayer | Synchronizing object | Buffer mounting stud.006
Fra:1 Mem:562.99M (Peak 562.99M) | Time:00:00.93 | Mem:0.00M, Peak:0.00M | Scene, ViewLayer | Synchronizing object | Buffer mounting hex nut.007
Fra:1 Mem:563.00M (Peak 563.00M) | Time:00:00.93 | Mem:0.00M, Peak:0.00M | Scene, ViewLayer | Synchronizing object | Buffer mounting stud.007
Fra:1 Mem:563.00M (Peak 563.00M) | Time:00:00.93 | Mem:0.00M, Peak:0.00M | Scene, ViewLayer | Synchronizing object | Buffer grease nipple.001
Fra:1 Mem:563.00M (Peak 563.00M) | Time:00:00.93 | Mem:0.00M, Peak:0.00M | Scene, ViewLayer | Synchronizing object | Forged central drawhook
Fra:1 Mem:563.00M (Peak 563.00M) | Time:00:00.93 | Mem:0.00M, Peak:0.00M | Scene, ViewLayer | Synchronizing object | Drawhook pocket opening
Fra:1 Mem:563.03M (Peak 563.03M) | Time:00:00.93 | Mem:0.00M, Peak:0.00M | Scene, ViewLayer | Synchronizing object | Drawhook trunnion pin
Fra:1 Mem:563.03M (Peak 563.03M) | Time:00:00.93 | Mem:0.00M, Peak:0.00M | Scene, ViewLayer | Synchronizing object | Coupling shackle cheek
Fra:1 Mem:563.05M (Peak 563.05M) | Time:00:00.93 | Mem:0.00M, Peak:0.00M | Scene, ViewLayer | Synchronizing object | Overhead rack cross bar.008
Fra:1 Mem:563.05M (Peak 563.05M) | Time:00:00.93 | Mem:0.00M, Peak:0.00M | Scene, ViewLayer | Synchronizing object | Coupling shackle cheek.002
Fra:1 Mem:563.06M (Peak 563.06M) | Time:00:00.93 | Mem:0.00M, Peak:0.00M | Scene, ViewLayer | Synchronizing object | Coupling shackle cheek.003
Fra:1 Mem:563.08M (Peak 563.08M) | Time:00:00.93 | Mem:0.00M, Peak:0.00M | Scene, ViewLayer | Synchronizing object | Coupling trunnion retaining nut.001
Fra:1 Mem:563.07M (Peak 563.08M) | Time:00:00.93 | Mem:0.00M, Peak:0.00M | Scene, ViewLayer | Synchronizing object | Screw coupling turnbuckle barrel
Fra:1 Mem:563.08M (Peak 563.08M) | Time:00:00.93 | Mem:0.00M, Peak:0.00M | Scene, ViewLayer | Synchronizing object | Turnbuckle screw thread
Fra:1 Mem:563.10M (Peak 563.10M) | Time:00:00.93 | Mem:0.00M, Peak:0.00M | Scene, ViewLayer | Synchronizing object | Overhead rack cross bar.006
Fra:1 Mem:563.10M (Peak 563.10M) | Time:00:00.93 | Mem:0.00M, Peak:0.00M | Scene, ViewLayer | Synchronizing object | Turnbuckle screw thread.002
Fra:1 Mem:563.10M (Peak 563.10M) | Time:00:00.93 | Mem:0.00M, Peak:0.00M | Scene, ViewLayer | Synchronizing object | Turnbuckle screw thread.003
Fra:1 Mem:563.13M (Peak 563.13M) | Time:00:00.93 | Mem:0.00M, Peak:0.00M | Scene, ViewLayer | Synchronizing object | Overhead rack cross bar.005
Fra:1 Mem:563.14M (Peak 563.14M) | Time:00:00.93 | Mem:0.00M, Peak:0.00M | Scene, ViewLayer | Synchronizing object | Turnbuckle screw thread.006
Fra:1 Mem:563.15M (Peak 563.15M) | Time:00:00.93 | Mem:0.00M, Peak:0.00M | Scene, ViewLayer | Synchronizing object | Overhead rack cross bar.004
Fra:1 Mem:563.15M (Peak 563.15M) | Time:00:00.93 | Mem:0.00M, Peak:0.00M | Scene, ViewLayer | Synchronizing object | Overhead rack cross bar.003
Fra:1 Mem:563.16M (Peak 563.16M) | Time:00:00.93 | Mem:0.00M, Peak:0.00M | Scene, ViewLayer | Synchronizing object | Turnbuckle screw thread.007
Fra:1 Mem:563.17M (Peak 563.17M) | Time:00:00.93 | Mem:0.00M, Peak:0.00M | Scene, ViewLayer | Synchronizing object | Overhead rack cross bar.002
Fra:1 Mem:563.17M (Peak 563.17M) | Time:00:00.93 | Mem:0.00M, Peak:0.00M | Scene, ViewLayer | Synchronizing object | Turnbuckle screw thread.008
Fra:1 Mem:563.19M (Peak 563.19M) | Time:00:00.93 | Mem:0.00M, Peak:0.00M | Scene, ViewLayer | Synchronizing object | Overhead rack cross bar.001
Fra:1 Mem:563.20M (Peak 563.20M) | Time:00:00.93 | Mem:0.00M, Peak:0.00M | Scene, ViewLayer | Synchronizing object | Overhead rack cross bar
Fra:1 Mem:563.20M (Peak 563.20M) | Time:00:00.93 | Mem:0.00M, Peak:0.00M | Scene, ViewLayer | Synchronizing object | Turnbuckle screw thread.009
Fra:1 Mem:563.21M (Peak 563.21M) | Time:00:00.93 | Mem:0.00M, Peak:0.00M | Scene, ViewLayer | Synchronizing object | Turnbuckle screw thread.010
Fra:1 Mem:563.22M (Peak 563.22M) | Time:00:00.93 | Mem:0.00M, Peak:0.00M | Scene, ViewLayer | Synchronizing object | Turnbuckle screw thread.011
Fra:1 Mem:563.23M (Peak 563.23M) | Time:00:00.93 | Mem:0.00M, Peak:0.00M | Scene, ViewLayer | Synchronizing object | Turnbuckle screw thread.012
Fra:1 Mem:563.25M (Peak 563.25M) | Time:00:00.93 | Mem:0.00M, Peak:0.00M | Scene, ViewLayer | Synchronizing object | Turnbuckle screw thread.013
Fra:1 Mem:563.26M (Peak 563.26M) | Time:00:00.93 | Mem:0.00M, Peak:0.00M | Scene, ViewLayer | Synchronizing object | Overhead luggage rack front/rear rail
Fra:1 Mem:563.27M (Peak 563.27M) | Time:00:00.93 | Mem:0.00M, Peak:0.00M | Scene, ViewLayer | Synchronizing object | Turnbuckle screw thread.014
Fra:1 Mem:563.27M (Peak 563.27M) | Time:00:00.93 | Mem:0.00M, Peak:0.00M | Scene, ViewLayer | Synchronizing object | Turnbuckle screw thread.015
Fra:1 Mem:563.28M (Peak 563.28M) | Time:00:00.93 | Mem:0.00M, Peak:0.00M | Scene, ViewLayer | Synchronizing object | Turnbuckle screw thread.016
Fra:1 Mem:563.30M (Peak 563.30M) | Time:00:00.93 | Mem:0.00M, Peak:0.00M | Scene, ViewLayer | Synchronizing object | Turnbuckle screw thread.017
Fra:1 Mem:563.31M (Peak 563.31M) | Time:00:00.93 | Mem:0.00M, Peak:0.00M | Scene, ViewLayer | Synchronizing object | Seat support post.107
Fra:1 Mem:563.32M (Peak 563.32M) | Time:00:00.93 | Mem:0.00M, Peak:0.00M | Scene, ViewLayer | Synchronizing object | Turnbuckle cross handle
Fra:1 Mem:563.32M (Peak 563.32M) | Time:00:00.93 | Mem:0.00M, Peak:0.00M | Scene, ViewLayer | Synchronizing object | Turnbuckle handle end stop
Fra:1 Mem:563.34M (Peak 563.34M) | Time:00:00.93 | Mem:0.00M, Peak:0.00M | Scene, ViewLayer | Synchronizing object | Seat support post.106
Fra:1 Mem:563.36M (Peak 563.36M) | Time:00:00.93 | Mem:0.00M, Peak:0.00M | Scene, ViewLayer | Synchronizing object | Turnbuckle handle end stop.001
Fra:1 Mem:563.34M (Peak 563.36M) | Time:00:00.93 | Mem:0.00M, Peak:0.00M | Scene, ViewLayer | Synchronizing object | Screw coupling forged lower bow
Fra:1 Mem:563.35M (Peak 563.36M) | Time:00:00.93 | Mem:0.00M, Peak:0.00M | Scene, ViewLayer | Synchronizing object | Brake pipe end feed
Fra:1 Mem:563.36M (Peak 563.36M) | Time:00:00.93 | Mem:0.00M, Peak:0.00M | Scene, ViewLayer | Synchronizing object | Brake pipe cock body
Fra:1 Mem:563.40M (Peak 563.40M) | Time:00:00.93 | Mem:0.00M, Peak:0.00M | Scene, ViewLayer | Synchronizing object | Brake isolation cock lever
Fra:1 Mem:563.42M (Peak 563.42M) | Time:00:00.93 | Mem:0.00M, Peak:0.00M | Scene, ViewLayer | Synchronizing object | Rubber pneumatic end hose
Fra:1 Mem:563.43M (Peak 563.43M) | Time:00:00.93 | Mem:0.00M, Peak:0.00M | Scene, ViewLayer | Synchronizing object | Pneumatic hose gladhand
Fra:1 Mem:563.45M (Peak 563.45M) | Time:00:00.93 | Mem:0.00M, Peak:0.00M | Scene, ViewLayer | Synchronizing object | Hose moulded collar
Fra:1 Mem:563.45M (Peak 563.45M) | Time:00:00.93 | Mem:0.00M, Peak:0.00M | Scene, ViewLayer | Synchronizing object | Hose moulded collar.001
Fra:1 Mem:563.47M (Peak 563.47M) | Time:00:00.93 | Mem:0.00M, Peak:0.00M | Scene, ViewLayer | Synchronizing object | Brake pipe end feed.001
Fra:1 Mem:563.48M (Peak 563.48M) | Time:00:00.93 | Mem:0.00M, Peak:0.00M | Scene, ViewLayer | Synchronizing object | Seat support post.103
Fra:1 Mem:563.48M (Peak 563.48M) | Time:00:00.93 | Mem:0.00M, Peak:0.00M | Scene, ViewLayer | Synchronizing object | Brake isolation cock lever.001
Fra:1 Mem:563.51M (Peak 563.51M) | Time:00:00.93 | Mem:0.00M, Peak:0.00M | Scene, ViewLayer | Synchronizing object | Seat support post.102
Fra:1 Mem:563.51M (Peak 563.51M) | Time:00:00.93 | Mem:0.00M, Peak:0.00M | Scene, ViewLayer | Synchronizing object | Rubber pneumatic end hose.001
Fra:1 Mem:563.51M (Peak 563.51M) | Time:00:00.93 | Mem:0.00M, Peak:0.00M | Scene, ViewLayer | Synchronizing object | Pneumatic hose gladhand.001
Fra:1 Mem:563.51M (Peak 563.51M) | Time:00:00.93 | Mem:0.00M, Peak:0.00M | Scene, ViewLayer | Synchronizing object | GS full-width bench backrest.035
Fra:1 Mem:563.53M (Peak 563.53M) | Time:00:00.93 | Mem:0.00M, Peak:0.00M | Scene, ViewLayer | Synchronizing object | Hose moulded collar.003
Fra:1 Mem:563.54M (Peak 563.54M) | Time:00:00.93 | Mem:0.00M, Peak:0.00M | Scene, ViewLayer | Synchronizing object | Buffer beam corner handhold
Fra:1 Mem:563.54M (Peak 563.54M) | Time:00:00.93 | Mem:0.00M, Peak:0.00M | Scene, ViewLayer | Synchronizing object | Buffer beam corner handhold.001
Fra:1 Mem:563.55M (Peak 563.55M) | Time:00:00.93 | Mem:0.00M, Peak:0.00M | Scene, ViewLayer | Synchronizing object | Headstock buffer beam.001
Fra:1 Mem:563.57M (Peak 563.57M) | Time:00:00.93 | Mem:0.00M, Peak:0.00M | Scene, ViewLayer | Synchronizing object | Headstock steel upper flange.001
Fra:1 Mem:563.58M (Peak 563.58M) | Time:00:00.93 | Mem:0.00M, Peak:0.00M | Scene, ViewLayer | Synchronizing object | Buffer housing square baseplate.002
Fra:1 Mem:563.59M (Peak 563.59M) | Time:00:00.93 | Mem:0.00M, Peak:0.00M | Scene, ViewLayer | Synchronizing object | GS three-person bench_subtle_cover_stitch.070
Fra:1 Mem:563.59M (Peak 563.59M) | Time:00:00.93 | Mem:0.00M, Peak:0.00M | Scene, ViewLayer | Synchronizing object | Buffer sliding ram.002
Fra:1 Mem:563.64M (Peak 563.64M) | Time:00:00.93 | Mem:0.00M, Peak:0.00M | Scene, ViewLayer | Synchronizing object | Buffer dust collar.002
Fra:1 Mem:563.63M (Peak 563.64M) | Time:00:00.93 | Mem:0.00M, Peak:0.00M | Scene, ViewLayer | Synchronizing object | GS three-person bench_stitched_edge_welt.035
Fra:1 Mem:563.64M (Peak 563.64M) | Time:00:00.93 | Mem:0.00M, Peak:0.00M | Scene, ViewLayer | Synchronizing object | Buffer mounting hex nut.008
Fra:1 Mem:563.70M (Peak 563.70M) | Time:00:00.93 | Mem:0.00M, Peak:0.00M | Scene, ViewLayer | Synchronizing object | Buffer mounting stud.008
Fra:1 Mem:563.71M (Peak 563.71M) | Time:00:00.93 | Mem:0.00M, Peak:0.00M | Scene, ViewLayer | Synchronizing object | Buffer mounting hex nut.009
Fra:1 Mem:563.73M (Peak 563.73M) | Time:00:00.93 | Mem:0.00M, Peak:0.00M | Scene, ViewLayer | Synchronizing object | Buffer mounting stud.009
Fra:1 Mem:563.75M (Peak 563.75M) | Time:00:00.93 | Mem:0.00M, Peak:0.00M | Scene, ViewLayer | Synchronizing object | Buffer mounting hex nut.010
Fra:1 Mem:563.73M (Peak 563.75M) | Time:00:00.93 | Mem:0.00M, Peak:0.00M | Scene, ViewLayer | Synchronizing object | Buffer mounting stud.010
Fra:1 Mem:563.75M (Peak 563.75M) | Time:00:00.93 | Mem:0.00M, Peak:0.00M | Scene, ViewLayer | Synchronizing object | Buffer mounting hex nut.011
Fra:1 Mem:563.76M (Peak 563.76M) | Time:00:00.93 | Mem:0.00M, Peak:0.00M | Scene, ViewLayer | Synchronizing object | Buffer mounting stud.011
Fra:1 Mem:563.78M (Peak 563.78M) | Time:00:00.93 | Mem:0.00M, Peak:0.00M | Scene, ViewLayer | Synchronizing object | Buffer grease nipple.002
Fra:1 Mem:563.78M (Peak 563.78M) | Time:00:00.93 | Mem:0.00M, Peak:0.00M | Scene, ViewLayer | Synchronizing object | Buffer spring case.003
Fra:1 Mem:563.79M (Peak 563.79M) | Time:00:00.93 | Mem:0.00M, Peak:0.00M | Scene, ViewLayer | Synchronizing object | Buffer sliding ram.003
Fra:1 Mem:563.82M (Peak 563.82M) | Time:00:00.93 | Mem:0.00M, Peak:0.00M | Scene, ViewLayer | Synchronizing object | GS full-width bench backrest.034
Fra:1 Mem:563.83M (Peak 563.83M) | Time:00:00.93 | Mem:0.00M, Peak:0.00M | Scene, ViewLayer | Synchronizing object | Buffer dust collar.003
Fra:1 Mem:563.83M (Peak 563.83M) | Time:00:00.93 | Mem:0.00M, Peak:0.00M | Scene, ViewLayer | Synchronizing object | Buffer head shallow crowned forged disc.003
Fra:1 Mem:563.84M (Peak 563.84M) | Time:00:00.93 | Mem:0.00M, Peak:0.00M | Scene, ViewLayer | Synchronizing object | Buffer mounting hex nut.012
Fra:1 Mem:563.87M (Peak 563.87M) | Time:00:00.93 | Mem:0.00M, Peak:0.00M | Scene, ViewLayer | Synchronizing object | GS three-person bench_subtle_cover_stitch.069
Fra:1 Mem:563.89M (Peak 563.89M) | Time:00:00.93 | Mem:0.00M, Peak:0.00M | Scene, ViewLayer | Synchronizing object | Buffer mounting stud.012
Fra:1 Mem:563.90M (Peak 563.90M) | Time:00:00.93 | Mem:0.00M, Peak:0.00M | Scene, ViewLayer | Synchronizing object | Buffer mounting hex nut.013
Fra:1 Mem:563.91M (Peak 563.91M) | Time:00:00.93 | Mem:0.00M, Peak:0.00M | Scene, ViewLayer | Synchronizing object | Buffer mounting stud.013
Fra:1 Mem:563.92M (Peak 563.92M) | Time:00:00.94 | Mem:0.00M, Peak:0.00M | Scene, ViewLayer | Synchronizing object | Buffer mounting hex nut.014
Fra:1 Mem:563.92M (Peak 563.92M) | Time:00:00.94 | Mem:0.00M, Peak:0.00M | Scene, ViewLayer | Synchronizing object | GS three-person bench_subtle_cover_stitch.068
Fra:1 Mem:563.94M (Peak 563.94M) | Time:00:00.94 | Mem:0.00M, Peak:0.00M | Scene, ViewLayer | Synchronizing object | Buffer mounting stud.014
Fra:1 Mem:563.95M (Peak 563.95M) | Time:00:00.94 | Mem:0.00M, Peak:0.00M | Scene, ViewLayer | Synchronizing object | Buffer mounting hex nut.015
Fra:1 Mem:563.95M (Peak 563.95M) | Time:00:00.94 | Mem:0.00M, Peak:0.00M | Scene, ViewLayer | Synchronizing object | Buffer grease nipple.003
Fra:1 Mem:563.95M (Peak 563.95M) | Time:00:00.94 | Mem:0.00M, Peak:0.00M | Scene, ViewLayer | Synchronizing object | GS three-person bench_stitched_edge_welt.034
Fra:1 Mem:563.96M (Peak 563.96M) | Time:00:00.94 | Mem:0.00M, Peak:0.00M | Scene, ViewLayer | Synchronizing object | Forged central drawhook.001
Fra:1 Mem:563.97M (Peak 563.97M) | Time:00:00.94 | Mem:0.00M, Peak:0.00M | Scene, ViewLayer | Synchronizing object | Drawhook pocket opening.001
Fra:1 Mem:563.99M (Peak 563.99M) | Time:00:00.94 | Mem:0.00M, Peak:0.00M | Scene, ViewLayer | Synchronizing object | Drawhook trunnion pin.001
Fra:1 Mem:564.01M (Peak 564.01M) | Time:00:00.94 | Mem:0.00M, Peak:0.00M | Scene, ViewLayer | Synchronizing object | Coupling shackle cheek.004
Fra:1 Mem:564.03M (Peak 564.03M) | Time:00:00.94 | Mem:0.00M, Peak:0.00M | Scene, ViewLayer | Synchronizing object | GS three-person bench.034
Fra:1 Mem:564.05M (Peak 564.05M) | Time:00:00.94 | Mem:0.00M, Peak:0.00M | Scene, ViewLayer | Synchronizing object | Coupling shackle cheek.005
Fra:1 Mem:564.06M (Peak 564.06M) | Time:00:00.94 | Mem:0.00M, Peak:0.00M | Scene, ViewLayer | Synchronizing object | Coupling trunnion retaining nut.002
Fra:1 Mem:564.07M (Peak 564.07M) | Time:00:00.94 | Mem:0.00M, Peak:0.00M | Scene, ViewLayer | Synchronizing object | Coupling shackle cheek.006
Fra:1 Mem:564.07M (Peak 564.07M) | Time:00:00.94 | Mem:0.00M, Peak:0.00M | Scene, ViewLayer | Synchronizing object | Fan grille locking clip.071
Fra:1 Mem:564.07M (Peak 564.07M) | Time:00:00.94 | Mem:0.00M, Peak:0.00M | Scene, ViewLayer | Synchronizing object | Coupling trunnion retaining nut.003
Fra:1 Mem:564.08M (Peak 564.08M) | Time:00:00.94 | Mem:0.00M, Peak:0.00M | Scene, ViewLayer | Synchronizing object | Screw coupling upper trunnion.001
Fra:1 Mem:564.09M (Peak 564.09M) | Time:00:00.94 | Mem:0.00M, Peak:0.00M | Scene, ViewLayer | Synchronizing object | Screw coupling turnbuckle barrel.001
Fra:1 Mem:564.09M (Peak 564.09M) | Time:00:00.94 | Mem:0.00M, Peak:0.00M | Scene, ViewLayer | Synchronizing object | Fan grille locking clip.070
Fra:1 Mem:564.10M (Peak 564.10M) | Time:00:00.94 | Mem:0.00M, Peak:0.00M | Scene, ViewLayer | Synchronizing object | Turnbuckle screw thread.019
Fra:1 Mem:564.12M (Peak 564.12M) | Time:00:00.94 | Mem:0.00M, Peak:0.00M | Scene, ViewLayer | Synchronizing object | Fan grille locking clip.069
Fra:1 Mem:564.13M (Peak 564.13M) | Time:00:00.94 | Mem:0.00M, Peak:0.00M | Scene, ViewLayer | Synchronizing object | Turnbuckle screw thread.020
Fra:1 Mem:564.13M (Peak 564.13M) | Time:00:00.94 | Mem:0.00M, Peak:0.00M | Scene, ViewLayer | Synchronizing object | Turnbuckle screw thread.021
Fra:1 Mem:564.16M (Peak 564.16M) | Time:00:00.94 | Mem:0.00M, Peak:0.00M | Scene, ViewLayer | Synchronizing object | Fan centre decorative cap.017
Fra:1 Mem:564.17M (Peak 564.17M) | Time:00:00.94 | Mem:0.00M, Peak:0.00M | Scene, ViewLayer | Synchronizing object | Turnbuckle screw thread.022
Fra:1 Mem:564.18M (Peak 564.18M) | Time:00:00.94 | Mem:0.00M, Peak:0.00M | Scene, ViewLayer | Synchronizing object | Turnbuckle screw thread.023
Fra:1 Mem:564.18M (Peak 564.18M) | Time:00:00.94 | Mem:0.00M, Peak:0.00M | Scene, ViewLayer | Synchronizing object | Fan swept three blade rotor.053
Fra:1 Mem:564.19M (Peak 564.19M) | Time:00:00.94 | Mem:0.00M, Peak:0.00M | Scene, ViewLayer | Synchronizing object | Turnbuckle screw thread.024
Fra:1 Mem:564.19M (Peak 564.19M) | Time:00:00.94 | Mem:0.00M, Peak:0.00M | Scene, ViewLayer | Synchronizing object | Fan swept three blade rotor.052
Fra:1 Mem:564.21M (Peak 564.21M) | Time:00:00.94 | Mem:0.00M, Peak:0.00M | Scene, ViewLayer | Synchronizing object | Turnbuckle screw thread.025
Fra:1 Mem:564.21M (Peak 564.21M) | Time:00:00.94 | Mem:0.00M, Peak:0.00M | Scene, ViewLayer | Synchronizing object | Turnbuckle screw thread.027
Fra:1 Mem:564.23M (Peak 564.23M) | Time:00:00.94 | Mem:0.00M, Peak:0.00M | Scene, ViewLayer | Synchronizing object | Fan radial cage wire.431
Fra:1 Mem:564.24M (Peak 564.24M) | Time:00:00.94 | Mem:0.00M, Peak:0.00M | Scene, ViewLayer | Synchronizing object | Turnbuckle screw thread.028
Fra:1 Mem:564.25M (Peak 564.25M) | Time:00:00.94 | Mem:0.00M, Peak:0.00M | Scene, ViewLayer | Synchronizing object | Turnbuckle screw thread.029
Fra:1 Mem:564.27M (Peak 564.27M) | Time:00:00.94 | Mem:0.00M, Peak:0.00M | Scene, ViewLayer | Synchronizing object | Fan radial cage wire.430
Fra:1 Mem:564.28M (Peak 564.28M) | Time:00:00.94 | Mem:0.00M, Peak:0.00M | Scene, ViewLayer | Synchronizing object | Turnbuckle screw thread.031
Fra:1 Mem:564.28M (Peak 564.28M) | Time:00:00.94 | Mem:0.00M, Peak:0.00M | Scene, ViewLayer | Synchronizing object | Turnbuckle screw thread.032
Fra:1 Mem:564.28M (Peak 564.28M) | Time:00:00.94 | Mem:0.00M, Peak:0.00M | Scene, ViewLayer | Synchronizing object | Fan radial cage wire.429
Fra:1 Mem:564.31M (Peak 564.31M) | Time:00:00.94 | Mem:0.00M, Peak:0.00M | Scene, ViewLayer | Synchronizing object | Turnbuckle screw thread.033
Fra:1 Mem:564.31M (Peak 564.31M) | Time:00:00.94 | Mem:0.00M, Peak:0.00M | Scene, ViewLayer | Synchronizing object | Fan radial cage wire.428
Fra:1 Mem:564.32M (Peak 564.32M) | Time:00:00.94 | Mem:0.00M, Peak:0.00M | Scene, ViewLayer | Synchronizing object | Turnbuckle screw thread.034
Fra:1 Mem:564.35M (Peak 564.35M) | Time:00:00.94 | Mem:0.00M, Peak:0.00M | Scene, ViewLayer | Synchronizing object | Turnbuckle screw thread.035
Fra:1 Mem:564.35M (Peak 564.35M) | Time:00:00.94 | Mem:0.00M, Peak:0.00M | Scene, ViewLayer | Synchronizing object | Fan radial cage wire.427
Fra:1 Mem:564.35M (Peak 564.35M) | Time:00:00.94 | Mem:0.00M, Peak:0.00M | Scene, ViewLayer | Synchronizing object | Turnbuckle screw thread.036
Fra:1 Mem:564.37M (Peak 564.37M) | Time:00:00.94 | Mem:0.00M, Peak:0.00M | Scene, ViewLayer | Synchronizing object | Turnbuckle screw thread.037
Fra:1 Mem:564.38M (Peak 564.38M) | Time:00:00.94 | Mem:0.00M, Peak:0.00M | Scene, ViewLayer | Synchronizing object | Turnbuckle cross handle.001
Fra:1 Mem:564.38M (Peak 564.38M) | Time:00:00.94 | Mem:0.00M, Peak:0.00M | Scene, ViewLayer | Synchronizing object | Turnbuckle handle end stop.002
Fra:1 Mem:564.40M (Peak 564.40M) | Time:00:00.94 | Mem:0.00M, Peak:0.00M | Scene, ViewLayer | Synchronizing object | Fan radial cage wire.425
Fra:1 Mem:564.41M (Peak 564.41M) | Time:00:00.94 | Mem:0.00M, Peak:0.00M | Scene, ViewLayer | Synchronizing object | Turnbuckle handle end stop.003
Fra:1 Mem:564.41M (Peak 564.41M) | Time:00:00.94 | Mem:0.00M, Peak:0.00M | Scene, ViewLayer | Synchronizing object | Brake pipe end feed.002
Fra:1 Mem:564.44M (Peak 564.44M) | Time:00:00.94 | Mem:0.00M, Peak:0.00M | Scene, ViewLayer | Synchronizing object | Fan radial cage wire.424
Fra:1 Mem:564.47M (Peak 564.47M) | Time:00:00.94 | Mem:0.00M, Peak:0.00M | Scene, ViewLayer | Synchronizing object | Brake pipe cock body.002
Fra:1 Mem:564.48M (Peak 564.48M) | Time:00:00.94 | Mem:0.00M, Peak:0.00M | Scene, ViewLayer | Synchronizing object | Fan radial cage wire.423
Fra:1 Mem:564.50M (Peak 564.50M) | Time:00:00.94 | Mem:0.00M, Peak:0.00M | Scene, ViewLayer | Synchronizing object | Brake isolation cock lever.002
Fra:1 Mem:564.50M (Peak 564.50M) | Time:00:00.94 | Mem:0.00M, Peak:0.00M | Scene, ViewLayer | Synchronizing object | Fan radial cage wire.422
Fra:1 Mem:564.52M (Peak 564.52M) | Time:00:00.94 | Mem:0.00M, Peak:0.00M | Scene, ViewLayer | Synchronizing object | Fan radial cage wire.421
Fra:1 Mem:564.53M (Peak 564.53M) | Time:00:00.94 | Mem:0.00M, Peak:0.00M | Scene, ViewLayer | Synchronizing object | Pneumatic hose gladhand.002
Fra:1 Mem:564.55M (Peak 564.55M) | Time:00:00.94 | Mem:0.00M, Peak:0.00M | Scene, ViewLayer | Synchronizing object | Fan radial cage wire.420
Fra:1 Mem:564.55M (Peak 564.55M) | Time:00:00.94 | Mem:0.00M, Peak:0.00M | Scene, ViewLayer | Synchronizing object | Hose moulded collar.005
Fra:1 Mem:564.57M (Peak 564.57M) | Time:00:00.94 | Mem:0.00M, Peak:0.00M | Scene, ViewLayer | Synchronizing object | Brake pipe end feed.003
Fra:1 Mem:564.57M (Peak 564.57M) | Time:00:00.94 | Mem:0.00M, Peak:0.00M | Scene, ViewLayer | Synchronizing object | Fan radial cage wire.419
Fra:1 Mem:564.58M (Peak 564.58M) | Time:00:00.94 | Mem:0.00M, Peak:0.00M | Scene, ViewLayer | Synchronizing object | Rubber pneumatic end hose.003
Fra:1 Mem:564.59M (Peak 564.59M) | Time:00:00.94 | Mem:0.00M, Peak:0.00M | Scene, ViewLayer | Synchronizing object | Pneumatic hose gladhand.003
Fra:1 Mem:564.61M (Peak 564.61M) | Time:00:00.94 | Mem:0.00M, Peak:0.00M | Scene, ViewLayer | Synchronizing object | Hose moulded collar.006
Fra:1 Mem:564.61M (Peak 564.61M) | Time:00:00.94 | Mem:0.00M, Peak:0.00M | Scene, ViewLayer | Synchronizing object | Hose moulded collar.007
Fra:1 Mem:564.61M (Peak 564.61M) | Time:00:00.94 | Mem:0.00M, Peak:0.00M | Scene, ViewLayer | Synchronizing object | Buffer beam corner handhold.002
Fra:1 Mem:564.63M (Peak 564.63M) | Time:00:00.94 | Mem:0.00M, Peak:0.00M | Scene, ViewLayer | Synchronizing object | Buffer beam corner handhold.003
Fra:1 Mem:564.63M (Peak 564.63M) | Time:00:00.94 | Mem:0.00M, Peak:0.00M | Scene, ViewLayer | Synchronizing object | Saloon end bulkhead
Fra:1 Mem:564.63M (Peak 564.63M) | Time:00:00.94 | Mem:0.00M, Peak:0.00M | Scene, ViewLayer | Synchronizing object | Saloon end bulkhead.001
Fra:1 Mem:564.64M (Peak 564.64M) | Time:00:00.94 | Mem:0.00M, Peak:0.00M | Scene, ViewLayer | Synchronizing object | Saloon doorway header
Fra:1 Mem:564.64M (Peak 564.64M) | Time:00:00.94 | Mem:0.00M, Peak:0.00M | Scene, ViewLayer | Synchronizing object | Lavatory cross partition
Fra:1 Mem:564.65M (Peak 564.65M) | Time:00:00.94 | Mem:0.00M, Peak:0.00M | Scene, ViewLayer | Synchronizing object | Fan radial cage wire.415
Fra:1 Mem:564.65M (Peak 564.65M) | Time:00:00.94 | Mem:0.00M, Peak:0.00M | Scene, ViewLayer | Synchronizing object | Lavatory door jamb.001
Fra:1 Mem:564.65M (Peak 564.65M) | Time:00:00.94 | Mem:0.00M, Peak:0.00M | Scene, ViewLayer | Synchronizing object | Lavatory door head
Fra:1 Mem:564.65M (Peak 564.65M) | Time:00:00.94 | Mem:0.00M, Peak:0.00M | Scene, ViewLayer | Synchronizing object | Lavatory door leaf
Fra:1 Mem:564.65M (Peak 564.65M) | Time:00:00.94 | Mem:0.00M, Peak:0.00M | Scene, ViewLayer | Synchronizing object | Lavatory hinge knuckle
Fra:1 Mem:564.66M (Peak 564.66M) | Time:00:00.94 | Mem:0.00M, Peak:0.00M | Scene, ViewLayer | Synchronizing object | Fan radial cage wire.414
Fra:1 Mem:564.66M (Peak 564.66M) | Time:00:00.94 | Mem:0.00M, Peak:0.00M | Scene, ViewLayer | Synchronizing object | Lavatory hinge knuckle.001
Fra:1 Mem:564.68M (Peak 564.68M) | Time:00:00.94 | Mem:0.00M, Peak:0.00M | Scene, ViewLayer | Synchronizing object | Lavatory hinge knuckle.002
Fra:1 Mem:564.68M (Peak 564.68M) | Time:00:00.94 | Mem:0.00M, Peak:0.00M | Scene, ViewLayer | Synchronizing object | Fan radial cage wire.413
Fra:1 Mem:564.68M (Peak 564.68M) | Time:00:00.94 | Mem:0.00M, Peak:0.00M | Scene, ViewLayer | Synchronizing object | Lavatory inside pull
Fra:1 Mem:564.69M (Peak 564.69M) | Time:00:00.94 | Mem:0.00M, Peak:0.00M | Scene, ViewLayer | Synchronizing object | Lavatory occupied indicator
Fra:1 Mem:564.70M (Peak 564.70M) | Time:00:00.94 | Mem:0.00M, Peak:0.00M | Scene, ViewLayer | Synchronizing object | Fan radial cage wire.412
Fra:1 Mem:564.70M (Peak 564.70M) | Time:00:00.94 | Mem:0.00M, Peak:0.00M | Scene, ViewLayer | Synchronizing object | Lavatory style label
Fra:1 Mem:564.72M (Peak 564.72M) | Time:00:00.94 | Mem:0.00M, Peak:0.00M | Scene, ViewLayer | Synchronizing object | Fan radial cage wire.411
Fra:1 Mem:564.73M (Peak 564.73M) | Time:00:00.94 | Mem:0.00M, Peak:0.00M | Scene, ViewLayer | Synchronizing object | Lavatory nonslip tray
Fra:1 Mem:564.74M (Peak 564.74M) | Time:00:00.94 | Mem:0.00M, Peak:0.00M | Scene, ViewLayer | Synchronizing object | Indian stainless squatting pan
Fra:1 Mem:564.74M (Peak 564.74M) | Time:00:00.94 | Mem:0.00M, Peak:0.00M | Scene, ViewLayer | Synchronizing object | Fan radial cage wire.410
Fra:1 Mem:564.77M (Peak 564.77M) | Time:00:00.94 | Mem:0.00M, Peak:0.00M | Scene, ViewLayer | Synchronizing object | Indian stainless squatting pan drain
Fra:1 Mem:564.77M (Peak 564.77M) | Time:00:00.94 | Mem:0.00M, Peak:0.00M | Scene, ViewLayer | Synchronizing object | Fan radial cage wire.409
Fra:1 Mem:564.79M (Peak 564.79M) | Time:00:00.94 | Mem:0.00M, Peak:0.00M | Scene, ViewLayer | Synchronizing object | Indian stainless squatting pan drain slot
Fra:1 Mem:564.79M (Peak 564.79M) | Time:00:00.94 | Mem:0.00M, Peak:0.00M | Scene, ViewLayer | Synchronizing object | Fan radial cage wire.408
Fra:1 Mem:564.79M (Peak 564.79M) | Time:00:00.94 | Mem:0.00M, Peak:0.00M | Scene, ViewLayer | Synchronizing object | Indian stainless squatting pan drain slot.002
Fra:1 Mem:564.80M (Peak 564.80M) | Time:00:00.94 | Mem:0.00M, Peak:0.00M | Scene, ViewLayer | Synchronizing object | Indian pan foot pad
Fra:1 Mem:564.80M (Peak 564.80M) | Time:00:00.94 | Mem:0.00M, Peak:0.00M | Scene, ViewLayer | Synchronizing object | Fan concentric safety grille.107
Fra:1 Mem:564.84M (Peak 564.84M) | Time:00:00.94 | Mem:0.00M, Peak:0.00M | Scene, ViewLayer | Synchronizing object | Squat footpad antislip ridge.001
Fra:1 Mem:564.85M (Peak 564.85M) | Time:00:00.94 | Mem:0.00M, Peak:0.00M | Scene, ViewLayer | Synchronizing object | Squat footpad antislip ridge.002
Fra:1 Mem:564.88M (Peak 564.88M) | Time:00:00.94 | Mem:0.00M, Peak:0.00M | Scene, ViewLayer | Synchronizing object | Squat footpad antislip ridge.003
Fra:1 Mem:564.88M (Peak 564.88M) | Time:00:00.94 | Mem:0.00M, Peak:0.00M | Scene, ViewLayer | Synchronizing object | Squat footpad antislip ridge.005
Fra:1 Mem:564.92M (Peak 564.92M) | Time:00:00.94 | Mem:0.00M, Peak:0.00M | Scene, ViewLayer | Synchronizing object | Squat footpad antislip ridge.006
Fra:1 Mem:564.92M (Peak 564.92M) | Time:00:00.94 | Mem:0.00M, Peak:0.00M | Scene, ViewLayer | Synchronizing object | Squat footpad antislip ridge.007
Fra:1 Mem:564.93M (Peak 564.93M) | Time:00:00.94 | Mem:0.00M, Peak:0.00M | Scene, ViewLayer | Synchronizing object | Fan concentric safety grille.106
Fra:1 Mem:564.93M (Peak 564.93M) | Time:00:00.94 | Mem:0.00M, Peak:0.00M | Scene, ViewLayer | Synchronizing object | Squat footpad antislip ridge.008
Fra:1 Mem:564.94M (Peak 564.94M) | Time:00:00.94 | Mem:0.00M, Peak:0.00M | Scene, ViewLayer | Synchronizing object | Squat footpad antislip ridge.009
Fra:1 Mem:564.99M (Peak 564.99M) | Time:00:00.94 | Mem:0.00M, Peak:0.00M | Scene, ViewLayer | Synchronizing object | Squat footpad antislip ridge.010
Fra:1 Mem:564.99M (Peak 564.99M) | Time:00:00.94 | Mem:0.00M, Peak:0.00M | Scene, ViewLayer | Synchronizing object | Squat footpad antislip ridge.012
Fra:1 Mem:565.03M (Peak 565.03M) | Time:00:00.94 | Mem:0.00M, Peak:0.00M | Scene, ViewLayer | Synchronizing object | Squat footpad antislip ridge.013
Fra:1 Mem:565.03M (Peak 565.03M) | Time:00:00.94 | Mem:0.00M, Peak:0.00M | Scene, ViewLayer | Synchronizing object | Lavatory flush pushbutton
Fra:1 Mem:565.05M (Peak 565.05M) | Time:00:00.94 | Mem:0.00M, Peak:0.00M | Scene, ViewLayer | Synchronizing object | Lavatory flush pipe
Fra:1 Mem:565.06M (Peak 565.06M) | Time:00:00.94 | Mem:0.00M, Peak:0.00M | Scene, ViewLayer | Synchronizing object | Fan concentric safety grille.105
Fra:1 Mem:565.08M (Peak 565.08M) | Time:00:00.94 | Mem:0.00M, Peak:0.00M | Scene, ViewLayer | Synchronizing object | Lavatory grab handle
Fra:1 Mem:565.09M (Peak 565.09M) | Time:00:00.94 | Mem:0.00M, Peak:0.00M | Scene, ViewLayer | Synchronizing object | Lavatory wash spray hose
Fra:1 Mem:565.11M (Peak 565.11M) | Time:00:00.94 | Mem:0.00M, Peak:0.00M | Scene, ViewLayer | Synchronizing object | Lavatory stainless floor drain
Fra:1 Mem:565.12M (Peak 565.12M) | Time:00:00.94 | Mem:0.00M, Peak:0.00M | Scene, ViewLayer | Synchronizing object | Lavatory drain perforation
Fra:1 Mem:565.14M (Peak 565.14M) | Time:00:00.94 | Mem:0.00M, Peak:0.00M | Scene, ViewLayer | Synchronizing object | Lavatory drain perforation.001
Fra:1 Mem:565.14M (Peak 565.14M) | Time:00:00.94 | Mem:0.00M, Peak:0.00M | Scene, ViewLayer | Synchronizing object | Lavatory drain perforation.002
Fra:1 Mem:565.15M (Peak 565.15M) | Time:00:00.94 | Mem:0.00M, Peak:0.00M | Scene, ViewLayer | Synchronizing object | Lavatory drain perforation.003
Fra:1 Mem:565.15M (Peak 565.15M) | Time:00:00.94 | Mem:0.00M, Peak:0.00M | Scene, ViewLayer | Synchronizing object | Lavatory drain perforation.004
Fra:1 Mem:565.17M (Peak 565.17M) | Time:00:00.94 | Mem:0.00M, Peak:0.00M | Scene, ViewLayer | Synchronizing object | Washbasin undercounter cabinet
Fra:1 Mem:565.18M (Peak 565.18M) | Time:00:00.94 | Mem:0.00M, Peak:0.00M | Scene, ViewLayer | Synchronizing object | Vestibule handwash bowl
Fra:1 Mem:565.19M (Peak 565.19M) | Time:00:00.94 | Mem:0.00M, Peak:0.00M | Scene, ViewLayer | Synchronizing object | Vestibule handwash bowl drain
Fra:1 Mem:565.21M (Peak 565.21M) | Time:00:00.94 | Mem:0.00M, Peak:0.00M | Scene, ViewLayer | Synchronizing object | Fan concentric safety grille.104
Fra:1 Mem:565.21M (Peak 565.21M) | Time:00:00.94 | Mem:0.00M, Peak:0.00M | Scene, ViewLayer | Synchronizing object | Vestibule handwash bowl drain slot
Fra:1 Mem:565.22M (Peak 565.22M) | Time:00:00.94 | Mem:0.00M, Peak:0.00M | Scene, ViewLayer | Synchronizing object | Vestibule handwash bowl drain slot.001
Fra:1 Mem:565.25M (Peak 565.25M) | Time:00:00.94 | Mem:0.00M, Peak:0.00M | Scene, ViewLayer | Synchronizing object | Vestibule handwash bowl drain slot.002
Fra:1 Mem:565.25M (Peak 565.25M) | Time:00:00.94 | Mem:0.00M, Peak:0.00M | Scene, ViewLayer | Synchronizing object | Washbasin bent tap
Fra:1 Mem:565.26M (Peak 565.26M) | Time:00:00.94 | Mem:0.00M, Peak:0.00M | Scene, ViewLayer | Synchronizing object | Washbasin mirror
Fra:1 Mem:565.28M (Peak 565.28M) | Time:00:00.94 | Mem:0.00M, Peak:0.00M | Scene, ViewLayer | Synchronizing object | Washbasin mirror horizontal trim
Fra:1 Mem:565.28M (Peak 565.28M) | Time:00:00.94 | Mem:0.00M, Peak:0.00M | Scene, ViewLayer | Synchronizing object | Washbasin mirror horizontal trim.001
Fra:1 Mem:565.29M (Peak 565.29M) | Time:00:00.94 | Mem:0.00M, Peak:0.00M | Scene, ViewLayer | Synchronizing object | Lavatory cross partition.001
Fra:1 Mem:565.30M (Peak 565.30M) | Time:00:00.94 | Mem:0.00M, Peak:0.00M | Scene, ViewLayer | Synchronizing object | Lavatory door jamb.002
Fra:1 Mem:565.31M (Peak 565.31M) | Time:00:00.94 | Mem:0.00M, Peak:0.00M | Scene, ViewLayer | Synchronizing object | Lavatory door jamb.003
Fra:1 Mem:565.31M (Peak 565.31M) | Time:00:00.94 | Mem:0.00M, Peak:0.00M | Scene, ViewLayer | Synchronizing object | Fan concentric safety grille.103
Fra:1 Mem:565.31M (Peak 565.31M) | Time:00:00.94 | Mem:0.00M, Peak:0.00M | Scene, ViewLayer | Synchronizing object | Lavatory door leaf.001
Fra:1 Mem:565.32M (Peak 565.32M) | Time:00:00.94 | Mem:0.00M, Peak:0.00M | Scene, ViewLayer | Synchronizing object | Lavatory hinge knuckle.003
Fra:1 Mem:565.34M (Peak 565.34M) | Time:00:00.94 | Mem:0.00M, Peak:0.00M | Scene, ViewLayer | Synchronizing object | Lavatory hinge knuckle.004
Fra:1 Mem:565.35M (Peak 565.35M) | Time:00:00.94 | Mem:0.00M, Peak:0.00M | Scene, ViewLayer | Synchronizing object | Lavatory hinge knuckle.005
Fra:1 Mem:565.37M (Peak 565.37M) | Time:00:00.94 | Mem:0.00M, Peak:0.00M | Scene, ViewLayer | Synchronizing object | Lavatory inside pull.001
Fra:1 Mem:565.38M (Peak 565.38M) | Time:00:00.94 | Mem:0.00M, Peak:0.00M | Scene, ViewLayer | Synchronizing object | Lavatory occupied indicator.001
Fra:1 Mem:565.40M (Peak 565.40M) | Time:00:00.94 | Mem:0.00M, Peak:0.00M | Scene, ViewLayer | Synchronizing object | Lavatory style label.001
Fra:1 Mem:565.41M (Peak 565.41M) | Time:00:00.94 | Mem:0.00M, Peak:0.00M | Scene, ViewLayer | Synchronizing object | Lavatory nonslip tray.001
Fra:1 Mem:565.42M (Peak 565.42M) | Time:00:00.94 | Mem:0.00M, Peak:0.00M | Scene, ViewLayer | Synchronizing object | Western toilet ceramic pedestal
Fra:1 Mem:565.45M (Peak 565.45M) | Time:00:00.94 | Mem:0.00M, Peak:0.00M | Scene, ViewLayer | Synchronizing object | Fan concentric safety grille.102
Fra:1 Mem:565.46M (Peak 565.46M) | Time:00:00.94 | Mem:0.00M, Peak:0.00M | Scene, ViewLayer | Synchronizing object | Western toilet hollow bowl
Fra:1 Mem:565.49M (Peak 565.49M) | Time:00:00.94 | Mem:0.00M, Peak:0.00M | Scene, ViewLayer | Synchronizing object | Western toilet hollow bowl drain
Fra:1 Mem:565.57M (Peak 565.57M) | Time:00:00.94 | Mem:0.00M, Peak:0.00M | Scene, ViewLayer | Synchronizing object | Western toilet hollow bowl drain slot
Fra:1 Mem:565.57M (Peak 565.57M) | Time:00:00.94 | Mem:0.00M, Peak:0.00M | Scene, ViewLayer | Synchronizing object | Western toilet hollow bowl drain slot.001
Fra:1 Mem:565.57M (Peak 565.57M) | Time:00:00.94 | Mem:0.00M, Peak:0.00M | Scene, ViewLayer | Synchronizing object | Western toilet hollow bowl drain slot.002
Fra:1 Mem:565.57M (Peak 565.57M) | Time:00:00.94 | Mem:0.00M, Peak:0.00M | Scene, ViewLayer | Synchronizing object | Toilet seat hinge
Fra:1 Mem:565.58M (Peak 565.58M) | Time:00:00.94 | Mem:0.00M, Peak:0.00M | Scene, ViewLayer | Synchronizing object | Toilet seat hinge.001
Fra:1 Mem:565.60M (Peak 565.60M) | Time:00:00.94 | Mem:0.00M, Peak:0.00M | Scene, ViewLayer | Synchronizing object | Fan round motor housing.017
Fra:1 Mem:565.61M (Peak 565.61M) | Time:00:00.94 | Mem:0.00M, Peak:0.00M | Scene, ViewLayer | Synchronizing object | Western toilet open seat ring
Fra:1 Mem:565.61M (Peak 565.61M) | Time:00:00.94 | Mem:0.00M, Peak:0.00M | Scene, ViewLayer | Synchronizing object | Toilet tissue roll
Fra:1 Mem:565.63M (Peak 565.63M) | Time:00:00.94 | Mem:0.00M, Peak:0.00M | Scene, ViewLayer | Synchronizing object | Lavatory flush valve mount.001
Fra:1 Mem:565.64M (Peak 565.64M) | Time:00:00.94 | Mem:0.00M, Peak:0.00M | Scene, ViewLayer | Synchronizing object | Fan pressed ceiling flange.017
Fra:1 Mem:565.66M (Peak 565.66M) | Time:00:00.94 | Mem:0.00M, Peak:0.00M | Scene, ViewLayer | Synchronizing object | Lavatory flush pushbutton.001
Fra:1 Mem:565.68M (Peak 565.68M) | Time:00:00.94 | Mem:0.00M, Peak:0.00M | Scene, ViewLayer | Synchronizing object | Lavatory flush pipe.001
Fra:1 Mem:565.68M (Peak 565.68M) | Time:00:00.94 | Mem:0.00M, Peak:0.00M | Scene, ViewLayer | Synchronizing object | Fan ceiling stem.017
Fra:1 Mem:565.69M (Peak 565.69M) | Time:00:00.94 | Mem:0.00M, Peak:0.00M | Scene, ViewLayer | Synchronizing object | Lavatory grab handle.001
Fra:1 Mem:565.69M (Peak 565.69M) | Time:00:00.94 | Mem:0.00M, Peak:0.00M | Scene, ViewLayer | Synchronizing object | Lavatory wash spray hose.001
Fra:1 Mem:565.70M (Peak 565.70M) | Time:00:00.94 | Mem:0.00M, Peak:0.00M | Scene, ViewLayer | Synchronizing object | Fan grille locking clip.067
Fra:1 Mem:565.71M (Peak 565.71M) | Time:00:00.94 | Mem:0.00M, Peak:0.00M | Scene, ViewLayer | Synchronizing object | Lavatory stainless floor drain.001
Fra:1 Mem:565.71M (Peak 565.71M) | Time:00:00.94 | Mem:0.00M, Peak:0.00M | Scene, ViewLayer | Synchronizing object | Lavatory drain perforation.005
Fra:1 Mem:565.72M (Peak 565.72M) | Time:00:00.94 | Mem:0.00M, Peak:0.00M | Scene, ViewLayer | Synchronizing object | Fan grille locking clip.066
Fra:1 Mem:565.73M (Peak 565.73M) | Time:00:00.94 | Mem:0.00M, Peak:0.00M | Scene, ViewLayer | Synchronizing object | Lavatory drain perforation.006
Fra:1 Mem:565.75M (Peak 565.75M) | Time:00:00.94 | Mem:0.00M, Peak:0.00M | Scene, ViewLayer | Synchronizing object | Lavatory drain perforation.007
Fra:1 Mem:565.75M (Peak 565.75M) | Time:00:00.94 | Mem:0.00M, Peak:0.00M | Scene, ViewLayer | Synchronizing object | Lavatory drain perforation.009
Fra:1 Mem:565.77M (Peak 565.77M) | Time:00:00.94 | Mem:0.00M, Peak:0.00M | Scene, ViewLayer | Synchronizing object | Washbasin undercounter cabinet.001
Fra:1 Mem:565.78M (Peak 565.78M) | Time:00:00.94 | Mem:0.00M, Peak:0.00M | Scene, ViewLayer | Synchronizing object | Vestibule handwash bowl.001
Fra:1 Mem:565.78M (Peak 565.78M) | Time:00:00.94 | Mem:0.00M, Peak:0.00M | Scene, ViewLayer | Synchronizing object | Fan grille locking clip.064
Fra:1 Mem:565.81M (Peak 565.81M) | Time:00:00.94 | Mem:0.00M, Peak:0.00M | Scene, ViewLayer | Synchronizing object | Fan centre decorative cap.016
Fra:1 Mem:565.83M (Peak 565.83M) | Time:00:00.94 | Mem:0.00M, Peak:0.00M | Scene, ViewLayer | Synchronizing object | Fan swept three blade rotor.050
Fra:1 Mem:565.83M (Peak 565.83M) | Time:00:00.94 | Mem:0.00M, Peak:0.00M | Scene, ViewLayer | Synchronizing object | Vestibule handwash bowl drain slot.003
Fra:1 Mem:565.83M (Peak 565.83M) | Time:00:00.94 | Mem:0.00M, Peak:0.00M | Scene, ViewLayer | Synchronizing object | Vestibule handwash bowl drain slot.005
Fra:1 Mem:565.83M (Peak 565.83M) | Time:00:00.94 | Mem:0.00M, Peak:0.00M | Scene, ViewLayer | Synchronizing object | Fan swept three blade rotor.049
Fra:1 Mem:565.83M (Peak 565.83M) | Time:00:00.94 | Mem:0.00M, Peak:0.00M | Scene, ViewLayer | Synchronizing object | Washbasin bent tap.001
Fra:1 Mem:565.84M (Peak 565.84M) | Time:00:00.94 | Mem:0.00M, Peak:0.00M | Scene, ViewLayer | Synchronizing object | Washbasin mirror.001
Fra:1 Mem:565.84M (Peak 565.84M) | Time:00:00.94 | Mem:0.00M, Peak:0.00M | Scene, ViewLayer | Synchronizing object | Fan swept three blade rotor.048
Fra:1 Mem:565.85M (Peak 565.85M) | Time:00:00.94 | Mem:0.00M, Peak:0.00M | Scene, ViewLayer | Synchronizing object | Washbasin mirror horizontal trim.003
Fra:1 Mem:565.86M (Peak 565.86M) | Time:00:00.94 | Mem:0.00M, Peak:0.00M | Scene, ViewLayer | Synchronizing object | Vestibule interior grab pole
Fra:1 Mem:565.86M (Peak 565.86M) | Time:00:00.94 | Mem:0.00M, Peak:0.00M | Scene, ViewLayer | Synchronizing object | Vestibule interior grab pole.001
Fra:1 Mem:565.88M (Peak 565.88M) | Time:00:00.94 | Mem:0.00M, Peak:0.00M | Scene, ViewLayer | Synchronizing object | Interior emergency instructions
Fra:1 Mem:565.88M (Peak 565.88M) | Time:00:00.94 | Mem:0.00M, Peak:0.00M | Scene, ViewLayer | Synchronizing object | Distribution cupboard access panel
Fra:1 Mem:565.89M (Peak 565.89M) | Time:00:00.94 | Mem:0.00M, Peak:0.00M | Scene, ViewLayer | Synchronizing object | Fan radial cage wire.406
Fra:1 Mem:565.95M (Peak 565.95M) | Time:00:00.94 | Mem:0.00M, Peak:0.00M | Scene, ViewLayer | Synchronizing object | Fan radial cage wire.405
Fra:1 Mem:565.97M (Peak 565.97M) | Time:00:00.94 | Mem:0.00M, Peak:0.00M | Scene, ViewLayer | Synchronizing object | Distribution panel quarter turn latch
Fra:1 Mem:565.97M (Peak 565.97M) | Time:00:00.94 | Mem:0.00M, Peak:0.00M | Scene, ViewLayer | Synchronizing object | Distribution cupboard access panel.001
Fra:1 Mem:565.98M (Peak 565.98M) | Time:00:00.94 | Mem:0.00M, Peak:0.00M | Scene, ViewLayer | Synchronizing object | Fan radial cage wire.404
Fra:1 Mem:566.01M (Peak 566.01M) | Time:00:00.94 | Mem:0.00M, Peak:0.00M | Scene, ViewLayer | Synchronizing object | Distribution panel quarter turn latch.001
Fra:1 Mem:566.01M (Peak 566.01M) | Time:00:00.94 | Mem:0.00M, Peak:0.00M | Scene, ViewLayer | Synchronizing object | Fan radial cage wire.403
Fra:1 Mem:566.02M (Peak 566.02M) | Time:00:00.94 | Mem:0.00M, Peak:0.00M | Scene, ViewLayer | Synchronizing object | Distribution cupboard access panel.002
Fra:1 Mem:566.03M (Peak 566.03M) | Time:00:00.94 | Mem:0.00M, Peak:0.00M | Scene, ViewLayer | Synchronizing object | Fan radial cage wire.402
Fra:1 Mem:566.03M (Peak 566.03M) | Time:00:00.94 | Mem:0.00M, Peak:0.00M | Scene, ViewLayer | Synchronizing object | Distribution panel quarter turn latch.002
Fra:1 Mem:566.05M (Peak 566.05M) | Time:00:00.94 | Mem:0.00M, Peak:0.00M | Scene, ViewLayer | Synchronizing object | Distribution cupboard access panel.003
Fra:1 Mem:566.05M (Peak 566.05M) | Time:00:00.94 | Mem:0.00M, Peak:0.00M | Scene, ViewLayer | Synchronizing object | Fan radial cage wire.401
Fra:1 Mem:566.06M (Peak 566.06M) | Time:00:00.94 | Mem:0.00M, Peak:0.00M | Scene, ViewLayer | Synchronizing object | Distribution panel quarter turn latch.003
Fra:1 Mem:566.07M (Peak 566.07M) | Time:00:00.94 | Mem:0.00M, Peak:0.00M | Scene, ViewLayer | Synchronizing object | Fan radial cage wire.400
Fra:1 Mem:566.08M (Peak 566.08M) | Time:00:00.94 | Mem:0.00M, Peak:0.00M | Scene, ViewLayer | Synchronizing object | Saloon end bulkhead.002
Fra:1 Mem:566.09M (Peak 566.09M) | Time:00:00.94 | Mem:0.00M, Peak:0.00M | Scene, ViewLayer | Synchronizing object | Saloon end bulkhead.003
Fra:1 Mem:566.09M (Peak 566.09M) | Time:00:00.94 | Mem:0.00M, Peak:0.00M | Scene, ViewLayer | Synchronizing object | Fan radial cage wire.399
Fra:1 Mem:566.11M (Peak 566.11M) | Time:00:00.94 | Mem:0.00M, Peak:0.00M | Scene, ViewLayer | Synchronizing object | Saloon doorway header.001
Fra:1 Mem:566.10M (Peak 566.11M) | Time:00:00.94 | Mem:0.00M, Peak:0.00M | Scene, ViewLayer | Synchronizing object | Lavatory door jamb.004
Fra:1 Mem:566.10M (Peak 566.11M) | Time:00:00.94 | Mem:0.00M, Peak:0.00M | Scene, ViewLayer | Synchronizing object | Fan radial cage wire.398
Fra:1 Mem:566.10M (Peak 566.11M) | Time:00:00.94 | Mem:0.00M, Peak:0.00M | Scene, ViewLayer | Synchronizing object | Lavatory door jamb.005
Fra:1 Mem:566.11M (Peak 566.11M) | Time:00:00.94 | Mem:0.00M, Peak:0.00M | Scene, ViewLayer | Synchronizing object | Lavatory door head.002
Fra:1 Mem:566.11M (Peak 566.11M) | Time:00:00.94 | Mem:0.00M, Peak:0.00M | Scene, ViewLayer | Synchronizing object | Lavatory hinge knuckle.006
Fra:1 Mem:566.14M (Peak 566.14M) | Time:00:00.94 | Mem:0.00M, Peak:0.00M | Scene, ViewLayer | Synchronizing object | Lavatory hinge knuckle.007
Fra:1 Mem:566.13M (Peak 566.14M) | Time:00:00.94 | Mem:0.00M, Peak:0.00M | Scene, ViewLayer | Synchronizing object | Fan radial cage wire.396
Fra:1 Mem:566.13M (Peak 566.14M) | Time:00:00.94 | Mem:0.00M, Peak:0.00M | Scene, ViewLayer | Synchronizing object | Lavatory inside pull.002
Fra:1 Mem:566.14M (Peak 566.14M) | Time:00:00.94 | Mem:0.00M, Peak:0.00M | Scene, ViewLayer | Synchronizing object | Lavatory rotary latch plate.002
Fra:1 Mem:566.14M (Peak 566.14M) | Time:00:00.94 | Mem:0.00M, Peak:0.00M | Scene, ViewLayer | Synchronizing object | Lavatory occupied indicator.002
Fra:1 Mem:566.15M (Peak 566.15M) | Time:00:00.94 | Mem:0.00M, Peak:0.00M | Scene, ViewLayer | Synchronizing object | Lavatory style label.002
Fra:1 Mem:566.18M (Peak 566.18M) | Time:00:00.94 | Mem:0.00M, Peak:0.00M | Scene, ViewLayer | Synchronizing object | Fan radial cage wire.394
Fra:1 Mem:566.18M (Peak 566.18M) | Time:00:00.94 | Mem:0.00M, Peak:0.00M | Scene, ViewLayer | Synchronizing object | Lavatory nonslip tray.002
Fra:1 Mem:566.19M (Peak 566.19M) | Time:00:00.94 | Mem:0.00M, Peak:0.00M | Scene, ViewLayer | Synchronizing object | Indian stainless squatting pan.001
Fra:1 Mem:566.20M (Peak 566.20M) | Time:00:00.94 | Mem:0.00M, Peak:0.00M | Scene, ViewLayer | Synchronizing object | Fan radial cage wire.393
Fra:1 Mem:566.22M (Peak 566.22M) | Time:00:00.94 | Mem:0.00M, Peak:0.00M | Scene, ViewLayer | Synchronizing object | Indian stainless squatting pan drain.001
Fra:1 Mem:566.23M (Peak 566.23M) | Time:00:00.94 | Mem:0.00M, Peak:0.00M | Scene, ViewLayer | Synchronizing object | Indian stainless squatting pan drain slot.003
Fra:1 Mem:566.23M (Peak 566.23M) | Time:00:00.94 | Mem:0.00M, Peak:0.00M | Scene, ViewLayer | Synchronizing object | Fan radial cage wire.392
Fra:1 Mem:566.24M (Peak 566.24M) | Time:00:00.94 | Mem:0.00M, Peak:0.00M | Scene, ViewLayer | Synchronizing object | Indian stainless squatting pan drain slot.004
Fra:1 Mem:566.24M (Peak 566.24M) | Time:00:00.94 | Mem:0.00M, Peak:0.00M | Scene, ViewLayer | Synchronizing object | Fan radial cage wire.391
Fra:1 Mem:566.25M (Peak 566.25M) | Time:00:00.94 | Mem:0.00M, Peak:0.00M | Scene, ViewLayer | Synchronizing object | Indian pan foot pad.002
Fra:1 Mem:566.25M (Peak 566.25M) | Time:00:00.94 | Mem:0.00M, Peak:0.00M | Scene, ViewLayer | Synchronizing object | Fan radial cage wire.390
Fra:1 Mem:566.27M (Peak 566.27M) | Time:00:00.94 | Mem:0.00M, Peak:0.00M | Scene, ViewLayer | Synchronizing object | Fan radial cage wire.389
Fra:1 Mem:566.28M (Peak 566.28M) | Time:00:00.94 | Mem:0.00M, Peak:0.00M | Scene, ViewLayer | Synchronizing object | Squat footpad antislip ridge.016
Fra:1 Mem:566.29M (Peak 566.29M) | Time:00:00.94 | Mem:0.00M, Peak:0.00M | Scene, ViewLayer | Synchronizing object | Squat footpad antislip ridge.017
Fra:1 Mem:566.30M (Peak 566.30M) | Time:00:00.94 | Mem:0.00M, Peak:0.00M | Scene, ViewLayer | Synchronizing object | Fan radial cage wire.388
Fra:1 Mem:566.30M (Peak 566.30M) | Time:00:00.94 | Mem:0.00M, Peak:0.00M | Scene, ViewLayer | Synchronizing object | Squat footpad antislip ridge.018
Fra:1 Mem:566.31M (Peak 566.31M) | Time:00:00.94 | Mem:0.00M, Peak:0.00M | Scene, ViewLayer | Synchronizing object | Squat footpad antislip ridge.019
Fra:1 Mem:566.32M (Peak 566.32M) | Time:00:00.94 | Mem:0.00M, Peak:0.00M | Scene, ViewLayer | Synchronizing object | Squat footpad antislip ridge.020
Fra:1 Mem:566.32M (Peak 566.32M) | Time:00:00.94 | Mem:0.00M, Peak:0.00M | Scene, ViewLayer | Synchronizing object | Fan radial cage wire.387
Fra:1 Mem:566.33M (Peak 566.33M) | Time:00:00.94 | Mem:0.00M, Peak:0.00M | Scene, ViewLayer | Synchronizing object | Indian pan foot pad.003
Fra:1 Mem:566.35M (Peak 566.35M) | Time:00:00.94 | Mem:0.00M, Peak:0.00M | Scene, ViewLayer | Synchronizing object | Fan radial cage wire.386
Fra:1 Mem:566.35M (Peak 566.35M) | Time:00:00.94 | Mem:0.00M, Peak:0.00M | Scene, ViewLayer | Synchronizing object | Squat footpad antislip ridge.021
Fra:1 Mem:566.35M (Peak 566.35M) | Time:00:00.94 | Mem:0.00M, Peak:0.00M | Scene, ViewLayer | Synchronizing object | Squat footpad antislip ridge.023
Fra:1 Mem:566.36M (Peak 566.36M) | Time:00:00.94 | Mem:0.00M, Peak:0.00M | Scene, ViewLayer | Synchronizing object | Fan radial cage wire.385
Fra:1 Mem:566.38M (Peak 566.38M) | Time:00:00.94 | Mem:0.00M, Peak:0.00M | Scene, ViewLayer | Synchronizing object | Squat footpad antislip ridge.024
Fra:1 Mem:566.38M (Peak 566.38M) | Time:00:00.94 | Mem:0.00M, Peak:0.00M | Scene, ViewLayer | Synchronizing object | Squat footpad antislip ridge.025
Fra:1 Mem:566.39M (Peak 566.39M) | Time:00:00.94 | Mem:0.00M, Peak:0.00M | Scene, ViewLayer | Synchronizing object | Squat footpad antislip ridge.026
Fra:1 Mem:566.40M (Peak 566.40M) | Time:00:00.94 | Mem:0.00M, Peak:0.00M | Scene, ViewLayer | Synchronizing object | Squat footpad antislip ridge.027
Fra:1 Mem:566.41M (Peak 566.41M) | Time:00:00.94 | Mem:0.00M, Peak:0.00M | Scene, ViewLayer | Synchronizing object | Lavatory flush valve mount.002
Fra:1 Mem:566.43M (Peak 566.43M) | Time:00:00.94 | Mem:0.00M, Peak:0.00M | Scene, ViewLayer | Synchronizing object | Fan concentric safety grille.101
Fra:1 Mem:566.43M (Peak 566.43M) | Time:00:00.94 | Mem:0.00M, Peak:0.00M | Scene, ViewLayer | Synchronizing object | Lavatory flush pushbutton.002
Fra:1 Mem:566.44M (Peak 566.44M) | Time:00:00.94 | Mem:0.00M, Peak:0.00M | Scene, ViewLayer | Synchronizing object | Lavatory grab handle.002
Fra:1 Mem:566.48M (Peak 566.48M) | Time:00:00.94 | Mem:0.00M, Peak:0.00M | Scene, ViewLayer | Synchronizing object | Lavatory wash spray hose.002
Fra:1 Mem:566.49M (Peak 566.49M) | Time:00:00.94 | Mem:0.00M, Peak:0.00M | Scene, ViewLayer | Synchronizing object | Lavatory stainless floor drain.002
Fra:1 Mem:566.51M (Peak 566.51M) | Time:00:00.94 | Mem:0.00M, Peak:0.00M | Scene, ViewLayer | Synchronizing object | Lavatory drain perforation.010
Fra:1 Mem:566.51M (Peak 566.51M) | Time:00:00.94 | Mem:0.00M, Peak:0.00M | Scene, ViewLayer | Synchronizing object | Lavatory drain perforation.011
Fra:1 Mem:566.52M (Peak 566.52M) | Time:00:00.94 | Mem:0.00M, Peak:0.00M | Scene, ViewLayer | Synchronizing object | Lavatory drain perforation.012
Fra:1 Mem:566.52M (Peak 566.52M) | Time:00:00.94 | Mem:0.00M, Peak:0.00M | Scene, ViewLayer | Synchronizing object | Lavatory drain perforation.013
Fra:1 Mem:566.54M (Peak 566.54M) | Time:00:00.94 | Mem:0.00M, Peak:0.00M | Scene, ViewLayer | Synchronizing object | Lavatory drain perforation.014
Fra:1 Mem:566.54M (Peak 566.54M) | Time:00:00.94 | Mem:0.00M, Peak:0.00M | Scene, ViewLayer | Synchronizing object | Washbasin undercounter cabinet.002
Fra:1 Mem:566.55M (Peak 566.55M) | Time:00:00.94 | Mem:0.00M, Peak:0.00M | Scene, ViewLayer | Synchronizing object | Vestibule handwash bowl.002
Fra:1 Mem:566.62M (Peak 566.62M) | Time:00:00.94 | Mem:0.00M, Peak:0.00M | Scene, ViewLayer | Synchronizing object | Vestibule handwash bowl drain.002
Fra:1 Mem:566.63M (Peak 566.63M) | Time:00:00.94 | Mem:0.00M, Peak:0.00M | Scene, ViewLayer | Synchronizing object | Vestibule handwash bowl drain slot.006
Fra:1 Mem:566.64M (Peak 566.64M) | Time:00:00.94 | Mem:0.00M, Peak:0.00M | Scene, ViewLayer | Synchronizing object | Vestibule handwash bowl drain slot.007
Fra:1 Mem:566.64M (Peak 566.64M) | Time:00:00.94 | Mem:0.00M, Peak:0.00M | Scene, ViewLayer | Synchronizing object | Vestibule handwash bowl drain slot.008
Fra:1 Mem:566.64M (Peak 566.64M) | Time:00:00.94 | Mem:0.00M, Peak:0.00M | Scene, ViewLayer | Synchronizing object | Washbasin bent tap.002
Fra:1 Mem:566.65M (Peak 566.65M) | Time:00:00.94 | Mem:0.00M, Peak:0.00M | Scene, ViewLayer | Synchronizing object | Washbasin mirror.002
Fra:1 Mem:566.66M (Peak 566.66M) | Time:00:00.94 | Mem:0.00M, Peak:0.00M | Scene, ViewLayer | Synchronizing object | Fan concentric safety grille.099
Fra:1 Mem:566.68M (Peak 566.68M) | Time:00:00.94 | Mem:0.00M, Peak:0.00M | Scene, ViewLayer | Synchronizing object | Washbasin mirror horizontal trim.005
Fra:1 Mem:566.71M (Peak 566.71M) | Time:00:00.94 | Mem:0.00M, Peak:0.00M | Scene, ViewLayer | Synchronizing object | Lavatory door jamb.006
Fra:1 Mem:566.72M (Peak 566.72M) | Time:00:00.94 | Mem:0.00M, Peak:0.00M | Scene, ViewLayer | Synchronizing object | Lavatory door jamb.007
Fra:1 Mem:566.73M (Peak 566.73M) | Time:00:00.94 | Mem:0.00M, Peak:0.00M | Scene, ViewLayer | Synchronizing object | Lavatory door head.003
Fra:1 Mem:566.73M (Peak 566.73M) | Time:00:00.94 | Mem:0.00M, Peak:0.00M | Scene, ViewLayer | Synchronizing object | Lavatory hinge knuckle.009
Fra:1 Mem:566.75M (Peak 566.75M) | Time:00:00.94 | Mem:0.00M, Peak:0.00M | Scene, ViewLayer | Synchronizing object | Lavatory hinge knuckle.010
Fra:1 Mem:566.77M (Peak 566.77M) | Time:00:00.94 | Mem:0.00M, Peak:0.00M | Scene, ViewLayer | Synchronizing object | Lavatory hinge knuckle.011
Fra:1 Mem:566.76M (Peak 566.77M) | Time:00:00.94 | Mem:0.00M, Peak:0.00M | Scene, ViewLayer | Synchronizing object | Lavatory rotary latch plate.003
Fra:1 Mem:566.76M (Peak 566.77M) | Time:00:00.94 | Mem:0.00M, Peak:0.00M | Scene, ViewLayer | Synchronizing object | Fan concentric safety grille.098
Fra:1 Mem:566.78M (Peak 566.78M) | Time:00:00.94 | Mem:0.00M, Peak:0.00M | Scene, ViewLayer | Synchronizing object | Lavatory occupied indicator.003
Fra:1 Mem:566.78M (Peak 566.78M) | Time:00:00.94 | Mem:0.00M, Peak:0.00M | Scene, ViewLayer | Synchronizing object | Lavatory style label.003
Fra:1 Mem:566.79M (Peak 566.79M) | Time:00:00.94 | Mem:0.00M, Peak:0.00M | Scene, ViewLayer | Synchronizing object | Lavatory nonslip tray.003
Fra:1 Mem:566.83M (Peak 566.83M) | Time:00:00.94 | Mem:0.00M, Peak:0.00M | Scene, ViewLayer | Synchronizing object | Western toilet ceramic pedestal.001
Fra:1 Mem:566.84M (Peak 566.84M) | Time:00:00.94 | Mem:0.00M, Peak:0.00M | Scene, ViewLayer | Synchronizing object | Western toilet hollow bowl.001
Fra:1 Mem:566.92M (Peak 566.92M) | Time:00:00.94 | Mem:0.00M, Peak:0.00M | Scene, ViewLayer | Synchronizing object | Western toilet hollow bowl drain.001
Fra:1 Mem:566.95M (Peak 566.95M) | Time:00:00.94 | Mem:0.00M, Peak:0.00M | Scene, ViewLayer | Synchronizing object | Western toilet hollow bowl drain slot.003
Fra:1 Mem:566.96M (Peak 566.96M) | Time:00:00.94 | Mem:0.00M, Peak:0.00M | Scene, ViewLayer | Synchronizing object | Fan concentric safety grille.097
Fra:1 Mem:566.99M (Peak 566.99M) | Time:00:00.94 | Mem:0.00M, Peak:0.00M | Scene, ViewLayer | Synchronizing object | Western toilet hollow bowl drain slot.004
Fra:1 Mem:567.00M (Peak 567.00M) | Time:00:00.94 | Mem:0.00M, Peak:0.00M | Scene, ViewLayer | Synchronizing object | Western toilet hollow bowl drain slot.005
Fra:1 Mem:567.00M (Peak 567.00M) | Time:00:00.94 | Mem:0.00M, Peak:0.00M | Scene, ViewLayer | Synchronizing object | Toilet seat hinge.002
Fra:1 Mem:567.01M (Peak 567.01M) | Time:00:00.94 | Mem:0.00M, Peak:0.00M | Scene, ViewLayer | Synchronizing object | Toilet seat hinge.003
Fra:1 Mem:567.02M (Peak 567.02M) | Time:00:00.94 | Mem:0.00M, Peak:0.00M | Scene, ViewLayer | Synchronizing object | Western toilet open seat ring.001
Fra:1 Mem:567.04M (Peak 567.04M) | Time:00:00.94 | Mem:0.00M, Peak:0.00M | Scene, ViewLayer | Synchronizing object | Toilet tissue roll.001
Fra:1 Mem:567.07M (Peak 567.07M) | Time:00:00.94 | Mem:0.00M, Peak:0.00M | Scene, ViewLayer | Synchronizing object | Lavatory flush valve mount.003
Fra:1 Mem:567.08M (Peak 567.08M) | Time:00:00.94 | Mem:0.00M, Peak:0.00M | Scene, ViewLayer | Synchronizing object | Fan concentric safety grille.096
Fra:1 Mem:567.10M (Peak 567.10M) | Time:00:00.94 | Mem:0.00M, Peak:0.00M | Scene, ViewLayer | Synchronizing object | Lavatory flush pushbutton.003
Fra:1 Mem:567.13M (Peak 567.13M) | Time:00:00.94 | Mem:0.00M, Peak:0.00M | Scene, ViewLayer | Synchronizing object | Lavatory flush pipe.003
Fra:1 Mem:567.14M (Peak 567.14M) | Time:00:00.94 | Mem:0.00M, Peak:0.00M | Scene, ViewLayer | Synchronizing object | Lavatory grab handle.003
Fra:1 Mem:567.15M (Peak 567.15M) | Time:00:00.94 | Mem:0.00M, Peak:0.00M | Scene, ViewLayer | Synchronizing object | Lavatory wash spray hose.003
Fra:1 Mem:567.16M (Peak 567.16M) | Time:00:00.94 | Mem:0.00M, Peak:0.00M | Scene, ViewLayer | Synchronizing object | Lavatory stainless floor drain.003
Fra:1 Mem:567.17M (Peak 567.17M) | Time:00:00.94 | Mem:0.00M, Peak:0.00M | Scene, ViewLayer | Synchronizing object | Lavatory drain perforation.015
Fra:1 Mem:567.17M (Peak 567.17M) | Time:00:00.94 | Mem:0.00M, Peak:0.00M | Scene, ViewLayer | Synchronizing object | Lavatory drain perforation.016
Fra:1 Mem:567.20M (Peak 567.20M) | Time:00:00.94 | Mem:0.00M, Peak:0.00M | Scene, ViewLayer | Synchronizing object | Lavatory drain perforation.017
Fra:1 Mem:567.20M (Peak 567.20M) | Time:00:00.94 | Mem:0.00M, Peak:0.00M | Scene, ViewLayer | Synchronizing object | Fan round motor housing.016
Fra:1 Mem:567.22M (Peak 567.22M) | Time:00:00.94 | Mem:0.00M, Peak:0.00M | Scene, ViewLayer | Synchronizing object | Fan pressed ceiling flange.016
Fra:1 Mem:567.23M (Peak 567.23M) | Time:00:00.94 | Mem:0.00M, Peak:0.00M | Scene, ViewLayer | Synchronizing object | Washbasin undercounter cabinet.003
Fra:1 Mem:567.23M (Peak 567.23M) | Time:00:00.94 | Mem:0.00M, Peak:0.00M | Scene, ViewLayer | Synchronizing object | Vestibule handwash bowl drain.003
Fra:1 Mem:567.25M (Peak 567.25M) | Time:00:00.94 | Mem:0.00M, Peak:0.00M | Scene, ViewLayer | Synchronizing object | Fan ceiling stem.016
Fra:1 Mem:567.27M (Peak 567.27M) | Time:00:00.94 | Mem:0.00M, Peak:0.00M | Scene, ViewLayer | Synchronizing object | Vestibule handwash bowl drain slot.009
Fra:1 Mem:567.27M (Peak 567.27M) | Time:00:00.94 | Mem:0.00M, Peak:0.00M | Scene, ViewLayer | Synchronizing object | Bench foot rail.017
Fra:1 Mem:567.27M (Peak 567.27M) | Time:00:00.94 | Mem:0.00M, Peak:0.00M | Scene, ViewLayer | Synchronizing object | Vestibule handwash bowl drain slot.010
Fra:1 Mem:567.28M (Peak 567.28M) | Time:00:00.94 | Mem:0.00M, Peak:0.00M | Scene, ViewLayer | Synchronizing object | Vestibule handwash bowl drain slot.011
Fra:1 Mem:567.28M (Peak 567.28M) | Time:00:00.94 | Mem:0.00M, Peak:0.00M | Scene, ViewLayer | Synchronizing object | Bench foot rail.016
Fra:1 Mem:567.28M (Peak 567.28M) | Time:00:00.94 | Mem:0.00M, Peak:0.00M | Scene, ViewLayer | Synchronizing object | Washbasin mirror.003
Fra:1 Mem:567.30M (Peak 567.30M) | Time:00:00.94 | Mem:0.00M, Peak:0.00M | Scene, ViewLayer | Synchronizing object | Washbasin mirror horizontal trim.006
Fra:1 Mem:567.30M (Peak 567.30M) | Time:00:00.94 | Mem:0.00M, Peak:0.00M | Scene, ViewLayer | Synchronizing object | Seat support post.101
Fra:1 Mem:567.32M (Peak 567.32M) | Time:00:00.94 | Mem:0.00M, Peak:0.00M | Scene, ViewLayer | Synchronizing object | Washbasin mirror horizontal trim.007
Fra:1 Mem:567.31M (Peak 567.32M) | Time:00:00.94 | Mem:0.00M, Peak:0.00M | Scene, ViewLayer | Synchronizing object | Vestibule interior grab pole.002
Fra:1 Mem:567.32M (Peak 567.32M) | Time:00:00.94 | Mem:0.00M, Peak:0.00M | Scene, ViewLayer | Synchronizing object | Seat support post.100
Fra:1 Mem:567.33M (Peak 567.33M) | Time:00:00.94 | Mem:0.00M, Peak:0.00M | Scene, ViewLayer | Synchronizing object | Vestibule interior grab pole.003
Fra:1 Mem:567.33M (Peak 567.33M) | Time:00:00.94 | Mem:0.00M, Peak:0.00M | Scene, ViewLayer | Synchronizing object | Seat support post.099
Fra:1 Mem:567.33M (Peak 567.33M) | Time:00:00.94 | Mem:0.00M, Peak:0.00M | Scene, ViewLayer | Synchronizing object | Interior emergency instructions.001
Fra:1 Mem:567.33M (Peak 567.33M) | Time:00:00.94 | Mem:0.00M, Peak:0.00M | Scene, ViewLayer | Synchronizing object | Electrical distribution cupboard.001
Fra:1 Mem:567.35M (Peak 567.35M) | Time:00:00.94 | Mem:0.00M, Peak:0.00M | Scene, ViewLayer | Synchronizing object | Distribution cupboard access panel.004
Fra:1 Mem:567.39M (Peak 567.39M) | Time:00:00.94 | Mem:0.00M, Peak:0.00M | Scene, ViewLayer | Synchronizing object | Seat support post.098
Fra:1 Mem:567.40M (Peak 567.40M) | Time:00:00.94 | Mem:0.00M, Peak:0.00M | Scene, ViewLayer | Synchronizing object | Distribution panel quarter turn latch.004
Fra:1 Mem:567.42M (Peak 567.42M) | Time:00:00.94 | Mem:0.00M, Peak:0.00M | Scene, ViewLayer | Synchronizing object | Distribution cupboard access panel.005
Fra:1 Mem:567.44M (Peak 567.44M) | Time:00:00.94 | Mem:0.00M, Peak:0.00M | Scene, ViewLayer | Synchronizing object | Distribution panel quarter turn latch.005
Fra:1 Mem:567.47M (Peak 567.47M) | Time:00:00.94 | Mem:0.00M, Peak:0.00M | Scene, ViewLayer | Synchronizing object | Seat support post.096
Fra:1 Mem:567.47M (Peak 567.47M) | Time:00:00.94 | Mem:0.00M, Peak:0.00M | Scene, ViewLayer | Synchronizing object | Distribution cupboard access panel.006
Fra:1 Mem:567.47M (Peak 567.47M) | Time:00:00.94 | Mem:0.00M, Peak:0.00M | Scene, ViewLayer | Synchronizing object | GS full-width bench backrest.033
Fra:1 Mem:567.48M (Peak 567.48M) | Time:00:00.94 | Mem:0.00M, Peak:0.00M | Scene, ViewLayer | Synchronizing object | Distribution panel quarter turn latch.006
Fra:1 Mem:567.49M (Peak 567.49M) | Time:00:00.94 | Mem:0.00M, Peak:0.00M | Scene, ViewLayer | Synchronizing object | GS three-person bench_subtle_cover_stitch.067
Fra:1 Mem:567.49M (Peak 567.49M) | Time:00:00.94 | Mem:0.00M, Peak:0.00M | Scene, ViewLayer | Synchronizing object | Distribution cupboard access panel.007
Fra:1 Mem:567.52M (Peak 567.52M) | Time:00:00.94 | Mem:0.00M, Peak:0.00M | Scene, ViewLayer | Synchronizing object | Distribution panel quarter turn latch.007
Fra:1 Mem:567.53M (Peak 567.53M) | Time:00:00.94 | Mem:0.00M, Peak:0.00M | Scene, ViewLayer | Synchronizing object | GS three-person bench
Fra:1 Mem:567.55M (Peak 567.55M) | Time:00:00.94 | Mem:0.00M, Peak:0.00M | Scene, ViewLayer | Synchronizing object | GS three-person bench_subtle_cover_stitch.066
Fra:1 Mem:567.55M (Peak 567.55M) | Time:00:00.94 | Mem:0.00M, Peak:0.00M | Scene, ViewLayer | Synchronizing object | GS three-person bench_stitched_edge_welt
Fra:1 Mem:567.60M (Peak 567.60M) | Time:00:00.94 | Mem:0.00M, Peak:0.00M | Scene, ViewLayer | Synchronizing object | GS three-person bench_subtle_cover_stitch
Fra:1 Mem:567.61M (Peak 567.61M) | Time:00:00.94 | Mem:0.00M, Peak:0.00M | Scene, ViewLayer | Synchronizing object | GS three-person bench_stitched_edge_welt.033
Fra:1 Mem:567.61M (Peak 567.61M) | Time:00:00.94 | Mem:0.00M, Peak:0.00M | Scene, ViewLayer | Synchronizing object | GS three-person bench_subtle_cover_stitch.001
Fra:1 Mem:567.66M (Peak 567.66M) | Time:00:00.94 | Mem:0.00M, Peak:0.00M | Scene, ViewLayer | Synchronizing object | GS full-width bench backrest
Fra:1 Mem:567.68M (Peak 567.68M) | Time:00:00.94 | Mem:0.00M, Peak:0.00M | Scene, ViewLayer | Synchronizing object | GS three-person bench_stitched_edge_welt.001
Fra:1 Mem:567.68M (Peak 567.68M) | Time:00:00.94 | Mem:0.00M, Peak:0.00M | Scene, ViewLayer | Synchronizing object | GS three-person bench.033
Fra:1 Mem:567.70M (Peak 567.70M) | Time:00:00.94 | Mem:0.00M, Peak:0.00M | Scene, ViewLayer | Synchronizing object | GS three-person bench_subtle_cover_stitch.002
Fra:1 Mem:567.77M (Peak 567.77M) | Time:00:00.94 | Mem:0.00M, Peak:0.00M | Scene, ViewLayer | Synchronizing object | GS three-person bench_subtle_cover_stitch.003
Fra:1 Mem:567.80M (Peak 567.80M) | Time:00:00.94 | Mem:0.00M, Peak:0.00M | Scene, ViewLayer | Synchronizing object | GS full-width bench backrest.001
Fra:1 Mem:567.80M (Peak 567.80M) | Time:00:00.94 | Mem:0.00M, Peak:0.00M | Scene, ViewLayer | Synchronizing object | GS full-width bench backrest.032
Fra:1 Mem:567.81M (Peak 567.81M) | Time:00:00.94 | Mem:0.00M, Peak:0.00M | Scene, ViewLayer | Synchronizing object | Seat support post
Fra:1 Mem:567.82M (Peak 567.82M) | Time:00:00.94 | Mem:0.00M, Peak:0.00M | Scene, ViewLayer | Synchronizing object | Seat support post.001
Fra:1 Mem:567.82M (Peak 567.82M) | Time:00:00.94 | Mem:0.00M, Peak:0.00M | Scene, ViewLayer | Synchronizing object | Seat support post.002
Fra:1 Mem:567.82M (Peak 567.82M) | Time:00:00.94 | Mem:0.00M, Peak:0.00M | Scene, ViewLayer | Synchronizing object | GS three-person bench_subtle_cover_stitch.065
Fra:1 Mem:567.82M (Peak 567.82M) | Time:00:00.94 | Mem:0.00M, Peak:0.00M | Scene, ViewLayer | Synchronizing object | Seat support post.003
Fra:1 Mem:567.84M (Peak 567.84M) | Time:00:00.94 | Mem:0.00M, Peak:0.00M | Scene, ViewLayer | Synchronizing object | Seat support post.004
Fra:1 Mem:567.86M (Peak 567.86M) | Time:00:00.94 | Mem:0.00M, Peak:0.00M | Scene, ViewLayer | Synchronizing object | Seat support post.005
Fra:1 Mem:567.85M (Peak 567.86M) | Time:00:00.94 | Mem:0.00M, Peak:0.00M | Scene, ViewLayer | Synchronizing object | Bench foot rail.001
Fra:1 Mem:567.85M (Peak 567.86M) | Time:00:00.94 | Mem:0.00M, Peak:0.00M | Scene, ViewLayer | Synchronizing object | GS three-person bench_subtle_cover_stitch.064
Fra:1 Mem:567.86M (Peak 567.86M) | Time:00:00.94 | Mem:0.00M, Peak:0.00M | Scene, ViewLayer | Synchronizing object | Fan ceiling stem
Fra:1 Mem:567.87M (Peak 567.87M) | Time:00:00.94 | Mem:0.00M, Peak:0.00M | Scene, ViewLayer | Synchronizing object | Fan pressed ceiling flange
Fra:1 Mem:567.88M (Peak 567.88M) | Time:00:00.94 | Mem:0.00M, Peak:0.00M | Scene, ViewLayer | Synchronizing object | Fan round motor housing
Fra:1 Mem:567.90M (Peak 567.90M) | Time:00:00.94 | Mem:0.00M, Peak:0.00M | Scene, ViewLayer | Synchronizing object | GS three-person bench_stitched_edge_welt.032
Fra:1 Mem:567.90M (Peak 567.90M) | Time:00:00.94 | Mem:0.00M, Peak:0.00M | Scene, ViewLayer | Synchronizing object | Fan concentric safety grille
Fra:1 Mem:567.92M (Peak 567.92M) | Time:00:00.94 | Mem:0.00M, Peak:0.00M | Scene, ViewLayer | Synchronizing object | Fan concentric safety grille.002
Fra:1 Mem:568.02M (Peak 568.02M) | Time:00:00.94 | Mem:0.00M, Peak:0.00M | Scene, ViewLayer | Synchronizing object | GS three-person bench.032
Fra:1 Mem:568.12M (Peak 568.12M) | Time:00:00.94 | Mem:0.00M, Peak:0.00M | Scene, ViewLayer | Synchronizing object | Seat support post.095
Fra:1 Mem:568.12M (Peak 568.12M) | Time:00:00.94 | Mem:0.00M, Peak:0.00M | Scene, ViewLayer | Synchronizing object | Fan concentric safety grille.003
Fra:1 Mem:568.14M (Peak 568.14M) | Time:00:00.94 | Mem:0.00M, Peak:0.00M | Scene, ViewLayer | Synchronizing object | Seat support post.094
Fra:1 Mem:568.17M (Peak 568.17M) | Time:00:00.94 | Mem:0.00M, Peak:0.00M | Scene, ViewLayer | Synchronizing object | Fan concentric safety grille.004
Fra:1 Mem:568.17M (Peak 568.17M) | Time:00:00.94 | Mem:0.00M, Peak:0.00M | Scene, ViewLayer | Synchronizing object | Seat support post.093
Fra:1 Mem:568.22M (Peak 568.22M) | Time:00:00.94 | Mem:0.00M, Peak:0.00M | Scene, ViewLayer | Synchronizing object | Seat support post.092
Fra:1 Mem:568.24M (Peak 568.24M) | Time:00:00.94 | Mem:0.00M, Peak:0.00M | Scene, ViewLayer | Synchronizing object | Seat support post.091
Fra:1 Mem:568.25M (Peak 568.25M) | Time:00:00.94 | Mem:0.00M, Peak:0.00M | Scene, ViewLayer | Synchronizing object | Fan concentric safety grille.005
Fra:1 Mem:568.25M (Peak 568.25M) | Time:00:00.94 | Mem:0.00M, Peak:0.00M | Scene, ViewLayer | Synchronizing object | Seat support post.090
Fra:1 Mem:568.27M (Peak 568.27M) | Time:00:00.94 | Mem:0.00M, Peak:0.00M | Scene, ViewLayer | Synchronizing object | Fan radial cage wire
Fra:1 Mem:568.30M (Peak 568.30M) | Time:00:00.94 | Mem:0.00M, Peak:0.00M | Scene, ViewLayer | Synchronizing object | GS full-width bench backrest.031
Fra:1 Mem:568.31M (Peak 568.31M) | Time:00:00.94 | Mem:0.00M, Peak:0.00M | Scene, ViewLayer | Synchronizing object | Fan radial cage wire.001
Fra:1 Mem:568.31M (Peak 568.31M) | Time:00:00.94 | Mem:0.00M, Peak:0.00M | Scene, ViewLayer | Synchronizing object | Fan radial cage wire.002
Fra:1 Mem:568.33M (Peak 568.33M) | Time:00:00.94 | Mem:0.00M, Peak:0.00M | Scene, ViewLayer | Synchronizing object | GS three-person bench_subtle_cover_stitch.063
Fra:1 Mem:568.34M (Peak 568.34M) | Time:00:00.94 | Mem:0.00M, Peak:0.00M | Scene, ViewLayer | Synchronizing object | Fan radial cage wire.004
Fra:1 Mem:568.36M (Peak 568.36M) | Time:00:00.94 | Mem:0.00M, Peak:0.00M | Scene, ViewLayer | Synchronizing object | GS three-person bench_subtle_cover_stitch.062
Fra:1 Mem:568.36M (Peak 568.36M) | Time:00:00.94 | Mem:0.00M, Peak:0.00M | Scene, ViewLayer | Synchronizing object | Fan radial cage wire.005
Fra:1 Mem:568.37M (Peak 568.37M) | Time:00:00.94 | Mem:0.00M, Peak:0.00M | Scene, ViewLayer | Synchronizing object | Fan radial cage wire.006
Fra:1 Mem:568.39M (Peak 568.39M) | Time:00:00.94 | Mem:0.00M, Peak:0.00M | Scene, ViewLayer | Synchronizing object | Fan radial cage wire.007
Fra:1 Mem:568.40M (Peak 568.40M) | Time:00:00.94 | Mem:0.00M, Peak:0.00M | Scene, ViewLayer | Synchronizing object | Fan radial cage wire.008
Fra:1 Mem:568.40M (Peak 568.40M) | Time:00:00.94 | Mem:0.00M, Peak:0.00M | Scene, ViewLayer | Synchronizing object | GS three-person bench_stitched_edge_welt.031
Fra:1 Mem:568.43M (Peak 568.43M) | Time:00:00.94 | Mem:0.00M, Peak:0.00M | Scene, ViewLayer | Synchronizing object | Fan radial cage wire.009
Fra:1 Mem:568.45M (Peak 568.45M) | Time:00:00.94 | Mem:0.00M, Peak:0.00M | Scene, ViewLayer | Synchronizing object | Fan radial cage wire.011
Fra:1 Mem:568.44M (Peak 568.45M) | Time:00:00.94 | Mem:0.00M, Peak:0.00M | Scene, ViewLayer | Synchronizing object | Fan radial cage wire.012
Fra:1 Mem:568.44M (Peak 568.45M) | Time:00:00.94 | Mem:0.00M, Peak:0.00M | Scene, ViewLayer | Synchronizing object | GS three-person bench.031
Fra:1 Mem:568.48M (Peak 568.48M) | Time:00:00.94 | Mem:0.00M, Peak:0.00M | Scene, ViewLayer | Synchronizing object | Fan radial cage wire.013
Fra:1 Mem:568.48M (Peak 568.48M) | Time:00:00.94 | Mem:0.00M, Peak:0.00M | Scene, ViewLayer | Synchronizing object | Fan radial cage wire.014
Fra:1 Mem:568.49M (Peak 568.49M) | Time:00:00.94 | Mem:0.00M, Peak:0.00M | Scene, ViewLayer | Synchronizing object | Fan radial cage wire.015
Fra:1 Mem:568.49M (Peak 568.49M) | Time:00:00.94 | Mem:0.00M, Peak:0.00M | Scene, ViewLayer | Synchronizing object | Fan radial cage wire.016
Fra:1 Mem:568.51M (Peak 568.51M) | Time:00:00.94 | Mem:0.00M, Peak:0.00M | Scene, ViewLayer | Synchronizing object | GS full-width bench backrest.030
Fra:1 Mem:568.52M (Peak 568.52M) | Time:00:00.94 | Mem:0.00M, Peak:0.00M | Scene, ViewLayer | Synchronizing object | Fan radial cage wire.017
Fra:1 Mem:568.52M (Peak 568.52M) | Time:00:00.94 | Mem:0.00M, Peak:0.00M | Scene, ViewLayer | Synchronizing object | Fan radial cage wire.018
Fra:1 Mem:568.52M (Peak 568.52M) | Time:00:00.94 | Mem:0.00M, Peak:0.00M | Scene, ViewLayer | Synchronizing object | GS three-person bench_subtle_cover_stitch.061
Fra:1 Mem:568.53M (Peak 568.53M) | Time:00:00.94 | Mem:0.00M, Peak:0.00M | Scene, ViewLayer | Synchronizing object | Fan radial cage wire.020
Fra:1 Mem:568.55M (Peak 568.55M) | Time:00:00.94 | Mem:0.00M, Peak:0.00M | Scene, ViewLayer | Synchronizing object | Fan radial cage wire.021
Fra:1 Mem:568.55M (Peak 568.55M) | Time:00:00.94 | Mem:0.00M, Peak:0.00M | Scene, ViewLayer | Synchronizing object | Fan radial cage wire.022
Fra:1 Mem:568.56M (Peak 568.56M) | Time:00:00.94 | Mem:0.00M, Peak:0.00M | Scene, ViewLayer | Synchronizing object | GS three-person bench_subtle_cover_stitch.060
Fra:1 Mem:568.56M (Peak 568.56M) | Time:00:00.94 | Mem:0.00M, Peak:0.00M | Scene, ViewLayer | Synchronizing object | Fan swept three blade rotor
Fra:1 Mem:568.59M (Peak 568.59M) | Time:00:00.94 | Mem:0.00M, Peak:0.00M | Scene, ViewLayer | Synchronizing object | Fan swept three blade rotor.002
Fra:1 Mem:568.59M (Peak 568.59M) | Time:00:00.94 | Mem:0.00M, Peak:0.00M | Scene, ViewLayer | Synchronizing object | GS three-person bench_stitched_edge_welt.030
Fra:1 Mem:568.59M (Peak 568.59M) | Time:00:00.94 | Mem:0.00M, Peak:0.00M | Scene, ViewLayer | Synchronizing object | Fan centre decorative cap
Fra:1 Mem:568.61M (Peak 568.61M) | Time:00:00.94 | Mem:0.00M, Peak:0.00M | Scene, ViewLayer | Synchronizing object | Fan grille locking clip
Fra:1 Mem:568.63M (Peak 568.63M) | Time:00:00.94 | Mem:0.00M, Peak:0.00M | Scene, ViewLayer | Synchronizing object | Fan grille locking clip.001
Fra:1 Mem:568.63M (Peak 568.63M) | Time:00:00.94 | Mem:0.00M, Peak:0.00M | Scene, ViewLayer | Synchronizing object | GS three-person bench.030
Fra:1 Mem:568.64M (Peak 568.64M) | Time:00:00.94 | Mem:0.00M, Peak:0.00M | Scene, ViewLayer | Synchronizing object | Fan grille locking clip.003
Fra:1 Mem:568.67M (Peak 568.67M) | Time:00:00.94 | Mem:0.00M, Peak:0.00M | Scene, ViewLayer | Synchronizing object | Fan ceiling stem.001
Fra:1 Mem:568.69M (Peak 568.69M) | Time:00:00.94 | Mem:0.00M, Peak:0.00M | Scene, ViewLayer | Synchronizing object | Fan pressed ceiling flange.001
Fra:1 Mem:568.69M (Peak 568.69M) | Time:00:00.94 | Mem:0.00M, Peak:0.00M | Scene, ViewLayer | Synchronizing object | Fan round motor housing.001
Fra:1 Mem:568.72M (Peak 568.72M) | Time:00:00.94 | Mem:0.00M, Peak:0.00M | Scene, ViewLayer | Synchronizing object | Fan concentric safety grille.006
Fra:1 Mem:568.72M (Peak 568.72M) | Time:00:00.94 | Mem:0.00M, Peak:0.00M | Scene, ViewLayer | Synchronizing object | Fan grille locking clip.063
Fra:1 Mem:568.72M (Peak 568.72M) | Time:00:00.94 | Mem:0.00M, Peak:0.00M | Scene, ViewLayer | Synchronizing object | Fan concentric safety grille.007
Fra:1 Mem:568.74M (Peak 568.74M) | Time:00:00.94 | Mem:0.00M, Peak:0.00M | Scene, ViewLayer | Synchronizing object | Fan concentric safety grille.008
Fra:1 Mem:568.80M (Peak 568.80M) | Time:00:00.94 | Mem:0.00M, Peak:0.00M | Scene, ViewLayer | Synchronizing object | Fan grille locking clip.062
Fra:1 Mem:568.87M (Peak 568.87M) | Time:00:00.94 | Mem:0.00M, Peak:0.00M | Scene, ViewLayer | Synchronizing object | Fan grille locking clip.061
Fra:1 Mem:568.89M (Peak 568.89M) | Time:00:00.94 | Mem:0.00M, Peak:0.00M | Scene, ViewLayer | Synchronizing object | Fan grille locking clip.060
Fra:1 Mem:568.91M (Peak 568.91M) | Time:00:00.94 | Mem:0.00M, Peak:0.00M | Scene, ViewLayer | Synchronizing object | Fan centre decorative cap.015
Fra:1 Mem:568.93M (Peak 568.93M) | Time:00:00.94 | Mem:0.00M, Peak:0.00M | Scene, ViewLayer | Synchronizing object | Fan concentric safety grille.009
Fra:1 Mem:568.92M (Peak 568.93M) | Time:00:00.94 | Mem:0.00M, Peak:0.00M | Scene, ViewLayer | Synchronizing object | Fan concentric safety grille.010
Fra:1 Mem:568.97M (Peak 568.97M) | Time:00:00.94 | Mem:0.00M, Peak:0.00M | Scene, ViewLayer | Synchronizing object | Fan swept three blade rotor.047
Fra:1 Mem:569.01M (Peak 569.01M) | Time:00:00.94 | Mem:0.00M, Peak:0.00M | Scene, ViewLayer | Synchronizing object | Fan concentric safety grille.011
Fra:1 Mem:569.03M (Peak 569.03M) | Time:00:00.94 | Mem:0.00M, Peak:0.00M | Scene, ViewLayer | Synchronizing object | Fan swept three blade rotor.046
Fra:1 Mem:569.06M (Peak 569.06M) | Time:00:00.94 | Mem:0.00M, Peak:0.00M | Scene, ViewLayer | Synchronizing object | Fan swept three blade rotor.045
Fra:1 Mem:569.08M (Peak 569.08M) | Time:00:00.94 | Mem:0.00M, Peak:0.00M | Scene, ViewLayer | Synchronizing object | Fan radial cage wire.383
Fra:1 Mem:569.10M (Peak 569.10M) | Time:00:00.94 | Mem:0.00M, Peak:0.00M | Scene, ViewLayer | Synchronizing object | Fan radial cage wire.024
Fra:1 Mem:569.10M (Peak 569.10M) | Time:00:00.94 | Mem:0.00M, Peak:0.00M | Scene, ViewLayer | Synchronizing object | Fan radial cage wire.382
Fra:1 Mem:569.12M (Peak 569.12M) | Time:00:00.94 | Mem:0.00M, Peak:0.00M | Scene, ViewLayer | Synchronizing object | Fan radial cage wire.381
Fra:1 Mem:569.12M (Peak 569.12M) | Time:00:00.94 | Mem:0.00M, Peak:0.00M | Scene, ViewLayer | Synchronizing object | Fan radial cage wire.026
Fra:1 Mem:569.12M (Peak 569.12M) | Time:00:00.94 | Mem:0.00M, Peak:0.00M | Scene, ViewLayer | Synchronizing object | Fan radial cage wire.027
Fra:1 Mem:569.13M (Peak 569.13M) | Time:00:00.94 | Mem:0.00M, Peak:0.00M | Scene, ViewLayer | Synchronizing object | Fan radial cage wire.380
Fra:1 Mem:569.14M (Peak 569.14M) | Time:00:00.94 | Mem:0.00M, Peak:0.00M | Scene, ViewLayer | Synchronizing object | Fan radial cage wire.028
Fra:1 Mem:569.15M (Peak 569.15M) | Time:00:00.94 | Mem:0.00M, Peak:0.00M | Scene, ViewLayer | Synchronizing object | Fan radial cage wire.029
Fra:1 Mem:569.15M (Peak 569.15M) | Time:00:00.94 | Mem:0.00M, Peak:0.00M | Scene, ViewLayer | Synchronizing object | Fan radial cage wire.379
Fra:1 Mem:569.16M (Peak 569.16M) | Time:00:00.94 | Mem:0.00M, Peak:0.00M | Scene, ViewLayer | Synchronizing object | Fan radial cage wire.030
Fra:1 Mem:569.17M (Peak 569.17M) | Time:00:00.94 | Mem:0.00M, Peak:0.00M | Scene, ViewLayer | Synchronizing object | Fan radial cage wire.031
Fra:1 Mem:569.17M (Peak 569.17M) | Time:00:00.94 | Mem:0.00M, Peak:0.00M | Scene, ViewLayer | Synchronizing object | Fan radial cage wire.033
Fra:1 Mem:569.19M (Peak 569.19M) | Time:00:00.94 | Mem:0.00M, Peak:0.00M | Scene, ViewLayer | Synchronizing object | Fan radial cage wire.034
Fra:1 Mem:569.19M (Peak 569.19M) | Time:00:00.94 | Mem:0.00M, Peak:0.00M | Scene, ViewLayer | Synchronizing object | Fan radial cage wire.377
Fra:1 Mem:569.21M (Peak 569.21M) | Time:00:00.94 | Mem:0.00M, Peak:0.00M | Scene, ViewLayer | Synchronizing object | Fan radial cage wire.035
Fra:1 Mem:569.20M (Peak 569.21M) | Time:00:00.94 | Mem:0.00M, Peak:0.00M | Scene, ViewLayer | Synchronizing object | Fan radial cage wire.037
Fra:1 Mem:569.20M (Peak 569.21M) | Time:00:00.94 | Mem:0.00M, Peak:0.00M | Scene, ViewLayer | Synchronizing object | Fan radial cage wire.376
Fra:1 Mem:569.22M (Peak 569.22M) | Time:00:00.94 | Mem:0.00M, Peak:0.00M | Scene, ViewLayer | Synchronizing object | Fan radial cage wire.038
Fra:1 Mem:569.22M (Peak 569.22M) | Time:00:00.94 | Mem:0.00M, Peak:0.00M | Scene, ViewLayer | Synchronizing object | Fan radial cage wire.375
Fra:1 Mem:569.22M (Peak 569.22M) | Time:00:00.94 | Mem:0.00M, Peak:0.00M | Scene, ViewLayer | Synchronizing object | Fan radial cage wire.040
Fra:1 Mem:569.24M (Peak 569.24M) | Time:00:00.94 | Mem:0.00M, Peak:0.00M | Scene, ViewLayer | Synchronizing object | Fan radial cage wire.041
Fra:1 Mem:569.25M (Peak 569.25M) | Time:00:00.94 | Mem:0.00M, Peak:0.00M | Scene, ViewLayer | Synchronizing object | Fan radial cage wire.042
Fra:1 Mem:569.25M (Peak 569.25M) | Time:00:00.94 | Mem:0.00M, Peak:0.00M | Scene, ViewLayer | Synchronizing object | Fan radial cage wire.374
Fra:1 Mem:569.25M (Peak 569.25M) | Time:00:00.94 | Mem:0.00M, Peak:0.00M | Scene, ViewLayer | Synchronizing object | Fan radial cage wire.043
Fra:1 Mem:569.26M (Peak 569.26M) | Time:00:00.94 | Mem:0.00M, Peak:0.00M | Scene, ViewLayer | Synchronizing object | Fan radial cage wire.045
Fra:1 Mem:569.27M (Peak 569.27M) | Time:00:00.94 | Mem:0.00M, Peak:0.00M | Scene, ViewLayer | Synchronizing object | Fan radial cage wire.373
Fra:1 Mem:569.27M (Peak 569.27M) | Time:00:00.94 | Mem:0.00M, Peak:0.00M | Scene, ViewLayer | Synchronizing object | Fan radial cage wire.046
Fra:1 Mem:569.28M (Peak 569.28M) | Time:00:00.94 | Mem:0.00M, Peak:0.00M | Scene, ViewLayer | Synchronizing object | Fan radial cage wire.047
Fra:1 Mem:569.29M (Peak 569.29M) | Time:00:00.94 | Mem:0.00M, Peak:0.00M | Scene, ViewLayer | Synchronizing object | Fan swept three blade rotor.003
Fra:1 Mem:569.29M (Peak 569.29M) | Time:00:00.94 | Mem:0.00M, Peak:0.00M | Scene, ViewLayer | Synchronizing object | Fan swept three blade rotor.004
Fra:1 Mem:569.29M (Peak 569.29M) | Time:00:00.94 | Mem:0.00M, Peak:0.00M | Scene, ViewLayer | Synchronizing object | Fan swept three blade rotor.005
Fra:1 Mem:569.30M (Peak 569.30M) | Time:00:00.94 | Mem:0.00M, Peak:0.00M | Scene, ViewLayer | Synchronizing object | Fan centre decorative cap.001
Fra:1 Mem:569.30M (Peak 569.30M) | Time:00:00.94 | Mem:0.00M, Peak:0.00M | Scene, ViewLayer | Synchronizing object | Fan radial cage wire.371
Fra:1 Mem:569.30M (Peak 569.30M) | Time:00:00.94 | Mem:0.00M, Peak:0.00M | Scene, ViewLayer | Synchronizing object | Fan grille locking clip.004
Fra:1 Mem:569.32M (Peak 569.32M) | Time:00:00.94 | Mem:0.00M, Peak:0.00M | Scene, ViewLayer | Synchronizing object | Fan radial cage wire.370
Fra:1 Mem:569.32M (Peak 569.32M) | Time:00:00.94 | Mem:0.00M, Peak:0.00M | Scene, ViewLayer | Synchronizing object | Fan grille locking clip.005
Fra:1 Mem:569.34M (Peak 569.34M) | Time:00:00.94 | Mem:0.00M, Peak:0.00M | Scene, ViewLayer | Synchronizing object | Fan grille locking clip.006
Fra:1 Mem:569.34M (Peak 569.34M) | Time:00:00.94 | Mem:0.00M, Peak:0.00M | Scene, ViewLayer | Synchronizing object | Fan radial cage wire.369
Fra:1 Mem:569.34M (Peak 569.34M) | Time:00:00.94 | Mem:0.00M, Peak:0.00M | Scene, ViewLayer | Synchronizing object | Fan grille locking clip.007
Fra:1 Mem:569.35M (Peak 569.35M) | Time:00:00.94 | Mem:0.00M, Peak:0.00M | Scene, ViewLayer | Synchronizing object | GS three-person bench.002
Fra:1 Mem:569.36M (Peak 569.36M) | Time:00:00.94 | Mem:0.00M, Peak:0.00M | Scene, ViewLayer | Synchronizing object | Fan radial cage wire.368
Fra:1 Mem:569.37M (Peak 569.37M) | Time:00:00.94 | Mem:0.00M, Peak:0.00M | Scene, ViewLayer | Synchronizing object | GS three-person bench_stitched_edge_welt.002
Fra:1 Mem:569.41M (Peak 569.41M) | Time:00:00.94 | Mem:0.00M, Peak:0.00M | Scene, ViewLayer | Synchronizing object | Fan radial cage wire.367
Fra:1 Mem:569.42M (Peak 569.42M) | Time:00:00.94 | Mem:0.00M, Peak:0.00M | Scene, ViewLayer | Synchronizing object | Fan radial cage wire.366
Fra:1 Mem:569.42M (Peak 569.42M) | Time:00:00.94 | Mem:0.00M, Peak:0.00M | Scene, ViewLayer | Synchronizing object | GS three-person bench_subtle_cover_stitch.004
Fra:1 Mem:569.43M (Peak 569.43M) | Time:00:00.94 | Mem:0.00M, Peak:0.00M | Scene, ViewLayer | Synchronizing object | GS three-person bench_subtle_cover_stitch.005
Fra:1 Mem:569.44M (Peak 569.44M) | Time:00:00.94 | Mem:0.00M, Peak:0.00M | Scene, ViewLayer | Synchronizing object | GS full-width bench backrest.002
Fra:1 Mem:569.47M (Peak 569.47M) | Time:00:00.94 | Mem:0.00M, Peak:0.00M | Scene, ViewLayer | Synchronizing object | Fan radial cage wire.364
Fra:1 Mem:569.47M (Peak 569.47M) | Time:00:00.94 | Mem:0.00M, Peak:0.00M | Scene, ViewLayer | Synchronizing object | GS three-person bench.003
Fra:1 Mem:569.49M (Peak 569.49M) | Time:00:00.94 | Mem:0.00M, Peak:0.00M | Scene, ViewLayer | Synchronizing object | GS three-person bench_stitched_edge_welt.003
Fra:1 Mem:569.51M (Peak 569.51M) | Time:00:00.94 | Mem:0.00M, Peak:0.00M | Scene, ViewLayer | Synchronizing object | Fan radial cage wire.363
Fra:1 Mem:569.56M (Peak 569.56M) | Time:00:00.94 | Mem:0.00M, Peak:0.00M | Scene, ViewLayer | Synchronizing object | Fan radial cage wire.362
Fra:1 Mem:569.56M (Peak 569.56M) | Time:00:00.94 | Mem:0.00M, Peak:0.00M | Scene, ViewLayer | Synchronizing object | GS three-person bench_subtle_cover_stitch.007
Fra:1 Mem:569.56M (Peak 569.56M) | Time:00:00.94 | Mem:0.00M, Peak:0.00M | Scene, ViewLayer | Synchronizing object | GS full-width bench backrest.003
Fra:1 Mem:569.58M (Peak 569.58M) | Time:00:00.94 | Mem:0.00M, Peak:0.00M | Scene, ViewLayer | Synchronizing object | Fan radial cage wire.361
Fra:1 Mem:569.59M (Peak 569.59M) | Time:00:00.94 | Mem:0.00M, Peak:0.00M | Scene, ViewLayer | Synchronizing object | Seat support post.006
Fra:1 Mem:569.59M (Peak 569.59M) | Time:00:00.94 | Mem:0.00M, Peak:0.00M | Scene, ViewLayer | Synchronizing object | Fan radial cage wire.360
Fra:1 Mem:569.59M (Peak 569.59M) | Time:00:00.94 | Mem:0.00M, Peak:0.00M | Scene, ViewLayer | Synchronizing object | Seat support post.008
Fra:1 Mem:569.61M (Peak 569.61M) | Time:00:00.94 | Mem:0.00M, Peak:0.00M | Scene, ViewLayer | Synchronizing object | Seat support post.009
Fra:1 Mem:569.61M (Peak 569.61M) | Time:00:00.94 | Mem:0.00M, Peak:0.00M | Scene, ViewLayer | Synchronizing object | Seat support post.010
Fra:1 Mem:569.61M (Peak 569.61M) | Time:00:00.94 | Mem:0.00M, Peak:0.00M | Scene, ViewLayer | Synchronizing object | Seat support post.011
Fra:1 Mem:569.63M (Peak 569.63M) | Time:00:00.94 | Mem:0.00M, Peak:0.00M | Scene, ViewLayer | Synchronizing object | GS three-person bench.004
Fra:1 Mem:569.63M (Peak 569.63M) | Time:00:00.94 | Mem:0.00M, Peak:0.00M | Scene, ViewLayer | Synchronizing object | GS three-person bench_stitched_edge_welt.004
Fra:1 Mem:569.66M (Peak 569.66M) | Time:00:00.94 | Mem:0.00M, Peak:0.00M | Scene, ViewLayer | Synchronizing object | GS three-person bench_subtle_cover_stitch.008
Fra:1 Mem:569.73M (Peak 569.73M) | Time:00:00.94 | Mem:0.00M, Peak:0.00M | Scene, ViewLayer | Synchronizing object | GS three-person bench_subtle_cover_stitch.009
Fra:1 Mem:569.75M (Peak 569.75M) | Time:00:00.94 | Mem:0.00M, Peak:0.00M | Scene, ViewLayer | Synchronizing object | GS full-width bench backrest.004
Fra:1 Mem:569.77M (Peak 569.77M) | Time:00:00.94 | Mem:0.00M, Peak:0.00M | Scene, ViewLayer | Synchronizing object | GS three-person bench.005
Fra:1 Mem:569.77M (Peak 569.77M) | Time:00:00.94 | Mem:0.00M, Peak:0.00M | Scene, ViewLayer | Synchronizing object | Fan concentric safety grille.094
Fra:1 Mem:569.77M (Peak 569.77M) | Time:00:00.94 | Mem:0.00M, Peak:0.00M | Scene, ViewLayer | Synchronizing object | GS three-person bench_subtle_cover_stitch.010
Fra:1 Mem:569.90M (Peak 569.90M) | Time:00:00.94 | Mem:0.00M, Peak:0.00M | Scene, ViewLayer | Synchronizing object | GS three-person bench_subtle_cover_stitch.011
Fra:1 Mem:569.90M (Peak 569.90M) | Time:00:00.94 | Mem:0.00M, Peak:0.00M | Scene, ViewLayer | Synchronizing object | Seat support post.012
Fra:1 Mem:569.92M (Peak 569.92M) | Time:00:00.94 | Mem:0.00M, Peak:0.00M | Scene, ViewLayer | Synchronizing object | Seat support post.013
Fra:1 Mem:569.92M (Peak 569.92M) | Time:00:00.94 | Mem:0.00M, Peak:0.00M | Scene, ViewLayer | Synchronizing object | Fan concentric safety grille.093
Fra:1 Mem:569.94M (Peak 569.94M) | Time:00:00.94 | Mem:0.00M, Peak:0.00M | Scene, ViewLayer | Synchronizing object | Seat support post.014
Fra:1 Mem:569.96M (Peak 569.96M) | Time:00:00.94 | Mem:0.00M, Peak:0.00M | Scene, ViewLayer | Synchronizing object | Seat support post.015
Fra:1 Mem:569.97M (Peak 569.97M) | Time:00:00.94 | Mem:0.00M, Peak:0.00M | Scene, ViewLayer | Synchronizing object | Seat support post.016
Fra:1 Mem:569.99M (Peak 569.99M) | Time:00:00.94 | Mem:0.00M, Peak:0.00M | Scene, ViewLayer | Synchronizing object | Seat support post.017
Fra:1 Mem:569.99M (Peak 569.99M) | Time:00:00.94 | Mem:0.00M, Peak:0.00M | Scene, ViewLayer | Synchronizing object | Bench foot rail.002
Fra:1 Mem:570.01M (Peak 570.01M) | Time:00:00.94 | Mem:0.00M, Peak:0.00M | Scene, ViewLayer | Synchronizing object | Bench foot rail.003
Fra:1 Mem:570.01M (Peak 570.01M) | Time:00:00.94 | Mem:0.00M, Peak:0.00M | Scene, ViewLayer | Synchronizing object | Fan pressed ceiling flange.002
Fra:1 Mem:570.04M (Peak 570.04M) | Time:00:00.94 | Mem:0.00M, Peak:0.00M | Scene, ViewLayer | Synchronizing object | Fan concentric safety grille.092
Fra:1 Mem:570.03M (Peak 570.04M) | Time:00:00.94 | Mem:0.00M, Peak:0.00M | Scene, ViewLayer | Synchronizing object | Fan round motor housing.002
Fra:1 Mem:570.04M (Peak 570.04M) | Time:00:00.94 | Mem:0.00M, Peak:0.00M | Scene, ViewLayer | Synchronizing object | Fan concentric safety grille.012
Fra:1 Mem:570.08M (Peak 570.08M) | Time:00:00.94 | Mem:0.00M, Peak:0.00M | Scene, ViewLayer | Synchronizing object | Fan concentric safety grille.013
Fra:1 Mem:570.18M (Peak 570.18M) | Time:00:00.94 | Mem:0.00M, Peak:0.00M | Scene, ViewLayer | Synchronizing object | Fan concentric safety grille.014
Fra:1 Mem:570.23M (Peak 570.23M) | Time:00:00.94 | Mem:0.00M, Peak:0.00M | Scene, ViewLayer | Synchronizing object | Fan concentric safety grille.091
Fra:1 Mem:570.27M (Peak 570.27M) | Time:00:00.94 | Mem:0.00M, Peak:0.00M | Scene, ViewLayer | Synchronizing object | Fan concentric safety grille.015
Fra:1 Mem:570.30M (Peak 570.30M) | Time:00:00.94 | Mem:0.00M, Peak:0.00M | Scene, ViewLayer | Synchronizing object | Fan concentric safety grille.016
Fra:1 Mem:570.43M (Peak 570.43M) | Time:00:00.94 | Mem:0.00M, Peak:0.00M | Scene, ViewLayer | Synchronizing object | Fan concentric safety grille.090
Fra:1 Mem:570.45M (Peak 570.45M) | Time:00:00.94 | Mem:0.00M, Peak:0.00M | Scene, ViewLayer | Synchronizing object | Fan radial cage wire.048
Fra:1 Mem:570.48M (Peak 570.48M) | Time:00:00.94 | Mem:0.00M, Peak:0.00M | Scene, ViewLayer | Synchronizing object | Fan concentric safety grille.017
Fra:1 Mem:570.50M (Peak 570.50M) | Time:00:00.94 | Mem:0.00M, Peak:0.00M | Scene, ViewLayer | Synchronizing object | Fan radial cage wire.049
Fra:1 Mem:570.50M (Peak 570.50M) | Time:00:00.94 | Mem:0.00M, Peak:0.00M | Scene, ViewLayer | Synchronizing object | Fan radial cage wire.050
Fra:1 Mem:570.54M (Peak 570.54M) | Time:00:00.94 | Mem:0.00M, Peak:0.00M | Scene, ViewLayer | Synchronizing object | Fan radial cage wire.051
Fra:1 Mem:570.56M (Peak 570.56M) | Time:00:00.94 | Mem:0.00M, Peak:0.00M | Scene, ViewLayer | Synchronizing object | Fan radial cage wire.052
Fra:1 Mem:570.57M (Peak 570.57M) | Time:00:00.94 | Mem:0.00M, Peak:0.00M | Scene, ViewLayer | Synchronizing object | Fan radial cage wire.053
Fra:1 Mem:570.57M (Peak 570.57M) | Time:00:00.94 | Mem:0.00M, Peak:0.00M | Scene, ViewLayer | Synchronizing object | Fan radial cage wire.054
Fra:1 Mem:570.59M (Peak 570.59M) | Time:00:00.94 | Mem:0.00M, Peak:0.00M | Scene, ViewLayer | Synchronizing object | Fan radial cage wire.055
Fra:1 Mem:570.61M (Peak 570.61M) | Time:00:00.94 | Mem:0.00M, Peak:0.00M | Scene, ViewLayer | Synchronizing object | Fan radial cage wire.056
Fra:1 Mem:570.61M (Peak 570.61M) | Time:00:00.94 | Mem:0.00M, Peak:0.00M | Scene, ViewLayer | Synchronizing object | Fan radial cage wire.057
Fra:1 Mem:570.63M (Peak 570.63M) | Time:00:00.94 | Mem:0.00M, Peak:0.00M | Scene, ViewLayer | Synchronizing object | Fan radial cage wire.058
Fra:1 Mem:570.62M (Peak 570.63M) | Time:00:00.94 | Mem:0.00M, Peak:0.00M | Scene, ViewLayer | Synchronizing object | Fan radial cage wire.059
Fra:1 Mem:570.62M (Peak 570.63M) | Time:00:00.94 | Mem:0.00M, Peak:0.00M | Scene, ViewLayer | Synchronizing object | Fan radial cage wire.060
Fra:1 Mem:570.62M (Peak 570.63M) | Time:00:00.94 | Mem:0.00M, Peak:0.00M | Scene, ViewLayer | Synchronizing object | Fan radial cage wire.061
Fra:1 Mem:570.64M (Peak 570.64M) | Time:00:00.94 | Mem:0.00M, Peak:0.00M | Scene, ViewLayer | Synchronizing object | Fan radial cage wire.062
Fra:1 Mem:570.64M (Peak 570.64M) | Time:00:00.94 | Mem:0.00M, Peak:0.00M | Scene, ViewLayer | Synchronizing object | Fan radial cage wire.063
Fra:1 Mem:570.64M (Peak 570.64M) | Time:00:00.94 | Mem:0.00M, Peak:0.00M | Scene, ViewLayer | Synchronizing object | Fan radial cage wire.064
Fra:1 Mem:570.65M (Peak 570.65M) | Time:00:00.94 | Mem:0.00M, Peak:0.00M | Scene, ViewLayer | Synchronizing object | Fan radial cage wire.065
Fra:1 Mem:570.66M (Peak 570.66M) | Time:00:00.94 | Mem:0.00M, Peak:0.00M | Scene, ViewLayer | Synchronizing object | Fan radial cage wire.066
Fra:1 Mem:570.66M (Peak 570.66M) | Time:00:00.94 | Mem:0.00M, Peak:0.00M | Scene, ViewLayer | Synchronizing object | Fan pressed ceiling flange.015
Fra:1 Mem:570.66M (Peak 570.66M) | Time:00:00.94 | Mem:0.00M, Peak:0.00M | Scene, ViewLayer | Synchronizing object | Fan radial cage wire.068
Fra:1 Mem:570.68M (Peak 570.68M) | Time:00:00.94 | Mem:0.00M, Peak:0.00M | Scene, ViewLayer | Synchronizing object | Fan radial cage wire.069
Fra:1 Mem:570.69M (Peak 570.69M) | Time:00:00.94 | Mem:0.00M, Peak:0.00M | Scene, ViewLayer | Synchronizing object | Fan ceiling stem.015
Fra:1 Mem:570.69M (Peak 570.69M) | Time:00:00.94 | Mem:0.00M, Peak:0.00M | Scene, ViewLayer | Synchronizing object | Fan radial cage wire.070
Fra:1 Mem:570.69M (Peak 570.69M) | Time:00:00.94 | Mem:0.00M, Peak:0.00M | Scene, ViewLayer | Synchronizing object | Fan radial cage wire.071
Fra:1 Mem:570.70M (Peak 570.70M) | Time:00:00.94 | Mem:0.00M, Peak:0.00M | Scene, ViewLayer | Synchronizing object | Fan grille locking clip.059
Fra:1 Mem:570.70M (Peak 570.70M) | Time:00:00.94 | Mem:0.00M, Peak:0.00M | Scene, ViewLayer | Synchronizing object | Fan swept three blade rotor.007
Fra:1 Mem:570.72M (Peak 570.72M) | Time:00:00.94 | Mem:0.00M, Peak:0.00M | Scene, ViewLayer | Synchronizing object | Fan swept three blade rotor.008
Fra:1 Mem:570.72M (Peak 570.72M) | Time:00:00.94 | Mem:0.00M, Peak:0.00M | Scene, ViewLayer | Synchronizing object | Fan centre decorative cap.002
Fra:1 Mem:570.72M (Peak 570.72M) | Time:00:00.94 | Mem:0.00M, Peak:0.00M | Scene, ViewLayer | Synchronizing object | Fan grille locking clip.008
Fra:1 Mem:570.73M (Peak 570.73M) | Time:00:00.94 | Mem:0.00M, Peak:0.00M | Scene, ViewLayer | Synchronizing object | Fan grille locking clip.009
Fra:1 Mem:570.74M (Peak 570.74M) | Time:00:00.94 | Mem:0.00M, Peak:0.00M | Scene, ViewLayer | Synchronizing object | Fan grille locking clip.010
Fra:1 Mem:570.75M (Peak 570.75M) | Time:00:00.94 | Mem:0.00M, Peak:0.00M | Scene, ViewLayer | Synchronizing object | Fan grille locking clip.011
Fra:1 Mem:570.75M (Peak 570.75M) | Time:00:00.94 | Mem:0.00M, Peak:0.00M | Scene, ViewLayer | Synchronizing object | Fan grille locking clip.057
Fra:1 Mem:570.77M (Peak 570.77M) | Time:00:00.94 | Mem:0.00M, Peak:0.00M | Scene, ViewLayer | Synchronizing object | Fan ceiling stem.003
Fra:1 Mem:570.78M (Peak 570.78M) | Time:00:00.94 | Mem:0.00M, Peak:0.00M | Scene, ViewLayer | Synchronizing object | Fan pressed ceiling flange.003
Fra:1 Mem:570.78M (Peak 570.78M) | Time:00:00.94 | Mem:0.00M, Peak:0.00M | Scene, ViewLayer | Synchronizing object | Fan round motor housing.003
Fra:1 Mem:570.79M (Peak 570.79M) | Time:00:00.94 | Mem:0.00M, Peak:0.00M | Scene, ViewLayer | Synchronizing object | Fan concentric safety grille.018
Fra:1 Mem:570.82M (Peak 570.82M) | Time:00:00.94 | Mem:0.00M, Peak:0.00M | Scene, ViewLayer | Synchronizing object | Fan concentric safety grille.019
Fra:1 Mem:570.84M (Peak 570.84M) | Time:00:00.94 | Mem:0.00M, Peak:0.00M | Scene, ViewLayer | Synchronizing object | Fan centre decorative cap.014
Fra:1 Mem:570.91M (Peak 570.91M) | Time:00:00.94 | Mem:0.00M, Peak:0.00M | Scene, ViewLayer | Synchronizing object | Fan swept three blade rotor.044
Fra:1 Mem:570.92M (Peak 570.92M) | Time:00:00.94 | Mem:0.00M, Peak:0.00M | Scene, ViewLayer | Synchronizing object | Fan swept three blade rotor.043
Fra:1 Mem:570.92M (Peak 570.92M) | Time:00:00.94 | Mem:0.00M, Peak:0.00M | Scene, ViewLayer | Synchronizing object | Fan swept three blade rotor.042
Fra:1 Mem:570.93M (Peak 570.93M) | Time:00:00.94 | Mem:0.00M, Peak:0.00M | Scene, ViewLayer | Synchronizing object | Fan radial cage wire.359
Fra:1 Mem:570.94M (Peak 570.94M) | Time:00:00.94 | Mem:0.00M, Peak:0.00M | Scene, ViewLayer | Synchronizing object | Fan concentric safety grille.020
Fra:1 Mem:570.95M (Peak 570.95M) | Time:00:00.94 | Mem:0.00M, Peak:0.00M | Scene, ViewLayer | Synchronizing object | Fan radial cage wire.358
Fra:1 Mem:570.98M (Peak 570.98M) | Time:00:00.94 | Mem:0.00M, Peak:0.00M | Scene, ViewLayer | Synchronizing object | Fan concentric safety grille.021
Fra:1 Mem:571.00M (Peak 571.00M) | Time:00:00.94 | Mem:0.00M, Peak:0.00M | Scene, ViewLayer | Synchronizing object | Fan radial cage wire.357
Fra:1 Mem:571.03M (Peak 571.03M) | Time:00:00.94 | Mem:0.00M, Peak:0.00M | Scene, ViewLayer | Synchronizing object | Fan radial cage wire.356
Fra:1 Mem:571.05M (Peak 571.05M) | Time:00:00.94 | Mem:0.00M, Peak:0.00M | Scene, ViewLayer | Synchronizing object | Fan radial cage wire.355
Fra:1 Mem:571.06M (Peak 571.06M) | Time:00:00.94 | Mem:0.00M, Peak:0.00M | Scene, ViewLayer | Synchronizing object | Fan concentric safety grille.022
Fra:1 Mem:571.08M (Peak 571.08M) | Time:00:00.94 | Mem:0.00M, Peak:0.00M | Scene, ViewLayer | Synchronizing object | Fan concentric safety grille.023
Fra:1 Mem:571.10M (Peak 571.10M) | Time:00:00.94 | Mem:0.00M, Peak:0.00M | Scene, ViewLayer | Synchronizing object | Fan radial cage wire.354
Fra:1 Mem:571.16M (Peak 571.16M) | Time:00:00.94 | Mem:0.00M, Peak:0.00M | Scene, ViewLayer | Synchronizing object | Fan radial cage wire.353
Fra:1 Mem:571.19M (Peak 571.19M) | Time:00:00.94 | Mem:0.00M, Peak:0.00M | Scene, ViewLayer | Synchronizing object | Fan radial cage wire.352
Fra:1 Mem:571.21M (Peak 571.21M) | Time:00:00.94 | Mem:0.00M, Peak:0.00M | Scene, ViewLayer | Synchronizing object | Fan radial cage wire.351
Fra:1 Mem:571.22M (Peak 571.22M) | Time:00:00.94 | Mem:0.00M, Peak:0.00M | Scene, ViewLayer | Synchronizing object | Fan radial cage wire.072
Fra:1 Mem:571.22M (Peak 571.22M) | Time:00:00.94 | Mem:0.00M, Peak:0.00M | Scene, ViewLayer | Synchronizing object | Fan radial cage wire.073
Fra:1 Mem:571.22M (Peak 571.22M) | Time:00:00.94 | Mem:0.00M, Peak:0.00M | Scene, ViewLayer | Synchronizing object | Fan radial cage wire.350
Fra:1 Mem:571.22M (Peak 571.22M) | Time:00:00.94 | Mem:0.00M, Peak:0.00M | Scene, ViewLayer | Synchronizing object | Fan radial cage wire.074
Fra:1 Mem:571.23M (Peak 571.23M) | Time:00:00.94 | Mem:0.00M, Peak:0.00M | Scene, ViewLayer | Synchronizing object | Fan radial cage wire.075
Fra:1 Mem:571.24M (Peak 571.24M) | Time:00:00.94 | Mem:0.00M, Peak:0.00M | Scene, ViewLayer | Synchronizing object | Fan radial cage wire.076
Fra:1 Mem:571.24M (Peak 571.24M) | Time:00:00.94 | Mem:0.00M, Peak:0.00M | Scene, ViewLayer | Synchronizing object | Fan radial cage wire.077
Fra:1 Mem:571.26M (Peak 571.26M) | Time:00:00.94 | Mem:0.00M, Peak:0.00M | Scene, ViewLayer | Synchronizing object | Fan radial cage wire.078
Fra:1 Mem:571.26M (Peak 571.26M) | Time:00:00.94 | Mem:0.00M, Peak:0.00M | Scene, ViewLayer | Synchronizing object | Fan radial cage wire.080
Fra:1 Mem:571.27M (Peak 571.27M) | Time:00:00.94 | Mem:0.00M, Peak:0.00M | Scene, ViewLayer | Synchronizing object | Fan radial cage wire.081
Fra:1 Mem:571.28M (Peak 571.28M) | Time:00:00.94 | Mem:0.00M, Peak:0.00M | Scene, ViewLayer | Synchronizing object | Fan radial cage wire.082
Fra:1 Mem:571.28M (Peak 571.28M) | Time:00:00.94 | Mem:0.00M, Peak:0.00M | Scene, ViewLayer | Synchronizing object | Fan radial cage wire.083
Fra:1 Mem:571.28M (Peak 571.28M) | Time:00:00.94 | Mem:0.00M, Peak:0.00M | Scene, ViewLayer | Synchronizing object | Fan radial cage wire.084
Fra:1 Mem:571.30M (Peak 571.30M) | Time:00:00.94 | Mem:0.00M, Peak:0.00M | Scene, ViewLayer | Synchronizing object | Fan radial cage wire.085
Fra:1 Mem:571.31M (Peak 571.31M) | Time:00:00.94 | Mem:0.00M, Peak:0.00M | Scene, ViewLayer | Synchronizing object | Fan radial cage wire.086
Fra:1 Mem:571.31M (Peak 571.31M) | Time:00:00.94 | Mem:0.00M, Peak:0.00M | Scene, ViewLayer | Synchronizing object | Fan radial cage wire.346
Fra:1 Mem:571.31M (Peak 571.31M) | Time:00:00.94 | Mem:0.00M, Peak:0.00M | Scene, ViewLayer | Synchronizing object | Fan radial cage wire.088
Fra:1 Mem:571.34M (Peak 571.34M) | Time:00:00.94 | Mem:0.00M, Peak:0.00M | Scene, ViewLayer | Synchronizing object | Fan radial cage wire.345
Fra:1 Mem:571.33M (Peak 571.34M) | Time:00:00.94 | Mem:0.00M, Peak:0.00M | Scene, ViewLayer | Synchronizing object | Fan radial cage wire.089
Fra:1 Mem:571.34M (Peak 571.34M) | Time:00:00.94 | Mem:0.00M, Peak:0.00M | Scene, ViewLayer | Synchronizing object | Fan radial cage wire.091
Fra:1 Mem:571.36M (Peak 571.36M) | Time:00:00.94 | Mem:0.00M, Peak:0.00M | Scene, ViewLayer | Synchronizing object | Fan radial cage wire.344
Fra:1 Mem:571.36M (Peak 571.36M) | Time:00:00.94 | Mem:0.00M, Peak:0.00M | Scene, ViewLayer | Synchronizing object | Fan radial cage wire.092
Fra:1 Mem:571.36M (Peak 571.36M) | Time:00:00.94 | Mem:0.00M, Peak:0.00M | Scene, ViewLayer | Synchronizing object | Fan radial cage wire.093
Fra:1 Mem:571.36M (Peak 571.36M) | Time:00:00.94 | Mem:0.00M, Peak:0.00M | Scene, ViewLayer | Synchronizing object | Fan radial cage wire.343
Fra:1 Mem:571.37M (Peak 571.37M) | Time:00:00.94 | Mem:0.00M, Peak:0.00M | Scene, ViewLayer | Synchronizing object | Fan radial cage wire.094
Fra:1 Mem:571.37M (Peak 571.37M) | Time:00:00.94 | Mem:0.00M, Peak:0.00M | Scene, ViewLayer | Synchronizing object | Fan radial cage wire.095
Fra:1 Mem:571.38M (Peak 571.38M) | Time:00:00.94 | Mem:0.00M, Peak:0.00M | Scene, ViewLayer | Synchronizing object | Fan swept three blade rotor.009
Fra:1 Mem:571.40M (Peak 571.40M) | Time:00:00.94 | Mem:0.00M, Peak:0.00M | Scene, ViewLayer | Synchronizing object | Fan radial cage wire.342
Fra:1 Mem:571.38M (Peak 571.40M) | Time:00:00.94 | Mem:0.00M, Peak:0.00M | Scene, ViewLayer | Synchronizing object | Fan swept three blade rotor.010
Fra:1 Mem:571.39M (Peak 571.40M) | Time:00:00.94 | Mem:0.00M, Peak:0.00M | Scene, ViewLayer | Synchronizing object | Fan centre decorative cap.003
Fra:1 Mem:571.40M (Peak 571.40M) | Time:00:00.94 | Mem:0.00M, Peak:0.00M | Scene, ViewLayer | Synchronizing object | Fan radial cage wire.341
Fra:1 Mem:571.41M (Peak 571.41M) | Time:00:00.94 | Mem:0.00M, Peak:0.00M | Scene, ViewLayer | Synchronizing object | Fan grille locking clip.012
Fra:1 Mem:571.41M (Peak 571.41M) | Time:00:00.94 | Mem:0.00M, Peak:0.00M | Scene, ViewLayer | Synchronizing object | Fan grille locking clip.013
Fra:1 Mem:571.41M (Peak 571.41M) | Time:00:00.94 | Mem:0.00M, Peak:0.00M | Scene, ViewLayer | Synchronizing object | Fan radial cage wire.340
Fra:1 Mem:571.43M (Peak 571.43M) | Time:00:00.94 | Mem:0.00M, Peak:0.00M | Scene, ViewLayer | Synchronizing object | Fan grille locking clip.015
Fra:1 Mem:571.43M (Peak 571.43M) | Time:00:00.94 | Mem:0.00M, Peak:0.00M | Scene, ViewLayer | Synchronizing object | Fan radial cage wire.339
Fra:1 Mem:571.46M (Peak 571.46M) | Time:00:00.94 | Mem:0.00M, Peak:0.00M | Scene, ViewLayer | Synchronizing object | Fan radial cage wire.338
Fra:1 Mem:571.47M (Peak 571.47M) | Time:00:00.94 | Mem:0.00M, Peak:0.00M | Scene, ViewLayer | Synchronizing object | GS three-person bench_stitched_edge_welt.006
Fra:1 Mem:571.50M (Peak 571.50M) | Time:00:00.94 | Mem:0.00M, Peak:0.00M | Scene, ViewLayer | Synchronizing object | Fan radial cage wire.337
Fra:1 Mem:571.51M (Peak 571.51M) | Time:00:00.94 | Mem:0.00M, Peak:0.00M | Scene, ViewLayer | Synchronizing object | GS three-person bench_subtle_cover_stitch.012
Fra:1 Mem:571.52M (Peak 571.52M) | Time:00:00.94 | Mem:0.00M, Peak:0.00M | Scene, ViewLayer | Synchronizing object | Fan radial cage wire.336
Fra:1 Mem:571.53M (Peak 571.53M) | Time:00:00.94 | Mem:0.00M, Peak:0.00M | Scene, ViewLayer | Synchronizing object | GS three-person bench_subtle_cover_stitch.013
Fra:1 Mem:571.54M (Peak 571.54M) | Time:00:00.94 | Mem:0.00M, Peak:0.00M | Scene, ViewLayer | Synchronizing object | GS full-width bench backrest.006
Fra:1 Mem:571.56M (Peak 571.56M) | Time:00:00.94 | Mem:0.00M, Peak:0.00M | Scene, ViewLayer | Synchronizing object | Fan concentric safety grille.089
Fra:1 Mem:571.57M (Peak 571.57M) | Time:00:00.94 | Mem:0.00M, Peak:0.00M | Scene, ViewLayer | Synchronizing object | GS three-person bench.007
Fra:1 Mem:571.58M (Peak 571.58M) | Time:00:00.94 | Mem:0.00M, Peak:0.00M | Scene, ViewLayer | Synchronizing object | GS three-person bench_stitched_edge_welt.007
Fra:1 Mem:571.61M (Peak 571.61M) | Time:00:00.94 | Mem:0.00M, Peak:0.00M | Scene, ViewLayer | Synchronizing object | GS three-person bench_subtle_cover_stitch.014
Fra:1 Mem:571.67M (Peak 571.67M) | Time:00:00.94 | Mem:0.00M, Peak:0.00M | Scene, ViewLayer | Synchronizing object | GS three-person bench_subtle_cover_stitch.015
Fra:1 Mem:571.70M (Peak 571.70M) | Time:00:00.94 | Mem:0.00M, Peak:0.00M | Scene, ViewLayer | Synchronizing object | GS full-width bench backrest.007
Fra:1 Mem:571.71M (Peak 571.71M) | Time:00:00.94 | Mem:0.00M, Peak:0.00M | Scene, ViewLayer | Synchronizing object | Fan concentric safety grille.088
Fra:1 Mem:571.73M (Peak 571.73M) | Time:00:00.94 | Mem:0.00M, Peak:0.00M | Scene, ViewLayer | Synchronizing object | Seat support post.018
Fra:1 Mem:571.73M (Peak 571.73M) | Time:00:00.94 | Mem:0.00M, Peak:0.00M | Scene, ViewLayer | Synchronizing object | Seat support post.019
Fra:1 Mem:571.73M (Peak 571.73M) | Time:00:00.94 | Mem:0.00M, Peak:0.00M | Scene, ViewLayer | Synchronizing object | Seat support post.020
Fra:1 Mem:571.77M (Peak 571.77M) | Time:00:00.94 | Mem:0.00M, Peak:0.00M | Scene, ViewLayer | Synchronizing object | Seat support post.021
Fra:1 Mem:571.78M (Peak 571.78M) | Time:00:00.94 | Mem:0.00M, Peak:0.00M | Scene, ViewLayer | Synchronizing object | Seat support post.023
Fra:1 Mem:571.78M (Peak 571.78M) | Time:00:00.94 | Mem:0.00M, Peak:0.00M | Scene, ViewLayer | Synchronizing object | GS three-person bench.008
Fra:1 Mem:571.80M (Peak 571.80M) | Time:00:00.94 | Mem:0.00M, Peak:0.00M | Scene, ViewLayer | Synchronizing object | GS three-person bench_stitched_edge_welt.008
Fra:1 Mem:571.84M (Peak 571.84M) | Time:00:00.94 | Mem:0.00M, Peak:0.00M | Scene, ViewLayer | Synchronizing object | Fan concentric safety grille.087
Fra:1 Mem:571.90M (Peak 571.90M) | Time:00:00.94 | Mem:0.00M, Peak:0.00M | Scene, ViewLayer | Synchronizing object | GS three-person bench_subtle_cover_stitch.016
Fra:1 Mem:571.91M (Peak 571.91M) | Time:00:00.94 | Mem:0.00M, Peak:0.00M | Scene, ViewLayer | Synchronizing object | GS three-person bench_subtle_cover_stitch.017
Fra:1 Mem:571.92M (Peak 571.92M) | Time:00:00.94 | Mem:0.00M, Peak:0.00M | Scene, ViewLayer | Synchronizing object | GS full-width bench backrest.008
Fra:1 Mem:571.93M (Peak 571.93M) | Time:00:00.94 | Mem:0.00M, Peak:0.00M | Scene, ViewLayer | Synchronizing object | GS three-person bench.009
Fra:1 Mem:571.97M (Peak 571.97M) | Time:00:00.94 | Mem:0.00M, Peak:0.00M | Scene, ViewLayer | Synchronizing object | Fan concentric safety grille.086
Fra:1 Mem:571.98M (Peak 571.98M) | Time:00:00.94 | Mem:0.00M, Peak:0.00M | Scene, ViewLayer | Synchronizing object | GS three-person bench_stitched_edge_welt.009
Fra:1 Mem:571.99M (Peak 571.99M) | Time:00:00.94 | Mem:0.00M, Peak:0.00M | Scene, ViewLayer | Synchronizing object | GS three-person bench_subtle_cover_stitch.018
Fra:1 Mem:572.06M (Peak 572.06M) | Time:00:00.94 | Mem:0.00M, Peak:0.00M | Scene, ViewLayer | Synchronizing object | GS three-person bench_subtle_cover_stitch.019
Fra:1 Mem:572.09M (Peak 572.09M) | Time:00:00.94 | Mem:0.00M, Peak:0.00M | Scene, ViewLayer | Synchronizing object | GS full-width bench backrest.009
Fra:1 Mem:572.09M (Peak 572.09M) | Time:00:00.94 | Mem:0.00M, Peak:0.00M | Scene, ViewLayer | Synchronizing object | Seat support post.024
Fra:1 Mem:572.10M (Peak 572.10M) | Time:00:00.94 | Mem:0.00M, Peak:0.00M | Scene, ViewLayer | Synchronizing object | Seat support post.025
Fra:1 Mem:572.11M (Peak 572.11M) | Time:00:00.94 | Mem:0.00M, Peak:0.00M | Scene, ViewLayer | Synchronizing object | Seat support post.026
Fra:1 Mem:572.12M (Peak 572.12M) | Time:00:00.94 | Mem:0.00M, Peak:0.00M | Scene, ViewLayer | Synchronizing object | Fan concentric safety grille.085
Fra:1 Mem:572.12M (Peak 572.12M) | Time:00:00.94 | Mem:0.00M, Peak:0.00M | Scene, ViewLayer | Synchronizing object | Seat support post.027
Fra:1 Mem:572.13M (Peak 572.13M) | Time:00:00.94 | Mem:0.00M, Peak:0.00M | Scene, ViewLayer | Synchronizing object | Seat support post.028
Fra:1 Mem:572.13M (Peak 572.13M) | Time:00:00.94 | Mem:0.00M, Peak:0.00M | Scene, ViewLayer | Synchronizing object | Seat support post.029
Fra:1 Mem:572.16M (Peak 572.16M) | Time:00:00.94 | Mem:0.00M, Peak:0.00M | Scene, ViewLayer | Synchronizing object | Bench foot rail.004
Fra:1 Mem:572.17M (Peak 572.17M) | Time:00:00.94 | Mem:0.00M, Peak:0.00M | Scene, ViewLayer | Synchronizing object | Fan ceiling stem.004
Fra:1 Mem:572.18M (Peak 572.18M) | Time:00:00.94 | Mem:0.00M, Peak:0.00M | Scene, ViewLayer | Synchronizing object | Fan pressed ceiling flange.004
Fra:1 Mem:572.20M (Peak 572.20M) | Time:00:00.94 | Mem:0.00M, Peak:0.00M | Scene, ViewLayer | Synchronizing object | Fan round motor housing.004
Fra:1 Mem:572.20M (Peak 572.20M) | Time:00:00.94 | Mem:0.00M, Peak:0.00M | Scene, ViewLayer | Synchronizing object | Fan concentric safety grille.024
Fra:1 Mem:572.22M (Peak 572.22M) | Time:00:00.94 | Mem:0.00M, Peak:0.00M | Scene, ViewLayer | Synchronizing object | Fan concentric safety grille.084
Fra:1 Mem:572.26M (Peak 572.26M) | Time:00:00.94 | Mem:0.00M, Peak:0.00M | Scene, ViewLayer | Synchronizing object | Fan concentric safety grille.025
Fra:1 Mem:572.30M (Peak 572.30M) | Time:00:00.94 | Mem:0.00M, Peak:0.00M | Scene, ViewLayer | Synchronizing object | Fan concentric safety grille.026
Fra:1 Mem:572.43M (Peak 572.43M) | Time:00:00.94 | Mem:0.00M, Peak:0.00M | Scene, ViewLayer | Synchronizing object | Fan concentric safety grille.027
Fra:1 Mem:572.44M (Peak 572.44M) | Time:00:00.94 | Mem:0.00M, Peak:0.00M | Scene, ViewLayer | Synchronizing object | Fan round motor housing.014
Fra:1 Mem:572.49M (Peak 572.49M) | Time:00:00.94 | Mem:0.00M, Peak:0.00M | Scene, ViewLayer | Synchronizing object | Fan concentric safety grille.028
Fra:1 Mem:572.50M (Peak 572.50M) | Time:00:00.94 | Mem:0.00M, Peak:0.00M | Scene, ViewLayer | Synchronizing object | Fan pressed ceiling flange.014
Fra:1 Mem:572.56M (Peak 572.56M) | Time:00:00.94 | Mem:0.00M, Peak:0.00M | Scene, ViewLayer | Synchronizing object | Fan ceiling stem.014
Fra:1 Mem:572.57M (Peak 572.57M) | Time:00:00.94 | Mem:0.00M, Peak:0.00M | Scene, ViewLayer | Synchronizing object | Fan concentric safety grille.029
Fra:1 Mem:572.59M (Peak 572.59M) | Time:00:00.94 | Mem:0.00M, Peak:0.00M | Scene, ViewLayer | Synchronizing object | Bench foot rail.015
Fra:1 Mem:572.60M (Peak 572.60M) | Time:00:00.94 | Mem:0.00M, Peak:0.00M | Scene, ViewLayer | Synchronizing object | Fan radial cage wire.096
Fra:1 Mem:572.62M (Peak 572.62M) | Time:00:00.94 | Mem:0.00M, Peak:0.00M | Scene, ViewLayer | Synchronizing object | Bench foot rail.014
Fra:1 Mem:572.64M (Peak 572.64M) | Time:00:00.94 | Mem:0.00M, Peak:0.00M | Scene, ViewLayer | Synchronizing object | Seat support post.089
Fra:1 Mem:572.64M (Peak 572.64M) | Time:00:00.94 | Mem:0.00M, Peak:0.00M | Scene, ViewLayer | Synchronizing object | Fan radial cage wire.097
Fra:1 Mem:572.65M (Peak 572.65M) | Time:00:00.94 | Mem:0.00M, Peak:0.00M | Scene, ViewLayer | Synchronizing object | Fan radial cage wire.098
Fra:1 Mem:572.66M (Peak 572.66M) | Time:00:00.94 | Mem:0.00M, Peak:0.00M | Scene, ViewLayer | Synchronizing object | Seat support post.088
Fra:1 Mem:572.66M (Peak 572.66M) | Time:00:00.94 | Mem:0.00M, Peak:0.00M | Scene, ViewLayer | Synchronizing object | Fan radial cage wire.099
Fra:1 Mem:572.67M (Peak 572.67M) | Time:00:00.94 | Mem:0.00M, Peak:0.00M | Scene, ViewLayer | Synchronizing object | Fan radial cage wire.100
Fra:1 Mem:572.67M (Peak 572.67M) | Time:00:00.94 | Mem:0.00M, Peak:0.00M | Scene, ViewLayer | Synchronizing object | Seat support post.087
Fra:1 Mem:572.67M (Peak 572.67M) | Time:00:00.94 | Mem:0.00M, Peak:0.00M | Scene, ViewLayer | Synchronizing object | Fan radial cage wire.101
Fra:1 Mem:572.69M (Peak 572.69M) | Time:00:00.94 | Mem:0.00M, Peak:0.00M | Scene, ViewLayer | Synchronizing object | Seat support post.086
Fra:1 Mem:572.69M (Peak 572.69M) | Time:00:00.94 | Mem:0.00M, Peak:0.00M | Scene, ViewLayer | Synchronizing object | Fan radial cage wire.102
Fra:1 Mem:572.69M (Peak 572.69M) | Time:00:00.94 | Mem:0.00M, Peak:0.00M | Scene, ViewLayer | Synchronizing object | Fan radial cage wire.103
Fra:1 Mem:572.71M (Peak 572.71M) | Time:00:00.94 | Mem:0.00M, Peak:0.00M | Scene, ViewLayer | Synchronizing object | Seat support post.085
Fra:1 Mem:572.71M (Peak 572.71M) | Time:00:00.94 | Mem:0.00M, Peak:0.00M | Scene, ViewLayer | Synchronizing object | Fan radial cage wire.104
Fra:1 Mem:572.71M (Peak 572.71M) | Time:00:00.94 | Mem:0.00M, Peak:0.00M | Scene, ViewLayer | Synchronizing object | Fan radial cage wire.105
Fra:1 Mem:572.71M (Peak 572.71M) | Time:00:00.94 | Mem:0.00M, Peak:0.00M | Scene, ViewLayer | Synchronizing object | Fan radial cage wire.106
Fra:1 Mem:572.71M (Peak 572.71M) | Time:00:00.94 | Mem:0.00M, Peak:0.00M | Scene, ViewLayer | Synchronizing object | Seat support post.084
Fra:1 Mem:572.72M (Peak 572.72M) | Time:00:00.94 | Mem:0.00M, Peak:0.00M | Scene, ViewLayer | Synchronizing object | Fan radial cage wire.107
Fra:1 Mem:572.73M (Peak 572.73M) | Time:00:00.94 | Mem:0.00M, Peak:0.00M | Scene, ViewLayer | Synchronizing object | Fan radial cage wire.108
Fra:1 Mem:572.73M (Peak 572.73M) | Time:00:00.94 | Mem:0.00M, Peak:0.00M | Scene, ViewLayer | Synchronizing object | Fan radial cage wire.109
Fra:1 Mem:572.73M (Peak 572.73M) | Time:00:00.94 | Mem:0.00M, Peak:0.00M | Scene, ViewLayer | Synchronizing object | Fan radial cage wire.110
Fra:1 Mem:572.75M (Peak 572.75M) | Time:00:00.94 | Mem:0.00M, Peak:0.00M | Scene, ViewLayer | Synchronizing object | Fan radial cage wire.111
Fra:1 Mem:572.76M (Peak 572.76M) | Time:00:00.94 | Mem:0.00M, Peak:0.00M | Scene, ViewLayer | Synchronizing object | GS three-person bench_subtle_cover_stitch.059
Fra:1 Mem:572.76M (Peak 572.76M) | Time:00:00.94 | Mem:0.00M, Peak:0.00M | Scene, ViewLayer | Synchronizing object | Fan radial cage wire.113
Fra:1 Mem:572.77M (Peak 572.77M) | Time:00:00.94 | Mem:0.00M, Peak:0.00M | Scene, ViewLayer | Synchronizing object | Fan radial cage wire.114
Fra:1 Mem:572.79M (Peak 572.79M) | Time:00:00.94 | Mem:0.00M, Peak:0.00M | Scene, ViewLayer | Synchronizing object | Fan radial cage wire.115
Fra:1 Mem:572.79M (Peak 572.79M) | Time:00:00.94 | Mem:0.00M, Peak:0.00M | Scene, ViewLayer | Synchronizing object | GS three-person bench_subtle_cover_stitch.058
Fra:1 Mem:572.80M (Peak 572.80M) | Time:00:00.94 | Mem:0.00M, Peak:0.00M | Scene, ViewLayer | Synchronizing object | Fan radial cage wire.117
Fra:1 Mem:572.81M (Peak 572.81M) | Time:00:00.94 | Mem:0.00M, Peak:0.00M | Scene, ViewLayer | Synchronizing object | Fan radial cage wire.118
Fra:1 Mem:572.82M (Peak 572.82M) | Time:00:00.94 | Mem:0.00M, Peak:0.00M | Scene, ViewLayer | Synchronizing object | GS three-person bench_stitched_edge_welt.029
Fra:1 Mem:572.83M (Peak 572.83M) | Time:00:00.94 | Mem:0.00M, Peak:0.00M | Scene, ViewLayer | Synchronizing object | Fan radial cage wire.119
Fra:1 Mem:572.84M (Peak 572.84M) | Time:00:00.94 | Mem:0.00M, Peak:0.00M | Scene, ViewLayer | Synchronizing object | Fan swept three blade rotor.013
Fra:1 Mem:572.87M (Peak 572.87M) | Time:00:00.94 | Mem:0.00M, Peak:0.00M | Scene, ViewLayer | Synchronizing object | Fan swept three blade rotor.014
Fra:1 Mem:572.86M (Peak 572.87M) | Time:00:00.94 | Mem:0.00M, Peak:0.00M | Scene, ViewLayer | Synchronizing object | Fan centre decorative cap.004
Fra:1 Mem:572.86M (Peak 572.87M) | Time:00:00.94 | Mem:0.00M, Peak:0.00M | Scene, ViewLayer | Synchronizing object | GS three-person bench.029
Fra:1 Mem:572.87M (Peak 572.87M) | Time:00:00.94 | Mem:0.00M, Peak:0.00M | Scene, ViewLayer | Synchronizing object | Fan grille locking clip.016
Fra:1 Mem:572.89M (Peak 572.89M) | Time:00:00.94 | Mem:0.00M, Peak:0.00M | Scene, ViewLayer | Synchronizing object | Fan grille locking clip.017
Fra:1 Mem:572.90M (Peak 572.90M) | Time:00:00.94 | Mem:0.00M, Peak:0.00M | Scene, ViewLayer | Synchronizing object | Fan grille locking clip.018
Fra:1 Mem:572.92M (Peak 572.92M) | Time:00:00.94 | Mem:0.00M, Peak:0.00M | Scene, ViewLayer | Synchronizing object | Fan grille locking clip.019
Fra:1 Mem:572.93M (Peak 572.93M) | Time:00:00.94 | Mem:0.00M, Peak:0.00M | Scene, ViewLayer | Synchronizing object | Fan ceiling stem.005
Fra:1 Mem:572.94M (Peak 572.94M) | Time:00:00.94 | Mem:0.00M, Peak:0.00M | Scene, ViewLayer | Synchronizing object | Fan pressed ceiling flange.005
Fra:1 Mem:572.94M (Peak 572.94M) | Time:00:00.94 | Mem:0.00M, Peak:0.00M | Scene, ViewLayer | Synchronizing object | GS full-width bench backrest.028
Fra:1 Mem:572.95M (Peak 572.95M) | Time:00:00.94 | Mem:0.00M, Peak:0.00M | Scene, ViewLayer | Synchronizing object | Fan round motor housing.005
Fra:1 Mem:572.96M (Peak 572.96M) | Time:00:00.94 | Mem:0.00M, Peak:0.00M | Scene, ViewLayer | Synchronizing object | Fan concentric safety grille.030
Fra:1 Mem:572.98M (Peak 572.98M) | Time:00:00.94 | Mem:0.00M, Peak:0.00M | Scene, ViewLayer | Synchronizing object | GS three-person bench_subtle_cover_stitch.057
Fra:1 Mem:573.01M (Peak 573.01M) | Time:00:00.94 | Mem:0.00M, Peak:0.00M | Scene, ViewLayer | Synchronizing object | Fan concentric safety grille.031
Fra:1 Mem:573.03M (Peak 573.03M) | Time:00:00.94 | Mem:0.00M, Peak:0.00M | Scene, ViewLayer | Synchronizing object | Fan concentric safety grille.032
Fra:1 Mem:573.08M (Peak 573.08M) | Time:00:00.94 | Mem:0.00M, Peak:0.00M | Scene, ViewLayer | Synchronizing object | GS three-person bench_subtle_cover_stitch.056
Fra:1 Mem:573.14M (Peak 573.14M) | Time:00:00.94 | Mem:0.00M, Peak:0.00M | Scene, ViewLayer | Synchronizing object | GS three-person bench_stitched_edge_welt.028
Fra:1 Mem:573.19M (Peak 573.19M) | Time:00:00.94 | Mem:0.00M, Peak:0.00M | Scene, ViewLayer | Synchronizing object | Fan concentric safety grille.033
Fra:1 Mem:573.20M (Peak 573.20M) | Time:00:00.94 | Mem:0.00M, Peak:0.00M | Scene, ViewLayer | Synchronizing object | Fan concentric safety grille.034
Fra:1 Mem:573.23M (Peak 573.23M) | Time:00:00.94 | Mem:0.00M, Peak:0.00M | Scene, ViewLayer | Synchronizing object | GS three-person bench.028
Fra:1 Mem:573.33M (Peak 573.33M) | Time:00:00.94 | Mem:0.00M, Peak:0.00M | Scene, ViewLayer | Synchronizing object | Fan concentric safety grille.035
Fra:1 Mem:573.35M (Peak 573.35M) | Time:00:00.94 | Mem:0.00M, Peak:0.00M | Scene, ViewLayer | Synchronizing object | Seat support post.083
Fra:1 Mem:573.38M (Peak 573.38M) | Time:00:00.94 | Mem:0.00M, Peak:0.00M | Scene, ViewLayer | Synchronizing object | Seat support post.082
Fra:1 Mem:573.39M (Peak 573.39M) | Time:00:00.94 | Mem:0.00M, Peak:0.00M | Scene, ViewLayer | Synchronizing object | Fan radial cage wire.120
Fra:1 Mem:573.40M (Peak 573.40M) | Time:00:00.94 | Mem:0.00M, Peak:0.00M | Scene, ViewLayer | Synchronizing object | Seat support post.081
Fra:1 Mem:573.40M (Peak 573.40M) | Time:00:00.94 | Mem:0.00M, Peak:0.00M | Scene, ViewLayer | Synchronizing object | Fan radial cage wire.121
Fra:1 Mem:573.41M (Peak 573.41M) | Time:00:00.94 | Mem:0.00M, Peak:0.00M | Scene, ViewLayer | Synchronizing object | Seat support post.080
Fra:1 Mem:573.41M (Peak 573.41M) | Time:00:00.94 | Mem:0.00M, Peak:0.00M | Scene, ViewLayer | Synchronizing object | Fan radial cage wire.122
Fra:1 Mem:573.42M (Peak 573.42M) | Time:00:00.94 | Mem:0.00M, Peak:0.00M | Scene, ViewLayer | Synchronizing object | Fan radial cage wire.123
Fra:1 Mem:573.43M (Peak 573.43M) | Time:00:00.94 | Mem:0.00M, Peak:0.00M | Scene, ViewLayer | Synchronizing object | Seat support post.079
Fra:1 Mem:573.43M (Peak 573.43M) | Time:00:00.94 | Mem:0.00M, Peak:0.00M | Scene, ViewLayer | Synchronizing object | Fan radial cage wire.124
Fra:1 Mem:573.44M (Peak 573.44M) | Time:00:00.94 | Mem:0.00M, Peak:0.00M | Scene, ViewLayer | Synchronizing object | Seat support post.078
Fra:1 Mem:573.44M (Peak 573.44M) | Time:00:00.94 | Mem:0.00M, Peak:0.00M | Scene, ViewLayer | Synchronizing object | Fan radial cage wire.125
Fra:1 Mem:573.44M (Peak 573.44M) | Time:00:00.94 | Mem:0.00M, Peak:0.00M | Scene, ViewLayer | Synchronizing object | Fan radial cage wire.126
Fra:1 Mem:573.45M (Peak 573.45M) | Time:00:00.94 | Mem:0.00M, Peak:0.00M | Scene, ViewLayer | Synchronizing object | GS full-width bench backrest.027
Fra:1 Mem:573.46M (Peak 573.46M) | Time:00:00.94 | Mem:0.00M, Peak:0.00M | Scene, ViewLayer | Synchronizing object | Fan radial cage wire.127
Fra:1 Mem:573.47M (Peak 573.47M) | Time:00:00.94 | Mem:0.00M, Peak:0.00M | Scene, ViewLayer | Synchronizing object | Fan radial cage wire.128
Fra:1 Mem:573.47M (Peak 573.47M) | Time:00:00.94 | Mem:0.00M, Peak:0.00M | Scene, ViewLayer | Synchronizing object | GS three-person bench_subtle_cover_stitch.055
Fra:1 Mem:573.49M (Peak 573.49M) | Time:00:00.94 | Mem:0.00M, Peak:0.00M | Scene, ViewLayer | Synchronizing object | Fan radial cage wire.129
Fra:1 Mem:573.49M (Peak 573.49M) | Time:00:00.94 | Mem:0.00M, Peak:0.00M | Scene, ViewLayer | Synchronizing object | Fan radial cage wire.131
Fra:1 Mem:573.51M (Peak 573.51M) | Time:00:00.94 | Mem:0.00M, Peak:0.00M | Scene, ViewLayer | Synchronizing object | GS three-person bench_subtle_cover_stitch.054
Fra:1 Mem:573.51M (Peak 573.51M) | Time:00:00.94 | Mem:0.00M, Peak:0.00M | Scene, ViewLayer | Synchronizing object | Fan radial cage wire.132
Fra:1 Mem:573.52M (Peak 573.52M) | Time:00:00.94 | Mem:0.00M, Peak:0.00M | Scene, ViewLayer | Synchronizing object | Fan radial cage wire.133
Fra:1 Mem:573.52M (Peak 573.52M) | Time:00:00.94 | Mem:0.00M, Peak:0.00M | Scene, ViewLayer | Synchronizing object | Fan radial cage wire.134
Fra:1 Mem:573.52M (Peak 573.52M) | Time:00:00.94 | Mem:0.00M, Peak:0.00M | Scene, ViewLayer | Synchronizing object | Fan radial cage wire.135
Fra:1 Mem:573.54M (Peak 573.54M) | Time:00:00.94 | Mem:0.00M, Peak:0.00M | Scene, ViewLayer | Synchronizing object | Fan radial cage wire.136
Fra:1 Mem:573.54M (Peak 573.54M) | Time:00:00.94 | Mem:0.00M, Peak:0.00M | Scene, ViewLayer | Synchronizing object | GS three-person bench_stitched_edge_welt.027
Fra:1 Mem:573.57M (Peak 573.57M) | Time:00:00.94 | Mem:0.00M, Peak:0.00M | Scene, ViewLayer | Synchronizing object | Fan radial cage wire.138
Fra:1 Mem:573.59M (Peak 573.59M) | Time:00:00.94 | Mem:0.00M, Peak:0.00M | Scene, ViewLayer | Synchronizing object | Fan radial cage wire.140
Fra:1 Mem:573.59M (Peak 573.59M) | Time:00:00.94 | Mem:0.00M, Peak:0.00M | Scene, ViewLayer | Synchronizing object | GS three-person bench.027
Fra:1 Mem:573.60M (Peak 573.60M) | Time:00:00.94 | Mem:0.00M, Peak:0.00M | Scene, ViewLayer | Synchronizing object | Fan radial cage wire.142
Fra:1 Mem:573.60M (Peak 573.60M) | Time:00:00.94 | Mem:0.00M, Peak:0.00M | Scene, ViewLayer | Synchronizing object | Fan radial cage wire.143
Fra:1 Mem:573.63M (Peak 573.63M) | Time:00:00.94 | Mem:0.00M, Peak:0.00M | Scene, ViewLayer | Synchronizing object | Fan swept three blade rotor.015
Fra:1 Mem:573.64M (Peak 573.64M) | Time:00:00.94 | Mem:0.00M, Peak:0.00M | Scene, ViewLayer | Synchronizing object | Fan swept three blade rotor.016
Fra:1 Mem:573.64M (Peak 573.64M) | Time:00:00.94 | Mem:0.00M, Peak:0.00M | Scene, ViewLayer | Synchronizing object | Fan centre decorative cap.005
Fra:1 Mem:573.67M (Peak 573.67M) | Time:00:00.94 | Mem:0.00M, Peak:0.00M | Scene, ViewLayer | Synchronizing object | Fan grille locking clip.020
Fra:1 Mem:573.67M (Peak 573.67M) | Time:00:00.94 | Mem:0.00M, Peak:0.00M | Scene, ViewLayer | Synchronizing object | GS full-width bench backrest.026
Fra:1 Mem:573.67M (Peak 573.67M) | Time:00:00.94 | Mem:0.00M, Peak:0.00M | Scene, ViewLayer | Synchronizing object | Fan grille locking clip.021
Fra:1 Mem:573.68M (Peak 573.68M) | Time:00:00.94 | Mem:0.00M, Peak:0.00M | Scene, ViewLayer | Synchronizing object | Fan grille locking clip.022
Fra:1 Mem:573.68M (Peak 573.68M) | Time:00:00.94 | Mem:0.00M, Peak:0.00M | Scene, ViewLayer | Synchronizing object | Fan grille locking clip.023
Fra:1 Mem:573.70M (Peak 573.70M) | Time:00:00.94 | Mem:0.00M, Peak:0.00M | Scene, ViewLayer | Synchronizing object | GS three-person bench_subtle_cover_stitch.053
Fra:1 Mem:573.70M (Peak 573.70M) | Time:00:00.94 | Mem:0.00M, Peak:0.00M | Scene, ViewLayer | Synchronizing object | GS three-person bench.010
Fra:1 Mem:573.74M (Peak 573.74M) | Time:00:00.94 | Mem:0.00M, Peak:0.00M | Scene, ViewLayer | Synchronizing object | GS three-person bench_stitched_edge_welt.010
Fra:1 Mem:573.75M (Peak 573.75M) | Time:00:00.94 | Mem:0.00M, Peak:0.00M | Scene, ViewLayer | Synchronizing object | GS three-person bench_subtle_cover_stitch.020
Fra:1 Mem:573.76M (Peak 573.76M) | Time:00:00.94 | Mem:0.00M, Peak:0.00M | Scene, ViewLayer | Synchronizing object | GS three-person bench_subtle_cover_stitch.052
Fra:1 Mem:573.81M (Peak 573.81M) | Time:00:00.94 | Mem:0.00M, Peak:0.00M | Scene, ViewLayer | Synchronizing object | GS three-person bench_subtle_cover_stitch.021
Fra:1 Mem:573.81M (Peak 573.81M) | Time:00:00.94 | Mem:0.00M, Peak:0.00M | Scene, ViewLayer | Synchronizing object | GS full-width bench backrest.010
Fra:1 Mem:573.82M (Peak 573.82M) | Time:00:00.94 | Mem:0.00M, Peak:0.00M | Scene, ViewLayer | Synchronizing object | GS three-person bench_stitched_edge_welt.026
Fra:1 Mem:573.84M (Peak 573.84M) | Time:00:00.94 | Mem:0.00M, Peak:0.00M | Scene, ViewLayer | Synchronizing object | GS three-person bench.011
Fra:1 Mem:573.85M (Peak 573.85M) | Time:00:00.94 | Mem:0.00M, Peak:0.00M | Scene, ViewLayer | Synchronizing object | GS three-person bench_stitched_edge_welt.011
Fra:1 Mem:573.86M (Peak 573.86M) | Time:00:00.94 | Mem:0.00M, Peak:0.00M | Scene, ViewLayer | Synchronizing object | GS three-person bench_subtle_cover_stitch.022
Fra:1 Mem:573.89M (Peak 573.89M) | Time:00:00.94 | Mem:0.00M, Peak:0.00M | Scene, ViewLayer | Synchronizing object | GS three-person bench.026
Fra:1 Mem:573.94M (Peak 573.94M) | Time:00:00.94 | Mem:0.00M, Peak:0.00M | Scene, ViewLayer | Synchronizing object | GS three-person bench_subtle_cover_stitch.023
Fra:1 Mem:573.96M (Peak 573.96M) | Time:00:00.94 | Mem:0.00M, Peak:0.00M | Scene, ViewLayer | Synchronizing object | GS full-width bench backrest.011
Fra:1 Mem:573.98M (Peak 573.98M) | Time:00:00.94 | Mem:0.00M, Peak:0.00M | Scene, ViewLayer | Synchronizing object | Fan grille locking clip.055
Fra:1 Mem:573.98M (Peak 573.98M) | Time:00:00.94 | Mem:0.00M, Peak:0.00M | Scene, ViewLayer | Synchronizing object | Seat support post.031
Fra:1 Mem:574.00M (Peak 574.00M) | Time:00:00.94 | Mem:0.00M, Peak:0.00M | Scene, ViewLayer | Synchronizing object | Seat support post.032
Fra:1 Mem:574.00M (Peak 574.00M) | Time:00:00.94 | Mem:0.00M, Peak:0.00M | Scene, ViewLayer | Synchronizing object | Fan grille locking clip.054
Fra:1 Mem:574.01M (Peak 574.01M) | Time:00:00.94 | Mem:0.00M, Peak:0.00M | Scene, ViewLayer | Synchronizing object | Seat support post.034
Fra:1 Mem:574.01M (Peak 574.01M) | Time:00:00.94 | Mem:0.00M, Peak:0.00M | Scene, ViewLayer | Synchronizing object | Seat support post.035
Fra:1 Mem:574.02M (Peak 574.02M) | Time:00:00.94 | Mem:0.00M, Peak:0.00M | Scene, ViewLayer | Synchronizing object | Fan grille locking clip.053
Fra:1 Mem:574.03M (Peak 574.03M) | Time:00:00.94 | Mem:0.00M, Peak:0.00M | Scene, ViewLayer | Synchronizing object | GS three-person bench.012
Fra:1 Mem:574.03M (Peak 574.03M) | Time:00:00.94 | Mem:0.00M, Peak:0.00M | Scene, ViewLayer | Synchronizing object | Fan grille locking clip.052
Fra:1 Mem:574.07M (Peak 574.07M) | Time:00:00.94 | Mem:0.00M, Peak:0.00M | Scene, ViewLayer | Synchronizing object | GS three-person bench_subtle_cover_stitch.024
Fra:1 Mem:574.09M (Peak 574.09M) | Time:00:00.94 | Mem:0.00M, Peak:0.00M | Scene, ViewLayer | Synchronizing object | Fan centre decorative cap.013
Fra:1 Mem:574.12M (Peak 574.12M) | Time:00:00.94 | Mem:0.00M, Peak:0.00M | Scene, ViewLayer | Synchronizing object | GS three-person bench_subtle_cover_stitch.025
Fra:1 Mem:574.12M (Peak 574.12M) | Time:00:00.94 | Mem:0.00M, Peak:0.00M | Scene, ViewLayer | Synchronizing object | Fan swept three blade rotor.041
Fra:1 Mem:574.14M (Peak 574.14M) | Time:00:00.94 | Mem:0.00M, Peak:0.00M | Scene, ViewLayer | Synchronizing object | GS full-width bench backrest.012
Fra:1 Mem:574.14M (Peak 574.14M) | Time:00:00.94 | Mem:0.00M, Peak:0.00M | Scene, ViewLayer | Synchronizing object | GS three-person bench.013
Fra:1 Mem:574.15M (Peak 574.15M) | Time:00:00.94 | Mem:0.00M, Peak:0.00M | Scene, ViewLayer | Synchronizing object | GS three-person bench_stitched_edge_welt.013
Fra:1 Mem:574.15M (Peak 574.15M) | Time:00:00.94 | Mem:0.00M, Peak:0.00M | Scene, ViewLayer | Synchronizing object | GS three-person bench_subtle_cover_stitch.026
Fra:1 Mem:574.19M (Peak 574.19M) | Time:00:00.94 | Mem:0.00M, Peak:0.00M | Scene, ViewLayer | Synchronizing object | Fan swept three blade rotor.039
Fra:1 Mem:574.20M (Peak 574.20M) | Time:00:00.94 | Mem:0.00M, Peak:0.00M | Scene, ViewLayer | Synchronizing object | Fan radial cage wire.335
Fra:1 Mem:574.22M (Peak 574.22M) | Time:00:00.94 | Mem:0.00M, Peak:0.00M | Scene, ViewLayer | Synchronizing object | GS three-person bench_subtle_cover_stitch.027
Fra:1 Mem:574.23M (Peak 574.23M) | Time:00:00.94 | Mem:0.00M, Peak:0.00M | Scene, ViewLayer | Synchronizing object | GS full-width bench backrest.013
Fra:1 Mem:574.26M (Peak 574.26M) | Time:00:00.94 | Mem:0.00M, Peak:0.00M | Scene, ViewLayer | Synchronizing object | Seat support post.036
Fra:1 Mem:574.26M (Peak 574.26M) | Time:00:00.94 | Mem:0.00M, Peak:0.00M | Scene, ViewLayer | Synchronizing object | Seat support post.038
Fra:1 Mem:574.27M (Peak 574.27M) | Time:00:00.94 | Mem:0.00M, Peak:0.00M | Scene, ViewLayer | Synchronizing object | Seat support post.039
Fra:1 Mem:574.28M (Peak 574.28M) | Time:00:00.94 | Mem:0.00M, Peak:0.00M | Scene, ViewLayer | Synchronizing object | Fan radial cage wire.332
Fra:1 Mem:574.28M (Peak 574.28M) | Time:00:00.94 | Mem:0.00M, Peak:0.00M | Scene, ViewLayer | Synchronizing object | Seat support post.041
Fra:1 Mem:574.28M (Peak 574.28M) | Time:00:00.94 | Mem:0.00M, Peak:0.00M | Scene, ViewLayer | Synchronizing object | Bench foot rail.006
Fra:1 Mem:574.29M (Peak 574.29M) | Time:00:00.94 | Mem:0.00M, Peak:0.00M | Scene, ViewLayer | Synchronizing object | Bench foot rail.007
Fra:1 Mem:574.29M (Peak 574.29M) | Time:00:00.94 | Mem:0.00M, Peak:0.00M | Scene, ViewLayer | Synchronizing object | Fan radial cage wire.331
Fra:1 Mem:574.31M (Peak 574.31M) | Time:00:00.94 | Mem:0.00M, Peak:0.00M | Scene, ViewLayer | Synchronizing object | Fan ceiling stem.006
Fra:1 Mem:574.30M (Peak 574.31M) | Time:00:00.94 | Mem:0.00M, Peak:0.00M | Scene, ViewLayer | Synchronizing object | Fan round motor housing.006
Fra:1 Mem:574.30M (Peak 574.31M) | Time:00:00.94 | Mem:0.00M, Peak:0.00M | Scene, ViewLayer | Synchronizing object | Fan radial cage wire.330
Fra:1 Mem:574.32M (Peak 574.32M) | Time:00:00.94 | Mem:0.00M, Peak:0.00M | Scene, ViewLayer | Synchronizing object | Fan concentric safety grille.036
Fra:1 Mem:574.32M (Peak 574.32M) | Time:00:00.94 | Mem:0.00M, Peak:0.00M | Scene, ViewLayer | Synchronizing object | Fan radial cage wire.329
Fra:1 Mem:574.37M (Peak 574.37M) | Time:00:00.94 | Mem:0.00M, Peak:0.00M | Scene, ViewLayer | Synchronizing object | Fan concentric safety grille.037
Fra:1 Mem:574.38M (Peak 574.38M) | Time:00:00.94 | Mem:0.00M, Peak:0.00M | Scene, ViewLayer | Synchronizing object | Fan concentric safety grille.038
Fra:1 Mem:574.42M (Peak 574.42M) | Time:00:00.94 | Mem:0.00M, Peak:0.00M | Scene, ViewLayer | Synchronizing object | Fan radial cage wire.328
Fra:1 Mem:574.46M (Peak 574.46M) | Time:00:00.94 | Mem:0.00M, Peak:0.00M | Scene, ViewLayer | Synchronizing object | Fan radial cage wire.327
Fra:1 Mem:574.49M (Peak 574.49M) | Time:00:00.94 | Mem:0.00M, Peak:0.00M | Scene, ViewLayer | Synchronizing object | Fan radial cage wire.326
Fra:1 Mem:574.50M (Peak 574.50M) | Time:00:00.94 | Mem:0.00M, Peak:0.00M | Scene, ViewLayer | Synchronizing object | Fan concentric safety grille.039
Fra:1 Mem:574.52M (Peak 574.52M) | Time:00:00.94 | Mem:0.00M, Peak:0.00M | Scene, ViewLayer | Synchronizing object | Fan radial cage wire.325
Fra:1 Mem:574.55M (Peak 574.55M) | Time:00:00.94 | Mem:0.00M, Peak:0.00M | Scene, ViewLayer | Synchronizing object | Fan concentric safety grille.040
Fra:1 Mem:574.60M (Peak 574.60M) | Time:00:00.94 | Mem:0.00M, Peak:0.00M | Scene, ViewLayer | Synchronizing object | Fan radial cage wire.324
Fra:1 Mem:574.62M (Peak 574.62M) | Time:00:00.94 | Mem:0.00M, Peak:0.00M | Scene, ViewLayer | Synchronizing object | Fan radial cage wire.323
Fra:1 Mem:574.63M (Peak 574.63M) | Time:00:00.94 | Mem:0.00M, Peak:0.00M | Scene, ViewLayer | Synchronizing object | Fan radial cage wire.322
Fra:1 Mem:574.65M (Peak 574.65M) | Time:00:00.94 | Mem:0.00M, Peak:0.00M | Scene, ViewLayer | Synchronizing object | Fan radial cage wire.321
Fra:1 Mem:574.67M (Peak 574.67M) | Time:00:00.94 | Mem:0.00M, Peak:0.00M | Scene, ViewLayer | Synchronizing object | Fan concentric safety grille.041
Fra:1 Mem:574.67M (Peak 574.67M) | Time:00:00.94 | Mem:0.00M, Peak:0.00M | Scene, ViewLayer | Synchronizing object | Fan radial cage wire.320
Fra:1 Mem:574.67M (Peak 574.67M) | Time:00:00.94 | Mem:0.00M, Peak:0.00M | Scene, ViewLayer | Synchronizing object | Fan radial cage wire.145
Fra:1 Mem:574.71M (Peak 574.71M) | Time:00:00.94 | Mem:0.00M, Peak:0.00M | Scene, ViewLayer | Synchronizing object | Fan radial cage wire.319
Fra:1 Mem:574.73M (Peak 574.73M) | Time:00:00.94 | Mem:0.00M, Peak:0.00M | Scene, ViewLayer | Synchronizing object | Fan radial cage wire.146
Fra:1 Mem:574.73M (Peak 574.73M) | Time:00:00.94 | Mem:0.00M, Peak:0.00M | Scene, ViewLayer | Synchronizing object | Fan radial cage wire.318
Fra:1 Mem:574.75M (Peak 574.75M) | Time:00:00.94 | Mem:0.00M, Peak:0.00M | Scene, ViewLayer | Synchronizing object | Fan radial cage wire.147
Fra:1 Mem:574.75M (Peak 574.75M) | Time:00:00.94 | Mem:0.00M, Peak:0.00M | Scene, ViewLayer | Synchronizing object | Fan radial cage wire.148
Fra:1 Mem:574.76M (Peak 574.76M) | Time:00:00.94 | Mem:0.00M, Peak:0.00M | Scene, ViewLayer | Synchronizing object | Fan radial cage wire.149
Fra:1 Mem:574.77M (Peak 574.77M) | Time:00:00.94 | Mem:0.00M, Peak:0.00M | Scene, ViewLayer | Synchronizing object | Fan radial cage wire.150
Fra:1 Mem:574.78M (Peak 574.78M) | Time:00:00.94 | Mem:0.00M, Peak:0.00M | Scene, ViewLayer | Synchronizing object | Fan radial cage wire.151
Fra:1 Mem:574.78M (Peak 574.78M) | Time:00:00.94 | Mem:0.00M, Peak:0.00M | Scene, ViewLayer | Synchronizing object | Fan radial cage wire.152
Fra:1 Mem:574.78M (Peak 574.78M) | Time:00:00.94 | Mem:0.00M, Peak:0.00M | Scene, ViewLayer | Synchronizing object | Fan radial cage wire.315
Fra:1 Mem:574.80M (Peak 574.80M) | Time:00:00.94 | Mem:0.00M, Peak:0.00M | Scene, ViewLayer | Synchronizing object | Fan radial cage wire.153
Fra:1 Mem:574.80M (Peak 574.80M) | Time:00:00.94 | Mem:0.00M, Peak:0.00M | Scene, ViewLayer | Synchronizing object | Fan radial cage wire.154
Fra:1 Mem:574.80M (Peak 574.80M) | Time:00:00.94 | Mem:0.00M, Peak:0.00M | Scene, ViewLayer | Synchronizing object | Fan radial cage wire.155
Fra:1 Mem:574.81M (Peak 574.81M) | Time:00:00.94 | Mem:0.00M, Peak:0.00M | Scene, ViewLayer | Synchronizing object | Fan radial cage wire.156
Fra:1 Mem:574.81M (Peak 574.81M) | Time:00:00.94 | Mem:0.00M, Peak:0.00M | Scene, ViewLayer | Synchronizing object | Fan radial cage wire.157
Fra:1 Mem:574.83M (Peak 574.83M) | Time:00:00.94 | Mem:0.00M, Peak:0.00M | Scene, ViewLayer | Synchronizing object | Fan radial cage wire.313
Fra:1 Mem:574.83M (Peak 574.83M) | Time:00:00.94 | Mem:0.00M, Peak:0.00M | Scene, ViewLayer | Synchronizing object | Fan radial cage wire.160
Fra:1 Mem:574.84M (Peak 574.84M) | Time:00:00.94 | Mem:0.00M, Peak:0.00M | Scene, ViewLayer | Synchronizing object | Fan radial cage wire.312
Fra:1 Mem:574.85M (Peak 574.85M) | Time:00:00.94 | Mem:0.00M, Peak:0.00M | Scene, ViewLayer | Synchronizing object | Fan concentric safety grille.083
Fra:1 Mem:574.87M (Peak 574.87M) | Time:00:00.94 | Mem:0.00M, Peak:0.00M | Scene, ViewLayer | Synchronizing object | Fan radial cage wire.161
Fra:1 Mem:574.89M (Peak 574.89M) | Time:00:00.94 | Mem:0.00M, Peak:0.00M | Scene, ViewLayer | Synchronizing object | Fan radial cage wire.163
Fra:1 Mem:574.92M (Peak 574.92M) | Time:00:00.94 | Mem:0.00M, Peak:0.00M | Scene, ViewLayer | Synchronizing object | Fan radial cage wire.164
Fra:1 Mem:574.92M (Peak 574.92M) | Time:00:00.94 | Mem:0.00M, Peak:0.00M | Scene, ViewLayer | Synchronizing object | Fan radial cage wire.165
Fra:1 Mem:574.93M (Peak 574.93M) | Time:00:00.94 | Mem:0.00M, Peak:0.00M | Scene, ViewLayer | Synchronizing object | Fan radial cage wire.166
Fra:1 Mem:574.93M (Peak 574.93M) | Time:00:00.94 | Mem:0.00M, Peak:0.00M | Scene, ViewLayer | Synchronizing object | Fan radial cage wire.167
Fra:1 Mem:574.94M (Peak 574.94M) | Time:00:00.94 | Mem:0.00M, Peak:0.00M | Scene, ViewLayer | Synchronizing object | Fan swept three blade rotor.018
Fra:1 Mem:574.95M (Peak 574.95M) | Time:00:00.94 | Mem:0.00M, Peak:0.00M | Scene, ViewLayer | Synchronizing object | Fan swept three blade rotor.019
Fra:1 Mem:574.95M (Peak 574.95M) | Time:00:00.94 | Mem:0.00M, Peak:0.00M | Scene, ViewLayer | Synchronizing object | Fan centre decorative cap.006
Fra:1 Mem:574.95M (Peak 574.95M) | Time:00:00.94 | Mem:0.00M, Peak:0.00M | Scene, ViewLayer | Synchronizing object | Fan concentric safety grille.082
Fra:1 Mem:575.00M (Peak 575.00M) | Time:00:00.94 | Mem:0.00M, Peak:0.00M | Scene, ViewLayer | Synchronizing object | Fan grille locking clip.024
Fra:1 Mem:575.00M (Peak 575.00M) | Time:00:00.94 | Mem:0.00M, Peak:0.00M | Scene, ViewLayer | Synchronizing object | Fan grille locking clip.026
Fra:1 Mem:575.04M (Peak 575.04M) | Time:00:00.94 | Mem:0.00M, Peak:0.00M | Scene, ViewLayer | Synchronizing object | Fan grille locking clip.027
Fra:1 Mem:575.04M (Peak 575.04M) | Time:00:00.94 | Mem:0.00M, Peak:0.00M | Scene, ViewLayer | Synchronizing object | Fan ceiling stem.007
Fra:1 Mem:575.05M (Peak 575.05M) | Time:00:00.94 | Mem:0.00M, Peak:0.00M | Scene, ViewLayer | Synchronizing object | Fan pressed ceiling flange.007
Fra:1 Mem:575.06M (Peak 575.06M) | Time:00:00.94 | Mem:0.00M, Peak:0.00M | Scene, ViewLayer | Synchronizing object | Fan round motor housing.007
Fra:1 Mem:575.08M (Peak 575.08M) | Time:00:00.94 | Mem:0.00M, Peak:0.00M | Scene, ViewLayer | Synchronizing object | Fan concentric safety grille.042
Fra:1 Mem:575.08M (Peak 575.08M) | Time:00:00.94 | Mem:0.00M, Peak:0.00M | Scene, ViewLayer | Synchronizing object | Fan concentric safety grille.081
Fra:1 Mem:575.14M (Peak 575.14M) | Time:00:00.94 | Mem:0.00M, Peak:0.00M | Scene, ViewLayer | Synchronizing object | Fan concentric safety grille.043
Fra:1 Mem:575.16M (Peak 575.16M) | Time:00:00.94 | Mem:0.00M, Peak:0.00M | Scene, ViewLayer | Synchronizing object | Fan concentric safety grille.044
Fra:1 Mem:575.29M (Peak 575.29M) | Time:00:00.94 | Mem:0.00M, Peak:0.00M | Scene, ViewLayer | Synchronizing object | Fan concentric safety grille.045
Fra:1 Mem:575.30M (Peak 575.30M) | Time:00:00.94 | Mem:0.00M, Peak:0.00M | Scene, ViewLayer | Synchronizing object | Fan concentric safety grille.080
Fra:1 Mem:575.37M (Peak 575.37M) | Time:00:00.94 | Mem:0.00M, Peak:0.00M | Scene, ViewLayer | Synchronizing object | Fan concentric safety grille.046
Fra:1 Mem:575.47M (Peak 575.47M) | Time:00:00.94 | Mem:0.00M, Peak:0.00M | Scene, ViewLayer | Synchronizing object | Fan concentric safety grille.047
Fra:1 Mem:575.49M (Peak 575.49M) | Time:00:00.94 | Mem:0.00M, Peak:0.00M | Scene, ViewLayer | Synchronizing object | Fan radial cage wire.168
Fra:1 Mem:575.52M (Peak 575.52M) | Time:00:00.94 | Mem:0.00M, Peak:0.00M | Scene, ViewLayer | Synchronizing object | Fan concentric safety grille.079
Fra:1 Mem:575.54M (Peak 575.54M) | Time:00:00.94 | Mem:0.00M, Peak:0.00M | Scene, ViewLayer | Synchronizing object | Fan radial cage wire.169
Fra:1 Mem:575.54M (Peak 575.54M) | Time:00:00.94 | Mem:0.00M, Peak:0.00M | Scene, ViewLayer | Synchronizing object | Fan radial cage wire.170
Fra:1 Mem:575.59M (Peak 575.59M) | Time:00:00.94 | Mem:0.00M, Peak:0.00M | Scene, ViewLayer | Synchronizing object | Fan radial cage wire.171
Fra:1 Mem:575.59M (Peak 575.59M) | Time:00:00.94 | Mem:0.00M, Peak:0.00M | Scene, ViewLayer | Synchronizing object | Fan radial cage wire.172
Fra:1 Mem:575.60M (Peak 575.61M) | Time:00:00.94 | Mem:0.00M, Peak:0.00M | Scene, ViewLayer | Synchronizing object | Fan radial cage wire.173
Fra:1 Mem:575.61M (Peak 575.61M) | Time:00:00.94 | Mem:0.00M, Peak:0.00M | Scene, ViewLayer | Synchronizing object | Fan radial cage wire.174
Fra:1 Mem:575.62M (Peak 575.62M) | Time:00:00.94 | Mem:0.00M, Peak:0.00M | Scene, ViewLayer | Synchronizing object | Fan radial cage wire.175
Fra:1 Mem:575.63M (Peak 575.63M) | Time:00:00.94 | Mem:0.00M, Peak:0.00M | Scene, ViewLayer | Synchronizing object | Fan radial cage wire.176
Fra:1 Mem:575.65M (Peak 575.65M) | Time:00:00.94 | Mem:0.00M, Peak:0.00M | Scene, ViewLayer | Synchronizing object | Fan radial cage wire.177
Fra:1 Mem:575.65M (Peak 575.65M) | Time:00:00.94 | Mem:0.00M, Peak:0.00M | Scene, ViewLayer | Synchronizing object | Fan radial cage wire.178
Fra:1 Mem:575.65M (Peak 575.65M) | Time:00:00.94 | Mem:0.00M, Peak:0.00M | Scene, ViewLayer | Synchronizing object | Fan concentric safety grille.078
Fra:1 Mem:575.67M (Peak 575.67M) | Time:00:00.94 | Mem:0.00M, Peak:0.00M | Scene, ViewLayer | Synchronizing object | Fan radial cage wire.179
Fra:1 Mem:575.70M (Peak 575.70M) | Time:00:00.94 | Mem:0.00M, Peak:0.00M | Scene, ViewLayer | Synchronizing object | Fan radial cage wire.180
Fra:1 Mem:575.71M (Peak 575.71M) | Time:00:00.94 | Mem:0.00M, Peak:0.00M | Scene, ViewLayer | Synchronizing object | Fan radial cage wire.181
Fra:1 Mem:575.72M (Peak 575.72M) | Time:00:00.94 | Mem:0.00M, Peak:0.00M | Scene, ViewLayer | Synchronizing object | Fan radial cage wire.182
Fra:1 Mem:575.72M (Peak 575.72M) | Time:00:00.94 | Mem:0.00M, Peak:0.00M | Scene, ViewLayer | Synchronizing object | Fan radial cage wire.183
Fra:1 Mem:575.74M (Peak 575.74M) | Time:00:00.94 | Mem:0.00M, Peak:0.00M | Scene, ViewLayer | Synchronizing object | Fan radial cage wire.184
Fra:1 Mem:575.74M (Peak 575.74M) | Time:00:00.94 | Mem:0.00M, Peak:0.00M | Scene, ViewLayer | Synchronizing object | Fan radial cage wire.186
Fra:1 Mem:575.75M (Peak 575.75M) | Time:00:00.94 | Mem:0.00M, Peak:0.00M | Scene, ViewLayer | Synchronizing object | Fan round motor housing.013
Fra:1 Mem:575.77M (Peak 575.77M) | Time:00:00.94 | Mem:0.00M, Peak:0.00M | Scene, ViewLayer | Synchronizing object | Fan radial cage wire.187
Fra:1 Mem:575.77M (Peak 575.77M) | Time:00:00.94 | Mem:0.00M, Peak:0.00M | Scene, ViewLayer | Synchronizing object | Fan radial cage wire.188
Fra:1 Mem:575.77M (Peak 575.77M) | Time:00:00.94 | Mem:0.00M, Peak:0.00M | Scene, ViewLayer | Synchronizing object | Fan pressed ceiling flange.013
Fra:1 Mem:575.77M (Peak 575.77M) | Time:00:00.94 | Mem:0.00M, Peak:0.00M | Scene, ViewLayer | Synchronizing object | Fan radial cage wire.190
Fra:1 Mem:575.80M (Peak 575.80M) | Time:00:00.94 | Mem:0.00M, Peak:0.00M | Scene, ViewLayer | Synchronizing object | Fan radial cage wire.191
Fra:1 Mem:575.80M (Peak 575.80M) | Time:00:00.94 | Mem:0.00M, Peak:0.00M | Scene, ViewLayer | Synchronizing object | Fan swept three blade rotor.021
Fra:1 Mem:575.80M (Peak 575.80M) | Time:00:00.94 | Mem:0.00M, Peak:0.00M | Scene, ViewLayer | Synchronizing object | Fan swept three blade rotor.022
Fra:1 Mem:575.81M (Peak 575.81M) | Time:00:00.94 | Mem:0.00M, Peak:0.00M | Scene, ViewLayer | Synchronizing object | Fan swept three blade rotor.023
Fra:1 Mem:575.83M (Peak 575.83M) | Time:00:00.94 | Mem:0.00M, Peak:0.00M | Scene, ViewLayer | Synchronizing object | Fan grille locking clip.051
Fra:1 Mem:575.83M (Peak 575.83M) | Time:00:00.94 | Mem:0.00M, Peak:0.00M | Scene, ViewLayer | Synchronizing object | Fan centre decorative cap.007
Fra:1 Mem:575.81M (Peak 575.83M) | Time:00:00.94 | Mem:0.00M, Peak:0.00M | Scene, ViewLayer | Synchronizing object | Fan grille locking clip.029
Fra:1 Mem:575.84M (Peak 575.84M) | Time:00:00.94 | Mem:0.00M, Peak:0.00M | Scene, ViewLayer | Synchronizing object | Fan grille locking clip.030
Fra:1 Mem:575.85M (Peak 575.85M) | Time:00:00.94 | Mem:0.00M, Peak:0.00M | Scene, ViewLayer | Synchronizing object | Fan grille locking clip.031
Fra:1 Mem:575.85M (Peak 575.85M) | Time:00:00.94 | Mem:0.00M, Peak:0.00M | Scene, ViewLayer | Synchronizing object | Fan grille locking clip.050
Fra:1 Mem:575.86M (Peak 575.86M) | Time:00:00.94 | Mem:0.00M, Peak:0.00M | Scene, ViewLayer | Synchronizing object | GS three-person bench_stitched_edge_welt.014
Fra:1 Mem:575.87M (Peak 575.87M) | Time:00:00.94 | Mem:0.00M, Peak:0.00M | Scene, ViewLayer | Synchronizing object | GS three-person bench_subtle_cover_stitch.028
Fra:1 Mem:575.92M (Peak 575.92M) | Time:00:00.94 | Mem:0.00M, Peak:0.00M | Scene, ViewLayer | Synchronizing object | Fan grille locking clip.049
Fra:1 Mem:575.94M (Peak 575.94M) | Time:00:00.94 | Mem:0.00M, Peak:0.00M | Scene, ViewLayer | Synchronizing object | GS three-person bench_subtle_cover_stitch.029
Fra:1 Mem:575.94M (Peak 575.94M) | Time:00:00.94 | Mem:0.00M, Peak:0.00M | Scene, ViewLayer | Synchronizing object | Fan grille locking clip.048
Fra:1 Mem:575.97M (Peak 575.97M) | Time:00:00.95 | Mem:0.00M, Peak:0.00M | Scene, ViewLayer | Synchronizing object | Fan centre decorative cap.012
Fra:1 Mem:575.98M (Peak 575.98M) | Time:00:00.95 | Mem:0.00M, Peak:0.00M | Scene, ViewLayer | Synchronizing object | GS full-width bench backrest.014
Fra:1 Mem:575.99M (Peak 575.99M) | Time:00:00.95 | Mem:0.00M, Peak:0.00M | Scene, ViewLayer | Synchronizing object | GS three-person bench.015
Fra:1 Mem:575.99M (Peak 575.99M) | Time:00:00.95 | Mem:0.00M, Peak:0.00M | Scene, ViewLayer | Synchronizing object | Fan swept three blade rotor.038
Fra:1 Mem:575.99M (Peak 575.99M) | Time:00:00.95 | Mem:0.00M, Peak:0.00M | Scene, ViewLayer | Synchronizing object | GS three-person bench_subtle_cover_stitch.030
Fra:1 Mem:576.05M (Peak 576.05M) | Time:00:00.95 | Mem:0.00M, Peak:0.00M | Scene, ViewLayer | Synchronizing object | Fan swept three blade rotor.037
Fra:1 Mem:576.05M (Peak 576.05M) | Time:00:00.95 | Mem:0.00M, Peak:0.00M | Scene, ViewLayer | Synchronizing object | Fan swept three blade rotor.036
Fra:1 Mem:576.06M (Peak 576.06M) | Time:00:00.95 | Mem:0.00M, Peak:0.00M | Scene, ViewLayer | Synchronizing object | Fan radial cage wire.311
Fra:1 Mem:576.07M (Peak 576.07M) | Time:00:00.95 | Mem:0.00M, Peak:0.00M | Scene, ViewLayer | Synchronizing object | GS full-width bench backrest.015
Fra:1 Mem:576.08M (Peak 576.08M) | Time:00:00.95 | Mem:0.00M, Peak:0.00M | Scene, ViewLayer | Synchronizing object | Fan radial cage wire.310
Fra:1 Mem:576.11M (Peak 576.11M) | Time:00:00.95 | Mem:0.00M, Peak:0.00M | Scene, ViewLayer | Synchronizing object | Seat support post.042
Fra:1 Mem:576.11M (Peak 576.11M) | Time:00:00.95 | Mem:0.00M, Peak:0.00M | Scene, ViewLayer | Synchronizing object | Seat support post.043
Fra:1 Mem:576.11M (Peak 576.11M) | Time:00:00.95 | Mem:0.00M, Peak:0.00M | Scene, ViewLayer | Synchronizing object | Seat support post.044
Fra:1 Mem:576.11M (Peak 576.11M) | Time:00:00.95 | Mem:0.00M, Peak:0.00M | Scene, ViewLayer | Synchronizing object | Seat support post.045
Fra:1 Mem:576.12M (Peak 576.12M) | Time:00:00.95 | Mem:0.00M, Peak:0.00M | Scene, ViewLayer | Synchronizing object | Seat support post.046
Fra:1 Mem:576.12M (Peak 576.12M) | Time:00:00.95 | Mem:0.00M, Peak:0.00M | Scene, ViewLayer | Synchronizing object | Fan radial cage wire.308
Fra:1 Mem:576.13M (Peak 576.13M) | Time:00:00.95 | Mem:0.00M, Peak:0.00M | Scene, ViewLayer | Synchronizing object | GS three-person bench_stitched_edge_welt.016
Fra:1 Mem:576.15M (Peak 576.15M) | Time:00:00.95 | Mem:0.00M, Peak:0.00M | Scene, ViewLayer | Synchronizing object | Fan radial cage wire.307
Fra:1 Mem:576.17M (Peak 576.17M) | Time:00:00.95 | Mem:0.00M, Peak:0.00M | Scene, ViewLayer | Synchronizing object | Fan radial cage wire.306
Fra:1 Mem:576.18M (Peak 576.18M) | Time:00:00.95 | Mem:0.00M, Peak:0.00M | Scene, ViewLayer | Synchronizing object | GS three-person bench_subtle_cover_stitch.033
Fra:1 Mem:576.21M (Peak 576.21M) | Time:00:00.95 | Mem:0.00M, Peak:0.00M | Scene, ViewLayer | Synchronizing object | Fan radial cage wire.305
Fra:1 Mem:576.24M (Peak 576.24M) | Time:00:00.95 | Mem:0.00M, Peak:0.00M | Scene, ViewLayer | Synchronizing object | Fan radial cage wire.304
Fra:1 Mem:576.24M (Peak 576.24M) | Time:00:00.95 | Mem:0.00M, Peak:0.00M | Scene, ViewLayer | Synchronizing object | GS three-person bench.017
Fra:1 Mem:576.27M (Peak 576.27M) | Time:00:00.95 | Mem:0.00M, Peak:0.00M | Scene, ViewLayer | Synchronizing object | Fan radial cage wire.303
Fra:1 Mem:576.28M (Peak 576.28M) | Time:00:00.95 | Mem:0.00M, Peak:0.00M | Scene, ViewLayer | Synchronizing object | GS three-person bench_stitched_edge_welt.017
Fra:1 Mem:576.30M (Peak 576.30M) | Time:00:00.95 | Mem:0.00M, Peak:0.00M | Scene, ViewLayer | Synchronizing object | Fan radial cage wire.302
Fra:1 Mem:576.31M (Peak 576.31M) | Time:00:00.95 | Mem:0.00M, Peak:0.00M | Scene, ViewLayer | Synchronizing object | GS three-person bench_subtle_cover_stitch.034
Fra:1 Mem:576.32M (Peak 576.32M) | Time:00:00.95 | Mem:0.00M, Peak:0.00M | Scene, ViewLayer | Synchronizing object | GS three-person bench_subtle_cover_stitch.035
Fra:1 Mem:576.34M (Peak 576.34M) | Time:00:00.95 | Mem:0.00M, Peak:0.00M | Scene, ViewLayer | Synchronizing object | Fan radial cage wire.301
Fra:1 Mem:576.34M (Peak 576.34M) | Time:00:00.95 | Mem:0.00M, Peak:0.00M | Scene, ViewLayer | Synchronizing object | GS full-width bench backrest.017
Fra:1 Mem:576.36M (Peak 576.36M) | Time:00:00.95 | Mem:0.00M, Peak:0.00M | Scene, ViewLayer | Synchronizing object | Fan radial cage wire.300
Fra:1 Mem:576.36M (Peak 576.36M) | Time:00:00.95 | Mem:0.00M, Peak:0.00M | Scene, ViewLayer | Synchronizing object | Seat support post.048
Fra:1 Mem:576.38M (Peak 576.38M) | Time:00:00.95 | Mem:0.00M, Peak:0.00M | Scene, ViewLayer | Synchronizing object | Fan radial cage wire.299
Fra:1 Mem:576.38M (Peak 576.38M) | Time:00:00.95 | Mem:0.00M, Peak:0.00M | Scene, ViewLayer | Synchronizing object | Seat support post.050
Fra:1 Mem:576.38M (Peak 576.38M) | Time:00:00.95 | Mem:0.00M, Peak:0.00M | Scene, ViewLayer | Synchronizing object | Seat support post.051
Fra:1 Mem:576.40M (Peak 576.40M) | Time:00:00.95 | Mem:0.00M, Peak:0.00M | Scene, ViewLayer | Synchronizing object | Seat support post.052
Fra:1 Mem:576.39M (Peak 576.40M) | Time:00:00.95 | Mem:0.00M, Peak:0.00M | Scene, ViewLayer | Synchronizing object | Fan radial cage wire.298
Fra:1 Mem:576.40M (Peak 576.40M) | Time:00:00.95 | Mem:0.00M, Peak:0.00M | Scene, ViewLayer | Synchronizing object | Bench foot rail.008
Fra:1 Mem:576.40M (Peak 576.40M) | Time:00:00.95 | Mem:0.00M, Peak:0.00M | Scene, ViewLayer | Synchronizing object | Bench foot rail.009
Fra:1 Mem:576.40M (Peak 576.40M) | Time:00:00.95 | Mem:0.00M, Peak:0.00M | Scene, ViewLayer | Synchronizing object | Fan radial cage wire.297
Fra:1 Mem:576.41M (Peak 576.41M) | Time:00:00.95 | Mem:0.00M, Peak:0.00M | Scene, ViewLayer | Synchronizing object | Fan ceiling stem.008
Fra:1 Mem:576.41M (Peak 576.41M) | Time:00:00.95 | Mem:0.00M, Peak:0.00M | Scene, ViewLayer | Synchronizing object | Fan pressed ceiling flange.008
Fra:1 Mem:576.42M (Peak 576.42M) | Time:00:00.95 | Mem:0.00M, Peak:0.00M | Scene, ViewLayer | Synchronizing object | Fan radial cage wire.296
Fra:1 Mem:576.42M (Peak 576.42M) | Time:00:00.95 | Mem:0.00M, Peak:0.00M | Scene, ViewLayer | Synchronizing object | Fan concentric safety grille.048
Fra:1 Mem:576.44M (Peak 576.44M) | Time:00:00.95 | Mem:0.00M, Peak:0.00M | Scene, ViewLayer | Synchronizing object | Fan radial cage wire.295
Fra:1 Mem:576.46M (Peak 576.46M) | Time:00:00.95 | Mem:0.00M, Peak:0.00M | Scene, ViewLayer | Synchronizing object | Fan concentric safety grille.049
Fra:1 Mem:576.51M (Peak 576.51M) | Time:00:00.95 | Mem:0.00M, Peak:0.00M | Scene, ViewLayer | Synchronizing object | Fan radial cage wire.294
Fra:1 Mem:576.55M (Peak 576.55M) | Time:00:00.95 | Mem:0.00M, Peak:0.00M | Scene, ViewLayer | Synchronizing object | Fan radial cage wire.293
Fra:1 Mem:576.56M (Peak 576.56M) | Time:00:00.95 | Mem:0.00M, Peak:0.00M | Scene, ViewLayer | Synchronizing object | Fan concentric safety grille.050
Fra:1 Mem:576.56M (Peak 576.56M) | Time:00:00.95 | Mem:0.00M, Peak:0.00M | Scene, ViewLayer | Synchronizing object | Fan radial cage wire.292
Fra:1 Mem:576.59M (Peak 576.59M) | Time:00:00.95 | Mem:0.00M, Peak:0.00M | Scene, ViewLayer | Synchronizing object | Fan radial cage wire.291
Fra:1 Mem:576.61M (Peak 576.61M) | Time:00:00.95 | Mem:0.00M, Peak:0.00M | Scene, ViewLayer | Synchronizing object | Fan concentric safety grille.051
Fra:1 Mem:576.63M (Peak 576.63M) | Time:00:00.95 | Mem:0.00M, Peak:0.00M | Scene, ViewLayer | Synchronizing object | Fan concentric safety grille.052
Fra:1 Mem:576.66M (Peak 576.66M) | Time:00:00.95 | Mem:0.00M, Peak:0.00M | Scene, ViewLayer | Synchronizing object | Fan radial cage wire.290
Fra:1 Mem:576.73M (Peak 576.73M) | Time:00:00.95 | Mem:0.00M, Peak:0.00M | Scene, ViewLayer | Synchronizing object | Fan radial cage wire.289
Fra:1 Mem:576.74M (Peak 576.74M) | Time:00:00.95 | Mem:0.00M, Peak:0.00M | Scene, ViewLayer | Synchronizing object | Fan radial cage wire.288
Fra:1 Mem:576.76M (Peak 576.76M) | Time:00:00.95 | Mem:0.00M, Peak:0.00M | Scene, ViewLayer | Synchronizing object | Fan concentric safety grille.077
Fra:1 Mem:576.78M (Peak 576.78M) | Time:00:00.95 | Mem:0.00M, Peak:0.00M | Scene, ViewLayer | Synchronizing object | Fan concentric safety grille.053
Fra:1 Mem:576.82M (Peak 576.82M) | Time:00:00.95 | Mem:0.00M, Peak:0.00M | Scene, ViewLayer | Synchronizing object | Fan radial cage wire.192
Fra:1 Mem:576.86M (Peak 576.86M) | Time:00:00.95 | Mem:0.00M, Peak:0.00M | Scene, ViewLayer | Synchronizing object | Fan radial cage wire.193
Fra:1 Mem:576.87M (Peak 576.87M) | Time:00:00.95 | Mem:0.00M, Peak:0.00M | Scene, ViewLayer | Synchronizing object | Fan radial cage wire.194
Fra:1 Mem:576.89M (Peak 576.89M) | Time:00:00.95 | Mem:0.00M, Peak:0.00M | Scene, ViewLayer | Synchronizing object | Fan radial cage wire.195
Fra:1 Mem:576.89M (Peak 576.89M) | Time:00:00.95 | Mem:0.00M, Peak:0.00M | Scene, ViewLayer | Synchronizing object | Fan radial cage wire.196
Fra:1 Mem:576.91M (Peak 576.91M) | Time:00:00.95 | Mem:0.00M, Peak:0.00M | Scene, ViewLayer | Synchronizing object | Fan radial cage wire.197
Fra:1 Mem:576.93M (Peak 576.93M) | Time:00:00.95 | Mem:0.00M, Peak:0.00M | Scene, ViewLayer | Synchronizing object | Fan concentric safety grille.076
Fra:1 Mem:576.93M (Peak 576.93M) | Time:00:00.95 | Mem:0.00M, Peak:0.00M | Scene, ViewLayer | Synchronizing object | Fan radial cage wire.198
Fra:1 Mem:576.96M (Peak 576.96M) | Time:00:00.95 | Mem:0.00M, Peak:0.00M | Scene, ViewLayer | Synchronizing object | Fan radial cage wire.200
Fra:1 Mem:576.98M (Peak 576.98M) | Time:00:00.95 | Mem:0.00M, Peak:0.00M | Scene, ViewLayer | Synchronizing object | Fan radial cage wire.201
Fra:1 Mem:576.98M (Peak 576.98M) | Time:00:00.95 | Mem:0.00M, Peak:0.00M | Scene, ViewLayer | Synchronizing object | Fan radial cage wire.202
Fra:1 Mem:576.99M (Peak 576.99M) | Time:00:00.95 | Mem:0.00M, Peak:0.00M | Scene, ViewLayer | Synchronizing object | Fan radial cage wire.203
Fra:1 Mem:577.01M (Peak 577.01M) | Time:00:00.95 | Mem:0.00M, Peak:0.00M | Scene, ViewLayer | Synchronizing object | Fan radial cage wire.204
Fra:1 Mem:577.01M (Peak 577.01M) | Time:00:00.95 | Mem:0.00M, Peak:0.00M | Scene, ViewLayer | Synchronizing object | Fan radial cage wire.205
Fra:1 Mem:577.02M (Peak 577.02M) | Time:00:00.95 | Mem:0.00M, Peak:0.00M | Scene, ViewLayer | Synchronizing object | Fan radial cage wire.206
Fra:1 Mem:577.02M (Peak 577.02M) | Time:00:00.95 | Mem:0.00M, Peak:0.00M | Scene, ViewLayer | Synchronizing object | Fan radial cage wire.207
Fra:1 Mem:577.04M (Peak 577.04M) | Time:00:00.95 | Mem:0.00M, Peak:0.00M | Scene, ViewLayer | Synchronizing object | Fan radial cage wire.208
Fra:1 Mem:577.06M (Peak 577.06M) | Time:00:00.95 | Mem:0.00M, Peak:0.00M | Scene, ViewLayer | Synchronizing object | Fan radial cage wire.210
Fra:1 Mem:577.08M (Peak 577.08M) | Time:00:00.95 | Mem:0.00M, Peak:0.00M | Scene, ViewLayer | Synchronizing object | Fan radial cage wire.211
Fra:1 Mem:577.10M (Peak 577.10M) | Time:00:00.95 | Mem:0.00M, Peak:0.00M | Scene, ViewLayer | Synchronizing object | Fan radial cage wire.212
Fra:1 Mem:577.10M (Peak 577.10M) | Time:00:00.95 | Mem:0.00M, Peak:0.00M | Scene, ViewLayer | Synchronizing object | Fan radial cage wire.213
Fra:1 Mem:577.10M (Peak 577.10M) | Time:00:00.95 | Mem:0.00M, Peak:0.00M | Scene, ViewLayer | Synchronizing object | Fan radial cage wire.214
Fra:1 Mem:577.11M (Peak 577.11M) | Time:00:00.95 | Mem:0.00M, Peak:0.00M | Scene, ViewLayer | Synchronizing object | Fan radial cage wire.215
Fra:1 Mem:577.13M (Peak 577.13M) | Time:00:00.95 | Mem:0.00M, Peak:0.00M | Scene, ViewLayer | Synchronizing object | Fan swept three blade rotor.024
Fra:1 Mem:577.14M (Peak 577.14M) | Time:00:00.95 | Mem:0.00M, Peak:0.00M | Scene, ViewLayer | Synchronizing object | Fan swept three blade rotor.025
Fra:1 Mem:577.13M (Peak 577.14M) | Time:00:00.95 | Mem:0.00M, Peak:0.00M | Scene, ViewLayer | Synchronizing object | Fan concentric safety grille.074
Fra:1 Mem:577.13M (Peak 577.14M) | Time:00:00.95 | Mem:0.00M, Peak:0.00M | Scene, ViewLayer | Synchronizing object | Fan grille locking clip.032
Fra:1 Mem:577.16M (Peak 577.16M) | Time:00:00.95 | Mem:0.00M, Peak:0.00M | Scene, ViewLayer | Synchronizing object | Fan grille locking clip.033
Fra:1 Mem:577.17M (Peak 577.17M) | Time:00:00.95 | Mem:0.00M, Peak:0.00M | Scene, ViewLayer | Synchronizing object | Fan grille locking clip.034
Fra:1 Mem:577.19M (Peak 577.19M) | Time:00:00.95 | Mem:0.00M, Peak:0.00M | Scene, ViewLayer | Synchronizing object | Fan grille locking clip.035
Fra:1 Mem:577.22M (Peak 577.22M) | Time:00:00.95 | Mem:0.00M, Peak:0.00M | Scene, ViewLayer | Synchronizing object | Fan ceiling stem.009
Fra:1 Mem:577.23M (Peak 577.23M) | Time:00:00.95 | Mem:0.00M, Peak:0.00M | Scene, ViewLayer | Synchronizing object | Fan pressed ceiling flange.009
Fra:1 Mem:577.23M (Peak 577.23M) | Time:00:00.95 | Mem:0.00M, Peak:0.00M | Scene, ViewLayer | Synchronizing object | Fan round motor housing.009
Fra:1 Mem:577.24M (Peak 577.24M) | Time:00:00.95 | Mem:0.00M, Peak:0.00M | Scene, ViewLayer | Synchronizing object | Fan concentric safety grille.054
Fra:1 Mem:577.26M (Peak 577.26M) | Time:00:00.95 | Mem:0.00M, Peak:0.00M | Scene, ViewLayer | Synchronizing object | Fan concentric safety grille.055
Fra:1 Mem:577.34M (Peak 577.34M) | Time:00:00.95 | Mem:0.00M, Peak:0.00M | Scene, ViewLayer | Synchronizing object | Fan concentric safety grille.073
Fra:1 Mem:577.36M (Peak 577.36M) | Time:00:00.95 | Mem:0.00M, Peak:0.00M | Scene, ViewLayer | Synchronizing object | Fan concentric safety grille.056
Fra:1 Mem:577.47M (Peak 577.47M) | Time:00:00.95 | Mem:0.00M, Peak:0.00M | Scene, ViewLayer | Synchronizing object | Fan concentric safety grille.057
Fra:1 Mem:577.48M (Peak 577.48M) | Time:00:00.95 | Mem:0.00M, Peak:0.00M | Scene, ViewLayer | Synchronizing object | Fan concentric safety grille.058
Fra:1 Mem:577.56M (Peak 577.56M) | Time:00:00.95 | Mem:0.00M, Peak:0.00M | Scene, ViewLayer | Synchronizing object | Fan concentric safety grille.072
Fra:1 Mem:577.66M (Peak 577.66M) | Time:00:00.95 | Mem:0.00M, Peak:0.00M | Scene, ViewLayer | Synchronizing object | Fan concentric safety grille.059
Fra:1 Mem:577.66M (Peak 577.66M) | Time:00:00.95 | Mem:0.00M, Peak:0.00M | Scene, ViewLayer | Synchronizing object | Fan radial cage wire.216
Fra:1 Mem:577.67M (Peak 577.67M) | Time:00:00.95 | Mem:0.00M, Peak:0.00M | Scene, ViewLayer | Synchronizing object | Fan radial cage wire.217
Fra:1 Mem:577.71M (Peak 577.71M) | Time:00:00.95 | Mem:0.00M, Peak:0.00M | Scene, ViewLayer | Synchronizing object | Fan round motor housing.012
Fra:1 Mem:577.72M (Peak 577.72M) | Time:00:00.95 | Mem:0.00M, Peak:0.00M | Scene, ViewLayer | Synchronizing object | Fan radial cage wire.218
Fra:1 Mem:577.73M (Peak 577.73M) | Time:00:00.95 | Mem:0.00M, Peak:0.00M | Scene, ViewLayer | Synchronizing object | Fan radial cage wire.219
Fra:1 Mem:577.74M (Peak 577.74M) | Time:00:00.95 | Mem:0.00M, Peak:0.00M | Scene, ViewLayer | Synchronizing object | Fan pressed ceiling flange.012
Fra:1 Mem:577.76M (Peak 577.76M) | Time:00:00.95 | Mem:0.00M, Peak:0.00M | Scene, ViewLayer | Synchronizing object | Fan radial cage wire.220
Fra:1 Mem:577.76M (Peak 577.76M) | Time:00:00.95 | Mem:0.00M, Peak:0.00M | Scene, ViewLayer | Synchronizing object | Fan radial cage wire.221
Fra:1 Mem:577.77M (Peak 577.77M) | Time:00:00.95 | Mem:0.00M, Peak:0.00M | Scene, ViewLayer | Synchronizing object | Fan ceiling stem.012
Fra:1 Mem:577.77M (Peak 577.77M) | Time:00:00.95 | Mem:0.00M, Peak:0.00M | Scene, ViewLayer | Synchronizing object | Fan radial cage wire.222
Fra:1 Mem:577.78M (Peak 577.78M) | Time:00:00.95 | Mem:0.00M, Peak:0.00M | Scene, ViewLayer | Synchronizing object | Fan radial cage wire.223
Fra:1 Mem:577.78M (Peak 577.78M) | Time:00:00.95 | Mem:0.00M, Peak:0.00M | Scene, ViewLayer | Synchronizing object | Bench foot rail.013
Fra:1 Mem:577.79M (Peak 577.79M) | Time:00:00.95 | Mem:0.00M, Peak:0.00M | Scene, ViewLayer | Synchronizing object | Fan radial cage wire.225
Fra:1 Mem:577.79M (Peak 577.79M) | Time:00:00.95 | Mem:0.00M, Peak:0.00M | Scene, ViewLayer | Synchronizing object | Fan radial cage wire.226
Fra:1 Mem:577.80M (Peak 577.80M) | Time:00:00.95 | Mem:0.00M, Peak:0.00M | Scene, ViewLayer | Synchronizing object | Fan radial cage wire.227
Fra:1 Mem:577.81M (Peak 577.81M) | Time:00:00.95 | Mem:0.00M, Peak:0.00M | Scene, ViewLayer | Synchronizing object | Fan radial cage wire.228
Fra:1 Mem:577.81M (Peak 577.81M) | Time:00:00.95 | Mem:0.00M, Peak:0.00M | Scene, ViewLayer | Synchronizing object | Bench foot rail.012
Fra:1 Mem:577.82M (Peak 577.82M) | Time:00:00.95 | Mem:0.00M, Peak:0.00M | Scene, ViewLayer | Synchronizing object | Fan radial cage wire.229
Fra:1 Mem:577.82M (Peak 577.82M) | Time:00:00.95 | Mem:0.00M, Peak:0.00M | Scene, ViewLayer | Synchronizing object | Seat support post.077
Fra:1 Mem:577.82M (Peak 577.82M) | Time:00:00.95 | Mem:0.00M, Peak:0.00M | Scene, ViewLayer | Synchronizing object | Fan radial cage wire.231
Fra:1 Mem:577.83M (Peak 577.83M) | Time:00:00.95 | Mem:0.00M, Peak:0.00M | Scene, ViewLayer | Synchronizing object | Seat support post.076
Fra:1 Mem:577.84M (Peak 577.84M) | Time:00:00.95 | Mem:0.00M, Peak:0.00M | Scene, ViewLayer | Synchronizing object | Fan radial cage wire.232
Fra:1 Mem:577.84M (Peak 577.84M) | Time:00:00.95 | Mem:0.00M, Peak:0.00M | Scene, ViewLayer | Synchronizing object | Fan radial cage wire.233
Fra:1 Mem:577.85M (Peak 577.85M) | Time:00:00.95 | Mem:0.00M, Peak:0.00M | Scene, ViewLayer | Synchronizing object | Fan radial cage wire.234
Fra:1 Mem:577.85M (Peak 577.85M) | Time:00:00.95 | Mem:0.00M, Peak:0.00M | Scene, ViewLayer | Synchronizing object | Fan radial cage wire.236
Fra:1 Mem:577.85M (Peak 577.85M) | Time:00:00.95 | Mem:0.00M, Peak:0.00M | Scene, ViewLayer | Synchronizing object | Seat support post.075
Fra:1 Mem:577.87M (Peak 577.87M) | Time:00:00.95 | Mem:0.00M, Peak:0.00M | Scene, ViewLayer | Synchronizing object | Seat support post.074
Fra:1 Mem:577.87M (Peak 577.87M) | Time:00:00.95 | Mem:0.00M, Peak:0.00M | Scene, ViewLayer | Synchronizing object | Fan radial cage wire.237
Fra:1 Mem:577.87M (Peak 577.87M) | Time:00:00.95 | Mem:0.00M, Peak:0.00M | Scene, ViewLayer | Synchronizing object | Fan radial cage wire.239
Fra:1 Mem:577.88M (Peak 577.88M) | Time:00:00.95 | Mem:0.00M, Peak:0.00M | Scene, ViewLayer | Synchronizing object | Seat support post.073
Fra:1 Mem:577.88M (Peak 577.88M) | Time:00:00.95 | Mem:0.00M, Peak:0.00M | Scene, ViewLayer | Synchronizing object | Fan swept three blade rotor.027
Fra:1 Mem:577.89M (Peak 577.89M) | Time:00:00.95 | Mem:0.00M, Peak:0.00M | Scene, ViewLayer | Synchronizing object | Fan swept three blade rotor.028
Fra:1 Mem:577.90M (Peak 577.90M) | Time:00:00.95 | Mem:0.00M, Peak:0.00M | Scene, ViewLayer | Synchronizing object | Fan swept three blade rotor.029
Fra:1 Mem:577.90M (Peak 577.90M) | Time:00:00.95 | Mem:0.00M, Peak:0.00M | Scene, ViewLayer | Synchronizing object | Seat support post.072
Fra:1 Mem:577.90M (Peak 577.90M) | Time:00:00.95 | Mem:0.00M, Peak:0.00M | Scene, ViewLayer | Synchronizing object | Fan grille locking clip.036
Fra:1 Mem:577.91M (Peak 577.91M) | Time:00:00.95 | Mem:0.00M, Peak:0.00M | Scene, ViewLayer | Synchronizing object | Fan grille locking clip.037
Fra:1 Mem:577.91M (Peak 577.91M) | Time:00:00.95 | Mem:0.00M, Peak:0.00M | Scene, ViewLayer | Synchronizing object | Fan grille locking clip.038
Fra:1 Mem:577.92M (Peak 577.92M) | Time:00:00.95 | Mem:0.00M, Peak:0.00M | Scene, ViewLayer | Synchronizing object | GS full-width bench backrest.025
Fra:1 Mem:577.94M (Peak 577.94M) | Time:00:00.95 | Mem:0.00M, Peak:0.00M | Scene, ViewLayer | Synchronizing object | Fan grille locking clip.039
Fra:1 Mem:577.94M (Peak 577.94M) | Time:00:00.95 | Mem:0.00M, Peak:0.00M | Scene, ViewLayer | Synchronizing object | GS three-person bench_subtle_cover_stitch.051
Fra:1 Mem:577.96M (Peak 577.96M) | Time:00:00.95 | Mem:0.00M, Peak:0.00M | Scene, ViewLayer | Synchronizing object | GS three-person bench_stitched_edge_welt.018
Fra:1 Mem:578.01M (Peak 578.01M) | Time:00:00.95 | Mem:0.00M, Peak:0.00M | Scene, ViewLayer | Synchronizing object | GS three-person bench_subtle_cover_stitch.036
Fra:1 Mem:578.02M (Peak 578.02M) | Time:00:00.95 | Mem:0.00M, Peak:0.00M | Scene, ViewLayer | Synchronizing object | GS three-person bench_subtle_cover_stitch.050
Fra:1 Mem:578.04M (Peak 578.04M) | Time:00:00.95 | Mem:0.00M, Peak:0.00M | Scene, ViewLayer | Synchronizing object | GS three-person bench_subtle_cover_stitch.037
Fra:1 Mem:578.07M (Peak 578.07M) | Time:00:00.95 | Mem:0.00M, Peak:0.00M | Scene, ViewLayer | Synchronizing object | GS full-width bench backrest.018
Fra:1 Mem:578.07M (Peak 578.07M) | Time:00:00.95 | Mem:0.00M, Peak:0.00M | Scene, ViewLayer | Synchronizing object | GS three-person bench.019
Fra:1 Mem:578.08M (Peak 578.08M) | Time:00:00.95 | Mem:0.00M, Peak:0.00M | Scene, ViewLayer | Synchronizing object | GS three-person bench_stitched_edge_welt.019
Fra:1 Mem:578.10M (Peak 578.10M) | Time:00:00.95 | Mem:0.00M, Peak:0.00M | Scene, ViewLayer | Synchronizing object | GS three-person bench_subtle_cover_stitch.038
Fra:1 Mem:578.15M (Peak 578.15M) | Time:00:00.95 | Mem:0.00M, Peak:0.00M | Scene, ViewLayer | Synchronizing object | GS three-person bench_subtle_cover_stitch.039
Fra:1 Mem:578.15M (Peak 578.15M) | Time:00:00.95 | Mem:0.00M, Peak:0.00M | Scene, ViewLayer | Synchronizing object | GS full-width bench backrest.019
Fra:1 Mem:578.18M (Peak 578.18M) | Time:00:00.95 | Mem:0.00M, Peak:0.00M | Scene, ViewLayer | Synchronizing object | Seat support post.054
Fra:1 Mem:578.18M (Peak 578.18M) | Time:00:00.95 | Mem:0.00M, Peak:0.00M | Scene, ViewLayer | Synchronizing object | Seat support post.055
Fra:1 Mem:578.19M (Peak 578.19M) | Time:00:00.95 | Mem:0.00M, Peak:0.00M | Scene, ViewLayer | Synchronizing object | Seat support post.056
Fra:1 Mem:578.19M (Peak 578.19M) | Time:00:00.95 | Mem:0.00M, Peak:0.00M | Scene, ViewLayer | Synchronizing object | Seat support post.057
Fra:1 Mem:578.19M (Peak 578.19M) | Time:00:00.95 | Mem:0.00M, Peak:0.00M | Scene, ViewLayer | Synchronizing object | Seat support post.058
Fra:1 Mem:578.19M (Peak 578.19M) | Time:00:00.95 | Mem:0.00M, Peak:0.00M | Scene, ViewLayer | Synchronizing object | Seat support post.059
Fra:1 Mem:578.20M (Peak 578.20M) | Time:00:00.95 | Mem:0.00M, Peak:0.00M | Scene, ViewLayer | Synchronizing object | GS three-person bench.020
Fra:1 Mem:578.21M (Peak 578.21M) | Time:00:00.95 | Mem:0.00M, Peak:0.00M | Scene, ViewLayer | Synchronizing object | GS three-person bench_stitched_edge_welt.020
Fra:1 Mem:578.26M (Peak 578.26M) | Time:00:00.95 | Mem:0.00M, Peak:0.00M | Scene, ViewLayer | Synchronizing object | GS three-person bench_subtle_cover_stitch.040
Fra:1 Mem:578.27M (Peak 578.27M) | Time:00:00.95 | Mem:0.00M, Peak:0.00M | Scene, ViewLayer | Synchronizing object | GS three-person bench_subtle_cover_stitch.041
Fra:1 Mem:578.29M (Peak 578.29M) | Time:00:00.95 | Mem:0.00M, Peak:0.00M | Scene, ViewLayer | Synchronizing object | GS full-width bench backrest.020
Fra:1 Mem:578.30M (Peak 578.30M) | Time:00:00.95 | Mem:0.00M, Peak:0.00M | Scene, ViewLayer | Synchronizing object | GS three-person bench.021
Fra:1 Mem:578.30M (Peak 578.30M) | Time:00:00.95 | Mem:0.00M, Peak:0.00M | Scene, ViewLayer | Synchronizing object | GS three-person bench_stitched_edge_welt.025
Fra:1 Mem:578.32M (Peak 578.32M) | Time:00:00.95 | Mem:0.00M, Peak:0.00M | Scene, ViewLayer | Synchronizing object | GS three-person bench_stitched_edge_welt.021
Fra:1 Mem:578.38M (Peak 578.38M) | Time:00:00.95 | Mem:0.00M, Peak:0.00M | Scene, ViewLayer | Synchronizing object | GS three-person bench_subtle_cover_stitch.042
Fra:1 Mem:578.38M (Peak 578.38M) | Time:00:00.95 | Mem:0.00M, Peak:0.00M | Scene, ViewLayer | Synchronizing object | GS full-width bench backrest.021
Fra:1 Mem:578.43M (Peak 578.43M) | Time:00:00.95 | Mem:0.00M, Peak:0.00M | Scene, ViewLayer | Synchronizing object | Seat support post.060
Fra:1 Mem:578.45M (Peak 578.45M) | Time:00:00.95 | Mem:0.00M, Peak:0.00M | Scene, ViewLayer | Synchronizing object | Seat support post.061
Fra:1 Mem:578.45M (Peak 578.45M) | Time:00:00.95 | Mem:0.00M, Peak:0.00M | Scene, ViewLayer | Synchronizing object | Seat support post.062
Fra:1 Mem:578.45M (Peak 578.45M) | Time:00:00.95 | Mem:0.00M, Peak:0.00M | Scene, ViewLayer | Synchronizing object | Seat support post.063
Fra:1 Mem:578.46M (Peak 578.46M) | Time:00:00.95 | Mem:0.00M, Peak:0.00M | Scene, ViewLayer | Synchronizing object | Seat support post.064
Fra:1 Mem:578.48M (Peak 578.48M) | Time:00:00.95 | Mem:0.00M, Peak:0.00M | Scene, ViewLayer | Synchronizing object | GS full-width bench backrest.024
Fra:1 Mem:578.47M (Peak 578.48M) | Time:00:00.95 | Mem:0.00M, Peak:0.00M | Scene, ViewLayer | Synchronizing object | Seat support post.065
Fra:1 Mem:578.47M (Peak 578.48M) | Time:00:00.95 | Mem:0.00M, Peak:0.00M | Scene, ViewLayer | Synchronizing object | Bench foot rail.011
Fra:1 Mem:578.48M (Peak 578.48M) | Time:00:00.95 | Mem:0.00M, Peak:0.00M | Scene, ViewLayer | Synchronizing object | GS three-person bench_subtle_cover_stitch.049
Fra:1 Mem:578.48M (Peak 578.48M) | Time:00:00.95 | Mem:0.00M, Peak:0.00M | Scene, ViewLayer | Synchronizing object | Fan ceiling stem.010
Fra:1 Mem:578.50M (Peak 578.50M) | Time:00:00.95 | Mem:0.00M, Peak:0.00M | Scene, ViewLayer | Synchronizing object | Fan pressed ceiling flange.010
Fra:1 Mem:578.52M (Peak 578.52M) | Time:00:00.95 | Mem:0.00M, Peak:0.00M | Scene, ViewLayer | Synchronizing object | Fan concentric safety grille.060
Fra:1 Mem:578.51M (Peak 578.52M) | Time:00:00.95 | Mem:0.00M, Peak:0.00M | Scene, ViewLayer | Synchronizing object | GS three-person bench_subtle_cover_stitch.048
Fra:1 Mem:578.54M (Peak 578.54M) | Time:00:00.95 | Mem:0.00M, Peak:0.00M | Scene, ViewLayer | Synchronizing object | Fan concentric safety grille.061
Fra:1 Mem:578.57M (Peak 578.57M) | Time:00:00.95 | Mem:0.00M, Peak:0.00M | Scene, ViewLayer | Synchronizing object | Fan concentric safety grille.062
Fra:1 Mem:578.60M (Peak 578.60M) | Time:00:00.95 | Mem:0.00M, Peak:0.00M | Scene, ViewLayer | Synchronizing object | GS three-person bench_stitched_edge_welt.024
Fra:1 Mem:578.71M (Peak 578.71M) | Time:00:00.95 | Mem:0.00M, Peak:0.00M | Scene, ViewLayer | Synchronizing object | GS three-person bench.024
Fra:1 Mem:578.74M (Peak 578.74M) | Time:00:00.95 | Mem:0.00M, Peak:0.00M | Scene, ViewLayer | Synchronizing object | Fan concentric safety grille.063
Fra:1 Mem:578.80M (Peak 578.80M) | Time:00:00.95 | Mem:0.00M, Peak:0.00M | Scene, ViewLayer | Synchronizing object | Fan concentric safety grille.064
Fra:1 Mem:578.83M (Peak 578.83M) | Time:00:00.95 | Mem:0.00M, Peak:0.00M | Scene, ViewLayer | Synchronizing object | Seat support post.071
Fra:1 Mem:578.87M (Peak 578.87M) | Time:00:00.95 | Mem:0.00M, Peak:0.00M | Scene, ViewLayer | Synchronizing object | Seat support post.070
Fra:1 Mem:578.87M (Peak 578.87M) | Time:00:00.95 | Mem:0.00M, Peak:0.00M | Scene, ViewLayer | Synchronizing object | Fan concentric safety grille.065
Fra:1 Mem:578.88M (Peak 578.88M) | Time:00:00.95 | Mem:0.00M, Peak:0.00M | Scene, ViewLayer | Synchronizing object | Seat support post.069
Fra:1 Mem:578.92M (Peak 578.92M) | Time:00:00.95 | Mem:0.00M, Peak:0.00M | Scene, ViewLayer | Synchronizing object | Seat support post.068
Fra:1 Mem:578.93M (Peak 578.93M) | Time:00:00.95 | Mem:0.00M, Peak:0.00M | Scene, ViewLayer | Synchronizing object | Seat support post.067
Fra:1 Mem:578.96M (Peak 578.96M) | Time:00:00.95 | Mem:0.00M, Peak:0.00M | Scene, ViewLayer | Synchronizing object | Fan radial cage wire.240
Fra:1 Mem:578.95M (Peak 578.96M) | Time:00:00.95 | Mem:0.00M, Peak:0.00M | Scene, ViewLayer | Synchronizing object | Seat support post.066
Fra:1 Mem:578.96M (Peak 578.96M) | Time:00:00.95 | Mem:0.00M, Peak:0.00M | Scene, ViewLayer | Synchronizing object | Fan radial cage wire.241
Fra:1 Mem:578.96M (Peak 578.96M) | Time:00:00.95 | Mem:0.00M, Peak:0.00M | Scene, ViewLayer | Synchronizing object | GS full-width bench backrest.023
Fra:1 Mem:578.98M (Peak 578.98M) | Time:00:00.95 | Mem:0.00M, Peak:0.00M | Scene, ViewLayer | Synchronizing object | Fan radial cage wire.242
Fra:1 Mem:578.98M (Peak 578.98M) | Time:00:00.95 | Mem:0.00M, Peak:0.00M | Scene, ViewLayer | Synchronizing object | Fan radial cage wire.243
Fra:1 Mem:578.98M (Peak 578.98M) | Time:00:00.95 | Mem:0.00M, Peak:0.00M | Scene, ViewLayer | Synchronizing object | GS three-person bench_subtle_cover_stitch.047
Fra:1 Mem:579.00M (Peak 579.00M) | Time:00:00.95 | Mem:0.00M, Peak:0.00M | Scene, ViewLayer | Synchronizing object | Fan radial cage wire.244
Fra:1 Mem:579.01M (Peak 579.01M) | Time:00:00.95 | Mem:0.00M, Peak:0.00M | Scene, ViewLayer | Synchronizing object | Fan radial cage wire.245
Fra:1 Mem:579.01M (Peak 579.01M) | Time:00:00.95 | Mem:0.00M, Peak:0.00M | Scene, ViewLayer | Synchronizing object | Fan radial cage wire.246
Fra:1 Mem:579.02M (Peak 579.02M) | Time:00:00.95 | Mem:0.00M, Peak:0.00M | Scene, ViewLayer | Synchronizing object | GS three-person bench_subtle_cover_stitch.046
Fra:1 Mem:579.02M (Peak 579.02M) | Time:00:00.95 | Mem:0.00M, Peak:0.00M | Scene, ViewLayer | Synchronizing object | Fan radial cage wire.248
Fra:1 Mem:579.05M (Peak 579.05M) | Time:00:00.95 | Mem:0.00M, Peak:0.00M | Scene, ViewLayer | Synchronizing object | Fan radial cage wire.249
Fra:1 Mem:579.05M (Peak 579.05M) | Time:00:00.95 | Mem:0.00M, Peak:0.00M | Scene, ViewLayer | Synchronizing object | GS three-person bench_stitched_edge_welt.023
Fra:1 Mem:579.05M (Peak 579.05M) | Time:00:00.95 | Mem:0.00M, Peak:0.00M | Scene, ViewLayer | Synchronizing object | Fan radial cage wire.251
Fra:1 Mem:579.08M (Peak 579.08M) | Time:00:00.95 | Mem:0.00M, Peak:0.00M | Scene, ViewLayer | Synchronizing object | Fan radial cage wire.252
Fra:1 Mem:579.09M (Peak 579.09M) | Time:00:00.95 | Mem:0.00M, Peak:0.00M | Scene, ViewLayer | Synchronizing object | Fan radial cage wire.253
Fra:1 Mem:579.10M (Peak 579.10M) | Time:00:00.95 | Mem:0.00M, Peak:0.00M | Scene, ViewLayer | Synchronizing object | Fan radial cage wire.254
Fra:1 Mem:579.10M (Peak 579.10M) | Time:00:00.95 | Mem:0.00M, Peak:0.00M | Scene, ViewLayer | Synchronizing object | GS three-person bench.023
Fra:1 Mem:579.10M (Peak 579.10M) | Time:00:00.95 | Mem:0.00M, Peak:0.00M | Scene, ViewLayer | Synchronizing object | Fan radial cage wire.255
Fra:1 Mem:579.11M (Peak 579.11M) | Time:00:00.95 | Mem:0.00M, Peak:0.00M | Scene, ViewLayer | Synchronizing object | Fan radial cage wire.256
Fra:1 Mem:579.13M (Peak 579.13M) | Time:00:00.95 | Mem:0.00M, Peak:0.00M | Scene, ViewLayer | Synchronizing object | Fan radial cage wire.257
Fra:1 Mem:579.15M (Peak 579.15M) | Time:00:00.95 | Mem:0.00M, Peak:0.00M | Scene, ViewLayer | Synchronizing object | Fan radial cage wire.258
Fra:1 Mem:579.16M (Peak 579.16M) | Time:00:00.95 | Mem:0.00M, Peak:0.00M | Scene, ViewLayer | Synchronizing object | Fan radial cage wire.260
Fra:1 Mem:579.16M (Peak 579.16M) | Time:00:00.95 | Mem:0.00M, Peak:0.00M | Scene, ViewLayer | Synchronizing object | Fan radial cage wire.261
Fra:1 Mem:579.18M (Peak 579.18M) | Time:00:00.95 | Mem:0.00M, Peak:0.00M | Scene, ViewLayer | Synchronizing object | Fan radial cage wire.262
Fra:1 Mem:579.18M (Peak 579.18M) | Time:00:00.95 | Mem:0.00M, Peak:0.00M | Scene, ViewLayer | Synchronizing object | Fan radial cage wire.263
Fra:1 Mem:579.19M (Peak 579.19M) | Time:00:00.95 | Mem:0.00M, Peak:0.00M | Scene, ViewLayer | Synchronizing object | Fan swept three blade rotor.030
Fra:1 Mem:579.19M (Peak 579.19M) | Time:00:00.95 | Mem:0.00M, Peak:0.00M | Scene, ViewLayer | Synchronizing object | Fan swept three blade rotor.031
Fra:1 Mem:579.21M (Peak 579.21M) | Time:00:00.95 | Mem:0.00M, Peak:0.00M | Scene, ViewLayer | Synchronizing object | Fan swept three blade rotor.032
Fra:1 Mem:579.21M (Peak 579.21M) | Time:00:00.95 | Mem:0.00M, Peak:0.00M | Scene, ViewLayer | Synchronizing object | Fan centre decorative cap.010
Fra:1 Mem:579.21M (Peak 579.21M) | Time:00:00.95 | Mem:0.00M, Peak:0.00M | Scene, ViewLayer | Synchronizing object | Fan grille locking clip.040
Fra:1 Mem:579.23M (Peak 579.23M) | Time:00:00.95 | Mem:0.00M, Peak:0.00M | Scene, ViewLayer | Synchronizing object | Fan grille locking clip.041
Fra:1 Mem:579.23M (Peak 579.23M) | Time:00:00.95 | Mem:0.00M, Peak:0.00M | Scene, ViewLayer | Synchronizing object | GS three-person bench_subtle_cover_stitch.044
Fra:1 Mem:579.25M (Peak 579.25M) | Time:00:00.95 | Mem:0.00M, Peak:0.00M | Scene, ViewLayer | Synchronizing object | Fan grille locking clip.042
Fra:1 Mem:579.25M (Peak 579.25M) | Time:00:00.95 | Mem:0.00M, Peak:0.00M | Scene, ViewLayer | Synchronizing object | Fan grille locking clip.043
Fra:1 Mem:579.26M (Peak 579.26M) | Time:00:00.95 | Mem:0.00M, Peak:0.00M | Scene, ViewLayer | Synchronizing object | Fan ceiling stem.011
Fra:1 Mem:579.27M (Peak 579.27M) | Time:00:00.95 | Mem:0.00M, Peak:0.00M | Scene, ViewLayer | Synchronizing object | GS three-person bench_stitched_edge_welt.022
Fra:1 Mem:579.27M (Peak 579.27M) | Time:00:00.95 | Mem:0.00M, Peak:0.00M | Scene, ViewLayer | Synchronizing object | Fan pressed ceiling flange.011
Fra:1 Mem:579.30M (Peak 579.30M) | Time:00:00.95 | Mem:0.00M, Peak:0.00M | Scene, ViewLayer | Synchronizing object | Fan round motor housing.011
Fra:1 Mem:579.32M (Peak 579.32M) | Time:00:00.95 | Mem:0.00M, Peak:0.00M | Scene, ViewLayer | Synchronizing object | Fan concentric safety grille.066
Fra:1 Mem:579.32M (Peak 579.32M) | Time:00:00.95 | Mem:0.00M, Peak:0.00M | Scene, ViewLayer | Synchronizing object | GS three-person bench.022
Fra:1 Mem:579.33M (Peak 579.33M) | Time:00:00.95 | Mem:0.00M, Peak:0.00M | Scene, ViewLayer | Synchronizing object | Fan concentric safety grille.067
Fra:1 Mem:579.38M (Peak 579.38M) | Time:00:00.95 | Mem:0.00M, Peak:0.00M | Scene, ViewLayer | Synchronizing object | Fan concentric safety grille.068
Fra:1 Mem:579.49M (Peak 579.49M) | Time:00:00.95 | Mem:0.00M, Peak:0.00M | Scene, ViewLayer | Synchronizing object | Fan grille locking clip.047
Fra:1 Mem:579.51M (Peak 579.51M) | Time:00:00.95 | Mem:0.00M, Peak:0.00M | Scene, ViewLayer | Synchronizing object | Fan grille locking clip.046
Fra:1 Mem:579.53M (Peak 579.53M) | Time:00:00.95 | Mem:0.00M, Peak:0.00M | Scene, ViewLayer | Synchronizing object | Fan concentric safety grille.069
Fra:1 Mem:579.54M (Peak 579.54M) | Time:00:00.95 | Mem:0.00M, Peak:0.00M | Scene, ViewLayer | Synchronizing object | Fan grille locking clip.045
Fra:1 Mem:579.58M (Peak 579.58M) | Time:00:00.95 | Mem:0.00M, Peak:0.00M | Scene, ViewLayer | Synchronizing object | Fan concentric safety grille.070
Fra:1 Mem:579.60M (Peak 579.60M) | Time:00:00.95 | Mem:0.00M, Peak:0.00M | Scene, ViewLayer | Synchronizing object | Fan grille locking clip.044
Fra:1 Mem:579.65M (Peak 579.65M) | Time:00:00.95 | Mem:0.00M, Peak:0.00M | Scene, ViewLayer | Synchronizing object | Fan centre decorative cap.011
Fra:1 Mem:579.67M (Peak 579.67M) | Time:00:00.95 | Mem:0.00M, Peak:0.00M | Scene, ViewLayer | Synchronizing object | Fan concentric safety grille.071
Fra:1 Mem:579.67M (Peak 579.67M) | Time:00:00.95 | Mem:0.00M, Peak:0.00M | Scene, ViewLayer | Synchronizing object | Fan swept three blade rotor.035
Fra:1 Mem:579.69M (Peak 579.69M) | Time:00:00.95 | Mem:0.00M, Peak:0.00M | Scene, ViewLayer | Synchronizing object | Fan radial cage wire.264
Fra:1 Mem:579.73M (Peak 579.73M) | Time:00:00.95 | Mem:0.00M, Peak:0.00M | Scene, ViewLayer | Synchronizing object | Fan swept three blade rotor.034
Fra:1 Mem:579.73M (Peak 579.73M) | Time:00:00.95 | Mem:0.00M, Peak:0.00M | Scene, ViewLayer | Synchronizing object | Fan radial cage wire.266
Fra:1 Mem:579.75M (Peak 579.75M) | Time:00:00.95 | Mem:0.00M, Peak:0.00M | Scene, ViewLayer | Synchronizing object | Fan swept three blade rotor.033
Fra:1 Mem:579.75M (Peak 579.75M) | Time:00:00.95 | Mem:0.00M, Peak:0.00M | Scene, ViewLayer | Synchronizing object | Fan radial cage wire.267
Fra:1 Mem:579.75M (Peak 579.75M) | Time:00:00.95 | Mem:0.00M, Peak:0.00M | Scene, ViewLayer | Synchronizing object | Fan radial cage wire.287
Fra:1 Mem:579.77M (Peak 579.77M) | Time:00:00.95 | Mem:0.00M, Peak:0.00M | Scene, ViewLayer | Synchronizing object | Fan radial cage wire.269
Fra:1 Mem:579.77M (Peak 579.77M) | Time:00:00.95 | Mem:0.00M, Peak:0.00M | Scene, ViewLayer | Synchronizing object | Fan radial cage wire.270
Fra:1 Mem:579.78M (Peak 579.78M) | Time:00:00.95 | Mem:0.00M, Peak:0.00M | Scene, ViewLayer | Synchronizing object | Fan radial cage wire.271
Fra:1 Mem:579.80M (Peak 579.80M) | Time:00:00.95 | Mem:0.00M, Peak:0.00M | Scene, ViewLayer | Synchronizing object | Fan radial cage wire.285
Fra:1 Mem:579.81M (Peak 579.81M) | Time:00:00.95 | Mem:0.00M, Peak:0.00M | Scene, ViewLayer | Synchronizing object | Fan radial cage wire.272
Fra:1 Mem:579.80M (Peak 579.81M) | Time:00:00.95 | Mem:0.00M, Peak:0.00M | Scene, ViewLayer | Synchronizing object | Fan radial cage wire.273
Fra:1 Mem:579.81M (Peak 579.81M) | Time:00:00.95 | Mem:0.00M, Peak:0.00M | Scene, ViewLayer | Synchronizing object | Fan radial cage wire.284
Fra:1 Mem:579.82M (Peak 579.82M) | Time:00:00.95 | Mem:0.00M, Peak:0.00M | Scene, ViewLayer | Synchronizing object | Fan radial cage wire.275
Fra:1 Mem:579.83M (Peak 579.83M) | Time:00:00.95 | Mem:0.00M, Peak:0.00M | Scene, ViewLayer | Synchronizing object | Fan radial cage wire.283
Fra:1 Mem:579.83M (Peak 579.83M) | Time:00:00.95 | Mem:0.00M, Peak:0.00M | Scene, ViewLayer | Synchronizing object | Fan radial cage wire.276
Fra:1 Mem:579.83M (Peak 579.83M) | Time:00:00.95 | Mem:0.00M, Peak:0.00M | Scene, ViewLayer | Synchronizing object | Fan radial cage wire.277
Fra:1 Mem:579.84M (Peak 579.84M) | Time:00:00.95 | Mem:0.00M, Peak:0.00M | Scene, ViewLayer | Synchronizing object | Fan radial cage wire.278
Fra:1 Mem:579.85M (Peak 579.85M) | Time:00:00.95 | Mem:0.00M, Peak:0.00M | Scene, ViewLayer | Synchronizing object | Fan radial cage wire.282
Fra:1 Mem:579.85M (Peak 579.85M) | Time:00:00.95 | Mem:0.00M, Peak:0.00M | Scene, ViewLayer | Synchronizing object | Fan radial cage wire.279
Fra:1 Mem:579.86M (Peak 579.86M) | Time:00:00.95 | Mem:0.00M, Peak:0.00M | Scene, ViewLayer | Synchronizing object | Fan radial cage wire.280
Fra:1 Mem:579.86M (Peak 579.86M) | Time:00:00.95 | Mem:0.00M, Peak:0.00M | Scene, ViewLayer | Synchronizing object | Fan radial cage wire.281
Fra:1 Mem:579.87M (Peak 579.87M) | Time:00:00.95 | Mem:0.00M, Peak:0.00M | Scene, ViewLayer | Initializing
Fra:1 Mem:551.96M (Peak 579.87M) | Time:00:00.98 | Mem:0.00M, Peak:0.00M | Scene, ViewLayer | Updating Images | Loading class_hi_GS.png
Fra:1 Mem:353.32M (Peak 579.87M) | Time:00:01.11 | Mem:0.33M, Peak:0.33M | Scene, ViewLayer | Waiting for render to start
Fra:1 Mem:353.32M (Peak 579.87M) | Time:00:01.11 | Mem:0.33M, Peak:0.33M | Scene, ViewLayer | Loading render kernels (may take a few minutes the first time)
Fra:1 Mem:353.32M (Peak 579.87M) | Time:00:01.11 | Mem:0.33M, Peak:0.33M | Scene, ViewLayer | Updating Scene
Fra:1 Mem:353.32M (Peak 579.87M) | Time:00:01.11 | Mem:0.33M, Peak:0.33M | Scene, ViewLayer | Updating Shaders
Fra:1 Mem:353.45M (Peak 579.87M) | Time:00:01.11 | Mem:0.38M, Peak:0.38M | Scene, ViewLayer | Updating Procedurals
Fra:1 Mem:353.45M (Peak 579.87M) | Time:00:01.11 | Mem:0.38M, Peak:0.38M | Scene, ViewLayer | Updating Background
Fra:1 Mem:353.45M (Peak 579.87M) | Time:00:01.11 | Mem:0.38M, Peak:0.38M | Scene, ViewLayer | Updating Camera
Fra:1 Mem:353.45M (Peak 579.87M) | Time:00:01.11 | Mem:0.38M, Peak:0.38M | Scene, ViewLayer | Updating Meshes Flags
Fra:1 Mem:353.45M (Peak 579.87M) | Time:00:01.11 | Mem:0.38M, Peak:0.38M | Scene, ViewLayer | Updating Objects
Fra:1 Mem:353.45M (Peak 579.87M) | Time:00:01.11 | Mem:0.38M, Peak:0.38M | Scene, ViewLayer | Updating Objects | Copying Transformations to device
Fra:1 Mem:355.13M (Peak 579.87M) | Time:00:01.11 | Mem:2.00M, Peak:2.00M | Scene, ViewLayer | Updating Objects | Applying Static Transformations
Fra:1 Mem:355.13M (Peak 579.87M) | Time:00:01.11 | Mem:2.00M, Peak:2.00M | Scene, ViewLayer | Updating Particle Systems
Fra:1 Mem:355.13M (Peak 579.87M) | Time:00:01.11 | Mem:2.00M, Peak:2.00M | Scene, ViewLayer | Updating Particle Systems | Copying Particles to device
Fra:1 Mem:355.13M (Peak 579.87M) | Time:00:01.11 | Mem:2.00M, Peak:2.00M | Scene, ViewLayer | Updating Meshes
Fra:1 Mem:366.41M (Peak 579.87M) | Time:00:01.15 | Mem:2.00M, Peak:2.00M | Scene, ViewLayer | Updating Mesh | Computing attributes
Fra:1 Mem:372.36M (Peak 579.87M) | Time:00:01.16 | Mem:2.44M, Peak:2.44M | Scene, ViewLayer | Updating Mesh | Copying Attributes to device
Fra:1 Mem:371.27M (Peak 579.87M) | Time:00:01.16 | Mem:6.86M, Peak:6.86M | Scene, ViewLayer | Updating Scene BVH | Building
Fra:1 Mem:371.38M (Peak 579.87M) | Time:00:01.16 | Mem:6.86M, Peak:6.86M | Scene, ViewLayer | Updating Scene BVH | Building BVH
Fra:1 Mem:371.38M (Peak 579.87M) | Time:00:01.17 | Mem:29.44M, Peak:29.44M | Scene, ViewLayer | Updating Scene BVH | Building BVH 0%
Fra:1 Mem:371.38M (Peak 579.87M) | Time:00:01.25 | Mem:52.86M, Peak:75.44M | Scene, ViewLayer | Updating Scene BVH | Copying BVH to device
Fra:1 Mem:371.38M (Peak 579.87M) | Time:00:01.26 | Mem:52.86M, Peak:75.44M | Scene, ViewLayer | Updating Mesh | Computing normals
Fra:1 Mem:397.29M (Peak 579.87M) | Time:00:01.28 | Mem:52.86M, Peak:75.44M | Scene, ViewLayer | Updating Mesh | Copying Mesh to device
Fra:1 Mem:397.29M (Peak 579.87M) | Time:00:01.28 | Mem:78.77M, Peak:78.77M | Scene, ViewLayer | Updating Objects Flags
Fra:1 Mem:397.29M (Peak 579.87M) | Time:00:01.28 | Mem:78.83M, Peak:78.83M | Scene, ViewLayer | Updating Primitive Offsets
Fra:1 Mem:397.32M (Peak 579.87M) | Time:00:01.28 | Mem:78.85M, Peak:78.85M | Scene, ViewLayer | Updating Images
Fra:1 Mem:397.32M (Peak 579.87M) | Time:00:01.28 | Mem:78.85M, Peak:78.85M | Scene, ViewLayer | Updating Camera Volume
Fra:1 Mem:397.32M (Peak 579.87M) | Time:00:01.28 | Mem:78.85M, Peak:78.85M | Scene, ViewLayer | Updating Lookup Tables
Fra:1 Mem:397.32M (Peak 579.87M) | Time:00:01.28 | Mem:78.93M, Peak:78.93M | Scene, ViewLayer | Updating Lights
Fra:1 Mem:397.32M (Peak 579.87M) | Time:00:01.28 | Mem:78.93M, Peak:78.93M | Scene, ViewLayer | Updating Lights | Computing tree
Fra:1 Mem:397.53M (Peak 579.87M) | Time:00:01.28 | Mem:79.15M, Peak:79.15M | Scene, ViewLayer | Updating Integrator
Fra:1 Mem:397.53M (Peak 579.87M) | Time:00:01.28 | Mem:79.15M, Peak:79.15M | Scene, ViewLayer | Updating Film
Fra:1 Mem:397.53M (Peak 579.87M) | Time:00:01.28 | Mem:79.07M, Peak:79.15M | Scene, ViewLayer | Updating Lookup Tables
Fra:1 Mem:397.53M (Peak 579.87M) | Time:00:01.28 | Mem:79.15M, Peak:79.15M | Scene, ViewLayer | Updating Baking
Fra:1 Mem:397.53M (Peak 579.87M) | Time:00:01.28 | Mem:79.15M, Peak:79.15M | Scene, ViewLayer | Updating Device | Writing constant memory
Fra:1 Mem:397.64M (Peak 579.87M) | Time:00:01.28 | Mem:79.15M, Peak:79.15M | Scene, ViewLayer | Sample 0/24
Fra:1 Mem:419.97M (Peak 579.87M) | Time:00:01.75 | Remaining:00:10.76 | Mem:101.48M, Peak:101.48M | Scene, ViewLayer | Sample 1/24
Fra:1 Mem:429.89M (Peak 579.87M) | Time:00:12.76 | Mem:101.48M, Peak:101.48M | Scene, ViewLayer | Sample 24/24
Fra:1 Mem:429.89M (Peak 579.87M) | Time:00:12.76 | Mem:101.48M, Peak:101.48M | Scene, ViewLayer | Finished
Saved: '/workspace/shared/icf-detail/icf_detail_v02/GS/renders/exterior_r10_review.png'
Time: 00:13.00 (Saving: 00:00.21)

RENDER_COMPLETE GS exterior

Blender quit
