Blender 4.3.2
Read blend: "/workspace/shared/icf-detail/icf_detail_v02/3A/ICF_3A_master.blend"
Fra:1 Mem:476.49M (Peak 476.49M) | Time:00:01.00 | Mem:0.00M, Peak:0.00M | Scene, ViewLayer | Synchronizing object | Floor steel undertray
Fra:1 Mem:476.50M (Peak 476.50M) | Time:00:01.00 | Mem:0.00M, Peak:0.00M | Scene, ViewLayer | Synchronizing object | Welded solebar channel
Fra:1 Mem:476.50M (Peak 476.50M) | Time:00:01.00 | Mem:0.00M, Peak:0.00M | Scene, ViewLayer | Synchronizing object | Welded solebar channel.001
Fra:1 Mem:476.51M (Peak 476.51M) | Time:00:01.00 | Mem:0.00M, Peak:0.00M | Scene, ViewLayer | Synchronizing object | Body floor transverse bearer
Fra:1 Mem:476.51M (Peak 476.51M) | Time:00:01.00 | Mem:0.00M, Peak:0.00M | Scene, ViewLayer | Synchronizing object | Body floor transverse bearer.001
Fra:1 Mem:476.52M (Peak 476.52M) | Time:00:01.00 | Mem:0.00M, Peak:0.00M | Scene, ViewLayer | Synchronizing object | Body floor transverse bearer.002
Fra:1 Mem:476.52M (Peak 476.52M) | Time:00:01.00 | Mem:0.00M, Peak:0.00M | Scene, ViewLayer | Synchronizing object | Body floor transverse bearer.003
Fra:1 Mem:476.52M (Peak 476.52M) | Time:00:01.00 | Mem:0.00M, Peak:0.00M | Scene, ViewLayer | Synchronizing object | Body floor transverse bearer.004
Fra:1 Mem:476.52M (Peak 476.52M) | Time:00:01.00 | Mem:0.00M, Peak:0.00M | Scene, ViewLayer | Synchronizing object | Body floor transverse bearer.005
Fra:1 Mem:476.53M (Peak 476.53M) | Time:00:01.00 | Mem:0.00M, Peak:0.00M | Scene, ViewLayer | Synchronizing object | Body floor transverse bearer.006
Fra:1 Mem:476.53M (Peak 476.53M) | Time:00:01.00 | Mem:0.00M, Peak:0.00M | Scene, ViewLayer | Synchronizing object | Body floor transverse bearer.007
Fra:1 Mem:476.53M (Peak 476.53M) | Time:00:01.00 | Mem:0.00M, Peak:0.00M | Scene, ViewLayer | Synchronizing object | Body floor transverse bearer.008
Fra:1 Mem:476.54M (Peak 476.54M) | Time:00:01.00 | Mem:0.00M, Peak:0.00M | Scene, ViewLayer | Synchronizing object | Body floor transverse bearer.009
Fra:1 Mem:476.54M (Peak 476.54M) | Time:00:01.00 | Mem:0.00M, Peak:0.00M | Scene, ViewLayer | Synchronizing object | Body floor transverse bearer.010
Fra:1 Mem:476.54M (Peak 476.54M) | Time:00:01.00 | Mem:0.00M, Peak:0.00M | Scene, ViewLayer | Synchronizing object | Body floor transverse bearer.011
Fra:1 Mem:476.54M (Peak 476.54M) | Time:00:01.00 | Mem:0.00M, Peak:0.00M | Scene, ViewLayer | Synchronizing object | Body floor transverse bearer.013
Fra:1 Mem:476.54M (Peak 476.54M) | Time:00:01.00 | Mem:0.00M, Peak:0.00M | Scene, ViewLayer | Synchronizing object | Body floor transverse bearer.014
Fra:1 Mem:476.54M (Peak 476.54M) | Time:00:01.00 | Mem:0.00M, Peak:0.00M | Scene, ViewLayer | Synchronizing object | Body floor transverse bearer.015
Fra:1 Mem:476.54M (Peak 476.54M) | Time:00:01.00 | Mem:0.00M, Peak:0.00M | Scene, ViewLayer | Synchronizing object | Body floor transverse bearer.017
Fra:1 Mem:476.55M (Peak 476.55M) | Time:00:01.00 | Mem:0.00M, Peak:0.00M | Scene, ViewLayer | Synchronizing object | Body floor transverse bearer.018
Fra:1 Mem:476.55M (Peak 476.55M) | Time:00:01.00 | Mem:0.00M, Peak:0.00M | Scene, ViewLayer | Synchronizing object | Body floor transverse bearer.019
Fra:1 Mem:476.55M (Peak 476.55M) | Time:00:01.00 | Mem:0.00M, Peak:0.00M | Scene, ViewLayer | Synchronizing object | Body floor transverse bearer.021
Fra:1 Mem:476.55M (Peak 476.55M) | Time:00:01.00 | Mem:0.00M, Peak:0.00M | Scene, ViewLayer | Synchronizing object | Body floor transverse bearer.020
Fra:1 Mem:476.55M (Peak 476.55M) | Time:00:01.00 | Mem:0.00M, Peak:0.00M | Scene, ViewLayer | Synchronizing object | Body floor transverse bearer.023
Fra:1 Mem:476.56M (Peak 476.56M) | Time:00:01.00 | Mem:0.00M, Peak:0.00M | Scene, ViewLayer | Synchronizing object | Body floor transverse bearer.024
Fra:1 Mem:476.56M (Peak 476.56M) | Time:00:01.00 | Mem:0.00M, Peak:0.00M | Scene, ViewLayer | Synchronizing object | Pressed bodyside skin
Fra:1 Mem:476.56M (Peak 476.56M) | Time:00:01.00 | Mem:0.00M, Peak:0.00M | Scene, ViewLayer | Synchronizing object | Lined bodyside aperture panel
Fra:1 Mem:476.56M (Peak 476.56M) | Time:00:01.00 | Mem:0.00M, Peak:0.00M | Scene, ViewLayer | Synchronizing object | Pressed bodyside skin.001
Fra:1 Mem:476.56M (Peak 476.56M) | Time:00:01.00 | Mem:0.00M, Peak:0.00M | Scene, ViewLayer | Synchronizing object | Lined bodyside aperture panel.001
Fra:1 Mem:476.56M (Peak 476.56M) | Time:00:01.00 | Mem:0.00M, Peak:0.00M | Scene, ViewLayer | Synchronizing object | Pressed bodyside skin.002
Fra:1 Mem:476.56M (Peak 476.56M) | Time:00:01.00 | Mem:0.00M, Peak:0.00M | Scene, ViewLayer | Synchronizing object | Lined bodyside aperture panel.002
Fra:1 Mem:476.57M (Peak 476.57M) | Time:00:01.00 | Mem:0.00M, Peak:0.00M | Scene, ViewLayer | Synchronizing object | Pressed bodyside skin.003
Fra:1 Mem:476.57M (Peak 476.57M) | Time:00:01.00 | Mem:0.00M, Peak:0.00M | Scene, ViewLayer | Synchronizing object | Pressed bodyside skin.004
Fra:1 Mem:476.57M (Peak 476.57M) | Time:00:01.00 | Mem:0.00M, Peak:0.00M | Scene, ViewLayer | Synchronizing object | Lined bodyside aperture panel.004
Fra:1 Mem:476.57M (Peak 476.57M) | Time:00:01.00 | Mem:0.00M, Peak:0.00M | Scene, ViewLayer | Synchronizing object | Lined bodyside aperture panel.005
Fra:1 Mem:476.57M (Peak 476.57M) | Time:00:01.00 | Mem:0.00M, Peak:0.00M | Scene, ViewLayer | Synchronizing object | Pressed bodyside skin.006
Fra:1 Mem:476.57M (Peak 476.57M) | Time:00:01.00 | Mem:0.00M, Peak:0.00M | Scene, ViewLayer | Synchronizing object | Lined bodyside aperture panel.006
Fra:1 Mem:476.58M (Peak 476.58M) | Time:00:01.00 | Mem:0.00M, Peak:0.00M | Scene, ViewLayer | Synchronizing object | Pressed bodyside skin.007
Fra:1 Mem:476.58M (Peak 476.58M) | Time:00:01.00 | Mem:0.00M, Peak:0.00M | Scene, ViewLayer | Synchronizing object | Lined bodyside aperture panel.007
Fra:1 Mem:476.58M (Peak 476.58M) | Time:00:01.00 | Mem:0.00M, Peak:0.00M | Scene, ViewLayer | Synchronizing object | Lined bodyside aperture panel.008
Fra:1 Mem:476.58M (Peak 476.58M) | Time:00:01.00 | Mem:0.00M, Peak:0.00M | Scene, ViewLayer | Synchronizing object | Pressed bodyside skin.009
Fra:1 Mem:476.58M (Peak 476.58M) | Time:00:01.00 | Mem:0.00M, Peak:0.00M | Scene, ViewLayer | Synchronizing object | Lined bodyside aperture panel.009
Fra:1 Mem:476.58M (Peak 476.58M) | Time:00:01.00 | Mem:0.00M, Peak:0.00M | Scene, ViewLayer | Synchronizing object | Lined bodyside aperture panel.010
Fra:1 Mem:476.58M (Peak 476.58M) | Time:00:01.00 | Mem:0.00M, Peak:0.00M | Scene, ViewLayer | Synchronizing object | Pressed bodyside skin.011
Fra:1 Mem:476.59M (Peak 476.59M) | Time:00:01.00 | Mem:0.00M, Peak:0.00M | Scene, ViewLayer | Synchronizing object | Lined bodyside aperture panel.011
Fra:1 Mem:476.59M (Peak 476.59M) | Time:00:01.00 | Mem:0.00M, Peak:0.00M | Scene, ViewLayer | Synchronizing object | Lined bodyside aperture panel.012
Fra:1 Mem:476.59M (Peak 476.59M) | Time:00:01.00 | Mem:0.00M, Peak:0.00M | Scene, ViewLayer | Synchronizing object | Pressed bodyside skin.013
Fra:1 Mem:476.59M (Peak 476.59M) | Time:00:01.00 | Mem:0.00M, Peak:0.00M | Scene, ViewLayer | Synchronizing object | Lined bodyside aperture panel.013
Fra:1 Mem:476.59M (Peak 476.59M) | Time:00:01.00 | Mem:0.00M, Peak:0.00M | Scene, ViewLayer | Synchronizing object | Pressed bodyside skin.014
Fra:1 Mem:476.60M (Peak 476.60M) | Time:00:01.00 | Mem:0.00M, Peak:0.00M | Scene, ViewLayer | Synchronizing object | Lined bodyside aperture panel.014
Fra:1 Mem:476.60M (Peak 476.60M) | Time:00:01.00 | Mem:0.00M, Peak:0.00M | Scene, ViewLayer | Synchronizing object | Pressed bodyside skin.015
Fra:1 Mem:476.60M (Peak 476.60M) | Time:00:01.00 | Mem:0.00M, Peak:0.00M | Scene, ViewLayer | Synchronizing object | Lined bodyside aperture panel.015
Fra:1 Mem:476.60M (Peak 476.60M) | Time:00:01.00 | Mem:0.00M, Peak:0.00M | Scene, ViewLayer | Synchronizing object | Pressed bodyside skin.016
Fra:1 Mem:476.60M (Peak 476.60M) | Time:00:01.00 | Mem:0.00M, Peak:0.00M | Scene, ViewLayer | Synchronizing object | Lined bodyside aperture panel.016
Fra:1 Mem:476.60M (Peak 476.60M) | Time:00:01.00 | Mem:0.00M, Peak:0.00M | Scene, ViewLayer | Synchronizing object | Pressed bodyside skin.017
Fra:1 Mem:476.60M (Peak 476.60M) | Time:00:01.00 | Mem:0.00M, Peak:0.00M | Scene, ViewLayer | Synchronizing object | Pressed bodyside skin.018
Fra:1 Mem:476.61M (Peak 476.61M) | Time:00:01.00 | Mem:0.00M, Peak:0.00M | Scene, ViewLayer | Synchronizing object | Lined bodyside aperture panel.018
Fra:1 Mem:476.61M (Peak 476.61M) | Time:00:01.00 | Mem:0.00M, Peak:0.00M | Scene, ViewLayer | Synchronizing object | Pressed bodyside skin.019
Fra:1 Mem:476.61M (Peak 476.61M) | Time:00:01.00 | Mem:0.00M, Peak:0.00M | Scene, ViewLayer | Synchronizing object | Lined bodyside aperture panel.019
Fra:1 Mem:476.61M (Peak 476.61M) | Time:00:01.00 | Mem:0.00M, Peak:0.00M | Scene, ViewLayer | Synchronizing object | Lined bodyside aperture panel.020
Fra:1 Mem:476.61M (Peak 476.61M) | Time:00:01.00 | Mem:0.00M, Peak:0.00M | Scene, ViewLayer | Synchronizing object | Pressed bodyside skin.021
Fra:1 Mem:476.61M (Peak 476.61M) | Time:00:01.00 | Mem:0.00M, Peak:0.00M | Scene, ViewLayer | Synchronizing object | Lined bodyside aperture panel.021
Fra:1 Mem:476.61M (Peak 476.61M) | Time:00:01.00 | Mem:0.00M, Peak:0.00M | Scene, ViewLayer | Synchronizing object | Pressed bodyside skin.022
Fra:1 Mem:476.62M (Peak 476.62M) | Time:00:01.00 | Mem:0.00M, Peak:0.00M | Scene, ViewLayer | Synchronizing object | Lined bodyside aperture panel.022
Fra:1 Mem:476.62M (Peak 476.62M) | Time:00:01.00 | Mem:0.00M, Peak:0.00M | Scene, ViewLayer | Synchronizing object | Pressed bodyside skin.023
Fra:1 Mem:476.62M (Peak 476.62M) | Time:00:01.00 | Mem:0.00M, Peak:0.00M | Scene, ViewLayer | Synchronizing object | Pressed bodyside skin.024
Fra:1 Mem:476.62M (Peak 476.62M) | Time:00:01.00 | Mem:0.00M, Peak:0.00M | Scene, ViewLayer | Synchronizing object | Lined bodyside aperture panel.024
Fra:1 Mem:476.62M (Peak 476.62M) | Time:00:01.00 | Mem:0.00M, Peak:0.00M | Scene, ViewLayer | Synchronizing object | Pressed bodyside skin.025
Fra:1 Mem:476.62M (Peak 476.62M) | Time:00:01.00 | Mem:0.00M, Peak:0.00M | Scene, ViewLayer | Synchronizing object | Pressed bodyside skin.026
Fra:1 Mem:476.63M (Peak 476.63M) | Time:00:01.00 | Mem:0.00M, Peak:0.00M | Scene, ViewLayer | Synchronizing object | Lined bodyside aperture panel.026
Fra:1 Mem:476.63M (Peak 476.63M) | Time:00:01.00 | Mem:0.00M, Peak:0.00M | Scene, ViewLayer | Synchronizing object | Pressed bodyside skin.027
Fra:1 Mem:476.63M (Peak 476.63M) | Time:00:01.00 | Mem:0.00M, Peak:0.00M | Scene, ViewLayer | Synchronizing object | Lined bodyside aperture panel.027
Fra:1 Mem:476.63M (Peak 476.63M) | Time:00:01.00 | Mem:0.00M, Peak:0.00M | Scene, ViewLayer | Synchronizing object | Lined bodyside aperture panel.028
Fra:1 Mem:476.63M (Peak 476.63M) | Time:00:01.00 | Mem:0.00M, Peak:0.00M | Scene, ViewLayer | Synchronizing object | Pressed bodyside skin.029
Fra:1 Mem:476.63M (Peak 476.63M) | Time:00:01.00 | Mem:0.00M, Peak:0.00M | Scene, ViewLayer | Synchronizing object | Lined bodyside aperture panel.029
Fra:1 Mem:476.63M (Peak 476.63M) | Time:00:01.00 | Mem:0.00M, Peak:0.00M | Scene, ViewLayer | Synchronizing object | Pressed bodyside skin.030
Fra:1 Mem:476.63M (Peak 476.63M) | Time:00:01.00 | Mem:0.00M, Peak:0.00M | Scene, ViewLayer | Synchronizing object | Pressed bodyside skin.031
Fra:1 Mem:476.64M (Peak 476.64M) | Time:00:01.00 | Mem:0.00M, Peak:0.00M | Scene, ViewLayer | Synchronizing object | Lined bodyside aperture panel.031
Fra:1 Mem:476.64M (Peak 476.64M) | Time:00:01.00 | Mem:0.00M, Peak:0.00M | Scene, ViewLayer | Synchronizing object | Pressed bodyside skin.032
Fra:1 Mem:476.64M (Peak 476.64M) | Time:00:01.00 | Mem:0.00M, Peak:0.00M | Scene, ViewLayer | Synchronizing object | Lined bodyside aperture panel.032
Fra:1 Mem:476.64M (Peak 476.64M) | Time:00:01.00 | Mem:0.00M, Peak:0.00M | Scene, ViewLayer | Synchronizing object | Pressed bodyside skin.033
Fra:1 Mem:476.64M (Peak 476.64M) | Time:00:01.00 | Mem:0.00M, Peak:0.00M | Scene, ViewLayer | Synchronizing object | Lined bodyside aperture panel.033
Fra:1 Mem:476.64M (Peak 476.64M) | Time:00:01.00 | Mem:0.00M, Peak:0.00M | Scene, ViewLayer | Synchronizing object | Pressed bodyside skin.034
Fra:1 Mem:476.65M (Peak 476.65M) | Time:00:01.00 | Mem:0.00M, Peak:0.00M | Scene, ViewLayer | Synchronizing object | Lined bodyside aperture panel.034
Fra:1 Mem:476.65M (Peak 476.65M) | Time:00:01.00 | Mem:0.00M, Peak:0.00M | Scene, ViewLayer | Synchronizing object | Pressed bodyside skin.035
Fra:1 Mem:476.65M (Peak 476.65M) | Time:00:01.00 | Mem:0.00M, Peak:0.00M | Scene, ViewLayer | Synchronizing object | Lined bodyside aperture panel.035
Fra:1 Mem:476.65M (Peak 476.65M) | Time:00:01.00 | Mem:0.00M, Peak:0.00M | Scene, ViewLayer | Synchronizing object | Pressed bodyside skin.036
Fra:1 Mem:476.65M (Peak 476.65M) | Time:00:01.00 | Mem:0.00M, Peak:0.00M | Scene, ViewLayer | Synchronizing object | Lined bodyside aperture panel.036
Fra:1 Mem:476.65M (Peak 476.65M) | Time:00:01.00 | Mem:0.00M, Peak:0.00M | Scene, ViewLayer | Synchronizing object | Pressed bodyside skin.037
Fra:1 Mem:476.66M (Peak 476.66M) | Time:00:01.00 | Mem:0.00M, Peak:0.00M | Scene, ViewLayer | Synchronizing object | Lined bodyside aperture panel.037
Fra:1 Mem:476.66M (Peak 476.66M) | Time:00:01.00 | Mem:0.00M, Peak:0.00M | Scene, ViewLayer | Synchronizing object | Lined bodyside aperture panel.038
Fra:1 Mem:476.66M (Peak 476.66M) | Time:00:01.00 | Mem:0.00M, Peak:0.00M | Scene, ViewLayer | Synchronizing object | Pressed bodyside skin.039
Fra:1 Mem:476.66M (Peak 476.66M) | Time:00:01.00 | Mem:0.00M, Peak:0.00M | Scene, ViewLayer | Synchronizing object | Lined bodyside aperture panel.039
Fra:1 Mem:476.66M (Peak 476.66M) | Time:00:01.00 | Mem:0.00M, Peak:0.00M | Scene, ViewLayer | Synchronizing object | Pressed bodyside skin.040
Fra:1 Mem:476.66M (Peak 476.66M) | Time:00:01.00 | Mem:0.00M, Peak:0.00M | Scene, ViewLayer | Synchronizing object | Lined bodyside aperture panel.040
Fra:1 Mem:476.67M (Peak 476.67M) | Time:00:01.00 | Mem:0.00M, Peak:0.00M | Scene, ViewLayer | Synchronizing object | Pressed bodyside skin.041
Fra:1 Mem:476.67M (Peak 476.67M) | Time:00:01.00 | Mem:0.00M, Peak:0.00M | Scene, ViewLayer | Synchronizing object | Pressed bodyside skin.042
Fra:1 Mem:476.67M (Peak 476.67M) | Time:00:01.00 | Mem:0.00M, Peak:0.00M | Scene, ViewLayer | Synchronizing object | Lined bodyside aperture panel.042
Fra:1 Mem:476.67M (Peak 476.67M) | Time:00:01.00 | Mem:0.00M, Peak:0.00M | Scene, ViewLayer | Synchronizing object | Pressed bodyside skin.043
Fra:1 Mem:476.67M (Peak 476.67M) | Time:00:01.00 | Mem:0.00M, Peak:0.00M | Scene, ViewLayer | Synchronizing object | Lined bodyside aperture panel.043
Fra:1 Mem:476.67M (Peak 476.67M) | Time:00:01.00 | Mem:0.00M, Peak:0.00M | Scene, ViewLayer | Synchronizing object | Pressed bodyside skin.044
Fra:1 Mem:476.67M (Peak 476.67M) | Time:00:01.00 | Mem:0.00M, Peak:0.00M | Scene, ViewLayer | Synchronizing object | Pressed bodyside skin.045
Fra:1 Mem:476.68M (Peak 476.68M) | Time:00:01.00 | Mem:0.00M, Peak:0.00M | Scene, ViewLayer | Synchronizing object | Lined bodyside aperture panel.045
Fra:1 Mem:476.68M (Peak 476.68M) | Time:00:01.00 | Mem:0.00M, Peak:0.00M | Scene, ViewLayer | Synchronizing object | Pressed bodyside skin.046
Fra:1 Mem:476.68M (Peak 476.68M) | Time:00:01.00 | Mem:0.00M, Peak:0.00M | Scene, ViewLayer | Synchronizing object | Lined bodyside aperture panel.046
Fra:1 Mem:476.68M (Peak 476.68M) | Time:00:01.00 | Mem:0.00M, Peak:0.00M | Scene, ViewLayer | Synchronizing object | Pressed bodyside skin.047
Fra:1 Mem:476.68M (Peak 476.68M) | Time:00:01.00 | Mem:0.00M, Peak:0.00M | Scene, ViewLayer | Synchronizing object | Pressed bodyside skin.048
Fra:1 Mem:476.68M (Peak 476.68M) | Time:00:01.00 | Mem:0.00M, Peak:0.00M | Scene, ViewLayer | Synchronizing object | Lined bodyside aperture panel.048
Fra:1 Mem:476.69M (Peak 476.69M) | Time:00:01.00 | Mem:0.00M, Peak:0.00M | Scene, ViewLayer | Synchronizing object | Pressed bodyside skin.049
Fra:1 Mem:476.69M (Peak 476.69M) | Time:00:01.00 | Mem:0.00M, Peak:0.00M | Scene, ViewLayer | Synchronizing object | Pressed bodyside skin.050
Fra:1 Mem:476.69M (Peak 476.69M) | Time:00:01.00 | Mem:0.00M, Peak:0.00M | Scene, ViewLayer | Synchronizing object | Lined bodyside aperture panel.049
Fra:1 Mem:476.69M (Peak 476.69M) | Time:00:01.00 | Mem:0.00M, Peak:0.00M | Scene, ViewLayer | Synchronizing object | Pressed bodyside skin.051
Fra:1 Mem:476.69M (Peak 476.69M) | Time:00:01.00 | Mem:0.00M, Peak:0.00M | Scene, ViewLayer | Synchronizing object | Lined bodyside aperture panel.051
Fra:1 Mem:476.69M (Peak 476.69M) | Time:00:01.00 | Mem:0.00M, Peak:0.00M | Scene, ViewLayer | Synchronizing object | Lined bodyside aperture panel.052
Fra:1 Mem:476.70M (Peak 476.70M) | Time:00:01.00 | Mem:0.00M, Peak:0.00M | Scene, ViewLayer | Synchronizing object | Pressed bodyside skin.053
Fra:1 Mem:476.70M (Peak 476.70M) | Time:00:01.00 | Mem:0.00M, Peak:0.00M | Scene, ViewLayer | Synchronizing object | Pressed bodyside skin.054
Fra:1 Mem:476.70M (Peak 476.70M) | Time:00:01.00 | Mem:0.00M, Peak:0.00M | Scene, ViewLayer | Synchronizing object | Lined bodyside aperture panel.054
Fra:1 Mem:476.70M (Peak 476.70M) | Time:00:01.00 | Mem:0.00M, Peak:0.00M | Scene, ViewLayer | Synchronizing object | Pressed bodyside skin.055
Fra:1 Mem:476.70M (Peak 476.70M) | Time:00:01.00 | Mem:0.00M, Peak:0.00M | Scene, ViewLayer | Synchronizing object | Lined bodyside aperture panel.055
Fra:1 Mem:476.70M (Peak 476.70M) | Time:00:01.00 | Mem:0.00M, Peak:0.00M | Scene, ViewLayer | Synchronizing object | Lined bodyside aperture panel.056
Fra:1 Mem:476.70M (Peak 476.70M) | Time:00:01.00 | Mem:0.00M, Peak:0.00M | Scene, ViewLayer | Synchronizing object | Pressed bodyside skin.057
Fra:1 Mem:476.71M (Peak 476.71M) | Time:00:01.00 | Mem:0.00M, Peak:0.00M | Scene, ViewLayer | Synchronizing object | Lined bodyside aperture panel.057
Fra:1 Mem:476.71M (Peak 476.71M) | Time:00:01.00 | Mem:0.00M, Peak:0.00M | Scene, ViewLayer | Synchronizing object | Pressed bodyside skin.058
Fra:1 Mem:476.71M (Peak 476.71M) | Time:00:01.00 | Mem:0.00M, Peak:0.00M | Scene, ViewLayer | Synchronizing object | Lined bodyside aperture panel.058
Fra:1 Mem:476.71M (Peak 476.71M) | Time:00:01.00 | Mem:0.00M, Peak:0.00M | Scene, ViewLayer | Synchronizing object | Lined bodyside aperture panel.059
Fra:1 Mem:476.71M (Peak 476.71M) | Time:00:01.00 | Mem:0.00M, Peak:0.00M | Scene, ViewLayer | Synchronizing object | Pressed bodyside skin.060
Fra:1 Mem:476.71M (Peak 476.71M) | Time:00:01.00 | Mem:0.00M, Peak:0.00M | Scene, ViewLayer | Synchronizing object | Lined bodyside aperture panel.060
Fra:1 Mem:476.71M (Peak 476.71M) | Time:00:01.00 | Mem:0.00M, Peak:0.00M | Scene, ViewLayer | Synchronizing object | Pressed bodyside skin.061
Fra:1 Mem:476.72M (Peak 476.72M) | Time:00:01.00 | Mem:0.00M, Peak:0.00M | Scene, ViewLayer | Synchronizing object | Pressed bodyside skin.062
Fra:1 Mem:476.72M (Peak 476.72M) | Time:00:01.00 | Mem:0.00M, Peak:0.00M | Scene, ViewLayer | Synchronizing object | Lined bodyside aperture panel.062
Fra:1 Mem:476.72M (Peak 476.72M) | Time:00:01.00 | Mem:0.00M, Peak:0.00M | Scene, ViewLayer | Synchronizing object | Pressed bodyside skin.063
Fra:1 Mem:476.72M (Peak 476.72M) | Time:00:01.00 | Mem:0.00M, Peak:0.00M | Scene, ViewLayer | Synchronizing object | Lined bodyside aperture panel.063
Fra:1 Mem:476.72M (Peak 476.72M) | Time:00:01.00 | Mem:0.00M, Peak:0.00M | Scene, ViewLayer | Synchronizing object | Pressed bodyside skin.064
Fra:1 Mem:476.72M (Peak 476.72M) | Time:00:01.00 | Mem:0.00M, Peak:0.00M | Scene, ViewLayer | Synchronizing object | Lined bodyside aperture panel.064
Fra:1 Mem:476.72M (Peak 476.72M) | Time:00:01.00 | Mem:0.00M, Peak:0.00M | Scene, ViewLayer | Synchronizing object | Lined bodyside aperture panel.065
Fra:1 Mem:476.73M (Peak 476.73M) | Time:00:01.00 | Mem:0.00M, Peak:0.00M | Scene, ViewLayer | Synchronizing object | Pressed bodyside skin.066
Fra:1 Mem:476.73M (Peak 476.73M) | Time:00:01.00 | Mem:0.00M, Peak:0.00M | Scene, ViewLayer | Synchronizing object | Lined bodyside aperture panel.066
Fra:1 Mem:476.73M (Peak 476.73M) | Time:00:01.00 | Mem:0.00M, Peak:0.00M | Scene, ViewLayer | Synchronizing object | Pressed bodyside skin.067
Fra:1 Mem:476.73M (Peak 476.73M) | Time:00:01.00 | Mem:0.00M, Peak:0.00M | Scene, ViewLayer | Synchronizing object | Pressed bodyside skin.068
Fra:1 Mem:476.73M (Peak 476.73M) | Time:00:01.00 | Mem:0.00M, Peak:0.00M | Scene, ViewLayer | Synchronizing object | Lined bodyside aperture panel.067
Fra:1 Mem:476.73M (Peak 476.73M) | Time:00:01.00 | Mem:0.00M, Peak:0.00M | Scene, ViewLayer | Synchronizing object | Lined bodyside aperture panel.068
Fra:1 Mem:476.74M (Peak 476.74M) | Time:00:01.00 | Mem:0.00M, Peak:0.00M | Scene, ViewLayer | Synchronizing object | Pressed bodyside skin.069
Fra:1 Mem:476.74M (Peak 476.74M) | Time:00:01.00 | Mem:0.00M, Peak:0.00M | Scene, ViewLayer | Synchronizing object | Lined bodyside aperture panel.069
Fra:1 Mem:476.74M (Peak 476.74M) | Time:00:01.00 | Mem:0.00M, Peak:0.00M | Scene, ViewLayer | Synchronizing object | Pressed bodyside skin.070
Fra:1 Mem:476.74M (Peak 476.74M) | Time:00:01.00 | Mem:0.00M, Peak:0.00M | Scene, ViewLayer | Synchronizing object | Lined bodyside aperture panel.070
Fra:1 Mem:476.74M (Peak 476.74M) | Time:00:01.00 | Mem:0.00M, Peak:0.00M | Scene, ViewLayer | Synchronizing object | Pressed bodyside skin.071
Fra:1 Mem:476.74M (Peak 476.74M) | Time:00:01.00 | Mem:0.00M, Peak:0.00M | Scene, ViewLayer | Synchronizing object | Lined bodyside aperture panel.071
Fra:1 Mem:476.74M (Peak 476.74M) | Time:00:01.00 | Mem:0.00M, Peak:0.00M | Scene, ViewLayer | Synchronizing object | Pressed bodyside skin.072
Fra:1 Mem:476.74M (Peak 476.74M) | Time:00:01.00 | Mem:0.00M, Peak:0.00M | Scene, ViewLayer | Synchronizing object | Pressed bodyside skin.073
Fra:1 Mem:476.75M (Peak 476.75M) | Time:00:01.00 | Mem:0.00M, Peak:0.00M | Scene, ViewLayer | Synchronizing object | Lined bodyside aperture panel.073
Fra:1 Mem:476.75M (Peak 476.75M) | Time:00:01.00 | Mem:0.00M, Peak:0.00M | Scene, ViewLayer | Synchronizing object | Pressed bodyside skin.074
Fra:1 Mem:476.75M (Peak 476.75M) | Time:00:01.00 | Mem:0.00M, Peak:0.00M | Scene, ViewLayer | Synchronizing object | Lined bodyside aperture panel.074
Fra:1 Mem:476.75M (Peak 476.75M) | Time:00:01.00 | Mem:0.00M, Peak:0.00M | Scene, ViewLayer | Synchronizing object | Pressed bodyside skin.075
Fra:1 Mem:476.75M (Peak 476.75M) | Time:00:01.00 | Mem:0.00M, Peak:0.00M | Scene, ViewLayer | Synchronizing object | Lined bodyside aperture panel.075
Fra:1 Mem:476.75M (Peak 476.75M) | Time:00:01.00 | Mem:0.00M, Peak:0.00M | Scene, ViewLayer | Synchronizing object | Pressed bodyside skin.076
Fra:1 Mem:476.75M (Peak 476.75M) | Time:00:01.00 | Mem:0.00M, Peak:0.00M | Scene, ViewLayer | Synchronizing object | Pressed bodyside skin.077
Fra:1 Mem:476.76M (Peak 476.76M) | Time:00:01.00 | Mem:0.00M, Peak:0.00M | Scene, ViewLayer | Synchronizing object | Lined bodyside aperture panel.077
Fra:1 Mem:476.76M (Peak 476.76M) | Time:00:01.00 | Mem:0.00M, Peak:0.00M | Scene, ViewLayer | Synchronizing object | Pressed bodyside skin.078
Fra:1 Mem:476.76M (Peak 476.76M) | Time:00:01.00 | Mem:0.00M, Peak:0.00M | Scene, ViewLayer | Synchronizing object | Pressed bodyside skin.079
Fra:1 Mem:476.76M (Peak 476.76M) | Time:00:01.00 | Mem:0.00M, Peak:0.00M | Scene, ViewLayer | Synchronizing object | Pressed bodyside skin.080
Fra:1 Mem:476.77M (Peak 476.77M) | Time:00:01.00 | Mem:0.00M, Peak:0.00M | Scene, ViewLayer | Synchronizing object | Lined bodyside aperture panel.080
Fra:1 Mem:476.77M (Peak 476.77M) | Time:00:01.00 | Mem:0.00M, Peak:0.00M | Scene, ViewLayer | Synchronizing object | Pressed bodyside skin.081
Fra:1 Mem:476.77M (Peak 476.77M) | Time:00:01.00 | Mem:0.00M, Peak:0.00M | Scene, ViewLayer | Synchronizing object | Lined bodyside aperture panel.081
Fra:1 Mem:476.77M (Peak 476.77M) | Time:00:01.00 | Mem:0.00M, Peak:0.00M | Scene, ViewLayer | Synchronizing object | Pressed bodyside skin.082
Fra:1 Mem:476.77M (Peak 476.77M) | Time:00:01.00 | Mem:0.00M, Peak:0.00M | Scene, ViewLayer | Synchronizing object | Lined bodyside aperture panel.082
Fra:1 Mem:476.77M (Peak 476.77M) | Time:00:01.00 | Mem:0.00M, Peak:0.00M | Scene, ViewLayer | Synchronizing object | Lined bodyside aperture panel.083
Fra:1 Mem:476.78M (Peak 476.78M) | Time:00:01.00 | Mem:0.00M, Peak:0.00M | Scene, ViewLayer | Synchronizing object | Pressed bodyside skin.084
Fra:1 Mem:476.78M (Peak 476.78M) | Time:00:01.00 | Mem:0.00M, Peak:0.00M | Scene, ViewLayer | Synchronizing object | Pressed bodyside skin.085
Fra:1 Mem:476.78M (Peak 476.78M) | Time:00:01.00 | Mem:0.00M, Peak:0.00M | Scene, ViewLayer | Synchronizing object | Pressed bodyside skin.086
Fra:1 Mem:476.78M (Peak 476.78M) | Time:00:01.00 | Mem:0.00M, Peak:0.00M | Scene, ViewLayer | Synchronizing object | Lined bodyside aperture panel.086
Fra:1 Mem:476.78M (Peak 476.78M) | Time:00:01.00 | Mem:0.00M, Peak:0.00M | Scene, ViewLayer | Synchronizing object | Pressed bodyside skin.087
Fra:1 Mem:476.79M (Peak 476.79M) | Time:00:01.00 | Mem:0.00M, Peak:0.00M | Scene, ViewLayer | Synchronizing object | Pressed bodyside skin.088
Fra:1 Mem:476.79M (Peak 476.79M) | Time:00:01.00 | Mem:0.00M, Peak:0.00M | Scene, ViewLayer | Synchronizing object | Pressed bodyside skin.089
Fra:1 Mem:476.79M (Peak 476.79M) | Time:00:01.00 | Mem:0.00M, Peak:0.00M | Scene, ViewLayer | Synchronizing object | Lined bodyside aperture panel.089
Fra:1 Mem:476.79M (Peak 476.79M) | Time:00:01.00 | Mem:0.00M, Peak:0.00M | Scene, ViewLayer | Synchronizing object | Pressed bodyside skin.090
Fra:1 Mem:476.79M (Peak 476.79M) | Time:00:01.00 | Mem:0.00M, Peak:0.00M | Scene, ViewLayer | Synchronizing object | Lined bodyside aperture panel.090
Fra:1 Mem:476.80M (Peak 476.80M) | Time:00:01.00 | Mem:0.00M, Peak:0.00M | Scene, ViewLayer | Synchronizing object | Lined bodyside aperture panel.091
Fra:1 Mem:476.80M (Peak 476.80M) | Time:00:01.00 | Mem:0.00M, Peak:0.00M | Scene, ViewLayer | Synchronizing object | Pressed bodyside skin.092
Fra:1 Mem:476.80M (Peak 476.80M) | Time:00:01.00 | Mem:0.00M, Peak:0.00M | Scene, ViewLayer | Synchronizing object | Lined bodyside aperture panel.092
Fra:1 Mem:476.80M (Peak 476.80M) | Time:00:01.00 | Mem:0.00M, Peak:0.00M | Scene, ViewLayer | Synchronizing object | Pressed bodyside skin.093
Fra:1 Mem:476.80M (Peak 476.80M) | Time:00:01.00 | Mem:0.00M, Peak:0.00M | Scene, ViewLayer | Synchronizing object | Lined bodyside aperture panel.093
Fra:1 Mem:476.80M (Peak 476.80M) | Time:00:01.00 | Mem:0.00M, Peak:0.00M | Scene, ViewLayer | Synchronizing object | Pressed bodyside skin.094
Fra:1 Mem:476.80M (Peak 476.80M) | Time:00:01.00 | Mem:0.00M, Peak:0.00M | Scene, ViewLayer | Synchronizing object | Lined bodyside aperture panel.094
Fra:1 Mem:476.80M (Peak 476.80M) | Time:00:01.00 | Mem:0.00M, Peak:0.00M | Scene, ViewLayer | Synchronizing object | Pressed bodyside skin.095
Fra:1 Mem:476.80M (Peak 476.80M) | Time:00:01.00 | Mem:0.00M, Peak:0.00M | Scene, ViewLayer | Synchronizing object | Lined bodyside aperture panel.095
Fra:1 Mem:476.81M (Peak 476.81M) | Time:00:01.00 | Mem:0.00M, Peak:0.00M | Scene, ViewLayer | Synchronizing object | Pressed bodyside skin.096
Fra:1 Mem:476.81M (Peak 476.81M) | Time:00:01.00 | Mem:0.00M, Peak:0.00M | Scene, ViewLayer | Synchronizing object | Lined bodyside aperture panel.096
Fra:1 Mem:476.81M (Peak 476.81M) | Time:00:01.00 | Mem:0.00M, Peak:0.00M | Scene, ViewLayer | Synchronizing object | Pressed bodyside skin.097
Fra:1 Mem:476.81M (Peak 476.81M) | Time:00:01.00 | Mem:0.00M, Peak:0.00M | Scene, ViewLayer | Synchronizing object | Lined bodyside aperture panel.097
Fra:1 Mem:476.81M (Peak 476.81M) | Time:00:01.00 | Mem:0.00M, Peak:0.00M | Scene, ViewLayer | Synchronizing object | Lined bodyside aperture panel.098
Fra:1 Mem:476.82M (Peak 476.82M) | Time:00:01.00 | Mem:0.00M, Peak:0.00M | Scene, ViewLayer | Synchronizing object | Pressed bodyside skin.099
Fra:1 Mem:476.82M (Peak 476.82M) | Time:00:01.00 | Mem:0.00M, Peak:0.00M | Scene, ViewLayer | Synchronizing object | Pressed bodyside skin.100
Fra:1 Mem:476.82M (Peak 476.82M) | Time:00:01.00 | Mem:0.00M, Peak:0.00M | Scene, ViewLayer | Synchronizing object | Lined bodyside aperture panel.100
Fra:1 Mem:476.82M (Peak 476.82M) | Time:00:01.00 | Mem:0.00M, Peak:0.00M | Scene, ViewLayer | Synchronizing object | Pressed bodyside skin.101
Fra:1 Mem:476.82M (Peak 476.82M) | Time:00:01.00 | Mem:0.00M, Peak:0.00M | Scene, ViewLayer | Synchronizing object | Lined bodyside aperture panel.101
Fra:1 Mem:476.82M (Peak 476.82M) | Time:00:01.00 | Mem:0.00M, Peak:0.00M | Scene, ViewLayer | Synchronizing object | Pressed bodyside skin.102
Fra:1 Mem:476.82M (Peak 476.82M) | Time:00:01.00 | Mem:0.00M, Peak:0.00M | Scene, ViewLayer | Synchronizing object | Lined bodyside aperture panel.102
Fra:1 Mem:476.82M (Peak 476.82M) | Time:00:01.00 | Mem:0.00M, Peak:0.00M | Scene, ViewLayer | Synchronizing object | Lined bodyside aperture panel.103
Fra:1 Mem:476.83M (Peak 476.83M) | Time:00:01.00 | Mem:0.00M, Peak:0.00M | Scene, ViewLayer | Synchronizing object | Pressed bodyside skin.104
Fra:1 Mem:476.83M (Peak 476.83M) | Time:00:01.00 | Mem:0.00M, Peak:0.00M | Scene, ViewLayer | Synchronizing object | Lined bodyside aperture panel.104
Fra:1 Mem:476.83M (Peak 476.83M) | Time:00:01.00 | Mem:0.00M, Peak:0.00M | Scene, ViewLayer | Synchronizing object | Pressed bodyside skin.105
Fra:1 Mem:476.83M (Peak 476.83M) | Time:00:01.00 | Mem:0.00M, Peak:0.00M | Scene, ViewLayer | Synchronizing object | Lined bodyside aperture panel.105
Fra:1 Mem:476.83M (Peak 476.83M) | Time:00:01.00 | Mem:0.00M, Peak:0.00M | Scene, ViewLayer | Synchronizing object | Pressed bodyside skin.106
Fra:1 Mem:476.83M (Peak 476.83M) | Time:00:01.00 | Mem:0.00M, Peak:0.00M | Scene, ViewLayer | Synchronizing object | Lined bodyside aperture panel.106
Fra:1 Mem:476.84M (Peak 476.84M) | Time:00:01.00 | Mem:0.00M, Peak:0.00M | Scene, ViewLayer | Synchronizing object | Pressed bodyside skin.107
Fra:1 Mem:476.84M (Peak 476.84M) | Time:00:01.00 | Mem:0.00M, Peak:0.00M | Scene, ViewLayer | Synchronizing object | Pressed bodyside skin.108
Fra:1 Mem:476.84M (Peak 476.84M) | Time:00:01.00 | Mem:0.00M, Peak:0.00M | Scene, ViewLayer | Synchronizing object | Lined bodyside aperture panel.108
Fra:1 Mem:476.84M (Peak 476.84M) | Time:00:01.00 | Mem:0.00M, Peak:0.00M | Scene, ViewLayer | Synchronizing object | Pressed bodyside skin.109
Fra:1 Mem:476.85M (Peak 476.85M) | Time:00:01.00 | Mem:0.00M, Peak:0.00M | Scene, ViewLayer | Synchronizing object | Lined bodyside aperture panel.109
Fra:1 Mem:476.85M (Peak 476.85M) | Time:00:01.00 | Mem:0.00M, Peak:0.00M | Scene, ViewLayer | Synchronizing object | Lined bodyside aperture panel.110
Fra:1 Mem:476.85M (Peak 476.85M) | Time:00:01.00 | Mem:0.00M, Peak:0.00M | Scene, ViewLayer | Synchronizing object | Pressed bodyside skin.111
Fra:1 Mem:476.85M (Peak 476.85M) | Time:00:01.00 | Mem:0.00M, Peak:0.00M | Scene, ViewLayer | Synchronizing object | Lined bodyside aperture panel.111
Fra:1 Mem:476.85M (Peak 476.85M) | Time:00:01.00 | Mem:0.00M, Peak:0.00M | Scene, ViewLayer | Synchronizing object | Pressed bodyside skin.112
Fra:1 Mem:476.85M (Peak 476.85M) | Time:00:01.00 | Mem:0.00M, Peak:0.00M | Scene, ViewLayer | Synchronizing object | Lined bodyside aperture panel.112
Fra:1 Mem:476.85M (Peak 476.85M) | Time:00:01.00 | Mem:0.00M, Peak:0.00M | Scene, ViewLayer | Synchronizing object | Lined bodyside aperture panel.113
Fra:1 Mem:476.86M (Peak 476.86M) | Time:00:01.00 | Mem:0.00M, Peak:0.00M | Scene, ViewLayer | Synchronizing object | Pressed bodyside skin.114
Fra:1 Mem:476.86M (Peak 476.86M) | Time:00:01.00 | Mem:0.00M, Peak:0.00M | Scene, ViewLayer | Synchronizing object | Lined bodyside aperture panel.114
Fra:1 Mem:476.86M (Peak 476.86M) | Time:00:01.00 | Mem:0.00M, Peak:0.00M | Scene, ViewLayer | Synchronizing object | Pressed bodyside skin.115
Fra:1 Mem:476.86M (Peak 476.86M) | Time:00:01.00 | Mem:0.00M, Peak:0.00M | Scene, ViewLayer | Synchronizing object | Pressed bodyside skin.116
Fra:1 Mem:476.86M (Peak 476.86M) | Time:00:01.00 | Mem:0.00M, Peak:0.00M | Scene, ViewLayer | Synchronizing object | Lined bodyside aperture panel.115
Fra:1 Mem:476.86M (Peak 476.86M) | Time:00:01.00 | Mem:0.00M, Peak:0.00M | Scene, ViewLayer | Synchronizing object | Lined bodyside aperture panel.116
Fra:1 Mem:476.86M (Peak 476.86M) | Time:00:01.00 | Mem:0.00M, Peak:0.00M | Scene, ViewLayer | Synchronizing object | Pressed bodyside skin.117
Fra:1 Mem:476.87M (Peak 476.87M) | Time:00:01.00 | Mem:0.00M, Peak:0.00M | Scene, ViewLayer | Synchronizing object | Lined bodyside aperture panel.117
Fra:1 Mem:476.87M (Peak 476.87M) | Time:00:01.00 | Mem:0.00M, Peak:0.00M | Scene, ViewLayer | Synchronizing object | Pressed bodyside skin.118
Fra:1 Mem:476.87M (Peak 476.87M) | Time:00:01.00 | Mem:0.00M, Peak:0.00M | Scene, ViewLayer | Synchronizing object | Pressed bodyside skin.119
Fra:1 Mem:476.87M (Peak 476.87M) | Time:00:01.00 | Mem:0.00M, Peak:0.00M | Scene, ViewLayer | Synchronizing object | Lined bodyside aperture panel.119
Fra:1 Mem:476.88M (Peak 476.88M) | Time:00:01.00 | Mem:0.00M, Peak:0.00M | Scene, ViewLayer | Synchronizing object | Pressed bodyside skin.120
Fra:1 Mem:476.88M (Peak 476.88M) | Time:00:01.00 | Mem:0.00M, Peak:0.00M | Scene, ViewLayer | Synchronizing object | Lined bodyside aperture panel.120
Fra:1 Mem:476.88M (Peak 476.88M) | Time:00:01.00 | Mem:0.00M, Peak:0.00M | Scene, ViewLayer | Synchronizing object | Lined bodyside aperture panel.121
Fra:1 Mem:476.88M (Peak 476.88M) | Time:00:01.00 | Mem:0.00M, Peak:0.00M | Scene, ViewLayer | Synchronizing object | Pressed bodyside skin.122
Fra:1 Mem:476.88M (Peak 476.88M) | Time:00:01.00 | Mem:0.00M, Peak:0.00M | Scene, ViewLayer | Synchronizing object | Lined bodyside aperture panel.122
Fra:1 Mem:476.88M (Peak 476.88M) | Time:00:01.00 | Mem:0.00M, Peak:0.00M | Scene, ViewLayer | Synchronizing object | Pressed bodyside skin.123
Fra:1 Mem:476.88M (Peak 476.88M) | Time:00:01.00 | Mem:0.00M, Peak:0.00M | Scene, ViewLayer | Synchronizing object | Pressed bodyside skin.124
Fra:1 Mem:476.89M (Peak 476.89M) | Time:00:01.00 | Mem:0.00M, Peak:0.00M | Scene, ViewLayer | Synchronizing object | Lined bodyside aperture panel.123
Fra:1 Mem:476.89M (Peak 476.89M) | Time:00:01.00 | Mem:0.00M, Peak:0.00M | Scene, ViewLayer | Synchronizing object | Lined bodyside aperture panel.124
Fra:1 Mem:476.89M (Peak 476.89M) | Time:00:01.00 | Mem:0.00M, Peak:0.00M | Scene, ViewLayer | Synchronizing object | Pressed bodyside skin.125
Fra:1 Mem:476.89M (Peak 476.89M) | Time:00:01.00 | Mem:0.00M, Peak:0.00M | Scene, ViewLayer | Synchronizing object | Lined bodyside aperture panel.125
Fra:1 Mem:476.89M (Peak 476.89M) | Time:00:01.00 | Mem:0.00M, Peak:0.00M | Scene, ViewLayer | Synchronizing object | Pressed bodyside skin.126
Fra:1 Mem:476.89M (Peak 476.89M) | Time:00:01.00 | Mem:0.00M, Peak:0.00M | Scene, ViewLayer | Synchronizing object | Lined bodyside aperture panel.126
Fra:1 Mem:476.89M (Peak 476.89M) | Time:00:01.00 | Mem:0.00M, Peak:0.00M | Scene, ViewLayer | Synchronizing object | Pressed bodyside skin.127
Fra:1 Mem:476.90M (Peak 476.90M) | Time:00:01.00 | Mem:0.00M, Peak:0.00M | Scene, ViewLayer | Synchronizing object | Lined bodyside aperture panel.127
Fra:1 Mem:476.90M (Peak 476.90M) | Time:00:01.00 | Mem:0.00M, Peak:0.00M | Scene, ViewLayer | Synchronizing object | Pressed bodyside skin.128
Fra:1 Mem:476.90M (Peak 476.90M) | Time:00:01.00 | Mem:0.00M, Peak:0.00M | Scene, ViewLayer | Synchronizing object | Lined bodyside aperture panel.128
Fra:1 Mem:476.90M (Peak 476.90M) | Time:00:01.00 | Mem:0.00M, Peak:0.00M | Scene, ViewLayer | Synchronizing object | Pressed bodyside skin.129
Fra:1 Mem:476.90M (Peak 476.90M) | Time:00:01.00 | Mem:0.00M, Peak:0.00M | Scene, ViewLayer | Synchronizing object | Lined bodyside aperture panel.129
Fra:1 Mem:476.90M (Peak 476.90M) | Time:00:01.00 | Mem:0.00M, Peak:0.00M | Scene, ViewLayer | Synchronizing object | Pressed bodyside skin.130
Fra:1 Mem:476.90M (Peak 476.90M) | Time:00:01.00 | Mem:0.00M, Peak:0.00M | Scene, ViewLayer | Synchronizing object | Pressed bodyside skin.131
Fra:1 Mem:476.91M (Peak 476.91M) | Time:00:01.00 | Mem:0.00M, Peak:0.00M | Scene, ViewLayer | Synchronizing object | Lined bodyside aperture panel.130
Fra:1 Mem:476.91M (Peak 476.91M) | Time:00:01.00 | Mem:0.00M, Peak:0.00M | Scene, ViewLayer | Synchronizing object | Lined bodyside aperture panel.131
Fra:1 Mem:476.91M (Peak 476.91M) | Time:00:01.00 | Mem:0.00M, Peak:0.00M | Scene, ViewLayer | Synchronizing object | Pressed bodyside skin.132
Fra:1 Mem:476.91M (Peak 476.91M) | Time:00:01.00 | Mem:0.00M, Peak:0.00M | Scene, ViewLayer | Synchronizing object | Lined bodyside aperture panel.132
Fra:1 Mem:476.91M (Peak 476.91M) | Time:00:01.00 | Mem:0.00M, Peak:0.00M | Scene, ViewLayer | Synchronizing object | Pressed bodyside skin.133
Fra:1 Mem:476.91M (Peak 476.91M) | Time:00:01.00 | Mem:0.00M, Peak:0.00M | Scene, ViewLayer | Synchronizing object | Lined bodyside aperture panel.133
Fra:1 Mem:476.91M (Peak 476.91M) | Time:00:01.00 | Mem:0.00M, Peak:0.00M | Scene, ViewLayer | Synchronizing object | Lined bodyside aperture panel.134
Fra:1 Mem:476.92M (Peak 476.92M) | Time:00:01.00 | Mem:0.00M, Peak:0.00M | Scene, ViewLayer | Synchronizing object | Pressed bodyside skin.135
Fra:1 Mem:476.92M (Peak 476.92M) | Time:00:01.00 | Mem:0.00M, Peak:0.00M | Scene, ViewLayer | Synchronizing object | Lined bodyside aperture panel.135
Fra:1 Mem:476.92M (Peak 476.92M) | Time:00:01.00 | Mem:0.00M, Peak:0.00M | Scene, ViewLayer | Synchronizing object | Pressed bodyside skin.136
Fra:1 Mem:476.92M (Peak 476.92M) | Time:00:01.00 | Mem:0.00M, Peak:0.00M | Scene, ViewLayer | Synchronizing object | Lined bodyside aperture panel.136
Fra:1 Mem:476.92M (Peak 476.92M) | Time:00:01.00 | Mem:0.00M, Peak:0.00M | Scene, ViewLayer | Synchronizing object | Pressed bodyside skin.137
Fra:1 Mem:476.92M (Peak 476.92M) | Time:00:01.00 | Mem:0.00M, Peak:0.00M | Scene, ViewLayer | Synchronizing object | Lined bodyside aperture panel.137
Fra:1 Mem:476.93M (Peak 476.93M) | Time:00:01.00 | Mem:0.00M, Peak:0.00M | Scene, ViewLayer | Synchronizing object | Pressed bodyside skin.138
Fra:1 Mem:476.93M (Peak 476.93M) | Time:00:01.00 | Mem:0.00M, Peak:0.00M | Scene, ViewLayer | Synchronizing object | Lined bodyside aperture panel.138
Fra:1 Mem:476.93M (Peak 476.93M) | Time:00:01.00 | Mem:0.00M, Peak:0.00M | Scene, ViewLayer | Synchronizing object | Pressed bodyside skin.139
Fra:1 Mem:476.93M (Peak 476.93M) | Time:00:01.00 | Mem:0.00M, Peak:0.00M | Scene, ViewLayer | Synchronizing object | Lined bodyside aperture panel.139
Fra:1 Mem:476.93M (Peak 476.93M) | Time:00:01.00 | Mem:0.00M, Peak:0.00M | Scene, ViewLayer | Synchronizing object | Pressed bodyside skin.140
Fra:1 Mem:476.93M (Peak 476.93M) | Time:00:01.00 | Mem:0.00M, Peak:0.00M | Scene, ViewLayer | Synchronizing object | Lined bodyside aperture panel.140
Fra:1 Mem:476.93M (Peak 476.93M) | Time:00:01.00 | Mem:0.00M, Peak:0.00M | Scene, ViewLayer | Synchronizing object | Pressed bodyside skin.141
Fra:1 Mem:476.94M (Peak 476.94M) | Time:00:01.00 | Mem:0.00M, Peak:0.00M | Scene, ViewLayer | Synchronizing object | Lined bodyside aperture panel.141
Fra:1 Mem:476.94M (Peak 476.94M) | Time:00:01.00 | Mem:0.00M, Peak:0.00M | Scene, ViewLayer | Synchronizing object | Pressed bodyside skin.142
Fra:1 Mem:476.94M (Peak 476.94M) | Time:00:01.00 | Mem:0.00M, Peak:0.00M | Scene, ViewLayer | Synchronizing object | Lined bodyside aperture panel.142
Fra:1 Mem:476.94M (Peak 476.94M) | Time:00:01.00 | Mem:0.00M, Peak:0.00M | Scene, ViewLayer | Synchronizing object | Pressed bodyside skin.143
Fra:1 Mem:476.94M (Peak 476.94M) | Time:00:01.00 | Mem:0.00M, Peak:0.00M | Scene, ViewLayer | Synchronizing object | Lined bodyside aperture panel.143
Fra:1 Mem:476.94M (Peak 476.94M) | Time:00:01.00 | Mem:0.00M, Peak:0.00M | Scene, ViewLayer | Synchronizing object | Pressed bodyside skin.144
Fra:1 Mem:476.94M (Peak 476.94M) | Time:00:01.00 | Mem:0.00M, Peak:0.00M | Scene, ViewLayer | Synchronizing object | Lined bodyside aperture panel.144
Fra:1 Mem:476.95M (Peak 476.95M) | Time:00:01.00 | Mem:0.00M, Peak:0.00M | Scene, ViewLayer | Synchronizing object | Pressed bodyside skin.145
Fra:1 Mem:476.95M (Peak 476.95M) | Time:00:01.00 | Mem:0.00M, Peak:0.00M | Scene, ViewLayer | Synchronizing object | Lined bodyside aperture panel.145
Fra:1 Mem:476.95M (Peak 476.95M) | Time:00:01.00 | Mem:0.00M, Peak:0.00M | Scene, ViewLayer | Synchronizing object | Pressed bodyside skin.146
Fra:1 Mem:476.95M (Peak 476.95M) | Time:00:01.00 | Mem:0.00M, Peak:0.00M | Scene, ViewLayer | Synchronizing object | Lined bodyside aperture panel.146
Fra:1 Mem:476.95M (Peak 476.95M) | Time:00:01.00 | Mem:0.00M, Peak:0.00M | Scene, ViewLayer | Synchronizing object | Pressed bodyside skin.147
Fra:1 Mem:476.96M (Peak 476.96M) | Time:00:01.00 | Mem:0.00M, Peak:0.00M | Scene, ViewLayer | Synchronizing object | Lined bodyside aperture panel.147
Fra:1 Mem:476.96M (Peak 476.96M) | Time:00:01.00 | Mem:0.00M, Peak:0.00M | Scene, ViewLayer | Synchronizing object | Pressed bodyside skin.148
Fra:1 Mem:476.96M (Peak 476.96M) | Time:00:01.00 | Mem:0.00M, Peak:0.00M | Scene, ViewLayer | Synchronizing object | Lined bodyside aperture panel.148
Fra:1 Mem:476.96M (Peak 476.96M) | Time:00:01.00 | Mem:0.00M, Peak:0.00M | Scene, ViewLayer | Synchronizing object | Pressed bodyside skin.149
Fra:1 Mem:476.96M (Peak 476.96M) | Time:00:01.00 | Mem:0.00M, Peak:0.00M | Scene, ViewLayer | Synchronizing object | Lined bodyside aperture panel.149
Fra:1 Mem:476.96M (Peak 476.96M) | Time:00:01.00 | Mem:0.00M, Peak:0.00M | Scene, ViewLayer | Synchronizing object | Lined bodyside aperture panel.150
Fra:1 Mem:476.97M (Peak 476.97M) | Time:00:01.00 | Mem:0.00M, Peak:0.00M | Scene, ViewLayer | Synchronizing object | Pressed bodyside skin.151
Fra:1 Mem:476.97M (Peak 476.97M) | Time:00:01.00 | Mem:0.00M, Peak:0.00M | Scene, ViewLayer | Synchronizing object | Lined bodyside aperture panel.151
Fra:1 Mem:476.97M (Peak 476.97M) | Time:00:01.00 | Mem:0.00M, Peak:0.00M | Scene, ViewLayer | Synchronizing object | Pressed bodyside skin.152
Fra:1 Mem:476.97M (Peak 476.97M) | Time:00:01.00 | Mem:0.00M, Peak:0.00M | Scene, ViewLayer | Synchronizing object | Pressed bodyside skin.153
Fra:1 Mem:476.97M (Peak 476.97M) | Time:00:01.00 | Mem:0.00M, Peak:0.00M | Scene, ViewLayer | Synchronizing object | Lined bodyside aperture panel.153
Fra:1 Mem:476.97M (Peak 476.97M) | Time:00:01.00 | Mem:0.00M, Peak:0.00M | Scene, ViewLayer | Synchronizing object | Lined bodyside aperture panel.154
Fra:1 Mem:476.98M (Peak 476.98M) | Time:00:01.00 | Mem:0.00M, Peak:0.00M | Scene, ViewLayer | Synchronizing object | Pressed bodyside skin.155
Fra:1 Mem:476.98M (Peak 476.98M) | Time:00:01.00 | Mem:0.00M, Peak:0.00M | Scene, ViewLayer | Synchronizing object | Lined bodyside aperture panel.155
Fra:1 Mem:476.98M (Peak 476.98M) | Time:00:01.00 | Mem:0.00M, Peak:0.00M | Scene, ViewLayer | Synchronizing object | Pressed bodyside skin.156
Fra:1 Mem:476.98M (Peak 476.98M) | Time:00:01.00 | Mem:0.00M, Peak:0.00M | Scene, ViewLayer | Synchronizing object | Lined bodyside aperture panel.156
Fra:1 Mem:476.98M (Peak 476.98M) | Time:00:01.00 | Mem:0.00M, Peak:0.00M | Scene, ViewLayer | Synchronizing object | Lined bodyside aperture panel.157
Fra:1 Mem:476.98M (Peak 476.98M) | Time:00:01.00 | Mem:0.00M, Peak:0.00M | Scene, ViewLayer | Synchronizing object | Pressed bodyside skin.158
Fra:1 Mem:476.98M (Peak 476.98M) | Time:00:01.00 | Mem:0.00M, Peak:0.00M | Scene, ViewLayer | Synchronizing object | Lined bodyside aperture panel.158
Fra:1 Mem:476.99M (Peak 476.99M) | Time:00:01.00 | Mem:0.00M, Peak:0.00M | Scene, ViewLayer | Synchronizing object | Pressed bodyside skin.159
Fra:1 Mem:476.99M (Peak 476.99M) | Time:00:01.00 | Mem:0.00M, Peak:0.00M | Scene, ViewLayer | Synchronizing object | Lined bodyside aperture panel.159
Fra:1 Mem:476.99M (Peak 476.99M) | Time:00:01.00 | Mem:0.00M, Peak:0.00M | Scene, ViewLayer | Synchronizing object | Pressed bodyside skin.160
Fra:1 Mem:476.99M (Peak 476.99M) | Time:00:01.00 | Mem:0.00M, Peak:0.00M | Scene, ViewLayer | Synchronizing object | Lined bodyside aperture panel.160
Fra:1 Mem:476.99M (Peak 476.99M) | Time:00:01.00 | Mem:0.00M, Peak:0.00M | Scene, ViewLayer | Synchronizing object | Pressed bodyside skin.161
Fra:1 Mem:476.99M (Peak 476.99M) | Time:00:01.00 | Mem:0.00M, Peak:0.00M | Scene, ViewLayer | Synchronizing object | Pressed bodyside skin.162
Fra:1 Mem:477.00M (Peak 477.00M) | Time:00:01.00 | Mem:0.00M, Peak:0.00M | Scene, ViewLayer | Synchronizing object | Lined bodyside aperture panel.162
Fra:1 Mem:477.00M (Peak 477.00M) | Time:00:01.00 | Mem:0.00M, Peak:0.00M | Scene, ViewLayer | Synchronizing object | Lined bodyside aperture panel.163
Fra:1 Mem:477.00M (Peak 477.00M) | Time:00:01.00 | Mem:0.00M, Peak:0.00M | Scene, ViewLayer | Synchronizing object | Bodyside roof rain gutter
Fra:1 Mem:477.00M (Peak 477.00M) | Time:00:01.00 | Mem:0.00M, Peak:0.00M | Scene, ViewLayer | Synchronizing object | Floor skin rolled seam
Fra:1 Mem:477.00M (Peak 477.00M) | Time:00:01.00 | Mem:0.00M, Peak:0.00M | Scene, ViewLayer | Synchronizing object | Rounded body aperture corner
Fra:1 Mem:477.01M (Peak 477.01M) | Time:00:01.00 | Mem:0.00M, Peak:0.00M | Scene, ViewLayer | Synchronizing object | Pressed window aperture corner infill
Fra:1 Mem:477.01M (Peak 477.01M) | Time:00:01.00 | Mem:0.00M, Peak:0.00M | Scene, ViewLayer | Synchronizing object | Window pressed reveal return
Fra:1 Mem:477.04M (Peak 477.04M) | Time:00:01.00 | Mem:0.00M, Peak:0.00M | Scene, ViewLayer | Synchronizing object | Continuous EPDM glazing gasket
Fra:1 Mem:477.04M (Peak 477.04M) | Time:00:01.00 | Mem:0.00M, Peak:0.00M | Scene, ViewLayer | Synchronizing object | Anodised window frame extrusion
Fra:1 Mem:477.07M (Peak 477.07M) | Time:00:01.00 | Mem:0.00M, Peak:0.00M | Scene, ViewLayer | Synchronizing object | Sealed tinted passenger pane
Fra:1 Mem:477.09M (Peak 477.09M) | Time:00:01.00 | Mem:0.00M, Peak:0.00M | Scene, ViewLayer | Synchronizing object | Interior rounded window sill
Fra:1 Mem:477.10M (Peak 477.10M) | Time:00:01.00 | Mem:0.00M, Peak:0.00M | Scene, ViewLayer | Synchronizing object | Berth range stencil
Fra:1 Mem:477.11M (Peak 477.11M) | Time:00:01.00 | Mem:0.00M, Peak:0.00M | Scene, ViewLayer | Synchronizing object | Rounded body aperture corner.001
Fra:1 Mem:477.14M (Peak 477.14M) | Time:00:01.00 | Mem:0.00M, Peak:0.00M | Scene, ViewLayer | Synchronizing object | Pressed window aperture corner infill.001
Fra:1 Mem:477.18M (Peak 477.18M) | Time:00:01.00 | Mem:0.00M, Peak:0.00M | Scene, ViewLayer | Synchronizing object | Window pressed reveal return.001
Fra:1 Mem:477.18M (Peak 477.18M) | Time:00:01.00 | Mem:0.00M, Peak:0.00M | Scene, ViewLayer | Synchronizing object | Continuous EPDM glazing gasket.001
Fra:1 Mem:477.21M (Peak 477.21M) | Time:00:01.00 | Mem:0.00M, Peak:0.00M | Scene, ViewLayer | Synchronizing object | Anodised window frame extrusion.001
Fra:1 Mem:477.24M (Peak 477.24M) | Time:00:01.00 | Mem:0.00M, Peak:0.00M | Scene, ViewLayer | Synchronizing object | Sealed tinted passenger pane.001
Fra:1 Mem:477.26M (Peak 477.26M) | Time:00:01.00 | Mem:0.00M, Peak:0.00M | Scene, ViewLayer | Synchronizing object | Interior rounded window sill.001
Fra:1 Mem:477.26M (Peak 477.26M) | Time:00:01.00 | Mem:0.00M, Peak:0.00M | Scene, ViewLayer | Synchronizing object | Emergency window stencil
Fra:1 Mem:477.29M (Peak 477.29M) | Time:00:01.00 | Mem:0.00M, Peak:0.00M | Scene, ViewLayer | Synchronizing object | Emergency red release indicator
Fra:1 Mem:477.31M (Peak 477.31M) | Time:00:01.00 | Mem:0.00M, Peak:0.00M | Scene, ViewLayer | Synchronizing object | Emergency red release indicator.001
Fra:1 Mem:477.34M (Peak 477.34M) | Time:00:01.00 | Mem:0.00M, Peak:0.00M | Scene, ViewLayer | Synchronizing object | Berth range stencil.001
Fra:1 Mem:477.44M (Peak 477.44M) | Time:00:01.00 | Mem:0.00M, Peak:0.00M | Scene, ViewLayer | Synchronizing object | Rounded body aperture corner.002
Fra:1 Mem:477.49M (Peak 477.49M) | Time:00:01.00 | Mem:0.00M, Peak:0.00M | Scene, ViewLayer | Synchronizing object | Pressed window aperture corner infill.002
Fra:1 Mem:477.49M (Peak 477.49M) | Time:00:01.00 | Mem:0.00M, Peak:0.00M | Scene, ViewLayer | Synchronizing object | Window pressed reveal return.002
Fra:1 Mem:477.50M (Peak 477.50M) | Time:00:01.00 | Mem:0.00M, Peak:0.00M | Scene, ViewLayer | Synchronizing object | Continuous EPDM glazing gasket.002
Fra:1 Mem:477.53M (Peak 477.53M) | Time:00:01.00 | Mem:0.00M, Peak:0.00M | Scene, ViewLayer | Synchronizing object | Anodised window frame extrusion.002
Fra:1 Mem:477.55M (Peak 477.55M) | Time:00:01.00 | Mem:0.00M, Peak:0.00M | Scene, ViewLayer | Synchronizing object | Sealed tinted passenger pane.002
Fra:1 Mem:477.56M (Peak 477.56M) | Time:00:01.00 | Mem:0.00M, Peak:0.00M | Scene, ViewLayer | Synchronizing object | Interior rounded window sill.002
Fra:1 Mem:477.57M (Peak 477.57M) | Time:00:01.00 | Mem:0.00M, Peak:0.00M | Scene, ViewLayer | Synchronizing object | Berth range stencil.002
Fra:1 Mem:477.62M (Peak 477.62M) | Time:00:01.00 | Mem:0.00M, Peak:0.00M | Scene, ViewLayer | Synchronizing object | Rounded body aperture corner.003
Fra:1 Mem:477.66M (Peak 477.66M) | Time:00:01.00 | Mem:0.00M, Peak:0.00M | Scene, ViewLayer | Synchronizing object | Pressed window aperture corner infill.003
Fra:1 Mem:477.66M (Peak 477.66M) | Time:00:01.00 | Mem:0.00M, Peak:0.00M | Scene, ViewLayer | Synchronizing object | Window pressed reveal return.003
Fra:1 Mem:477.70M (Peak 477.70M) | Time:00:01.00 | Mem:0.00M, Peak:0.00M | Scene, ViewLayer | Synchronizing object | Continuous EPDM glazing gasket.003
Fra:1 Mem:477.70M (Peak 477.70M) | Time:00:01.00 | Mem:0.00M, Peak:0.00M | Scene, ViewLayer | Synchronizing object | Anodised window frame extrusion.003
Fra:1 Mem:477.71M (Peak 477.71M) | Time:00:01.00 | Mem:0.00M, Peak:0.00M | Scene, ViewLayer | Synchronizing object | Sealed tinted passenger pane.003
Fra:1 Mem:477.74M (Peak 477.74M) | Time:00:01.00 | Mem:0.00M, Peak:0.00M | Scene, ViewLayer | Synchronizing object | Interior rounded window sill.003
Fra:1 Mem:477.74M (Peak 477.74M) | Time:00:01.00 | Mem:0.00M, Peak:0.00M | Scene, ViewLayer | Synchronizing object | Rounded body aperture corner.004
Fra:1 Mem:477.84M (Peak 477.84M) | Time:00:01.00 | Mem:0.00M, Peak:0.00M | Scene, ViewLayer | Synchronizing object | Pressed window aperture corner infill.004
Fra:1 Mem:477.85M (Peak 477.85M) | Time:00:01.00 | Mem:0.00M, Peak:0.00M | Scene, ViewLayer | Synchronizing object | Window pressed reveal return.004
Fra:1 Mem:477.87M (Peak 477.87M) | Time:00:01.00 | Mem:0.00M, Peak:0.00M | Scene, ViewLayer | Synchronizing object | Continuous EPDM glazing gasket.004
Fra:1 Mem:477.88M (Peak 477.88M) | Time:00:01.00 | Mem:0.00M, Peak:0.00M | Scene, ViewLayer | Synchronizing object | Anodised window frame extrusion.004
Fra:1 Mem:477.92M (Peak 477.92M) | Time:00:01.00 | Mem:0.00M, Peak:0.00M | Scene, ViewLayer | Synchronizing object | Sealed tinted passenger pane.004
Fra:1 Mem:477.93M (Peak 477.93M) | Time:00:01.00 | Mem:0.00M, Peak:0.00M | Scene, ViewLayer | Synchronizing object | Interior rounded window sill.004
Fra:1 Mem:477.97M (Peak 477.97M) | Time:00:01.00 | Mem:0.00M, Peak:0.00M | Scene, ViewLayer | Synchronizing object | Berth range stencil.004
Fra:1 Mem:478.01M (Peak 478.01M) | Time:00:01.00 | Mem:0.00M, Peak:0.00M | Scene, ViewLayer | Synchronizing object | Rounded body aperture corner.005
Fra:1 Mem:478.00M (Peak 478.01M) | Time:00:01.00 | Mem:0.00M, Peak:0.00M | Scene, ViewLayer | Synchronizing object | Pressed window aperture corner infill.005
Fra:1 Mem:478.07M (Peak 478.07M) | Time:00:01.00 | Mem:0.00M, Peak:0.00M | Scene, ViewLayer | Synchronizing object | Window pressed reveal return.005
Fra:1 Mem:478.08M (Peak 478.08M) | Time:00:01.00 | Mem:0.00M, Peak:0.00M | Scene, ViewLayer | Synchronizing object | Continuous EPDM glazing gasket.005
Fra:1 Mem:478.08M (Peak 478.08M) | Time:00:01.00 | Mem:0.00M, Peak:0.00M | Scene, ViewLayer | Synchronizing object | Anodised window frame extrusion.005
Fra:1 Mem:478.12M (Peak 478.12M) | Time:00:01.00 | Mem:0.00M, Peak:0.00M | Scene, ViewLayer | Synchronizing object | Sealed tinted passenger pane.005
Fra:1 Mem:478.13M (Peak 478.13M) | Time:00:01.00 | Mem:0.00M, Peak:0.00M | Scene, ViewLayer | Synchronizing object | Interior rounded window sill.005
Fra:1 Mem:478.14M (Peak 478.14M) | Time:00:01.00 | Mem:0.00M, Peak:0.00M | Scene, ViewLayer | Synchronizing object | Berth range stencil.005
Fra:1 Mem:478.18M (Peak 478.18M) | Time:00:01.00 | Mem:0.00M, Peak:0.00M | Scene, ViewLayer | Synchronizing object | Rounded body aperture corner.006
Fra:1 Mem:478.22M (Peak 478.22M) | Time:00:01.00 | Mem:0.00M, Peak:0.00M | Scene, ViewLayer | Synchronizing object | Pressed window aperture corner infill.006
Fra:1 Mem:478.24M (Peak 478.24M) | Time:00:01.00 | Mem:0.00M, Peak:0.00M | Scene, ViewLayer | Synchronizing object | Window pressed reveal return.006
Fra:1 Mem:478.24M (Peak 478.24M) | Time:00:01.00 | Mem:0.00M, Peak:0.00M | Scene, ViewLayer | Synchronizing object | Continuous EPDM glazing gasket.006
Fra:1 Mem:478.28M (Peak 478.28M) | Time:00:01.00 | Mem:0.00M, Peak:0.00M | Scene, ViewLayer | Synchronizing object | Anodised window frame extrusion.006
Fra:1 Mem:478.31M (Peak 478.31M) | Time:00:01.00 | Mem:0.00M, Peak:0.00M | Scene, ViewLayer | Synchronizing object | Sealed tinted passenger pane.006
Fra:1 Mem:478.31M (Peak 478.31M) | Time:00:01.00 | Mem:0.00M, Peak:0.00M | Scene, ViewLayer | Synchronizing object | Interior rounded window sill.006
Fra:1 Mem:478.34M (Peak 478.34M) | Time:00:01.00 | Mem:0.00M, Peak:0.00M | Scene, ViewLayer | Synchronizing object | Emergency window stencil.001
Fra:1 Mem:478.38M (Peak 478.38M) | Time:00:01.00 | Mem:0.00M, Peak:0.00M | Scene, ViewLayer | Synchronizing object | Emergency red release indicator.002
Fra:1 Mem:478.44M (Peak 478.44M) | Time:00:01.00 | Mem:0.00M, Peak:0.00M | Scene, ViewLayer | Synchronizing object | Emergency red release indicator.003
Fra:1 Mem:478.46M (Peak 478.46M) | Time:00:01.00 | Mem:0.00M, Peak:0.00M | Scene, ViewLayer | Synchronizing object | Berth range stencil.006
Fra:1 Mem:478.59M (Peak 478.59M) | Time:00:01.00 | Mem:0.00M, Peak:0.00M | Scene, ViewLayer | Synchronizing object | Rounded body aperture corner.007
Fra:1 Mem:478.61M (Peak 478.61M) | Time:00:01.00 | Mem:0.00M, Peak:0.00M | Scene, ViewLayer | Synchronizing object | Pressed window aperture corner infill.007
Fra:1 Mem:478.62M (Peak 478.62M) | Time:00:01.00 | Mem:0.00M, Peak:0.00M | Scene, ViewLayer | Synchronizing object | Window pressed reveal return.007
Fra:1 Mem:478.65M (Peak 478.65M) | Time:00:01.00 | Mem:0.00M, Peak:0.00M | Scene, ViewLayer | Synchronizing object | Continuous EPDM glazing gasket.007
Fra:1 Mem:478.65M (Peak 478.65M) | Time:00:01.00 | Mem:0.00M, Peak:0.00M | Scene, ViewLayer | Synchronizing object | Anodised window frame extrusion.007
Fra:1 Mem:478.71M (Peak 478.71M) | Time:00:01.00 | Mem:0.00M, Peak:0.00M | Scene, ViewLayer | Synchronizing object | Sealed tinted passenger pane.007
Fra:1 Mem:478.71M (Peak 478.71M) | Time:00:01.00 | Mem:0.00M, Peak:0.00M | Scene, ViewLayer | Synchronizing object | Interior rounded window sill.007
Fra:1 Mem:478.71M (Peak 478.71M) | Time:00:01.00 | Mem:0.00M, Peak:0.00M | Scene, ViewLayer | Synchronizing object | Berth range stencil.007
Fra:1 Mem:478.72M (Peak 478.72M) | Time:00:01.00 | Mem:0.00M, Peak:0.00M | Scene, ViewLayer | Synchronizing object | Entrance aperture steel return
Fra:1 Mem:478.73M (Peak 478.73M) | Time:00:01.00 | Mem:0.00M, Peak:0.00M | Scene, ViewLayer | Synchronizing object | Entrance pressed steel door panel
Fra:1 Mem:478.74M (Peak 478.74M) | Time:00:01.00 | Mem:0.00M, Peak:0.00M | Scene, ViewLayer | Synchronizing object | Entrance door weatherseal
Fra:1 Mem:478.79M (Peak 478.79M) | Time:00:01.00 | Mem:0.00M, Peak:0.00M | Scene, ViewLayer | Synchronizing object | Entrance pressed steel door panel.001
Fra:1 Mem:478.81M (Peak 478.81M) | Time:00:01.00 | Mem:0.00M, Peak:0.00M | Scene, ViewLayer | Synchronizing object | Entrance glazed opening side rail
Fra:1 Mem:478.82M (Peak 478.82M) | Time:00:01.00 | Mem:0.00M, Peak:0.00M | Scene, ViewLayer | Synchronizing object | Entrance glazed opening side rail.001
Fra:1 Mem:478.83M (Peak 478.83M) | Time:00:01.00 | Mem:0.00M, Peak:0.00M | Scene, ViewLayer | Synchronizing object | Door window band lower paint strip
Fra:1 Mem:478.83M (Peak 478.83M) | Time:00:01.00 | Mem:0.00M, Peak:0.00M | Scene, ViewLayer | Synchronizing object | Door window band upper paint strip
Fra:1 Mem:478.84M (Peak 478.84M) | Time:00:01.00 | Mem:0.00M, Peak:0.00M | Scene, ViewLayer | Synchronizing object | Entrance clear door glazing
Fra:1 Mem:478.85M (Peak 478.85M) | Time:00:01.00 | Mem:0.00M, Peak:0.00M | Scene, ViewLayer | Synchronizing object | Pressed door lower panel bead
Fra:1 Mem:478.86M (Peak 478.86M) | Time:00:01.00 | Mem:0.00M, Peak:0.00M | Scene, ViewLayer | Synchronizing object | Pressed door lower panel bead.001
Fra:1 Mem:478.92M (Peak 478.92M) | Time:00:01.00 | Mem:0.00M, Peak:0.00M | Scene, ViewLayer | Synchronizing object | Door hinge knuckle
Fra:1 Mem:478.92M (Peak 478.92M) | Time:00:01.00 | Mem:0.00M, Peak:0.00M | Scene, ViewLayer | Synchronizing object | Door hinge plate
Fra:1 Mem:478.93M (Peak 478.93M) | Time:00:01.00 | Mem:0.00M, Peak:0.00M | Scene, ViewLayer | Synchronizing object | Door hinge plate.001
Fra:1 Mem:478.94M (Peak 478.94M) | Time:00:01.00 | Mem:0.00M, Peak:0.00M | Scene, ViewLayer | Synchronizing object | Door hinge knuckle.001
Fra:1 Mem:478.94M (Peak 478.94M) | Time:00:01.00 | Mem:0.00M, Peak:0.00M | Scene, ViewLayer | Synchronizing object | Door hinge plate.002
Fra:1 Mem:478.94M (Peak 478.94M) | Time:00:01.00 | Mem:0.00M, Peak:0.00M | Scene, ViewLayer | Synchronizing object | Door hinge plate.003
Fra:1 Mem:478.97M (Peak 478.97M) | Time:00:01.00 | Mem:0.00M, Peak:0.00M | Scene, ViewLayer | Synchronizing object | Door hinge knuckle.002
Fra:1 Mem:478.97M (Peak 478.97M) | Time:00:01.00 | Mem:0.00M, Peak:0.00M | Scene, ViewLayer | Synchronizing object | Door hinge plate.005
Fra:1 Mem:478.99M (Peak 478.99M) | Time:00:01.00 | Mem:0.00M, Peak:0.00M | Scene, ViewLayer | Synchronizing object | Door polished pull
Fra:1 Mem:478.99M (Peak 478.99M) | Time:00:01.00 | Mem:0.00M, Peak:0.00M | Scene, ViewLayer | Synchronizing object | Door handle mounting boss.001
Fra:1 Mem:479.00M (Peak 479.00M) | Time:00:01.00 | Mem:0.00M, Peak:0.00M | Scene, ViewLayer | Synchronizing object | Door lock escutcheon
Fra:1 Mem:479.00M (Peak 479.00M) | Time:00:01.00 | Mem:0.00M, Peak:0.00M | Scene, ViewLayer | Synchronizing object | Door key slot
Fra:1 Mem:479.01M (Peak 479.01M) | Time:00:01.00 | Mem:0.00M, Peak:0.00M | Scene, ViewLayer | Synchronizing object | Bent entrance stainless grabrail
Fra:1 Mem:479.01M (Peak 479.01M) | Time:00:01.00 | Mem:0.00M, Peak:0.00M | Scene, ViewLayer | Synchronizing object | Grabrail mounting pad
Fra:1 Mem:479.02M (Peak 479.02M) | Time:00:01.00 | Mem:0.00M, Peak:0.00M | Scene, ViewLayer | Synchronizing object | Bent entrance stainless grabrail.001
Fra:1 Mem:479.03M (Peak 479.03M) | Time:00:01.00 | Mem:0.00M, Peak:0.00M | Scene, ViewLayer | Synchronizing object | Grabrail mounting pad.002
Fra:1 Mem:479.05M (Peak 479.05M) | Time:00:01.00 | Mem:0.00M, Peak:0.00M | Scene, ViewLayer | Synchronizing object | Grabrail mounting pad.003
Fra:1 Mem:479.05M (Peak 479.05M) | Time:00:01.00 | Mem:0.00M, Peak:0.00M | Scene, ViewLayer | Synchronizing object | Entrance ladder perforated tread
Fra:1 Mem:479.05M (Peak 479.05M) | Time:00:01.00 | Mem:0.00M, Peak:0.00M | Scene, ViewLayer | Synchronizing object | Entry tread raised antislip ridge
Fra:1 Mem:479.07M (Peak 479.07M) | Time:00:01.00 | Mem:0.00M, Peak:0.00M | Scene, ViewLayer | Synchronizing object | Entry tread raised antislip ridge.001
Fra:1 Mem:479.07M (Peak 479.07M) | Time:00:01.00 | Mem:0.00M, Peak:0.00M | Scene, ViewLayer | Synchronizing object | Entry tread raised antislip ridge.002
Fra:1 Mem:479.08M (Peak 479.08M) | Time:00:01.00 | Mem:0.00M, Peak:0.00M | Scene, ViewLayer | Synchronizing object | Entry tread raised antislip ridge.003
Fra:1 Mem:479.10M (Peak 479.10M) | Time:00:01.00 | Mem:0.00M, Peak:0.00M | Scene, ViewLayer | Synchronizing object | Entry tread raised antislip ridge.004
Fra:1 Mem:479.10M (Peak 479.10M) | Time:00:01.00 | Mem:0.00M, Peak:0.00M | Scene, ViewLayer | Synchronizing object | Entry tread raised antislip ridge.005
Fra:1 Mem:479.11M (Peak 479.11M) | Time:00:01.00 | Mem:0.00M, Peak:0.00M | Scene, ViewLayer | Synchronizing object | Entry tread raised antislip ridge.006
Fra:1 Mem:479.11M (Peak 479.11M) | Time:00:01.00 | Mem:0.00M, Peak:0.00M | Scene, ViewLayer | Synchronizing object | Entry tread raised antislip ridge.007
Fra:1 Mem:479.13M (Peak 479.13M) | Time:00:01.00 | Mem:0.00M, Peak:0.00M | Scene, ViewLayer | Synchronizing object | Entry tread raised antislip ridge.008
Fra:1 Mem:479.13M (Peak 479.13M) | Time:00:01.01 | Mem:0.00M, Peak:0.00M | Scene, ViewLayer | Synchronizing object | Entry tread raised antislip ridge.010
Fra:1 Mem:479.15M (Peak 479.15M) | Time:00:01.01 | Mem:0.00M, Peak:0.00M | Scene, ViewLayer | Synchronizing object | Entry tread raised antislip ridge.012
Fra:1 Mem:479.16M (Peak 479.16M) | Time:00:01.01 | Mem:0.00M, Peak:0.00M | Scene, ViewLayer | Synchronizing object | Entry tread raised antislip ridge.013
Fra:1 Mem:479.18M (Peak 479.18M) | Time:00:01.01 | Mem:0.00M, Peak:0.00M | Scene, ViewLayer | Synchronizing object | Entry tread raised antislip ridge.014
Fra:1 Mem:479.19M (Peak 479.19M) | Time:00:01.01 | Mem:0.00M, Peak:0.00M | Scene, ViewLayer | Synchronizing object | Entrance ladder perforated tread.001
Fra:1 Mem:479.20M (Peak 479.20M) | Time:00:01.01 | Mem:0.00M, Peak:0.00M | Scene, ViewLayer | Synchronizing object | Entry tread raised antislip ridge.015
Fra:1 Mem:479.21M (Peak 479.21M) | Time:00:01.01 | Mem:0.00M, Peak:0.00M | Scene, ViewLayer | Synchronizing object | Entry tread raised antislip ridge.016
Fra:1 Mem:479.21M (Peak 479.21M) | Time:00:01.01 | Mem:0.00M, Peak:0.00M | Scene, ViewLayer | Synchronizing object | Entry tread raised antislip ridge.017
Fra:1 Mem:479.21M (Peak 479.21M) | Time:00:01.01 | Mem:0.00M, Peak:0.00M | Scene, ViewLayer | Synchronizing object | Entry tread raised antislip ridge.018
Fra:1 Mem:479.23M (Peak 479.23M) | Time:00:01.01 | Mem:0.00M, Peak:0.00M | Scene, ViewLayer | Synchronizing object | Entry tread raised antislip ridge.019
Fra:1 Mem:479.24M (Peak 479.24M) | Time:00:01.01 | Mem:0.00M, Peak:0.00M | Scene, ViewLayer | Synchronizing object | Entry tread raised antislip ridge.020
Fra:1 Mem:479.25M (Peak 479.25M) | Time:00:01.01 | Mem:0.00M, Peak:0.00M | Scene, ViewLayer | Synchronizing object | Entry tread raised antislip ridge.021
Fra:1 Mem:479.25M (Peak 479.25M) | Time:00:01.01 | Mem:0.00M, Peak:0.00M | Scene, ViewLayer | Synchronizing object | Entry tread raised antislip ridge.022
Fra:1 Mem:479.27M (Peak 479.27M) | Time:00:01.01 | Mem:0.00M, Peak:0.00M | Scene, ViewLayer | Synchronizing object | Entry tread raised antislip ridge.023
Fra:1 Mem:479.27M (Peak 479.27M) | Time:00:01.01 | Mem:0.00M, Peak:0.00M | Scene, ViewLayer | Synchronizing object | Entry tread raised antislip ridge.024
Fra:1 Mem:479.27M (Peak 479.27M) | Time:00:01.01 | Mem:0.00M, Peak:0.00M | Scene, ViewLayer | Synchronizing object | Entry tread raised antislip ridge.025
Fra:1 Mem:479.29M (Peak 479.29M) | Time:00:01.01 | Mem:0.00M, Peak:0.00M | Scene, ViewLayer | Synchronizing object | Entry tread raised antislip ridge.026
Fra:1 Mem:479.29M (Peak 479.29M) | Time:00:01.01 | Mem:0.00M, Peak:0.00M | Scene, ViewLayer | Synchronizing object | Entry tread raised antislip ridge.028
Fra:1 Mem:479.31M (Peak 479.31M) | Time:00:01.01 | Mem:0.00M, Peak:0.00M | Scene, ViewLayer | Synchronizing object | Entry tread raised antislip ridge.029
Fra:1 Mem:479.32M (Peak 479.32M) | Time:00:01.01 | Mem:0.00M, Peak:0.00M | Scene, ViewLayer | Synchronizing object | Entrance ladder perforated tread.002
Fra:1 Mem:479.33M (Peak 479.33M) | Time:00:01.01 | Mem:0.00M, Peak:0.00M | Scene, ViewLayer | Synchronizing object | Entry tread raised antislip ridge.030
Fra:1 Mem:479.33M (Peak 479.33M) | Time:00:01.01 | Mem:0.00M, Peak:0.00M | Scene, ViewLayer | Synchronizing object | Entry tread raised antislip ridge.032
Fra:1 Mem:479.35M (Peak 479.35M) | Time:00:01.01 | Mem:0.00M, Peak:0.00M | Scene, ViewLayer | Synchronizing object | Entry tread raised antislip ridge.031
Fra:1 Mem:479.35M (Peak 479.35M) | Time:00:01.01 | Mem:0.00M, Peak:0.00M | Scene, ViewLayer | Synchronizing object | Entry tread raised antislip ridge.033
Fra:1 Mem:479.36M (Peak 479.36M) | Time:00:01.01 | Mem:0.00M, Peak:0.00M | Scene, ViewLayer | Synchronizing object | Entry tread raised antislip ridge.034
Fra:1 Mem:479.37M (Peak 479.37M) | Time:00:01.01 | Mem:0.00M, Peak:0.00M | Scene, ViewLayer | Synchronizing object | Entry tread raised antislip ridge.035
Fra:1 Mem:479.38M (Peak 479.38M) | Time:00:01.01 | Mem:0.00M, Peak:0.00M | Scene, ViewLayer | Synchronizing object | Entry tread raised antislip ridge.036
Fra:1 Mem:479.39M (Peak 479.39M) | Time:00:01.01 | Mem:0.00M, Peak:0.00M | Scene, ViewLayer | Synchronizing object | Entry tread raised antislip ridge.037
Fra:1 Mem:479.40M (Peak 479.40M) | Time:00:01.01 | Mem:0.00M, Peak:0.00M | Scene, ViewLayer | Synchronizing object | Entry tread raised antislip ridge.038
Fra:1 Mem:479.40M (Peak 479.40M) | Time:00:01.01 | Mem:0.00M, Peak:0.00M | Scene, ViewLayer | Synchronizing object | Entry tread raised antislip ridge.039
Fra:1 Mem:479.41M (Peak 479.41M) | Time:00:01.01 | Mem:0.00M, Peak:0.00M | Scene, ViewLayer | Synchronizing object | Entry tread raised antislip ridge.040
Fra:1 Mem:479.42M (Peak 479.42M) | Time:00:01.01 | Mem:0.00M, Peak:0.00M | Scene, ViewLayer | Synchronizing object | Entry tread raised antislip ridge.041
Fra:1 Mem:479.43M (Peak 479.43M) | Time:00:01.01 | Mem:0.00M, Peak:0.00M | Scene, ViewLayer | Synchronizing object | Entry tread raised antislip ridge.042
Fra:1 Mem:479.44M (Peak 479.44M) | Time:00:01.01 | Mem:0.00M, Peak:0.00M | Scene, ViewLayer | Synchronizing object | Entry tread raised antislip ridge.043
Fra:1 Mem:479.44M (Peak 479.44M) | Time:00:01.01 | Mem:0.00M, Peak:0.00M | Scene, ViewLayer | Synchronizing object | Entry tread raised antislip ridge.044
Fra:1 Mem:479.46M (Peak 479.46M) | Time:00:01.01 | Mem:0.00M, Peak:0.00M | Scene, ViewLayer | Synchronizing object | Entrance ladder perforated tread.003
Fra:1 Mem:479.47M (Peak 479.47M) | Time:00:01.01 | Mem:0.00M, Peak:0.00M | Scene, ViewLayer | Synchronizing object | Entry tread raised antislip ridge.045
Fra:1 Mem:479.48M (Peak 479.48M) | Time:00:01.01 | Mem:0.00M, Peak:0.00M | Scene, ViewLayer | Synchronizing object | Entry tread raised antislip ridge.046
Fra:1 Mem:479.48M (Peak 479.48M) | Time:00:01.01 | Mem:0.00M, Peak:0.00M | Scene, ViewLayer | Synchronizing object | Entry tread raised antislip ridge.047
Fra:1 Mem:479.49M (Peak 479.49M) | Time:00:01.01 | Mem:0.00M, Peak:0.00M | Scene, ViewLayer | Synchronizing object | Entry tread raised antislip ridge.048
Fra:1 Mem:479.50M (Peak 479.50M) | Time:00:01.01 | Mem:0.00M, Peak:0.00M | Scene, ViewLayer | Synchronizing object | Entry tread raised antislip ridge.049
Fra:1 Mem:479.50M (Peak 479.50M) | Time:00:01.01 | Mem:0.00M, Peak:0.00M | Scene, ViewLayer | Synchronizing object | Entry tread raised antislip ridge.051
Fra:1 Mem:479.53M (Peak 479.53M) | Time:00:01.01 | Mem:0.00M, Peak:0.00M | Scene, ViewLayer | Synchronizing object | Entry tread raised antislip ridge.052
Fra:1 Mem:479.53M (Peak 479.53M) | Time:00:01.01 | Mem:0.00M, Peak:0.00M | Scene, ViewLayer | Synchronizing object | Entry tread raised antislip ridge.053
Fra:1 Mem:479.55M (Peak 479.55M) | Time:00:01.01 | Mem:0.00M, Peak:0.00M | Scene, ViewLayer | Synchronizing object | Entry tread raised antislip ridge.054
Fra:1 Mem:479.55M (Peak 479.55M) | Time:00:01.01 | Mem:0.00M, Peak:0.00M | Scene, ViewLayer | Synchronizing object | Entry tread raised antislip ridge.056
Fra:1 Mem:479.57M (Peak 479.57M) | Time:00:01.01 | Mem:0.00M, Peak:0.00M | Scene, ViewLayer | Synchronizing object | Entry tread raised antislip ridge.057
Fra:1 Mem:479.58M (Peak 479.58M) | Time:00:01.01 | Mem:0.00M, Peak:0.00M | Scene, ViewLayer | Synchronizing object | Entry tread raised antislip ridge.058
Fra:1 Mem:479.58M (Peak 479.58M) | Time:00:01.01 | Mem:0.00M, Peak:0.00M | Scene, ViewLayer | Synchronizing object | Entry tread raised antislip ridge.059
Fra:1 Mem:479.59M (Peak 479.59M) | Time:00:01.01 | Mem:0.00M, Peak:0.00M | Scene, ViewLayer | Synchronizing object | Entrance ladder angle stringer
Fra:1 Mem:479.60M (Peak 479.60M) | Time:00:01.01 | Mem:0.00M, Peak:0.00M | Scene, ViewLayer | Synchronizing object | Entrance ladder angle stringer.001
Fra:1 Mem:479.61M (Peak 479.61M) | Time:00:01.01 | Mem:0.00M, Peak:0.00M | Scene, ViewLayer | Synchronizing object | Door instruction
Fra:1 Mem:479.61M (Peak 479.61M) | Time:00:01.01 | Mem:0.00M, Peak:0.00M | Scene, ViewLayer | Synchronizing object | Entry lettering
Fra:1 Mem:479.69M (Peak 479.69M) | Time:00:01.01 | Mem:0.00M, Peak:0.00M | Scene, ViewLayer | Synchronizing object | Entrance aperture steel return.001
Fra:1 Mem:479.69M (Peak 479.69M) | Time:00:01.01 | Mem:0.00M, Peak:0.00M | Scene, ViewLayer | Synchronizing object | Entrance door weatherseal.001
Fra:1 Mem:479.70M (Peak 479.70M) | Time:00:01.01 | Mem:0.00M, Peak:0.00M | Scene, ViewLayer | Synchronizing object | Entrance pressed steel door panel.002
Fra:1 Mem:479.73M (Peak 479.73M) | Time:00:01.01 | Mem:0.00M, Peak:0.00M | Scene, ViewLayer | Synchronizing object | Entrance pressed steel door panel.003
Fra:1 Mem:479.73M (Peak 479.73M) | Time:00:01.01 | Mem:0.00M, Peak:0.00M | Scene, ViewLayer | Synchronizing object | Entrance glazed opening side rail.002
Fra:1 Mem:479.74M (Peak 479.74M) | Time:00:01.01 | Mem:0.00M, Peak:0.00M | Scene, ViewLayer | Synchronizing object | Door window band lower paint strip.001
Fra:1 Mem:479.75M (Peak 479.75M) | Time:00:01.01 | Mem:0.00M, Peak:0.00M | Scene, ViewLayer | Synchronizing object | Door window band upper paint strip.001
Fra:1 Mem:479.75M (Peak 479.75M) | Time:00:01.01 | Mem:0.00M, Peak:0.00M | Scene, ViewLayer | Synchronizing object | Entrance clear door glazing.001
Fra:1 Mem:479.78M (Peak 479.78M) | Time:00:01.01 | Mem:0.00M, Peak:0.00M | Scene, ViewLayer | Synchronizing object | Pressed door lower panel bead.002
Fra:1 Mem:479.81M (Peak 479.81M) | Time:00:01.01 | Mem:0.00M, Peak:0.00M | Scene, ViewLayer | Synchronizing object | Pressed door lower panel bead.003
Fra:1 Mem:479.82M (Peak 479.82M) | Time:00:01.01 | Mem:0.00M, Peak:0.00M | Scene, ViewLayer | Synchronizing object | Door hinge knuckle.003
Fra:1 Mem:479.83M (Peak 479.83M) | Time:00:01.01 | Mem:0.00M, Peak:0.00M | Scene, ViewLayer | Synchronizing object | Door hinge plate.006
Fra:1 Mem:479.85M (Peak 479.85M) | Time:00:01.01 | Mem:0.00M, Peak:0.00M | Scene, ViewLayer | Synchronizing object | Door hinge plate.007
Fra:1 Mem:479.86M (Peak 479.86M) | Time:00:01.01 | Mem:0.00M, Peak:0.00M | Scene, ViewLayer | Synchronizing object | Door hinge plate.008
Fra:1 Mem:479.86M (Peak 479.86M) | Time:00:01.01 | Mem:0.00M, Peak:0.00M | Scene, ViewLayer | Synchronizing object | Door hinge plate.009
Fra:1 Mem:479.88M (Peak 479.88M) | Time:00:01.01 | Mem:0.00M, Peak:0.00M | Scene, ViewLayer | Synchronizing object | Door hinge knuckle.005
Fra:1 Mem:479.88M (Peak 479.88M) | Time:00:01.01 | Mem:0.00M, Peak:0.00M | Scene, ViewLayer | Synchronizing object | Door hinge plate.010
Fra:1 Mem:479.88M (Peak 479.88M) | Time:00:01.01 | Mem:0.00M, Peak:0.00M | Scene, ViewLayer | Synchronizing object | Door hinge plate.011
Fra:1 Mem:479.90M (Peak 479.90M) | Time:00:01.01 | Mem:0.00M, Peak:0.00M | Scene, ViewLayer | Synchronizing object | Door polished pull.001
Fra:1 Mem:479.90M (Peak 479.90M) | Time:00:01.01 | Mem:0.00M, Peak:0.00M | Scene, ViewLayer | Synchronizing object | Door handle mounting boss.003
Fra:1 Mem:479.91M (Peak 479.91M) | Time:00:01.01 | Mem:0.00M, Peak:0.00M | Scene, ViewLayer | Synchronizing object | Door lock escutcheon.001
Fra:1 Mem:479.91M (Peak 479.91M) | Time:00:01.01 | Mem:0.00M, Peak:0.00M | Scene, ViewLayer | Synchronizing object | Door key slot.001
Fra:1 Mem:479.92M (Peak 479.92M) | Time:00:01.01 | Mem:0.00M, Peak:0.00M | Scene, ViewLayer | Synchronizing object | Bent entrance stainless grabrail.002
Fra:1 Mem:479.92M (Peak 479.92M) | Time:00:01.01 | Mem:0.00M, Peak:0.00M | Scene, ViewLayer | Synchronizing object | Grabrail mounting pad.005
Fra:1 Mem:479.94M (Peak 479.94M) | Time:00:01.01 | Mem:0.00M, Peak:0.00M | Scene, ViewLayer | Synchronizing object | Bent entrance stainless grabrail.003
Fra:1 Mem:479.95M (Peak 479.95M) | Time:00:01.01 | Mem:0.00M, Peak:0.00M | Scene, ViewLayer | Synchronizing object | Grabrail mounting pad.006
Fra:1 Mem:479.95M (Peak 479.95M) | Time:00:01.01 | Mem:0.00M, Peak:0.00M | Scene, ViewLayer | Synchronizing object | Entrance ladder perforated tread.004
Fra:1 Mem:479.97M (Peak 479.97M) | Time:00:01.01 | Mem:0.00M, Peak:0.00M | Scene, ViewLayer | Synchronizing object | Entry tread raised antislip ridge.060
Fra:1 Mem:479.98M (Peak 479.98M) | Time:00:01.01 | Mem:0.00M, Peak:0.00M | Scene, ViewLayer | Synchronizing object | Entry tread raised antislip ridge.061
Fra:1 Mem:479.98M (Peak 479.98M) | Time:00:01.01 | Mem:0.00M, Peak:0.00M | Scene, ViewLayer | Synchronizing object | Entry tread raised antislip ridge.063
Fra:1 Mem:480.01M (Peak 480.01M) | Time:00:01.01 | Mem:0.00M, Peak:0.00M | Scene, ViewLayer | Synchronizing object | Entry tread raised antislip ridge.064
Fra:1 Mem:480.01M (Peak 480.01M) | Time:00:01.01 | Mem:0.00M, Peak:0.00M | Scene, ViewLayer | Synchronizing object | Entry tread raised antislip ridge.066
Fra:1 Mem:480.03M (Peak 480.03M) | Time:00:01.01 | Mem:0.00M, Peak:0.00M | Scene, ViewLayer | Synchronizing object | Entry tread raised antislip ridge.067
Fra:1 Mem:480.03M (Peak 480.03M) | Time:00:01.01 | Mem:0.00M, Peak:0.00M | Scene, ViewLayer | Synchronizing object | Entry tread raised antislip ridge.069
Fra:1 Mem:480.05M (Peak 480.05M) | Time:00:01.01 | Mem:0.00M, Peak:0.00M | Scene, ViewLayer | Synchronizing object | Entry tread raised antislip ridge.070
Fra:1 Mem:480.07M (Peak 480.07M) | Time:00:01.01 | Mem:0.00M, Peak:0.00M | Scene, ViewLayer | Synchronizing object | Entry tread raised antislip ridge.071
Fra:1 Mem:480.07M (Peak 480.07M) | Time:00:01.01 | Mem:0.00M, Peak:0.00M | Scene, ViewLayer | Synchronizing object | Entry tread raised antislip ridge.072
Fra:1 Mem:480.08M (Peak 480.08M) | Time:00:01.01 | Mem:0.00M, Peak:0.00M | Scene, ViewLayer | Synchronizing object | Entry tread raised antislip ridge.073
Fra:1 Mem:480.08M (Peak 480.08M) | Time:00:01.01 | Mem:0.00M, Peak:0.00M | Scene, ViewLayer | Synchronizing object | Entry tread raised antislip ridge.074
Fra:1 Mem:480.10M (Peak 480.10M) | Time:00:01.01 | Mem:0.00M, Peak:0.00M | Scene, ViewLayer | Synchronizing object | Entrance ladder perforated tread.005
Fra:1 Mem:480.10M (Peak 480.10M) | Time:00:01.01 | Mem:0.00M, Peak:0.00M | Scene, ViewLayer | Synchronizing object | Entry tread raised antislip ridge.075
Fra:1 Mem:480.12M (Peak 480.12M) | Time:00:01.01 | Mem:0.00M, Peak:0.00M | Scene, ViewLayer | Synchronizing object | Entry tread raised antislip ridge.076
Fra:1 Mem:480.13M (Peak 480.13M) | Time:00:01.01 | Mem:0.00M, Peak:0.00M | Scene, ViewLayer | Synchronizing object | Entry tread raised antislip ridge.077
Fra:1 Mem:480.13M (Peak 480.13M) | Time:00:01.01 | Mem:0.00M, Peak:0.00M | Scene, ViewLayer | Synchronizing object | Entry tread raised antislip ridge.078
Fra:1 Mem:480.14M (Peak 480.14M) | Time:00:01.01 | Mem:0.00M, Peak:0.00M | Scene, ViewLayer | Synchronizing object | Entry tread raised antislip ridge.079
Fra:1 Mem:480.14M (Peak 480.14M) | Time:00:01.01 | Mem:0.00M, Peak:0.00M | Scene, ViewLayer | Synchronizing object | Entry tread raised antislip ridge.080
Fra:1 Mem:480.16M (Peak 480.16M) | Time:00:01.01 | Mem:0.00M, Peak:0.00M | Scene, ViewLayer | Synchronizing object | Entry tread raised antislip ridge.082
Fra:1 Mem:480.17M (Peak 480.17M) | Time:00:01.01 | Mem:0.00M, Peak:0.00M | Scene, ViewLayer | Synchronizing object | Entry tread raised antislip ridge.081
Fra:1 Mem:480.17M (Peak 480.17M) | Time:00:01.01 | Mem:0.00M, Peak:0.00M | Scene, ViewLayer | Synchronizing object | Entry tread raised antislip ridge.083
Fra:1 Mem:480.19M (Peak 480.19M) | Time:00:01.01 | Mem:0.00M, Peak:0.00M | Scene, ViewLayer | Synchronizing object | Entry tread raised antislip ridge.084
Fra:1 Mem:480.20M (Peak 480.20M) | Time:00:01.01 | Mem:0.00M, Peak:0.00M | Scene, ViewLayer | Synchronizing object | Entry tread raised antislip ridge.085
Fra:1 Mem:480.20M (Peak 480.20M) | Time:00:01.01 | Mem:0.00M, Peak:0.00M | Scene, ViewLayer | Synchronizing object | Entry tread raised antislip ridge.086
Fra:1 Mem:480.22M (Peak 480.22M) | Time:00:01.01 | Mem:0.00M, Peak:0.00M | Scene, ViewLayer | Synchronizing object | Entry tread raised antislip ridge.087
Fra:1 Mem:480.22M (Peak 480.22M) | Time:00:01.01 | Mem:0.00M, Peak:0.00M | Scene, ViewLayer | Synchronizing object | Entry tread raised antislip ridge.089
Fra:1 Mem:480.22M (Peak 480.22M) | Time:00:01.01 | Mem:0.00M, Peak:0.00M | Scene, ViewLayer | Synchronizing object | Entrance ladder perforated tread.006
Fra:1 Mem:480.23M (Peak 480.23M) | Time:00:01.01 | Mem:0.00M, Peak:0.00M | Scene, ViewLayer | Synchronizing object | Entry tread raised antislip ridge.090
Fra:1 Mem:480.26M (Peak 480.26M) | Time:00:01.01 | Mem:0.00M, Peak:0.00M | Scene, ViewLayer | Synchronizing object | Entry tread raised antislip ridge.091
Fra:1 Mem:480.26M (Peak 480.26M) | Time:00:01.01 | Mem:0.00M, Peak:0.00M | Scene, ViewLayer | Synchronizing object | Entry tread raised antislip ridge.093
Fra:1 Mem:480.28M (Peak 480.28M) | Time:00:01.01 | Mem:0.00M, Peak:0.00M | Scene, ViewLayer | Synchronizing object | Entry tread raised antislip ridge.094
Fra:1 Mem:480.29M (Peak 480.29M) | Time:00:01.01 | Mem:0.00M, Peak:0.00M | Scene, ViewLayer | Synchronizing object | Entry tread raised antislip ridge.096
Fra:1 Mem:480.30M (Peak 480.30M) | Time:00:01.01 | Mem:0.00M, Peak:0.00M | Scene, ViewLayer | Synchronizing object | Entry tread raised antislip ridge.097
Fra:1 Mem:480.32M (Peak 480.32M) | Time:00:01.01 | Mem:0.00M, Peak:0.00M | Scene, ViewLayer | Synchronizing object | Entry tread raised antislip ridge.098
Fra:1 Mem:480.32M (Peak 480.32M) | Time:00:01.01 | Mem:0.00M, Peak:0.00M | Scene, ViewLayer | Synchronizing object | Entry tread raised antislip ridge.099
Fra:1 Mem:480.33M (Peak 480.33M) | Time:00:01.01 | Mem:0.00M, Peak:0.00M | Scene, ViewLayer | Synchronizing object | Entry tread raised antislip ridge.100
Fra:1 Mem:480.34M (Peak 480.34M) | Time:00:01.01 | Mem:0.00M, Peak:0.00M | Scene, ViewLayer | Synchronizing object | Entry tread raised antislip ridge.102
Fra:1 Mem:480.36M (Peak 480.36M) | Time:00:01.01 | Mem:0.00M, Peak:0.00M | Scene, ViewLayer | Synchronizing object | Entry tread raised antislip ridge.103
Fra:1 Mem:480.36M (Peak 480.36M) | Time:00:01.01 | Mem:0.00M, Peak:0.00M | Scene, ViewLayer | Synchronizing object | Entrance ladder perforated tread.007
Fra:1 Mem:480.38M (Peak 480.38M) | Time:00:01.01 | Mem:0.00M, Peak:0.00M | Scene, ViewLayer | Synchronizing object | Entry tread raised antislip ridge.105
Fra:1 Mem:480.39M (Peak 480.39M) | Time:00:01.01 | Mem:0.00M, Peak:0.00M | Scene, ViewLayer | Synchronizing object | Entry tread raised antislip ridge.106
Fra:1 Mem:480.40M (Peak 480.40M) | Time:00:01.01 | Mem:0.00M, Peak:0.00M | Scene, ViewLayer | Synchronizing object | Entry tread raised antislip ridge.107
Fra:1 Mem:480.41M (Peak 480.41M) | Time:00:01.01 | Mem:0.00M, Peak:0.00M | Scene, ViewLayer | Synchronizing object | Entry tread raised antislip ridge.108
Fra:1 Mem:480.42M (Peak 480.42M) | Time:00:01.01 | Mem:0.00M, Peak:0.00M | Scene, ViewLayer | Synchronizing object | Entry tread raised antislip ridge.109
Fra:1 Mem:480.43M (Peak 480.43M) | Time:00:01.01 | Mem:0.00M, Peak:0.00M | Scene, ViewLayer | Synchronizing object | Entry tread raised antislip ridge.110
Fra:1 Mem:480.43M (Peak 480.43M) | Time:00:01.01 | Mem:0.00M, Peak:0.00M | Scene, ViewLayer | Synchronizing object | Entry tread raised antislip ridge.111
Fra:1 Mem:480.44M (Peak 480.44M) | Time:00:01.01 | Mem:0.00M, Peak:0.00M | Scene, ViewLayer | Synchronizing object | Entry tread raised antislip ridge.112
Fra:1 Mem:480.46M (Peak 480.46M) | Time:00:01.01 | Mem:0.00M, Peak:0.00M | Scene, ViewLayer | Synchronizing object | Entry tread raised antislip ridge.113
Fra:1 Mem:480.46M (Peak 480.46M) | Time:00:01.01 | Mem:0.00M, Peak:0.00M | Scene, ViewLayer | Synchronizing object | Entry tread raised antislip ridge.115
Fra:1 Mem:480.47M (Peak 480.47M) | Time:00:01.01 | Mem:0.00M, Peak:0.00M | Scene, ViewLayer | Synchronizing object | Entry tread raised antislip ridge.116
Fra:1 Mem:480.49M (Peak 480.49M) | Time:00:01.01 | Mem:0.00M, Peak:0.00M | Scene, ViewLayer | Synchronizing object | Entry tread raised antislip ridge.117
Fra:1 Mem:480.50M (Peak 480.50M) | Time:00:01.01 | Mem:0.00M, Peak:0.00M | Scene, ViewLayer | Synchronizing object | Entry tread raised antislip ridge.118
Fra:1 Mem:480.50M (Peak 480.50M) | Time:00:01.01 | Mem:0.00M, Peak:0.00M | Scene, ViewLayer | Synchronizing object | Entry tread raised antislip ridge.119
Fra:1 Mem:480.51M (Peak 480.51M) | Time:00:01.01 | Mem:0.00M, Peak:0.00M | Scene, ViewLayer | Synchronizing object | Entrance ladder angle stringer.002
Fra:1 Mem:480.52M (Peak 480.52M) | Time:00:01.01 | Mem:0.00M, Peak:0.00M | Scene, ViewLayer | Synchronizing object | Entrance ladder angle stringer.003
Fra:1 Mem:480.53M (Peak 480.53M) | Time:00:01.01 | Mem:0.00M, Peak:0.00M | Scene, ViewLayer | Synchronizing object | Door instruction.001
Fra:1 Mem:480.54M (Peak 480.54M) | Time:00:01.01 | Mem:0.00M, Peak:0.00M | Scene, ViewLayer | Synchronizing object | Entry lettering.001
Fra:1 Mem:480.60M (Peak 480.60M) | Time:00:01.01 | Mem:0.00M, Peak:0.00M | Scene, ViewLayer | Synchronizing object | Toilet window black gasket
Fra:1 Mem:480.63M (Peak 480.63M) | Time:00:01.01 | Mem:0.00M, Peak:0.00M | Scene, ViewLayer | Synchronizing object | Obscure toilet glass
Fra:1 Mem:480.65M (Peak 480.65M) | Time:00:01.01 | Mem:0.00M, Peak:0.00M | Scene, ViewLayer | Synchronizing object | Toilet window external bar
Fra:1 Mem:480.65M (Peak 480.65M) | Time:00:01.01 | Mem:0.00M, Peak:0.00M | Scene, ViewLayer | Synchronizing object | Toilet window external bar.001
Fra:1 Mem:480.67M (Peak 480.67M) | Time:00:01.01 | Mem:0.00M, Peak:0.00M | Scene, ViewLayer | Synchronizing object | Toilet window external bar.003
Fra:1 Mem:480.66M (Peak 480.67M) | Time:00:01.01 | Mem:0.00M, Peak:0.00M | Scene, ViewLayer | Synchronizing object | Toilet window black gasket.001
Fra:1 Mem:480.66M (Peak 480.67M) | Time:00:01.01 | Mem:0.00M, Peak:0.00M | Scene, ViewLayer | Synchronizing object | Obscure toilet glass.001
Fra:1 Mem:480.68M (Peak 480.68M) | Time:00:01.01 | Mem:0.00M, Peak:0.00M | Scene, ViewLayer | Synchronizing object | Toilet window external bar.004
Fra:1 Mem:480.68M (Peak 480.68M) | Time:00:01.01 | Mem:0.00M, Peak:0.00M | Scene, ViewLayer | Synchronizing object | Toilet window external bar.005
Fra:1 Mem:480.69M (Peak 480.69M) | Time:00:01.01 | Mem:0.00M, Peak:0.00M | Scene, ViewLayer | Synchronizing object | Toilet window external bar.006
Fra:1 Mem:480.69M (Peak 480.69M) | Time:00:01.01 | Mem:0.00M, Peak:0.00M | Scene, ViewLayer | Synchronizing object | Toilet window external bar.007
Fra:1 Mem:480.69M (Peak 480.69M) | Time:00:01.01 | Mem:0.00M, Peak:0.00M | Scene, ViewLayer | Synchronizing object | English class legend
Fra:1 Mem:480.72M (Peak 480.72M) | Time:00:01.01 | Mem:0.00M, Peak:0.00M | Scene, ViewLayer | Synchronizing object | Hindi class painted marking
Fra:1 Mem:480.77M (Peak 480.77M) | Time:00:01.01 | Mem:0.00M, Peak:0.00M | Scene, ViewLayer | Synchronizing object | Coach number illustrative
Fra:1 Mem:480.79M (Peak 480.79M) | Time:00:01.01 | Mem:0.00M, Peak:0.00M | Scene, ViewLayer | Synchronizing object | Zone initials
Fra:1 Mem:480.93M (Peak 480.93M) | Time:00:01.01 | Mem:0.00M, Peak:0.00M | Scene, ViewLayer | Synchronizing object | Yellow destination board
Fra:1 Mem:480.95M (Peak 480.95M) | Time:00:01.01 | Mem:0.00M, Peak:0.00M | Scene, ViewLayer | Synchronizing object | Route destination legend
Fra:1 Mem:480.95M (Peak 480.95M) | Time:00:01.01 | Mem:0.00M, Peak:0.00M | Scene, ViewLayer | Synchronizing object | Destination board mounting bracket
Fra:1 Mem:481.03M (Peak 481.03M) | Time:00:01.01 | Mem:0.00M, Peak:0.00M | Scene, ViewLayer | Synchronizing object | Destination board mounting bracket.001
Fra:1 Mem:481.08M (Peak 481.08M) | Time:00:01.01 | Mem:0.00M, Peak:0.00M | Scene, ViewLayer | Synchronizing object | Destination board fixing screw
Fra:1 Mem:481.08M (Peak 481.08M) | Time:00:01.01 | Mem:0.00M, Peak:0.00M | Scene, ViewLayer | Synchronizing object | Destination board fixing screw.002
Fra:1 Mem:481.08M (Peak 481.08M) | Time:00:01.01 | Mem:0.00M, Peak:0.00M | Scene, ViewLayer | Synchronizing object | Destination board fixing screw.003
Fra:1 Mem:481.08M (Peak 481.08M) | Time:00:01.01 | Mem:0.00M, Peak:0.00M | Scene, ViewLayer | Synchronizing object | Coach position plate
Fra:1 Mem:481.11M (Peak 481.11M) | Time:00:01.01 | Mem:0.00M, Peak:0.00M | Scene, ViewLayer | Synchronizing object | Coach position character
Fra:1 Mem:481.12M (Peak 481.12M) | Time:00:01.01 | Mem:0.00M, Peak:0.00M | Scene, ViewLayer | Synchronizing object | Technical maintenance stencil
Fra:1 Mem:481.16M (Peak 481.16M) | Time:00:01.01 | Mem:0.00M, Peak:0.00M | Scene, ViewLayer | Synchronizing object | Technical maintenance stencil.001
Fra:1 Mem:481.32M (Peak 481.32M) | Time:00:01.01 | Mem:0.00M, Peak:0.00M | Scene, ViewLayer | Synchronizing object | Pneumatic release stencil
Fra:1 Mem:481.60M (Peak 481.60M) | Time:00:01.01 | Mem:0.00M, Peak:0.00M | Scene, ViewLayer | Synchronizing object | Rounded end corner pressed skin
Fra:1 Mem:481.61M (Peak 481.61M) | Time:00:01.01 | Mem:0.00M, Peak:0.00M | Scene, ViewLayer | Synchronizing object | Rounded end corner pressed skin.001
Fra:1 Mem:481.65M (Peak 481.65M) | Time:00:01.01 | Mem:0.00M, Peak:0.00M | Scene, ViewLayer | Synchronizing object | Rounded end corner pressed skin.002
Fra:1 Mem:481.66M (Peak 481.66M) | Time:00:01.01 | Mem:0.00M, Peak:0.00M | Scene, ViewLayer | Synchronizing object | Rounded end corner pressed skin.003
Fra:1 Mem:481.72M (Peak 481.72M) | Time:00:01.01 | Mem:0.00M, Peak:0.00M | Scene, ViewLayer | Synchronizing object | Rounded end corner pressed skin.004
Fra:1 Mem:481.70M (Peak 481.72M) | Time:00:01.01 | Mem:0.00M, Peak:0.00M | Scene, ViewLayer | Synchronizing object | Rounded end corner pressed skin.005
Fra:1 Mem:481.68M (Peak 481.72M) | Time:00:01.01 | Mem:0.00M, Peak:0.00M | Scene, ViewLayer | Synchronizing object | Lined bodyside aperture panel.164
Fra:1 Mem:481.68M (Peak 481.72M) | Time:00:01.01 | Mem:0.00M, Peak:0.00M | Scene, ViewLayer | Synchronizing object | Pressed bodyside skin.165
Fra:1 Mem:481.68M (Peak 481.72M) | Time:00:01.01 | Mem:0.00M, Peak:0.00M | Scene, ViewLayer | Synchronizing object | Lined bodyside aperture panel.165
Fra:1 Mem:481.68M (Peak 481.72M) | Time:00:01.01 | Mem:0.00M, Peak:0.00M | Scene, ViewLayer | Synchronizing object | Pressed bodyside skin.166
Fra:1 Mem:481.69M (Peak 481.72M) | Time:00:01.01 | Mem:0.00M, Peak:0.00M | Scene, ViewLayer | Synchronizing object | Pressed bodyside skin.167
Fra:1 Mem:481.69M (Peak 481.72M) | Time:00:01.01 | Mem:0.00M, Peak:0.00M | Scene, ViewLayer | Synchronizing object | Lined bodyside aperture panel.167
Fra:1 Mem:481.69M (Peak 481.72M) | Time:00:01.01 | Mem:0.00M, Peak:0.00M | Scene, ViewLayer | Synchronizing object | Pressed bodyside skin.168
Fra:1 Mem:481.69M (Peak 481.72M) | Time:00:01.01 | Mem:0.00M, Peak:0.00M | Scene, ViewLayer | Synchronizing object | Lined bodyside aperture panel.168
Fra:1 Mem:481.69M (Peak 481.72M) | Time:00:01.01 | Mem:0.00M, Peak:0.00M | Scene, ViewLayer | Synchronizing object | Pressed bodyside skin.169
Fra:1 Mem:481.69M (Peak 481.72M) | Time:00:01.01 | Mem:0.00M, Peak:0.00M | Scene, ViewLayer | Synchronizing object | Pressed bodyside skin.170
Fra:1 Mem:481.70M (Peak 481.72M) | Time:00:01.01 | Mem:0.00M, Peak:0.00M | Scene, ViewLayer | Synchronizing object | Lined bodyside aperture panel.170
Fra:1 Mem:481.70M (Peak 481.72M) | Time:00:01.01 | Mem:0.00M, Peak:0.00M | Scene, ViewLayer | Synchronizing object | Lined bodyside aperture panel.171
Fra:1 Mem:481.70M (Peak 481.72M) | Time:00:01.01 | Mem:0.00M, Peak:0.00M | Scene, ViewLayer | Synchronizing object | Pressed bodyside skin.172
Fra:1 Mem:481.70M (Peak 481.72M) | Time:00:01.01 | Mem:0.00M, Peak:0.00M | Scene, ViewLayer | Synchronizing object | Lined bodyside aperture panel.172
Fra:1 Mem:481.70M (Peak 481.72M) | Time:00:01.01 | Mem:0.00M, Peak:0.00M | Scene, ViewLayer | Synchronizing object | Pressed bodyside skin.173
Fra:1 Mem:481.70M (Peak 481.72M) | Time:00:01.01 | Mem:0.00M, Peak:0.00M | Scene, ViewLayer | Synchronizing object | Lined bodyside aperture panel.173
Fra:1 Mem:481.70M (Peak 481.72M) | Time:00:01.01 | Mem:0.00M, Peak:0.00M | Scene, ViewLayer | Synchronizing object | Pressed bodyside skin.174
Fra:1 Mem:481.71M (Peak 481.72M) | Time:00:01.01 | Mem:0.00M, Peak:0.00M | Scene, ViewLayer | Synchronizing object | Lined bodyside aperture panel.174
Fra:1 Mem:481.71M (Peak 481.72M) | Time:00:01.01 | Mem:0.00M, Peak:0.00M | Scene, ViewLayer | Synchronizing object | Pressed bodyside skin.175
Fra:1 Mem:481.71M (Peak 481.72M) | Time:00:01.01 | Mem:0.00M, Peak:0.00M | Scene, ViewLayer | Synchronizing object | Lined bodyside aperture panel.175
Fra:1 Mem:481.71M (Peak 481.72M) | Time:00:01.01 | Mem:0.00M, Peak:0.00M | Scene, ViewLayer | Synchronizing object | Lined bodyside aperture panel.176
Fra:1 Mem:481.71M (Peak 481.72M) | Time:00:01.01 | Mem:0.00M, Peak:0.00M | Scene, ViewLayer | Synchronizing object | Pressed bodyside skin.177
Fra:1 Mem:481.71M (Peak 481.72M) | Time:00:01.01 | Mem:0.00M, Peak:0.00M | Scene, ViewLayer | Synchronizing object | Lined bodyside aperture panel.177
Fra:1 Mem:481.71M (Peak 481.72M) | Time:00:01.01 | Mem:0.00M, Peak:0.00M | Scene, ViewLayer | Synchronizing object | Pressed bodyside skin.178
Fra:1 Mem:481.72M (Peak 481.72M) | Time:00:01.01 | Mem:0.00M, Peak:0.00M | Scene, ViewLayer | Synchronizing object | Lined bodyside aperture panel.178
Fra:1 Mem:481.72M (Peak 481.72M) | Time:00:01.01 | Mem:0.00M, Peak:0.00M | Scene, ViewLayer | Synchronizing object | Pressed bodyside skin.179
Fra:1 Mem:481.72M (Peak 481.72M) | Time:00:01.01 | Mem:0.00M, Peak:0.00M | Scene, ViewLayer | Synchronizing object | Lined bodyside aperture panel.179
Fra:1 Mem:481.72M (Peak 481.72M) | Time:00:01.01 | Mem:0.00M, Peak:0.00M | Scene, ViewLayer | Synchronizing object | Pressed bodyside skin.180
Fra:1 Mem:481.72M (Peak 481.72M) | Time:00:01.01 | Mem:0.00M, Peak:0.00M | Scene, ViewLayer | Synchronizing object | Lined bodyside aperture panel.180
Fra:1 Mem:481.72M (Peak 481.72M) | Time:00:01.01 | Mem:0.00M, Peak:0.00M | Scene, ViewLayer | Synchronizing object | Pressed bodyside skin.181
Fra:1 Mem:481.72M (Peak 481.72M) | Time:00:01.01 | Mem:0.00M, Peak:0.00M | Scene, ViewLayer | Synchronizing object | Lined bodyside aperture panel.181
Fra:1 Mem:481.72M (Peak 481.72M) | Time:00:01.01 | Mem:0.00M, Peak:0.00M | Scene, ViewLayer | Synchronizing object | Pressed bodyside skin.182
Fra:1 Mem:481.72M (Peak 481.72M) | Time:00:01.01 | Mem:0.00M, Peak:0.00M | Scene, ViewLayer | Synchronizing object | Lined bodyside aperture panel.182
Fra:1 Mem:481.73M (Peak 481.73M) | Time:00:01.01 | Mem:0.00M, Peak:0.00M | Scene, ViewLayer | Synchronizing object | Pressed bodyside skin.183
Fra:1 Mem:481.73M (Peak 481.73M) | Time:00:01.01 | Mem:0.00M, Peak:0.00M | Scene, ViewLayer | Synchronizing object | Lined bodyside aperture panel.183
Fra:1 Mem:481.73M (Peak 481.73M) | Time:00:01.01 | Mem:0.00M, Peak:0.00M | Scene, ViewLayer | Synchronizing object | Pressed bodyside skin.184
Fra:1 Mem:481.73M (Peak 481.73M) | Time:00:01.01 | Mem:0.00M, Peak:0.00M | Scene, ViewLayer | Synchronizing object | Lined bodyside aperture panel.184
Fra:1 Mem:481.73M (Peak 481.73M) | Time:00:01.01 | Mem:0.00M, Peak:0.00M | Scene, ViewLayer | Synchronizing object | Pressed bodyside skin.185
Fra:1 Mem:481.73M (Peak 481.73M) | Time:00:01.01 | Mem:0.00M, Peak:0.00M | Scene, ViewLayer | Synchronizing object | Lined bodyside aperture panel.185
Fra:1 Mem:481.74M (Peak 481.74M) | Time:00:01.01 | Mem:0.00M, Peak:0.00M | Scene, ViewLayer | Synchronizing object | Pressed bodyside skin.186
Fra:1 Mem:481.74M (Peak 481.74M) | Time:00:01.01 | Mem:0.00M, Peak:0.00M | Scene, ViewLayer | Synchronizing object | Lined bodyside aperture panel.186
Fra:1 Mem:481.74M (Peak 481.74M) | Time:00:01.01 | Mem:0.00M, Peak:0.00M | Scene, ViewLayer | Synchronizing object | Pressed bodyside skin.187
Fra:1 Mem:481.74M (Peak 481.74M) | Time:00:01.01 | Mem:0.00M, Peak:0.00M | Scene, ViewLayer | Synchronizing object | Lined bodyside aperture panel.187
Fra:1 Mem:481.74M (Peak 481.74M) | Time:00:01.01 | Mem:0.00M, Peak:0.00M | Scene, ViewLayer | Synchronizing object | Pressed bodyside skin.188
Fra:1 Mem:481.74M (Peak 481.74M) | Time:00:01.01 | Mem:0.00M, Peak:0.00M | Scene, ViewLayer | Synchronizing object | Lined bodyside aperture panel.188
Fra:1 Mem:481.74M (Peak 481.74M) | Time:00:01.01 | Mem:0.00M, Peak:0.00M | Scene, ViewLayer | Synchronizing object | Pressed bodyside skin.189
Fra:1 Mem:481.74M (Peak 481.74M) | Time:00:01.01 | Mem:0.00M, Peak:0.00M | Scene, ViewLayer | Synchronizing object | Lined bodyside aperture panel.189
Fra:1 Mem:481.75M (Peak 481.75M) | Time:00:01.01 | Mem:0.00M, Peak:0.00M | Scene, ViewLayer | Synchronizing object | Pressed bodyside skin.190
Fra:1 Mem:481.75M (Peak 481.75M) | Time:00:01.01 | Mem:0.00M, Peak:0.00M | Scene, ViewLayer | Synchronizing object | Lined bodyside aperture panel.190
Fra:1 Mem:481.75M (Peak 481.75M) | Time:00:01.01 | Mem:0.00M, Peak:0.00M | Scene, ViewLayer | Synchronizing object | Pressed bodyside skin.191
Fra:1 Mem:481.75M (Peak 481.75M) | Time:00:01.01 | Mem:0.00M, Peak:0.00M | Scene, ViewLayer | Synchronizing object | Lined bodyside aperture panel.191
Fra:1 Mem:481.75M (Peak 481.75M) | Time:00:01.01 | Mem:0.00M, Peak:0.00M | Scene, ViewLayer | Synchronizing object | Lined bodyside aperture panel.192
Fra:1 Mem:481.75M (Peak 481.75M) | Time:00:01.01 | Mem:0.00M, Peak:0.00M | Scene, ViewLayer | Synchronizing object | Pressed bodyside skin.193
Fra:1 Mem:481.75M (Peak 481.75M) | Time:00:01.01 | Mem:0.00M, Peak:0.00M | Scene, ViewLayer | Synchronizing object | Lined bodyside aperture panel.193
Fra:1 Mem:481.76M (Peak 481.76M) | Time:00:01.01 | Mem:0.00M, Peak:0.00M | Scene, ViewLayer | Synchronizing object | Pressed bodyside skin.194
Fra:1 Mem:481.76M (Peak 481.76M) | Time:00:01.01 | Mem:0.00M, Peak:0.00M | Scene, ViewLayer | Synchronizing object | Pressed bodyside skin.195
Fra:1 Mem:481.76M (Peak 481.76M) | Time:00:01.01 | Mem:0.00M, Peak:0.00M | Scene, ViewLayer | Synchronizing object | Lined bodyside aperture panel.195
Fra:1 Mem:481.76M (Peak 481.76M) | Time:00:01.01 | Mem:0.00M, Peak:0.00M | Scene, ViewLayer | Synchronizing object | Pressed bodyside skin.196
Fra:1 Mem:481.76M (Peak 481.76M) | Time:00:01.01 | Mem:0.00M, Peak:0.00M | Scene, ViewLayer | Synchronizing object | Lined bodyside aperture panel.196
Fra:1 Mem:481.76M (Peak 481.76M) | Time:00:01.01 | Mem:0.00M, Peak:0.00M | Scene, ViewLayer | Synchronizing object | Lined bodyside aperture panel.197
Fra:1 Mem:481.77M (Peak 481.77M) | Time:00:01.01 | Mem:0.00M, Peak:0.00M | Scene, ViewLayer | Synchronizing object | Pressed bodyside skin.198
Fra:1 Mem:481.77M (Peak 481.77M) | Time:00:01.01 | Mem:0.00M, Peak:0.00M | Scene, ViewLayer | Synchronizing object | Lined bodyside aperture panel.198
Fra:1 Mem:481.77M (Peak 481.77M) | Time:00:01.01 | Mem:0.00M, Peak:0.00M | Scene, ViewLayer | Synchronizing object | Lined bodyside aperture panel.199
Fra:1 Mem:481.77M (Peak 481.77M) | Time:00:01.01 | Mem:0.00M, Peak:0.00M | Scene, ViewLayer | Synchronizing object | Pressed bodyside skin.200
Fra:1 Mem:481.77M (Peak 481.77M) | Time:00:01.01 | Mem:0.00M, Peak:0.00M | Scene, ViewLayer | Synchronizing object | Pressed bodyside skin.201
Fra:1 Mem:481.77M (Peak 481.77M) | Time:00:01.01 | Mem:0.00M, Peak:0.00M | Scene, ViewLayer | Synchronizing object | Lined bodyside aperture panel.201
Fra:1 Mem:481.78M (Peak 481.78M) | Time:00:01.01 | Mem:0.00M, Peak:0.00M | Scene, ViewLayer | Synchronizing object | Pressed bodyside skin.202
Fra:1 Mem:481.78M (Peak 481.78M) | Time:00:01.01 | Mem:0.00M, Peak:0.00M | Scene, ViewLayer | Synchronizing object | Pressed bodyside skin.203
Fra:1 Mem:481.78M (Peak 481.78M) | Time:00:01.01 | Mem:0.00M, Peak:0.00M | Scene, ViewLayer | Synchronizing object | Lined bodyside aperture panel.203
Fra:1 Mem:481.78M (Peak 481.78M) | Time:00:01.01 | Mem:0.00M, Peak:0.00M | Scene, ViewLayer | Synchronizing object | Pressed bodyside skin.204
Fra:1 Mem:481.78M (Peak 481.78M) | Time:00:01.01 | Mem:0.00M, Peak:0.00M | Scene, ViewLayer | Synchronizing object | Lined bodyside aperture panel.204
Fra:1 Mem:481.78M (Peak 481.78M) | Time:00:01.01 | Mem:0.00M, Peak:0.00M | Scene, ViewLayer | Synchronizing object | Lined bodyside aperture panel.205
Fra:1 Mem:481.79M (Peak 481.79M) | Time:00:01.01 | Mem:0.00M, Peak:0.00M | Scene, ViewLayer | Synchronizing object | Pressed bodyside skin.206
Fra:1 Mem:481.79M (Peak 481.79M) | Time:00:01.01 | Mem:0.00M, Peak:0.00M | Scene, ViewLayer | Synchronizing object | Pressed bodyside skin.207
Fra:1 Mem:481.79M (Peak 481.79M) | Time:00:01.01 | Mem:0.00M, Peak:0.00M | Scene, ViewLayer | Synchronizing object | Pressed bodyside skin.208
Fra:1 Mem:481.79M (Peak 481.79M) | Time:00:01.01 | Mem:0.00M, Peak:0.00M | Scene, ViewLayer | Synchronizing object | Lined bodyside aperture panel.208
Fra:1 Mem:481.79M (Peak 481.79M) | Time:00:01.01 | Mem:0.00M, Peak:0.00M | Scene, ViewLayer | Synchronizing object | Lined bodyside aperture panel.209
Fra:1 Mem:481.79M (Peak 481.79M) | Time:00:01.01 | Mem:0.00M, Peak:0.00M | Scene, ViewLayer | Synchronizing object | Pressed bodyside skin.210
Fra:1 Mem:481.80M (Peak 481.80M) | Time:00:01.01 | Mem:0.00M, Peak:0.00M | Scene, ViewLayer | Synchronizing object | Lined bodyside aperture panel.210
Fra:1 Mem:481.80M (Peak 481.80M) | Time:00:01.01 | Mem:0.00M, Peak:0.00M | Scene, ViewLayer | Synchronizing object | Pressed bodyside skin.211
Fra:1 Mem:481.80M (Peak 481.80M) | Time:00:01.01 | Mem:0.00M, Peak:0.00M | Scene, ViewLayer | Synchronizing object | Lined bodyside aperture panel.211
Fra:1 Mem:481.80M (Peak 481.80M) | Time:00:01.01 | Mem:0.00M, Peak:0.00M | Scene, ViewLayer | Synchronizing object | Pressed bodyside skin.212
Fra:1 Mem:481.80M (Peak 481.80M) | Time:00:01.01 | Mem:0.00M, Peak:0.00M | Scene, ViewLayer | Synchronizing object | Lined bodyside aperture panel.212
Fra:1 Mem:481.80M (Peak 481.80M) | Time:00:01.01 | Mem:0.00M, Peak:0.00M | Scene, ViewLayer | Synchronizing object | Pressed bodyside skin.213
Fra:1 Mem:481.80M (Peak 481.80M) | Time:00:01.01 | Mem:0.00M, Peak:0.00M | Scene, ViewLayer | Synchronizing object | Pressed bodyside skin.214
Fra:1 Mem:481.81M (Peak 481.81M) | Time:00:01.01 | Mem:0.00M, Peak:0.00M | Scene, ViewLayer | Synchronizing object | Lined bodyside aperture panel.214
Fra:1 Mem:481.81M (Peak 481.81M) | Time:00:01.01 | Mem:0.00M, Peak:0.00M | Scene, ViewLayer | Synchronizing object | Pressed bodyside skin.215
Fra:1 Mem:481.81M (Peak 481.81M) | Time:00:01.01 | Mem:0.00M, Peak:0.00M | Scene, ViewLayer | Synchronizing object | Lined bodyside aperture panel.215
Fra:1 Mem:481.81M (Peak 481.81M) | Time:00:01.01 | Mem:0.00M, Peak:0.00M | Scene, ViewLayer | Synchronizing object | Pressed bodyside skin.216
Fra:1 Mem:481.81M (Peak 481.81M) | Time:00:01.01 | Mem:0.00M, Peak:0.00M | Scene, ViewLayer | Synchronizing object | Lined bodyside aperture panel.216
Fra:1 Mem:481.81M (Peak 481.81M) | Time:00:01.01 | Mem:0.00M, Peak:0.00M | Scene, ViewLayer | Synchronizing object | Pressed bodyside skin.217
Fra:1 Mem:481.81M (Peak 481.81M) | Time:00:01.01 | Mem:0.00M, Peak:0.00M | Scene, ViewLayer | Synchronizing object | Lined bodyside aperture panel.217
Fra:1 Mem:481.81M (Peak 481.81M) | Time:00:01.01 | Mem:0.00M, Peak:0.00M | Scene, ViewLayer | Synchronizing object | Pressed bodyside skin.218
Fra:1 Mem:481.82M (Peak 481.82M) | Time:00:01.01 | Mem:0.00M, Peak:0.00M | Scene, ViewLayer | Synchronizing object | Pressed bodyside skin.219
Fra:1 Mem:481.82M (Peak 481.82M) | Time:00:01.01 | Mem:0.00M, Peak:0.00M | Scene, ViewLayer | Synchronizing object | Pressed bodyside skin.220
Fra:1 Mem:481.82M (Peak 481.82M) | Time:00:01.01 | Mem:0.00M, Peak:0.00M | Scene, ViewLayer | Synchronizing object | Lined bodyside aperture panel.220
Fra:1 Mem:481.82M (Peak 481.82M) | Time:00:01.01 | Mem:0.00M, Peak:0.00M | Scene, ViewLayer | Synchronizing object | Pressed bodyside skin.221
Fra:1 Mem:481.82M (Peak 481.82M) | Time:00:01.01 | Mem:0.00M, Peak:0.00M | Scene, ViewLayer | Synchronizing object | Lined bodyside aperture panel.221
Fra:1 Mem:481.82M (Peak 481.82M) | Time:00:01.01 | Mem:0.00M, Peak:0.00M | Scene, ViewLayer | Synchronizing object | Pressed bodyside skin.222
Fra:1 Mem:481.82M (Peak 481.82M) | Time:00:01.01 | Mem:0.00M, Peak:0.00M | Scene, ViewLayer | Synchronizing object | Lined bodyside aperture panel.222
Fra:1 Mem:481.83M (Peak 481.83M) | Time:00:01.01 | Mem:0.00M, Peak:0.00M | Scene, ViewLayer | Synchronizing object | Pressed bodyside skin.223
Fra:1 Mem:481.83M (Peak 481.83M) | Time:00:01.01 | Mem:0.00M, Peak:0.00M | Scene, ViewLayer | Synchronizing object | Pressed bodyside skin.224
Fra:1 Mem:481.83M (Peak 481.83M) | Time:00:01.01 | Mem:0.00M, Peak:0.00M | Scene, ViewLayer | Synchronizing object | Lined bodyside aperture panel.224
Fra:1 Mem:481.83M (Peak 481.83M) | Time:00:01.01 | Mem:0.00M, Peak:0.00M | Scene, ViewLayer | Synchronizing object | Pressed bodyside skin.225
Fra:1 Mem:481.83M (Peak 481.83M) | Time:00:01.01 | Mem:0.00M, Peak:0.00M | Scene, ViewLayer | Synchronizing object | Lined bodyside aperture panel.225
Fra:1 Mem:481.83M (Peak 481.83M) | Time:00:01.01 | Mem:0.00M, Peak:0.00M | Scene, ViewLayer | Synchronizing object | Lined bodyside aperture panel.226
Fra:1 Mem:481.84M (Peak 481.84M) | Time:00:01.01 | Mem:0.00M, Peak:0.00M | Scene, ViewLayer | Synchronizing object | Pressed bodyside skin.227
Fra:1 Mem:481.84M (Peak 481.84M) | Time:00:01.01 | Mem:0.00M, Peak:0.00M | Scene, ViewLayer | Synchronizing object | Lined bodyside aperture panel.227
Fra:1 Mem:481.84M (Peak 481.84M) | Time:00:01.01 | Mem:0.00M, Peak:0.00M | Scene, ViewLayer | Synchronizing object | Lined bodyside aperture panel.228
Fra:1 Mem:481.84M (Peak 481.84M) | Time:00:01.01 | Mem:0.00M, Peak:0.00M | Scene, ViewLayer | Synchronizing object | Pressed bodyside skin.229
Fra:1 Mem:481.84M (Peak 481.84M) | Time:00:01.01 | Mem:0.00M, Peak:0.00M | Scene, ViewLayer | Synchronizing object | Lined bodyside aperture panel.229
Fra:1 Mem:481.84M (Peak 481.84M) | Time:00:01.01 | Mem:0.00M, Peak:0.00M | Scene, ViewLayer | Synchronizing object | Lined bodyside aperture panel.230
Fra:1 Mem:481.85M (Peak 481.85M) | Time:00:01.01 | Mem:0.00M, Peak:0.00M | Scene, ViewLayer | Synchronizing object | Pressed bodyside skin.231
Fra:1 Mem:481.85M (Peak 481.85M) | Time:00:01.01 | Mem:0.00M, Peak:0.00M | Scene, ViewLayer | Synchronizing object | Lined bodyside aperture panel.231
Fra:1 Mem:481.85M (Peak 481.85M) | Time:00:01.01 | Mem:0.00M, Peak:0.00M | Scene, ViewLayer | Synchronizing object | Lined bodyside aperture panel.232
Fra:1 Mem:481.85M (Peak 481.85M) | Time:00:01.01 | Mem:0.00M, Peak:0.00M | Scene, ViewLayer | Synchronizing object | Pressed bodyside skin.233
Fra:1 Mem:481.85M (Peak 481.85M) | Time:00:01.01 | Mem:0.00M, Peak:0.00M | Scene, ViewLayer | Synchronizing object | Lined bodyside aperture panel.233
Fra:1 Mem:481.85M (Peak 481.85M) | Time:00:01.01 | Mem:0.00M, Peak:0.00M | Scene, ViewLayer | Synchronizing object | Pressed bodyside skin.234
Fra:1 Mem:481.85M (Peak 481.85M) | Time:00:01.01 | Mem:0.00M, Peak:0.00M | Scene, ViewLayer | Synchronizing object | Lined bodyside aperture panel.234
Fra:1 Mem:481.85M (Peak 481.85M) | Time:00:01.01 | Mem:0.00M, Peak:0.00M | Scene, ViewLayer | Synchronizing object | Lined bodyside aperture panel.235
Fra:1 Mem:481.86M (Peak 481.86M) | Time:00:01.01 | Mem:0.00M, Peak:0.00M | Scene, ViewLayer | Synchronizing object | Pressed bodyside skin.236
Fra:1 Mem:481.86M (Peak 481.86M) | Time:00:01.01 | Mem:0.00M, Peak:0.00M | Scene, ViewLayer | Synchronizing object | Lined bodyside aperture panel.236
Fra:1 Mem:481.86M (Peak 481.86M) | Time:00:01.01 | Mem:0.00M, Peak:0.00M | Scene, ViewLayer | Synchronizing object | Pressed bodyside skin.237
Fra:1 Mem:481.86M (Peak 481.86M) | Time:00:01.01 | Mem:0.00M, Peak:0.00M | Scene, ViewLayer | Synchronizing object | Lined bodyside aperture panel.237
Fra:1 Mem:481.86M (Peak 481.86M) | Time:00:01.01 | Mem:0.00M, Peak:0.00M | Scene, ViewLayer | Synchronizing object | Pressed bodyside skin.238
Fra:1 Mem:481.86M (Peak 481.86M) | Time:00:01.01 | Mem:0.00M, Peak:0.00M | Scene, ViewLayer | Synchronizing object | Lined bodyside aperture panel.238
Fra:1 Mem:481.86M (Peak 481.86M) | Time:00:01.01 | Mem:0.00M, Peak:0.00M | Scene, ViewLayer | Synchronizing object | Lined bodyside aperture panel.239
Fra:1 Mem:481.87M (Peak 481.87M) | Time:00:01.01 | Mem:0.00M, Peak:0.00M | Scene, ViewLayer | Synchronizing object | Pressed bodyside skin.240
Fra:1 Mem:481.87M (Peak 481.87M) | Time:00:01.01 | Mem:0.00M, Peak:0.00M | Scene, ViewLayer | Synchronizing object | Pressed bodyside skin.241
Fra:1 Mem:481.87M (Peak 481.87M) | Time:00:01.01 | Mem:0.00M, Peak:0.00M | Scene, ViewLayer | Synchronizing object | Lined bodyside aperture panel.241
Fra:1 Mem:481.87M (Peak 481.87M) | Time:00:01.01 | Mem:0.00M, Peak:0.00M | Scene, ViewLayer | Synchronizing object | Pressed bodyside skin.242
Fra:1 Mem:481.87M (Peak 481.87M) | Time:00:01.01 | Mem:0.00M, Peak:0.00M | Scene, ViewLayer | Synchronizing object | Lined bodyside aperture panel.242
Fra:1 Mem:481.87M (Peak 481.87M) | Time:00:01.01 | Mem:0.00M, Peak:0.00M | Scene, ViewLayer | Synchronizing object | Pressed bodyside skin.243
Fra:1 Mem:481.87M (Peak 481.87M) | Time:00:01.01 | Mem:0.00M, Peak:0.00M | Scene, ViewLayer | Synchronizing object | Pressed bodyside skin.244
Fra:1 Mem:481.88M (Peak 481.88M) | Time:00:01.01 | Mem:0.00M, Peak:0.00M | Scene, ViewLayer | Synchronizing object | Lined bodyside aperture panel.244
Fra:1 Mem:481.88M (Peak 481.88M) | Time:00:01.01 | Mem:0.00M, Peak:0.00M | Scene, ViewLayer | Synchronizing object | Lined bodyside aperture panel.245
Fra:1 Mem:481.88M (Peak 481.88M) | Time:00:01.01 | Mem:0.00M, Peak:0.00M | Scene, ViewLayer | Synchronizing object | Pressed bodyside skin.246
Fra:1 Mem:481.88M (Peak 481.88M) | Time:00:01.01 | Mem:0.00M, Peak:0.00M | Scene, ViewLayer | Synchronizing object | Lined bodyside aperture panel.246
Fra:1 Mem:481.88M (Peak 481.88M) | Time:00:01.01 | Mem:0.00M, Peak:0.00M | Scene, ViewLayer | Synchronizing object | Lined bodyside aperture panel.247
Fra:1 Mem:481.89M (Peak 481.89M) | Time:00:01.01 | Mem:0.00M, Peak:0.00M | Scene, ViewLayer | Synchronizing object | Pressed bodyside skin.248
Fra:1 Mem:481.89M (Peak 481.89M) | Time:00:01.01 | Mem:0.00M, Peak:0.00M | Scene, ViewLayer | Synchronizing object | Lined bodyside aperture panel.248
Fra:1 Mem:481.89M (Peak 481.89M) | Time:00:01.01 | Mem:0.00M, Peak:0.00M | Scene, ViewLayer | Synchronizing object | Pressed bodyside skin.249
Fra:1 Mem:481.89M (Peak 481.89M) | Time:00:01.01 | Mem:0.00M, Peak:0.00M | Scene, ViewLayer | Synchronizing object | Lined bodyside aperture panel.249
Fra:1 Mem:481.89M (Peak 481.89M) | Time:00:01.01 | Mem:0.00M, Peak:0.00M | Scene, ViewLayer | Synchronizing object | Pressed bodyside skin.250
Fra:1 Mem:481.89M (Peak 481.89M) | Time:00:01.01 | Mem:0.00M, Peak:0.00M | Scene, ViewLayer | Synchronizing object | Pressed bodyside skin.251
Fra:1 Mem:481.90M (Peak 481.90M) | Time:00:01.01 | Mem:0.00M, Peak:0.00M | Scene, ViewLayer | Synchronizing object | Lined bodyside aperture panel.251
Fra:1 Mem:481.90M (Peak 481.90M) | Time:00:01.01 | Mem:0.00M, Peak:0.00M | Scene, ViewLayer | Synchronizing object | Pressed bodyside skin.252
Fra:1 Mem:481.90M (Peak 481.90M) | Time:00:01.01 | Mem:0.00M, Peak:0.00M | Scene, ViewLayer | Synchronizing object | Lined bodyside aperture panel.252
Fra:1 Mem:481.91M (Peak 481.91M) | Time:00:01.01 | Mem:0.00M, Peak:0.00M | Scene, ViewLayer | Synchronizing object | Pressed bodyside skin.253
Fra:1 Mem:481.91M (Peak 481.91M) | Time:00:01.01 | Mem:0.00M, Peak:0.00M | Scene, ViewLayer | Synchronizing object | Lined bodyside aperture panel.253
Fra:1 Mem:481.92M (Peak 481.92M) | Time:00:01.01 | Mem:0.00M, Peak:0.00M | Scene, ViewLayer | Synchronizing object | Pressed bodyside skin.254
Fra:1 Mem:481.92M (Peak 481.92M) | Time:00:01.01 | Mem:0.00M, Peak:0.00M | Scene, ViewLayer | Synchronizing object | Pressed bodyside skin.255
Fra:1 Mem:481.92M (Peak 481.92M) | Time:00:01.01 | Mem:0.00M, Peak:0.00M | Scene, ViewLayer | Synchronizing object | Lined bodyside aperture panel.255
Fra:1 Mem:481.92M (Peak 481.92M) | Time:00:01.01 | Mem:0.00M, Peak:0.00M | Scene, ViewLayer | Synchronizing object | Pressed bodyside skin.256
Fra:1 Mem:481.92M (Peak 481.92M) | Time:00:01.01 | Mem:0.00M, Peak:0.00M | Scene, ViewLayer | Synchronizing object | Lined bodyside aperture panel.256
Fra:1 Mem:481.92M (Peak 481.92M) | Time:00:01.01 | Mem:0.00M, Peak:0.00M | Scene, ViewLayer | Synchronizing object | Pressed bodyside skin.257
Fra:1 Mem:481.92M (Peak 481.92M) | Time:00:01.01 | Mem:0.00M, Peak:0.00M | Scene, ViewLayer | Synchronizing object | Lined bodyside aperture panel.257
Fra:1 Mem:481.93M (Peak 481.93M) | Time:00:01.01 | Mem:0.00M, Peak:0.00M | Scene, ViewLayer | Synchronizing object | Pressed bodyside skin.258
Fra:1 Mem:481.93M (Peak 481.93M) | Time:00:01.01 | Mem:0.00M, Peak:0.00M | Scene, ViewLayer | Synchronizing object | Pressed bodyside skin.259
Fra:1 Mem:481.93M (Peak 481.93M) | Time:00:01.01 | Mem:0.00M, Peak:0.00M | Scene, ViewLayer | Synchronizing object | Lined bodyside aperture panel.259
Fra:1 Mem:481.93M (Peak 481.93M) | Time:00:01.01 | Mem:0.00M, Peak:0.00M | Scene, ViewLayer | Synchronizing object | Pressed bodyside skin.260
Fra:1 Mem:481.93M (Peak 481.93M) | Time:00:01.01 | Mem:0.00M, Peak:0.00M | Scene, ViewLayer | Synchronizing object | Pressed bodyside skin.261
Fra:1 Mem:481.93M (Peak 481.93M) | Time:00:01.01 | Mem:0.00M, Peak:0.00M | Scene, ViewLayer | Synchronizing object | Lined bodyside aperture panel.261
Fra:1 Mem:481.94M (Peak 481.94M) | Time:00:01.01 | Mem:0.00M, Peak:0.00M | Scene, ViewLayer | Synchronizing object | Pressed bodyside skin.262
Fra:1 Mem:481.94M (Peak 481.94M) | Time:00:01.01 | Mem:0.00M, Peak:0.00M | Scene, ViewLayer | Synchronizing object | Pressed bodyside skin.263
Fra:1 Mem:481.94M (Peak 481.94M) | Time:00:01.01 | Mem:0.00M, Peak:0.00M | Scene, ViewLayer | Synchronizing object | Lined bodyside aperture panel.263
Fra:1 Mem:481.94M (Peak 481.94M) | Time:00:01.01 | Mem:0.00M, Peak:0.00M | Scene, ViewLayer | Synchronizing object | Pressed bodyside skin.264
Fra:1 Mem:481.94M (Peak 481.94M) | Time:00:01.01 | Mem:0.00M, Peak:0.00M | Scene, ViewLayer | Synchronizing object | Lined bodyside aperture panel.264
Fra:1 Mem:481.94M (Peak 481.94M) | Time:00:01.01 | Mem:0.00M, Peak:0.00M | Scene, ViewLayer | Synchronizing object | Pressed bodyside skin.265
Fra:1 Mem:481.94M (Peak 481.94M) | Time:00:01.01 | Mem:0.00M, Peak:0.00M | Scene, ViewLayer | Synchronizing object | Lined bodyside aperture panel.265
Fra:1 Mem:481.94M (Peak 481.94M) | Time:00:01.01 | Mem:0.00M, Peak:0.00M | Scene, ViewLayer | Synchronizing object | Pressed bodyside skin.266
Fra:1 Mem:481.95M (Peak 481.95M) | Time:00:01.01 | Mem:0.00M, Peak:0.00M | Scene, ViewLayer | Synchronizing object | Pressed bodyside skin.267
Fra:1 Mem:481.95M (Peak 481.95M) | Time:00:01.01 | Mem:0.00M, Peak:0.00M | Scene, ViewLayer | Synchronizing object | Lined bodyside aperture panel.267
Fra:1 Mem:481.95M (Peak 481.95M) | Time:00:01.01 | Mem:0.00M, Peak:0.00M | Scene, ViewLayer | Synchronizing object | Pressed bodyside skin.268
Fra:1 Mem:481.95M (Peak 481.95M) | Time:00:01.01 | Mem:0.00M, Peak:0.00M | Scene, ViewLayer | Synchronizing object | Lined bodyside aperture panel.268
Fra:1 Mem:481.95M (Peak 481.95M) | Time:00:01.01 | Mem:0.00M, Peak:0.00M | Scene, ViewLayer | Synchronizing object | Pressed bodyside skin.269
Fra:1 Mem:481.96M (Peak 481.96M) | Time:00:01.01 | Mem:0.00M, Peak:0.00M | Scene, ViewLayer | Synchronizing object | Pressed bodyside skin.270
Fra:1 Mem:481.96M (Peak 481.96M) | Time:00:01.01 | Mem:0.00M, Peak:0.00M | Scene, ViewLayer | Synchronizing object | Lined bodyside aperture panel.270
Fra:1 Mem:481.96M (Peak 481.96M) | Time:00:01.01 | Mem:0.00M, Peak:0.00M | Scene, ViewLayer | Synchronizing object | Lined bodyside aperture panel.271
Fra:1 Mem:481.96M (Peak 481.96M) | Time:00:01.01 | Mem:0.00M, Peak:0.00M | Scene, ViewLayer | Synchronizing object | Pressed bodyside skin.272
Fra:1 Mem:481.96M (Peak 481.96M) | Time:00:01.01 | Mem:0.00M, Peak:0.00M | Scene, ViewLayer | Synchronizing object | Lined bodyside aperture panel.272
Fra:1 Mem:481.96M (Peak 481.96M) | Time:00:01.01 | Mem:0.00M, Peak:0.00M | Scene, ViewLayer | Synchronizing object | Pressed bodyside skin.273
Fra:1 Mem:481.96M (Peak 481.96M) | Time:00:01.01 | Mem:0.00M, Peak:0.00M | Scene, ViewLayer | Synchronizing object | Pressed bodyside skin.274
Fra:1 Mem:481.96M (Peak 481.96M) | Time:00:01.01 | Mem:0.00M, Peak:0.00M | Scene, ViewLayer | Synchronizing object | Lined bodyside aperture panel.274
Fra:1 Mem:481.97M (Peak 481.97M) | Time:00:01.01 | Mem:0.00M, Peak:0.00M | Scene, ViewLayer | Synchronizing object | Pressed bodyside skin.275
Fra:1 Mem:481.97M (Peak 481.97M) | Time:00:01.01 | Mem:0.00M, Peak:0.00M | Scene, ViewLayer | Synchronizing object | Pressed bodyside skin.276
Fra:1 Mem:481.97M (Peak 481.97M) | Time:00:01.01 | Mem:0.00M, Peak:0.00M | Scene, ViewLayer | Synchronizing object | Lined bodyside aperture panel.276
Fra:1 Mem:481.97M (Peak 481.97M) | Time:00:01.01 | Mem:0.00M, Peak:0.00M | Scene, ViewLayer | Synchronizing object | Lined bodyside aperture panel.277
Fra:1 Mem:481.98M (Peak 481.98M) | Time:00:01.01 | Mem:0.00M, Peak:0.00M | Scene, ViewLayer | Synchronizing object | Pressed bodyside skin.278
Fra:1 Mem:481.98M (Peak 481.98M) | Time:00:01.01 | Mem:0.00M, Peak:0.00M | Scene, ViewLayer | Synchronizing object | Lined bodyside aperture panel.278
Fra:1 Mem:481.98M (Peak 481.98M) | Time:00:01.01 | Mem:0.00M, Peak:0.00M | Scene, ViewLayer | Synchronizing object | Pressed bodyside skin.279
Fra:1 Mem:481.98M (Peak 481.98M) | Time:00:01.01 | Mem:0.00M, Peak:0.00M | Scene, ViewLayer | Synchronizing object | Lined bodyside aperture panel.279
Fra:1 Mem:481.98M (Peak 481.98M) | Time:00:01.01 | Mem:0.00M, Peak:0.00M | Scene, ViewLayer | Synchronizing object | Pressed bodyside skin.280
Fra:1 Mem:481.98M (Peak 481.98M) | Time:00:01.01 | Mem:0.00M, Peak:0.00M | Scene, ViewLayer | Synchronizing object | Pressed bodyside skin.281
Fra:1 Mem:481.98M (Peak 481.98M) | Time:00:01.01 | Mem:0.00M, Peak:0.00M | Scene, ViewLayer | Synchronizing object | Lined bodyside aperture panel.281
Fra:1 Mem:481.98M (Peak 481.98M) | Time:00:01.01 | Mem:0.00M, Peak:0.00M | Scene, ViewLayer | Synchronizing object | Pressed bodyside skin.282
Fra:1 Mem:481.99M (Peak 481.99M) | Time:00:01.01 | Mem:0.00M, Peak:0.00M | Scene, ViewLayer | Synchronizing object | Lined bodyside aperture panel.282
Fra:1 Mem:481.99M (Peak 481.99M) | Time:00:01.01 | Mem:0.00M, Peak:0.00M | Scene, ViewLayer | Synchronizing object | Pressed bodyside skin.283
Fra:1 Mem:481.99M (Peak 481.99M) | Time:00:01.01 | Mem:0.00M, Peak:0.00M | Scene, ViewLayer | Synchronizing object | Lined bodyside aperture panel.283
Fra:1 Mem:481.99M (Peak 481.99M) | Time:00:01.01 | Mem:0.00M, Peak:0.00M | Scene, ViewLayer | Synchronizing object | Lined bodyside aperture panel.284
Fra:1 Mem:481.99M (Peak 481.99M) | Time:00:01.01 | Mem:0.00M, Peak:0.00M | Scene, ViewLayer | Synchronizing object | Pressed bodyside skin.285
Fra:1 Mem:481.99M (Peak 481.99M) | Time:00:01.01 | Mem:0.00M, Peak:0.00M | Scene, ViewLayer | Synchronizing object | Pressed bodyside skin.286
Fra:1 Mem:482.00M (Peak 482.00M) | Time:00:01.01 | Mem:0.00M, Peak:0.00M | Scene, ViewLayer | Synchronizing object | Pressed bodyside skin.287
Fra:1 Mem:482.00M (Peak 482.00M) | Time:00:01.01 | Mem:0.00M, Peak:0.00M | Scene, ViewLayer | Synchronizing object | Lined bodyside aperture panel.287
Fra:1 Mem:482.00M (Peak 482.00M) | Time:00:01.01 | Mem:0.00M, Peak:0.00M | Scene, ViewLayer | Synchronizing object | Pressed bodyside skin.288
Fra:1 Mem:482.00M (Peak 482.00M) | Time:00:01.01 | Mem:0.00M, Peak:0.00M | Scene, ViewLayer | Synchronizing object | Lined bodyside aperture panel.288
Fra:1 Mem:482.00M (Peak 482.00M) | Time:00:01.01 | Mem:0.00M, Peak:0.00M | Scene, ViewLayer | Synchronizing object | Pressed bodyside skin.289
Fra:1 Mem:482.00M (Peak 482.00M) | Time:00:01.01 | Mem:0.00M, Peak:0.00M | Scene, ViewLayer | Synchronizing object | Lined bodyside aperture panel.289
Fra:1 Mem:482.00M (Peak 482.00M) | Time:00:01.01 | Mem:0.00M, Peak:0.00M | Scene, ViewLayer | Synchronizing object | Pressed bodyside skin.290
Fra:1 Mem:482.00M (Peak 482.00M) | Time:00:01.01 | Mem:0.00M, Peak:0.00M | Scene, ViewLayer | Synchronizing object | Lined bodyside aperture panel.290
Fra:1 Mem:482.01M (Peak 482.01M) | Time:00:01.01 | Mem:0.00M, Peak:0.00M | Scene, ViewLayer | Synchronizing object | Pressed bodyside skin.291
Fra:1 Mem:482.01M (Peak 482.01M) | Time:00:01.01 | Mem:0.00M, Peak:0.00M | Scene, ViewLayer | Synchronizing object | Lined bodyside aperture panel.291
Fra:1 Mem:482.01M (Peak 482.01M) | Time:00:01.01 | Mem:0.00M, Peak:0.00M | Scene, ViewLayer | Synchronizing object | Pressed bodyside skin.292
Fra:1 Mem:482.01M (Peak 482.01M) | Time:00:01.01 | Mem:0.00M, Peak:0.00M | Scene, ViewLayer | Synchronizing object | Lined bodyside aperture panel.292
Fra:1 Mem:482.01M (Peak 482.01M) | Time:00:01.01 | Mem:0.00M, Peak:0.00M | Scene, ViewLayer | Synchronizing object | Pressed bodyside skin.293
Fra:1 Mem:482.01M (Peak 482.01M) | Time:00:01.01 | Mem:0.00M, Peak:0.00M | Scene, ViewLayer | Synchronizing object | Lined bodyside aperture panel.293
Fra:1 Mem:482.01M (Peak 482.01M) | Time:00:01.01 | Mem:0.00M, Peak:0.00M | Scene, ViewLayer | Synchronizing object | Pressed bodyside skin.294
Fra:1 Mem:482.02M (Peak 482.02M) | Time:00:01.01 | Mem:0.00M, Peak:0.00M | Scene, ViewLayer | Synchronizing object | Pressed bodyside skin.295
Fra:1 Mem:482.02M (Peak 482.02M) | Time:00:01.01 | Mem:0.00M, Peak:0.00M | Scene, ViewLayer | Synchronizing object | Lined bodyside aperture panel.295
Fra:1 Mem:482.02M (Peak 482.02M) | Time:00:01.01 | Mem:0.00M, Peak:0.00M | Scene, ViewLayer | Synchronizing object | Pressed bodyside skin.296
Fra:1 Mem:482.02M (Peak 482.02M) | Time:00:01.01 | Mem:0.00M, Peak:0.00M | Scene, ViewLayer | Synchronizing object | Lined bodyside aperture panel.296
Fra:1 Mem:482.02M (Peak 482.02M) | Time:00:01.01 | Mem:0.00M, Peak:0.00M | Scene, ViewLayer | Synchronizing object | Pressed bodyside skin.297
Fra:1 Mem:482.02M (Peak 482.02M) | Time:00:01.01 | Mem:0.00M, Peak:0.00M | Scene, ViewLayer | Synchronizing object | Lined bodyside aperture panel.297
Fra:1 Mem:482.02M (Peak 482.02M) | Time:00:01.01 | Mem:0.00M, Peak:0.00M | Scene, ViewLayer | Synchronizing object | Lined bodyside aperture panel.298
Fra:1 Mem:482.03M (Peak 482.03M) | Time:00:01.01 | Mem:0.00M, Peak:0.00M | Scene, ViewLayer | Synchronizing object | Pressed bodyside skin.299
Fra:1 Mem:482.03M (Peak 482.03M) | Time:00:01.01 | Mem:0.00M, Peak:0.00M | Scene, ViewLayer | Synchronizing object | Pressed bodyside skin.300
Fra:1 Mem:482.03M (Peak 482.03M) | Time:00:01.01 | Mem:0.00M, Peak:0.00M | Scene, ViewLayer | Synchronizing object | Lined bodyside aperture panel.300
Fra:1 Mem:482.03M (Peak 482.03M) | Time:00:01.01 | Mem:0.00M, Peak:0.00M | Scene, ViewLayer | Synchronizing object | Pressed bodyside skin.301
Fra:1 Mem:482.03M (Peak 482.03M) | Time:00:01.01 | Mem:0.00M, Peak:0.00M | Scene, ViewLayer | Synchronizing object | Lined bodyside aperture panel.301
Fra:1 Mem:482.03M (Peak 482.03M) | Time:00:01.01 | Mem:0.00M, Peak:0.00M | Scene, ViewLayer | Synchronizing object | Pressed bodyside skin.302
Fra:1 Mem:482.03M (Peak 482.03M) | Time:00:01.01 | Mem:0.00M, Peak:0.00M | Scene, ViewLayer | Synchronizing object | Lined bodyside aperture panel.302
Fra:1 Mem:482.04M (Peak 482.04M) | Time:00:01.01 | Mem:0.00M, Peak:0.00M | Scene, ViewLayer | Synchronizing object | Lined bodyside aperture panel.303
Fra:1 Mem:482.04M (Peak 482.04M) | Time:00:01.01 | Mem:0.00M, Peak:0.00M | Scene, ViewLayer | Synchronizing object | Pressed bodyside skin.304
Fra:1 Mem:482.04M (Peak 482.04M) | Time:00:01.01 | Mem:0.00M, Peak:0.00M | Scene, ViewLayer | Synchronizing object | Lined bodyside aperture panel.304
Fra:1 Mem:482.04M (Peak 482.04M) | Time:00:01.01 | Mem:0.00M, Peak:0.00M | Scene, ViewLayer | Synchronizing object | Pressed bodyside skin.305
Fra:1 Mem:482.04M (Peak 482.04M) | Time:00:01.01 | Mem:0.00M, Peak:0.00M | Scene, ViewLayer | Synchronizing object | Lined bodyside aperture panel.305
Fra:1 Mem:482.04M (Peak 482.04M) | Time:00:01.01 | Mem:0.00M, Peak:0.00M | Scene, ViewLayer | Synchronizing object | Lined bodyside aperture panel.306
Fra:1 Mem:482.05M (Peak 482.05M) | Time:00:01.01 | Mem:0.00M, Peak:0.00M | Scene, ViewLayer | Synchronizing object | Pressed bodyside skin.307
Fra:1 Mem:482.05M (Peak 482.05M) | Time:00:01.01 | Mem:0.00M, Peak:0.00M | Scene, ViewLayer | Synchronizing object | Pressed bodyside skin.308
Fra:1 Mem:482.05M (Peak 482.05M) | Time:00:01.01 | Mem:0.00M, Peak:0.00M | Scene, ViewLayer | Synchronizing object | Lined bodyside aperture panel.308
Fra:1 Mem:482.05M (Peak 482.05M) | Time:00:01.01 | Mem:0.00M, Peak:0.00M | Scene, ViewLayer | Synchronizing object | Pressed bodyside skin.309
Fra:1 Mem:482.05M (Peak 482.05M) | Time:00:01.01 | Mem:0.00M, Peak:0.00M | Scene, ViewLayer | Synchronizing object | Lined bodyside aperture panel.309
Fra:1 Mem:482.05M (Peak 482.05M) | Time:00:01.01 | Mem:0.00M, Peak:0.00M | Scene, ViewLayer | Synchronizing object | Pressed bodyside skin.310
Fra:1 Mem:482.05M (Peak 482.05M) | Time:00:01.01 | Mem:0.00M, Peak:0.00M | Scene, ViewLayer | Synchronizing object | Lined bodyside aperture panel.310
Fra:1 Mem:482.06M (Peak 482.06M) | Time:00:01.01 | Mem:0.00M, Peak:0.00M | Scene, ViewLayer | Synchronizing object | Lined bodyside aperture panel.311
Fra:1 Mem:482.06M (Peak 482.06M) | Time:00:01.01 | Mem:0.00M, Peak:0.00M | Scene, ViewLayer | Synchronizing object | Pressed bodyside skin.313
Fra:1 Mem:482.06M (Peak 482.06M) | Time:00:01.01 | Mem:0.00M, Peak:0.00M | Scene, ViewLayer | Synchronizing object | Lined bodyside aperture panel.313
Fra:1 Mem:482.06M (Peak 482.06M) | Time:00:01.01 | Mem:0.00M, Peak:0.00M | Scene, ViewLayer | Synchronizing object | Pressed bodyside skin.314
Fra:1 Mem:482.06M (Peak 482.06M) | Time:00:01.01 | Mem:0.00M, Peak:0.00M | Scene, ViewLayer | Synchronizing object | Pressed bodyside skin.315
Fra:1 Mem:482.07M (Peak 482.07M) | Time:00:01.01 | Mem:0.00M, Peak:0.00M | Scene, ViewLayer | Synchronizing object | Lined bodyside aperture panel.315
Fra:1 Mem:482.07M (Peak 482.07M) | Time:00:01.01 | Mem:0.00M, Peak:0.00M | Scene, ViewLayer | Synchronizing object | Pressed bodyside skin.316
Fra:1 Mem:482.07M (Peak 482.07M) | Time:00:01.01 | Mem:0.00M, Peak:0.00M | Scene, ViewLayer | Synchronizing object | Lined bodyside aperture panel.316
Fra:1 Mem:482.07M (Peak 482.07M) | Time:00:01.01 | Mem:0.00M, Peak:0.00M | Scene, ViewLayer | Synchronizing object | Lined bodyside aperture panel.317
Fra:1 Mem:482.07M (Peak 482.07M) | Time:00:01.01 | Mem:0.00M, Peak:0.00M | Scene, ViewLayer | Synchronizing object | Pressed bodyside skin.318
Fra:1 Mem:482.07M (Peak 482.07M) | Time:00:01.01 | Mem:0.00M, Peak:0.00M | Scene, ViewLayer | Synchronizing object | Lined bodyside aperture panel.318
Fra:1 Mem:482.08M (Peak 482.08M) | Time:00:01.01 | Mem:0.00M, Peak:0.00M | Scene, ViewLayer | Synchronizing object | Pressed bodyside skin.319
Fra:1 Mem:482.08M (Peak 482.08M) | Time:00:01.01 | Mem:0.00M, Peak:0.00M | Scene, ViewLayer | Synchronizing object | Lined bodyside aperture panel.319
Fra:1 Mem:482.08M (Peak 482.08M) | Time:00:01.01 | Mem:0.00M, Peak:0.00M | Scene, ViewLayer | Synchronizing object | Pressed bodyside skin.320
Fra:1 Mem:482.08M (Peak 482.08M) | Time:00:01.01 | Mem:0.00M, Peak:0.00M | Scene, ViewLayer | Synchronizing object | Pressed bodyside skin.321
Fra:1 Mem:482.08M (Peak 482.08M) | Time:00:01.01 | Mem:0.00M, Peak:0.00M | Scene, ViewLayer | Synchronizing object | Lined bodyside aperture panel.321
Fra:1 Mem:482.08M (Peak 482.08M) | Time:00:01.01 | Mem:0.00M, Peak:0.00M | Scene, ViewLayer | Synchronizing object | Pressed bodyside skin.322
Fra:1 Mem:482.08M (Peak 482.08M) | Time:00:01.01 | Mem:0.00M, Peak:0.00M | Scene, ViewLayer | Synchronizing object | Lined bodyside aperture panel.322
Fra:1 Mem:482.09M (Peak 482.09M) | Time:00:01.01 | Mem:0.00M, Peak:0.00M | Scene, ViewLayer | Synchronizing object | Lined bodyside aperture panel.323
Fra:1 Mem:482.09M (Peak 482.09M) | Time:00:01.01 | Mem:0.00M, Peak:0.00M | Scene, ViewLayer | Synchronizing object | Pressed bodyside skin.324
Fra:1 Mem:482.09M (Peak 482.09M) | Time:00:01.01 | Mem:0.00M, Peak:0.00M | Scene, ViewLayer | Synchronizing object | Lined bodyside aperture panel.324
Fra:1 Mem:482.09M (Peak 482.09M) | Time:00:01.01 | Mem:0.00M, Peak:0.00M | Scene, ViewLayer | Synchronizing object | Pressed bodyside skin.325
Fra:1 Mem:482.09M (Peak 482.09M) | Time:00:01.01 | Mem:0.00M, Peak:0.00M | Scene, ViewLayer | Synchronizing object | Lined bodyside aperture panel.325
Fra:1 Mem:482.09M (Peak 482.09M) | Time:00:01.01 | Mem:0.00M, Peak:0.00M | Scene, ViewLayer | Synchronizing object | Pressed bodyside skin.326
Fra:1 Mem:482.09M (Peak 482.09M) | Time:00:01.01 | Mem:0.00M, Peak:0.00M | Scene, ViewLayer | Synchronizing object | Pressed bodyside skin.327
Fra:1 Mem:482.10M (Peak 482.10M) | Time:00:01.01 | Mem:0.00M, Peak:0.00M | Scene, ViewLayer | Synchronizing object | Lined bodyside aperture panel.327
Fra:1 Mem:482.10M (Peak 482.10M) | Time:00:01.01 | Mem:0.00M, Peak:0.00M | Scene, ViewLayer | Synchronizing object | Floor skin rolled seam.001
Fra:1 Mem:482.10M (Peak 482.10M) | Time:00:01.01 | Mem:0.00M, Peak:0.00M | Scene, ViewLayer | Synchronizing object | Rounded body aperture corner.008
Fra:1 Mem:482.12M (Peak 482.12M) | Time:00:01.01 | Mem:0.00M, Peak:0.00M | Scene, ViewLayer | Synchronizing object | Pressed window aperture corner infill.008
Fra:1 Mem:482.13M (Peak 482.13M) | Time:00:01.01 | Mem:0.00M, Peak:0.00M | Scene, ViewLayer | Synchronizing object | Window pressed reveal return.008
Fra:1 Mem:482.14M (Peak 482.14M) | Time:00:01.01 | Mem:0.00M, Peak:0.00M | Scene, ViewLayer | Synchronizing object | Continuous EPDM glazing gasket.008
Fra:1 Mem:482.14M (Peak 482.14M) | Time:00:01.01 | Mem:0.00M, Peak:0.00M | Scene, ViewLayer | Synchronizing object | Anodised window frame extrusion.008
Fra:1 Mem:482.18M (Peak 482.18M) | Time:00:01.01 | Mem:0.00M, Peak:0.00M | Scene, ViewLayer | Synchronizing object | Sealed tinted passenger pane.008
Fra:1 Mem:482.20M (Peak 482.20M) | Time:00:01.01 | Mem:0.00M, Peak:0.00M | Scene, ViewLayer | Synchronizing object | Interior rounded window sill.008
Fra:1 Mem:482.20M (Peak 482.20M) | Time:00:01.01 | Mem:0.00M, Peak:0.00M | Scene, ViewLayer | Synchronizing object | Rounded body aperture corner.009
Fra:1 Mem:482.26M (Peak 482.26M) | Time:00:01.01 | Mem:0.00M, Peak:0.00M | Scene, ViewLayer | Synchronizing object | Pressed window aperture corner infill.009
Fra:1 Mem:482.28M (Peak 482.28M) | Time:00:01.01 | Mem:0.00M, Peak:0.00M | Scene, ViewLayer | Synchronizing object | Window pressed reveal return.009
Fra:1 Mem:482.28M (Peak 482.28M) | Time:00:01.01 | Mem:0.00M, Peak:0.00M | Scene, ViewLayer | Synchronizing object | Continuous EPDM glazing gasket.009
Fra:1 Mem:482.29M (Peak 482.29M) | Time:00:01.01 | Mem:0.00M, Peak:0.00M | Scene, ViewLayer | Synchronizing object | Anodised window frame extrusion.009
Fra:1 Mem:482.34M (Peak 482.34M) | Time:00:01.01 | Mem:0.00M, Peak:0.00M | Scene, ViewLayer | Synchronizing object | Sealed tinted passenger pane.009
Fra:1 Mem:482.35M (Peak 482.35M) | Time:00:01.01 | Mem:0.00M, Peak:0.00M | Scene, ViewLayer | Synchronizing object | Interior rounded window sill.009
Fra:1 Mem:482.36M (Peak 482.36M) | Time:00:01.01 | Mem:0.00M, Peak:0.00M | Scene, ViewLayer | Synchronizing object | Emergency window stencil.002
Fra:1 Mem:482.38M (Peak 482.38M) | Time:00:01.01 | Mem:0.00M, Peak:0.00M | Scene, ViewLayer | Synchronizing object | Emergency red release indicator.004
Fra:1 Mem:482.38M (Peak 482.38M) | Time:00:01.01 | Mem:0.00M, Peak:0.00M | Scene, ViewLayer | Synchronizing object | Emergency red release indicator.005
Fra:1 Mem:482.45M (Peak 482.45M) | Time:00:01.01 | Mem:0.00M, Peak:0.00M | Scene, ViewLayer | Synchronizing object | Berth range stencil.009
Fra:1 Mem:482.46M (Peak 482.46M) | Time:00:01.01 | Mem:0.00M, Peak:0.00M | Scene, ViewLayer | Synchronizing object | Rounded body aperture corner.010
Fra:1 Mem:482.56M (Peak 482.56M) | Time:00:01.01 | Mem:0.00M, Peak:0.00M | Scene, ViewLayer | Synchronizing object | Pressed window aperture corner infill.010
Fra:1 Mem:482.59M (Peak 482.59M) | Time:00:01.01 | Mem:0.00M, Peak:0.00M | Scene, ViewLayer | Synchronizing object | Window pressed reveal return.010
Fra:1 Mem:482.63M (Peak 482.63M) | Time:00:01.01 | Mem:0.00M, Peak:0.00M | Scene, ViewLayer | Synchronizing object | Continuous EPDM glazing gasket.010
Fra:1 Mem:482.62M (Peak 482.63M) | Time:00:01.01 | Mem:0.00M, Peak:0.00M | Scene, ViewLayer | Synchronizing object | Anodised window frame extrusion.010
Fra:1 Mem:482.66M (Peak 482.66M) | Time:00:01.01 | Mem:0.00M, Peak:0.00M | Scene, ViewLayer | Synchronizing object | Sealed tinted passenger pane.010
Fra:1 Mem:482.66M (Peak 482.66M) | Time:00:01.01 | Mem:0.00M, Peak:0.00M | Scene, ViewLayer | Synchronizing object | Interior rounded window sill.010
Fra:1 Mem:482.68M (Peak 482.68M) | Time:00:01.01 | Mem:0.00M, Peak:0.00M | Scene, ViewLayer | Synchronizing object | Berth range stencil.010
Fra:1 Mem:482.69M (Peak 482.69M) | Time:00:01.01 | Mem:0.00M, Peak:0.00M | Scene, ViewLayer | Synchronizing object | Rounded body aperture corner.011
Fra:1 Mem:482.75M (Peak 482.75M) | Time:00:01.01 | Mem:0.00M, Peak:0.00M | Scene, ViewLayer | Synchronizing object | Pressed window aperture corner infill.011
Fra:1 Mem:482.76M (Peak 482.76M) | Time:00:01.01 | Mem:0.00M, Peak:0.00M | Scene, ViewLayer | Synchronizing object | Window pressed reveal return.011
Fra:1 Mem:482.78M (Peak 482.78M) | Time:00:01.01 | Mem:0.00M, Peak:0.00M | Scene, ViewLayer | Synchronizing object | Continuous EPDM glazing gasket.011
Fra:1 Mem:482.79M (Peak 482.79M) | Time:00:01.01 | Mem:0.00M, Peak:0.00M | Scene, ViewLayer | Synchronizing object | Anodised window frame extrusion.011
Fra:1 Mem:482.82M (Peak 482.82M) | Time:00:01.01 | Mem:0.00M, Peak:0.00M | Scene, ViewLayer | Synchronizing object | Sealed tinted passenger pane.011
Fra:1 Mem:482.82M (Peak 482.82M) | Time:00:01.01 | Mem:0.00M, Peak:0.00M | Scene, ViewLayer | Synchronizing object | Berth range stencil.011
Fra:1 Mem:482.85M (Peak 482.85M) | Time:00:01.01 | Mem:0.00M, Peak:0.00M | Scene, ViewLayer | Synchronizing object | Rounded body aperture corner.012
Fra:1 Mem:482.89M (Peak 482.89M) | Time:00:01.01 | Mem:0.00M, Peak:0.00M | Scene, ViewLayer | Synchronizing object | Pressed window aperture corner infill.012
Fra:1 Mem:482.96M (Peak 482.96M) | Time:00:01.01 | Mem:0.00M, Peak:0.00M | Scene, ViewLayer | Synchronizing object | Window pressed reveal return.012
Fra:1 Mem:482.96M (Peak 482.96M) | Time:00:01.01 | Mem:0.00M, Peak:0.00M | Scene, ViewLayer | Synchronizing object | Continuous EPDM glazing gasket.012
Fra:1 Mem:482.98M (Peak 482.98M) | Time:00:01.01 | Mem:0.00M, Peak:0.00M | Scene, ViewLayer | Synchronizing object | Anodised window frame extrusion.012
Fra:1 Mem:483.01M (Peak 483.01M) | Time:00:01.01 | Mem:0.00M, Peak:0.00M | Scene, ViewLayer | Synchronizing object | Sealed tinted passenger pane.012
Fra:1 Mem:483.03M (Peak 483.03M) | Time:00:01.01 | Mem:0.00M, Peak:0.00M | Scene, ViewLayer | Synchronizing object | Interior rounded window sill.012
Fra:1 Mem:483.06M (Peak 483.06M) | Time:00:01.01 | Mem:0.00M, Peak:0.00M | Scene, ViewLayer | Synchronizing object | Berth range stencil.012
Fra:1 Mem:483.08M (Peak 483.08M) | Time:00:01.01 | Mem:0.00M, Peak:0.00M | Scene, ViewLayer | Synchronizing object | Rounded body aperture corner.013
Fra:1 Mem:483.09M (Peak 483.09M) | Time:00:01.01 | Mem:0.00M, Peak:0.00M | Scene, ViewLayer | Synchronizing object | Pressed window aperture corner infill.013
Fra:1 Mem:483.17M (Peak 483.17M) | Time:00:01.01 | Mem:0.00M, Peak:0.00M | Scene, ViewLayer | Synchronizing object | Window pressed reveal return.013
Fra:1 Mem:483.18M (Peak 483.18M) | Time:00:01.01 | Mem:0.00M, Peak:0.00M | Scene, ViewLayer | Synchronizing object | Continuous EPDM glazing gasket.013
Fra:1 Mem:483.19M (Peak 483.19M) | Time:00:01.01 | Mem:0.00M, Peak:0.00M | Scene, ViewLayer | Synchronizing object | Anodised window frame extrusion.013
Fra:1 Mem:483.23M (Peak 483.23M) | Time:00:01.01 | Mem:0.00M, Peak:0.00M | Scene, ViewLayer | Synchronizing object | Sealed tinted passenger pane.013
Fra:1 Mem:483.23M (Peak 483.23M) | Time:00:01.01 | Mem:0.00M, Peak:0.00M | Scene, ViewLayer | Synchronizing object | Interior rounded window sill.013
Fra:1 Mem:483.24M (Peak 483.24M) | Time:00:01.01 | Mem:0.00M, Peak:0.00M | Scene, ViewLayer | Synchronizing object | Berth range stencil.013
Fra:1 Mem:483.29M (Peak 483.29M) | Time:00:01.01 | Mem:0.00M, Peak:0.00M | Scene, ViewLayer | Synchronizing object | Rounded body aperture corner.014
Fra:1 Mem:483.34M (Peak 483.34M) | Time:00:01.01 | Mem:0.00M, Peak:0.00M | Scene, ViewLayer | Synchronizing object | Pressed window aperture corner infill.014
Fra:1 Mem:483.35M (Peak 483.35M) | Time:00:01.01 | Mem:0.00M, Peak:0.00M | Scene, ViewLayer | Synchronizing object | Window pressed reveal return.014
Fra:1 Mem:483.35M (Peak 483.35M) | Time:00:01.01 | Mem:0.00M, Peak:0.00M | Scene, ViewLayer | Synchronizing object | Continuous EPDM glazing gasket.014
Fra:1 Mem:483.37M (Peak 483.37M) | Time:00:01.01 | Mem:0.00M, Peak:0.00M | Scene, ViewLayer | Synchronizing object | Anodised window frame extrusion.014
Fra:1 Mem:483.40M (Peak 483.40M) | Time:00:01.01 | Mem:0.00M, Peak:0.00M | Scene, ViewLayer | Synchronizing object | Sealed tinted passenger pane.014
Fra:1 Mem:483.42M (Peak 483.42M) | Time:00:01.01 | Mem:0.00M, Peak:0.00M | Scene, ViewLayer | Synchronizing object | Interior rounded window sill.014
Fra:1 Mem:483.42M (Peak 483.42M) | Time:00:01.01 | Mem:0.00M, Peak:0.00M | Scene, ViewLayer | Synchronizing object | Emergency red release indicator.006
Fra:1 Mem:483.46M (Peak 483.46M) | Time:00:01.01 | Mem:0.00M, Peak:0.00M | Scene, ViewLayer | Synchronizing object | Emergency red release indicator.007
Fra:1 Mem:483.46M (Peak 483.46M) | Time:00:01.01 | Mem:0.00M, Peak:0.00M | Scene, ViewLayer | Synchronizing object | Berth range stencil.014
Fra:1 Mem:483.50M (Peak 483.50M) | Time:00:01.01 | Mem:0.00M, Peak:0.00M | Scene, ViewLayer | Synchronizing object | Rounded body aperture corner.015
Fra:1 Mem:483.65M (Peak 483.65M) | Time:00:01.01 | Mem:0.00M, Peak:0.00M | Scene, ViewLayer | Synchronizing object | Pressed window aperture corner infill.015
Fra:1 Mem:483.68M (Peak 483.68M) | Time:00:01.01 | Mem:0.00M, Peak:0.00M | Scene, ViewLayer | Synchronizing object | Window pressed reveal return.015
Fra:1 Mem:483.70M (Peak 483.70M) | Time:00:01.01 | Mem:0.00M, Peak:0.00M | Scene, ViewLayer | Synchronizing object | Continuous EPDM glazing gasket.015
Fra:1 Mem:483.73M (Peak 483.73M) | Time:00:01.01 | Mem:0.00M, Peak:0.00M | Scene, ViewLayer | Synchronizing object | Anodised window frame extrusion.015
Fra:1 Mem:483.75M (Peak 483.75M) | Time:00:01.01 | Mem:0.00M, Peak:0.00M | Scene, ViewLayer | Synchronizing object | Sealed tinted passenger pane.015
Fra:1 Mem:483.77M (Peak 483.77M) | Time:00:01.01 | Mem:0.00M, Peak:0.00M | Scene, ViewLayer | Synchronizing object | Interior rounded window sill.015
Fra:1 Mem:483.77M (Peak 483.77M) | Time:00:01.01 | Mem:0.00M, Peak:0.00M | Scene, ViewLayer | Synchronizing object | Berth range stencil.015
Fra:1 Mem:483.81M (Peak 483.81M) | Time:00:01.01 | Mem:0.00M, Peak:0.00M | Scene, ViewLayer | Synchronizing object | Entrance aperture steel return.002
Fra:1 Mem:483.84M (Peak 483.84M) | Time:00:01.01 | Mem:0.00M, Peak:0.00M | Scene, ViewLayer | Synchronizing object | Entrance door weatherseal.002
Fra:1 Mem:483.89M (Peak 483.89M) | Time:00:01.01 | Mem:0.00M, Peak:0.00M | Scene, ViewLayer | Synchronizing object | Entrance pressed steel door panel.004
Fra:1 Mem:483.89M (Peak 483.89M) | Time:00:01.01 | Mem:0.00M, Peak:0.00M | Scene, ViewLayer | Synchronizing object | Entrance pressed steel door panel.005
Fra:1 Mem:483.90M (Peak 483.90M) | Time:00:01.01 | Mem:0.00M, Peak:0.00M | Scene, ViewLayer | Synchronizing object | Entrance glazed opening side rail.004
Fra:1 Mem:483.91M (Peak 483.91M) | Time:00:01.01 | Mem:0.00M, Peak:0.00M | Scene, ViewLayer | Synchronizing object | Entrance glazed opening side rail.005
Fra:1 Mem:483.92M (Peak 483.92M) | Time:00:01.01 | Mem:0.00M, Peak:0.00M | Scene, ViewLayer | Synchronizing object | Door window band lower paint strip.002
Fra:1 Mem:483.92M (Peak 483.92M) | Time:00:01.01 | Mem:0.00M, Peak:0.00M | Scene, ViewLayer | Synchronizing object | Door window band upper paint strip.002
Fra:1 Mem:483.92M (Peak 483.92M) | Time:00:01.01 | Mem:0.00M, Peak:0.00M | Scene, ViewLayer | Synchronizing object | Entrance window gasket.002
Fra:1 Mem:483.93M (Peak 483.93M) | Time:00:01.01 | Mem:0.00M, Peak:0.00M | Scene, ViewLayer | Synchronizing object | Entrance clear door glazing.002
Fra:1 Mem:483.93M (Peak 483.93M) | Time:00:01.01 | Mem:0.00M, Peak:0.00M | Scene, ViewLayer | Synchronizing object | Pressed door lower panel bead.004
Fra:1 Mem:483.97M (Peak 483.97M) | Time:00:01.01 | Mem:0.00M, Peak:0.00M | Scene, ViewLayer | Synchronizing object | Pressed door lower panel bead.005
Fra:1 Mem:483.99M (Peak 483.99M) | Time:00:01.01 | Mem:0.00M, Peak:0.00M | Scene, ViewLayer | Synchronizing object | Door hinge knuckle.006
Fra:1 Mem:484.00M (Peak 484.00M) | Time:00:01.01 | Mem:0.00M, Peak:0.00M | Scene, ViewLayer | Synchronizing object | Door hinge plate.012
Fra:1 Mem:484.00M (Peak 484.00M) | Time:00:01.01 | Mem:0.00M, Peak:0.00M | Scene, ViewLayer | Synchronizing object | Door hinge plate.013
Fra:1 Mem:484.02M (Peak 484.02M) | Time:00:01.01 | Mem:0.00M, Peak:0.00M | Scene, ViewLayer | Synchronizing object | Door hinge knuckle.007
Fra:1 Mem:484.02M (Peak 484.02M) | Time:00:01.01 | Mem:0.00M, Peak:0.00M | Scene, ViewLayer | Synchronizing object | Door hinge plate.014
Fra:1 Mem:484.03M (Peak 484.03M) | Time:00:01.01 | Mem:0.00M, Peak:0.00M | Scene, ViewLayer | Synchronizing object | Door hinge knuckle.008
Fra:1 Mem:484.04M (Peak 484.04M) | Time:00:01.01 | Mem:0.00M, Peak:0.00M | Scene, ViewLayer | Synchronizing object | Door hinge plate.016
Fra:1 Mem:484.05M (Peak 484.05M) | Time:00:01.01 | Mem:0.00M, Peak:0.00M | Scene, ViewLayer | Synchronizing object | Door hinge plate.017
Fra:1 Mem:484.06M (Peak 484.06M) | Time:00:01.01 | Mem:0.00M, Peak:0.00M | Scene, ViewLayer | Synchronizing object | Door polished pull.002
Fra:1 Mem:484.06M (Peak 484.06M) | Time:00:01.01 | Mem:0.00M, Peak:0.00M | Scene, ViewLayer | Synchronizing object | Door handle mounting boss.004
Fra:1 Mem:484.07M (Peak 484.07M) | Time:00:01.01 | Mem:0.00M, Peak:0.00M | Scene, ViewLayer | Synchronizing object | Door handle mounting boss.005
Fra:1 Mem:484.07M (Peak 484.07M) | Time:00:01.01 | Mem:0.00M, Peak:0.00M | Scene, ViewLayer | Synchronizing object | Door lock escutcheon.002
Fra:1 Mem:484.08M (Peak 484.08M) | Time:00:01.01 | Mem:0.00M, Peak:0.00M | Scene, ViewLayer | Synchronizing object | Door key slot.002
Fra:1 Mem:484.08M (Peak 484.08M) | Time:00:01.01 | Mem:0.00M, Peak:0.00M | Scene, ViewLayer | Synchronizing object | Bent entrance stainless grabrail.004
Fra:1 Mem:484.08M (Peak 484.08M) | Time:00:01.01 | Mem:0.00M, Peak:0.00M | Scene, ViewLayer | Synchronizing object | Grabrail mounting pad.008
Fra:1 Mem:484.10M (Peak 484.10M) | Time:00:01.01 | Mem:0.00M, Peak:0.00M | Scene, ViewLayer | Synchronizing object | Grabrail mounting pad.009
Fra:1 Mem:484.10M (Peak 484.10M) | Time:00:01.01 | Mem:0.00M, Peak:0.00M | Scene, ViewLayer | Synchronizing object | Bent entrance stainless grabrail.005
Fra:1 Mem:484.11M (Peak 484.11M) | Time:00:01.01 | Mem:0.00M, Peak:0.00M | Scene, ViewLayer | Synchronizing object | Grabrail mounting pad.010
Fra:1 Mem:484.12M (Peak 484.12M) | Time:00:01.01 | Mem:0.00M, Peak:0.00M | Scene, ViewLayer | Synchronizing object | Grabrail mounting pad.011
Fra:1 Mem:484.12M (Peak 484.12M) | Time:00:01.01 | Mem:0.00M, Peak:0.00M | Scene, ViewLayer | Synchronizing object | Entrance ladder perforated tread.008
Fra:1 Mem:484.13M (Peak 484.13M) | Time:00:01.01 | Mem:0.00M, Peak:0.00M | Scene, ViewLayer | Synchronizing object | Entry tread raised antislip ridge.120
Fra:1 Mem:484.14M (Peak 484.14M) | Time:00:01.01 | Mem:0.00M, Peak:0.00M | Scene, ViewLayer | Synchronizing object | Entry tread raised antislip ridge.121
Fra:1 Mem:484.15M (Peak 484.15M) | Time:00:01.01 | Mem:0.00M, Peak:0.00M | Scene, ViewLayer | Synchronizing object | Entry tread raised antislip ridge.122
Fra:1 Mem:484.15M (Peak 484.15M) | Time:00:01.01 | Mem:0.00M, Peak:0.00M | Scene, ViewLayer | Synchronizing object | Entry tread raised antislip ridge.123
Fra:1 Mem:484.17M (Peak 484.17M) | Time:00:01.01 | Mem:0.00M, Peak:0.00M | Scene, ViewLayer | Synchronizing object | Entry tread raised antislip ridge.124
Fra:1 Mem:484.17M (Peak 484.17M) | Time:00:01.01 | Mem:0.00M, Peak:0.00M | Scene, ViewLayer | Synchronizing object | Entry tread raised antislip ridge.125
Fra:1 Mem:484.19M (Peak 484.19M) | Time:00:01.01 | Mem:0.00M, Peak:0.00M | Scene, ViewLayer | Synchronizing object | Entry tread raised antislip ridge.127
Fra:1 Mem:484.19M (Peak 484.19M) | Time:00:01.01 | Mem:0.00M, Peak:0.00M | Scene, ViewLayer | Synchronizing object | Entry tread raised antislip ridge.128
Fra:1 Mem:484.21M (Peak 484.21M) | Time:00:01.01 | Mem:0.00M, Peak:0.00M | Scene, ViewLayer | Synchronizing object | Entry tread raised antislip ridge.129
Fra:1 Mem:484.21M (Peak 484.21M) | Time:00:01.01 | Mem:0.00M, Peak:0.00M | Scene, ViewLayer | Synchronizing object | Entry tread raised antislip ridge.130
Fra:1 Mem:484.22M (Peak 484.22M) | Time:00:01.01 | Mem:0.00M, Peak:0.00M | Scene, ViewLayer | Synchronizing object | Entry tread raised antislip ridge.131
Fra:1 Mem:484.23M (Peak 484.23M) | Time:00:01.01 | Mem:0.00M, Peak:0.00M | Scene, ViewLayer | Synchronizing object | Entry tread raised antislip ridge.132
Fra:1 Mem:484.24M (Peak 484.24M) | Time:00:01.01 | Mem:0.00M, Peak:0.00M | Scene, ViewLayer | Synchronizing object | Entry tread raised antislip ridge.133
Fra:1 Mem:484.25M (Peak 484.25M) | Time:00:01.01 | Mem:0.00M, Peak:0.00M | Scene, ViewLayer | Synchronizing object | Entry tread raised antislip ridge.134
Fra:1 Mem:484.26M (Peak 484.26M) | Time:00:01.01 | Mem:0.00M, Peak:0.00M | Scene, ViewLayer | Synchronizing object | Entrance ladder perforated tread.009
Fra:1 Mem:484.27M (Peak 484.27M) | Time:00:01.01 | Mem:0.00M, Peak:0.00M | Scene, ViewLayer | Synchronizing object | Entry tread raised antislip ridge.135
Fra:1 Mem:484.28M (Peak 484.28M) | Time:00:01.01 | Mem:0.00M, Peak:0.00M | Scene, ViewLayer | Synchronizing object | Entry tread raised antislip ridge.136
Fra:1 Mem:484.28M (Peak 484.28M) | Time:00:01.01 | Mem:0.00M, Peak:0.00M | Scene, ViewLayer | Synchronizing object | Entry tread raised antislip ridge.137
Fra:1 Mem:484.29M (Peak 484.29M) | Time:00:01.01 | Mem:0.00M, Peak:0.00M | Scene, ViewLayer | Synchronizing object | Entry tread raised antislip ridge.138
Fra:1 Mem:484.30M (Peak 484.30M) | Time:00:01.01 | Mem:0.00M, Peak:0.00M | Scene, ViewLayer | Synchronizing object | Entry tread raised antislip ridge.139
Fra:1 Mem:484.31M (Peak 484.31M) | Time:00:01.01 | Mem:0.00M, Peak:0.00M | Scene, ViewLayer | Synchronizing object | Entry tread raised antislip ridge.140
Fra:1 Mem:484.32M (Peak 484.32M) | Time:00:01.01 | Mem:0.00M, Peak:0.00M | Scene, ViewLayer | Synchronizing object | Entry tread raised antislip ridge.141
Fra:1 Mem:484.32M (Peak 484.32M) | Time:00:01.01 | Mem:0.00M, Peak:0.00M | Scene, ViewLayer | Synchronizing object | Entry tread raised antislip ridge.142
Fra:1 Mem:484.33M (Peak 484.33M) | Time:00:01.01 | Mem:0.00M, Peak:0.00M | Scene, ViewLayer | Synchronizing object | Entry tread raised antislip ridge.143
Fra:1 Mem:484.35M (Peak 484.35M) | Time:00:01.01 | Mem:0.00M, Peak:0.00M | Scene, ViewLayer | Synchronizing object | Entry tread raised antislip ridge.145
Fra:1 Mem:484.35M (Peak 484.35M) | Time:00:01.01 | Mem:0.00M, Peak:0.00M | Scene, ViewLayer | Synchronizing object | Entry tread raised antislip ridge.146
Fra:1 Mem:484.37M (Peak 484.37M) | Time:00:01.01 | Mem:0.00M, Peak:0.00M | Scene, ViewLayer | Synchronizing object | Entry tread raised antislip ridge.147
Fra:1 Mem:484.38M (Peak 484.38M) | Time:00:01.01 | Mem:0.00M, Peak:0.00M | Scene, ViewLayer | Synchronizing object | Entry tread raised antislip ridge.148
Fra:1 Mem:484.39M (Peak 484.39M) | Time:00:01.01 | Mem:0.00M, Peak:0.00M | Scene, ViewLayer | Synchronizing object | Entry tread raised antislip ridge.149
Fra:1 Mem:484.39M (Peak 484.39M) | Time:00:01.01 | Mem:0.00M, Peak:0.00M | Scene, ViewLayer | Synchronizing object | Entrance ladder perforated tread.010
Fra:1 Mem:484.41M (Peak 484.41M) | Time:00:01.01 | Mem:0.00M, Peak:0.00M | Scene, ViewLayer | Synchronizing object | Entry tread raised antislip ridge.150
Fra:1 Mem:484.41M (Peak 484.41M) | Time:00:01.01 | Mem:0.00M, Peak:0.00M | Scene, ViewLayer | Synchronizing object | Entry tread raised antislip ridge.151
Fra:1 Mem:484.42M (Peak 484.42M) | Time:00:01.01 | Mem:0.00M, Peak:0.00M | Scene, ViewLayer | Synchronizing object | Entry tread raised antislip ridge.152
Fra:1 Mem:484.42M (Peak 484.42M) | Time:00:01.01 | Mem:0.00M, Peak:0.00M | Scene, ViewLayer | Synchronizing object | Entry tread raised antislip ridge.153
Fra:1 Mem:484.44M (Peak 484.44M) | Time:00:01.01 | Mem:0.00M, Peak:0.00M | Scene, ViewLayer | Synchronizing object | Entry tread raised antislip ridge.154
Fra:1 Mem:484.45M (Peak 484.45M) | Time:00:01.01 | Mem:0.00M, Peak:0.00M | Scene, ViewLayer | Synchronizing object | Entry tread raised antislip ridge.155
Fra:1 Mem:484.45M (Peak 484.45M) | Time:00:01.01 | Mem:0.00M, Peak:0.00M | Scene, ViewLayer | Synchronizing object | Entry tread raised antislip ridge.156
Fra:1 Mem:484.46M (Peak 484.46M) | Time:00:01.01 | Mem:0.00M, Peak:0.00M | Scene, ViewLayer | Synchronizing object | Entry tread raised antislip ridge.157
Fra:1 Mem:484.47M (Peak 484.47M) | Time:00:01.01 | Mem:0.00M, Peak:0.00M | Scene, ViewLayer | Synchronizing object | Entry tread raised antislip ridge.158
Fra:1 Mem:484.47M (Peak 484.47M) | Time:00:01.01 | Mem:0.00M, Peak:0.00M | Scene, ViewLayer | Synchronizing object | Entry tread raised antislip ridge.159
Fra:1 Mem:484.49M (Peak 484.49M) | Time:00:01.01 | Mem:0.00M, Peak:0.00M | Scene, ViewLayer | Synchronizing object | Entry tread raised antislip ridge.160
Fra:1 Mem:484.49M (Peak 484.49M) | Time:00:01.01 | Mem:0.00M, Peak:0.00M | Scene, ViewLayer | Synchronizing object | Entry tread raised antislip ridge.161
Fra:1 Mem:484.51M (Peak 484.51M) | Time:00:01.01 | Mem:0.00M, Peak:0.00M | Scene, ViewLayer | Synchronizing object | Entry tread raised antislip ridge.162
Fra:1 Mem:484.51M (Peak 484.51M) | Time:00:01.01 | Mem:0.00M, Peak:0.00M | Scene, ViewLayer | Synchronizing object | Entry tread raised antislip ridge.163
Fra:1 Mem:484.52M (Peak 484.52M) | Time:00:01.01 | Mem:0.00M, Peak:0.00M | Scene, ViewLayer | Synchronizing object | Entry tread raised antislip ridge.164
Fra:1 Mem:484.54M (Peak 484.54M) | Time:00:01.01 | Mem:0.00M, Peak:0.00M | Scene, ViewLayer | Synchronizing object | Entrance ladder perforated tread.011
Fra:1 Mem:484.54M (Peak 484.54M) | Time:00:01.01 | Mem:0.00M, Peak:0.00M | Scene, ViewLayer | Synchronizing object | Entry tread raised antislip ridge.165
Fra:1 Mem:484.55M (Peak 484.55M) | Time:00:01.01 | Mem:0.00M, Peak:0.00M | Scene, ViewLayer | Synchronizing object | Entry tread raised antislip ridge.166
Fra:1 Mem:484.56M (Peak 484.56M) | Time:00:01.01 | Mem:0.00M, Peak:0.00M | Scene, ViewLayer | Synchronizing object | Entry tread raised antislip ridge.167
Fra:1 Mem:484.56M (Peak 484.56M) | Time:00:01.01 | Mem:0.00M, Peak:0.00M | Scene, ViewLayer | Synchronizing object | Entry tread raised antislip ridge.169
Fra:1 Mem:484.59M (Peak 484.59M) | Time:00:01.01 | Mem:0.00M, Peak:0.00M | Scene, ViewLayer | Synchronizing object | Entry tread raised antislip ridge.170
Fra:1 Mem:484.59M (Peak 484.59M) | Time:00:01.01 | Mem:0.00M, Peak:0.00M | Scene, ViewLayer | Synchronizing object | Entry tread raised antislip ridge.171
Fra:1 Mem:484.60M (Peak 484.60M) | Time:00:01.01 | Mem:0.00M, Peak:0.00M | Scene, ViewLayer | Synchronizing object | Entry tread raised antislip ridge.172
Fra:1 Mem:484.61M (Peak 484.61M) | Time:00:01.01 | Mem:0.00M, Peak:0.00M | Scene, ViewLayer | Synchronizing object | Entry tread raised antislip ridge.173
Fra:1 Mem:484.61M (Peak 484.61M) | Time:00:01.01 | Mem:0.00M, Peak:0.00M | Scene, ViewLayer | Synchronizing object | Entry tread raised antislip ridge.174
Fra:1 Mem:484.63M (Peak 484.63M) | Time:00:01.01 | Mem:0.00M, Peak:0.00M | Scene, ViewLayer | Synchronizing object | Entry tread raised antislip ridge.175
Fra:1 Mem:484.63M (Peak 484.63M) | Time:00:01.01 | Mem:0.00M, Peak:0.00M | Scene, ViewLayer | Synchronizing object | Entry tread raised antislip ridge.177
Fra:1 Mem:484.66M (Peak 484.66M) | Time:00:01.01 | Mem:0.00M, Peak:0.00M | Scene, ViewLayer | Synchronizing object | Entry tread raised antislip ridge.179
Fra:1 Mem:484.67M (Peak 484.67M) | Time:00:01.01 | Mem:0.00M, Peak:0.00M | Scene, ViewLayer | Synchronizing object | Entrance ladder angle stringer.004
Fra:1 Mem:484.67M (Peak 484.67M) | Time:00:01.01 | Mem:0.00M, Peak:0.00M | Scene, ViewLayer | Synchronizing object | Entrance ladder angle stringer.005
Fra:1 Mem:484.68M (Peak 484.68M) | Time:00:01.01 | Mem:0.00M, Peak:0.00M | Scene, ViewLayer | Synchronizing object | Door instruction.002
Fra:1 Mem:484.72M (Peak 484.72M) | Time:00:01.01 | Mem:0.00M, Peak:0.00M | Scene, ViewLayer | Synchronizing object | Entry lettering.002
Fra:1 Mem:484.76M (Peak 484.76M) | Time:00:01.01 | Mem:0.00M, Peak:0.00M | Scene, ViewLayer | Synchronizing object | Entrance aperture steel return.003
Fra:1 Mem:484.76M (Peak 484.76M) | Time:00:01.01 | Mem:0.00M, Peak:0.00M | Scene, ViewLayer | Synchronizing object | Entrance door weatherseal.003
Fra:1 Mem:484.79M (Peak 484.79M) | Time:00:01.01 | Mem:0.00M, Peak:0.00M | Scene, ViewLayer | Synchronizing object | Entrance pressed steel door panel.006
Fra:1 Mem:484.81M (Peak 484.81M) | Time:00:01.01 | Mem:0.00M, Peak:0.00M | Scene, ViewLayer | Synchronizing object | Entrance pressed steel door panel.007
Fra:1 Mem:484.80M (Peak 484.81M) | Time:00:01.01 | Mem:0.00M, Peak:0.00M | Scene, ViewLayer | Synchronizing object | Entrance glazed opening side rail.006
Fra:1 Mem:484.81M (Peak 484.81M) | Time:00:01.01 | Mem:0.00M, Peak:0.00M | Scene, ViewLayer | Synchronizing object | Entrance glazed opening side rail.007
Fra:1 Mem:484.82M (Peak 484.82M) | Time:00:01.01 | Mem:0.00M, Peak:0.00M | Scene, ViewLayer | Synchronizing object | Door window band lower paint strip.003
Fra:1 Mem:484.82M (Peak 484.82M) | Time:00:01.01 | Mem:0.00M, Peak:0.00M | Scene, ViewLayer | Synchronizing object | Door window band upper paint strip.003
Fra:1 Mem:484.83M (Peak 484.83M) | Time:00:01.01 | Mem:0.00M, Peak:0.00M | Scene, ViewLayer | Synchronizing object | Entrance window gasket.003
Fra:1 Mem:484.83M (Peak 484.83M) | Time:00:01.01 | Mem:0.00M, Peak:0.00M | Scene, ViewLayer | Synchronizing object | Pressed door lower panel bead.006
Fra:1 Mem:484.88M (Peak 484.88M) | Time:00:01.01 | Mem:0.00M, Peak:0.00M | Scene, ViewLayer | Synchronizing object | Pressed door lower panel bead.007
Fra:1 Mem:484.89M (Peak 484.89M) | Time:00:01.01 | Mem:0.00M, Peak:0.00M | Scene, ViewLayer | Synchronizing object | Door hinge knuckle.009
Fra:1 Mem:484.90M (Peak 484.90M) | Time:00:01.01 | Mem:0.00M, Peak:0.00M | Scene, ViewLayer | Synchronizing object | Door hinge plate.018
Fra:1 Mem:484.92M (Peak 484.92M) | Time:00:01.01 | Mem:0.00M, Peak:0.00M | Scene, ViewLayer | Synchronizing object | Door hinge plate.019
Fra:1 Mem:484.92M (Peak 484.92M) | Time:00:01.01 | Mem:0.00M, Peak:0.00M | Scene, ViewLayer | Synchronizing object | Door hinge knuckle.010
Fra:1 Mem:484.92M (Peak 484.92M) | Time:00:01.01 | Mem:0.00M, Peak:0.00M | Scene, ViewLayer | Synchronizing object | Door hinge plate.020
Fra:1 Mem:484.94M (Peak 484.94M) | Time:00:01.01 | Mem:0.00M, Peak:0.00M | Scene, ViewLayer | Synchronizing object | Door hinge plate.021
Fra:1 Mem:484.94M (Peak 484.94M) | Time:00:01.01 | Mem:0.00M, Peak:0.00M | Scene, ViewLayer | Synchronizing object | Door hinge knuckle.011
Fra:1 Mem:484.95M (Peak 484.95M) | Time:00:01.01 | Mem:0.00M, Peak:0.00M | Scene, ViewLayer | Synchronizing object | Door hinge plate.022
Fra:1 Mem:484.96M (Peak 484.96M) | Time:00:01.01 | Mem:0.00M, Peak:0.00M | Scene, ViewLayer | Synchronizing object | Door hinge plate.023
Fra:1 Mem:484.97M (Peak 484.97M) | Time:00:01.01 | Mem:0.00M, Peak:0.00M | Scene, ViewLayer | Synchronizing object | Door polished pull.003
Fra:1 Mem:484.97M (Peak 484.97M) | Time:00:01.01 | Mem:0.00M, Peak:0.00M | Scene, ViewLayer | Synchronizing object | Door handle mounting boss.007
Fra:1 Mem:484.98M (Peak 484.98M) | Time:00:01.01 | Mem:0.00M, Peak:0.00M | Scene, ViewLayer | Synchronizing object | Door lock escutcheon.003
Fra:1 Mem:484.98M (Peak 484.98M) | Time:00:01.01 | Mem:0.00M, Peak:0.00M | Scene, ViewLayer | Synchronizing object | Door key slot.003
Fra:1 Mem:484.99M (Peak 484.99M) | Time:00:01.01 | Mem:0.00M, Peak:0.00M | Scene, ViewLayer | Synchronizing object | Bent entrance stainless grabrail.006
Fra:1 Mem:485.00M (Peak 485.00M) | Time:00:01.01 | Mem:0.00M, Peak:0.00M | Scene, ViewLayer | Synchronizing object | Grabrail mounting pad.012
Fra:1 Mem:485.00M (Peak 485.00M) | Time:00:01.01 | Mem:0.00M, Peak:0.00M | Scene, ViewLayer | Synchronizing object | Grabrail mounting pad.013
Fra:1 Mem:485.01M (Peak 485.01M) | Time:00:01.01 | Mem:0.00M, Peak:0.00M | Scene, ViewLayer | Synchronizing object | Bent entrance stainless grabrail.007
Fra:1 Mem:485.01M (Peak 485.01M) | Time:00:01.01 | Mem:0.00M, Peak:0.00M | Scene, ViewLayer | Synchronizing object | Grabrail mounting pad.014
Fra:1 Mem:485.02M (Peak 485.02M) | Time:00:01.01 | Mem:0.00M, Peak:0.00M | Scene, ViewLayer | Synchronizing object | Grabrail mounting pad.015
Fra:1 Mem:485.03M (Peak 485.03M) | Time:00:01.01 | Mem:0.00M, Peak:0.00M | Scene, ViewLayer | Synchronizing object | Entrance ladder perforated tread.012
Fra:1 Mem:485.04M (Peak 485.04M) | Time:00:01.01 | Mem:0.00M, Peak:0.00M | Scene, ViewLayer | Synchronizing object | Entry tread raised antislip ridge.180
Fra:1 Mem:485.04M (Peak 485.04M) | Time:00:01.01 | Mem:0.00M, Peak:0.00M | Scene, ViewLayer | Synchronizing object | Entry tread raised antislip ridge.181
Fra:1 Mem:485.06M (Peak 485.06M) | Time:00:01.01 | Mem:0.00M, Peak:0.00M | Scene, ViewLayer | Synchronizing object | Entry tread raised antislip ridge.182
Fra:1 Mem:485.06M (Peak 485.06M) | Time:00:01.01 | Mem:0.00M, Peak:0.00M | Scene, ViewLayer | Synchronizing object | Entry tread raised antislip ridge.184
Fra:1 Mem:485.09M (Peak 485.09M) | Time:00:01.01 | Mem:0.00M, Peak:0.00M | Scene, ViewLayer | Synchronizing object | Entry tread raised antislip ridge.185
Fra:1 Mem:485.09M (Peak 485.09M) | Time:00:01.01 | Mem:0.00M, Peak:0.00M | Scene, ViewLayer | Synchronizing object | Entry tread raised antislip ridge.186
Fra:1 Mem:485.10M (Peak 485.10M) | Time:00:01.01 | Mem:0.00M, Peak:0.00M | Scene, ViewLayer | Synchronizing object | Entry tread raised antislip ridge.188
Fra:1 Mem:485.12M (Peak 485.12M) | Time:00:01.01 | Mem:0.00M, Peak:0.00M | Scene, ViewLayer | Synchronizing object | Entry tread raised antislip ridge.189
Fra:1 Mem:485.13M (Peak 485.13M) | Time:00:01.01 | Mem:0.00M, Peak:0.00M | Scene, ViewLayer | Synchronizing object | Entry tread raised antislip ridge.190
Fra:1 Mem:485.13M (Peak 485.13M) | Time:00:01.01 | Mem:0.00M, Peak:0.00M | Scene, ViewLayer | Synchronizing object | Entry tread raised antislip ridge.191
Fra:1 Mem:485.14M (Peak 485.14M) | Time:00:01.01 | Mem:0.00M, Peak:0.00M | Scene, ViewLayer | Synchronizing object | Entry tread raised antislip ridge.192
Fra:1 Mem:485.15M (Peak 485.15M) | Time:00:01.01 | Mem:0.00M, Peak:0.00M | Scene, ViewLayer | Synchronizing object | Entry tread raised antislip ridge.193
Fra:1 Mem:485.16M (Peak 485.16M) | Time:00:01.01 | Mem:0.00M, Peak:0.00M | Scene, ViewLayer | Synchronizing object | Entry tread raised antislip ridge.194
Fra:1 Mem:485.16M (Peak 485.16M) | Time:00:01.01 | Mem:0.00M, Peak:0.00M | Scene, ViewLayer | Synchronizing object | Entrance ladder perforated tread.013
Fra:1 Mem:485.17M (Peak 485.17M) | Time:00:01.01 | Mem:0.00M, Peak:0.00M | Scene, ViewLayer | Synchronizing object | Entry tread raised antislip ridge.195
Fra:1 Mem:485.18M (Peak 485.18M) | Time:00:01.01 | Mem:0.00M, Peak:0.00M | Scene, ViewLayer | Synchronizing object | Entry tread raised antislip ridge.196
Fra:1 Mem:485.20M (Peak 485.20M) | Time:00:01.01 | Mem:0.00M, Peak:0.00M | Scene, ViewLayer | Synchronizing object | Entry tread raised antislip ridge.197
Fra:1 Mem:485.20M (Peak 485.20M) | Time:00:01.01 | Mem:0.00M, Peak:0.00M | Scene, ViewLayer | Synchronizing object | Entry tread raised antislip ridge.198
Fra:1 Mem:485.21M (Peak 485.21M) | Time:00:01.01 | Mem:0.00M, Peak:0.00M | Scene, ViewLayer | Synchronizing object | Entry tread raised antislip ridge.199
Fra:1 Mem:485.22M (Peak 485.22M) | Time:00:01.01 | Mem:0.00M, Peak:0.00M | Scene, ViewLayer | Synchronizing object | Entry tread raised antislip ridge.200
Fra:1 Mem:485.23M (Peak 485.23M) | Time:00:01.01 | Mem:0.00M, Peak:0.00M | Scene, ViewLayer | Synchronizing object | Entry tread raised antislip ridge.201
Fra:1 Mem:485.23M (Peak 485.23M) | Time:00:01.01 | Mem:0.00M, Peak:0.00M | Scene, ViewLayer | Synchronizing object | Entry tread raised antislip ridge.202
Fra:1 Mem:485.24M (Peak 485.24M) | Time:00:01.01 | Mem:0.00M, Peak:0.00M | Scene, ViewLayer | Synchronizing object | Entry tread raised antislip ridge.203
Fra:1 Mem:485.26M (Peak 485.26M) | Time:00:01.01 | Mem:0.00M, Peak:0.00M | Scene, ViewLayer | Synchronizing object | Entry tread raised antislip ridge.204
Fra:1 Mem:485.26M (Peak 485.26M) | Time:00:01.01 | Mem:0.00M, Peak:0.00M | Scene, ViewLayer | Synchronizing object | Entry tread raised antislip ridge.206
Fra:1 Mem:485.28M (Peak 485.28M) | Time:00:01.02 | Mem:0.00M, Peak:0.00M | Scene, ViewLayer | Synchronizing object | Entry tread raised antislip ridge.207
Fra:1 Mem:485.28M (Peak 485.28M) | Time:00:01.02 | Mem:0.00M, Peak:0.00M | Scene, ViewLayer | Synchronizing object | Entry tread raised antislip ridge.209
Fra:1 Mem:485.31M (Peak 485.31M) | Time:00:01.02 | Mem:0.00M, Peak:0.00M | Scene, ViewLayer | Synchronizing object | Entrance ladder perforated tread.014
Fra:1 Mem:485.31M (Peak 485.31M) | Time:00:01.02 | Mem:0.00M, Peak:0.00M | Scene, ViewLayer | Synchronizing object | Entry tread raised antislip ridge.211
Fra:1 Mem:485.33M (Peak 485.34M) | Time:00:01.02 | Mem:0.00M, Peak:0.00M | Scene, ViewLayer | Synchronizing object | Entry tread raised antislip ridge.212
Fra:1 Mem:485.33M (Peak 485.34M) | Time:00:01.02 | Mem:0.00M, Peak:0.00M | Scene, ViewLayer | Synchronizing object | Entry tread raised antislip ridge.213
Fra:1 Mem:485.35M (Peak 485.35M) | Time:00:01.02 | Mem:0.00M, Peak:0.00M | Scene, ViewLayer | Synchronizing object | Entry tread raised antislip ridge.214
Fra:1 Mem:485.35M (Peak 485.35M) | Time:00:01.02 | Mem:0.00M, Peak:0.00M | Scene, ViewLayer | Synchronizing object | Entry tread raised antislip ridge.215
Fra:1 Mem:485.36M (Peak 485.36M) | Time:00:01.02 | Mem:0.00M, Peak:0.00M | Scene, ViewLayer | Synchronizing object | Entry tread raised antislip ridge.216
Fra:1 Mem:485.38M (Peak 485.38M) | Time:00:01.02 | Mem:0.00M, Peak:0.00M | Scene, ViewLayer | Synchronizing object | Entry tread raised antislip ridge.217
Fra:1 Mem:485.38M (Peak 485.38M) | Time:00:01.02 | Mem:0.00M, Peak:0.00M | Scene, ViewLayer | Synchronizing object | Entry tread raised antislip ridge.219
Fra:1 Mem:485.40M (Peak 485.40M) | Time:00:01.02 | Mem:0.00M, Peak:0.00M | Scene, ViewLayer | Synchronizing object | Entry tread raised antislip ridge.220
Fra:1 Mem:485.40M (Peak 485.40M) | Time:00:01.02 | Mem:0.00M, Peak:0.00M | Scene, ViewLayer | Synchronizing object | Entry tread raised antislip ridge.221
Fra:1 Mem:485.42M (Peak 485.42M) | Time:00:01.02 | Mem:0.00M, Peak:0.00M | Scene, ViewLayer | Synchronizing object | Entry tread raised antislip ridge.222
Fra:1 Mem:485.42M (Peak 485.42M) | Time:00:01.02 | Mem:0.00M, Peak:0.00M | Scene, ViewLayer | Synchronizing object | Entry tread raised antislip ridge.223
Fra:1 Mem:485.43M (Peak 485.43M) | Time:00:01.02 | Mem:0.00M, Peak:0.00M | Scene, ViewLayer | Synchronizing object | Entry tread raised antislip ridge.224
Fra:1 Mem:485.44M (Peak 485.44M) | Time:00:01.02 | Mem:0.00M, Peak:0.00M | Scene, ViewLayer | Synchronizing object | Entrance ladder perforated tread.015
Fra:1 Mem:485.44M (Peak 485.44M) | Time:00:01.02 | Mem:0.00M, Peak:0.00M | Scene, ViewLayer | Synchronizing object | Entry tread raised antislip ridge.225
Fra:1 Mem:485.45M (Peak 485.45M) | Time:00:01.02 | Mem:0.00M, Peak:0.00M | Scene, ViewLayer | Synchronizing object | Entry tread raised antislip ridge.226
Fra:1 Mem:485.46M (Peak 485.46M) | Time:00:01.02 | Mem:0.00M, Peak:0.00M | Scene, ViewLayer | Synchronizing object | Entry tread raised antislip ridge.227
Fra:1 Mem:485.48M (Peak 485.48M) | Time:00:01.02 | Mem:0.00M, Peak:0.00M | Scene, ViewLayer | Synchronizing object | Entry tread raised antislip ridge.228
Fra:1 Mem:485.48M (Peak 485.48M) | Time:00:01.02 | Mem:0.00M, Peak:0.00M | Scene, ViewLayer | Synchronizing object | Entry tread raised antislip ridge.230
Fra:1 Mem:485.50M (Peak 485.50M) | Time:00:01.02 | Mem:0.00M, Peak:0.00M | Scene, ViewLayer | Synchronizing object | Entry tread raised antislip ridge.231
Fra:1 Mem:485.50M (Peak 485.50M) | Time:00:01.02 | Mem:0.00M, Peak:0.00M | Scene, ViewLayer | Synchronizing object | Entry tread raised antislip ridge.232
Fra:1 Mem:485.52M (Peak 485.52M) | Time:00:01.02 | Mem:0.00M, Peak:0.00M | Scene, ViewLayer | Synchronizing object | Entry tread raised antislip ridge.233
Fra:1 Mem:485.52M (Peak 485.52M) | Time:00:01.02 | Mem:0.00M, Peak:0.00M | Scene, ViewLayer | Synchronizing object | Entry tread raised antislip ridge.234
Fra:1 Mem:485.53M (Peak 485.53M) | Time:00:01.02 | Mem:0.00M, Peak:0.00M | Scene, ViewLayer | Synchronizing object | Entry tread raised antislip ridge.235
Fra:1 Mem:485.55M (Peak 485.55M) | Time:00:01.02 | Mem:0.00M, Peak:0.00M | Scene, ViewLayer | Synchronizing object | Entry tread raised antislip ridge.236
Fra:1 Mem:485.55M (Peak 485.55M) | Time:00:01.02 | Mem:0.00M, Peak:0.00M | Scene, ViewLayer | Synchronizing object | Entry tread raised antislip ridge.238
Fra:1 Mem:485.57M (Peak 485.57M) | Time:00:01.02 | Mem:0.00M, Peak:0.00M | Scene, ViewLayer | Synchronizing object | Entry tread raised antislip ridge.239
Fra:1 Mem:485.57M (Peak 485.57M) | Time:00:01.02 | Mem:0.00M, Peak:0.00M | Scene, ViewLayer | Synchronizing object | Entrance ladder angle stringer.006
Fra:1 Mem:485.59M (Peak 485.59M) | Time:00:01.02 | Mem:0.00M, Peak:0.00M | Scene, ViewLayer | Synchronizing object | Entrance ladder angle stringer.007
Fra:1 Mem:485.59M (Peak 485.59M) | Time:00:01.02 | Mem:0.00M, Peak:0.00M | Scene, ViewLayer | Synchronizing object | Entry lettering.003
Fra:1 Mem:485.64M (Peak 485.64M) | Time:00:01.02 | Mem:0.00M, Peak:0.00M | Scene, ViewLayer | Synchronizing object | Toilet window black gasket.002
Fra:1 Mem:485.69M (Peak 485.69M) | Time:00:01.02 | Mem:0.00M, Peak:0.00M | Scene, ViewLayer | Synchronizing object | Obscure toilet glass.002
Fra:1 Mem:485.71M (Peak 485.71M) | Time:00:01.02 | Mem:0.00M, Peak:0.00M | Scene, ViewLayer | Synchronizing object | Toilet window external bar.008
Fra:1 Mem:485.71M (Peak 485.71M) | Time:00:01.02 | Mem:0.00M, Peak:0.00M | Scene, ViewLayer | Synchronizing object | Toilet window external bar.009
Fra:1 Mem:485.71M (Peak 485.71M) | Time:00:01.02 | Mem:0.00M, Peak:0.00M | Scene, ViewLayer | Synchronizing object | Toilet window external bar.010
Fra:1 Mem:485.71M (Peak 485.71M) | Time:00:01.02 | Mem:0.00M, Peak:0.00M | Scene, ViewLayer | Synchronizing object | Toilet window black gasket.003
Fra:1 Mem:485.73M (Peak 485.73M) | Time:00:01.02 | Mem:0.00M, Peak:0.00M | Scene, ViewLayer | Synchronizing object | Obscure toilet glass.003
Fra:1 Mem:485.75M (Peak 485.75M) | Time:00:01.02 | Mem:0.00M, Peak:0.00M | Scene, ViewLayer | Synchronizing object | Toilet window external bar.012
Fra:1 Mem:485.75M (Peak 485.75M) | Time:00:01.02 | Mem:0.00M, Peak:0.00M | Scene, ViewLayer | Synchronizing object | Toilet window external bar.013
Fra:1 Mem:485.75M (Peak 485.75M) | Time:00:01.02 | Mem:0.00M, Peak:0.00M | Scene, ViewLayer | Synchronizing object | Toilet window external bar.014
Fra:1 Mem:485.76M (Peak 485.76M) | Time:00:01.02 | Mem:0.00M, Peak:0.00M | Scene, ViewLayer | Synchronizing object | Toilet window external bar.015
Fra:1 Mem:485.76M (Peak 485.76M) | Time:00:01.02 | Mem:0.00M, Peak:0.00M | Scene, ViewLayer | Synchronizing object | Hindi class painted marking.001
Fra:1 Mem:485.78M (Peak 485.78M) | Time:00:01.02 | Mem:0.00M, Peak:0.00M | Scene, ViewLayer | Synchronizing object | Coach number illustrative.001
Fra:1 Mem:485.80M (Peak 485.80M) | Time:00:01.02 | Mem:0.00M, Peak:0.00M | Scene, ViewLayer | Synchronizing object | Zone initials.001
Fra:1 Mem:485.98M (Peak 485.98M) | Time:00:01.02 | Mem:0.00M, Peak:0.00M | Scene, ViewLayer | Synchronizing object | Yellow destination board.001
Fra:1 Mem:486.00M (Peak 486.00M) | Time:00:01.02 | Mem:0.00M, Peak:0.00M | Scene, ViewLayer | Synchronizing object | Route destination legend.001
Fra:1 Mem:486.06M (Peak 486.06M) | Time:00:01.02 | Mem:0.00M, Peak:0.00M | Scene, ViewLayer | Synchronizing object | Destination board mounting bracket.002
Fra:1 Mem:486.10M (Peak 486.10M) | Time:00:01.02 | Mem:0.00M, Peak:0.00M | Scene, ViewLayer | Synchronizing object | Destination board mounting bracket.003
Fra:1 Mem:486.11M (Peak 486.11M) | Time:00:01.02 | Mem:0.00M, Peak:0.00M | Scene, ViewLayer | Synchronizing object | Destination board fixing screw.004
Fra:1 Mem:486.12M (Peak 486.12M) | Time:00:01.02 | Mem:0.00M, Peak:0.00M | Scene, ViewLayer | Synchronizing object | Destination board fixing screw.005
Fra:1 Mem:486.13M (Peak 486.13M) | Time:00:01.02 | Mem:0.00M, Peak:0.00M | Scene, ViewLayer | Synchronizing object | Destination board fixing screw.006
Fra:1 Mem:486.14M (Peak 486.14M) | Time:00:01.02 | Mem:0.00M, Peak:0.00M | Scene, ViewLayer | Synchronizing object | Destination board fixing screw.007
Fra:1 Mem:486.14M (Peak 486.14M) | Time:00:01.02 | Mem:0.00M, Peak:0.00M | Scene, ViewLayer | Synchronizing object | Coach position plate.001
Fra:1 Mem:486.15M (Peak 486.15M) | Time:00:01.02 | Mem:0.00M, Peak:0.00M | Scene, ViewLayer | Synchronizing object | Coach position character.001
Fra:1 Mem:486.17M (Peak 486.17M) | Time:00:01.02 | Mem:0.00M, Peak:0.00M | Scene, ViewLayer | Synchronizing object | Technical maintenance stencil.002
Fra:1 Mem:486.24M (Peak 486.24M) | Time:00:01.02 | Mem:0.00M, Peak:0.00M | Scene, ViewLayer | Synchronizing object | Technical maintenance stencil.003
Fra:1 Mem:486.57M (Peak 486.57M) | Time:00:01.02 | Mem:0.00M, Peak:0.00M | Scene, ViewLayer | Synchronizing object | Pneumatic release stencil.001
Fra:1 Mem:486.68M (Peak 486.68M) | Time:00:01.02 | Mem:0.00M, Peak:0.00M | Scene, ViewLayer | Synchronizing object | Rounded end corner pressed skin.006
Fra:1 Mem:486.69M (Peak 486.69M) | Time:00:01.02 | Mem:0.00M, Peak:0.00M | Scene, ViewLayer | Synchronizing object | Rounded end corner pressed skin.007
Fra:1 Mem:486.69M (Peak 486.69M) | Time:00:01.02 | Mem:0.00M, Peak:0.00M | Scene, ViewLayer | Synchronizing object | Rounded end corner pressed skin.008
Fra:1 Mem:486.69M (Peak 486.69M) | Time:00:01.02 | Mem:0.00M, Peak:0.00M | Scene, ViewLayer | Synchronizing object | Rounded end corner pressed skin.009
Fra:1 Mem:486.69M (Peak 486.69M) | Time:00:01.02 | Mem:0.00M, Peak:0.00M | Scene, ViewLayer | Synchronizing object | Rounded end corner pressed skin.010
Fra:1 Mem:486.70M (Peak 486.70M) | Time:00:01.02 | Mem:0.00M, Peak:0.00M | Scene, ViewLayer | Synchronizing object | Rounded end corner pressed skin.011
Fra:1 Mem:486.72M (Peak 486.72M) | Time:00:01.02 | Mem:0.00M, Peak:0.00M | Scene, ViewLayer | Synchronizing object | Curved steel roof continuous skin
Fra:1 Mem:486.82M (Peak 486.82M) | Time:00:01.02 | Mem:0.00M, Peak:0.00M | Scene, ViewLayer | Synchronizing object | Arched interior ceiling laminate
Fra:1 Mem:486.87M (Peak 486.87M) | Time:00:01.02 | Mem:0.00M, Peak:0.00M | Scene, ViewLayer | Synchronizing object | Roof sheet flush weld
Fra:1 Mem:486.92M (Peak 486.92M) | Time:00:01.02 | Mem:0.00M, Peak:0.00M | Scene, ViewLayer | Synchronizing object | Roof sheet flush weld.001
Fra:1 Mem:486.97M (Peak 486.97M) | Time:00:01.02 | Mem:0.00M, Peak:0.00M | Scene, ViewLayer | Synchronizing object | Roof sheet flush weld.002
Fra:1 Mem:486.97M (Peak 486.97M) | Time:00:01.02 | Mem:0.00M, Peak:0.00M | Scene, ViewLayer | Synchronizing object | Roof sheet flush weld.003
Fra:1 Mem:487.04M (Peak 487.04M) | Time:00:01.02 | Mem:0.00M, Peak:0.00M | Scene, ViewLayer | Synchronizing object | Roof sheet flush weld.005
Fra:1 Mem:487.04M (Peak 487.04M) | Time:00:01.02 | Mem:0.00M, Peak:0.00M | Scene, ViewLayer | Synchronizing object | Roof sheet flush weld.006
Fra:1 Mem:487.12M (Peak 487.12M) | Time:00:01.02 | Mem:0.00M, Peak:0.00M | Scene, ViewLayer | Synchronizing object | Roof sheet flush weld.007
Fra:1 Mem:487.16M (Peak 487.16M) | Time:00:01.02 | Mem:0.00M, Peak:0.00M | Scene, ViewLayer | Synchronizing object | Roof sheet flush weld.008
Fra:1 Mem:487.17M (Peak 487.17M) | Time:00:01.02 | Mem:0.00M, Peak:0.00M | Scene, ViewLayer | Synchronizing object | Conventional underslung AC internal trunk
Fra:1 Mem:487.20M (Peak 487.20M) | Time:00:01.02 | Mem:0.00M, Peak:0.00M | Scene, ViewLayer | Synchronizing object | AC louvre diffuser backing
Fra:1 Mem:487.21M (Peak 487.21M) | Time:00:01.02 | Mem:0.00M, Peak:0.00M | Scene, ViewLayer | Synchronizing object | AC diffuser directional vane
Fra:1 Mem:487.21M (Peak 487.21M) | Time:00:01.02 | Mem:0.00M, Peak:0.00M | Scene, ViewLayer | Synchronizing object | AC diffuser directional vane.001
Fra:1 Mem:487.22M (Peak 487.22M) | Time:00:01.02 | Mem:0.00M, Peak:0.00M | Scene, ViewLayer | Synchronizing object | AC diffuser directional vane.002
Fra:1 Mem:487.23M (Peak 487.23M) | Time:00:01.02 | Mem:0.00M, Peak:0.00M | Scene, ViewLayer | Synchronizing object | AC diffuser directional vane.003
Fra:1 Mem:487.24M (Peak 487.24M) | Time:00:01.02 | Mem:0.00M, Peak:0.00M | Scene, ViewLayer | Synchronizing object | AC diffuser directional vane.004
Fra:1 Mem:487.25M (Peak 487.25M) | Time:00:01.02 | Mem:0.00M, Peak:0.00M | Scene, ViewLayer | Synchronizing object | AC diffuser directional vane.005
Fra:1 Mem:487.25M (Peak 487.25M) | Time:00:01.02 | Mem:0.00M, Peak:0.00M | Scene, ViewLayer | Synchronizing object | AC diffuser directional vane.006
Fra:1 Mem:487.27M (Peak 487.27M) | Time:00:01.02 | Mem:0.00M, Peak:0.00M | Scene, ViewLayer | Synchronizing object | AC diffuser directional vane.007
Fra:1 Mem:487.28M (Peak 487.28M) | Time:00:01.02 | Mem:0.00M, Peak:0.00M | Scene, ViewLayer | Synchronizing object | AC louvre diffuser backing.001
Fra:1 Mem:487.28M (Peak 487.28M) | Time:00:01.02 | Mem:0.00M, Peak:0.00M | Scene, ViewLayer | Synchronizing object | AC diffuser directional vane.008
Fra:1 Mem:487.29M (Peak 487.29M) | Time:00:01.02 | Mem:0.00M, Peak:0.00M | Scene, ViewLayer | Synchronizing object | AC diffuser directional vane.009
Fra:1 Mem:487.30M (Peak 487.30M) | Time:00:01.02 | Mem:0.00M, Peak:0.00M | Scene, ViewLayer | Synchronizing object | AC diffuser directional vane.010
Fra:1 Mem:487.31M (Peak 487.31M) | Time:00:01.02 | Mem:0.00M, Peak:0.00M | Scene, ViewLayer | Synchronizing object | AC diffuser directional vane.011
Fra:1 Mem:487.32M (Peak 487.32M) | Time:00:01.02 | Mem:0.00M, Peak:0.00M | Scene, ViewLayer | Synchronizing object | AC diffuser directional vane.012
Fra:1 Mem:487.32M (Peak 487.32M) | Time:00:01.02 | Mem:0.00M, Peak:0.00M | Scene, ViewLayer | Synchronizing object | AC diffuser directional vane.013
Fra:1 Mem:487.34M (Peak 487.34M) | Time:00:01.02 | Mem:0.00M, Peak:0.00M | Scene, ViewLayer | Synchronizing object | AC diffuser directional vane.014
Fra:1 Mem:487.34M (Peak 487.34M) | Time:00:01.02 | Mem:0.00M, Peak:0.00M | Scene, ViewLayer | Synchronizing object | AC diffuser directional vane.015
Fra:1 Mem:487.35M (Peak 487.35M) | Time:00:01.02 | Mem:0.00M, Peak:0.00M | Scene, ViewLayer | Synchronizing object | AC louvre diffuser backing.002
Fra:1 Mem:487.36M (Peak 487.36M) | Time:00:01.02 | Mem:0.00M, Peak:0.00M | Scene, ViewLayer | Synchronizing object | AC diffuser directional vane.016
Fra:1 Mem:487.37M (Peak 487.37M) | Time:00:01.02 | Mem:0.00M, Peak:0.00M | Scene, ViewLayer | Synchronizing object | AC diffuser directional vane.017
Fra:1 Mem:487.37M (Peak 487.37M) | Time:00:01.02 | Mem:0.00M, Peak:0.00M | Scene, ViewLayer | Synchronizing object | AC diffuser directional vane.018
Fra:1 Mem:487.38M (Peak 487.38M) | Time:00:01.02 | Mem:0.00M, Peak:0.00M | Scene, ViewLayer | Synchronizing object | AC diffuser directional vane.019
Fra:1 Mem:487.38M (Peak 487.38M) | Time:00:01.02 | Mem:0.00M, Peak:0.00M | Scene, ViewLayer | Synchronizing object | AC diffuser directional vane.020
Fra:1 Mem:487.40M (Peak 487.40M) | Time:00:01.02 | Mem:0.00M, Peak:0.00M | Scene, ViewLayer | Synchronizing object | AC diffuser directional vane.021
Fra:1 Mem:487.40M (Peak 487.40M) | Time:00:01.02 | Mem:0.00M, Peak:0.00M | Scene, ViewLayer | Synchronizing object | AC diffuser directional vane.022
Fra:1 Mem:487.41M (Peak 487.41M) | Time:00:01.02 | Mem:0.00M, Peak:0.00M | Scene, ViewLayer | Synchronizing object | AC diffuser directional vane.023
Fra:1 Mem:487.42M (Peak 487.42M) | Time:00:01.02 | Mem:0.00M, Peak:0.00M | Scene, ViewLayer | Synchronizing object | AC louvre diffuser backing.003
Fra:1 Mem:487.43M (Peak 487.43M) | Time:00:01.02 | Mem:0.00M, Peak:0.00M | Scene, ViewLayer | Synchronizing object | AC diffuser directional vane.024
Fra:1 Mem:487.45M (Peak 487.45M) | Time:00:01.02 | Mem:0.00M, Peak:0.00M | Scene, ViewLayer | Synchronizing object | AC diffuser directional vane.025
Fra:1 Mem:487.45M (Peak 487.45M) | Time:00:01.02 | Mem:0.00M, Peak:0.00M | Scene, ViewLayer | Synchronizing object | AC diffuser directional vane.026
Fra:1 Mem:487.46M (Peak 487.46M) | Time:00:01.02 | Mem:0.00M, Peak:0.00M | Scene, ViewLayer | Synchronizing object | AC diffuser directional vane.027
Fra:1 Mem:487.46M (Peak 487.46M) | Time:00:01.02 | Mem:0.00M, Peak:0.00M | Scene, ViewLayer | Synchronizing object | AC diffuser directional vane.029
Fra:1 Mem:487.49M (Peak 487.49M) | Time:00:01.02 | Mem:0.00M, Peak:0.00M | Scene, ViewLayer | Synchronizing object | AC diffuser directional vane.030
Fra:1 Mem:487.49M (Peak 487.49M) | Time:00:01.02 | Mem:0.00M, Peak:0.00M | Scene, ViewLayer | Synchronizing object | AC louvre diffuser backing.004
Fra:1 Mem:487.51M (Peak 487.51M) | Time:00:01.02 | Mem:0.00M, Peak:0.00M | Scene, ViewLayer | Synchronizing object | AC diffuser directional vane.032
Fra:1 Mem:487.52M (Peak 487.52M) | Time:00:01.02 | Mem:0.00M, Peak:0.00M | Scene, ViewLayer | Synchronizing object | AC diffuser directional vane.033
Fra:1 Mem:487.52M (Peak 487.52M) | Time:00:01.02 | Mem:0.00M, Peak:0.00M | Scene, ViewLayer | Synchronizing object | AC diffuser directional vane.034
Fra:1 Mem:487.53M (Peak 487.53M) | Time:00:01.02 | Mem:0.00M, Peak:0.00M | Scene, ViewLayer | Synchronizing object | AC diffuser directional vane.035
Fra:1 Mem:487.54M (Peak 487.54M) | Time:00:01.02 | Mem:0.00M, Peak:0.00M | Scene, ViewLayer | Synchronizing object | AC diffuser directional vane.036
Fra:1 Mem:487.55M (Peak 487.55M) | Time:00:01.02 | Mem:0.00M, Peak:0.00M | Scene, ViewLayer | Synchronizing object | AC diffuser directional vane.037
Fra:1 Mem:487.56M (Peak 487.56M) | Time:00:01.02 | Mem:0.00M, Peak:0.00M | Scene, ViewLayer | Synchronizing object | AC diffuser directional vane.038
Fra:1 Mem:487.56M (Peak 487.56M) | Time:00:01.02 | Mem:0.00M, Peak:0.00M | Scene, ViewLayer | Synchronizing object | AC diffuser directional vane.039
Fra:1 Mem:487.57M (Peak 487.57M) | Time:00:01.02 | Mem:0.00M, Peak:0.00M | Scene, ViewLayer | Synchronizing object | AC louvre diffuser backing.005
Fra:1 Mem:487.58M (Peak 487.58M) | Time:00:01.02 | Mem:0.00M, Peak:0.00M | Scene, ViewLayer | Synchronizing object | AC diffuser directional vane.040
Fra:1 Mem:487.59M (Peak 487.59M) | Time:00:01.02 | Mem:0.00M, Peak:0.00M | Scene, ViewLayer | Synchronizing object | AC diffuser directional vane.041
Fra:1 Mem:487.60M (Peak 487.60M) | Time:00:01.02 | Mem:0.00M, Peak:0.00M | Scene, ViewLayer | Synchronizing object | AC diffuser directional vane.042
Fra:1 Mem:487.60M (Peak 487.60M) | Time:00:01.02 | Mem:0.00M, Peak:0.00M | Scene, ViewLayer | Synchronizing object | AC diffuser directional vane.043
Fra:1 Mem:487.62M (Peak 487.62M) | Time:00:01.02 | Mem:0.00M, Peak:0.00M | Scene, ViewLayer | Synchronizing object | AC diffuser directional vane.044
Fra:1 Mem:487.62M (Peak 487.62M) | Time:00:01.02 | Mem:0.00M, Peak:0.00M | Scene, ViewLayer | Synchronizing object | AC diffuser directional vane.045
Fra:1 Mem:487.63M (Peak 487.63M) | Time:00:01.02 | Mem:0.00M, Peak:0.00M | Scene, ViewLayer | Synchronizing object | AC diffuser directional vane.046
Fra:1 Mem:487.63M (Peak 487.63M) | Time:00:01.02 | Mem:0.00M, Peak:0.00M | Scene, ViewLayer | Synchronizing object | AC diffuser directional vane.047
Fra:1 Mem:487.65M (Peak 487.65M) | Time:00:01.02 | Mem:0.00M, Peak:0.00M | Scene, ViewLayer | Synchronizing object | AC louvre diffuser backing.006
Fra:1 Mem:487.66M (Peak 487.66M) | Time:00:01.02 | Mem:0.00M, Peak:0.00M | Scene, ViewLayer | Synchronizing object | AC diffuser directional vane.048
Fra:1 Mem:487.67M (Peak 487.67M) | Time:00:01.02 | Mem:0.00M, Peak:0.00M | Scene, ViewLayer | Synchronizing object | AC diffuser directional vane.049
Fra:1 Mem:487.67M (Peak 487.67M) | Time:00:01.02 | Mem:0.00M, Peak:0.00M | Scene, ViewLayer | Synchronizing object | AC diffuser directional vane.050
Fra:1 Mem:487.69M (Peak 487.69M) | Time:00:01.02 | Mem:0.00M, Peak:0.00M | Scene, ViewLayer | Synchronizing object | AC diffuser directional vane.051
Fra:1 Mem:487.70M (Peak 487.70M) | Time:00:01.02 | Mem:0.00M, Peak:0.00M | Scene, ViewLayer | Synchronizing object | AC diffuser directional vane.052
Fra:1 Mem:487.70M (Peak 487.70M) | Time:00:01.02 | Mem:0.00M, Peak:0.00M | Scene, ViewLayer | Synchronizing object | AC diffuser directional vane.053
Fra:1 Mem:487.70M (Peak 487.70M) | Time:00:01.02 | Mem:0.00M, Peak:0.00M | Scene, ViewLayer | Synchronizing object | AC diffuser directional vane.054
Fra:1 Mem:487.72M (Peak 487.72M) | Time:00:01.02 | Mem:0.00M, Peak:0.00M | Scene, ViewLayer | Synchronizing object | AC diffuser directional vane.055
Fra:1 Mem:487.73M (Peak 487.73M) | Time:00:01.02 | Mem:0.00M, Peak:0.00M | Scene, ViewLayer | Synchronizing object | AC louvre diffuser backing.007
Fra:1 Mem:487.73M (Peak 487.73M) | Time:00:01.02 | Mem:0.00M, Peak:0.00M | Scene, ViewLayer | Synchronizing object | AC diffuser directional vane.056
Fra:1 Mem:487.75M (Peak 487.75M) | Time:00:01.02 | Mem:0.00M, Peak:0.00M | Scene, ViewLayer | Synchronizing object | AC diffuser directional vane.057
Fra:1 Mem:487.76M (Peak 487.76M) | Time:00:01.02 | Mem:0.00M, Peak:0.00M | Scene, ViewLayer | Synchronizing object | AC diffuser directional vane.058
Fra:1 Mem:487.77M (Peak 487.77M) | Time:00:01.02 | Mem:0.00M, Peak:0.00M | Scene, ViewLayer | Synchronizing object | AC diffuser directional vane.059
Fra:1 Mem:487.77M (Peak 487.77M) | Time:00:01.02 | Mem:0.00M, Peak:0.00M | Scene, ViewLayer | Synchronizing object | AC diffuser directional vane.061
Fra:1 Mem:487.79M (Peak 487.79M) | Time:00:01.02 | Mem:0.00M, Peak:0.00M | Scene, ViewLayer | Synchronizing object | AC diffuser directional vane.062
Fra:1 Mem:487.79M (Peak 487.79M) | Time:00:01.02 | Mem:0.00M, Peak:0.00M | Scene, ViewLayer | Synchronizing object | AC diffuser directional vane.063
Fra:1 Mem:487.81M (Peak 487.81M) | Time:00:01.02 | Mem:0.00M, Peak:0.00M | Scene, ViewLayer | Synchronizing object | AC louvre diffuser backing.008
Fra:1 Mem:487.81M (Peak 487.81M) | Time:00:01.02 | Mem:0.00M, Peak:0.00M | Scene, ViewLayer | Synchronizing object | AC diffuser directional vane.064
Fra:1 Mem:487.82M (Peak 487.82M) | Time:00:01.02 | Mem:0.00M, Peak:0.00M | Scene, ViewLayer | Synchronizing object | AC diffuser directional vane.065
Fra:1 Mem:487.83M (Peak 487.83M) | Time:00:01.02 | Mem:0.00M, Peak:0.00M | Scene, ViewLayer | Synchronizing object | AC diffuser directional vane.066
Fra:1 Mem:487.83M (Peak 487.83M) | Time:00:01.02 | Mem:0.00M, Peak:0.00M | Scene, ViewLayer | Synchronizing object | AC diffuser directional vane.067
Fra:1 Mem:487.84M (Peak 487.84M) | Time:00:01.02 | Mem:0.00M, Peak:0.00M | Scene, ViewLayer | Synchronizing object | AC diffuser directional vane.068
Fra:1 Mem:487.86M (Peak 487.86M) | Time:00:01.02 | Mem:0.00M, Peak:0.00M | Scene, ViewLayer | Synchronizing object | AC diffuser directional vane.069
Fra:1 Mem:487.87M (Peak 487.87M) | Time:00:01.02 | Mem:0.00M, Peak:0.00M | Scene, ViewLayer | Synchronizing object | AC diffuser directional vane.070
Fra:1 Mem:487.87M (Peak 487.87M) | Time:00:01.02 | Mem:0.00M, Peak:0.00M | Scene, ViewLayer | Synchronizing object | AC louvre diffuser backing.009
Fra:1 Mem:487.89M (Peak 487.89M) | Time:00:01.02 | Mem:0.00M, Peak:0.00M | Scene, ViewLayer | Synchronizing object | AC diffuser directional vane.072
Fra:1 Mem:487.89M (Peak 487.89M) | Time:00:01.02 | Mem:0.00M, Peak:0.00M | Scene, ViewLayer | Synchronizing object | AC diffuser directional vane.073
Fra:1 Mem:487.91M (Peak 487.91M) | Time:00:01.02 | Mem:0.00M, Peak:0.00M | Scene, ViewLayer | Synchronizing object | AC diffuser directional vane.074
Fra:1 Mem:487.91M (Peak 487.91M) | Time:00:01.02 | Mem:0.00M, Peak:0.00M | Scene, ViewLayer | Synchronizing object | AC diffuser directional vane.075
Fra:1 Mem:487.92M (Peak 487.92M) | Time:00:01.02 | Mem:0.00M, Peak:0.00M | Scene, ViewLayer | Synchronizing object | AC diffuser directional vane.076
Fra:1 Mem:487.93M (Peak 487.93M) | Time:00:01.02 | Mem:0.00M, Peak:0.00M | Scene, ViewLayer | Synchronizing object | AC diffuser directional vane.077
Fra:1 Mem:487.94M (Peak 487.94M) | Time:00:01.02 | Mem:0.00M, Peak:0.00M | Scene, ViewLayer | Synchronizing object | AC diffuser directional vane.078
Fra:1 Mem:487.94M (Peak 487.94M) | Time:00:01.02 | Mem:0.00M, Peak:0.00M | Scene, ViewLayer | Synchronizing object | AC diffuser directional vane.079
Fra:1 Mem:487.96M (Peak 487.96M) | Time:00:01.02 | Mem:0.00M, Peak:0.00M | Scene, ViewLayer | Synchronizing object | AC louvre diffuser backing.010
Fra:1 Mem:487.97M (Peak 487.97M) | Time:00:01.02 | Mem:0.00M, Peak:0.00M | Scene, ViewLayer | Synchronizing object | AC diffuser directional vane.080
Fra:1 Mem:487.97M (Peak 487.97M) | Time:00:01.02 | Mem:0.00M, Peak:0.00M | Scene, ViewLayer | Synchronizing object | AC diffuser directional vane.081
Fra:1 Mem:487.98M (Peak 487.98M) | Time:00:01.02 | Mem:0.00M, Peak:0.00M | Scene, ViewLayer | Synchronizing object | AC diffuser directional vane.082
Fra:1 Mem:487.99M (Peak 487.99M) | Time:00:01.02 | Mem:0.00M, Peak:0.00M | Scene, ViewLayer | Synchronizing object | AC diffuser directional vane.083
Fra:1 Mem:487.99M (Peak 487.99M) | Time:00:01.02 | Mem:0.00M, Peak:0.00M | Scene, ViewLayer | Synchronizing object | AC diffuser directional vane.084
Fra:1 Mem:488.01M (Peak 488.01M) | Time:00:01.02 | Mem:0.00M, Peak:0.00M | Scene, ViewLayer | Synchronizing object | AC diffuser directional vane.085
Fra:1 Mem:488.01M (Peak 488.01M) | Time:00:01.02 | Mem:0.00M, Peak:0.00M | Scene, ViewLayer | Synchronizing object | AC diffuser directional vane.086
Fra:1 Mem:488.03M (Peak 488.03M) | Time:00:01.02 | Mem:0.00M, Peak:0.00M | Scene, ViewLayer | Synchronizing object | AC diffuser directional vane.087
Fra:1 Mem:488.03M (Peak 488.03M) | Time:00:01.02 | Mem:0.00M, Peak:0.00M | Scene, ViewLayer | Synchronizing object | AC louvre diffuser backing.011
Fra:1 Mem:488.04M (Peak 488.04M) | Time:00:01.02 | Mem:0.00M, Peak:0.00M | Scene, ViewLayer | Synchronizing object | AC diffuser directional vane.088
Fra:1 Mem:488.05M (Peak 488.05M) | Time:00:01.02 | Mem:0.00M, Peak:0.00M | Scene, ViewLayer | Synchronizing object | AC diffuser directional vane.089
Fra:1 Mem:488.05M (Peak 488.05M) | Time:00:01.02 | Mem:0.00M, Peak:0.00M | Scene, ViewLayer | Synchronizing object | AC diffuser directional vane.090
Fra:1 Mem:488.07M (Peak 488.07M) | Time:00:01.02 | Mem:0.00M, Peak:0.00M | Scene, ViewLayer | Synchronizing object | AC diffuser directional vane.091
Fra:1 Mem:488.07M (Peak 488.07M) | Time:00:01.02 | Mem:0.00M, Peak:0.00M | Scene, ViewLayer | Synchronizing object | AC diffuser directional vane.092
Fra:1 Mem:488.09M (Peak 488.09M) | Time:00:01.02 | Mem:0.00M, Peak:0.00M | Scene, ViewLayer | Synchronizing object | AC diffuser directional vane.094
Fra:1 Mem:488.10M (Peak 488.10M) | Time:00:01.02 | Mem:0.00M, Peak:0.00M | Scene, ViewLayer | Synchronizing object | AC diffuser directional vane.095
Fra:1 Mem:488.10M (Peak 488.10M) | Time:00:01.02 | Mem:0.00M, Peak:0.00M | Scene, ViewLayer | Synchronizing object | AC diffuser directional vane.096
Fra:1 Mem:488.13M (Peak 488.13M) | Time:00:01.02 | Mem:0.00M, Peak:0.00M | Scene, ViewLayer | Synchronizing object | AC diffuser directional vane.097
Fra:1 Mem:488.14M (Peak 488.14M) | Time:00:01.02 | Mem:0.00M, Peak:0.00M | Scene, ViewLayer | Synchronizing object | AC diffuser directional vane.098
Fra:1 Mem:488.14M (Peak 488.14M) | Time:00:01.02 | Mem:0.00M, Peak:0.00M | Scene, ViewLayer | Synchronizing object | AC diffuser directional vane.100
Fra:1 Mem:488.16M (Peak 488.16M) | Time:00:01.02 | Mem:0.00M, Peak:0.00M | Scene, ViewLayer | Synchronizing object | AC diffuser directional vane.101
Fra:1 Mem:488.16M (Peak 488.16M) | Time:00:01.02 | Mem:0.00M, Peak:0.00M | Scene, ViewLayer | Synchronizing object | AC diffuser directional vane.102
Fra:1 Mem:488.16M (Peak 488.16M) | Time:00:01.02 | Mem:0.00M, Peak:0.00M | Scene, ViewLayer | Synchronizing object | AC diffuser directional vane.103
Fra:1 Mem:488.19M (Peak 488.19M) | Time:00:01.02 | Mem:0.00M, Peak:0.00M | Scene, ViewLayer | Synchronizing object | AC louvre diffuser backing.013
Fra:1 Mem:488.19M (Peak 488.19M) | Time:00:01.02 | Mem:0.00M, Peak:0.00M | Scene, ViewLayer | Synchronizing object | AC diffuser directional vane.105
Fra:1 Mem:488.21M (Peak 488.21M) | Time:00:01.02 | Mem:0.00M, Peak:0.00M | Scene, ViewLayer | Synchronizing object | AC diffuser directional vane.106
Fra:1 Mem:488.22M (Peak 488.22M) | Time:00:01.02 | Mem:0.00M, Peak:0.00M | Scene, ViewLayer | Synchronizing object | AC diffuser directional vane.107
Fra:1 Mem:488.22M (Peak 488.22M) | Time:00:01.02 | Mem:0.00M, Peak:0.00M | Scene, ViewLayer | Synchronizing object | AC diffuser directional vane.109
Fra:1 Mem:488.25M (Peak 488.25M) | Time:00:01.02 | Mem:0.00M, Peak:0.00M | Scene, ViewLayer | Synchronizing object | AC diffuser directional vane.110
Fra:1 Mem:488.25M (Peak 488.25M) | Time:00:01.02 | Mem:0.00M, Peak:0.00M | Scene, ViewLayer | Synchronizing object | AC diffuser directional vane.111
Fra:1 Mem:488.26M (Peak 488.26M) | Time:00:01.02 | Mem:0.00M, Peak:0.00M | Scene, ViewLayer | Synchronizing object | AC louvre diffuser backing.014
Fra:1 Mem:488.26M (Peak 488.26M) | Time:00:01.02 | Mem:0.00M, Peak:0.00M | Scene, ViewLayer | Synchronizing object | AC diffuser directional vane.113
Fra:1 Mem:488.29M (Peak 488.29M) | Time:00:01.02 | Mem:0.00M, Peak:0.00M | Scene, ViewLayer | Synchronizing object | AC diffuser directional vane.114
Fra:1 Mem:488.29M (Peak 488.29M) | Time:00:01.02 | Mem:0.00M, Peak:0.00M | Scene, ViewLayer | Synchronizing object | AC diffuser directional vane.116
Fra:1 Mem:488.30M (Peak 488.30M) | Time:00:01.02 | Mem:0.00M, Peak:0.00M | Scene, ViewLayer | Synchronizing object | AC diffuser directional vane.117
Fra:1 Mem:488.32M (Peak 488.32M) | Time:00:01.02 | Mem:0.00M, Peak:0.00M | Scene, ViewLayer | Synchronizing object | AC diffuser directional vane.118
Fra:1 Mem:488.32M (Peak 488.32M) | Time:00:01.02 | Mem:0.00M, Peak:0.00M | Scene, ViewLayer | Synchronizing object | AC diffuser directional vane.119
Fra:1 Mem:488.33M (Peak 488.33M) | Time:00:01.02 | Mem:0.00M, Peak:0.00M | Scene, ViewLayer | Synchronizing object | AC louvre diffuser backing.015
Fra:1 Mem:488.34M (Peak 488.34M) | Time:00:01.02 | Mem:0.00M, Peak:0.00M | Scene, ViewLayer | Synchronizing object | AC diffuser directional vane.120
Fra:1 Mem:488.35M (Peak 488.35M) | Time:00:01.02 | Mem:0.00M, Peak:0.00M | Scene, ViewLayer | Synchronizing object | AC diffuser directional vane.121
Fra:1 Mem:488.36M (Peak 488.36M) | Time:00:01.02 | Mem:0.00M, Peak:0.00M | Scene, ViewLayer | Synchronizing object | AC diffuser directional vane.122
Fra:1 Mem:488.37M (Peak 488.37M) | Time:00:01.02 | Mem:0.00M, Peak:0.00M | Scene, ViewLayer | Synchronizing object | AC diffuser directional vane.123
Fra:1 Mem:488.37M (Peak 488.37M) | Time:00:01.02 | Mem:0.00M, Peak:0.00M | Scene, ViewLayer | Synchronizing object | AC diffuser directional vane.124
Fra:1 Mem:488.38M (Peak 488.38M) | Time:00:01.02 | Mem:0.00M, Peak:0.00M | Scene, ViewLayer | Synchronizing object | AC diffuser directional vane.125
Fra:1 Mem:488.40M (Peak 488.40M) | Time:00:01.02 | Mem:0.00M, Peak:0.00M | Scene, ViewLayer | Synchronizing object | AC diffuser directional vane.126
Fra:1 Mem:488.40M (Peak 488.40M) | Time:00:01.02 | Mem:0.00M, Peak:0.00M | Scene, ViewLayer | Synchronizing object | AC diffuser directional vane.127
Fra:1 Mem:488.40M (Peak 488.40M) | Time:00:01.02 | Mem:0.00M, Peak:0.00M | Scene, ViewLayer | Synchronizing object | AC louvre diffuser backing.016
Fra:1 Mem:488.42M (Peak 488.42M) | Time:00:01.02 | Mem:0.00M, Peak:0.00M | Scene, ViewLayer | Synchronizing object | AC diffuser directional vane.128
Fra:1 Mem:488.43M (Peak 488.43M) | Time:00:01.02 | Mem:0.00M, Peak:0.00M | Scene, ViewLayer | Synchronizing object | AC diffuser directional vane.129
Fra:1 Mem:488.43M (Peak 488.43M) | Time:00:01.02 | Mem:0.00M, Peak:0.00M | Scene, ViewLayer | Synchronizing object | AC diffuser directional vane.130
Fra:1 Mem:488.44M (Peak 488.44M) | Time:00:01.02 | Mem:0.00M, Peak:0.00M | Scene, ViewLayer | Synchronizing object | AC diffuser directional vane.131
Fra:1 Mem:488.45M (Peak 488.45M) | Time:00:01.02 | Mem:0.00M, Peak:0.00M | Scene, ViewLayer | Synchronizing object | AC diffuser directional vane.132
Fra:1 Mem:488.46M (Peak 488.46M) | Time:00:01.02 | Mem:0.00M, Peak:0.00M | Scene, ViewLayer | Synchronizing object | AC diffuser directional vane.133
Fra:1 Mem:488.47M (Peak 488.47M) | Time:00:01.02 | Mem:0.00M, Peak:0.00M | Scene, ViewLayer | Synchronizing object | AC diffuser directional vane.134
Fra:1 Mem:488.47M (Peak 488.47M) | Time:00:01.02 | Mem:0.00M, Peak:0.00M | Scene, ViewLayer | Synchronizing object | AC diffuser directional vane.135
Fra:1 Mem:488.49M (Peak 488.49M) | Time:00:01.02 | Mem:0.00M, Peak:0.00M | Scene, ViewLayer | Synchronizing object | AC louvre diffuser backing.017
Fra:1 Mem:488.49M (Peak 488.49M) | Time:00:01.02 | Mem:0.00M, Peak:0.00M | Scene, ViewLayer | Synchronizing object | AC diffuser directional vane.136
Fra:1 Mem:488.50M (Peak 488.50M) | Time:00:01.02 | Mem:0.00M, Peak:0.00M | Scene, ViewLayer | Synchronizing object | AC diffuser directional vane.137
Fra:1 Mem:488.51M (Peak 488.51M) | Time:00:01.02 | Mem:0.00M, Peak:0.00M | Scene, ViewLayer | Synchronizing object | AC diffuser directional vane.138
Fra:1 Mem:488.52M (Peak 488.52M) | Time:00:01.02 | Mem:0.00M, Peak:0.00M | Scene, ViewLayer | Synchronizing object | AC diffuser directional vane.139
Fra:1 Mem:488.53M (Peak 488.53M) | Time:00:01.02 | Mem:0.00M, Peak:0.00M | Scene, ViewLayer | Synchronizing object | AC diffuser directional vane.140
Fra:1 Mem:488.53M (Peak 488.53M) | Time:00:01.02 | Mem:0.00M, Peak:0.00M | Scene, ViewLayer | Synchronizing object | AC diffuser directional vane.141
Fra:1 Mem:488.54M (Peak 488.54M) | Time:00:01.02 | Mem:0.00M, Peak:0.00M | Scene, ViewLayer | Synchronizing object | AC diffuser directional vane.142
Fra:1 Mem:488.55M (Peak 488.55M) | Time:00:01.02 | Mem:0.00M, Peak:0.00M | Scene, ViewLayer | Synchronizing object | AC diffuser directional vane.143
Fra:1 Mem:488.56M (Peak 488.56M) | Time:00:01.02 | Mem:0.00M, Peak:0.00M | Scene, ViewLayer | Synchronizing object | Formed end wall
Fra:1 Mem:488.56M (Peak 488.56M) | Time:00:01.02 | Mem:0.00M, Peak:0.00M | Scene, ViewLayer | Synchronizing object | End wall door header
Fra:1 Mem:488.58M (Peak 488.58M) | Time:00:01.02 | Mem:0.00M, Peak:0.00M | Scene, ViewLayer | Synchronizing object | Domed end cap skin
Fra:1 Mem:488.59M (Peak 488.59M) | Time:00:01.02 | Mem:0.00M, Peak:0.00M | Scene, ViewLayer | Synchronizing object | Yellow end visibility stripe
Fra:1 Mem:488.59M (Peak 488.59M) | Time:00:01.02 | Mem:0.00M, Peak:0.00M | Scene, ViewLayer | Synchronizing object | Concertina gangway upright fold
Fra:1 Mem:488.59M (Peak 488.59M) | Time:00:01.02 | Mem:0.00M, Peak:0.00M | Scene, ViewLayer | Synchronizing object | Concertina gangway upright fold.001
Fra:1 Mem:488.60M (Peak 488.60M) | Time:00:01.02 | Mem:0.00M, Peak:0.00M | Scene, ViewLayer | Synchronizing object | Concertina gangway roof fold
Fra:1 Mem:488.61M (Peak 488.61M) | Time:00:01.02 | Mem:0.00M, Peak:0.00M | Scene, ViewLayer | Synchronizing object | Concertina gangway upright fold.002
Fra:1 Mem:488.61M (Peak 488.61M) | Time:00:01.02 | Mem:0.00M, Peak:0.00M | Scene, ViewLayer | Synchronizing object | Concertina gangway upright fold.003
Fra:1 Mem:488.63M (Peak 488.63M) | Time:00:01.02 | Mem:0.00M, Peak:0.00M | Scene, ViewLayer | Synchronizing object | Concertina gangway roof fold.001
Fra:1 Mem:488.63M (Peak 488.63M) | Time:00:01.02 | Mem:0.00M, Peak:0.00M | Scene, ViewLayer | Synchronizing object | Concertina gangway upright fold.004
Fra:1 Mem:488.65M (Peak 488.65M) | Time:00:01.02 | Mem:0.00M, Peak:0.00M | Scene, ViewLayer | Synchronizing object | Concertina gangway upright fold.005
Fra:1 Mem:488.65M (Peak 488.65M) | Time:00:01.02 | Mem:0.00M, Peak:0.00M | Scene, ViewLayer | Synchronizing object | Concertina gangway roof fold.002
Fra:1 Mem:488.66M (Peak 488.66M) | Time:00:01.02 | Mem:0.00M, Peak:0.00M | Scene, ViewLayer | Synchronizing object | Concertina gangway upright fold.006
Fra:1 Mem:488.67M (Peak 488.67M) | Time:00:01.02 | Mem:0.00M, Peak:0.00M | Scene, ViewLayer | Synchronizing object | Concertina gangway upright fold.007
Fra:1 Mem:488.67M (Peak 488.67M) | Time:00:01.02 | Mem:0.00M, Peak:0.00M | Scene, ViewLayer | Synchronizing object | Concertina gangway roof fold.003
Fra:1 Mem:488.68M (Peak 488.68M) | Time:00:01.02 | Mem:0.00M, Peak:0.00M | Scene, ViewLayer | Synchronizing object | Concertina gangway upright fold.008
Fra:1 Mem:488.68M (Peak 488.68M) | Time:00:01.02 | Mem:0.00M, Peak:0.00M | Scene, ViewLayer | Synchronizing object | Concertina gangway upright fold.009
Fra:1 Mem:488.70M (Peak 488.70M) | Time:00:01.02 | Mem:0.00M, Peak:0.00M | Scene, ViewLayer | Synchronizing object | Concertina gangway upright fold.010
Fra:1 Mem:488.71M (Peak 488.71M) | Time:00:01.02 | Mem:0.00M, Peak:0.00M | Scene, ViewLayer | Synchronizing object | Concertina gangway roof fold.004
Fra:1 Mem:488.71M (Peak 488.71M) | Time:00:01.02 | Mem:0.00M, Peak:0.00M | Scene, ViewLayer | Synchronizing object | Concertina gangway upright fold.011
Fra:1 Mem:488.72M (Peak 488.72M) | Time:00:01.02 | Mem:0.00M, Peak:0.00M | Scene, ViewLayer | Synchronizing object | Concertina gangway roof fold.005
Fra:1 Mem:488.72M (Peak 488.72M) | Time:00:01.02 | Mem:0.00M, Peak:0.00M | Scene, ViewLayer | Synchronizing object | Concertina gangway upright fold.012
Fra:1 Mem:488.74M (Peak 488.74M) | Time:00:01.02 | Mem:0.00M, Peak:0.00M | Scene, ViewLayer | Synchronizing object | Concertina gangway upright fold.013
Fra:1 Mem:488.75M (Peak 488.75M) | Time:00:01.02 | Mem:0.00M, Peak:0.00M | Scene, ViewLayer | Synchronizing object | Concertina gangway roof fold.006
Fra:1 Mem:488.75M (Peak 488.75M) | Time:00:01.02 | Mem:0.00M, Peak:0.00M | Scene, ViewLayer | Synchronizing object | Concertina gangway upright fold.014
Fra:1 Mem:488.76M (Peak 488.76M) | Time:00:01.02 | Mem:0.00M, Peak:0.00M | Scene, ViewLayer | Synchronizing object | Concertina gangway upright fold.015
Fra:1 Mem:488.76M (Peak 488.76M) | Time:00:01.02 | Mem:0.00M, Peak:0.00M | Scene, ViewLayer | Synchronizing object | Concertina gangway upright fold.016
Fra:1 Mem:488.79M (Peak 488.79M) | Time:00:01.02 | Mem:0.00M, Peak:0.00M | Scene, ViewLayer | Synchronizing object | Concertina gangway upright fold.017
Fra:1 Mem:488.79M (Peak 488.79M) | Time:00:01.02 | Mem:0.00M, Peak:0.00M | Scene, ViewLayer | Synchronizing object | Concertina gangway roof fold.008
Fra:1 Mem:488.79M (Peak 488.79M) | Time:00:01.02 | Mem:0.00M, Peak:0.00M | Scene, ViewLayer | Synchronizing object | Gangway sprung face frame
Fra:1 Mem:488.80M (Peak 488.80M) | Time:00:01.02 | Mem:0.00M, Peak:0.00M | Scene, ViewLayer | Synchronizing object | Gangway sprung face frame.001
Fra:1 Mem:488.82M (Peak 488.82M) | Time:00:01.02 | Mem:0.00M, Peak:0.00M | Scene, ViewLayer | Synchronizing object | Gangway sprung top frame
Fra:1 Mem:488.82M (Peak 488.82M) | Time:00:01.02 | Mem:0.00M, Peak:0.00M | Scene, ViewLayer | Synchronizing object | Vestibule bridge plate
Fra:1 Mem:488.82M (Peak 488.82M) | Time:00:01.02 | Mem:0.00M, Peak:0.00M | Scene, ViewLayer | Synchronizing object | Bridge plate grip rib
Fra:1 Mem:488.84M (Peak 488.84M) | Time:00:01.02 | Mem:0.00M, Peak:0.00M | Scene, ViewLayer | Synchronizing object | Bridge plate grip rib.001
Fra:1 Mem:488.83M (Peak 488.84M) | Time:00:01.02 | Mem:0.00M, Peak:0.00M | Scene, ViewLayer | Synchronizing object | Bridge plate grip rib.002
Fra:1 Mem:488.84M (Peak 488.84M) | Time:00:01.02 | Mem:0.00M, Peak:0.00M | Scene, ViewLayer | Synchronizing object | Bridge plate grip rib.003
Fra:1 Mem:488.84M (Peak 488.84M) | Time:00:01.02 | Mem:0.00M, Peak:0.00M | Scene, ViewLayer | Synchronizing object | Bridge plate grip rib.005
Fra:1 Mem:488.84M (Peak 488.84M) | Time:00:01.02 | Mem:0.00M, Peak:0.00M | Scene, ViewLayer | Synchronizing object | Bridge plate grip rib.006
Fra:1 Mem:488.84M (Peak 488.84M) | Time:00:01.02 | Mem:0.00M, Peak:0.00M | Scene, ViewLayer | Synchronizing object | Bridge plate grip rib.007
Fra:1 Mem:488.84M (Peak 488.84M) | Time:00:01.02 | Mem:0.00M, Peak:0.00M | Scene, ViewLayer | Synchronizing object | Bridge plate grip rib.009
Fra:1 Mem:488.85M (Peak 488.85M) | Time:00:01.02 | Mem:0.00M, Peak:0.00M | Scene, ViewLayer | Synchronizing object | Bridge plate grip rib.010
Fra:1 Mem:488.85M (Peak 488.85M) | Time:00:01.02 | Mem:0.00M, Peak:0.00M | Scene, ViewLayer | Synchronizing object | Bridge plate grip rib.011
Fra:1 Mem:488.85M (Peak 488.85M) | Time:00:01.02 | Mem:0.00M, Peak:0.00M | Scene, ViewLayer | Synchronizing object | End sliding door stile
Fra:1 Mem:488.86M (Peak 488.86M) | Time:00:01.02 | Mem:0.00M, Peak:0.00M | Scene, ViewLayer | Synchronizing object | End sliding door stile.001
Fra:1 Mem:488.87M (Peak 488.87M) | Time:00:01.02 | Mem:0.00M, Peak:0.00M | Scene, ViewLayer | Synchronizing object | End sliding door panel
Fra:1 Mem:488.87M (Peak 488.87M) | Time:00:01.02 | Mem:0.00M, Peak:0.00M | Scene, ViewLayer | Synchronizing object | End sliding door panel.001
Fra:1 Mem:488.87M (Peak 488.87M) | Time:00:01.02 | Mem:0.00M, Peak:0.00M | Scene, ViewLayer | Synchronizing object | End door clear window
Fra:1 Mem:488.89M (Peak 488.89M) | Time:00:01.02 | Mem:0.00M, Peak:0.00M | Scene, ViewLayer | Synchronizing object | End glazed door vertical gasket
Fra:1 Mem:488.89M (Peak 488.89M) | Time:00:01.02 | Mem:0.00M, Peak:0.00M | Scene, ViewLayer | Synchronizing object | End glazed door vertical gasket.001
Fra:1 Mem:488.89M (Peak 488.89M) | Time:00:01.02 | Mem:0.00M, Peak:0.00M | Scene, ViewLayer | Synchronizing object | End glazed door horizontal gasket
Fra:1 Mem:488.90M (Peak 488.90M) | Time:00:01.02 | Mem:0.00M, Peak:0.00M | Scene, ViewLayer | Synchronizing object | End glazed door horizontal gasket.001
Fra:1 Mem:488.90M (Peak 488.90M) | Time:00:01.02 | Mem:0.00M, Peak:0.00M | Scene, ViewLayer | Synchronizing object | Vestibule door grab pull
Fra:1 Mem:488.90M (Peak 488.90M) | Time:00:01.02 | Mem:0.00M, Peak:0.00M | Scene, ViewLayer | Synchronizing object | Vestibule door grab pull.001
Fra:1 Mem:488.91M (Peak 488.91M) | Time:00:01.02 | Mem:0.00M, Peak:0.00M | Scene, ViewLayer | Synchronizing object | End red marker reflector
Fra:1 Mem:488.92M (Peak 488.92M) | Time:00:01.02 | Mem:0.00M, Peak:0.00M | Scene, ViewLayer | Synchronizing object | End marker lamp socket.001
Fra:1 Mem:488.93M (Peak 488.93M) | Time:00:01.02 | Mem:0.00M, Peak:0.00M | Scene, ViewLayer | Synchronizing object | End water fill pipe
Fra:1 Mem:488.93M (Peak 488.93M) | Time:00:01.02 | Mem:0.00M, Peak:0.00M | Scene, ViewLayer | Synchronizing object | Water pipe end wall retaining strap
Fra:1 Mem:488.95M (Peak 488.95M) | Time:00:01.02 | Mem:0.00M, Peak:0.00M | Scene, ViewLayer | Synchronizing object | Water pipe end wall retaining strap.001
Fra:1 Mem:488.96M (Peak 488.96M) | Time:00:01.02 | Mem:0.00M, Peak:0.00M | Scene, ViewLayer | Synchronizing object | Water pipe end wall retaining strap.002
Fra:1 Mem:488.96M (Peak 488.96M) | Time:00:01.02 | Mem:0.00M, Peak:0.00M | Scene, ViewLayer | Synchronizing object | End maintenance grab handle.001
Fra:1 Mem:488.98M (Peak 488.98M) | Time:00:01.02 | Mem:0.00M, Peak:0.00M | Scene, ViewLayer | Synchronizing object | Formed end wall.002
Fra:1 Mem:488.98M (Peak 488.98M) | Time:00:01.02 | Mem:0.00M, Peak:0.00M | Scene, ViewLayer | Synchronizing object | Formed end wall.003
Fra:1 Mem:488.99M (Peak 488.99M) | Time:00:01.02 | Mem:0.00M, Peak:0.00M | Scene, ViewLayer | Synchronizing object | End wall door header.001
Fra:1 Mem:489.00M (Peak 489.00M) | Time:00:01.02 | Mem:0.00M, Peak:0.00M | Scene, ViewLayer | Synchronizing object | Yellow end visibility stripe.002
Fra:1 Mem:489.00M (Peak 489.00M) | Time:00:01.02 | Mem:0.00M, Peak:0.00M | Scene, ViewLayer | Synchronizing object | Yellow end visibility stripe.003
Fra:1 Mem:489.00M (Peak 489.00M) | Time:00:01.02 | Mem:0.00M, Peak:0.00M | Scene, ViewLayer | Synchronizing object | Concertina gangway upright fold.018
Fra:1 Mem:489.01M (Peak 489.01M) | Time:00:01.02 | Mem:0.00M, Peak:0.00M | Scene, ViewLayer | Synchronizing object | Concertina gangway upright fold.019
Fra:1 Mem:489.02M (Peak 489.02M) | Time:00:01.02 | Mem:0.00M, Peak:0.00M | Scene, ViewLayer | Synchronizing object | Concertina gangway roof fold.009
Fra:1 Mem:489.03M (Peak 489.03M) | Time:00:01.02 | Mem:0.00M, Peak:0.00M | Scene, ViewLayer | Synchronizing object | Concertina gangway upright fold.020
Fra:1 Mem:489.03M (Peak 489.03M) | Time:00:01.02 | Mem:0.00M, Peak:0.00M | Scene, ViewLayer | Synchronizing object | Concertina gangway roof fold.010
Fra:1 Mem:489.05M (Peak 489.05M) | Time:00:01.02 | Mem:0.00M, Peak:0.00M | Scene, ViewLayer | Synchronizing object | Concertina gangway upright fold.022
Fra:1 Mem:489.06M (Peak 489.06M) | Time:00:01.02 | Mem:0.00M, Peak:0.00M | Scene, ViewLayer | Synchronizing object | Concertina gangway roof fold.011
Fra:1 Mem:489.07M (Peak 489.07M) | Time:00:01.02 | Mem:0.00M, Peak:0.00M | Scene, ViewLayer | Synchronizing object | Concertina gangway upright fold.024
Fra:1 Mem:489.09M (Peak 489.09M) | Time:00:01.02 | Mem:0.00M, Peak:0.00M | Scene, ViewLayer | Synchronizing object | Concertina gangway upright fold.025
Fra:1 Mem:489.09M (Peak 489.09M) | Time:00:01.02 | Mem:0.00M, Peak:0.00M | Scene, ViewLayer | Synchronizing object | Concertina gangway roof fold.012
Fra:1 Mem:489.09M (Peak 489.09M) | Time:00:01.02 | Mem:0.00M, Peak:0.00M | Scene, ViewLayer | Synchronizing object | Concertina gangway upright fold.026
Fra:1 Mem:489.11M (Peak 489.11M) | Time:00:01.02 | Mem:0.00M, Peak:0.00M | Scene, ViewLayer | Synchronizing object | Concertina gangway upright fold.027
Fra:1 Mem:489.11M (Peak 489.11M) | Time:00:01.02 | Mem:0.00M, Peak:0.00M | Scene, ViewLayer | Synchronizing object | Concertina gangway upright fold.028
Fra:1 Mem:489.13M (Peak 489.13M) | Time:00:01.02 | Mem:0.00M, Peak:0.00M | Scene, ViewLayer | Synchronizing object | Concertina gangway upright fold.029
Fra:1 Mem:489.14M (Peak 489.14M) | Time:00:01.02 | Mem:0.00M, Peak:0.00M | Scene, ViewLayer | Synchronizing object | Concertina gangway roof fold.014
Fra:1 Mem:489.15M (Peak 489.15M) | Time:00:01.02 | Mem:0.00M, Peak:0.00M | Scene, ViewLayer | Synchronizing object | Concertina gangway upright fold.030
Fra:1 Mem:489.15M (Peak 489.15M) | Time:00:01.02 | Mem:0.00M, Peak:0.00M | Scene, ViewLayer | Synchronizing object | Concertina gangway upright fold.031
Fra:1 Mem:489.16M (Peak 489.16M) | Time:00:01.02 | Mem:0.00M, Peak:0.00M | Scene, ViewLayer | Synchronizing object | Concertina gangway roof fold.015
Fra:1 Mem:489.17M (Peak 489.17M) | Time:00:01.02 | Mem:0.00M, Peak:0.00M | Scene, ViewLayer | Synchronizing object | Concertina gangway upright fold.032
Fra:1 Mem:489.18M (Peak 489.18M) | Time:00:01.02 | Mem:0.00M, Peak:0.00M | Scene, ViewLayer | Synchronizing object | Concertina gangway upright fold.033
Fra:1 Mem:489.19M (Peak 489.19M) | Time:00:01.02 | Mem:0.00M, Peak:0.00M | Scene, ViewLayer | Synchronizing object | Concertina gangway roof fold.016
Fra:1 Mem:489.19M (Peak 489.19M) | Time:00:01.02 | Mem:0.00M, Peak:0.00M | Scene, ViewLayer | Synchronizing object | Concertina gangway upright fold.035
Fra:1 Mem:489.21M (Peak 489.21M) | Time:00:01.02 | Mem:0.00M, Peak:0.00M | Scene, ViewLayer | Synchronizing object | Concertina gangway roof fold.017
Fra:1 Mem:489.21M (Peak 489.21M) | Time:00:01.02 | Mem:0.00M, Peak:0.00M | Scene, ViewLayer | Synchronizing object | Gangway sprung face frame.002
Fra:1 Mem:489.22M (Peak 489.22M) | Time:00:01.02 | Mem:0.00M, Peak:0.00M | Scene, ViewLayer | Synchronizing object | Gangway sprung face frame.003
Fra:1 Mem:489.23M (Peak 489.23M) | Time:00:01.02 | Mem:0.00M, Peak:0.00M | Scene, ViewLayer | Synchronizing object | Gangway sprung top frame.001
Fra:1 Mem:489.24M (Peak 489.24M) | Time:00:01.02 | Mem:0.00M, Peak:0.00M | Scene, ViewLayer | Synchronizing object | Vestibule bridge plate.001
Fra:1 Mem:489.25M (Peak 489.25M) | Time:00:01.02 | Mem:0.00M, Peak:0.00M | Scene, ViewLayer | Synchronizing object | Bridge plate grip rib.013
Fra:1 Mem:489.25M (Peak 489.25M) | Time:00:01.02 | Mem:0.00M, Peak:0.00M | Scene, ViewLayer | Synchronizing object | Bridge plate grip rib.015
Fra:1 Mem:489.25M (Peak 489.25M) | Time:00:01.02 | Mem:0.00M, Peak:0.00M | Scene, ViewLayer | Synchronizing object | Bridge plate grip rib.016
Fra:1 Mem:489.26M (Peak 489.26M) | Time:00:01.02 | Mem:0.00M, Peak:0.00M | Scene, ViewLayer | Synchronizing object | Bridge plate grip rib.017
Fra:1 Mem:489.26M (Peak 489.26M) | Time:00:01.02 | Mem:0.00M, Peak:0.00M | Scene, ViewLayer | Synchronizing object | Bridge plate grip rib.019
Fra:1 Mem:489.26M (Peak 489.26M) | Time:00:01.02 | Mem:0.00M, Peak:0.00M | Scene, ViewLayer | Synchronizing object | Bridge plate grip rib.020
Fra:1 Mem:489.26M (Peak 489.26M) | Time:00:01.02 | Mem:0.00M, Peak:0.00M | Scene, ViewLayer | Synchronizing object | Bridge plate grip rib.021
Fra:1 Mem:489.26M (Peak 489.26M) | Time:00:01.02 | Mem:0.00M, Peak:0.00M | Scene, ViewLayer | Synchronizing object | Bridge plate grip rib.023
Fra:1 Mem:489.27M (Peak 489.26M) | Time:00:01.02 | Mem:0.00M, Peak:0.00M | Scene, ViewLayer | Synchronizing object | Bridge plate grip rib.024
Fra:1 Mem:489.26M (Peak 489.26M) | Time:00:01.02 | Mem:0.00M, Peak:0.00M | Scene, ViewLayer | Synchronizing object | End sliding door stile.002
Fra:1 Mem:489.27M (Peak 489.27M) | Time:00:01.02 | Mem:0.00M, Peak:0.00M | Scene, ViewLayer | Synchronizing object | End sliding door stile.003
Fra:1 Mem:489.28M (Peak 489.28M) | Time:00:01.02 | Mem:0.00M, Peak:0.00M | Scene, ViewLayer | Synchronizing object | End sliding door panel.002
Fra:1 Mem:489.29M (Peak 489.29M) | Time:00:01.02 | Mem:0.00M, Peak:0.00M | Scene, ViewLayer | Synchronizing object | End door clear window.001
Fra:1 Mem:489.30M (Peak 489.30M) | Time:00:01.02 | Mem:0.00M, Peak:0.00M | Scene, ViewLayer | Synchronizing object | End glazed door vertical gasket.002
Fra:1 Mem:489.31M (Peak 489.31M) | Time:00:01.02 | Mem:0.00M, Peak:0.00M | Scene, ViewLayer | Synchronizing object | End glazed door vertical gasket.003
Fra:1 Mem:489.31M (Peak 489.31M) | Time:00:01.02 | Mem:0.00M, Peak:0.00M | Scene, ViewLayer | Synchronizing object | End glazed door horizontal gasket.003
Fra:1 Mem:489.32M (Peak 489.32M) | Time:00:01.02 | Mem:0.00M, Peak:0.00M | Scene, ViewLayer | Synchronizing object | Vestibule door grab pull.002
Fra:1 Mem:489.32M (Peak 489.32M) | Time:00:01.02 | Mem:0.00M, Peak:0.00M | Scene, ViewLayer | Synchronizing object | End marker lamp socket.002
Fra:1 Mem:489.33M (Peak 489.33M) | Time:00:01.02 | Mem:0.00M, Peak:0.00M | Scene, ViewLayer | Synchronizing object | End red marker reflector.002
Fra:1 Mem:489.34M (Peak 489.34M) | Time:00:01.02 | Mem:0.00M, Peak:0.00M | Scene, ViewLayer | Synchronizing object | End marker lamp socket.003
Fra:1 Mem:489.34M (Peak 489.34M) | Time:00:01.02 | Mem:0.00M, Peak:0.00M | Scene, ViewLayer | Synchronizing object | End water fill pipe.001
Fra:1 Mem:489.36M (Peak 489.36M) | Time:00:01.02 | Mem:0.00M, Peak:0.00M | Scene, ViewLayer | Synchronizing object | Water pipe end wall retaining strap.003
Fra:1 Mem:489.36M (Peak 489.36M) | Time:00:01.02 | Mem:0.00M, Peak:0.00M | Scene, ViewLayer | Synchronizing object | Water pipe end wall retaining strap.004
Fra:1 Mem:489.38M (Peak 489.38M) | Time:00:01.02 | Mem:0.00M, Peak:0.00M | Scene, ViewLayer | Synchronizing object | Water pipe end wall retaining strap.005
Fra:1 Mem:489.38M (Peak 489.38M) | Time:00:01.02 | Mem:0.00M, Peak:0.00M | Scene, ViewLayer | Synchronizing object | End maintenance grab handle.003
Fra:1 Mem:489.40M (Peak 489.40M) | Time:00:01.02 | Mem:0.00M, Peak:0.00M | Scene, ViewLayer | Synchronizing object | Fabricated sideframe vertical web
Fra:1 Mem:489.40M (Peak 489.40M) | Time:00:01.02 | Mem:0.00M, Peak:0.00M | Scene, ViewLayer | Synchronizing object | Fabricated sideframe vertical web.001
Fra:1 Mem:489.40M (Peak 489.40M) | Time:00:01.02 | Mem:0.00M, Peak:0.00M | Scene, ViewLayer | Synchronizing object | Sideframe continuous upper flange
Fra:1 Mem:489.40M (Peak 489.40M) | Time:00:01.02 | Mem:0.00M, Peak:0.00M | Scene, ViewLayer | Synchronizing object | Sideframe lower spring flange
Fra:1 Mem:489.41M (Peak 489.41M) | Time:00:01.02 | Mem:0.00M, Peak:0.00M | Scene, ViewLayer | Synchronizing object | Sideframe welded vertical stiffener
Fra:1 Mem:489.43M (Peak 489.43M) | Time:00:01.02 | Mem:0.00M, Peak:0.00M | Scene, ViewLayer | Synchronizing object | Visible sideframe fillet weld
Fra:1 Mem:489.43M (Peak 489.43M) | Time:00:01.02 | Mem:0.00M, Peak:0.00M | Scene, ViewLayer | Synchronizing object | Sideframe welded vertical stiffener.001
Fra:1 Mem:489.43M (Peak 489.43M) | Time:00:01.02 | Mem:0.00M, Peak:0.00M | Scene, ViewLayer | Synchronizing object | Sideframe welded vertical stiffener.002
Fra:1 Mem:489.45M (Peak 489.45M) | Time:00:01.02 | Mem:0.00M, Peak:0.00M | Scene, ViewLayer | Synchronizing object | Visible sideframe fillet weld.002
Fra:1 Mem:489.45M (Peak 489.45M) | Time:00:01.02 | Mem:0.00M, Peak:0.00M | Scene, ViewLayer | Synchronizing object | Visible sideframe fillet weld.003
Fra:1 Mem:489.45M (Peak 489.45M) | Time:00:01.02 | Mem:0.00M, Peak:0.00M | Scene, ViewLayer | Synchronizing object | Sideframe welded vertical stiffener.004
Fra:1 Mem:489.47M (Peak 489.47M) | Time:00:01.02 | Mem:0.00M, Peak:0.00M | Scene, ViewLayer | Synchronizing object | Visible sideframe fillet weld.004
Fra:1 Mem:489.47M (Peak 489.47M) | Time:00:01.02 | Mem:0.00M, Peak:0.00M | Scene, ViewLayer | Synchronizing object | Sideframe welded vertical stiffener.005
Fra:1 Mem:489.47M (Peak 489.47M) | Time:00:01.02 | Mem:0.00M, Peak:0.00M | Scene, ViewLayer | Synchronizing object | Visible sideframe fillet weld.005
Fra:1 Mem:489.48M (Peak 489.48M) | Time:00:01.02 | Mem:0.00M, Peak:0.00M | Scene, ViewLayer | Synchronizing object | Bogie maker plate
Fra:1 Mem:489.48M (Peak 489.48M) | Time:00:01.02 | Mem:0.00M, Peak:0.00M | Scene, ViewLayer | Synchronizing object | Maker plate rivet hex head
Fra:1 Mem:489.49M (Peak 489.49M) | Time:00:01.02 | Mem:0.00M, Peak:0.00M | Scene, ViewLayer | Synchronizing object | Maker plate rivet hex head.001
Fra:1 Mem:489.49M (Peak 489.49M) | Time:00:01.02 | Mem:0.00M, Peak:0.00M | Scene, ViewLayer | Synchronizing object | Fabricated sideframe vertical web.002
Fra:1 Mem:489.50M (Peak 489.50M) | Time:00:01.02 | Mem:0.00M, Peak:0.00M | Scene, ViewLayer | Synchronizing object | Sideframe continuous upper flange.001
Fra:1 Mem:489.50M (Peak 489.50M) | Time:00:01.02 | Mem:0.00M, Peak:0.00M | Scene, ViewLayer | Synchronizing object | Sideframe lower spring flange.001
Fra:1 Mem:489.51M (Peak 489.51M) | Time:00:01.02 | Mem:0.00M, Peak:0.00M | Scene, ViewLayer | Synchronizing object | Sideframe welded vertical stiffener.006
Fra:1 Mem:489.52M (Peak 489.52M) | Time:00:01.02 | Mem:0.00M, Peak:0.00M | Scene, ViewLayer | Synchronizing object | Visible sideframe fillet weld.006
Fra:1 Mem:489.52M (Peak 489.52M) | Time:00:01.02 | Mem:0.00M, Peak:0.00M | Scene, ViewLayer | Synchronizing object | Sideframe welded vertical stiffener.007
Fra:1 Mem:489.53M (Peak 489.53M) | Time:00:01.02 | Mem:0.00M, Peak:0.00M | Scene, ViewLayer | Synchronizing object | Visible sideframe fillet weld.007
Fra:1 Mem:489.54M (Peak 489.54M) | Time:00:01.02 | Mem:0.00M, Peak:0.00M | Scene, ViewLayer | Synchronizing object | Sideframe welded vertical stiffener.008
Fra:1 Mem:489.54M (Peak 489.54M) | Time:00:01.02 | Mem:0.00M, Peak:0.00M | Scene, ViewLayer | Synchronizing object | Sideframe welded vertical stiffener.009
Fra:1 Mem:489.55M (Peak 489.55M) | Time:00:01.02 | Mem:0.00M, Peak:0.00M | Scene, ViewLayer | Synchronizing object | Visible sideframe fillet weld.009
Fra:1 Mem:489.56M (Peak 489.56M) | Time:00:01.02 | Mem:0.00M, Peak:0.00M | Scene, ViewLayer | Synchronizing object | Sideframe welded vertical stiffener.010
Fra:1 Mem:489.56M (Peak 489.56M) | Time:00:01.02 | Mem:0.00M, Peak:0.00M | Scene, ViewLayer | Synchronizing object | Visible sideframe fillet weld.010
Fra:1 Mem:489.56M (Peak 489.56M) | Time:00:01.02 | Mem:0.00M, Peak:0.00M | Scene, ViewLayer | Synchronizing object | Sideframe welded vertical stiffener.011
Fra:1 Mem:489.57M (Peak 489.57M) | Time:00:01.02 | Mem:0.00M, Peak:0.00M | Scene, ViewLayer | Synchronizing object | Visible sideframe fillet weld.011
Fra:1 Mem:489.58M (Peak 489.58M) | Time:00:01.02 | Mem:0.00M, Peak:0.00M | Scene, ViewLayer | Synchronizing object | Bogie maker plate.001
Fra:1 Mem:489.58M (Peak 489.58M) | Time:00:01.02 | Mem:0.00M, Peak:0.00M | Scene, ViewLayer | Synchronizing object | Maker plate rivet hex head.002
Fra:1 Mem:489.59M (Peak 489.59M) | Time:00:01.02 | Mem:0.00M, Peak:0.00M | Scene, ViewLayer | Synchronizing object | Maker plate rivet hex head.003
Fra:1 Mem:489.59M (Peak 489.59M) | Time:00:01.02 | Mem:0.00M, Peak:0.00M | Scene, ViewLayer | Synchronizing object | Bogie headstock transverse box
Fra:1 Mem:489.59M (Peak 489.59M) | Time:00:01.02 | Mem:0.00M, Peak:0.00M | Scene, ViewLayer | Synchronizing object | Headstock upper flange
Fra:1 Mem:489.60M (Peak 489.60M) | Time:00:01.02 | Mem:0.00M, Peak:0.00M | Scene, ViewLayer | Synchronizing object | Headstock corner gusset
Fra:1 Mem:489.61M (Peak 489.61M) | Time:00:01.02 | Mem:0.00M, Peak:0.00M | Scene, ViewLayer | Synchronizing object | Headstock corner gusset.001
Fra:1 Mem:489.61M (Peak 489.61M) | Time:00:01.02 | Mem:0.00M, Peak:0.00M | Scene, ViewLayer | Synchronizing object | Bogie headstock transverse box.001
Fra:1 Mem:489.61M (Peak 489.61M) | Time:00:01.02 | Mem:0.00M, Peak:0.00M | Scene, ViewLayer | Synchronizing object | Headstock corner gusset.002
Fra:1 Mem:489.62M (Peak 489.62M) | Time:00:01.02 | Mem:0.00M, Peak:0.00M | Scene, ViewLayer | Synchronizing object | Headstock corner gusset.003
Fra:1 Mem:489.62M (Peak 489.62M) | Time:00:01.02 | Mem:0.00M, Peak:0.00M | Scene, ViewLayer | Synchronizing object | Bogie centre transom box
Fra:1 Mem:489.63M (Peak 489.63M) | Time:00:01.02 | Mem:0.00M, Peak:0.00M | Scene, ViewLayer | Synchronizing object | Transom upper closing flange
Fra:1 Mem:489.64M (Peak 489.64M) | Time:00:01.02 | Mem:0.00M, Peak:0.00M | Scene, ViewLayer | Synchronizing object | Bogie centre transom box.001
Fra:1 Mem:489.64M (Peak 489.64M) | Time:00:01.02 | Mem:0.00M, Peak:0.00M | Scene, ViewLayer | Synchronizing object | Transom upper closing flange.001
Fra:1 Mem:489.65M (Peak 489.65M) | Time:00:01.02 | Mem:0.00M, Peak:0.00M | Scene, ViewLayer | Synchronizing object | Bogie air feed manifold
Fra:1 Mem:489.66M (Peak 489.66M) | Time:00:01.02 | Mem:0.00M, Peak:0.00M | Scene, ViewLayer | Synchronizing object | Bogie feed pipe clip
Fra:1 Mem:489.66M (Peak 489.66M) | Time:00:01.02 | Mem:0.00M, Peak:0.00M | Scene, ViewLayer | Synchronizing object | Bogie feed pipe clip.001
Fra:1 Mem:489.67M (Peak 489.67M) | Time:00:01.02 | Mem:0.00M, Peak:0.00M | Scene, ViewLayer | Synchronizing object | Bogie feed pipe clip.002
Fra:1 Mem:489.68M (Peak 489.68M) | Time:00:01.02 | Mem:0.00M, Peak:0.00M | Scene, ViewLayer | Synchronizing object | Bogie feed pipe clip.003
Fra:1 Mem:489.70M (Peak 489.70M) | Time:00:01.02 | Mem:0.00M, Peak:0.00M | Scene, ViewLayer | Synchronizing object | Bogie feed pipe clip.004
Fra:1 Mem:489.70M (Peak 489.70M) | Time:00:01.02 | Mem:0.00M, Peak:0.00M | Scene, ViewLayer | Synchronizing object | Bogie feed pipe clip.006
Fra:1 Mem:489.72M (Peak 489.72M) | Time:00:01.02 | Mem:0.00M, Peak:0.00M | Scene, ViewLayer | Synchronizing object | Floating bogie bolster main box
Fra:1 Mem:489.73M (Peak 489.73M) | Time:00:01.02 | Mem:0.00M, Peak:0.00M | Scene, ViewLayer | Synchronizing object | Bolster upper flange
Fra:1 Mem:489.74M (Peak 489.74M) | Time:00:01.02 | Mem:0.00M, Peak:0.00M | Scene, ViewLayer | Synchronizing object | Bolster upper flange.001
Fra:1 Mem:489.74M (Peak 489.74M) | Time:00:01.02 | Mem:0.00M, Peak:0.00M | Scene, ViewLayer | Synchronizing object | Bolster spring head seat
Fra:1 Mem:489.74M (Peak 489.74M) | Time:00:01.02 | Mem:0.00M, Peak:0.00M | Scene, ViewLayer | Synchronizing object | Lower spring beam end tray
Fra:1 Mem:489.77M (Peak 489.77M) | Time:00:01.02 | Mem:0.00M, Peak:0.00M | Scene, ViewLayer | Synchronizing object | Bolster spring bottom rubber pad
Fra:1 Mem:489.77M (Peak 489.77M) | Time:00:01.02 | Mem:0.00M, Peak:0.00M | Scene, ViewLayer | Synchronizing object | Secondary 42mm bolster coil
Fra:1 Mem:489.81M (Peak 489.81M) | Time:00:01.02 | Mem:0.00M, Peak:0.00M | Scene, ViewLayer | Synchronizing object | Secondary 42mm bolster coil group mark
Fra:1 Mem:489.81M (Peak 489.81M) | Time:00:01.02 | Mem:0.00M, Peak:0.00M | Scene, ViewLayer | Synchronizing object | Secondary 42mm bolster coil group mark.001
Fra:1 Mem:489.83M (Peak 489.83M) | Time:00:01.02 | Mem:0.00M, Peak:0.00M | Scene, ViewLayer | Synchronizing object | Secondary 42mm bolster coil group mark.002
Fra:1 Mem:489.88M (Peak 489.88M) | Time:00:01.02 | Mem:0.00M, Peak:0.00M | Scene, ViewLayer | Synchronizing object | Secondary 42mm bolster coil group mark.003
Fra:1 Mem:489.90M (Peak 489.90M) | Time:00:01.02 | Mem:0.00M, Peak:0.00M | Scene, ViewLayer | Synchronizing object | Secondary 42mm bolster coil group mark.004
Fra:1 Mem:489.92M (Peak 489.92M) | Time:00:01.02 | Mem:0.00M, Peak:0.00M | Scene, ViewLayer | Synchronizing object | Secondary 42mm bolster coil group mark.005
Fra:1 Mem:489.95M (Peak 489.95M) | Time:00:01.02 | Mem:0.00M, Peak:0.00M | Scene, ViewLayer | Synchronizing object | Secondary 42mm bolster coil group mark.006
Fra:1 Mem:489.95M (Peak 489.95M) | Time:00:01.02 | Mem:0.00M, Peak:0.00M | Scene, ViewLayer | Synchronizing object | Secondary 42mm bolster coil group mark.007
Fra:1 Mem:489.96M (Peak 489.96M) | Time:00:01.02 | Mem:0.00M, Peak:0.00M | Scene, ViewLayer | Synchronizing object | Secondary 42mm bolster coil group mark.008
Fra:1 Mem:489.97M (Peak 489.97M) | Time:00:01.02 | Mem:0.00M, Peak:0.00M | Scene, ViewLayer | Synchronizing object | Secondary 42mm bolster coil group mark.009
Fra:1 Mem:489.97M (Peak 489.97M) | Time:00:01.02 | Mem:0.00M, Peak:0.00M | Scene, ViewLayer | Synchronizing object | Secondary 42mm bolster coil group mark.010
Fra:1 Mem:489.97M (Peak 489.97M) | Time:00:01.02 | Mem:0.00M, Peak:0.00M | Scene, ViewLayer | Synchronizing object | Bolster spring bottom rubber pad.001
Fra:1 Mem:489.99M (Peak 489.99M) | Time:00:01.02 | Mem:0.00M, Peak:0.00M | Scene, ViewLayer | Synchronizing object | Bolster spring top seating flange.001
Fra:1 Mem:490.01M (Peak 490.01M) | Time:00:01.02 | Mem:0.00M, Peak:0.00M | Scene, ViewLayer | Synchronizing object | Secondary 42mm bolster coil.001
Fra:1 Mem:490.01M (Peak 490.01M) | Time:00:01.02 | Mem:0.00M, Peak:0.00M | Scene, ViewLayer | Synchronizing object | Secondary 42mm bolster coil group mark.011
Fra:1 Mem:490.07M (Peak 490.07M) | Time:00:01.02 | Mem:0.00M, Peak:0.00M | Scene, ViewLayer | Synchronizing object | Secondary 42mm bolster coil group mark.012
Fra:1 Mem:490.10M (Peak 490.10M) | Time:00:01.02 | Mem:0.00M, Peak:0.00M | Scene, ViewLayer | Synchronizing object | Secondary 42mm bolster coil group mark.013
Fra:1 Mem:490.13M (Peak 490.13M) | Time:00:01.02 | Mem:0.00M, Peak:0.00M | Scene, ViewLayer | Synchronizing object | Secondary 42mm bolster coil group mark.014
Fra:1 Mem:490.13M (Peak 490.13M) | Time:00:01.02 | Mem:0.00M, Peak:0.00M | Scene, ViewLayer | Synchronizing object | Secondary 42mm bolster coil group mark.015
Fra:1 Mem:490.16M (Peak 490.16M) | Time:00:01.02 | Mem:0.00M, Peak:0.00M | Scene, ViewLayer | Synchronizing object | Secondary 42mm bolster coil group mark.016
Fra:1 Mem:490.16M (Peak 490.17M) | Time:00:01.02 | Mem:0.00M, Peak:0.00M | Scene, ViewLayer | Synchronizing object | Secondary 42mm bolster coil group mark.017
Fra:1 Mem:490.19M (Peak 490.19M) | Time:00:01.02 | Mem:0.00M, Peak:0.00M | Scene, ViewLayer | Synchronizing object | Secondary 42mm bolster coil group mark.018
Fra:1 Mem:490.20M (Peak 490.20M) | Time:00:01.02 | Mem:0.00M, Peak:0.00M | Scene, ViewLayer | Synchronizing object | Secondary 42mm bolster coil group mark.019
Fra:1 Mem:490.22M (Peak 490.22M) | Time:00:01.02 | Mem:0.00M, Peak:0.00M | Scene, ViewLayer | Synchronizing object | Secondary 42mm bolster coil group mark.020
Fra:1 Mem:490.21M (Peak 490.22M) | Time:00:01.02 | Mem:0.00M, Peak:0.00M | Scene, ViewLayer | Synchronizing object | Secondary 42mm bolster coil group mark.021
Fra:1 Mem:490.21M (Peak 490.22M) | Time:00:01.02 | Mem:0.00M, Peak:0.00M | Scene, ViewLayer | Synchronizing object | BSS swing hanger forged link strap
Fra:1 Mem:490.21M (Peak 490.22M) | Time:00:01.02 | Mem:0.00M, Peak:0.00M | Scene, ViewLayer | Synchronizing object | BSS swing hanger forged link eye
Fra:1 Mem:490.22M (Peak 490.22M) | Time:00:01.02 | Mem:0.00M, Peak:0.00M | Scene, ViewLayer | Synchronizing object | BSS swing hanger forged link strap.001
Fra:1 Mem:490.23M (Peak 490.23M) | Time:00:01.02 | Mem:0.00M, Peak:0.00M | Scene, ViewLayer | Synchronizing object | BSS swing hanger forged link eye.001
Fra:1 Mem:490.25M (Peak 490.25M) | Time:00:01.02 | Mem:0.00M, Peak:0.00M | Scene, ViewLayer | Synchronizing object | BSS swing hanger forged link eye.002
Fra:1 Mem:490.27M (Peak 490.27M) | Time:00:01.02 | Mem:0.00M, Peak:0.00M | Scene, ViewLayer | Synchronizing object | BSS swing hanger forged link eye.003
Fra:1 Mem:490.27M (Peak 490.27M) | Time:00:01.02 | Mem:0.00M, Peak:0.00M | Scene, ViewLayer | Synchronizing object | BSS upper hanger pin pin
Fra:1 Mem:490.26M (Peak 490.27M) | Time:00:01.02 | Mem:0.00M, Peak:0.00M | Scene, ViewLayer | Synchronizing object | BSS upper hanger pin retaining washer
Fra:1 Mem:490.27M (Peak 490.27M) | Time:00:01.02 | Mem:0.00M, Peak:0.00M | Scene, ViewLayer | Synchronizing object | BSS upper hanger pin retaining hex head
Fra:1 Mem:490.28M (Peak 490.28M) | Time:00:01.02 | Mem:0.00M, Peak:0.00M | Scene, ViewLayer | Synchronizing object | BSS upper hanger pin retaining washer.001
Fra:1 Mem:490.27M (Peak 490.28M) | Time:00:01.02 | Mem:0.00M, Peak:0.00M | Scene, ViewLayer | Synchronizing object | BSS upper hanger pin retaining hex head.001
Fra:1 Mem:490.28M (Peak 490.28M) | Time:00:01.02 | Mem:0.00M, Peak:0.00M | Scene, ViewLayer | Synchronizing object | BSS lower hanger pin pin
Fra:1 Mem:490.30M (Peak 490.30M) | Time:00:01.02 | Mem:0.00M, Peak:0.00M | Scene, ViewLayer | Synchronizing object | BSS lower hanger pin retaining washer
Fra:1 Mem:490.29M (Peak 490.30M) | Time:00:01.02 | Mem:0.00M, Peak:0.00M | Scene, ViewLayer | Synchronizing object | BSS lower hanger pin retaining hex head
Fra:1 Mem:490.29M (Peak 490.30M) | Time:00:01.02 | Mem:0.00M, Peak:0.00M | Scene, ViewLayer | Synchronizing object | BSS lower hanger pin retaining washer.001
Fra:1 Mem:490.29M (Peak 490.30M) | Time:00:01.02 | Mem:0.00M, Peak:0.00M | Scene, ViewLayer | Synchronizing object | BSS hanger block
Fra:1 Mem:490.31M (Peak 490.31M) | Time:00:01.02 | Mem:0.00M, Peak:0.00M | Scene, ViewLayer | Synchronizing object | Spring plank hanger block
Fra:1 Mem:490.31M (Peak 490.31M) | Time:00:01.02 | Mem:0.00M, Peak:0.00M | Scene, ViewLayer | Synchronizing object | BSS swing hanger forged link strap.002
Fra:1 Mem:490.32M (Peak 490.32M) | Time:00:01.02 | Mem:0.00M, Peak:0.00M | Scene, ViewLayer | Synchronizing object | BSS swing hanger forged link eye.004
Fra:1 Mem:490.32M (Peak 490.32M) | Time:00:01.02 | Mem:0.00M, Peak:0.00M | Scene, ViewLayer | Synchronizing object | BSS swing hanger forged link eye.005
Fra:1 Mem:490.32M (Peak 490.32M) | Time:00:01.02 | Mem:0.00M, Peak:0.00M | Scene, ViewLayer | Synchronizing object | BSS swing hanger forged link strap.003
Fra:1 Mem:490.33M (Peak 490.33M) | Time:00:01.02 | Mem:0.00M, Peak:0.00M | Scene, ViewLayer | Synchronizing object | BSS swing hanger forged link eye.006
Fra:1 Mem:490.33M (Peak 490.33M) | Time:00:01.02 | Mem:0.00M, Peak:0.00M | Scene, ViewLayer | Synchronizing object | BSS upper hanger pin pin.001
Fra:1 Mem:490.34M (Peak 490.34M) | Time:00:01.02 | Mem:0.00M, Peak:0.00M | Scene, ViewLayer | Synchronizing object | BSS upper hanger pin retaining washer.002
Fra:1 Mem:490.35M (Peak 490.35M) | Time:00:01.02 | Mem:0.00M, Peak:0.00M | Scene, ViewLayer | Synchronizing object | BSS upper hanger pin retaining hex head.002
Fra:1 Mem:490.36M (Peak 490.36M) | Time:00:01.02 | Mem:0.00M, Peak:0.00M | Scene, ViewLayer | Synchronizing object | BSS upper hanger pin retaining washer.003
Fra:1 Mem:490.36M (Peak 490.36M) | Time:00:01.02 | Mem:0.00M, Peak:0.00M | Scene, ViewLayer | Synchronizing object | BSS upper hanger pin retaining hex head.003
Fra:1 Mem:490.37M (Peak 490.37M) | Time:00:01.02 | Mem:0.00M, Peak:0.00M | Scene, ViewLayer | Synchronizing object | BSS lower hanger pin pin.001
Fra:1 Mem:490.37M (Peak 490.37M) | Time:00:01.02 | Mem:0.00M, Peak:0.00M | Scene, ViewLayer | Synchronizing object | BSS lower hanger pin retaining washer.002
Fra:1 Mem:490.37M (Peak 490.37M) | Time:00:01.02 | Mem:0.00M, Peak:0.00M | Scene, ViewLayer | Synchronizing object | BSS lower hanger pin retaining hex head.002
Fra:1 Mem:490.38M (Peak 490.38M) | Time:00:01.02 | Mem:0.00M, Peak:0.00M | Scene, ViewLayer | Synchronizing object | BSS lower hanger pin retaining washer.003
Fra:1 Mem:490.38M (Peak 490.38M) | Time:00:01.02 | Mem:0.00M, Peak:0.00M | Scene, ViewLayer | Synchronizing object | BSS lower hanger pin retaining hex head.003
Fra:1 Mem:490.38M (Peak 490.38M) | Time:00:01.02 | Mem:0.00M, Peak:0.00M | Scene, ViewLayer | Synchronizing object | Spring plank hanger block.001
Fra:1 Mem:490.40M (Peak 490.40M) | Time:00:01.02 | Mem:0.00M, Peak:0.00M | Scene, ViewLayer | Synchronizing object | Bolster safety U strap
Fra:1 Mem:490.41M (Peak 490.41M) | Time:00:01.02 | Mem:0.00M, Peak:0.00M | Scene, ViewLayer | Synchronizing object | Bolster safety U strap.001
Fra:1 Mem:490.41M (Peak 490.41M) | Time:00:01.02 | Mem:0.00M, Peak:0.00M | Scene, ViewLayer | Synchronizing object | Vertical secondary hydraulic damper body
Fra:1 Mem:490.41M (Peak 490.41M) | Time:00:01.02 | Mem:0.00M, Peak:0.00M | Scene, ViewLayer | Synchronizing object | Secondary damper polished piston
Fra:1 Mem:490.42M (Peak 490.42M) | Time:00:01.02 | Mem:0.00M, Peak:0.00M | Scene, ViewLayer | Synchronizing object | Secondary damper dust sleeve
Fra:1 Mem:490.43M (Peak 490.43M) | Time:00:01.02 | Mem:0.00M, Peak:0.00M | Scene, ViewLayer | Synchronizing object | Damper eye silent rubber
Fra:1 Mem:490.44M (Peak 490.44M) | Time:00:01.02 | Mem:0.00M, Peak:0.00M | Scene, ViewLayer | Synchronizing object | Secondary damper eye pin pin
Fra:1 Mem:490.44M (Peak 490.44M) | Time:00:01.02 | Mem:0.00M, Peak:0.00M | Scene, ViewLayer | Synchronizing object | Secondary damper eye pin retaining washer
Fra:1 Mem:490.44M (Peak 490.44M) | Time:00:01.02 | Mem:0.00M, Peak:0.00M | Scene, ViewLayer | Synchronizing object | Secondary damper eye pin retaining hex head
Fra:1 Mem:490.45M (Peak 490.45M) | Time:00:01.02 | Mem:0.00M, Peak:0.00M | Scene, ViewLayer | Synchronizing object | Secondary damper eye pin retaining washer.001
Fra:1 Mem:490.45M (Peak 490.45M) | Time:00:01.02 | Mem:0.00M, Peak:0.00M | Scene, ViewLayer | Synchronizing object | Secondary damper eye pin retaining hex head.001
Fra:1 Mem:490.46M (Peak 490.46M) | Time:00:01.02 | Mem:0.00M, Peak:0.00M | Scene, ViewLayer | Synchronizing object | Damper attachment lug
Fra:1 Mem:490.46M (Peak 490.46M) | Time:00:01.02 | Mem:0.00M, Peak:0.00M | Scene, ViewLayer | Synchronizing object | Damper eye silent rubber.001
Fra:1 Mem:490.46M (Peak 490.46M) | Time:00:01.02 | Mem:0.00M, Peak:0.00M | Scene, ViewLayer | Synchronizing object | Secondary damper eye pin pin.001
Fra:1 Mem:490.48M (Peak 490.48M) | Time:00:01.02 | Mem:0.00M, Peak:0.00M | Scene, ViewLayer | Synchronizing object | Secondary damper eye pin retaining washer.002
Fra:1 Mem:490.48M (Peak 490.48M) | Time:00:01.02 | Mem:0.00M, Peak:0.00M | Scene, ViewLayer | Synchronizing object | Secondary damper eye pin retaining washer.003
Fra:1 Mem:490.50M (Peak 490.50M) | Time:00:01.02 | Mem:0.00M, Peak:0.00M | Scene, ViewLayer | Synchronizing object | Secondary damper eye pin retaining hex head.003
Fra:1 Mem:490.49M (Peak 490.50M) | Time:00:01.02 | Mem:0.00M, Peak:0.00M | Scene, ViewLayer | Synchronizing object | Damper attachment lug.001
Fra:1 Mem:490.49M (Peak 490.50M) | Time:00:01.02 | Mem:0.00M, Peak:0.00M | Scene, ViewLayer | Synchronizing object | Side bearer bronze wearing piece
Fra:1 Mem:490.51M (Peak 490.51M) | Time:00:01.02 | Mem:0.00M, Peak:0.00M | Scene, ViewLayer | Synchronizing object | Side bearer dust excluding cover
Fra:1 Mem:490.53M (Peak 490.53M) | Time:00:01.02 | Mem:0.00M, Peak:0.00M | Scene, ViewLayer | Synchronizing object | Body bolster side-bearer attachment
Fra:1 Mem:490.53M (Peak 490.53M) | Time:00:01.02 | Mem:0.00M, Peak:0.00M | Scene, ViewLayer | Synchronizing object | Side bearer oil filler pipe
Fra:1 Mem:490.53M (Peak 490.53M) | Time:00:01.02 | Mem:0.00M, Peak:0.00M | Scene, ViewLayer | Synchronizing object | Side bearer oil filler cap
Fra:1 Mem:490.54M (Peak 490.54M) | Time:00:01.02 | Mem:0.00M, Peak:0.00M | Scene, ViewLayer | Synchronizing object | Bolster diagonal anchor link shank
Fra:1 Mem:490.54M (Peak 490.54M) | Time:00:01.02 | Mem:0.00M, Peak:0.00M | Scene, ViewLayer | Synchronizing object | Anchor link silent block outer housing
Fra:1 Mem:490.55M (Peak 490.55M) | Time:00:01.02 | Mem:0.00M, Peak:0.00M | Scene, ViewLayer | Synchronizing object | Anchor link rubber bush
Fra:1 Mem:490.55M (Peak 490.55M) | Time:00:01.02 | Mem:0.00M, Peak:0.00M | Scene, ViewLayer | Synchronizing object | Anchor link pin retaining washer
Fra:1 Mem:490.57M (Peak 490.57M) | Time:00:01.02 | Mem:0.00M, Peak:0.00M | Scene, ViewLayer | Synchronizing object | Anchor link pin retaining hex head
Fra:1 Mem:490.57M (Peak 490.57M) | Time:00:01.02 | Mem:0.00M, Peak:0.00M | Scene, ViewLayer | Synchronizing object | Anchor link pin retaining hex head.001
Fra:1 Mem:490.57M (Peak 490.57M) | Time:00:01.02 | Mem:0.00M, Peak:0.00M | Scene, ViewLayer | Synchronizing object | Anchor link silent block outer housing.001
Fra:1 Mem:490.59M (Peak 490.59M) | Time:00:01.02 | Mem:0.00M, Peak:0.00M | Scene, ViewLayer | Synchronizing object | Anchor link rubber bush.001
Fra:1 Mem:490.59M (Peak 490.59M) | Time:00:01.02 | Mem:0.00M, Peak:0.00M | Scene, ViewLayer | Synchronizing object | Anchor link pin pin.001
Fra:1 Mem:490.60M (Peak 490.60M) | Time:00:01.02 | Mem:0.00M, Peak:0.00M | Scene, ViewLayer | Synchronizing object | Anchor link pin retaining washer.002
Fra:1 Mem:490.60M (Peak 490.60M) | Time:00:01.02 | Mem:0.00M, Peak:0.00M | Scene, ViewLayer | Synchronizing object | Anchor link pin retaining washer.003
Fra:1 Mem:490.61M (Peak 490.61M) | Time:00:01.02 | Mem:0.00M, Peak:0.00M | Scene, ViewLayer | Synchronizing object | Anchor link pin retaining hex head.003
Fra:1 Mem:490.61M (Peak 490.61M) | Time:00:01.02 | Mem:0.00M, Peak:0.00M | Scene, ViewLayer | Synchronizing object | Equalising stay pin eye
Fra:1 Mem:490.62M (Peak 490.62M) | Time:00:01.02 | Mem:0.00M, Peak:0.00M | Scene, ViewLayer | Synchronizing object | Equalising stay pin pin
Fra:1 Mem:490.63M (Peak 490.63M) | Time:00:01.02 | Mem:0.00M, Peak:0.00M | Scene, ViewLayer | Synchronizing object | Equalising stay pin retaining washer
Fra:1 Mem:490.63M (Peak 490.63M) | Time:00:01.02 | Mem:0.00M, Peak:0.00M | Scene, ViewLayer | Synchronizing object | Equalising stay pin retaining hex head
Fra:1 Mem:490.63M (Peak 490.63M) | Time:00:01.02 | Mem:0.00M, Peak:0.00M | Scene, ViewLayer | Synchronizing object | Equalising stay pin retaining washer.001
Fra:1 Mem:490.64M (Peak 490.64M) | Time:00:01.02 | Mem:0.00M, Peak:0.00M | Scene, ViewLayer | Synchronizing object | Equalising stay pin retaining hex head.001
Fra:1 Mem:490.65M (Peak 490.65M) | Time:00:01.02 | Mem:0.00M, Peak:0.00M | Scene, ViewLayer | Synchronizing object | Equalising stay pin eye.001
Fra:1 Mem:490.65M (Peak 490.65M) | Time:00:01.02 | Mem:0.00M, Peak:0.00M | Scene, ViewLayer | Synchronizing object | Equalising stay pin retaining washer.002
Fra:1 Mem:490.66M (Peak 490.66M) | Time:00:01.02 | Mem:0.00M, Peak:0.00M | Scene, ViewLayer | Synchronizing object | Equalising stay pin retaining hex head.002
Fra:1 Mem:490.66M (Peak 490.66M) | Time:00:01.02 | Mem:0.00M, Peak:0.00M | Scene, ViewLayer | Synchronizing object | Equalising stay pin retaining washer.003
Fra:1 Mem:490.67M (Peak 490.67M) | Time:00:01.02 | Mem:0.00M, Peak:0.00M | Scene, ViewLayer | Synchronizing object | Equalising stay pin retaining hex head.003
Fra:1 Mem:490.67M (Peak 490.67M) | Time:00:01.02 | Mem:0.00M, Peak:0.00M | Scene, ViewLayer | Synchronizing object | Lower spring beam end tray.001
Fra:1 Mem:490.69M (Peak 490.69M) | Time:00:01.02 | Mem:0.00M, Peak:0.00M | Scene, ViewLayer | Synchronizing object | Bolster spring bottom rubber pad.002
Fra:1 Mem:490.69M (Peak 490.69M) | Time:00:01.02 | Mem:0.00M, Peak:0.00M | Scene, ViewLayer | Synchronizing object | Secondary 42mm bolster coil.002
Fra:1 Mem:490.79M (Peak 490.79M) | Time:00:01.02 | Mem:0.00M, Peak:0.00M | Scene, ViewLayer | Synchronizing object | Secondary 42mm bolster coil group mark.022
Fra:1 Mem:490.81M (Peak 490.81M) | Time:00:01.02 | Mem:0.00M, Peak:0.00M | Scene, ViewLayer | Synchronizing object | Secondary 42mm bolster coil group mark.023
Fra:1 Mem:490.83M (Peak 490.83M) | Time:00:01.02 | Mem:0.00M, Peak:0.00M | Scene, ViewLayer | Synchronizing object | Secondary 42mm bolster coil group mark.024
Fra:1 Mem:490.86M (Peak 490.86M) | Time:00:01.02 | Mem:0.00M, Peak:0.00M | Scene, ViewLayer | Synchronizing object | Secondary 42mm bolster coil group mark.025
Fra:1 Mem:490.86M (Peak 490.86M) | Time:00:01.02 | Mem:0.00M, Peak:0.00M | Scene, ViewLayer | Synchronizing object | Secondary 42mm bolster coil group mark.026
Fra:1 Mem:490.88M (Peak 490.88M) | Time:00:01.02 | Mem:0.00M, Peak:0.00M | Scene, ViewLayer | Synchronizing object | Secondary 42mm bolster coil group mark.027
Fra:1 Mem:490.88M (Peak 490.88M) | Time:00:01.02 | Mem:0.00M, Peak:0.00M | Scene, ViewLayer | Synchronizing object | Secondary 42mm bolster coil group mark.028
Fra:1 Mem:490.88M (Peak 490.88M) | Time:00:01.02 | Mem:0.00M, Peak:0.00M | Scene, ViewLayer | Synchronizing object | Secondary 42mm bolster coil group mark.029
Fra:1 Mem:490.89M (Peak 490.89M) | Time:00:01.02 | Mem:0.00M, Peak:0.00M | Scene, ViewLayer | Synchronizing object | Secondary 42mm bolster coil group mark.030
Fra:1 Mem:490.91M (Peak 490.91M) | Time:00:01.02 | Mem:0.00M, Peak:0.00M | Scene, ViewLayer | Synchronizing object | Secondary 42mm bolster coil group mark.031
Fra:1 Mem:490.92M (Peak 490.92M) | Time:00:01.02 | Mem:0.00M, Peak:0.00M | Scene, ViewLayer | Synchronizing object | Bolster spring bottom rubber pad.003
Fra:1 Mem:490.95M (Peak 490.95M) | Time:00:01.02 | Mem:0.00M, Peak:0.00M | Scene, ViewLayer | Synchronizing object | Secondary 42mm bolster coil group mark.032
Fra:1 Mem:490.93M (Peak 490.95M) | Time:00:01.02 | Mem:0.00M, Peak:0.00M | Scene, ViewLayer | Synchronizing object | Bolster spring top seating flange.003
Fra:1 Mem:490.93M (Peak 490.95M) | Time:00:01.02 | Mem:0.00M, Peak:0.00M | Scene, ViewLayer | Synchronizing object | Secondary 42mm bolster coil.003
Fra:1 Mem:490.97M (Peak 490.97M) | Time:00:01.02 | Mem:0.00M, Peak:0.00M | Scene, ViewLayer | Synchronizing object | Secondary 42mm bolster coil group mark.033
Fra:1 Mem:490.97M (Peak 490.97M) | Time:00:01.02 | Mem:0.00M, Peak:0.00M | Scene, ViewLayer | Synchronizing object | Secondary 42mm bolster coil group mark.034
Fra:1 Mem:491.02M (Peak 491.02M) | Time:00:01.02 | Mem:0.00M, Peak:0.00M | Scene, ViewLayer | Synchronizing object | Secondary 42mm bolster coil group mark.035
Fra:1 Mem:491.06M (Peak 491.06M) | Time:00:01.02 | Mem:0.00M, Peak:0.00M | Scene, ViewLayer | Synchronizing object | Secondary 42mm bolster coil group mark.036
Fra:1 Mem:491.07M (Peak 491.07M) | Time:00:01.02 | Mem:0.00M, Peak:0.00M | Scene, ViewLayer | Synchronizing object | Secondary 42mm bolster coil group mark.037
Fra:1 Mem:491.08M (Peak 491.08M) | Time:00:01.02 | Mem:0.00M, Peak:0.00M | Scene, ViewLayer | Synchronizing object | Secondary 42mm bolster coil group mark.038
Fra:1 Mem:491.11M (Peak 491.11M) | Time:00:01.02 | Mem:0.00M, Peak:0.00M | Scene, ViewLayer | Synchronizing object | Secondary 42mm bolster coil group mark.039
Fra:1 Mem:491.11M (Peak 491.11M) | Time:00:01.02 | Mem:0.00M, Peak:0.00M | Scene, ViewLayer | Synchronizing object | Secondary 42mm bolster coil group mark.040
Fra:1 Mem:491.12M (Peak 491.12M) | Time:00:01.02 | Mem:0.00M, Peak:0.00M | Scene, ViewLayer | Synchronizing object | Secondary 42mm bolster coil group mark.041
Fra:1 Mem:491.13M (Peak 491.13M) | Time:00:01.02 | Mem:0.00M, Peak:0.00M | Scene, ViewLayer | Synchronizing object | Secondary 42mm bolster coil group mark.042
Fra:1 Mem:491.13M (Peak 491.13M) | Time:00:01.02 | Mem:0.00M, Peak:0.00M | Scene, ViewLayer | Synchronizing object | Secondary 42mm bolster coil group mark.043
Fra:1 Mem:491.13M (Peak 491.13M) | Time:00:01.02 | Mem:0.00M, Peak:0.00M | Scene, ViewLayer | Synchronizing object | BSS swing hanger forged link strap.004
Fra:1 Mem:491.13M (Peak 491.13M) | Time:00:01.02 | Mem:0.00M, Peak:0.00M | Scene, ViewLayer | Synchronizing object | BSS swing hanger forged link eye.008
Fra:1 Mem:491.14M (Peak 491.14M) | Time:00:01.02 | Mem:0.00M, Peak:0.00M | Scene, ViewLayer | Synchronizing object | BSS swing hanger forged link eye.009
Fra:1 Mem:491.16M (Peak 491.16M) | Time:00:01.02 | Mem:0.00M, Peak:0.00M | Scene, ViewLayer | Synchronizing object | BSS swing hanger forged link strap.005
Fra:1 Mem:491.17M (Peak 491.17M) | Time:00:01.02 | Mem:0.00M, Peak:0.00M | Scene, ViewLayer | Synchronizing object | BSS swing hanger forged link eye.010
Fra:1 Mem:491.18M (Peak 491.18M) | Time:00:01.02 | Mem:0.00M, Peak:0.00M | Scene, ViewLayer | Synchronizing object | BSS swing hanger forged link eye.011
Fra:1 Mem:491.20M (Peak 491.20M) | Time:00:01.02 | Mem:0.00M, Peak:0.00M | Scene, ViewLayer | Synchronizing object | BSS upper hanger pin pin.002
Fra:1 Mem:491.19M (Peak 491.20M) | Time:00:01.02 | Mem:0.00M, Peak:0.00M | Scene, ViewLayer | Synchronizing object | BSS upper hanger pin retaining washer.004
Fra:1 Mem:491.21M (Peak 491.21M) | Time:00:01.02 | Mem:0.00M, Peak:0.00M | Scene, ViewLayer | Synchronizing object | BSS upper hanger pin retaining hex head.004
Fra:1 Mem:491.20M (Peak 491.21M) | Time:00:01.02 | Mem:0.00M, Peak:0.00M | Scene, ViewLayer | Synchronizing object | BSS upper hanger pin retaining washer.005
Fra:1 Mem:491.22M (Peak 491.22M) | Time:00:01.02 | Mem:0.00M, Peak:0.00M | Scene, ViewLayer | Synchronizing object | BSS upper hanger pin retaining hex head.005
Fra:1 Mem:491.22M (Peak 491.22M) | Time:00:01.02 | Mem:0.00M, Peak:0.00M | Scene, ViewLayer | Synchronizing object | BSS lower hanger pin pin.002
Fra:1 Mem:491.24M (Peak 491.24M) | Time:00:01.02 | Mem:0.00M, Peak:0.00M | Scene, ViewLayer | Synchronizing object | BSS lower hanger pin retaining washer.004
Fra:1 Mem:491.24M (Peak 491.24M) | Time:00:01.02 | Mem:0.00M, Peak:0.00M | Scene, ViewLayer | Synchronizing object | BSS lower hanger pin retaining washer.005
Fra:1 Mem:491.26M (Peak 491.26M) | Time:00:01.02 | Mem:0.00M, Peak:0.00M | Scene, ViewLayer | Synchronizing object | BSS lower hanger pin retaining hex head.005
Fra:1 Mem:491.26M (Peak 491.26M) | Time:00:01.02 | Mem:0.00M, Peak:0.00M | Scene, ViewLayer | Synchronizing object | Spring plank hanger block.002
Fra:1 Mem:491.26M (Peak 491.26M) | Time:00:01.02 | Mem:0.00M, Peak:0.00M | Scene, ViewLayer | Synchronizing object | BSS swing hanger forged link strap.006
Fra:1 Mem:491.27M (Peak 491.27M) | Time:00:01.02 | Mem:0.00M, Peak:0.00M | Scene, ViewLayer | Synchronizing object | BSS swing hanger forged link eye.012
Fra:1 Mem:491.27M (Peak 491.27M) | Time:00:01.02 | Mem:0.00M, Peak:0.00M | Scene, ViewLayer | Synchronizing object | BSS swing hanger forged link eye.013
Fra:1 Mem:491.28M (Peak 491.28M) | Time:00:01.02 | Mem:0.00M, Peak:0.00M | Scene, ViewLayer | Synchronizing object | BSS swing hanger forged link strap.007
Fra:1 Mem:491.29M (Peak 491.29M) | Time:00:01.02 | Mem:0.00M, Peak:0.00M | Scene, ViewLayer | Synchronizing object | BSS swing hanger forged link eye.014
Fra:1 Mem:491.29M (Peak 491.29M) | Time:00:01.02 | Mem:0.00M, Peak:0.00M | Scene, ViewLayer | Synchronizing object | BSS swing hanger forged link eye.015
Fra:1 Mem:491.30M (Peak 491.30M) | Time:00:01.02 | Mem:0.00M, Peak:0.00M | Scene, ViewLayer | Synchronizing object | BSS upper hanger pin pin.003
Fra:1 Mem:491.30M (Peak 491.30M) | Time:00:01.02 | Mem:0.00M, Peak:0.00M | Scene, ViewLayer | Synchronizing object | BSS upper hanger pin retaining washer.006
Fra:1 Mem:491.30M (Peak 491.30M) | Time:00:01.02 | Mem:0.00M, Peak:0.00M | Scene, ViewLayer | Synchronizing object | BSS upper hanger pin retaining hex head.006
Fra:1 Mem:491.31M (Peak 491.31M) | Time:00:01.02 | Mem:0.00M, Peak:0.00M | Scene, ViewLayer | Synchronizing object | BSS upper hanger pin retaining washer.007
Fra:1 Mem:491.31M (Peak 491.31M) | Time:00:01.02 | Mem:0.00M, Peak:0.00M | Scene, ViewLayer | Synchronizing object | BSS upper hanger pin retaining hex head.007
Fra:1 Mem:491.32M (Peak 491.32M) | Time:00:01.02 | Mem:0.00M, Peak:0.00M | Scene, ViewLayer | Synchronizing object | BSS lower hanger pin pin.003
Fra:1 Mem:491.32M (Peak 491.32M) | Time:00:01.02 | Mem:0.00M, Peak:0.00M | Scene, ViewLayer | Synchronizing object | BSS lower hanger pin retaining washer.006
Fra:1 Mem:491.32M (Peak 491.32M) | Time:00:01.02 | Mem:0.00M, Peak:0.00M | Scene, ViewLayer | Synchronizing object | BSS lower hanger pin retaining hex head.006
Fra:1 Mem:491.33M (Peak 491.33M) | Time:00:01.02 | Mem:0.00M, Peak:0.00M | Scene, ViewLayer | Synchronizing object | BSS lower hanger pin retaining washer.007
Fra:1 Mem:491.33M (Peak 491.33M) | Time:00:01.02 | Mem:0.00M, Peak:0.00M | Scene, ViewLayer | Synchronizing object | BSS hanger block.003
Fra:1 Mem:491.35M (Peak 491.35M) | Time:00:01.02 | Mem:0.00M, Peak:0.00M | Scene, ViewLayer | Synchronizing object | Spring plank hanger block.003
Fra:1 Mem:491.35M (Peak 491.35M) | Time:00:01.02 | Mem:0.00M, Peak:0.00M | Scene, ViewLayer | Synchronizing object | Bolster safety U strap.002
Fra:1 Mem:491.36M (Peak 491.36M) | Time:00:01.02 | Mem:0.00M, Peak:0.00M | Scene, ViewLayer | Synchronizing object | Bolster safety U strap.003
Fra:1 Mem:491.37M (Peak 491.37M) | Time:00:01.02 | Mem:0.00M, Peak:0.00M | Scene, ViewLayer | Synchronizing object | Vertical secondary hydraulic damper body.001
Fra:1 Mem:491.37M (Peak 491.37M) | Time:00:01.02 | Mem:0.00M, Peak:0.00M | Scene, ViewLayer | Synchronizing object | Secondary damper polished piston.001
Fra:1 Mem:491.38M (Peak 491.38M) | Time:00:01.02 | Mem:0.00M, Peak:0.00M | Scene, ViewLayer | Synchronizing object | Secondary damper dust sleeve.001
Fra:1 Mem:491.38M (Peak 491.38M) | Time:00:01.02 | Mem:0.00M, Peak:0.00M | Scene, ViewLayer | Synchronizing object | Damper eye silent rubber.002
Fra:1 Mem:491.38M (Peak 491.38M) | Time:00:01.02 | Mem:0.00M, Peak:0.00M | Scene, ViewLayer | Synchronizing object | Secondary damper eye pin pin.002
Fra:1 Mem:491.40M (Peak 491.40M) | Time:00:01.02 | Mem:0.00M, Peak:0.00M | Scene, ViewLayer | Synchronizing object | Secondary damper eye pin retaining washer.004
Fra:1 Mem:491.40M (Peak 491.40M) | Time:00:01.02 | Mem:0.00M, Peak:0.00M | Scene, ViewLayer | Synchronizing object | Secondary damper eye pin retaining washer.005
Fra:1 Mem:491.41M (Peak 491.41M) | Time:00:01.02 | Mem:0.00M, Peak:0.00M | Scene, ViewLayer | Synchronizing object | Secondary damper eye pin retaining hex head.005
Fra:1 Mem:491.41M (Peak 491.41M) | Time:00:01.02 | Mem:0.00M, Peak:0.00M | Scene, ViewLayer | Synchronizing object | Damper attachment lug.002
Fra:1 Mem:491.41M (Peak 491.41M) | Time:00:01.02 | Mem:0.00M, Peak:0.00M | Scene, ViewLayer | Synchronizing object | Damper eye silent rubber.003
Fra:1 Mem:491.43M (Peak 491.43M) | Time:00:01.02 | Mem:0.00M, Peak:0.00M | Scene, ViewLayer | Synchronizing object | Secondary damper eye pin pin.003
Fra:1 Mem:491.43M (Peak 491.43M) | Time:00:01.02 | Mem:0.00M, Peak:0.00M | Scene, ViewLayer | Synchronizing object | Secondary damper eye pin retaining washer.006
Fra:1 Mem:491.43M (Peak 491.43M) | Time:00:01.02 | Mem:0.00M, Peak:0.00M | Scene, ViewLayer | Synchronizing object | Secondary damper eye pin retaining washer.007
Fra:1 Mem:491.45M (Peak 491.45M) | Time:00:01.02 | Mem:0.00M, Peak:0.00M | Scene, ViewLayer | Synchronizing object | Secondary damper eye pin retaining hex head.007
Fra:1 Mem:491.45M (Peak 491.45M) | Time:00:01.02 | Mem:0.00M, Peak:0.00M | Scene, ViewLayer | Synchronizing object | Damper attachment lug.003
Fra:1 Mem:491.45M (Peak 491.45M) | Time:00:01.02 | Mem:0.00M, Peak:0.00M | Scene, ViewLayer | Synchronizing object | Side bearer bronze wearing piece.001
Fra:1 Mem:491.47M (Peak 491.47M) | Time:00:01.02 | Mem:0.00M, Peak:0.00M | Scene, ViewLayer | Synchronizing object | Side bearer dust excluding cover.001
Fra:1 Mem:491.48M (Peak 491.48M) | Time:00:01.02 | Mem:0.00M, Peak:0.00M | Scene, ViewLayer | Synchronizing object | Body bolster side-bearer attachment.001
Fra:1 Mem:491.48M (Peak 491.48M) | Time:00:01.02 | Mem:0.00M, Peak:0.00M | Scene, ViewLayer | Synchronizing object | Side bearer oil filler pipe.001
Fra:1 Mem:491.49M (Peak 491.49M) | Time:00:01.02 | Mem:0.00M, Peak:0.00M | Scene, ViewLayer | Synchronizing object | Side bearer oil filler cap.001
Fra:1 Mem:491.49M (Peak 491.49M) | Time:00:01.02 | Mem:0.00M, Peak:0.00M | Scene, ViewLayer | Synchronizing object | Bolster diagonal anchor link shank.001
Fra:1 Mem:491.50M (Peak 491.50M) | Time:00:01.02 | Mem:0.00M, Peak:0.00M | Scene, ViewLayer | Synchronizing object | Anchor link silent block outer housing.002
Fra:1 Mem:491.50M (Peak 491.50M) | Time:00:01.02 | Mem:0.00M, Peak:0.00M | Scene, ViewLayer | Synchronizing object | Anchor link pin pin.002
Fra:1 Mem:491.53M (Peak 491.53M) | Time:00:01.02 | Mem:0.00M, Peak:0.00M | Scene, ViewLayer | Synchronizing object | Anchor link pin retaining washer.004
Fra:1 Mem:491.54M (Peak 491.54M) | Time:00:01.02 | Mem:0.00M, Peak:0.00M | Scene, ViewLayer | Synchronizing object | Anchor link pin retaining hex head.004
Fra:1 Mem:491.53M (Peak 491.54M) | Time:00:01.02 | Mem:0.00M, Peak:0.00M | Scene, ViewLayer | Synchronizing object | Anchor link pin retaining washer.005
Fra:1 Mem:491.53M (Peak 491.54M) | Time:00:01.02 | Mem:0.00M, Peak:0.00M | Scene, ViewLayer | Synchronizing object | Anchor link silent block outer housing.003
Fra:1 Mem:491.54M (Peak 491.54M) | Time:00:01.02 | Mem:0.00M, Peak:0.00M | Scene, ViewLayer | Synchronizing object | Anchor link rubber bush.003
Fra:1 Mem:491.54M (Peak 491.54M) | Time:00:01.02 | Mem:0.00M, Peak:0.00M | Scene, ViewLayer | Synchronizing object | Anchor link pin pin.003
Fra:1 Mem:491.55M (Peak 491.55M) | Time:00:01.02 | Mem:0.00M, Peak:0.00M | Scene, ViewLayer | Synchronizing object | Anchor link pin retaining washer.006
Fra:1 Mem:491.56M (Peak 491.56M) | Time:00:01.02 | Mem:0.00M, Peak:0.00M | Scene, ViewLayer | Synchronizing object | Anchor link pin retaining hex head.006
Fra:1 Mem:491.56M (Peak 491.56M) | Time:00:01.02 | Mem:0.00M, Peak:0.00M | Scene, ViewLayer | Synchronizing object | Anchor link pin retaining washer.007
Fra:1 Mem:491.56M (Peak 491.56M) | Time:00:01.02 | Mem:0.00M, Peak:0.00M | Scene, ViewLayer | Synchronizing object | Anchor link pin retaining hex head.007
Fra:1 Mem:491.58M (Peak 491.58M) | Time:00:01.02 | Mem:0.00M, Peak:0.00M | Scene, ViewLayer | Synchronizing object | Equalising stay rod.001
Fra:1 Mem:491.57M (Peak 491.58M) | Time:00:01.02 | Mem:0.00M, Peak:0.00M | Scene, ViewLayer | Synchronizing object | Equalising stay pin eye.002
Fra:1 Mem:491.57M (Peak 491.58M) | Time:00:01.02 | Mem:0.00M, Peak:0.00M | Scene, ViewLayer | Synchronizing object | Equalising stay pin pin.002
Fra:1 Mem:491.58M (Peak 491.58M) | Time:00:01.02 | Mem:0.00M, Peak:0.00M | Scene, ViewLayer | Synchronizing object | Equalising stay pin retaining washer.004
Fra:1 Mem:491.59M (Peak 491.59M) | Time:00:01.02 | Mem:0.00M, Peak:0.00M | Scene, ViewLayer | Synchronizing object | Equalising stay pin retaining hex head.004
Fra:1 Mem:491.59M (Peak 491.59M) | Time:00:01.02 | Mem:0.00M, Peak:0.00M | Scene, ViewLayer | Synchronizing object | Equalising stay pin retaining washer.005
Fra:1 Mem:491.59M (Peak 491.59M) | Time:00:01.02 | Mem:0.00M, Peak:0.00M | Scene, ViewLayer | Synchronizing object | Equalising stay pin retaining hex head.005
Fra:1 Mem:491.60M (Peak 491.60M) | Time:00:01.02 | Mem:0.00M, Peak:0.00M | Scene, ViewLayer | Synchronizing object | Equalising stay pin eye.003
Fra:1 Mem:491.61M (Peak 491.61M) | Time:00:01.02 | Mem:0.00M, Peak:0.00M | Scene, ViewLayer | Synchronizing object | Equalising stay pin pin.003
Fra:1 Mem:491.61M (Peak 491.61M) | Time:00:01.02 | Mem:0.00M, Peak:0.00M | Scene, ViewLayer | Synchronizing object | Equalising stay pin retaining hex head.006
Fra:1 Mem:491.62M (Peak 491.62M) | Time:00:01.02 | Mem:0.00M, Peak:0.00M | Scene, ViewLayer | Synchronizing object | Equalising stay pin retaining washer.007
Fra:1 Mem:491.62M (Peak 491.62M) | Time:00:01.02 | Mem:0.00M, Peak:0.00M | Scene, ViewLayer | Synchronizing object | Lower spring cradle transverse channel
Fra:1 Mem:491.63M (Peak 491.63M) | Time:00:01.02 | Mem:0.00M, Peak:0.00M | Scene, ViewLayer | Synchronizing object | Spring cradle transverse stiffener
Fra:1 Mem:491.64M (Peak 491.64M) | Time:00:01.02 | Mem:0.00M, Peak:0.00M | Scene, ViewLayer | Synchronizing object | Spring cradle transverse stiffener.001
Fra:1 Mem:491.65M (Peak 491.65M) | Time:00:01.02 | Mem:0.00M, Peak:0.00M | Scene, ViewLayer | Synchronizing object | Spring cradle transverse stiffener.002
Fra:1 Mem:491.65M (Peak 491.66M) | Time:00:01.02 | Mem:0.00M, Peak:0.00M | Scene, ViewLayer | Synchronizing object | Lower spring cradle transverse channel.001
Fra:1 Mem:491.66M (Peak 491.66M) | Time:00:01.02 | Mem:0.00M, Peak:0.00M | Scene, ViewLayer | Synchronizing object | Spring cradle transverse stiffener.003
Fra:1 Mem:491.67M (Peak 491.67M) | Time:00:01.02 | Mem:0.00M, Peak:0.00M | Scene, ViewLayer | Synchronizing object | Spring cradle transverse stiffener.004
Fra:1 Mem:491.69M (Peak 491.69M) | Time:00:01.02 | Mem:0.00M, Peak:0.00M | Scene, ViewLayer | Synchronizing object | Spring cradle transverse stiffener.005
Fra:1 Mem:491.69M (Peak 491.69M) | Time:00:01.02 | Mem:0.00M, Peak:0.00M | Scene, ViewLayer | Synchronizing object | Centre pivot silent block housing
Fra:1 Mem:491.70M (Peak 491.70M) | Time:00:01.02 | Mem:0.00M, Peak:0.00M | Scene, ViewLayer | Synchronizing object | Centre pivot rubber silent block
Fra:1 Mem:491.71M (Peak 491.71M) | Time:00:01.02 | Mem:0.00M, Peak:0.00M | Scene, ViewLayer | Synchronizing object | Centre pivot tractive force pin
Fra:1 Mem:491.72M (Peak 491.72M) | Time:00:01.02 | Mem:0.00M, Peak:0.00M | Scene, ViewLayer | Synchronizing object | Centre pivot retaining plate
Fra:1 Mem:491.73M (Peak 491.73M) | Time:00:01.02 | Mem:0.00M, Peak:0.00M | Scene, ViewLayer | Synchronizing object | Centre pivot retaining screw hex head
Fra:1 Mem:491.74M (Peak 491.74M) | Time:00:01.02 | Mem:0.00M, Peak:0.00M | Scene, ViewLayer | Synchronizing object | Centre pivot retaining screw hex head.001
Fra:1 Mem:491.74M (Peak 491.74M) | Time:00:01.02 | Mem:0.00M, Peak:0.00M | Scene, ViewLayer | Synchronizing object | Centre pivot retaining screw hex head.002
Fra:1 Mem:491.74M (Peak 491.74M) | Time:00:01.02 | Mem:0.00M, Peak:0.00M | Scene, ViewLayer | Synchronizing object | Centre pivot retaining screw hex head.003
Fra:1 Mem:491.74M (Peak 491.74M) | Time:00:01.02 | Mem:0.00M, Peak:0.00M | Scene, ViewLayer | Synchronizing object | Turned stepped solid ICF axle
Fra:1 Mem:491.74M (Peak 491.76M) | Time:00:01.02 | Mem:0.00M, Peak:0.00M | Scene, ViewLayer | Synchronizing object | ICF monobloc 915mm dished wheel
Fra:1 Mem:491.84M (Peak 491.84M) | Time:00:01.02 | Mem:0.00M, Peak:0.00M | Scene, ViewLayer | Synchronizing object | Wheel hub machining line
Fra:1 Mem:492.14M (Peak 492.14M) | Time:00:01.02 | Mem:0.00M, Peak:0.00M | Scene, ViewLayer | Synchronizing object | Wheel rim witness line
Fra:1 Mem:492.20M (Peak 492.20M) | Time:00:01.02 | Mem:0.00M, Peak:0.00M | Scene, ViewLayer | Synchronizing object | Wing-type axlebox casting
Fra:1 Mem:492.23M (Peak 492.23M) | Time:00:01.02 | Mem:0.00M, Peak:0.00M | Scene, ViewLayer | Synchronizing object | Axlebox spherical bearing housing
Fra:1 Mem:492.31M (Peak 492.31M) | Time:00:01.02 | Mem:0.00M, Peak:0.00M | Scene, ViewLayer | Synchronizing object | Axlebox circular gasket
Fra:1 Mem:492.35M (Peak 492.35M) | Time:00:01.02 | Mem:0.00M, Peak:0.00M | Scene, ViewLayer | Synchronizing object | Axlebox bolted front cover
Fra:1 Mem:492.36M (Peak 492.36M) | Time:00:01.02 | Mem:0.00M, Peak:0.00M | Scene, ViewLayer | Synchronizing object | Axlebox centre inspection emboss
Fra:1 Mem:492.36M (Peak 492.36M) | Time:00:01.02 | Mem:0.00M, Peak:0.00M | Scene, ViewLayer | Synchronizing object | Axlebox cover M20 hex head
Fra:1 Mem:492.41M (Peak 492.41M) | Time:00:01.02 | Mem:0.00M, Peak:0.00M | Scene, ViewLayer | Synchronizing object | Axlebox cover M20 hex head.001
Fra:1 Mem:492.41M (Peak 492.41M) | Time:00:01.02 | Mem:0.00M, Peak:0.00M | Scene, ViewLayer | Synchronizing object | Axlebox cover M20 hex head.002
Fra:1 Mem:492.41M (Peak 492.41M) | Time:00:01.02 | Mem:0.00M, Peak:0.00M | Scene, ViewLayer | Synchronizing object | Axlebox cover M20 hex head.003
Fra:1 Mem:492.42M (Peak 492.42M) | Time:00:01.02 | Mem:0.00M, Peak:0.00M | Scene, ViewLayer | Synchronizing object | Axlebox cover M20 hex head.004
Fra:1 Mem:492.42M (Peak 492.42M) | Time:00:01.02 | Mem:0.00M, Peak:0.00M | Scene, ViewLayer | Synchronizing object | Axlebox cover M20 hex head.005
Fra:1 Mem:492.42M (Peak 492.42M) | Time:00:01.03 | Mem:0.00M, Peak:0.00M | Scene, ViewLayer | Synchronizing object | Axlebox crown bump rubber
Fra:1 Mem:492.43M (Peak 492.43M) | Time:00:01.03 | Mem:0.00M, Peak:0.00M | Scene, ViewLayer | Synchronizing object | Axlebox crown stop bracket
Fra:1 Mem:492.43M (Peak 492.43M) | Time:00:01.03 | Mem:0.00M, Peak:0.00M | Scene, ViewLayer | Synchronizing object | Crown clearance stop bolt
Fra:1 Mem:492.44M (Peak 492.44M) | Time:00:01.03 | Mem:0.00M, Peak:0.00M | Scene, ViewLayer | Synchronizing object | Primary lower spring seat cup
Fra:1 Mem:492.44M (Peak 492.44M) | Time:00:01.03 | Mem:0.00M, Peak:0.00M | Scene, ViewLayer | Synchronizing object | Primary isolation rubber pad
Fra:1 Mem:492.46M (Peak 492.46M) | Time:00:01.03 | Mem:0.00M, Peak:0.00M | Scene, ViewLayer | Synchronizing object | Primary dashpot oil cylinder
Fra:1 Mem:492.47M (Peak 492.47M) | Time:00:01.03 | Mem:0.00M, Peak:0.00M | Scene, ViewLayer | Synchronizing object | Telescopic axle guide piston sleeve
Fra:1 Mem:492.47M (Peak 492.47M) | Time:00:01.03 | Mem:0.00M, Peak:0.00M | Scene, ViewLayer | Synchronizing object | Dashpot sealing lip
Fra:1 Mem:492.53M (Peak 492.53M) | Time:00:01.03 | Mem:0.00M, Peak:0.00M | Scene, ViewLayer | Synchronizing object | Primary upper spring seat
Fra:1 Mem:492.59M (Peak 492.59M) | Time:00:01.03 | Mem:0.00M, Peak:0.00M | Scene, ViewLayer | Synchronizing object | Primary 33.5mm helical spring
Fra:1 Mem:492.55M (Peak 492.59M) | Time:00:01.03 | Mem:0.00M, Peak:0.00M | Scene, ViewLayer | Synchronizing object | Primary 33.5mm helical spring group mark
Fra:1 Mem:492.58M (Peak 492.59M) | Time:00:01.03 | Mem:0.00M, Peak:0.00M | Scene, ViewLayer | Synchronizing object | Primary 33.5mm helical spring group mark.001
Fra:1 Mem:492.58M (Peak 492.59M) | Time:00:01.03 | Mem:0.00M, Peak:0.00M | Scene, ViewLayer | Synchronizing object | Primary 33.5mm helical spring group mark.002
Fra:1 Mem:492.59M (Peak 492.59M) | Time:00:01.03 | Mem:0.00M, Peak:0.00M | Scene, ViewLayer | Synchronizing object | Primary 33.5mm helical spring group mark.003
Fra:1 Mem:492.59M (Peak 492.59M) | Time:00:01.03 | Mem:0.00M, Peak:0.00M | Scene, ViewLayer | Synchronizing object | Primary 33.5mm helical spring group mark.004
Fra:1 Mem:492.65M (Peak 492.65M) | Time:00:01.03 | Mem:0.00M, Peak:0.00M | Scene, ViewLayer | Synchronizing object | Primary 33.5mm helical spring group mark.005
Fra:1 Mem:492.68M (Peak 492.68M) | Time:00:01.03 | Mem:0.00M, Peak:0.00M | Scene, ViewLayer | Synchronizing object | Primary 33.5mm helical spring group mark.006
Fra:1 Mem:492.68M (Peak 492.68M) | Time:00:01.03 | Mem:0.00M, Peak:0.00M | Scene, ViewLayer | Synchronizing object | Primary 33.5mm helical spring group mark.007
Fra:1 Mem:492.71M (Peak 492.71M) | Time:00:01.03 | Mem:0.00M, Peak:0.00M | Scene, ViewLayer | Synchronizing object | Primary 33.5mm helical spring group mark.008
Fra:1 Mem:492.73M (Peak 492.73M) | Time:00:01.03 | Mem:0.00M, Peak:0.00M | Scene, ViewLayer | Synchronizing object | Primary 33.5mm helical spring group mark.009
Fra:1 Mem:492.74M (Peak 492.74M) | Time:00:01.03 | Mem:0.00M, Peak:0.00M | Scene, ViewLayer | Synchronizing object | Primary 33.5mm helical spring group mark.010
Fra:1 Mem:492.76M (Peak 492.76M) | Time:00:01.03 | Mem:0.00M, Peak:0.00M | Scene, ViewLayer | Synchronizing object | Primary 33.5mm helical spring group mark.011
Fra:1 Mem:492.76M (Peak 492.76M) | Time:00:01.03 | Mem:0.00M, Peak:0.00M | Scene, ViewLayer | Synchronizing object | Primary 33.5mm helical spring group mark.012
Fra:1 Mem:492.77M (Peak 492.77M) | Time:00:01.03 | Mem:0.00M, Peak:0.00M | Scene, ViewLayer | Synchronizing object | Primary 33.5mm helical spring group mark.013
Fra:1 Mem:492.77M (Peak 492.77M) | Time:00:01.03 | Mem:0.00M, Peak:0.00M | Scene, ViewLayer | Synchronizing object | Dashpot oil filling vent screw hex head
Fra:1 Mem:492.77M (Peak 492.77M) | Time:00:01.03 | Mem:0.00M, Peak:0.00M | Scene, ViewLayer | Synchronizing object | Dashpot safety U bolt
Fra:1 Mem:492.79M (Peak 492.79M) | Time:00:01.03 | Mem:0.00M, Peak:0.00M | Scene, ViewLayer | Synchronizing object | Primary lower spring seat cup.001
Fra:1 Mem:492.82M (Peak 492.82M) | Time:00:01.03 | Mem:0.00M, Peak:0.00M | Scene, ViewLayer | Synchronizing object | Primary isolation rubber pad.001
Fra:1 Mem:492.84M (Peak 492.84M) | Time:00:01.03 | Mem:0.00M, Peak:0.00M | Scene, ViewLayer | Synchronizing object | Primary dashpot oil cylinder.001
Fra:1 Mem:492.84M (Peak 492.84M) | Time:00:01.03 | Mem:0.00M, Peak:0.00M | Scene, ViewLayer | Synchronizing object | Telescopic axle guide piston sleeve.001
Fra:1 Mem:492.84M (Peak 492.84M) | Time:00:01.03 | Mem:0.00M, Peak:0.00M | Scene, ViewLayer | Synchronizing object | Primary upper spring seat.001
Fra:1 Mem:492.85M (Peak 492.85M) | Time:00:01.03 | Mem:0.00M, Peak:0.00M | Scene, ViewLayer | Synchronizing object | Primary 33.5mm helical spring.001
Fra:1 Mem:493.01M (Peak 493.01M) | Time:00:01.03 | Mem:0.00M, Peak:0.00M | Scene, ViewLayer | Synchronizing object | Primary 33.5mm helical spring group mark.014
Fra:1 Mem:493.01M (Peak 493.01M) | Time:00:01.03 | Mem:0.00M, Peak:0.00M | Scene, ViewLayer | Synchronizing object | Primary 33.5mm helical spring group mark.015
Fra:1 Mem:493.03M (Peak 493.03M) | Time:00:01.03 | Mem:0.00M, Peak:0.00M | Scene, ViewLayer | Synchronizing object | Primary 33.5mm helical spring group mark.017
Fra:1 Mem:493.07M (Peak 493.07M) | Time:00:01.03 | Mem:0.00M, Peak:0.00M | Scene, ViewLayer | Synchronizing object | Primary 33.5mm helical spring group mark.018
Fra:1 Mem:493.07M (Peak 493.07M) | Time:00:01.03 | Mem:0.00M, Peak:0.00M | Scene, ViewLayer | Synchronizing object | Primary 33.5mm helical spring group mark.019
Fra:1 Mem:493.08M (Peak 493.08M) | Time:00:01.03 | Mem:0.00M, Peak:0.00M | Scene, ViewLayer | Synchronizing object | Primary 33.5mm helical spring group mark.020
Fra:1 Mem:493.07M (Peak 493.08M) | Time:00:01.03 | Mem:0.00M, Peak:0.00M | Scene, ViewLayer | Synchronizing object | Primary 33.5mm helical spring group mark.021
Fra:1 Mem:493.09M (Peak 493.09M) | Time:00:01.03 | Mem:0.00M, Peak:0.00M | Scene, ViewLayer | Synchronizing object | Primary 33.5mm helical spring group mark.022
Fra:1 Mem:493.10M (Peak 493.10M) | Time:00:01.03 | Mem:0.00M, Peak:0.00M | Scene, ViewLayer | Synchronizing object | Primary 33.5mm helical spring group mark.023
Fra:1 Mem:493.10M (Peak 493.10M) | Time:00:01.03 | Mem:0.00M, Peak:0.00M | Scene, ViewLayer | Synchronizing object | Primary 33.5mm helical spring group mark.024
Fra:1 Mem:493.10M (Peak 493.10M) | Time:00:01.03 | Mem:0.00M, Peak:0.00M | Scene, ViewLayer | Synchronizing object | Primary 33.5mm helical spring group mark.025
Fra:1 Mem:493.10M (Peak 493.10M) | Time:00:01.03 | Mem:0.00M, Peak:0.00M | Scene, ViewLayer | Synchronizing object | Primary 33.5mm helical spring group mark.026
Fra:1 Mem:493.11M (Peak 493.11M) | Time:00:01.03 | Mem:0.00M, Peak:0.00M | Scene, ViewLayer | Synchronizing object | Primary 33.5mm helical spring group mark.027
Fra:1 Mem:493.11M (Peak 493.11M) | Time:00:01.03 | Mem:0.00M, Peak:0.00M | Scene, ViewLayer | Synchronizing object | Dashpot oil filling vent screw hex head.001
Fra:1 Mem:493.11M (Peak 493.11M) | Time:00:01.03 | Mem:0.00M, Peak:0.00M | Scene, ViewLayer | Synchronizing object | Dashpot safety U bolt.001
Fra:1 Mem:493.12M (Peak 493.12M) | Time:00:01.03 | Mem:0.00M, Peak:0.00M | Scene, ViewLayer | Synchronizing object | Axlebox wing strengthening rib
Fra:1 Mem:493.12M (Peak 493.12M) | Time:00:01.03 | Mem:0.00M, Peak:0.00M | Scene, ViewLayer | Synchronizing object | Axlebox wing strengthening rib.001
Fra:1 Mem:493.12M (Peak 493.12M) | Time:00:01.03 | Mem:0.00M, Peak:0.00M | Scene, ViewLayer | Synchronizing object | ICF monobloc 915mm dished wheel.001
Fra:1 Mem:493.12M (Peak 493.12M) | Time:00:01.03 | Mem:0.00M, Peak:0.00M | Scene, ViewLayer | Synchronizing object | Wheel hub machining line.001
Fra:1 Mem:493.54M (Peak 493.54M) | Time:00:01.03 | Mem:0.00M, Peak:0.00M | Scene, ViewLayer | Synchronizing object | Wheel rim witness line.001
Fra:1 Mem:493.63M (Peak 493.63M) | Time:00:01.03 | Mem:0.00M, Peak:0.00M | Scene, ViewLayer | Synchronizing object | Wing-type axlebox casting.001
Fra:1 Mem:493.65M (Peak 493.65M) | Time:00:01.03 | Mem:0.00M, Peak:0.00M | Scene, ViewLayer | Synchronizing object | Axlebox spherical bearing housing.001
Fra:1 Mem:493.66M (Peak 493.66M) | Time:00:01.03 | Mem:0.00M, Peak:0.00M | Scene, ViewLayer | Synchronizing object | Axlebox circular gasket.001
Fra:1 Mem:493.68M (Peak 493.68M) | Time:00:01.03 | Mem:0.00M, Peak:0.00M | Scene, ViewLayer | Synchronizing object | Axlebox bolted front cover.001
Fra:1 Mem:493.69M (Peak 493.69M) | Time:00:01.03 | Mem:0.00M, Peak:0.00M | Scene, ViewLayer | Synchronizing object | Axlebox centre inspection emboss.001
Fra:1 Mem:493.75M (Peak 493.75M) | Time:00:01.03 | Mem:0.00M, Peak:0.00M | Scene, ViewLayer | Synchronizing object | Axlebox cover M20 hex head.006
Fra:1 Mem:493.75M (Peak 493.75M) | Time:00:01.03 | Mem:0.00M, Peak:0.00M | Scene, ViewLayer | Synchronizing object | Axlebox cover M20 hex head.007
Fra:1 Mem:493.77M (Peak 493.77M) | Time:00:01.03 | Mem:0.00M, Peak:0.00M | Scene, ViewLayer | Synchronizing object | Axlebox cover M20 hex head.008
Fra:1 Mem:493.77M (Peak 493.77M) | Time:00:01.03 | Mem:0.00M, Peak:0.00M | Scene, ViewLayer | Synchronizing object | Axlebox cover M20 hex head.009
Fra:1 Mem:493.78M (Peak 493.78M) | Time:00:01.03 | Mem:0.00M, Peak:0.00M | Scene, ViewLayer | Synchronizing object | Axlebox cover M20 hex head.010
Fra:1 Mem:493.84M (Peak 493.84M) | Time:00:01.03 | Mem:0.00M, Peak:0.00M | Scene, ViewLayer | Synchronizing object | Axlebox cover M20 hex head.011
Fra:1 Mem:493.83M (Peak 493.84M) | Time:00:01.03 | Mem:0.00M, Peak:0.00M | Scene, ViewLayer | Synchronizing object | Axlebox crown bump rubber.001
Fra:1 Mem:493.79M (Peak 493.84M) | Time:00:01.03 | Mem:0.00M, Peak:0.00M | Scene, ViewLayer | Synchronizing object | Axlebox crown stop bracket.001
Fra:1 Mem:493.80M (Peak 493.84M) | Time:00:01.03 | Mem:0.00M, Peak:0.00M | Scene, ViewLayer | Synchronizing object | Crown clearance stop bolt.001
Fra:1 Mem:493.80M (Peak 493.84M) | Time:00:01.03 | Mem:0.00M, Peak:0.00M | Scene, ViewLayer | Synchronizing object | Primary lower spring seat cup.002
Fra:1 Mem:493.81M (Peak 493.84M) | Time:00:01.03 | Mem:0.00M, Peak:0.00M | Scene, ViewLayer | Synchronizing object | Primary isolation rubber pad.002
Fra:1 Mem:493.81M (Peak 493.84M) | Time:00:01.03 | Mem:0.00M, Peak:0.00M | Scene, ViewLayer | Synchronizing object | Primary dashpot oil cylinder.002
Fra:1 Mem:493.82M (Peak 493.84M) | Time:00:01.03 | Mem:0.00M, Peak:0.00M | Scene, ViewLayer | Synchronizing object | Telescopic axle guide piston sleeve.002
Fra:1 Mem:493.84M (Peak 493.84M) | Time:00:01.03 | Mem:0.00M, Peak:0.00M | Scene, ViewLayer | Synchronizing object | Dashpot sealing lip.002
Fra:1 Mem:493.84M (Peak 493.84M) | Time:00:01.03 | Mem:0.00M, Peak:0.00M | Scene, ViewLayer | Synchronizing object | Primary upper spring seat.002
Fra:1 Mem:493.84M (Peak 493.84M) | Time:00:01.03 | Mem:0.00M, Peak:0.00M | Scene, ViewLayer | Synchronizing object | Primary 33.5mm helical spring.002
Fra:1 Mem:493.90M (Peak 493.90M) | Time:00:01.03 | Mem:0.00M, Peak:0.00M | Scene, ViewLayer | Synchronizing object | Primary 33.5mm helical spring group mark.028
Fra:1 Mem:493.99M (Peak 493.99M) | Time:00:01.03 | Mem:0.00M, Peak:0.00M | Scene, ViewLayer | Synchronizing object | Primary 33.5mm helical spring group mark.029
Fra:1 Mem:493.99M (Peak 493.99M) | Time:00:01.03 | Mem:0.00M, Peak:0.00M | Scene, ViewLayer | Synchronizing object | Primary 33.5mm helical spring group mark.030
Fra:1 Mem:494.03M (Peak 494.03M) | Time:00:01.03 | Mem:0.00M, Peak:0.00M | Scene, ViewLayer | Synchronizing object | Primary 33.5mm helical spring group mark.031
Fra:1 Mem:494.07M (Peak 494.07M) | Time:00:01.03 | Mem:0.00M, Peak:0.00M | Scene, ViewLayer | Synchronizing object | Primary 33.5mm helical spring group mark.032
Fra:1 Mem:494.10M (Peak 494.10M) | Time:00:01.03 | Mem:0.00M, Peak:0.00M | Scene, ViewLayer | Synchronizing object | Primary 33.5mm helical spring group mark.033
Fra:1 Mem:494.10M (Peak 494.10M) | Time:00:01.03 | Mem:0.00M, Peak:0.00M | Scene, ViewLayer | Synchronizing object | Primary 33.5mm helical spring group mark.034
Fra:1 Mem:494.14M (Peak 494.14M) | Time:00:01.03 | Mem:0.00M, Peak:0.00M | Scene, ViewLayer | Synchronizing object | Primary 33.5mm helical spring group mark.035
Fra:1 Mem:494.12M (Peak 494.14M) | Time:00:01.03 | Mem:0.00M, Peak:0.00M | Scene, ViewLayer | Synchronizing object | Primary 33.5mm helical spring group mark.036
Fra:1 Mem:494.14M (Peak 494.14M) | Time:00:01.03 | Mem:0.00M, Peak:0.00M | Scene, ViewLayer | Synchronizing object | Primary 33.5mm helical spring group mark.037
Fra:1 Mem:494.12M (Peak 494.14M) | Time:00:01.03 | Mem:0.00M, Peak:0.00M | Scene, ViewLayer | Synchronizing object | Primary 33.5mm helical spring group mark.038
Fra:1 Mem:494.13M (Peak 494.14M) | Time:00:01.03 | Mem:0.00M, Peak:0.00M | Scene, ViewLayer | Synchronizing object | Primary 33.5mm helical spring group mark.040
Fra:1 Mem:494.14M (Peak 494.14M) | Time:00:01.03 | Mem:0.00M, Peak:0.00M | Scene, ViewLayer | Synchronizing object | Primary 33.5mm helical spring group mark.041
Fra:1 Mem:494.14M (Peak 494.14M) | Time:00:01.03 | Mem:0.00M, Peak:0.00M | Scene, ViewLayer | Synchronizing object | Dashpot safety U bolt.002
Fra:1 Mem:494.15M (Peak 494.15M) | Time:00:01.03 | Mem:0.00M, Peak:0.00M | Scene, ViewLayer | Synchronizing object | Primary lower spring seat cup.003
Fra:1 Mem:494.15M (Peak 494.15M) | Time:00:01.03 | Mem:0.00M, Peak:0.00M | Scene, ViewLayer | Synchronizing object | Primary isolation rubber pad.003
Fra:1 Mem:494.16M (Peak 494.16M) | Time:00:01.03 | Mem:0.00M, Peak:0.00M | Scene, ViewLayer | Synchronizing object | Primary dashpot oil cylinder.003
Fra:1 Mem:494.17M (Peak 494.17M) | Time:00:01.03 | Mem:0.00M, Peak:0.00M | Scene, ViewLayer | Synchronizing object | Telescopic axle guide piston sleeve.003
Fra:1 Mem:494.17M (Peak 494.17M) | Time:00:01.03 | Mem:0.00M, Peak:0.00M | Scene, ViewLayer | Synchronizing object | Dashpot sealing lip.003
Fra:1 Mem:494.21M (Peak 494.21M) | Time:00:01.03 | Mem:0.00M, Peak:0.00M | Scene, ViewLayer | Synchronizing object | Primary upper spring seat.003
Fra:1 Mem:494.22M (Peak 494.22M) | Time:00:01.03 | Mem:0.00M, Peak:0.00M | Scene, ViewLayer | Synchronizing object | Primary 33.5mm helical spring.003
Fra:1 Mem:494.26M (Peak 494.26M) | Time:00:01.03 | Mem:0.00M, Peak:0.00M | Scene, ViewLayer | Synchronizing object | Primary 33.5mm helical spring group mark.042
Fra:1 Mem:494.33M (Peak 494.33M) | Time:00:01.03 | Mem:0.00M, Peak:0.00M | Scene, ViewLayer | Synchronizing object | Primary 33.5mm helical spring group mark.043
Fra:1 Mem:494.33M (Peak 494.33M) | Time:00:01.03 | Mem:0.00M, Peak:0.00M | Scene, ViewLayer | Synchronizing object | Primary 33.5mm helical spring group mark.044
Fra:1 Mem:494.37M (Peak 494.37M) | Time:00:01.03 | Mem:0.00M, Peak:0.00M | Scene, ViewLayer | Synchronizing object | Primary 33.5mm helical spring group mark.045
Fra:1 Mem:494.38M (Peak 494.38M) | Time:00:01.03 | Mem:0.00M, Peak:0.00M | Scene, ViewLayer | Synchronizing object | Primary 33.5mm helical spring group mark.046
Fra:1 Mem:494.41M (Peak 494.41M) | Time:00:01.03 | Mem:0.00M, Peak:0.00M | Scene, ViewLayer | Synchronizing object | Primary 33.5mm helical spring group mark.047
Fra:1 Mem:494.42M (Peak 494.42M) | Time:00:01.03 | Mem:0.00M, Peak:0.00M | Scene, ViewLayer | Synchronizing object | Primary 33.5mm helical spring group mark.048
Fra:1 Mem:494.43M (Peak 494.43M) | Time:00:01.03 | Mem:0.00M, Peak:0.00M | Scene, ViewLayer | Synchronizing object | Primary 33.5mm helical spring group mark.049
Fra:1 Mem:494.43M (Peak 494.43M) | Time:00:01.03 | Mem:0.00M, Peak:0.00M | Scene, ViewLayer | Synchronizing object | Primary 33.5mm helical spring group mark.050
Fra:1 Mem:494.44M (Peak 494.44M) | Time:00:01.03 | Mem:0.00M, Peak:0.00M | Scene, ViewLayer | Synchronizing object | Primary 33.5mm helical spring group mark.051
Fra:1 Mem:494.44M (Peak 494.44M) | Time:00:01.03 | Mem:0.00M, Peak:0.00M | Scene, ViewLayer | Synchronizing object | Primary 33.5mm helical spring group mark.052
Fra:1 Mem:494.44M (Peak 494.44M) | Time:00:01.03 | Mem:0.00M, Peak:0.00M | Scene, ViewLayer | Synchronizing object | Primary 33.5mm helical spring group mark.053
Fra:1 Mem:494.45M (Peak 494.45M) | Time:00:01.03 | Mem:0.00M, Peak:0.00M | Scene, ViewLayer | Synchronizing object | Primary 33.5mm helical spring group mark.054
Fra:1 Mem:494.45M (Peak 494.45M) | Time:00:01.03 | Mem:0.00M, Peak:0.00M | Scene, ViewLayer | Synchronizing object | Primary 33.5mm helical spring group mark.055
Fra:1 Mem:494.45M (Peak 494.45M) | Time:00:01.03 | Mem:0.00M, Peak:0.00M | Scene, ViewLayer | Synchronizing object | Dashpot oil filling vent screw hex head.003
Fra:1 Mem:494.49M (Peak 494.49M) | Time:00:01.03 | Mem:0.00M, Peak:0.00M | Scene, ViewLayer | Synchronizing object | Dashpot safety U bolt.003
Fra:1 Mem:494.51M (Peak 494.51M) | Time:00:01.03 | Mem:0.00M, Peak:0.00M | Scene, ViewLayer | Synchronizing object | Axlebox wing strengthening rib.002
Fra:1 Mem:494.49M (Peak 494.51M) | Time:00:01.03 | Mem:0.00M, Peak:0.00M | Scene, ViewLayer | Synchronizing object | Axlebox wing strengthening rib.003
Fra:1 Mem:494.49M (Peak 494.51M) | Time:00:01.03 | Mem:0.00M, Peak:0.00M | Scene, ViewLayer | Synchronizing object | Turned stepped solid ICF axle.001
Fra:1 Mem:494.49M (Peak 494.51M) | Time:00:01.03 | Mem:0.00M, Peak:0.00M | Scene, ViewLayer | Synchronizing object | ICF monobloc 915mm dished wheel.002
Fra:1 Mem:494.83M (Peak 494.83M) | Time:00:01.03 | Mem:0.00M, Peak:0.00M | Scene, ViewLayer | Synchronizing object | Wheel hub machining line.002
Fra:1 Mem:494.85M (Peak 494.85M) | Time:00:01.03 | Mem:0.00M, Peak:0.00M | Scene, ViewLayer | Synchronizing object | Wheel rim witness line.002
Fra:1 Mem:495.07M (Peak 495.07M) | Time:00:01.03 | Mem:0.00M, Peak:0.00M | Scene, ViewLayer | Synchronizing object | Wing-type axlebox casting.002
Fra:1 Mem:495.13M (Peak 495.13M) | Time:00:01.03 | Mem:0.00M, Peak:0.00M | Scene, ViewLayer | Synchronizing object | Axlebox spherical bearing housing.002
Fra:1 Mem:495.13M (Peak 495.13M) | Time:00:01.03 | Mem:0.00M, Peak:0.00M | Scene, ViewLayer | Synchronizing object | Axlebox circular gasket.002
Fra:1 Mem:495.16M (Peak 495.16M) | Time:00:01.03 | Mem:0.00M, Peak:0.00M | Scene, ViewLayer | Synchronizing object | Axlebox bolted front cover.002
Fra:1 Mem:495.17M (Peak 495.17M) | Time:00:01.03 | Mem:0.00M, Peak:0.00M | Scene, ViewLayer | Synchronizing object | Axlebox centre inspection emboss.002
Fra:1 Mem:495.23M (Peak 495.23M) | Time:00:01.03 | Mem:0.00M, Peak:0.00M | Scene, ViewLayer | Synchronizing object | Axlebox cover M20 hex head.012
Fra:1 Mem:495.19M (Peak 495.23M) | Time:00:01.03 | Mem:0.00M, Peak:0.00M | Scene, ViewLayer | Synchronizing object | Axlebox cover M20 hex head.014
Fra:1 Mem:495.19M (Peak 495.23M) | Time:00:01.03 | Mem:0.00M, Peak:0.00M | Scene, ViewLayer | Synchronizing object | Axlebox cover M20 hex head.015
Fra:1 Mem:495.21M (Peak 495.23M) | Time:00:01.03 | Mem:0.00M, Peak:0.00M | Scene, ViewLayer | Synchronizing object | Axlebox cover M20 hex head.016
Fra:1 Mem:495.20M (Peak 495.23M) | Time:00:01.03 | Mem:0.00M, Peak:0.00M | Scene, ViewLayer | Synchronizing object | Axlebox cover M20 hex head.017
Fra:1 Mem:495.20M (Peak 495.23M) | Time:00:01.03 | Mem:0.00M, Peak:0.00M | Scene, ViewLayer | Synchronizing object | Axlebox crown bump rubber.002
Fra:1 Mem:495.20M (Peak 495.23M) | Time:00:01.03 | Mem:0.00M, Peak:0.00M | Scene, ViewLayer | Synchronizing object | Crown clearance stop bolt.002
Fra:1 Mem:495.21M (Peak 495.23M) | Time:00:01.03 | Mem:0.00M, Peak:0.00M | Scene, ViewLayer | Synchronizing object | Primary lower spring seat cup.004
Fra:1 Mem:495.23M (Peak 495.23M) | Time:00:01.03 | Mem:0.00M, Peak:0.00M | Scene, ViewLayer | Synchronizing object | Primary isolation rubber pad.004
Fra:1 Mem:495.23M (Peak 495.23M) | Time:00:01.03 | Mem:0.00M, Peak:0.00M | Scene, ViewLayer | Synchronizing object | Primary dashpot oil cylinder.004
Fra:1 Mem:495.25M (Peak 495.25M) | Time:00:01.03 | Mem:0.00M, Peak:0.00M | Scene, ViewLayer | Synchronizing object | Dashpot sealing lip.004
Fra:1 Mem:495.25M (Peak 495.25M) | Time:00:01.03 | Mem:0.00M, Peak:0.00M | Scene, ViewLayer | Synchronizing object | Telescopic axle guide piston sleeve.004
Fra:1 Mem:495.28M (Peak 495.28M) | Time:00:01.03 | Mem:0.00M, Peak:0.00M | Scene, ViewLayer | Synchronizing object | Primary upper spring seat.004
Fra:1 Mem:495.29M (Peak 495.29M) | Time:00:01.03 | Mem:0.00M, Peak:0.00M | Scene, ViewLayer | Synchronizing object | Primary 33.5mm helical spring.004
Fra:1 Mem:495.33M (Peak 495.34M) | Time:00:01.03 | Mem:0.00M, Peak:0.00M | Scene, ViewLayer | Synchronizing object | Primary 33.5mm helical spring group mark.056
Fra:1 Mem:495.34M (Peak 495.34M) | Time:00:01.03 | Mem:0.00M, Peak:0.00M | Scene, ViewLayer | Synchronizing object | Primary 33.5mm helical spring group mark.057
Fra:1 Mem:495.43M (Peak 495.43M) | Time:00:01.03 | Mem:0.00M, Peak:0.00M | Scene, ViewLayer | Synchronizing object | Primary 33.5mm helical spring group mark.058
Fra:1 Mem:495.44M (Peak 495.44M) | Time:00:01.03 | Mem:0.00M, Peak:0.00M | Scene, ViewLayer | Synchronizing object | Primary 33.5mm helical spring group mark.059
Fra:1 Mem:495.45M (Peak 495.45M) | Time:00:01.03 | Mem:0.00M, Peak:0.00M | Scene, ViewLayer | Synchronizing object | Primary 33.5mm helical spring group mark.060
Fra:1 Mem:495.45M (Peak 495.45M) | Time:00:01.03 | Mem:0.00M, Peak:0.00M | Scene, ViewLayer | Synchronizing object | Primary 33.5mm helical spring group mark.061
Fra:1 Mem:495.49M (Peak 495.49M) | Time:00:01.03 | Mem:0.00M, Peak:0.00M | Scene, ViewLayer | Synchronizing object | Primary 33.5mm helical spring group mark.062
Fra:1 Mem:495.49M (Peak 495.49M) | Time:00:01.03 | Mem:0.00M, Peak:0.00M | Scene, ViewLayer | Synchronizing object | Primary 33.5mm helical spring group mark.063
Fra:1 Mem:495.50M (Peak 495.50M) | Time:00:01.03 | Mem:0.00M, Peak:0.00M | Scene, ViewLayer | Synchronizing object | Primary 33.5mm helical spring group mark.064
Fra:1 Mem:495.51M (Peak 495.51M) | Time:00:01.03 | Mem:0.00M, Peak:0.00M | Scene, ViewLayer | Synchronizing object | Primary 33.5mm helical spring group mark.065
Fra:1 Mem:495.53M (Peak 495.53M) | Time:00:01.03 | Mem:0.00M, Peak:0.00M | Scene, ViewLayer | Synchronizing object | Primary 33.5mm helical spring group mark.066
Fra:1 Mem:495.54M (Peak 495.54M) | Time:00:01.03 | Mem:0.00M, Peak:0.00M | Scene, ViewLayer | Synchronizing object | Primary 33.5mm helical spring group mark.067
Fra:1 Mem:495.54M (Peak 495.54M) | Time:00:01.03 | Mem:0.00M, Peak:0.00M | Scene, ViewLayer | Synchronizing object | Primary 33.5mm helical spring group mark.068
Fra:1 Mem:495.55M (Peak 495.55M) | Time:00:01.03 | Mem:0.00M, Peak:0.00M | Scene, ViewLayer | Synchronizing object | Primary 33.5mm helical spring group mark.069
Fra:1 Mem:495.58M (Peak 495.58M) | Time:00:01.03 | Mem:0.00M, Peak:0.00M | Scene, ViewLayer | Synchronizing object | Dashpot oil filling vent screw hex head.004
Fra:1 Mem:495.58M (Peak 495.58M) | Time:00:01.03 | Mem:0.00M, Peak:0.00M | Scene, ViewLayer | Synchronizing object | Dashpot safety U bolt.004
Fra:1 Mem:495.58M (Peak 495.58M) | Time:00:01.03 | Mem:0.00M, Peak:0.00M | Scene, ViewLayer | Synchronizing object | Primary lower spring seat cup.005
Fra:1 Mem:495.57M (Peak 495.58M) | Time:00:01.03 | Mem:0.00M, Peak:0.00M | Scene, ViewLayer | Synchronizing object | Primary isolation rubber pad.005
Fra:1 Mem:495.57M (Peak 495.58M) | Time:00:01.03 | Mem:0.00M, Peak:0.00M | Scene, ViewLayer | Synchronizing object | Primary dashpot oil cylinder.005
Fra:1 Mem:495.59M (Peak 495.59M) | Time:00:01.03 | Mem:0.00M, Peak:0.00M | Scene, ViewLayer | Synchronizing object | Telescopic axle guide piston sleeve.005
Fra:1 Mem:495.59M (Peak 495.59M) | Time:00:01.03 | Mem:0.00M, Peak:0.00M | Scene, ViewLayer | Synchronizing object | Dashpot sealing lip.005
Fra:1 Mem:495.60M (Peak 495.60M) | Time:00:01.03 | Mem:0.00M, Peak:0.00M | Scene, ViewLayer | Synchronizing object | Primary upper spring seat.005
Fra:1 Mem:495.64M (Peak 495.64M) | Time:00:01.03 | Mem:0.00M, Peak:0.00M | Scene, ViewLayer | Synchronizing object | Primary 33.5mm helical spring.005
Fra:1 Mem:495.68M (Peak 495.68M) | Time:00:01.03 | Mem:0.00M, Peak:0.00M | Scene, ViewLayer | Synchronizing object | Primary 33.5mm helical spring group mark.070
Fra:1 Mem:495.70M (Peak 495.70M) | Time:00:01.03 | Mem:0.00M, Peak:0.00M | Scene, ViewLayer | Synchronizing object | Primary 33.5mm helical spring group mark.071
Fra:1 Mem:495.77M (Peak 495.77M) | Time:00:01.03 | Mem:0.00M, Peak:0.00M | Scene, ViewLayer | Synchronizing object | Primary 33.5mm helical spring group mark.072
Fra:1 Mem:495.77M (Peak 495.77M) | Time:00:01.03 | Mem:0.00M, Peak:0.00M | Scene, ViewLayer | Synchronizing object | Primary 33.5mm helical spring group mark.073
Fra:1 Mem:495.79M (Peak 495.79M) | Time:00:01.03 | Mem:0.00M, Peak:0.00M | Scene, ViewLayer | Synchronizing object | Primary 33.5mm helical spring group mark.074
Fra:1 Mem:495.80M (Peak 495.80M) | Time:00:01.03 | Mem:0.00M, Peak:0.00M | Scene, ViewLayer | Synchronizing object | Primary 33.5mm helical spring group mark.075
Fra:1 Mem:495.80M (Peak 495.80M) | Time:00:01.03 | Mem:0.00M, Peak:0.00M | Scene, ViewLayer | Synchronizing object | Primary 33.5mm helical spring group mark.076
Fra:1 Mem:495.80M (Peak 495.80M) | Time:00:01.03 | Mem:0.00M, Peak:0.00M | Scene, ViewLayer | Synchronizing object | Primary 33.5mm helical spring group mark.077
Fra:1 Mem:495.84M (Peak 495.84M) | Time:00:01.03 | Mem:0.00M, Peak:0.00M | Scene, ViewLayer | Synchronizing object | Primary 33.5mm helical spring group mark.078
Fra:1 Mem:495.84M (Peak 495.84M) | Time:00:01.03 | Mem:0.00M, Peak:0.00M | Scene, ViewLayer | Synchronizing object | Primary 33.5mm helical spring group mark.079
Fra:1 Mem:495.85M (Peak 495.85M) | Time:00:01.03 | Mem:0.00M, Peak:0.00M | Scene, ViewLayer | Synchronizing object | Primary 33.5mm helical spring group mark.080
Fra:1 Mem:495.85M (Peak 495.85M) | Time:00:01.03 | Mem:0.00M, Peak:0.00M | Scene, ViewLayer | Synchronizing object | Primary 33.5mm helical spring group mark.081
Fra:1 Mem:495.87M (Peak 495.87M) | Time:00:01.03 | Mem:0.00M, Peak:0.00M | Scene, ViewLayer | Synchronizing object | Primary 33.5mm helical spring group mark.082
Fra:1 Mem:495.87M (Peak 495.87M) | Time:00:01.03 | Mem:0.00M, Peak:0.00M | Scene, ViewLayer | Synchronizing object | Primary 33.5mm helical spring group mark.083
Fra:1 Mem:495.87M (Peak 495.87M) | Time:00:01.03 | Mem:0.00M, Peak:0.00M | Scene, ViewLayer | Synchronizing object | Dashpot oil filling vent screw hex head.005
Fra:1 Mem:495.87M (Peak 495.87M) | Time:00:01.03 | Mem:0.00M, Peak:0.00M | Scene, ViewLayer | Synchronizing object | Dashpot safety U bolt.005
Fra:1 Mem:495.88M (Peak 495.88M) | Time:00:01.03 | Mem:0.00M, Peak:0.00M | Scene, ViewLayer | Synchronizing object | Axlebox wing strengthening rib.004
Fra:1 Mem:495.90M (Peak 495.90M) | Time:00:01.03 | Mem:0.00M, Peak:0.00M | Scene, ViewLayer | Synchronizing object | Axlebox wing strengthening rib.005
Fra:1 Mem:495.91M (Peak 495.91M) | Time:00:01.03 | Mem:0.00M, Peak:0.00M | Scene, ViewLayer | Synchronizing object | ICF monobloc 915mm dished wheel.003
Fra:1 Mem:495.93M (Peak 495.93M) | Time:00:01.03 | Mem:0.00M, Peak:0.00M | Scene, ViewLayer | Synchronizing object | Wheel hub machining line.003
Fra:1 Mem:496.01M (Peak 496.01M) | Time:00:01.03 | Mem:0.00M, Peak:0.00M | Scene, ViewLayer | Synchronizing object | Wheel rim witness line.003
Fra:1 Mem:496.33M (Peak 496.33M) | Time:00:01.03 | Mem:0.00M, Peak:0.00M | Scene, ViewLayer | Synchronizing object | Wing-type axlebox casting.003
Fra:1 Mem:496.34M (Peak 496.34M) | Time:00:01.03 | Mem:0.00M, Peak:0.00M | Scene, ViewLayer | Synchronizing object | Axlebox spherical bearing housing.003
Fra:1 Mem:496.34M (Peak 496.34M) | Time:00:01.03 | Mem:0.00M, Peak:0.00M | Scene, ViewLayer | Synchronizing object | Axlebox circular gasket.003
Fra:1 Mem:496.42M (Peak 496.42M) | Time:00:01.03 | Mem:0.00M, Peak:0.00M | Scene, ViewLayer | Synchronizing object | Axlebox bolted front cover.003
Fra:1 Mem:496.43M (Peak 496.43M) | Time:00:01.03 | Mem:0.00M, Peak:0.00M | Scene, ViewLayer | Synchronizing object | Axlebox centre inspection emboss.003
Fra:1 Mem:496.43M (Peak 496.43M) | Time:00:01.03 | Mem:0.00M, Peak:0.00M | Scene, ViewLayer | Synchronizing object | Axlebox cover M20 hex head.018
Fra:1 Mem:496.46M (Peak 496.46M) | Time:00:01.03 | Mem:0.00M, Peak:0.00M | Scene, ViewLayer | Synchronizing object | Axlebox cover M20 hex head.019
Fra:1 Mem:496.47M (Peak 496.47M) | Time:00:01.03 | Mem:0.00M, Peak:0.00M | Scene, ViewLayer | Synchronizing object | Axlebox cover M20 hex head.020
Fra:1 Mem:496.47M (Peak 496.47M) | Time:00:01.03 | Mem:0.00M, Peak:0.00M | Scene, ViewLayer | Synchronizing object | Axlebox cover M20 hex head.021
Fra:1 Mem:496.47M (Peak 496.47M) | Time:00:01.03 | Mem:0.00M, Peak:0.00M | Scene, ViewLayer | Synchronizing object | Axlebox cover M20 hex head.022
Fra:1 Mem:496.52M (Peak 496.52M) | Time:00:01.03 | Mem:0.00M, Peak:0.00M | Scene, ViewLayer | Synchronizing object | Axlebox cover M20 hex head.023
Fra:1 Mem:496.52M (Peak 496.52M) | Time:00:01.03 | Mem:0.00M, Peak:0.00M | Scene, ViewLayer | Synchronizing object | Axlebox crown bump rubber.003
Fra:1 Mem:496.53M (Peak 496.53M) | Time:00:01.03 | Mem:0.00M, Peak:0.00M | Scene, ViewLayer | Synchronizing object | Axlebox crown stop bracket.003
Fra:1 Mem:496.53M (Peak 496.53M) | Time:00:01.03 | Mem:0.00M, Peak:0.00M | Scene, ViewLayer | Synchronizing object | Crown clearance stop bolt.003
Fra:1 Mem:496.56M (Peak 496.56M) | Time:00:01.03 | Mem:0.00M, Peak:0.00M | Scene, ViewLayer | Synchronizing object | Primary lower spring seat cup.006
Fra:1 Mem:496.56M (Peak 496.56M) | Time:00:01.03 | Mem:0.00M, Peak:0.00M | Scene, ViewLayer | Synchronizing object | Primary isolation rubber pad.006
Fra:1 Mem:496.63M (Peak 496.63M) | Time:00:01.03 | Mem:0.00M, Peak:0.00M | Scene, ViewLayer | Synchronizing object | Primary dashpot oil cylinder.006
Fra:1 Mem:496.63M (Peak 496.63M) | Time:00:01.03 | Mem:0.00M, Peak:0.00M | Scene, ViewLayer | Synchronizing object | Telescopic axle guide piston sleeve.006
Fra:1 Mem:496.59M (Peak 496.63M) | Time:00:01.03 | Mem:0.00M, Peak:0.00M | Scene, ViewLayer | Synchronizing object | Primary upper spring seat.006
Fra:1 Mem:496.62M (Peak 496.63M) | Time:00:01.03 | Mem:0.00M, Peak:0.00M | Scene, ViewLayer | Synchronizing object | Primary 33.5mm helical spring.006
Fra:1 Mem:496.66M (Peak 496.66M) | Time:00:01.03 | Mem:0.00M, Peak:0.00M | Scene, ViewLayer | Synchronizing object | Primary 33.5mm helical spring group mark.084
Fra:1 Mem:496.67M (Peak 496.67M) | Time:00:01.03 | Mem:0.00M, Peak:0.00M | Scene, ViewLayer | Synchronizing object | Primary 33.5mm helical spring group mark.085
Fra:1 Mem:496.74M (Peak 496.74M) | Time:00:01.03 | Mem:0.00M, Peak:0.00M | Scene, ViewLayer | Synchronizing object | Primary 33.5mm helical spring group mark.086
Fra:1 Mem:496.77M (Peak 496.77M) | Time:00:01.03 | Mem:0.00M, Peak:0.00M | Scene, ViewLayer | Synchronizing object | Primary 33.5mm helical spring group mark.087
Fra:1 Mem:496.79M (Peak 496.79M) | Time:00:01.03 | Mem:0.00M, Peak:0.00M | Scene, ViewLayer | Synchronizing object | Primary 33.5mm helical spring group mark.088
Fra:1 Mem:496.80M (Peak 496.80M) | Time:00:01.03 | Mem:0.00M, Peak:0.00M | Scene, ViewLayer | Synchronizing object | Primary 33.5mm helical spring group mark.089
Fra:1 Mem:496.83M (Peak 496.83M) | Time:00:01.03 | Mem:0.00M, Peak:0.00M | Scene, ViewLayer | Synchronizing object | Primary 33.5mm helical spring group mark.090
Fra:1 Mem:496.83M (Peak 496.83M) | Time:00:01.03 | Mem:0.00M, Peak:0.00M | Scene, ViewLayer | Synchronizing object | Primary 33.5mm helical spring group mark.091
Fra:1 Mem:496.83M (Peak 496.83M) | Time:00:01.03 | Mem:0.00M, Peak:0.00M | Scene, ViewLayer | Synchronizing object | Primary 33.5mm helical spring group mark.092
Fra:1 Mem:496.85M (Peak 496.85M) | Time:00:01.03 | Mem:0.00M, Peak:0.00M | Scene, ViewLayer | Synchronizing object | Primary 33.5mm helical spring group mark.093
Fra:1 Mem:496.85M (Peak 496.85M) | Time:00:01.03 | Mem:0.00M, Peak:0.00M | Scene, ViewLayer | Synchronizing object | Primary 33.5mm helical spring group mark.094
Fra:1 Mem:496.86M (Peak 496.86M) | Time:00:01.03 | Mem:0.00M, Peak:0.00M | Scene, ViewLayer | Synchronizing object | Primary 33.5mm helical spring group mark.095
Fra:1 Mem:496.86M (Peak 496.86M) | Time:00:01.03 | Mem:0.00M, Peak:0.00M | Scene, ViewLayer | Synchronizing object | Primary 33.5mm helical spring group mark.096
Fra:1 Mem:496.86M (Peak 496.86M) | Time:00:01.03 | Mem:0.00M, Peak:0.00M | Scene, ViewLayer | Synchronizing object | Primary 33.5mm helical spring group mark.097
Fra:1 Mem:496.86M (Peak 496.86M) | Time:00:01.03 | Mem:0.00M, Peak:0.00M | Scene, ViewLayer | Synchronizing object | Dashpot oil filling vent screw hex head.006
Fra:1 Mem:496.89M (Peak 496.89M) | Time:00:01.03 | Mem:0.00M, Peak:0.00M | Scene, ViewLayer | Synchronizing object | Dashpot safety U bolt.006
Fra:1 Mem:496.89M (Peak 496.89M) | Time:00:01.03 | Mem:0.00M, Peak:0.00M | Scene, ViewLayer | Synchronizing object | Primary lower spring seat cup.007
Fra:1 Mem:496.92M (Peak 496.92M) | Time:00:01.03 | Mem:0.00M, Peak:0.00M | Scene, ViewLayer | Synchronizing object | Primary isolation rubber pad.007
Fra:1 Mem:496.94M (Peak 496.94M) | Time:00:01.03 | Mem:0.00M, Peak:0.00M | Scene, ViewLayer | Synchronizing object | Primary dashpot oil cylinder.007
Fra:1 Mem:496.92M (Peak 496.94M) | Time:00:01.03 | Mem:0.00M, Peak:0.00M | Scene, ViewLayer | Synchronizing object | Dashpot sealing lip.007
Fra:1 Mem:496.97M (Peak 496.97M) | Time:00:01.03 | Mem:0.00M, Peak:0.00M | Scene, ViewLayer | Synchronizing object | Primary upper spring seat.007
Fra:1 Mem:496.98M (Peak 496.98M) | Time:00:01.03 | Mem:0.00M, Peak:0.00M | Scene, ViewLayer | Synchronizing object | Primary 33.5mm helical spring.007
Fra:1 Mem:496.99M (Peak 496.99M) | Time:00:01.03 | Mem:0.00M, Peak:0.00M | Scene, ViewLayer | Synchronizing object | Primary 33.5mm helical spring group mark.098
Fra:1 Mem:497.04M (Peak 497.04M) | Time:00:01.03 | Mem:0.00M, Peak:0.00M | Scene, ViewLayer | Synchronizing object | Primary 33.5mm helical spring group mark.099
Fra:1 Mem:497.02M (Peak 497.04M) | Time:00:01.03 | Mem:0.00M, Peak:0.00M | Scene, ViewLayer | Synchronizing object | Primary 33.5mm helical spring group mark.100
Fra:1 Mem:497.09M (Peak 497.09M) | Time:00:01.03 | Mem:0.00M, Peak:0.00M | Scene, ViewLayer | Synchronizing object | Primary 33.5mm helical spring group mark.101
Fra:1 Mem:497.12M (Peak 497.12M) | Time:00:01.03 | Mem:0.00M, Peak:0.00M | Scene, ViewLayer | Synchronizing object | Primary 33.5mm helical spring group mark.102
Fra:1 Mem:497.12M (Peak 497.12M) | Time:00:01.03 | Mem:0.00M, Peak:0.00M | Scene, ViewLayer | Synchronizing object | Primary 33.5mm helical spring group mark.103
Fra:1 Mem:497.14M (Peak 497.14M) | Time:00:01.03 | Mem:0.00M, Peak:0.00M | Scene, ViewLayer | Synchronizing object | Primary 33.5mm helical spring group mark.104
Fra:1 Mem:497.14M (Peak 497.14M) | Time:00:01.03 | Mem:0.00M, Peak:0.00M | Scene, ViewLayer | Synchronizing object | Primary 33.5mm helical spring group mark.105
Fra:1 Mem:497.15M (Peak 497.15M) | Time:00:01.03 | Mem:0.00M, Peak:0.00M | Scene, ViewLayer | Synchronizing object | Primary 33.5mm helical spring group mark.106
Fra:1 Mem:497.15M (Peak 497.15M) | Time:00:01.03 | Mem:0.00M, Peak:0.00M | Scene, ViewLayer | Synchronizing object | Primary 33.5mm helical spring group mark.107
Fra:1 Mem:497.15M (Peak 497.15M) | Time:00:01.03 | Mem:0.00M, Peak:0.00M | Scene, ViewLayer | Synchronizing object | Primary 33.5mm helical spring group mark.108
Fra:1 Mem:497.16M (Peak 497.16M) | Time:00:01.03 | Mem:0.00M, Peak:0.00M | Scene, ViewLayer | Synchronizing object | Primary 33.5mm helical spring group mark.109
Fra:1 Mem:497.19M (Peak 497.19M) | Time:00:01.03 | Mem:0.00M, Peak:0.00M | Scene, ViewLayer | Synchronizing object | Primary 33.5mm helical spring group mark.110
Fra:1 Mem:497.20M (Peak 497.20M) | Time:00:01.03 | Mem:0.00M, Peak:0.00M | Scene, ViewLayer | Synchronizing object | Primary 33.5mm helical spring group mark.111
Fra:1 Mem:497.19M (Peak 497.20M) | Time:00:01.03 | Mem:0.00M, Peak:0.00M | Scene, ViewLayer | Synchronizing object | Dashpot oil filling vent screw hex head.007
Fra:1 Mem:497.21M (Peak 497.21M) | Time:00:01.03 | Mem:0.00M, Peak:0.00M | Scene, ViewLayer | Synchronizing object | Dashpot safety U bolt.007
Fra:1 Mem:497.22M (Peak 497.22M) | Time:00:01.03 | Mem:0.00M, Peak:0.00M | Scene, ViewLayer | Synchronizing object | Axlebox wing strengthening rib.006
Fra:1 Mem:497.22M (Peak 497.22M) | Time:00:01.03 | Mem:0.00M, Peak:0.00M | Scene, ViewLayer | Synchronizing object | Brake transverse channel beam
Fra:1 Mem:497.22M (Peak 497.22M) | Time:00:01.03 | Mem:0.00M, Peak:0.00M | Scene, ViewLayer | Synchronizing object | Brake beam tension truss
Fra:1 Mem:497.25M (Peak 497.25M) | Time:00:01.03 | Mem:0.00M, Peak:0.00M | Scene, ViewLayer | Synchronizing object | Brake beam tension truss.001
Fra:1 Mem:497.25M (Peak 497.25M) | Time:00:01.03 | Mem:0.00M, Peak:0.00M | Scene, ViewLayer | Synchronizing object | Curved K-type composition tread brake block
Fra:1 Mem:497.27M (Peak 497.27M) | Time:00:01.03 | Mem:0.00M, Peak:0.00M | Scene, ViewLayer | Synchronizing object | Brake head cast backplate
Fra:1 Mem:497.30M (Peak 497.30M) | Time:00:01.03 | Mem:0.00M, Peak:0.00M | Scene, ViewLayer | Synchronizing object | Brake head shoe retaining pin pin
Fra:1 Mem:497.31M (Peak 497.31M) | Time:00:01.03 | Mem:0.00M, Peak:0.00M | Scene, ViewLayer | Synchronizing object | Brake head shoe retaining pin retaining washer
Fra:1 Mem:497.31M (Peak 497.31M) | Time:00:01.03 | Mem:0.00M, Peak:0.00M | Scene, ViewLayer | Synchronizing object | Brake head shoe retaining pin retaining hex head
Fra:1 Mem:497.30M (Peak 497.31M) | Time:00:01.03 | Mem:0.00M, Peak:0.00M | Scene, ViewLayer | Synchronizing object | Brake head shoe retaining pin retaining washer.001
Fra:1 Mem:497.30M (Peak 497.31M) | Time:00:01.03 | Mem:0.00M, Peak:0.00M | Scene, ViewLayer | Synchronizing object | Brake head shoe retaining pin retaining hex head.001
Fra:1 Mem:497.30M (Peak 497.31M) | Time:00:01.03 | Mem:0.00M, Peak:0.00M | Scene, ViewLayer | Synchronizing object | Brake block suspension hanger eye
Fra:1 Mem:497.31M (Peak 497.31M) | Time:00:01.03 | Mem:0.00M, Peak:0.00M | Scene, ViewLayer | Synchronizing object | Brake block suspension hanger eye.001
Fra:1 Mem:497.31M (Peak 497.31M) | Time:00:01.03 | Mem:0.00M, Peak:0.00M | Scene, ViewLayer | Synchronizing object | Brake hanger upper pivot retaining washer
Fra:1 Mem:497.33M (Peak 497.33M) | Time:00:01.03 | Mem:0.00M, Peak:0.00M | Scene, ViewLayer | Synchronizing object | Brake hanger upper pivot retaining hex head
Fra:1 Mem:497.33M (Peak 497.33M) | Time:00:01.03 | Mem:0.00M, Peak:0.00M | Scene, ViewLayer | Synchronizing object | Brake hanger upper pivot retaining hex head.001
Fra:1 Mem:497.33M (Peak 497.33M) | Time:00:01.03 | Mem:0.00M, Peak:0.00M | Scene, ViewLayer | Synchronizing object | Brake beam safety wire rope
Fra:1 Mem:497.34M (Peak 497.34M) | Time:00:01.03 | Mem:0.00M, Peak:0.00M | Scene, ViewLayer | Synchronizing object | Curved K-type composition tread brake block.001
Fra:1 Mem:497.34M (Peak 497.34M) | Time:00:01.03 | Mem:0.00M, Peak:0.00M | Scene, ViewLayer | Synchronizing object | Brake head shoe retaining pin pin.001
Fra:1 Mem:497.35M (Peak 497.35M) | Time:00:01.03 | Mem:0.00M, Peak:0.00M | Scene, ViewLayer | Synchronizing object | Brake head shoe retaining pin retaining washer.002
Fra:1 Mem:497.37M (Peak 497.37M) | Time:00:01.03 | Mem:0.00M, Peak:0.00M | Scene, ViewLayer | Synchronizing object | Brake head shoe retaining pin retaining hex head.002
Fra:1 Mem:497.37M (Peak 497.37M) | Time:00:01.03 | Mem:0.00M, Peak:0.00M | Scene, ViewLayer | Synchronizing object | Brake head shoe retaining pin retaining washer.003
Fra:1 Mem:497.37M (Peak 497.37M) | Time:00:01.03 | Mem:0.00M, Peak:0.00M | Scene, ViewLayer | Synchronizing object | Brake block suspension hanger strap.001
Fra:1 Mem:497.38M (Peak 497.38M) | Time:00:01.03 | Mem:0.00M, Peak:0.00M | Scene, ViewLayer | Synchronizing object | Brake block suspension hanger eye.002
Fra:1 Mem:497.38M (Peak 497.38M) | Time:00:01.03 | Mem:0.00M, Peak:0.00M | Scene, ViewLayer | Synchronizing object | Brake block suspension hanger eye.003
Fra:1 Mem:497.38M (Peak 497.38M) | Time:00:01.03 | Mem:0.00M, Peak:0.00M | Scene, ViewLayer | Synchronizing object | Brake hanger upper pivot pin.001
Fra:1 Mem:497.39M (Peak 497.39M) | Time:00:01.03 | Mem:0.00M, Peak:0.00M | Scene, ViewLayer | Synchronizing object | Brake hanger upper pivot retaining washer.002
Fra:1 Mem:497.39M (Peak 497.39M) | Time:00:01.03 | Mem:0.00M, Peak:0.00M | Scene, ViewLayer | Synchronizing object | Brake hanger upper pivot retaining hex head.002
Fra:1 Mem:497.40M (Peak 497.40M) | Time:00:01.03 | Mem:0.00M, Peak:0.00M | Scene, ViewLayer | Synchronizing object | Brake hanger upper pivot retaining washer.003
Fra:1 Mem:497.41M (Peak 497.41M) | Time:00:01.03 | Mem:0.00M, Peak:0.00M | Scene, ViewLayer | Synchronizing object | Brake hanger upper pivot retaining hex head.003
Fra:1 Mem:497.41M (Peak 497.41M) | Time:00:01.03 | Mem:0.00M, Peak:0.00M | Scene, ViewLayer | Synchronizing object | Brake beam safety wire rope.001
Fra:1 Mem:497.41M (Peak 497.41M) | Time:00:01.03 | Mem:0.00M, Peak:0.00M | Scene, ViewLayer | Synchronizing object | Brake beam tension truss.002
Fra:1 Mem:497.42M (Peak 497.42M) | Time:00:01.03 | Mem:0.00M, Peak:0.00M | Scene, ViewLayer | Synchronizing object | Brake beam tension truss.003
Fra:1 Mem:497.43M (Peak 497.43M) | Time:00:01.03 | Mem:0.00M, Peak:0.00M | Scene, ViewLayer | Synchronizing object | Curved K-type composition tread brake block.002
Fra:1 Mem:497.43M (Peak 497.43M) | Time:00:01.03 | Mem:0.00M, Peak:0.00M | Scene, ViewLayer | Synchronizing object | Brake head cast backplate.002
Fra:1 Mem:497.44M (Peak 497.44M) | Time:00:01.03 | Mem:0.00M, Peak:0.00M | Scene, ViewLayer | Synchronizing object | Brake head shoe retaining pin pin.002
Fra:1 Mem:497.45M (Peak 497.45M) | Time:00:01.03 | Mem:0.00M, Peak:0.00M | Scene, ViewLayer | Synchronizing object | Brake head shoe retaining pin retaining washer.004
Fra:1 Mem:497.45M (Peak 497.45M) | Time:00:01.03 | Mem:0.00M, Peak:0.00M | Scene, ViewLayer | Synchronizing object | Brake head shoe retaining pin retaining hex head.004
Fra:1 Mem:497.46M (Peak 497.46M) | Time:00:01.03 | Mem:0.00M, Peak:0.00M | Scene, ViewLayer | Synchronizing object | Brake head shoe retaining pin retaining washer.005
Fra:1 Mem:497.46M (Peak 497.46M) | Time:00:01.03 | Mem:0.00M, Peak:0.00M | Scene, ViewLayer | Synchronizing object | Brake head shoe retaining pin retaining hex head.005
Fra:1 Mem:497.47M (Peak 497.47M) | Time:00:01.03 | Mem:0.00M, Peak:0.00M | Scene, ViewLayer | Synchronizing object | Brake block suspension hanger strap.002
Fra:1 Mem:497.47M (Peak 497.47M) | Time:00:01.03 | Mem:0.00M, Peak:0.00M | Scene, ViewLayer | Synchronizing object | Brake block suspension hanger eye.005
Fra:1 Mem:497.48M (Peak 497.48M) | Time:00:01.03 | Mem:0.00M, Peak:0.00M | Scene, ViewLayer | Synchronizing object | Brake hanger upper pivot pin.002
Fra:1 Mem:497.48M (Peak 497.48M) | Time:00:01.03 | Mem:0.00M, Peak:0.00M | Scene, ViewLayer | Synchronizing object | Brake hanger upper pivot retaining washer.004
Fra:1 Mem:497.49M (Peak 497.49M) | Time:00:01.03 | Mem:0.00M, Peak:0.00M | Scene, ViewLayer | Synchronizing object | Brake hanger upper pivot retaining hex head.004
Fra:1 Mem:497.49M (Peak 497.49M) | Time:00:01.03 | Mem:0.00M, Peak:0.00M | Scene, ViewLayer | Synchronizing object | Brake hanger upper pivot retaining washer.005
Fra:1 Mem:497.49M (Peak 497.49M) | Time:00:01.03 | Mem:0.00M, Peak:0.00M | Scene, ViewLayer | Synchronizing object | Brake hanger upper pivot retaining hex head.005
Fra:1 Mem:497.50M (Peak 497.50M) | Time:00:01.03 | Mem:0.00M, Peak:0.00M | Scene, ViewLayer | Synchronizing object | Brake beam safety wire rope.002
Fra:1 Mem:497.52M (Peak 497.52M) | Time:00:01.03 | Mem:0.00M, Peak:0.00M | Scene, ViewLayer | Synchronizing object | Curved K-type composition tread brake block.003
Fra:1 Mem:497.51M (Peak 497.52M) | Time:00:01.03 | Mem:0.00M, Peak:0.00M | Scene, ViewLayer | Synchronizing object | Brake head cast backplate.003
Fra:1 Mem:497.51M (Peak 497.52M) | Time:00:01.03 | Mem:0.00M, Peak:0.00M | Scene, ViewLayer | Synchronizing object | Brake head shoe retaining pin pin.003
Fra:1 Mem:497.53M (Peak 497.53M) | Time:00:01.03 | Mem:0.00M, Peak:0.00M | Scene, ViewLayer | Synchronizing object | Brake head shoe retaining pin retaining washer.006
Fra:1 Mem:497.53M (Peak 497.53M) | Time:00:01.03 | Mem:0.00M, Peak:0.00M | Scene, ViewLayer | Synchronizing object | Brake head shoe retaining pin retaining hex head.006
Fra:1 Mem:497.53M (Peak 497.53M) | Time:00:01.03 | Mem:0.00M, Peak:0.00M | Scene, ViewLayer | Synchronizing object | Brake head shoe retaining pin retaining washer.007
Fra:1 Mem:497.53M (Peak 497.53M) | Time:00:01.03 | Mem:0.00M, Peak:0.00M | Scene, ViewLayer | Synchronizing object | Brake head shoe retaining pin retaining hex head.007
Fra:1 Mem:497.54M (Peak 497.54M) | Time:00:01.03 | Mem:0.00M, Peak:0.00M | Scene, ViewLayer | Synchronizing object | Brake block suspension hanger strap.003
Fra:1 Mem:497.54M (Peak 497.54M) | Time:00:01.03 | Mem:0.00M, Peak:0.00M | Scene, ViewLayer | Synchronizing object | Brake block suspension hanger eye.006
Fra:1 Mem:497.54M (Peak 497.54M) | Time:00:01.03 | Mem:0.00M, Peak:0.00M | Scene, ViewLayer | Synchronizing object | Brake block suspension hanger eye.007
Fra:1 Mem:497.55M (Peak 497.55M) | Time:00:01.03 | Mem:0.00M, Peak:0.00M | Scene, ViewLayer | Synchronizing object | Brake hanger upper pivot retaining washer.006
Fra:1 Mem:497.56M (Peak 497.56M) | Time:00:01.03 | Mem:0.00M, Peak:0.00M | Scene, ViewLayer | Synchronizing object | Brake hanger upper pivot retaining hex head.006
Fra:1 Mem:497.57M (Peak 497.57M) | Time:00:01.03 | Mem:0.00M, Peak:0.00M | Scene, ViewLayer | Synchronizing object | Brake hanger upper pivot retaining washer.007
Fra:1 Mem:497.57M (Peak 497.57M) | Time:00:01.03 | Mem:0.00M, Peak:0.00M | Scene, ViewLayer | Synchronizing object | Brake hanger upper pivot retaining hex head.007
Fra:1 Mem:497.57M (Peak 497.57M) | Time:00:01.03 | Mem:0.00M, Peak:0.00M | Scene, ViewLayer | Synchronizing object | Brake beam safety wire rope.003
Fra:1 Mem:497.58M (Peak 497.58M) | Time:00:01.03 | Mem:0.00M, Peak:0.00M | Scene, ViewLayer | Synchronizing object | Brake transverse channel beam.002
Fra:1 Mem:497.59M (Peak 497.59M) | Time:00:01.03 | Mem:0.00M, Peak:0.00M | Scene, ViewLayer | Synchronizing object | Brake beam tension truss.004
Fra:1 Mem:497.59M (Peak 497.59M) | Time:00:01.03 | Mem:0.00M, Peak:0.00M | Scene, ViewLayer | Synchronizing object | Curved K-type composition tread brake block.004
Fra:1 Mem:497.60M (Peak 497.60M) | Time:00:01.03 | Mem:0.00M, Peak:0.00M | Scene, ViewLayer | Synchronizing object | Brake head cast backplate.004
Fra:1 Mem:497.60M (Peak 497.60M) | Time:00:01.03 | Mem:0.00M, Peak:0.00M | Scene, ViewLayer | Synchronizing object | Brake head shoe retaining pin pin.004
Fra:1 Mem:497.61M (Peak 497.61M) | Time:00:01.03 | Mem:0.00M, Peak:0.00M | Scene, ViewLayer | Synchronizing object | Brake head shoe retaining pin retaining washer.008
Fra:1 Mem:497.62M (Peak 497.62M) | Time:00:01.03 | Mem:0.00M, Peak:0.00M | Scene, ViewLayer | Synchronizing object | Brake head shoe retaining pin retaining hex head.008
Fra:1 Mem:497.62M (Peak 497.62M) | Time:00:01.03 | Mem:0.00M, Peak:0.00M | Scene, ViewLayer | Synchronizing object | Brake head shoe retaining pin retaining hex head.009
Fra:1 Mem:497.63M (Peak 497.63M) | Time:00:01.03 | Mem:0.00M, Peak:0.00M | Scene, ViewLayer | Synchronizing object | Brake block suspension hanger strap.004
Fra:1 Mem:497.63M (Peak 497.63M) | Time:00:01.03 | Mem:0.00M, Peak:0.00M | Scene, ViewLayer | Synchronizing object | Brake block suspension hanger eye.008
Fra:1 Mem:497.63M (Peak 497.63M) | Time:00:01.03 | Mem:0.00M, Peak:0.00M | Scene, ViewLayer | Synchronizing object | Brake block suspension hanger eye.009
Fra:1 Mem:497.64M (Peak 497.64M) | Time:00:01.03 | Mem:0.00M, Peak:0.00M | Scene, ViewLayer | Synchronizing object | Brake hanger upper pivot pin.004
Fra:1 Mem:497.64M (Peak 497.64M) | Time:00:01.03 | Mem:0.00M, Peak:0.00M | Scene, ViewLayer | Synchronizing object | Brake hanger upper pivot retaining washer.008
Fra:1 Mem:497.65M (Peak 497.65M) | Time:00:01.03 | Mem:0.00M, Peak:0.00M | Scene, ViewLayer | Synchronizing object | Brake hanger upper pivot retaining hex head.008
Fra:1 Mem:497.66M (Peak 497.66M) | Time:00:01.03 | Mem:0.00M, Peak:0.00M | Scene, ViewLayer | Synchronizing object | Brake hanger upper pivot retaining washer.009
Fra:1 Mem:497.66M (Peak 497.66M) | Time:00:01.03 | Mem:0.00M, Peak:0.00M | Scene, ViewLayer | Synchronizing object | Brake hanger upper pivot retaining hex head.009
Fra:1 Mem:497.68M (Peak 497.68M) | Time:00:01.03 | Mem:0.00M, Peak:0.00M | Scene, ViewLayer | Synchronizing object | Brake beam safety wire rope.004
Fra:1 Mem:497.66M (Peak 497.68M) | Time:00:01.03 | Mem:0.00M, Peak:0.00M | Scene, ViewLayer | Synchronizing object | Curved K-type composition tread brake block.005
Fra:1 Mem:497.67M (Peak 497.68M) | Time:00:01.03 | Mem:0.00M, Peak:0.00M | Scene, ViewLayer | Synchronizing object | Brake head cast backplate.005
Fra:1 Mem:497.68M (Peak 497.68M) | Time:00:01.03 | Mem:0.00M, Peak:0.00M | Scene, ViewLayer | Synchronizing object | Brake head shoe retaining pin pin.005
Fra:1 Mem:497.68M (Peak 497.68M) | Time:00:01.03 | Mem:0.00M, Peak:0.00M | Scene, ViewLayer | Synchronizing object | Brake head shoe retaining pin retaining washer.010
Fra:1 Mem:497.70M (Peak 497.70M) | Time:00:01.03 | Mem:0.00M, Peak:0.00M | Scene, ViewLayer | Synchronizing object | Brake head shoe retaining pin retaining hex head.010
Fra:1 Mem:497.70M (Peak 497.70M) | Time:00:01.03 | Mem:0.00M, Peak:0.00M | Scene, ViewLayer | Synchronizing object | Brake head shoe retaining pin retaining hex head.011
Fra:1 Mem:497.71M (Peak 497.71M) | Time:00:01.03 | Mem:0.00M, Peak:0.00M | Scene, ViewLayer | Synchronizing object | Brake block suspension hanger strap.005
Fra:1 Mem:497.71M (Peak 497.71M) | Time:00:01.03 | Mem:0.00M, Peak:0.00M | Scene, ViewLayer | Synchronizing object | Brake block suspension hanger eye.011
Fra:1 Mem:497.71M (Peak 497.71M) | Time:00:01.03 | Mem:0.00M, Peak:0.00M | Scene, ViewLayer | Synchronizing object | Brake hanger upper pivot pin.005
Fra:1 Mem:497.71M (Peak 497.71M) | Time:00:01.03 | Mem:0.00M, Peak:0.00M | Scene, ViewLayer | Synchronizing object | Brake hanger upper pivot retaining washer.010
Fra:1 Mem:497.72M (Peak 497.72M) | Time:00:01.03 | Mem:0.00M, Peak:0.00M | Scene, ViewLayer | Synchronizing object | Brake hanger upper pivot retaining hex head.010
Fra:1 Mem:497.72M (Peak 497.72M) | Time:00:01.03 | Mem:0.00M, Peak:0.00M | Scene, ViewLayer | Synchronizing object | Brake hanger upper pivot retaining washer.011
Fra:1 Mem:497.73M (Peak 497.73M) | Time:00:01.03 | Mem:0.00M, Peak:0.00M | Scene, ViewLayer | Synchronizing object | Brake hanger upper pivot retaining hex head.011
Fra:1 Mem:497.74M (Peak 497.74M) | Time:00:01.03 | Mem:0.00M, Peak:0.00M | Scene, ViewLayer | Synchronizing object | Brake beam safety wire rope.005
Fra:1 Mem:497.74M (Peak 497.74M) | Time:00:01.03 | Mem:0.00M, Peak:0.00M | Scene, ViewLayer | Synchronizing object | Brake transverse channel beam.003
Fra:1 Mem:497.75M (Peak 497.75M) | Time:00:01.03 | Mem:0.00M, Peak:0.00M | Scene, ViewLayer | Synchronizing object | Brake beam tension truss.007
Fra:1 Mem:497.75M (Peak 497.75M) | Time:00:01.03 | Mem:0.00M, Peak:0.00M | Scene, ViewLayer | Synchronizing object | Curved K-type composition tread brake block.006
Fra:1 Mem:497.75M (Peak 497.75M) | Time:00:01.03 | Mem:0.00M, Peak:0.00M | Scene, ViewLayer | Synchronizing object | Brake head cast backplate.006
Fra:1 Mem:497.77M (Peak 497.77M) | Time:00:01.03 | Mem:0.00M, Peak:0.00M | Scene, ViewLayer | Synchronizing object | Brake head shoe retaining pin pin.006
Fra:1 Mem:497.78M (Peak 497.78M) | Time:00:01.03 | Mem:0.00M, Peak:0.00M | Scene, ViewLayer | Synchronizing object | Brake head shoe retaining pin retaining washer.012
Fra:1 Mem:497.78M (Peak 497.78M) | Time:00:01.03 | Mem:0.00M, Peak:0.00M | Scene, ViewLayer | Synchronizing object | Brake head shoe retaining pin retaining hex head.012
Fra:1 Mem:497.79M (Peak 497.79M) | Time:00:01.03 | Mem:0.00M, Peak:0.00M | Scene, ViewLayer | Synchronizing object | Brake head shoe retaining pin retaining hex head.013
Fra:1 Mem:497.80M (Peak 497.80M) | Time:00:01.03 | Mem:0.00M, Peak:0.00M | Scene, ViewLayer | Synchronizing object | Brake block suspension hanger strap.006
Fra:1 Mem:497.80M (Peak 497.80M) | Time:00:01.03 | Mem:0.00M, Peak:0.00M | Scene, ViewLayer | Synchronizing object | Brake block suspension hanger eye.012
Fra:1 Mem:497.80M (Peak 497.80M) | Time:00:01.03 | Mem:0.00M, Peak:0.00M | Scene, ViewLayer | Synchronizing object | Brake hanger upper pivot pin.006
Fra:1 Mem:497.81M (Peak 497.81M) | Time:00:01.03 | Mem:0.00M, Peak:0.00M | Scene, ViewLayer | Synchronizing object | Brake hanger upper pivot retaining washer.012
Fra:1 Mem:497.82M (Peak 497.82M) | Time:00:01.03 | Mem:0.00M, Peak:0.00M | Scene, ViewLayer | Synchronizing object | Brake hanger upper pivot retaining hex head.012
Fra:1 Mem:497.82M (Peak 497.82M) | Time:00:01.03 | Mem:0.00M, Peak:0.00M | Scene, ViewLayer | Synchronizing object | Brake hanger upper pivot retaining hex head.013
Fra:1 Mem:497.82M (Peak 497.82M) | Time:00:01.03 | Mem:0.00M, Peak:0.00M | Scene, ViewLayer | Synchronizing object | Brake beam safety wire rope.006
Fra:1 Mem:497.83M (Peak 497.83M) | Time:00:01.03 | Mem:0.00M, Peak:0.00M | Scene, ViewLayer | Synchronizing object | Curved K-type composition tread brake block.007
Fra:1 Mem:497.84M (Peak 497.84M) | Time:00:01.03 | Mem:0.00M, Peak:0.00M | Scene, ViewLayer | Synchronizing object | Brake head cast backplate.007
Fra:1 Mem:497.84M (Peak 497.84M) | Time:00:01.03 | Mem:0.00M, Peak:0.00M | Scene, ViewLayer | Synchronizing object | Brake head shoe retaining pin pin.007
Fra:1 Mem:497.85M (Peak 497.85M) | Time:00:01.03 | Mem:0.00M, Peak:0.00M | Scene, ViewLayer | Synchronizing object | Brake head shoe retaining pin retaining washer.014
Fra:1 Mem:497.86M (Peak 497.86M) | Time:00:01.03 | Mem:0.00M, Peak:0.00M | Scene, ViewLayer | Synchronizing object | Brake head shoe retaining pin retaining hex head.014
Fra:1 Mem:497.86M (Peak 497.86M) | Time:00:01.03 | Mem:0.00M, Peak:0.00M | Scene, ViewLayer | Synchronizing object | Brake head shoe retaining pin retaining washer.015
Fra:1 Mem:497.86M (Peak 497.86M) | Time:00:01.03 | Mem:0.00M, Peak:0.00M | Scene, ViewLayer | Synchronizing object | Brake head shoe retaining pin retaining hex head.015
Fra:1 Mem:497.88M (Peak 497.88M) | Time:00:01.03 | Mem:0.00M, Peak:0.00M | Scene, ViewLayer | Synchronizing object | Brake block suspension hanger strap.007
Fra:1 Mem:497.87M (Peak 497.88M) | Time:00:01.03 | Mem:0.00M, Peak:0.00M | Scene, ViewLayer | Synchronizing object | Brake block suspension hanger eye.014
Fra:1 Mem:497.87M (Peak 497.88M) | Time:00:01.03 | Mem:0.00M, Peak:0.00M | Scene, ViewLayer | Synchronizing object | Brake block suspension hanger eye.015
Fra:1 Mem:497.88M (Peak 497.88M) | Time:00:01.03 | Mem:0.00M, Peak:0.00M | Scene, ViewLayer | Synchronizing object | Brake hanger upper pivot pin.007
Fra:1 Mem:497.88M (Peak 497.88M) | Time:00:01.03 | Mem:0.00M, Peak:0.00M | Scene, ViewLayer | Synchronizing object | Brake hanger upper pivot retaining hex head.014
Fra:1 Mem:497.90M (Peak 497.90M) | Time:00:01.03 | Mem:0.00M, Peak:0.00M | Scene, ViewLayer | Synchronizing object | Brake hanger upper pivot retaining washer.015
Fra:1 Mem:497.90M (Peak 497.90M) | Time:00:01.03 | Mem:0.00M, Peak:0.00M | Scene, ViewLayer | Synchronizing object | Brake beam safety wire rope.007
Fra:1 Mem:497.90M (Peak 497.90M) | Time:00:01.03 | Mem:0.00M, Peak:0.00M | Scene, ViewLayer | Synchronizing object | Brake hanger upper pivot retaining hex head.015
Fra:1 Mem:497.90M (Peak 497.90M) | Time:00:01.03 | Mem:0.00M, Peak:0.00M | Scene, ViewLayer | Synchronizing object | Bogie mounted 8-inch air brake cylinder
Fra:1 Mem:497.91M (Peak 497.91M) | Time:00:01.03 | Mem:0.00M, Peak:0.00M | Scene, ViewLayer | Synchronizing object | Brake cylinder end flange
Fra:1 Mem:497.92M (Peak 497.92M) | Time:00:01.03 | Mem:0.00M, Peak:0.00M | Scene, ViewLayer | Synchronizing object | Brake cylinder piston guide
Fra:1 Mem:497.93M (Peak 497.93M) | Time:00:01.03 | Mem:0.00M, Peak:0.00M | Scene, ViewLayer | Synchronizing object | Brake cylinder piston rod
Fra:1 Mem:497.93M (Peak 497.93M) | Time:00:01.03 | Mem:0.00M, Peak:0.00M | Scene, ViewLayer | Synchronizing object | Brake cylinder flange hex head
Fra:1 Mem:497.94M (Peak 497.94M) | Time:00:01.03 | Mem:0.00M, Peak:0.00M | Scene, ViewLayer | Synchronizing object | Brake cylinder flange hex head.001
Fra:1 Mem:497.94M (Peak 497.94M) | Time:00:01.03 | Mem:0.00M, Peak:0.00M | Scene, ViewLayer | Synchronizing object | Brake cylinder flange hex head.003
Fra:1 Mem:497.94M (Peak 497.94M) | Time:00:01.03 | Mem:0.00M, Peak:0.00M | Scene, ViewLayer | Synchronizing object | Brake cylinder flange hex head.004
Fra:1 Mem:497.95M (Peak 497.96M) | Time:00:01.03 | Mem:0.00M, Peak:0.00M | Scene, ViewLayer | Synchronizing object | Brake cylinder flange hex head.005
Fra:1 Mem:497.95M (Peak 497.96M) | Time:00:01.03 | Mem:0.00M, Peak:0.00M | Scene, ViewLayer | Synchronizing object | Brake cylinder air flex hose
Fra:1 Mem:497.96M (Peak 497.96M) | Time:00:01.03 | Mem:0.00M, Peak:0.00M | Scene, ViewLayer | Synchronizing object | Brake live lever strap
Fra:1 Mem:497.96M (Peak 497.96M) | Time:00:01.03 | Mem:0.00M, Peak:0.00M | Scene, ViewLayer | Synchronizing object | Brake live lever eye
Fra:1 Mem:497.97M (Peak 497.97M) | Time:00:01.03 | Mem:0.00M, Peak:0.00M | Scene, ViewLayer | Synchronizing object | Brake live lever eye.001
Fra:1 Mem:497.97M (Peak 497.97M) | Time:00:01.03 | Mem:0.00M, Peak:0.00M | Scene, ViewLayer | Synchronizing object | Brake lever fulcrum pin
Fra:1 Mem:497.98M (Peak 497.98M) | Time:00:01.03 | Mem:0.00M, Peak:0.00M | Scene, ViewLayer | Synchronizing object | Brake lever fulcrum retaining hex head
Fra:1 Mem:497.98M (Peak 497.98M) | Time:00:01.03 | Mem:0.00M, Peak:0.00M | Scene, ViewLayer | Synchronizing object | Brake lever fulcrum retaining washer.001
Fra:1 Mem:497.99M (Peak 497.99M) | Time:00:01.03 | Mem:0.00M, Peak:0.00M | Scene, ViewLayer | Synchronizing object | Curved brake pull rod
Fra:1 Mem:497.99M (Peak 497.99M) | Time:00:01.03 | Mem:0.00M, Peak:0.00M | Scene, ViewLayer | Synchronizing object | Brake rigging safety cradle
Fra:1 Mem:498.01M (Peak 498.01M) | Time:00:01.03 | Mem:0.00M, Peak:0.00M | Scene, ViewLayer | Synchronizing object | Brake live lever strap.001
Fra:1 Mem:498.01M (Peak 498.01M) | Time:00:01.03 | Mem:0.00M, Peak:0.00M | Scene, ViewLayer | Synchronizing object | Brake live lever eye.003
Fra:1 Mem:498.01M (Peak 498.01M) | Time:00:01.03 | Mem:0.00M, Peak:0.00M | Scene, ViewLayer | Synchronizing object | Brake lever fulcrum pin.001
Fra:1 Mem:498.02M (Peak 498.02M) | Time:00:01.03 | Mem:0.00M, Peak:0.00M | Scene, ViewLayer | Synchronizing object | Brake lever fulcrum retaining washer.002
Fra:1 Mem:498.03M (Peak 498.03M) | Time:00:01.03 | Mem:0.00M, Peak:0.00M | Scene, ViewLayer | Synchronizing object | Brake lever fulcrum retaining hex head.002
Fra:1 Mem:498.03M (Peak 498.03M) | Time:00:01.03 | Mem:0.00M, Peak:0.00M | Scene, ViewLayer | Synchronizing object | Brake lever fulcrum retaining washer.003
Fra:1 Mem:498.03M (Peak 498.03M) | Time:00:01.03 | Mem:0.00M, Peak:0.00M | Scene, ViewLayer | Synchronizing object | Curved brake pull rod.001
Fra:1 Mem:498.05M (Peak 498.05M) | Time:00:01.03 | Mem:0.00M, Peak:0.00M | Scene, ViewLayer | Synchronizing object | Brake rigging safety cradle.001
Fra:1 Mem:498.05M (Peak 498.05M) | Time:00:01.03 | Mem:0.00M, Peak:0.00M | Scene, ViewLayer | Synchronizing object | Brake cross balance spindle
Fra:1 Mem:498.05M (Peak 498.05M) | Time:00:01.03 | Mem:0.00M, Peak:0.00M | Scene, ViewLayer | Synchronizing object | Bogie mounted 8-inch air brake cylinder.001
Fra:1 Mem:498.06M (Peak 498.06M) | Time:00:01.03 | Mem:0.00M, Peak:0.00M | Scene, ViewLayer | Synchronizing object | Brake cylinder end flange.001
Fra:1 Mem:498.07M (Peak 498.07M) | Time:00:01.03 | Mem:0.00M, Peak:0.00M | Scene, ViewLayer | Synchronizing object | Brake cylinder piston guide.001
Fra:1 Mem:498.08M (Peak 498.08M) | Time:00:01.03 | Mem:0.00M, Peak:0.00M | Scene, ViewLayer | Synchronizing object | Brake cylinder piston rod.001
Fra:1 Mem:498.09M (Peak 498.09M) | Time:00:01.03 | Mem:0.00M, Peak:0.00M | Scene, ViewLayer | Synchronizing object | Brake cylinder flange hex head.006
Fra:1 Mem:498.09M (Peak 498.09M) | Time:00:01.03 | Mem:0.00M, Peak:0.00M | Scene, ViewLayer | Synchronizing object | Brake cylinder flange hex head.008
Fra:1 Mem:498.10M (Peak 498.10M) | Time:00:01.03 | Mem:0.00M, Peak:0.00M | Scene, ViewLayer | Synchronizing object | Brake cylinder flange hex head.009
Fra:1 Mem:498.10M (Peak 498.10M) | Time:00:01.03 | Mem:0.00M, Peak:0.00M | Scene, ViewLayer | Synchronizing object | Brake cylinder flange hex head.011
Fra:1 Mem:498.10M (Peak 498.10M) | Time:00:01.03 | Mem:0.00M, Peak:0.00M | Scene, ViewLayer | Synchronizing object | Brake cylinder transom support.001
Fra:1 Mem:498.10M (Peak 498.10M) | Time:00:01.03 | Mem:0.00M, Peak:0.00M | Scene, ViewLayer | Synchronizing object | Brake cylinder air flex hose.001
Fra:1 Mem:498.11M (Peak 498.11M) | Time:00:01.03 | Mem:0.00M, Peak:0.00M | Scene, ViewLayer | Synchronizing object | Brake live lever strap.002
Fra:1 Mem:498.11M (Peak 498.11M) | Time:00:01.03 | Mem:0.00M, Peak:0.00M | Scene, ViewLayer | Synchronizing object | Brake live lever eye.004
Fra:1 Mem:498.11M (Peak 498.11M) | Time:00:01.03 | Mem:0.00M, Peak:0.00M | Scene, ViewLayer | Synchronizing object | Brake lever fulcrum pin.002
Fra:1 Mem:498.13M (Peak 498.13M) | Time:00:01.03 | Mem:0.00M, Peak:0.00M | Scene, ViewLayer | Synchronizing object | Brake lever fulcrum retaining washer.004
Fra:1 Mem:498.13M (Peak 498.13M) | Time:00:01.03 | Mem:0.00M, Peak:0.00M | Scene, ViewLayer | Synchronizing object | Brake lever fulcrum retaining hex head.004
Fra:1 Mem:498.14M (Peak 498.14M) | Time:00:01.03 | Mem:0.00M, Peak:0.00M | Scene, ViewLayer | Synchronizing object | Brake lever fulcrum retaining washer.005
Fra:1 Mem:498.14M (Peak 498.14M) | Time:00:01.03 | Mem:0.00M, Peak:0.00M | Scene, ViewLayer | Synchronizing object | Brake lever fulcrum retaining hex head.005
Fra:1 Mem:498.14M (Peak 498.14M) | Time:00:01.03 | Mem:0.00M, Peak:0.00M | Scene, ViewLayer | Synchronizing object | Curved brake pull rod.002
Fra:1 Mem:498.15M (Peak 498.15M) | Time:00:01.03 | Mem:0.00M, Peak:0.00M | Scene, ViewLayer | Synchronizing object | Brake rigging safety cradle.002
Fra:1 Mem:498.15M (Peak 498.15M) | Time:00:01.03 | Mem:0.00M, Peak:0.00M | Scene, ViewLayer | Synchronizing object | Brake live lever strap.003
Fra:1 Mem:498.16M (Peak 498.16M) | Time:00:01.03 | Mem:0.00M, Peak:0.00M | Scene, ViewLayer | Synchronizing object | Brake live lever eye.006
Fra:1 Mem:498.16M (Peak 498.16M) | Time:00:01.03 | Mem:0.00M, Peak:0.00M | Scene, ViewLayer | Synchronizing object | Brake lever fulcrum pin.003
Fra:1 Mem:498.17M (Peak 498.17M) | Time:00:01.03 | Mem:0.00M, Peak:0.00M | Scene, ViewLayer | Synchronizing object | Brake lever fulcrum retaining washer.006
Fra:1 Mem:498.18M (Peak 498.18M) | Time:00:01.03 | Mem:0.00M, Peak:0.00M | Scene, ViewLayer | Synchronizing object | Brake lever fulcrum retaining hex head.006
Fra:1 Mem:498.18M (Peak 498.18M) | Time:00:01.03 | Mem:0.00M, Peak:0.00M | Scene, ViewLayer | Synchronizing object | Brake lever fulcrum retaining hex head.007
Fra:1 Mem:498.19M (Peak 498.19M) | Time:00:01.03 | Mem:0.00M, Peak:0.00M | Scene, ViewLayer | Synchronizing object | Curved brake pull rod.003
Fra:1 Mem:498.19M (Peak 498.19M) | Time:00:01.03 | Mem:0.00M, Peak:0.00M | Scene, ViewLayer | Synchronizing object | Brake rigging safety cradle.003
Fra:1 Mem:498.20M (Peak 498.20M) | Time:00:01.03 | Mem:0.00M, Peak:0.00M | Scene, ViewLayer | Synchronizing object | Brake cross balance spindle.001
Fra:1 Mem:498.22M (Peak 498.22M) | Time:00:01.03 | Mem:0.00M, Peak:0.00M | Scene, ViewLayer | Synchronizing object | 18kW split-AC self-generating alternator barrel
Fra:1 Mem:498.22M (Peak 498.22M) | Time:00:01.03 | Mem:0.00M, Peak:0.00M | Scene, ViewLayer | Synchronizing object | Alternator end shield hex head
Fra:1 Mem:498.22M (Peak 498.22M) | Time:00:01.03 | Mem:0.00M, Peak:0.00M | Scene, ViewLayer | Synchronizing object | Alternator bolted end shield
Fra:1 Mem:498.22M (Peak 498.22M) | Time:00:01.03 | Mem:0.00M, Peak:0.00M | Scene, ViewLayer | Synchronizing object | Alternator end shield hex head.001
Fra:1 Mem:498.23M (Peak 498.23M) | Time:00:01.03 | Mem:0.00M, Peak:0.00M | Scene, ViewLayer | Synchronizing object | Alternator end shield hex head.003
Fra:1 Mem:498.26M (Peak 498.26M) | Time:00:01.03 | Mem:0.00M, Peak:0.00M | Scene, ViewLayer | Synchronizing object | Alternator end shield hex head.004
Fra:1 Mem:498.26M (Peak 498.26M) | Time:00:01.03 | Mem:0.00M, Peak:0.00M | Scene, ViewLayer | Synchronizing object | Alternator end shield hex head.006
Fra:1 Mem:498.26M (Peak 498.26M) | Time:00:01.03 | Mem:0.00M, Peak:0.00M | Scene, ViewLayer | Synchronizing object | Alternator end shield hex head.007
Fra:1 Mem:498.28M (Peak 498.28M) | Time:00:01.03 | Mem:0.00M, Peak:0.00M | Scene, ViewLayer | Synchronizing object | Alternator bolted end shield.001
Fra:1 Mem:498.27M (Peak 498.28M) | Time:00:01.03 | Mem:0.00M, Peak:0.00M | Scene, ViewLayer | Synchronizing object | Alternator end shield hex head.008
Fra:1 Mem:498.28M (Peak 498.28M) | Time:00:01.03 | Mem:0.00M, Peak:0.00M | Scene, ViewLayer | Synchronizing object | Alternator end shield hex head.010
Fra:1 Mem:498.28M (Peak 498.28M) | Time:00:01.03 | Mem:0.00M, Peak:0.00M | Scene, ViewLayer | Synchronizing object | Alternator end shield hex head.011
Fra:1 Mem:498.29M (Peak 498.29M) | Time:00:01.03 | Mem:0.00M, Peak:0.00M | Scene, ViewLayer | Synchronizing object | Alternator end shield hex head.012
Fra:1 Mem:498.30M (Peak 498.30M) | Time:00:01.03 | Mem:0.00M, Peak:0.00M | Scene, ViewLayer | Synchronizing object | Alternator end shield hex head.013
Fra:1 Mem:498.31M (Peak 498.31M) | Time:00:01.03 | Mem:0.00M, Peak:0.00M | Scene, ViewLayer | Synchronizing object | Alternator end shield hex head.014
Fra:1 Mem:498.29M (Peak 498.31M) | Time:00:01.03 | Mem:0.00M, Peak:0.00M | Scene, ViewLayer | Synchronizing object | Alternator end shield hex head.015
Fra:1 Mem:498.30M (Peak 498.31M) | Time:00:01.03 | Mem:0.00M, Peak:0.00M | Scene, ViewLayer | Synchronizing object | Alternator longitudinal cooling fin
Fra:1 Mem:498.30M (Peak 498.31M) | Time:00:01.03 | Mem:0.00M, Peak:0.00M | Scene, ViewLayer | Synchronizing object | Alternator longitudinal cooling fin.002
Fra:1 Mem:498.30M (Peak 498.31M) | Time:00:01.03 | Mem:0.00M, Peak:0.00M | Scene, ViewLayer | Synchronizing object | Alternator longitudinal cooling fin.003
Fra:1 Mem:498.30M (Peak 498.31M) | Time:00:01.03 | Mem:0.00M, Peak:0.00M | Scene, ViewLayer | Synchronizing object | Alternator longitudinal cooling fin.005
Fra:1 Mem:498.30M (Peak 498.31M) | Time:00:01.03 | Mem:0.00M, Peak:0.00M | Scene, ViewLayer | Synchronizing object | Alternator longitudinal cooling fin.006
Fra:1 Mem:498.30M (Peak 498.31M) | Time:00:01.03 | Mem:0.00M, Peak:0.00M | Scene, ViewLayer | Synchronizing object | Alternator longitudinal cooling fin.008
Fra:1 Mem:498.31M (Peak 498.31M) | Time:00:01.03 | Mem:0.00M, Peak:0.00M | Scene, ViewLayer | Synchronizing object | Alternator longitudinal cooling fin.009
Fra:1 Mem:498.31M (Peak 498.31M) | Time:00:01.03 | Mem:0.00M, Peak:0.00M | Scene, ViewLayer | Synchronizing object | Alternator longitudinal cooling fin.010
Fra:1 Mem:498.31M (Peak 498.31M) | Time:00:01.03 | Mem:0.00M, Peak:0.00M | Scene, ViewLayer | Synchronizing object | Alternator longitudinal cooling fin.011
Fra:1 Mem:498.31M (Peak 498.31M) | Time:00:01.03 | Mem:0.00M, Peak:0.00M | Scene, ViewLayer | Synchronizing object | Alternator longitudinal cooling fin.012
Fra:1 Mem:498.31M (Peak 498.31M) | Time:00:01.03 | Mem:0.00M, Peak:0.00M | Scene, ViewLayer | Synchronizing object | Alternator longitudinal cooling fin.013
Fra:1 Mem:498.32M (Peak 498.32M) | Time:00:01.03 | Mem:0.00M, Peak:0.00M | Scene, ViewLayer | Synchronizing object | Alternator longitudinal cooling fin.014
Fra:1 Mem:498.32M (Peak 498.32M) | Time:00:01.03 | Mem:0.00M, Peak:0.00M | Scene, ViewLayer | Synchronizing object | Alternator longitudinal cooling fin.015
Fra:1 Mem:498.32M (Peak 498.32M) | Time:00:01.03 | Mem:0.00M, Peak:0.00M | Scene, ViewLayer | Synchronizing object | Alternator longitudinal cooling fin.017
Fra:1 Mem:498.32M (Peak 498.32M) | Time:00:01.03 | Mem:0.00M, Peak:0.00M | Scene, ViewLayer | Synchronizing object | Alternator field terminal box
Fra:1 Mem:498.32M (Peak 498.32M) | Time:00:01.03 | Mem:0.00M, Peak:0.00M | Scene, ViewLayer | Synchronizing object | Alternator flexible cable
Fra:1 Mem:498.32M (Peak 498.32M) | Time:00:01.03 | Mem:0.00M, Peak:0.00M | Scene, ViewLayer | Synchronizing object | Alternator suspension crossbar
Fra:1 Mem:498.34M (Peak 498.34M) | Time:00:01.03 | Mem:0.00M, Peak:0.00M | Scene, ViewLayer | Synchronizing object | Alternator suspension arm strap
Fra:1 Mem:498.34M (Peak 498.34M) | Time:00:01.03 | Mem:0.00M, Peak:0.00M | Scene, ViewLayer | Synchronizing object | Alternator suspension arm eye
Fra:1 Mem:498.35M (Peak 498.35M) | Time:00:01.03 | Mem:0.00M, Peak:0.00M | Scene, ViewLayer | Synchronizing object | Alternator suspension arm eye.001
Fra:1 Mem:498.35M (Peak 498.35M) | Time:00:01.03 | Mem:0.00M, Peak:0.00M | Scene, ViewLayer | Synchronizing object | Alternator suspension pin retaining washer
Fra:1 Mem:498.36M (Peak 498.36M) | Time:00:01.03 | Mem:0.00M, Peak:0.00M | Scene, ViewLayer | Synchronizing object | Alternator suspension pin retaining hex head
Fra:1 Mem:498.36M (Peak 498.36M) | Time:00:01.03 | Mem:0.00M, Peak:0.00M | Scene, ViewLayer | Synchronizing object | Alternator suspension pin retaining hex head.001
Fra:1 Mem:498.37M (Peak 498.37M) | Time:00:01.03 | Mem:0.00M, Peak:0.00M | Scene, ViewLayer | Synchronizing object | Alternator suspension arm strap.001
Fra:1 Mem:498.37M (Peak 498.37M) | Time:00:01.03 | Mem:0.00M, Peak:0.00M | Scene, ViewLayer | Synchronizing object | Alternator suspension arm eye.002
Fra:1 Mem:498.38M (Peak 498.38M) | Time:00:01.03 | Mem:0.00M, Peak:0.00M | Scene, ViewLayer | Synchronizing object | Alternator suspension arm eye.003
Fra:1 Mem:498.38M (Peak 498.38M) | Time:00:01.03 | Mem:0.00M, Peak:0.00M | Scene, ViewLayer | Synchronizing object | Alternator suspension pin pin.001
Fra:1 Mem:498.39M (Peak 498.39M) | Time:00:01.03 | Mem:0.00M, Peak:0.00M | Scene, ViewLayer | Synchronizing object | Alternator suspension pin retaining washer.002
Fra:1 Mem:498.39M (Peak 498.39M) | Time:00:01.03 | Mem:0.00M, Peak:0.00M | Scene, ViewLayer | Synchronizing object | Alternator suspension pin retaining hex head.002
Fra:1 Mem:498.40M (Peak 498.40M) | Time:00:01.03 | Mem:0.00M, Peak:0.00M | Scene, ViewLayer | Synchronizing object | Alternator suspension pin retaining washer.003
Fra:1 Mem:498.40M (Peak 498.40M) | Time:00:01.03 | Mem:0.00M, Peak:0.00M | Scene, ViewLayer | Synchronizing object | Split axle V-belt drive pulley
Fra:1 Mem:498.41M (Peak 498.41M) | Time:00:01.03 | Mem:0.00M, Peak:0.00M | Scene, ViewLayer | Synchronizing object | Alternator V-belt driven pulley
Fra:1 Mem:498.58M (Peak 498.58M) | Time:00:01.03 | Mem:0.00M, Peak:0.00M | Scene, ViewLayer | Synchronizing object | Matched alternator V belt 01
Fra:1 Mem:498.72M (Peak 498.72M) | Time:00:01.03 | Mem:0.00M, Peak:0.00M | Scene, ViewLayer | Synchronizing object | Matched alternator V belt 02
Fra:1 Mem:498.80M (Peak 498.80M) | Time:00:01.03 | Mem:0.00M, Peak:0.00M | Scene, ViewLayer | Synchronizing object | Matched alternator V belt 03
Fra:1 Mem:498.87M (Peak 498.87M) | Time:00:01.03 | Mem:0.00M, Peak:0.00M | Scene, ViewLayer | Synchronizing object | Matched alternator V belt 04
Fra:1 Mem:498.92M (Peak 498.92M) | Time:00:01.03 | Mem:0.00M, Peak:0.00M | Scene, ViewLayer | Synchronizing object | Matched alternator V belt 05
Fra:1 Mem:498.96M (Peak 498.96M) | Time:00:01.03 | Mem:0.00M, Peak:0.00M | Scene, ViewLayer | Synchronizing object | Matched alternator V belt 06
Fra:1 Mem:498.96M (Peak 498.96M) | Time:00:01.03 | Mem:0.00M, Peak:0.00M | Scene, ViewLayer | Synchronizing object | Split axle pulley fixing hex head
Fra:1 Mem:498.94M (Peak 498.96M) | Time:00:01.03 | Mem:0.00M, Peak:0.00M | Scene, ViewLayer | Synchronizing object | Split axle pulley fixing hex head.001
Fra:1 Mem:498.96M (Peak 498.96M) | Time:00:01.03 | Mem:0.00M, Peak:0.00M | Scene, ViewLayer | Synchronizing object | Split axle pulley fixing hex head.002
Fra:1 Mem:498.97M (Peak 498.97M) | Time:00:01.03 | Mem:0.00M, Peak:0.00M | Scene, ViewLayer | Synchronizing object | Split axle pulley fixing hex head.003
Fra:1 Mem:498.97M (Peak 498.97M) | Time:00:01.03 | Mem:0.00M, Peak:0.00M | Scene, ViewLayer | Synchronizing object | Split axle pulley fixing hex head.005
Fra:1 Mem:498.97M (Peak 498.97M) | Time:00:01.03 | Mem:0.00M, Peak:0.00M | Scene, ViewLayer | Synchronizing object | Split axle V-belt drive pulley.001
Fra:1 Mem:498.98M (Peak 498.98M) | Time:00:01.03 | Mem:0.00M, Peak:0.00M | Scene, ViewLayer | Synchronizing object | Alternator V-belt driven pulley.001
Fra:1 Mem:499.04M (Peak 499.04M) | Time:00:01.03 | Mem:0.00M, Peak:0.00M | Scene, ViewLayer | Synchronizing object | Matched alternator V belt 01.001
Fra:1 Mem:499.25M (Peak 499.25M) | Time:00:01.03 | Mem:0.00M, Peak:0.00M | Scene, ViewLayer | Synchronizing object | Matched alternator V belt 02.001
Fra:1 Mem:499.33M (Peak 499.33M) | Time:00:01.03 | Mem:0.00M, Peak:0.00M | Scene, ViewLayer | Synchronizing object | Matched alternator V belt 03.001
Fra:1 Mem:499.38M (Peak 499.38M) | Time:00:01.03 | Mem:0.00M, Peak:0.00M | Scene, ViewLayer | Synchronizing object | Matched alternator V belt 04.001
Fra:1 Mem:499.47M (Peak 499.47M) | Time:00:01.03 | Mem:0.00M, Peak:0.00M | Scene, ViewLayer | Synchronizing object | Matched alternator V belt 05.001
Fra:1 Mem:499.47M (Peak 499.47M) | Time:00:01.03 | Mem:0.00M, Peak:0.00M | Scene, ViewLayer | Synchronizing object | Matched alternator V belt 06.001
Fra:1 Mem:499.52M (Peak 499.52M) | Time:00:01.03 | Mem:0.00M, Peak:0.00M | Scene, ViewLayer | Synchronizing object | Split axle pulley fixing hex head.006
Fra:1 Mem:499.52M (Peak 499.52M) | Time:00:01.03 | Mem:0.00M, Peak:0.00M | Scene, ViewLayer | Synchronizing object | Split axle pulley fixing hex head.007
Fra:1 Mem:499.55M (Peak 499.55M) | Time:00:01.04 | Mem:0.00M, Peak:0.00M | Scene, ViewLayer | Synchronizing object | Split axle pulley fixing hex head.008
Fra:1 Mem:499.55M (Peak 499.55M) | Time:00:01.04 | Mem:0.00M, Peak:0.00M | Scene, ViewLayer | Synchronizing object | Split axle pulley fixing hex head.009
Fra:1 Mem:499.56M (Peak 499.56M) | Time:00:01.04 | Mem:0.00M, Peak:0.00M | Scene, ViewLayer | Synchronizing object | Split axle pulley fixing hex head.010
Fra:1 Mem:499.56M (Peak 499.56M) | Time:00:01.04 | Mem:0.00M, Peak:0.00M | Scene, ViewLayer | Synchronizing object | Split axle pulley fixing hex head.011
Fra:1 Mem:499.56M (Peak 499.56M) | Time:00:01.04 | Mem:0.00M, Peak:0.00M | Scene, ViewLayer | Synchronizing object | Alternator spring tension screw
Fra:1 Mem:499.54M (Peak 499.56M) | Time:00:01.04 | Mem:0.00M, Peak:0.00M | Scene, ViewLayer | Synchronizing object | Alternator tension rod clevis
Fra:1 Mem:499.55M (Peak 499.56M) | Time:00:01.04 | Mem:0.00M, Peak:0.00M | Scene, ViewLayer | Synchronizing object | Alternator tension bracket vertical support
Fra:1 Mem:499.56M (Peak 499.56M) | Time:00:01.04 | Mem:0.00M, Peak:0.00M | Scene, ViewLayer | Synchronizing object | Alternator safety chain link
Fra:1 Mem:499.56M (Peak 499.56M) | Time:00:01.04 | Mem:0.00M, Peak:0.00M | Scene, ViewLayer | Synchronizing object | Alternator safety chain link.001
Fra:1 Mem:499.58M (Peak 499.58M) | Time:00:01.04 | Mem:0.00M, Peak:0.00M | Scene, ViewLayer | Synchronizing object | Alternator safety chain link.002
Fra:1 Mem:499.59M (Peak 499.59M) | Time:00:01.04 | Mem:0.00M, Peak:0.00M | Scene, ViewLayer | Synchronizing object | Alternator safety chain link.003
Fra:1 Mem:499.61M (Peak 499.61M) | Time:00:01.04 | Mem:0.00M, Peak:0.00M | Scene, ViewLayer | Synchronizing object | Alternator safety chain link.005
Fra:1 Mem:499.61M (Peak 499.61M) | Time:00:01.04 | Mem:0.00M, Peak:0.00M | Scene, ViewLayer | Synchronizing object | Alternator safety chain link.006
Fra:1 Mem:499.64M (Peak 499.64M) | Time:00:01.04 | Mem:0.00M, Peak:0.00M | Scene, ViewLayer | Synchronizing object | Alternator safety chain link.007
Fra:1 Mem:499.66M (Peak 499.66M) | Time:00:01.04 | Mem:0.00M, Peak:0.00M | Scene, ViewLayer | Synchronizing object | Alternator safety chain link.008
Fra:1 Mem:499.66M (Peak 499.66M) | Time:00:01.04 | Mem:0.00M, Peak:0.00M | Scene, ViewLayer | Synchronizing object | Alternator safety chain link.009
Fra:1 Mem:499.68M (Peak 499.68M) | Time:00:01.04 | Mem:0.00M, Peak:0.00M | Scene, ViewLayer | Synchronizing object | Alternator safety chain link.010
Fra:1 Mem:499.69M (Peak 499.69M) | Time:00:01.04 | Mem:0.00M, Peak:0.00M | Scene, ViewLayer | Synchronizing object | Alternator safety chain link.011
Fra:1 Mem:499.69M (Peak 499.69M) | Time:00:01.04 | Mem:0.00M, Peak:0.00M | Scene, ViewLayer | Synchronizing object | Alternator safety chain link.012
Fra:1 Mem:499.72M (Peak 499.72M) | Time:00:01.04 | Mem:0.00M, Peak:0.00M | Scene, ViewLayer | Synchronizing object | Alternator safety chain link.013
Fra:1 Mem:499.73M (Peak 499.73M) | Time:00:01.04 | Mem:0.00M, Peak:0.00M | Scene, ViewLayer | Synchronizing object | Alternator safety chain link.015
Fra:1 Mem:499.74M (Peak 499.74M) | Time:00:01.04 | Mem:0.00M, Peak:0.00M | Scene, ViewLayer | Synchronizing object | Alternator safety chain link.016
Fra:1 Mem:499.77M (Peak 499.77M) | Time:00:01.04 | Mem:0.00M, Peak:0.00M | Scene, ViewLayer | Synchronizing object | Alternator safety chain link.017
Fra:1 Mem:499.77M (Peak 499.77M) | Time:00:01.04 | Mem:0.00M, Peak:0.00M | Scene, ViewLayer | Synchronizing object | Alternator safety chain link.018
Fra:1 Mem:499.77M (Peak 499.77M) | Time:00:01.04 | Mem:0.00M, Peak:0.00M | Scene, ViewLayer | Synchronizing object | Alternator safety chain link.019
Fra:1 Mem:499.80M (Peak 499.80M) | Time:00:01.04 | Mem:0.00M, Peak:0.00M | Scene, ViewLayer | Synchronizing object | Fabricated sideframe vertical web.004
Fra:1 Mem:499.81M (Peak 499.81M) | Time:00:01.04 | Mem:0.00M, Peak:0.00M | Scene, ViewLayer | Synchronizing object | Fabricated sideframe vertical web.005
Fra:1 Mem:499.81M (Peak 499.81M) | Time:00:01.04 | Mem:0.00M, Peak:0.00M | Scene, ViewLayer | Synchronizing object | Sideframe continuous upper flange.002
Fra:1 Mem:499.81M (Peak 499.81M) | Time:00:01.04 | Mem:0.00M, Peak:0.00M | Scene, ViewLayer | Synchronizing object | Sideframe lower spring flange.002
Fra:1 Mem:499.82M (Peak 499.82M) | Time:00:01.04 | Mem:0.00M, Peak:0.00M | Scene, ViewLayer | Synchronizing object | Sideframe welded vertical stiffener.012
Fra:1 Mem:499.83M (Peak 499.83M) | Time:00:01.04 | Mem:0.00M, Peak:0.00M | Scene, ViewLayer | Synchronizing object | Visible sideframe fillet weld.012
Fra:1 Mem:499.84M (Peak 499.84M) | Time:00:01.04 | Mem:0.00M, Peak:0.00M | Scene, ViewLayer | Synchronizing object | Sideframe welded vertical stiffener.013
Fra:1 Mem:499.84M (Peak 499.84M) | Time:00:01.04 | Mem:0.00M, Peak:0.00M | Scene, ViewLayer | Synchronizing object | Visible sideframe fillet weld.013
Fra:1 Mem:499.85M (Peak 499.85M) | Time:00:01.04 | Mem:0.00M, Peak:0.00M | Scene, ViewLayer | Synchronizing object | Sideframe welded vertical stiffener.014
Fra:1 Mem:499.85M (Peak 499.85M) | Time:00:01.04 | Mem:0.00M, Peak:0.00M | Scene, ViewLayer | Synchronizing object | Visible sideframe fillet weld.014
Fra:1 Mem:499.86M (Peak 499.86M) | Time:00:01.04 | Mem:0.00M, Peak:0.00M | Scene, ViewLayer | Synchronizing object | Sideframe welded vertical stiffener.015
Fra:1 Mem:499.86M (Peak 499.86M) | Time:00:01.04 | Mem:0.00M, Peak:0.00M | Scene, ViewLayer | Synchronizing object | Sideframe welded vertical stiffener.016
Fra:1 Mem:499.88M (Peak 499.88M) | Time:00:01.04 | Mem:0.00M, Peak:0.00M | Scene, ViewLayer | Synchronizing object | Visible sideframe fillet weld.016
Fra:1 Mem:499.88M (Peak 499.88M) | Time:00:01.04 | Mem:0.00M, Peak:0.00M | Scene, ViewLayer | Synchronizing object | Sideframe welded vertical stiffener.017
Fra:1 Mem:499.88M (Peak 499.88M) | Time:00:01.04 | Mem:0.00M, Peak:0.00M | Scene, ViewLayer | Synchronizing object | Visible sideframe fillet weld.017
Fra:1 Mem:499.89M (Peak 499.89M) | Time:00:01.04 | Mem:0.00M, Peak:0.00M | Scene, ViewLayer | Synchronizing object | Maker plate rivet hex head.004
Fra:1 Mem:499.89M (Peak 499.89M) | Time:00:01.04 | Mem:0.00M, Peak:0.00M | Scene, ViewLayer | Synchronizing object | Maker plate rivet hex head.005
Fra:1 Mem:499.90M (Peak 499.90M) | Time:00:01.04 | Mem:0.00M, Peak:0.00M | Scene, ViewLayer | Synchronizing object | Fabricated sideframe vertical web.006
Fra:1 Mem:499.90M (Peak 499.90M) | Time:00:01.04 | Mem:0.00M, Peak:0.00M | Scene, ViewLayer | Synchronizing object | Fabricated sideframe vertical web.007
Fra:1 Mem:499.90M (Peak 499.90M) | Time:00:01.04 | Mem:0.00M, Peak:0.00M | Scene, ViewLayer | Synchronizing object | Sideframe continuous upper flange.003
Fra:1 Mem:499.91M (Peak 499.91M) | Time:00:01.04 | Mem:0.00M, Peak:0.00M | Scene, ViewLayer | Synchronizing object | Sideframe welded vertical stiffener.018
Fra:1 Mem:499.93M (Peak 499.93M) | Time:00:01.04 | Mem:0.00M, Peak:0.00M | Scene, ViewLayer | Synchronizing object | Visible sideframe fillet weld.018
Fra:1 Mem:499.95M (Peak 499.95M) | Time:00:01.04 | Mem:0.00M, Peak:0.00M | Scene, ViewLayer | Synchronizing object | Sideframe welded vertical stiffener.019
Fra:1 Mem:499.93M (Peak 499.95M) | Time:00:01.04 | Mem:0.00M, Peak:0.00M | Scene, ViewLayer | Synchronizing object | Visible sideframe fillet weld.019
Fra:1 Mem:499.94M (Peak 499.95M) | Time:00:01.04 | Mem:0.00M, Peak:0.00M | Scene, ViewLayer | Synchronizing object | Sideframe welded vertical stiffener.020
Fra:1 Mem:499.95M (Peak 499.95M) | Time:00:01.04 | Mem:0.00M, Peak:0.00M | Scene, ViewLayer | Synchronizing object | Visible sideframe fillet weld.020
Fra:1 Mem:499.95M (Peak 499.95M) | Time:00:01.04 | Mem:0.00M, Peak:0.00M | Scene, ViewLayer | Synchronizing object | Visible sideframe fillet weld.021
Fra:1 Mem:499.95M (Peak 499.95M) | Time:00:01.04 | Mem:0.00M, Peak:0.00M | Scene, ViewLayer | Synchronizing object | Sideframe welded vertical stiffener.022
Fra:1 Mem:499.97M (Peak 499.97M) | Time:00:01.04 | Mem:0.00M, Peak:0.00M | Scene, ViewLayer | Synchronizing object | Visible sideframe fillet weld.022
Fra:1 Mem:499.97M (Peak 499.97M) | Time:00:01.04 | Mem:0.00M, Peak:0.00M | Scene, ViewLayer | Synchronizing object | Sideframe welded vertical stiffener.023
Fra:1 Mem:499.97M (Peak 499.97M) | Time:00:01.04 | Mem:0.00M, Peak:0.00M | Scene, ViewLayer | Synchronizing object | Bogie maker plate.003
Fra:1 Mem:499.99M (Peak 499.99M) | Time:00:01.04 | Mem:0.00M, Peak:0.00M | Scene, ViewLayer | Synchronizing object | Maker plate rivet hex head.006
Fra:1 Mem:499.99M (Peak 499.99M) | Time:00:01.04 | Mem:0.00M, Peak:0.00M | Scene, ViewLayer | Synchronizing object | Maker plate rivet hex head.007
Fra:1 Mem:500.00M (Peak 500.00M) | Time:00:01.04 | Mem:0.00M, Peak:0.00M | Scene, ViewLayer | Synchronizing object | Bogie headstock transverse box.002
Fra:1 Mem:500.00M (Peak 500.00M) | Time:00:01.04 | Mem:0.00M, Peak:0.00M | Scene, ViewLayer | Synchronizing object | Headstock corner gusset.004
Fra:1 Mem:500.01M (Peak 500.01M) | Time:00:01.04 | Mem:0.00M, Peak:0.00M | Scene, ViewLayer | Synchronizing object | Headstock corner gusset.005
Fra:1 Mem:500.01M (Peak 500.01M) | Time:00:01.04 | Mem:0.00M, Peak:0.00M | Scene, ViewLayer | Synchronizing object | Bogie headstock transverse box.003
Fra:1 Mem:500.02M (Peak 500.02M) | Time:00:01.04 | Mem:0.00M, Peak:0.00M | Scene, ViewLayer | Synchronizing object | Headstock upper flange.003
Fra:1 Mem:500.02M (Peak 500.02M) | Time:00:01.04 | Mem:0.00M, Peak:0.00M | Scene, ViewLayer | Synchronizing object | Headstock corner gusset.006
Fra:1 Mem:500.03M (Peak 500.03M) | Time:00:01.04 | Mem:0.00M, Peak:0.00M | Scene, ViewLayer | Synchronizing object | Headstock corner gusset.007
Fra:1 Mem:500.03M (Peak 500.03M) | Time:00:01.04 | Mem:0.00M, Peak:0.00M | Scene, ViewLayer | Synchronizing object | Bogie centre transom box.002
Fra:1 Mem:500.03M (Peak 500.03M) | Time:00:01.04 | Mem:0.00M, Peak:0.00M | Scene, ViewLayer | Synchronizing object | Transom upper closing flange.002
Fra:1 Mem:500.04M (Peak 500.04M) | Time:00:01.04 | Mem:0.00M, Peak:0.00M | Scene, ViewLayer | Synchronizing object | Bogie centre transom box.003
Fra:1 Mem:500.06M (Peak 500.06M) | Time:00:01.04 | Mem:0.00M, Peak:0.00M | Scene, ViewLayer | Synchronizing object | Transom upper closing flange.003
Fra:1 Mem:500.06M (Peak 500.06M) | Time:00:01.04 | Mem:0.00M, Peak:0.00M | Scene, ViewLayer | Synchronizing object | Bogie air feed manifold.001
Fra:1 Mem:500.07M (Peak 500.07M) | Time:00:01.04 | Mem:0.00M, Peak:0.00M | Scene, ViewLayer | Synchronizing object | Bogie feed pipe clip.007
Fra:1 Mem:500.08M (Peak 500.08M) | Time:00:01.04 | Mem:0.00M, Peak:0.00M | Scene, ViewLayer | Synchronizing object | Bogie feed pipe clip.008
Fra:1 Mem:500.08M (Peak 500.08M) | Time:00:01.04 | Mem:0.00M, Peak:0.00M | Scene, ViewLayer | Synchronizing object | Bogie feed pipe clip.009
Fra:1 Mem:500.09M (Peak 500.09M) | Time:00:01.04 | Mem:0.00M, Peak:0.00M | Scene, ViewLayer | Synchronizing object | Bogie feed pipe clip.010
Fra:1 Mem:500.10M (Peak 500.10M) | Time:00:01.04 | Mem:0.00M, Peak:0.00M | Scene, ViewLayer | Synchronizing object | Bogie feed pipe clip.011
Fra:1 Mem:500.11M (Peak 500.11M) | Time:00:01.04 | Mem:0.00M, Peak:0.00M | Scene, ViewLayer | Synchronizing object | Bogie feed pipe clip.013
Fra:1 Mem:500.13M (Peak 500.13M) | Time:00:01.04 | Mem:0.00M, Peak:0.00M | Scene, ViewLayer | Synchronizing object | Floating bogie bolster main box.001
Fra:1 Mem:500.13M (Peak 500.13M) | Time:00:01.04 | Mem:0.00M, Peak:0.00M | Scene, ViewLayer | Synchronizing object | Bolster upper flange.003
Fra:1 Mem:500.15M (Peak 500.15M) | Time:00:01.04 | Mem:0.00M, Peak:0.00M | Scene, ViewLayer | Synchronizing object | Bolster spring head seat.002
Fra:1 Mem:500.16M (Peak 500.16M) | Time:00:01.04 | Mem:0.00M, Peak:0.00M | Scene, ViewLayer | Synchronizing object | Lower spring beam end tray.002
Fra:1 Mem:500.17M (Peak 500.17M) | Time:00:01.04 | Mem:0.00M, Peak:0.00M | Scene, ViewLayer | Synchronizing object | Bolster spring bottom rubber pad.004
Fra:1 Mem:500.17M (Peak 500.17M) | Time:00:01.04 | Mem:0.00M, Peak:0.00M | Scene, ViewLayer | Synchronizing object | Secondary 42mm bolster coil.004
Fra:1 Mem:500.22M (Peak 500.22M) | Time:00:01.04 | Mem:0.00M, Peak:0.00M | Scene, ViewLayer | Synchronizing object | Secondary 42mm bolster coil group mark.044
Fra:1 Mem:500.27M (Peak 500.27M) | Time:00:01.04 | Mem:0.00M, Peak:0.00M | Scene, ViewLayer | Synchronizing object | Secondary 42mm bolster coil group mark.046
Fra:1 Mem:500.30M (Peak 500.30M) | Time:00:01.04 | Mem:0.00M, Peak:0.00M | Scene, ViewLayer | Synchronizing object | Secondary 42mm bolster coil group mark.045
Fra:1 Mem:500.30M (Peak 500.30M) | Time:00:01.04 | Mem:0.00M, Peak:0.00M | Scene, ViewLayer | Synchronizing object | Secondary 42mm bolster coil group mark.047
Fra:1 Mem:500.32M (Peak 500.32M) | Time:00:01.04 | Mem:0.00M, Peak:0.00M | Scene, ViewLayer | Synchronizing object | Secondary 42mm bolster coil group mark.048
Fra:1 Mem:500.32M (Peak 500.32M) | Time:00:01.04 | Mem:0.00M, Peak:0.00M | Scene, ViewLayer | Synchronizing object | Secondary 42mm bolster coil group mark.049
Fra:1 Mem:500.37M (Peak 500.37M) | Time:00:01.04 | Mem:0.00M, Peak:0.00M | Scene, ViewLayer | Synchronizing object | Secondary 42mm bolster coil group mark.050
Fra:1 Mem:500.36M (Peak 500.37M) | Time:00:01.04 | Mem:0.00M, Peak:0.00M | Scene, ViewLayer | Synchronizing object | Secondary 42mm bolster coil group mark.051
Fra:1 Mem:500.37M (Peak 500.37M) | Time:00:01.04 | Mem:0.00M, Peak:0.00M | Scene, ViewLayer | Synchronizing object | Secondary 42mm bolster coil group mark.052
Fra:1 Mem:500.37M (Peak 500.37M) | Time:00:01.04 | Mem:0.00M, Peak:0.00M | Scene, ViewLayer | Synchronizing object | Secondary 42mm bolster coil group mark.053
Fra:1 Mem:500.38M (Peak 500.38M) | Time:00:01.04 | Mem:0.00M, Peak:0.00M | Scene, ViewLayer | Synchronizing object | Secondary 42mm bolster coil group mark.054
Fra:1 Mem:500.38M (Peak 500.38M) | Time:00:01.04 | Mem:0.00M, Peak:0.00M | Scene, ViewLayer | Synchronizing object | Bolster spring bottom rubber pad.005
Fra:1 Mem:500.39M (Peak 500.39M) | Time:00:01.04 | Mem:0.00M, Peak:0.00M | Scene, ViewLayer | Synchronizing object | Bolster spring top seating flange.005
Fra:1 Mem:500.43M (Peak 500.43M) | Time:00:01.04 | Mem:0.00M, Peak:0.00M | Scene, ViewLayer | Synchronizing object | Secondary 42mm bolster coil.005
Fra:1 Mem:500.49M (Peak 500.49M) | Time:00:01.04 | Mem:0.00M, Peak:0.00M | Scene, ViewLayer | Synchronizing object | Secondary 42mm bolster coil group mark.055
Fra:1 Mem:500.53M (Peak 500.53M) | Time:00:01.04 | Mem:0.00M, Peak:0.00M | Scene, ViewLayer | Synchronizing object | Secondary 42mm bolster coil group mark.056
Fra:1 Mem:500.55M (Peak 500.55M) | Time:00:01.04 | Mem:0.00M, Peak:0.00M | Scene, ViewLayer | Synchronizing object | Secondary 42mm bolster coil group mark.057
Fra:1 Mem:500.58M (Peak 500.58M) | Time:00:01.04 | Mem:0.00M, Peak:0.00M | Scene, ViewLayer | Synchronizing object | Secondary 42mm bolster coil group mark.058
Fra:1 Mem:500.58M (Peak 500.58M) | Time:00:01.04 | Mem:0.00M, Peak:0.00M | Scene, ViewLayer | Synchronizing object | Secondary 42mm bolster coil group mark.059
Fra:1 Mem:500.59M (Peak 500.59M) | Time:00:01.04 | Mem:0.00M, Peak:0.00M | Scene, ViewLayer | Synchronizing object | Secondary 42mm bolster coil group mark.060
Fra:1 Mem:500.60M (Peak 500.60M) | Time:00:01.04 | Mem:0.00M, Peak:0.00M | Scene, ViewLayer | Synchronizing object | Secondary 42mm bolster coil group mark.061
Fra:1 Mem:500.60M (Peak 500.60M) | Time:00:01.04 | Mem:0.00M, Peak:0.00M | Scene, ViewLayer | Synchronizing object | Secondary 42mm bolster coil group mark.062
Fra:1 Mem:500.62M (Peak 500.62M) | Time:00:01.04 | Mem:0.00M, Peak:0.00M | Scene, ViewLayer | Synchronizing object | Secondary 42mm bolster coil group mark.063
Fra:1 Mem:500.63M (Peak 500.63M) | Time:00:01.04 | Mem:0.00M, Peak:0.00M | Scene, ViewLayer | Synchronizing object | Secondary 42mm bolster coil group mark.064
Fra:1 Mem:500.64M (Peak 500.64M) | Time:00:01.04 | Mem:0.00M, Peak:0.00M | Scene, ViewLayer | Synchronizing object | Secondary 42mm bolster coil group mark.065
Fra:1 Mem:500.64M (Peak 500.64M) | Time:00:01.04 | Mem:0.00M, Peak:0.00M | Scene, ViewLayer | Synchronizing object | BSS swing hanger forged link strap.008
Fra:1 Mem:500.64M (Peak 500.64M) | Time:00:01.04 | Mem:0.00M, Peak:0.00M | Scene, ViewLayer | Synchronizing object | BSS swing hanger forged link eye.016
Fra:1 Mem:500.65M (Peak 500.65M) | Time:00:01.04 | Mem:0.00M, Peak:0.00M | Scene, ViewLayer | Synchronizing object | BSS swing hanger forged link eye.017
Fra:1 Mem:500.65M (Peak 500.65M) | Time:00:01.04 | Mem:0.00M, Peak:0.00M | Scene, ViewLayer | Synchronizing object | BSS swing hanger forged link strap.009
Fra:1 Mem:500.66M (Peak 500.66M) | Time:00:01.04 | Mem:0.00M, Peak:0.00M | Scene, ViewLayer | Synchronizing object | BSS swing hanger forged link eye.018
Fra:1 Mem:500.66M (Peak 500.66M) | Time:00:01.04 | Mem:0.00M, Peak:0.00M | Scene, ViewLayer | Synchronizing object | BSS swing hanger forged link eye.019
Fra:1 Mem:500.67M (Peak 500.67M) | Time:00:01.04 | Mem:0.00M, Peak:0.00M | Scene, ViewLayer | Synchronizing object | BSS upper hanger pin pin.004
Fra:1 Mem:500.67M (Peak 500.67M) | Time:00:01.04 | Mem:0.00M, Peak:0.00M | Scene, ViewLayer | Synchronizing object | BSS upper hanger pin retaining hex head.008
Fra:1 Mem:500.68M (Peak 500.68M) | Time:00:01.04 | Mem:0.00M, Peak:0.00M | Scene, ViewLayer | Synchronizing object | BSS upper hanger pin retaining washer.009
Fra:1 Mem:500.68M (Peak 500.68M) | Time:00:01.04 | Mem:0.00M, Peak:0.00M | Scene, ViewLayer | Synchronizing object | BSS upper hanger pin retaining hex head.009
Fra:1 Mem:500.69M (Peak 500.69M) | Time:00:01.04 | Mem:0.00M, Peak:0.00M | Scene, ViewLayer | Synchronizing object | BSS lower hanger pin pin.004
Fra:1 Mem:500.69M (Peak 500.69M) | Time:00:01.04 | Mem:0.00M, Peak:0.00M | Scene, ViewLayer | Synchronizing object | BSS lower hanger pin retaining washer.008
Fra:1 Mem:500.70M (Peak 500.70M) | Time:00:01.04 | Mem:0.00M, Peak:0.00M | Scene, ViewLayer | Synchronizing object | BSS lower hanger pin retaining washer.009
Fra:1 Mem:500.70M (Peak 500.70M) | Time:00:01.04 | Mem:0.00M, Peak:0.00M | Scene, ViewLayer | Synchronizing object | BSS lower hanger pin retaining hex head.009
Fra:1 Mem:500.71M (Peak 500.71M) | Time:00:01.04 | Mem:0.00M, Peak:0.00M | Scene, ViewLayer | Synchronizing object | BSS hanger block.004
Fra:1 Mem:500.71M (Peak 500.71M) | Time:00:01.04 | Mem:0.00M, Peak:0.00M | Scene, ViewLayer | Synchronizing object | Spring plank hanger block.004
Fra:1 Mem:500.72M (Peak 500.72M) | Time:00:01.04 | Mem:0.00M, Peak:0.00M | Scene, ViewLayer | Synchronizing object | BSS swing hanger forged link strap.010
Fra:1 Mem:500.72M (Peak 500.72M) | Time:00:01.04 | Mem:0.00M, Peak:0.00M | Scene, ViewLayer | Synchronizing object | BSS swing hanger forged link eye.020
Fra:1 Mem:500.73M (Peak 500.73M) | Time:00:01.04 | Mem:0.00M, Peak:0.00M | Scene, ViewLayer | Synchronizing object | BSS swing hanger forged link eye.021
Fra:1 Mem:500.74M (Peak 500.74M) | Time:00:01.04 | Mem:0.00M, Peak:0.00M | Scene, ViewLayer | Synchronizing object | BSS swing hanger forged link strap.011
Fra:1 Mem:500.74M (Peak 500.74M) | Time:00:01.04 | Mem:0.00M, Peak:0.00M | Scene, ViewLayer | Synchronizing object | BSS swing hanger forged link eye.023
Fra:1 Mem:500.74M (Peak 500.74M) | Time:00:01.04 | Mem:0.00M, Peak:0.00M | Scene, ViewLayer | Synchronizing object | BSS upper hanger pin pin.005
Fra:1 Mem:500.77M (Peak 500.77M) | Time:00:01.04 | Mem:0.00M, Peak:0.00M | Scene, ViewLayer | Synchronizing object | BSS upper hanger pin retaining washer.010
Fra:1 Mem:500.76M (Peak 500.77M) | Time:00:01.04 | Mem:0.00M, Peak:0.00M | Scene, ViewLayer | Synchronizing object | BSS upper hanger pin retaining hex head.010
Fra:1 Mem:500.76M (Peak 500.77M) | Time:00:01.04 | Mem:0.00M, Peak:0.00M | Scene, ViewLayer | Synchronizing object | BSS upper hanger pin retaining washer.011
Fra:1 Mem:500.76M (Peak 500.77M) | Time:00:01.04 | Mem:0.00M, Peak:0.00M | Scene, ViewLayer | Synchronizing object | BSS lower hanger pin pin.005
Fra:1 Mem:500.78M (Peak 500.78M) | Time:00:01.04 | Mem:0.00M, Peak:0.00M | Scene, ViewLayer | Synchronizing object | BSS lower hanger pin retaining washer.010
Fra:1 Mem:500.78M (Peak 500.78M) | Time:00:01.04 | Mem:0.00M, Peak:0.00M | Scene, ViewLayer | Synchronizing object | BSS lower hanger pin retaining hex head.010
Fra:1 Mem:500.78M (Peak 500.78M) | Time:00:01.04 | Mem:0.00M, Peak:0.00M | Scene, ViewLayer | Synchronizing object | BSS lower hanger pin retaining washer.011
Fra:1 Mem:500.79M (Peak 500.79M) | Time:00:01.04 | Mem:0.00M, Peak:0.00M | Scene, ViewLayer | Synchronizing object | BSS lower hanger pin retaining hex head.011
Fra:1 Mem:500.79M (Peak 500.79M) | Time:00:01.04 | Mem:0.00M, Peak:0.00M | Scene, ViewLayer | Synchronizing object | BSS hanger block.005
Fra:1 Mem:500.79M (Peak 500.79M) | Time:00:01.04 | Mem:0.00M, Peak:0.00M | Scene, ViewLayer | Synchronizing object | Bolster safety U strap.004
Fra:1 Mem:500.81M (Peak 500.81M) | Time:00:01.04 | Mem:0.00M, Peak:0.00M | Scene, ViewLayer | Synchronizing object | Bolster safety U strap.005
Fra:1 Mem:500.82M (Peak 500.82M) | Time:00:01.04 | Mem:0.00M, Peak:0.00M | Scene, ViewLayer | Synchronizing object | Vertical secondary hydraulic damper body.002
Fra:1 Mem:500.82M (Peak 500.82M) | Time:00:01.04 | Mem:0.00M, Peak:0.00M | Scene, ViewLayer | Synchronizing object | Secondary damper polished piston.002
Fra:1 Mem:500.83M (Peak 500.83M) | Time:00:01.04 | Mem:0.00M, Peak:0.00M | Scene, ViewLayer | Synchronizing object | Secondary damper dust sleeve.002
Fra:1 Mem:500.83M (Peak 500.83M) | Time:00:01.04 | Mem:0.00M, Peak:0.00M | Scene, ViewLayer | Synchronizing object | Damper eye silent rubber.004
Fra:1 Mem:500.84M (Peak 500.84M) | Time:00:01.04 | Mem:0.00M, Peak:0.00M | Scene, ViewLayer | Synchronizing object | Secondary damper eye pin pin.004
Fra:1 Mem:500.84M (Peak 500.84M) | Time:00:01.04 | Mem:0.00M, Peak:0.00M | Scene, ViewLayer | Synchronizing object | Secondary damper eye pin retaining washer.008
Fra:1 Mem:500.85M (Peak 500.85M) | Time:00:01.04 | Mem:0.00M, Peak:0.00M | Scene, ViewLayer | Synchronizing object | Secondary damper eye pin retaining hex head.008
Fra:1 Mem:500.86M (Peak 500.86M) | Time:00:01.04 | Mem:0.00M, Peak:0.00M | Scene, ViewLayer | Synchronizing object | Secondary damper eye pin retaining hex head.009
Fra:1 Mem:500.86M (Peak 500.86M) | Time:00:01.04 | Mem:0.00M, Peak:0.00M | Scene, ViewLayer | Synchronizing object | Damper attachment lug.004
Fra:1 Mem:500.87M (Peak 500.87M) | Time:00:01.04 | Mem:0.00M, Peak:0.00M | Scene, ViewLayer | Synchronizing object | Damper eye silent rubber.005
Fra:1 Mem:500.87M (Peak 500.87M) | Time:00:01.04 | Mem:0.00M, Peak:0.00M | Scene, ViewLayer | Synchronizing object | Secondary damper eye pin pin.005
Fra:1 Mem:500.88M (Peak 500.88M) | Time:00:01.04 | Mem:0.00M, Peak:0.00M | Scene, ViewLayer | Synchronizing object | Secondary damper eye pin retaining washer.010
Fra:1 Mem:500.90M (Peak 500.90M) | Time:00:01.04 | Mem:0.00M, Peak:0.00M | Scene, ViewLayer | Synchronizing object | Secondary damper eye pin retaining hex head.010
Fra:1 Mem:500.89M (Peak 500.90M) | Time:00:01.04 | Mem:0.00M, Peak:0.00M | Scene, ViewLayer | Synchronizing object | Secondary damper eye pin retaining washer.011
Fra:1 Mem:500.89M (Peak 500.90M) | Time:00:01.04 | Mem:0.00M, Peak:0.00M | Scene, ViewLayer | Synchronizing object | Damper attachment lug.005
Fra:1 Mem:500.91M (Peak 500.91M) | Time:00:01.04 | Mem:0.00M, Peak:0.00M | Scene, ViewLayer | Synchronizing object | Side bearer lubricating oil bath.002
Fra:1 Mem:500.91M (Peak 500.91M) | Time:00:01.04 | Mem:0.00M, Peak:0.00M | Scene, ViewLayer | Synchronizing object | Side bearer bronze wearing piece.002
Fra:1 Mem:500.92M (Peak 500.92M) | Time:00:01.04 | Mem:0.00M, Peak:0.00M | Scene, ViewLayer | Synchronizing object | Side bearer dust excluding cover.002
Fra:1 Mem:500.93M (Peak 500.93M) | Time:00:01.04 | Mem:0.00M, Peak:0.00M | Scene, ViewLayer | Synchronizing object | Body bolster side-bearer attachment.002
Fra:1 Mem:500.94M (Peak 500.94M) | Time:00:01.04 | Mem:0.00M, Peak:0.00M | Scene, ViewLayer | Synchronizing object | Side bearer oil filler pipe.002
Fra:1 Mem:500.94M (Peak 500.94M) | Time:00:01.04 | Mem:0.00M, Peak:0.00M | Scene, ViewLayer | Synchronizing object | Side bearer oil filler cap.002
Fra:1 Mem:500.94M (Peak 500.94M) | Time:00:01.04 | Mem:0.00M, Peak:0.00M | Scene, ViewLayer | Synchronizing object | Bolster diagonal anchor link shank.002
Fra:1 Mem:500.95M (Peak 500.95M) | Time:00:01.04 | Mem:0.00M, Peak:0.00M | Scene, ViewLayer | Synchronizing object | Anchor link silent block outer housing.004
Fra:1 Mem:500.95M (Peak 500.95M) | Time:00:01.04 | Mem:0.00M, Peak:0.00M | Scene, ViewLayer | Synchronizing object | Anchor link rubber bush.004
Fra:1 Mem:500.95M (Peak 500.95M) | Time:00:01.04 | Mem:0.00M, Peak:0.00M | Scene, ViewLayer | Synchronizing object | Anchor link pin pin.004
Fra:1 Mem:500.97M (Peak 500.97M) | Time:00:01.04 | Mem:0.00M, Peak:0.00M | Scene, ViewLayer | Synchronizing object | Anchor link pin retaining washer.008
Fra:1 Mem:500.97M (Peak 500.97M) | Time:00:01.04 | Mem:0.00M, Peak:0.00M | Scene, ViewLayer | Synchronizing object | Anchor link pin retaining hex head.008
Fra:1 Mem:500.98M (Peak 500.98M) | Time:00:01.04 | Mem:0.00M, Peak:0.00M | Scene, ViewLayer | Synchronizing object | Anchor link pin retaining washer.009
Fra:1 Mem:500.98M (Peak 500.98M) | Time:00:01.04 | Mem:0.00M, Peak:0.00M | Scene, ViewLayer | Synchronizing object | Anchor link silent block outer housing.005
Fra:1 Mem:500.99M (Peak 500.99M) | Time:00:01.04 | Mem:0.00M, Peak:0.00M | Scene, ViewLayer | Synchronizing object | Anchor link rubber bush.005
Fra:1 Mem:501.00M (Peak 501.00M) | Time:00:01.04 | Mem:0.00M, Peak:0.00M | Scene, ViewLayer | Synchronizing object | Anchor link pin pin.005
Fra:1 Mem:501.00M (Peak 501.00M) | Time:00:01.04 | Mem:0.00M, Peak:0.00M | Scene, ViewLayer | Synchronizing object | Anchor link pin retaining hex head.010
Fra:1 Mem:501.01M (Peak 501.01M) | Time:00:01.04 | Mem:0.00M, Peak:0.00M | Scene, ViewLayer | Synchronizing object | Anchor link pin retaining washer.011
Fra:1 Mem:501.02M (Peak 501.02M) | Time:00:01.04 | Mem:0.00M, Peak:0.00M | Scene, ViewLayer | Synchronizing object | Anchor link pin retaining hex head.011
Fra:1 Mem:501.02M (Peak 501.02M) | Time:00:01.04 | Mem:0.00M, Peak:0.00M | Scene, ViewLayer | Synchronizing object | Equalising stay rod.002
Fra:1 Mem:501.02M (Peak 501.02M) | Time:00:01.04 | Mem:0.00M, Peak:0.00M | Scene, ViewLayer | Synchronizing object | Equalising stay pin eye.004
Fra:1 Mem:501.03M (Peak 501.03M) | Time:00:01.04 | Mem:0.00M, Peak:0.00M | Scene, ViewLayer | Synchronizing object | Equalising stay pin retaining washer.008
Fra:1 Mem:501.04M (Peak 501.04M) | Time:00:01.04 | Mem:0.00M, Peak:0.00M | Scene, ViewLayer | Synchronizing object | Equalising stay pin retaining hex head.008
Fra:1 Mem:501.05M (Peak 501.05M) | Time:00:01.04 | Mem:0.00M, Peak:0.00M | Scene, ViewLayer | Synchronizing object | Equalising stay pin retaining washer.009
Fra:1 Mem:501.05M (Peak 501.05M) | Time:00:01.04 | Mem:0.00M, Peak:0.00M | Scene, ViewLayer | Synchronizing object | Equalising stay pin retaining hex head.009
Fra:1 Mem:501.05M (Peak 501.05M) | Time:00:01.04 | Mem:0.00M, Peak:0.00M | Scene, ViewLayer | Synchronizing object | Equalising stay pin eye.005
Fra:1 Mem:501.06M (Peak 501.06M) | Time:00:01.04 | Mem:0.00M, Peak:0.00M | Scene, ViewLayer | Synchronizing object | Equalising stay pin pin.005
Fra:1 Mem:501.06M (Peak 501.06M) | Time:00:01.04 | Mem:0.00M, Peak:0.00M | Scene, ViewLayer | Synchronizing object | Equalising stay pin retaining washer.010
Fra:1 Mem:501.06M (Peak 501.06M) | Time:00:01.04 | Mem:0.00M, Peak:0.00M | Scene, ViewLayer | Synchronizing object | Equalising stay pin retaining hex head.010
Fra:1 Mem:501.07M (Peak 501.07M) | Time:00:01.04 | Mem:0.00M, Peak:0.00M | Scene, ViewLayer | Synchronizing object | Equalising stay pin retaining washer.011
Fra:1 Mem:501.07M (Peak 501.07M) | Time:00:01.04 | Mem:0.00M, Peak:0.00M | Scene, ViewLayer | Synchronizing object | Equalising stay pin retaining hex head.011
Fra:1 Mem:501.08M (Peak 501.08M) | Time:00:01.04 | Mem:0.00M, Peak:0.00M | Scene, ViewLayer | Synchronizing object | Bolster spring head seat.003
Fra:1 Mem:501.08M (Peak 501.08M) | Time:00:01.04 | Mem:0.00M, Peak:0.00M | Scene, ViewLayer | Synchronizing object | Bolster spring bottom rubber pad.006
Fra:1 Mem:501.11M (Peak 501.11M) | Time:00:01.04 | Mem:0.00M, Peak:0.00M | Scene, ViewLayer | Synchronizing object | Bolster spring top seating flange.006
Fra:1 Mem:501.11M (Peak 501.11M) | Time:00:01.04 | Mem:0.00M, Peak:0.00M | Scene, ViewLayer | Synchronizing object | Secondary 42mm bolster coil group mark.066
Fra:1 Mem:501.15M (Peak 501.15M) | Time:00:01.04 | Mem:0.00M, Peak:0.00M | Scene, ViewLayer | Synchronizing object | Secondary 42mm bolster coil group mark.067
Fra:1 Mem:501.20M (Peak 501.20M) | Time:00:01.04 | Mem:0.00M, Peak:0.00M | Scene, ViewLayer | Synchronizing object | Secondary 42mm bolster coil group mark.068
Fra:1 Mem:501.23M (Peak 501.23M) | Time:00:01.04 | Mem:0.00M, Peak:0.00M | Scene, ViewLayer | Synchronizing object | Secondary 42mm bolster coil group mark.069
Fra:1 Mem:501.24M (Peak 501.24M) | Time:00:01.04 | Mem:0.00M, Peak:0.00M | Scene, ViewLayer | Synchronizing object | Secondary 42mm bolster coil group mark.070
Fra:1 Mem:501.25M (Peak 501.25M) | Time:00:01.04 | Mem:0.00M, Peak:0.00M | Scene, ViewLayer | Synchronizing object | Secondary 42mm bolster coil group mark.071
Fra:1 Mem:501.28M (Peak 501.28M) | Time:00:01.04 | Mem:0.00M, Peak:0.00M | Scene, ViewLayer | Synchronizing object | Secondary 42mm bolster coil group mark.072
Fra:1 Mem:501.28M (Peak 501.28M) | Time:00:01.04 | Mem:0.00M, Peak:0.00M | Scene, ViewLayer | Synchronizing object | Secondary 42mm bolster coil group mark.073
Fra:1 Mem:501.29M (Peak 501.29M) | Time:00:01.04 | Mem:0.00M, Peak:0.00M | Scene, ViewLayer | Synchronizing object | Secondary 42mm bolster coil group mark.074
Fra:1 Mem:501.30M (Peak 501.30M) | Time:00:01.04 | Mem:0.00M, Peak:0.00M | Scene, ViewLayer | Synchronizing object | Secondary 42mm bolster coil group mark.075
Fra:1 Mem:501.30M (Peak 501.30M) | Time:00:01.04 | Mem:0.00M, Peak:0.00M | Scene, ViewLayer | Synchronizing object | Secondary 42mm bolster coil group mark.076
Fra:1 Mem:501.30M (Peak 501.30M) | Time:00:01.04 | Mem:0.00M, Peak:0.00M | Scene, ViewLayer | Synchronizing object | Bolster spring bottom rubber pad.007
Fra:1 Mem:501.31M (Peak 501.31M) | Time:00:01.04 | Mem:0.00M, Peak:0.00M | Scene, ViewLayer | Synchronizing object | Bolster spring top seating flange.007
Fra:1 Mem:501.31M (Peak 501.31M) | Time:00:01.04 | Mem:0.00M, Peak:0.00M | Scene, ViewLayer | Synchronizing object | Secondary 42mm bolster coil.007
Fra:1 Mem:501.44M (Peak 501.44M) | Time:00:01.04 | Mem:0.00M, Peak:0.00M | Scene, ViewLayer | Synchronizing object | Secondary 42mm bolster coil group mark.077
Fra:1 Mem:501.49M (Peak 501.49M) | Time:00:01.04 | Mem:0.00M, Peak:0.00M | Scene, ViewLayer | Synchronizing object | Secondary 42mm bolster coil group mark.078
Fra:1 Mem:501.50M (Peak 501.50M) | Time:00:01.04 | Mem:0.00M, Peak:0.00M | Scene, ViewLayer | Synchronizing object | Secondary 42mm bolster coil group mark.079
Fra:1 Mem:501.50M (Peak 501.50M) | Time:00:01.04 | Mem:0.00M, Peak:0.00M | Scene, ViewLayer | Synchronizing object | Secondary 42mm bolster coil group mark.080
Fra:1 Mem:501.52M (Peak 501.52M) | Time:00:01.04 | Mem:0.00M, Peak:0.00M | Scene, ViewLayer | Synchronizing object | Secondary 42mm bolster coil group mark.081
Fra:1 Mem:501.52M (Peak 501.52M) | Time:00:01.04 | Mem:0.00M, Peak:0.00M | Scene, ViewLayer | Synchronizing object | Secondary 42mm bolster coil group mark.082
Fra:1 Mem:501.52M (Peak 501.52M) | Time:00:01.04 | Mem:0.00M, Peak:0.00M | Scene, ViewLayer | Synchronizing object | Secondary 42mm bolster coil group mark.083
Fra:1 Mem:501.53M (Peak 501.53M) | Time:00:01.04 | Mem:0.00M, Peak:0.00M | Scene, ViewLayer | Synchronizing object | Secondary 42mm bolster coil group mark.084
Fra:1 Mem:501.55M (Peak 501.55M) | Time:00:01.04 | Mem:0.00M, Peak:0.00M | Scene, ViewLayer | Synchronizing object | Secondary 42mm bolster coil group mark.085
Fra:1 Mem:501.56M (Peak 501.56M) | Time:00:01.04 | Mem:0.00M, Peak:0.00M | Scene, ViewLayer | Synchronizing object | Secondary 42mm bolster coil group mark.086
Fra:1 Mem:501.58M (Peak 501.58M) | Time:00:01.04 | Mem:0.00M, Peak:0.00M | Scene, ViewLayer | Synchronizing object | Secondary 42mm bolster coil group mark.087
Fra:1 Mem:501.56M (Peak 501.58M) | Time:00:01.04 | Mem:0.00M, Peak:0.00M | Scene, ViewLayer | Synchronizing object | BSS swing hanger forged link eye.024
Fra:1 Mem:501.57M (Peak 501.58M) | Time:00:01.04 | Mem:0.00M, Peak:0.00M | Scene, ViewLayer | Synchronizing object | BSS swing hanger forged link eye.025
Fra:1 Mem:501.57M (Peak 501.58M) | Time:00:01.04 | Mem:0.00M, Peak:0.00M | Scene, ViewLayer | Synchronizing object | BSS swing hanger forged link strap.013
Fra:1 Mem:501.58M (Peak 501.58M) | Time:00:01.04 | Mem:0.00M, Peak:0.00M | Scene, ViewLayer | Synchronizing object | BSS swing hanger forged link eye.026
Fra:1 Mem:501.58M (Peak 501.58M) | Time:00:01.04 | Mem:0.00M, Peak:0.00M | Scene, ViewLayer | Synchronizing object | BSS swing hanger forged link eye.027
Fra:1 Mem:501.59M (Peak 501.59M) | Time:00:01.04 | Mem:0.00M, Peak:0.00M | Scene, ViewLayer | Synchronizing object | BSS upper hanger pin retaining washer.012
Fra:1 Mem:501.60M (Peak 501.60M) | Time:00:01.04 | Mem:0.00M, Peak:0.00M | Scene, ViewLayer | Synchronizing object | BSS upper hanger pin retaining hex head.012
Fra:1 Mem:501.60M (Peak 501.60M) | Time:00:01.04 | Mem:0.00M, Peak:0.00M | Scene, ViewLayer | Synchronizing object | BSS upper hanger pin retaining hex head.013
Fra:1 Mem:501.61M (Peak 501.61M) | Time:00:01.04 | Mem:0.00M, Peak:0.00M | Scene, ViewLayer | Synchronizing object | BSS lower hanger pin pin.006
Fra:1 Mem:501.62M (Peak 501.62M) | Time:00:01.04 | Mem:0.00M, Peak:0.00M | Scene, ViewLayer | Synchronizing object | BSS lower hanger pin retaining hex head.012
Fra:1 Mem:501.62M (Peak 501.62M) | Time:00:01.04 | Mem:0.00M, Peak:0.00M | Scene, ViewLayer | Synchronizing object | BSS lower hanger pin retaining washer.013
Fra:1 Mem:501.63M (Peak 501.63M) | Time:00:01.04 | Mem:0.00M, Peak:0.00M | Scene, ViewLayer | Synchronizing object | BSS lower hanger pin retaining hex head.013
Fra:1 Mem:501.65M (Peak 501.65M) | Time:00:01.04 | Mem:0.00M, Peak:0.00M | Scene, ViewLayer | Synchronizing object | Spring plank hanger block.006
Fra:1 Mem:501.64M (Peak 501.65M) | Time:00:01.04 | Mem:0.00M, Peak:0.00M | Scene, ViewLayer | Synchronizing object | BSS swing hanger forged link strap.014
Fra:1 Mem:501.65M (Peak 501.65M) | Time:00:01.04 | Mem:0.00M, Peak:0.00M | Scene, ViewLayer | Synchronizing object | BSS swing hanger forged link eye.028
Fra:1 Mem:501.65M (Peak 501.65M) | Time:00:01.04 | Mem:0.00M, Peak:0.00M | Scene, ViewLayer | Synchronizing object | BSS swing hanger forged link eye.029
Fra:1 Mem:501.66M (Peak 501.66M) | Time:00:01.04 | Mem:0.00M, Peak:0.00M | Scene, ViewLayer | Synchronizing object | BSS swing hanger forged link eye.030
Fra:1 Mem:501.67M (Peak 501.67M) | Time:00:01.04 | Mem:0.00M, Peak:0.00M | Scene, ViewLayer | Synchronizing object | BSS swing hanger forged link eye.031
Fra:1 Mem:501.67M (Peak 501.67M) | Time:00:01.04 | Mem:0.00M, Peak:0.00M | Scene, ViewLayer | Synchronizing object | BSS upper hanger pin pin.007
Fra:1 Mem:501.68M (Peak 501.68M) | Time:00:01.04 | Mem:0.00M, Peak:0.00M | Scene, ViewLayer | Synchronizing object | BSS upper hanger pin retaining hex head.014
Fra:1 Mem:501.68M (Peak 501.68M) | Time:00:01.04 | Mem:0.00M, Peak:0.00M | Scene, ViewLayer | Synchronizing object | BSS upper hanger pin retaining washer.015
Fra:1 Mem:501.69M (Peak 501.69M) | Time:00:01.04 | Mem:0.00M, Peak:0.00M | Scene, ViewLayer | Synchronizing object | BSS upper hanger pin retaining hex head.015
Fra:1 Mem:501.70M (Peak 501.70M) | Time:00:01.04 | Mem:0.00M, Peak:0.00M | Scene, ViewLayer | Synchronizing object | BSS lower hanger pin pin.007
Fra:1 Mem:501.70M (Peak 501.70M) | Time:00:01.04 | Mem:0.00M, Peak:0.00M | Scene, ViewLayer | Synchronizing object | BSS lower hanger pin retaining hex head.014
Fra:1 Mem:501.70M (Peak 501.70M) | Time:00:01.04 | Mem:0.00M, Peak:0.00M | Scene, ViewLayer | Synchronizing object | BSS lower hanger pin retaining washer.015
Fra:1 Mem:501.70M (Peak 501.70M) | Time:00:01.04 | Mem:0.00M, Peak:0.00M | Scene, ViewLayer | Synchronizing object | BSS lower hanger pin retaining hex head.015
Fra:1 Mem:501.72M (Peak 501.72M) | Time:00:01.04 | Mem:0.00M, Peak:0.00M | Scene, ViewLayer | Synchronizing object | BSS hanger block.007
Fra:1 Mem:501.72M (Peak 501.72M) | Time:00:01.04 | Mem:0.00M, Peak:0.00M | Scene, ViewLayer | Synchronizing object | Bolster safety U strap.006
Fra:1 Mem:501.74M (Peak 501.74M) | Time:00:01.04 | Mem:0.00M, Peak:0.00M | Scene, ViewLayer | Synchronizing object | Bolster safety U strap.007
Fra:1 Mem:501.74M (Peak 501.74M) | Time:00:01.04 | Mem:0.00M, Peak:0.00M | Scene, ViewLayer | Synchronizing object | Vertical secondary hydraulic damper body.003
Fra:1 Mem:501.74M (Peak 501.74M) | Time:00:01.04 | Mem:0.00M, Peak:0.00M | Scene, ViewLayer | Synchronizing object | Secondary damper polished piston.003
Fra:1 Mem:501.75M (Peak 501.75M) | Time:00:01.04 | Mem:0.00M, Peak:0.00M | Scene, ViewLayer | Synchronizing object | Secondary damper dust sleeve.003
Fra:1 Mem:501.76M (Peak 501.76M) | Time:00:01.04 | Mem:0.00M, Peak:0.00M | Scene, ViewLayer | Synchronizing object | Damper eye silent rubber.006
Fra:1 Mem:501.76M (Peak 501.76M) | Time:00:01.04 | Mem:0.00M, Peak:0.00M | Scene, ViewLayer | Synchronizing object | Secondary damper eye pin pin.006
Fra:1 Mem:501.77M (Peak 501.77M) | Time:00:01.04 | Mem:0.00M, Peak:0.00M | Scene, ViewLayer | Synchronizing object | Secondary damper eye pin retaining washer.012
Fra:1 Mem:501.78M (Peak 501.78M) | Time:00:01.04 | Mem:0.00M, Peak:0.00M | Scene, ViewLayer | Synchronizing object | Secondary damper eye pin retaining hex head.012
Fra:1 Mem:501.78M (Peak 501.78M) | Time:00:01.04 | Mem:0.00M, Peak:0.00M | Scene, ViewLayer | Synchronizing object | Secondary damper eye pin retaining washer.013
Fra:1 Mem:501.78M (Peak 501.78M) | Time:00:01.04 | Mem:0.00M, Peak:0.00M | Scene, ViewLayer | Synchronizing object | Damper attachment lug.006
Fra:1 Mem:501.79M (Peak 501.79M) | Time:00:01.04 | Mem:0.00M, Peak:0.00M | Scene, ViewLayer | Synchronizing object | Damper eye silent rubber.007
Fra:1 Mem:501.80M (Peak 501.80M) | Time:00:01.04 | Mem:0.00M, Peak:0.00M | Scene, ViewLayer | Synchronizing object | Secondary damper eye pin pin.007
Fra:1 Mem:501.82M (Peak 501.82M) | Time:00:01.04 | Mem:0.00M, Peak:0.00M | Scene, ViewLayer | Synchronizing object | Secondary damper eye pin retaining washer.014
Fra:1 Mem:501.81M (Peak 501.82M) | Time:00:01.04 | Mem:0.00M, Peak:0.00M | Scene, ViewLayer | Synchronizing object | Secondary damper eye pin retaining hex head.014
Fra:1 Mem:501.81M (Peak 501.82M) | Time:00:01.04 | Mem:0.00M, Peak:0.00M | Scene, ViewLayer | Synchronizing object | Secondary damper eye pin retaining washer.015
Fra:1 Mem:501.82M (Peak 501.82M) | Time:00:01.04 | Mem:0.00M, Peak:0.00M | Scene, ViewLayer | Synchronizing object | Secondary damper eye pin retaining hex head.015
Fra:1 Mem:501.82M (Peak 501.82M) | Time:00:01.04 | Mem:0.00M, Peak:0.00M | Scene, ViewLayer | Synchronizing object | Damper attachment lug.007
Fra:1 Mem:501.82M (Peak 501.82M) | Time:00:01.04 | Mem:0.00M, Peak:0.00M | Scene, ViewLayer | Synchronizing object | Side bearer lubricating oil bath.003
Fra:1 Mem:501.83M (Peak 501.83M) | Time:00:01.04 | Mem:0.00M, Peak:0.00M | Scene, ViewLayer | Synchronizing object | Side bearer bronze wearing piece.003
Fra:1 Mem:501.85M (Peak 501.85M) | Time:00:01.04 | Mem:0.00M, Peak:0.00M | Scene, ViewLayer | Synchronizing object | Side bearer dust excluding cover.003
Fra:1 Mem:501.85M (Peak 501.85M) | Time:00:01.04 | Mem:0.00M, Peak:0.00M | Scene, ViewLayer | Synchronizing object | Body bolster side-bearer attachment.003
Fra:1 Mem:501.86M (Peak 501.86M) | Time:00:01.04 | Mem:0.00M, Peak:0.00M | Scene, ViewLayer | Synchronizing object | Side bearer oil filler cap.003
Fra:1 Mem:501.87M (Peak 501.87M) | Time:00:01.04 | Mem:0.00M, Peak:0.00M | Scene, ViewLayer | Synchronizing object | Bolster diagonal anchor link shank.003
Fra:1 Mem:501.87M (Peak 501.87M) | Time:00:01.04 | Mem:0.00M, Peak:0.00M | Scene, ViewLayer | Synchronizing object | Anchor link silent block outer housing.006
Fra:1 Mem:501.87M (Peak 501.87M) | Time:00:01.04 | Mem:0.00M, Peak:0.00M | Scene, ViewLayer | Synchronizing object | Anchor link rubber bush.006
Fra:1 Mem:501.89M (Peak 501.89M) | Time:00:01.04 | Mem:0.00M, Peak:0.00M | Scene, ViewLayer | Synchronizing object | Anchor link pin pin.006
Fra:1 Mem:501.89M (Peak 501.89M) | Time:00:01.04 | Mem:0.00M, Peak:0.00M | Scene, ViewLayer | Synchronizing object | Anchor link pin retaining washer.012
Fra:1 Mem:501.90M (Peak 501.90M) | Time:00:01.04 | Mem:0.00M, Peak:0.00M | Scene, ViewLayer | Synchronizing object | Anchor link pin retaining hex head.012
Fra:1 Mem:501.90M (Peak 501.90M) | Time:00:01.04 | Mem:0.00M, Peak:0.00M | Scene, ViewLayer | Synchronizing object | Anchor link pin retaining washer.013
Fra:1 Mem:501.90M (Peak 501.90M) | Time:00:01.04 | Mem:0.00M, Peak:0.00M | Scene, ViewLayer | Synchronizing object | Anchor link pin retaining hex head.013
Fra:1 Mem:501.91M (Peak 501.91M) | Time:00:01.04 | Mem:0.00M, Peak:0.00M | Scene, ViewLayer | Synchronizing object | Anchor link silent block outer housing.007
Fra:1 Mem:501.91M (Peak 501.91M) | Time:00:01.04 | Mem:0.00M, Peak:0.00M | Scene, ViewLayer | Synchronizing object | Anchor link pin pin.007
Fra:1 Mem:501.93M (Peak 501.93M) | Time:00:01.04 | Mem:0.00M, Peak:0.00M | Scene, ViewLayer | Synchronizing object | Anchor link pin retaining washer.014
Fra:1 Mem:501.93M (Peak 501.93M) | Time:00:01.04 | Mem:0.00M, Peak:0.00M | Scene, ViewLayer | Synchronizing object | Anchor link pin retaining hex head.014
Fra:1 Mem:501.94M (Peak 501.94M) | Time:00:01.04 | Mem:0.00M, Peak:0.00M | Scene, ViewLayer | Synchronizing object | Anchor link pin retaining washer.015
Fra:1 Mem:501.94M (Peak 501.94M) | Time:00:01.04 | Mem:0.00M, Peak:0.00M | Scene, ViewLayer | Synchronizing object | Anchor link pin retaining hex head.015
Fra:1 Mem:501.95M (Peak 501.95M) | Time:00:01.04 | Mem:0.00M, Peak:0.00M | Scene, ViewLayer | Synchronizing object | Equalising stay rod.003
Fra:1 Mem:501.95M (Peak 501.95M) | Time:00:01.04 | Mem:0.00M, Peak:0.00M | Scene, ViewLayer | Synchronizing object | Equalising stay pin eye.006
Fra:1 Mem:501.95M (Peak 501.95M) | Time:00:01.04 | Mem:0.00M, Peak:0.00M | Scene, ViewLayer | Synchronizing object | Equalising stay pin pin.006
Fra:1 Mem:501.96M (Peak 501.96M) | Time:00:01.04 | Mem:0.00M, Peak:0.00M | Scene, ViewLayer | Synchronizing object | Equalising stay pin retaining washer.012
Fra:1 Mem:501.96M (Peak 501.96M) | Time:00:01.04 | Mem:0.00M, Peak:0.00M | Scene, ViewLayer | Synchronizing object | Equalising stay pin retaining hex head.012
Fra:1 Mem:501.97M (Peak 501.97M) | Time:00:01.04 | Mem:0.00M, Peak:0.00M | Scene, ViewLayer | Synchronizing object | Equalising stay pin retaining washer.013
Fra:1 Mem:501.97M (Peak 501.97M) | Time:00:01.04 | Mem:0.00M, Peak:0.00M | Scene, ViewLayer | Synchronizing object | Equalising stay pin retaining hex head.013
Fra:1 Mem:501.98M (Peak 501.98M) | Time:00:01.04 | Mem:0.00M, Peak:0.00M | Scene, ViewLayer | Synchronizing object | Equalising stay pin eye.007
Fra:1 Mem:501.98M (Peak 501.98M) | Time:00:01.04 | Mem:0.00M, Peak:0.00M | Scene, ViewLayer | Synchronizing object | Equalising stay pin pin.007
Fra:1 Mem:501.99M (Peak 501.99M) | Time:00:01.04 | Mem:0.00M, Peak:0.00M | Scene, ViewLayer | Synchronizing object | Equalising stay pin retaining washer.014
Fra:1 Mem:501.99M (Peak 501.99M) | Time:00:01.04 | Mem:0.00M, Peak:0.00M | Scene, ViewLayer | Synchronizing object | Equalising stay pin retaining hex head.014
Fra:1 Mem:502.00M (Peak 502.00M) | Time:00:01.04 | Mem:0.00M, Peak:0.00M | Scene, ViewLayer | Synchronizing object | Equalising stay pin retaining washer.015
Fra:1 Mem:502.00M (Peak 502.00M) | Time:00:01.04 | Mem:0.00M, Peak:0.00M | Scene, ViewLayer | Synchronizing object | Equalising stay pin retaining hex head.015
Fra:1 Mem:502.00M (Peak 502.00M) | Time:00:01.04 | Mem:0.00M, Peak:0.00M | Scene, ViewLayer | Synchronizing object | Lower spring cradle transverse channel.002
Fra:1 Mem:502.01M (Peak 502.01M) | Time:00:01.04 | Mem:0.00M, Peak:0.00M | Scene, ViewLayer | Synchronizing object | Spring cradle transverse stiffener.006
Fra:1 Mem:502.01M (Peak 502.01M) | Time:00:01.04 | Mem:0.00M, Peak:0.00M | Scene, ViewLayer | Synchronizing object | Spring cradle transverse stiffener.007
Fra:1 Mem:502.03M (Peak 502.03M) | Time:00:01.04 | Mem:0.00M, Peak:0.00M | Scene, ViewLayer | Synchronizing object | Spring cradle transverse stiffener.008
Fra:1 Mem:502.03M (Peak 502.03M) | Time:00:01.04 | Mem:0.00M, Peak:0.00M | Scene, ViewLayer | Synchronizing object | Lower spring cradle transverse channel.003
Fra:1 Mem:502.05M (Peak 502.05M) | Time:00:01.04 | Mem:0.00M, Peak:0.00M | Scene, ViewLayer | Synchronizing object | Spring cradle transverse stiffener.009
Fra:1 Mem:502.05M (Peak 502.05M) | Time:00:01.04 | Mem:0.00M, Peak:0.00M | Scene, ViewLayer | Synchronizing object | Spring cradle transverse stiffener.010
Fra:1 Mem:502.06M (Peak 502.06M) | Time:00:01.04 | Mem:0.00M, Peak:0.00M | Scene, ViewLayer | Synchronizing object | Centre pivot silent block housing.001
Fra:1 Mem:502.08M (Peak 502.08M) | Time:00:01.04 | Mem:0.00M, Peak:0.00M | Scene, ViewLayer | Synchronizing object | Centre pivot rubber silent block.001
Fra:1 Mem:502.08M (Peak 502.08M) | Time:00:01.04 | Mem:0.00M, Peak:0.00M | Scene, ViewLayer | Synchronizing object | Centre pivot retaining plate.001
Fra:1 Mem:502.11M (Peak 502.11M) | Time:00:01.04 | Mem:0.00M, Peak:0.00M | Scene, ViewLayer | Synchronizing object | Centre pivot retaining screw hex head.004
Fra:1 Mem:502.11M (Peak 502.11M) | Time:00:01.04 | Mem:0.00M, Peak:0.00M | Scene, ViewLayer | Synchronizing object | Centre pivot retaining screw hex head.005
Fra:1 Mem:502.11M (Peak 502.11M) | Time:00:01.04 | Mem:0.00M, Peak:0.00M | Scene, ViewLayer | Synchronizing object | Centre pivot retaining screw hex head.006
Fra:1 Mem:502.12M (Peak 502.12M) | Time:00:01.04 | Mem:0.00M, Peak:0.00M | Scene, ViewLayer | Synchronizing object | Turned stepped solid ICF axle.002
Fra:1 Mem:502.12M (Peak 502.12M) | Time:00:01.04 | Mem:0.00M, Peak:0.00M | Scene, ViewLayer | Synchronizing object | ICF monobloc 915mm dished wheel.004
Fra:1 Mem:502.20M (Peak 502.20M) | Time:00:01.04 | Mem:0.00M, Peak:0.00M | Scene, ViewLayer | Synchronizing object | Wheel hub machining line.004
Fra:1 Mem:502.51M (Peak 502.51M) | Time:00:01.04 | Mem:0.00M, Peak:0.00M | Scene, ViewLayer | Synchronizing object | Wheel rim witness line.004
Fra:1 Mem:502.60M (Peak 502.60M) | Time:00:01.04 | Mem:0.00M, Peak:0.00M | Scene, ViewLayer | Synchronizing object | Wing-type axlebox casting.004
Fra:1 Mem:502.67M (Peak 502.67M) | Time:00:01.04 | Mem:0.00M, Peak:0.00M | Scene, ViewLayer | Synchronizing object | Axlebox spherical bearing housing.004
Fra:1 Mem:502.71M (Peak 502.71M) | Time:00:01.04 | Mem:0.00M, Peak:0.00M | Scene, ViewLayer | Synchronizing object | Axlebox circular gasket.004
Fra:1 Mem:502.72M (Peak 502.72M) | Time:00:01.04 | Mem:0.00M, Peak:0.00M | Scene, ViewLayer | Synchronizing object | Axlebox bolted front cover.004
Fra:1 Mem:502.73M (Peak 502.73M) | Time:00:01.04 | Mem:0.00M, Peak:0.00M | Scene, ViewLayer | Synchronizing object | Axlebox centre inspection emboss.004
Fra:1 Mem:502.74M (Peak 502.74M) | Time:00:01.04 | Mem:0.00M, Peak:0.00M | Scene, ViewLayer | Synchronizing object | Axlebox cover M20 hex head.024
Fra:1 Mem:502.75M (Peak 502.75M) | Time:00:01.04 | Mem:0.00M, Peak:0.00M | Scene, ViewLayer | Synchronizing object | Axlebox cover M20 hex head.025
Fra:1 Mem:502.75M (Peak 502.75M) | Time:00:01.04 | Mem:0.00M, Peak:0.00M | Scene, ViewLayer | Synchronizing object | Axlebox cover M20 hex head.026
Fra:1 Mem:502.75M (Peak 502.75M) | Time:00:01.04 | Mem:0.00M, Peak:0.00M | Scene, ViewLayer | Synchronizing object | Axlebox cover M20 hex head.027
Fra:1 Mem:502.75M (Peak 502.75M) | Time:00:01.04 | Mem:0.00M, Peak:0.00M | Scene, ViewLayer | Synchronizing object | Axlebox cover M20 hex head.028
Fra:1 Mem:502.80M (Peak 502.80M) | Time:00:01.04 | Mem:0.00M, Peak:0.00M | Scene, ViewLayer | Synchronizing object | Axlebox cover M20 hex head.029
Fra:1 Mem:502.80M (Peak 502.80M) | Time:00:01.04 | Mem:0.00M, Peak:0.00M | Scene, ViewLayer | Synchronizing object | Axlebox crown stop bracket.004
Fra:1 Mem:502.84M (Peak 502.84M) | Time:00:01.04 | Mem:0.00M, Peak:0.00M | Scene, ViewLayer | Synchronizing object | Crown clearance stop bolt.004
Fra:1 Mem:502.84M (Peak 502.84M) | Time:00:01.04 | Mem:0.00M, Peak:0.00M | Scene, ViewLayer | Synchronizing object | Primary lower spring seat cup.008
Fra:1 Mem:502.89M (Peak 502.89M) | Time:00:01.04 | Mem:0.00M, Peak:0.00M | Scene, ViewLayer | Synchronizing object | Primary isolation rubber pad.008
Fra:1 Mem:502.90M (Peak 502.90M) | Time:00:01.04 | Mem:0.00M, Peak:0.00M | Scene, ViewLayer | Synchronizing object | Primary dashpot oil cylinder.008
Fra:1 Mem:502.90M (Peak 502.90M) | Time:00:01.04 | Mem:0.00M, Peak:0.00M | Scene, ViewLayer | Synchronizing object | Telescopic axle guide piston sleeve.008
Fra:1 Mem:502.92M (Peak 502.92M) | Time:00:01.04 | Mem:0.00M, Peak:0.00M | Scene, ViewLayer | Synchronizing object | Dashpot sealing lip.008
Fra:1 Mem:502.94M (Peak 502.94M) | Time:00:01.04 | Mem:0.00M, Peak:0.00M | Scene, ViewLayer | Synchronizing object | Primary upper spring seat.008
Fra:1 Mem:502.96M (Peak 502.96M) | Time:00:01.04 | Mem:0.00M, Peak:0.00M | Scene, ViewLayer | Synchronizing object | Primary 33.5mm helical spring.008
Fra:1 Mem:503.00M (Peak 503.00M) | Time:00:01.04 | Mem:0.00M, Peak:0.00M | Scene, ViewLayer | Synchronizing object | Primary 33.5mm helical spring group mark.112
Fra:1 Mem:502.96M (Peak 503.00M) | Time:00:01.04 | Mem:0.00M, Peak:0.00M | Scene, ViewLayer | Synchronizing object | Primary 33.5mm helical spring group mark.113
Fra:1 Mem:502.96M (Peak 503.00M) | Time:00:01.04 | Mem:0.00M, Peak:0.00M | Scene, ViewLayer | Synchronizing object | Primary 33.5mm helical spring group mark.114
Fra:1 Mem:503.03M (Peak 503.03M) | Time:00:01.04 | Mem:0.00M, Peak:0.00M | Scene, ViewLayer | Synchronizing object | Primary 33.5mm helical spring group mark.115
Fra:1 Mem:503.03M (Peak 503.03M) | Time:00:01.04 | Mem:0.00M, Peak:0.00M | Scene, ViewLayer | Synchronizing object | Primary 33.5mm helical spring group mark.116
Fra:1 Mem:503.06M (Peak 503.06M) | Time:00:01.04 | Mem:0.00M, Peak:0.00M | Scene, ViewLayer | Synchronizing object | Primary 33.5mm helical spring group mark.117
Fra:1 Mem:503.06M (Peak 503.06M) | Time:00:01.04 | Mem:0.00M, Peak:0.00M | Scene, ViewLayer | Synchronizing object | Primary 33.5mm helical spring group mark.118
Fra:1 Mem:503.08M (Peak 503.08M) | Time:00:01.04 | Mem:0.00M, Peak:0.00M | Scene, ViewLayer | Synchronizing object | Primary 33.5mm helical spring group mark.120
Fra:1 Mem:503.09M (Peak 503.09M) | Time:00:01.04 | Mem:0.00M, Peak:0.00M | Scene, ViewLayer | Synchronizing object | Primary 33.5mm helical spring group mark.121
Fra:1 Mem:503.10M (Peak 503.10M) | Time:00:01.04 | Mem:0.00M, Peak:0.00M | Scene, ViewLayer | Synchronizing object | Primary 33.5mm helical spring group mark.122
Fra:1 Mem:503.13M (Peak 503.13M) | Time:00:01.04 | Mem:0.00M, Peak:0.00M | Scene, ViewLayer | Synchronizing object | Primary 33.5mm helical spring group mark.123
Fra:1 Mem:503.13M (Peak 503.13M) | Time:00:01.04 | Mem:0.00M, Peak:0.00M | Scene, ViewLayer | Synchronizing object | Primary 33.5mm helical spring group mark.124
Fra:1 Mem:503.13M (Peak 503.13M) | Time:00:01.04 | Mem:0.00M, Peak:0.00M | Scene, ViewLayer | Synchronizing object | Primary 33.5mm helical spring group mark.125
Fra:1 Mem:503.15M (Peak 503.15M) | Time:00:01.04 | Mem:0.00M, Peak:0.00M | Scene, ViewLayer | Synchronizing object | Dashpot oil filling vent screw hex head.008
Fra:1 Mem:503.15M (Peak 503.15M) | Time:00:01.04 | Mem:0.00M, Peak:0.00M | Scene, ViewLayer | Synchronizing object | Dashpot safety U bolt.008
Fra:1 Mem:503.16M (Peak 503.16M) | Time:00:01.04 | Mem:0.00M, Peak:0.00M | Scene, ViewLayer | Synchronizing object | Primary lower spring seat cup.009
Fra:1 Mem:503.19M (Peak 503.19M) | Time:00:01.04 | Mem:0.00M, Peak:0.00M | Scene, ViewLayer | Synchronizing object | Primary isolation rubber pad.009
Fra:1 Mem:503.20M (Peak 503.20M) | Time:00:01.04 | Mem:0.00M, Peak:0.00M | Scene, ViewLayer | Synchronizing object | Primary dashpot oil cylinder.009
Fra:1 Mem:503.21M (Peak 503.21M) | Time:00:01.04 | Mem:0.00M, Peak:0.00M | Scene, ViewLayer | Synchronizing object | Telescopic axle guide piston sleeve.009
Fra:1 Mem:503.22M (Peak 503.22M) | Time:00:01.04 | Mem:0.00M, Peak:0.00M | Scene, ViewLayer | Synchronizing object | Dashpot sealing lip.009
Fra:1 Mem:503.27M (Peak 503.27M) | Time:00:01.04 | Mem:0.00M, Peak:0.00M | Scene, ViewLayer | Synchronizing object | Primary upper spring seat.009
Fra:1 Mem:503.29M (Peak 503.29M) | Time:00:01.04 | Mem:0.00M, Peak:0.00M | Scene, ViewLayer | Synchronizing object | Primary 33.5mm helical spring.009
Fra:1 Mem:503.31M (Peak 503.31M) | Time:00:01.04 | Mem:0.00M, Peak:0.00M | Scene, ViewLayer | Synchronizing object | Primary 33.5mm helical spring group mark.126
Fra:1 Mem:503.30M (Peak 503.31M) | Time:00:01.04 | Mem:0.00M, Peak:0.00M | Scene, ViewLayer | Synchronizing object | Primary 33.5mm helical spring group mark.127
Fra:1 Mem:503.39M (Peak 503.39M) | Time:00:01.04 | Mem:0.00M, Peak:0.00M | Scene, ViewLayer | Synchronizing object | Primary 33.5mm helical spring group mark.128
Fra:1 Mem:503.41M (Peak 503.41M) | Time:00:01.04 | Mem:0.00M, Peak:0.00M | Scene, ViewLayer | Synchronizing object | Primary 33.5mm helical spring group mark.129
Fra:1 Mem:503.42M (Peak 503.42M) | Time:00:01.04 | Mem:0.00M, Peak:0.00M | Scene, ViewLayer | Synchronizing object | Primary 33.5mm helical spring group mark.130
Fra:1 Mem:503.42M (Peak 503.42M) | Time:00:01.04 | Mem:0.00M, Peak:0.00M | Scene, ViewLayer | Synchronizing object | Primary 33.5mm helical spring group mark.131
Fra:1 Mem:503.43M (Peak 503.43M) | Time:00:01.04 | Mem:0.00M, Peak:0.00M | Scene, ViewLayer | Synchronizing object | Primary 33.5mm helical spring group mark.132
Fra:1 Mem:503.46M (Peak 503.46M) | Time:00:01.04 | Mem:0.00M, Peak:0.00M | Scene, ViewLayer | Synchronizing object | Primary 33.5mm helical spring group mark.133
Fra:1 Mem:503.46M (Peak 503.46M) | Time:00:01.04 | Mem:0.00M, Peak:0.00M | Scene, ViewLayer | Synchronizing object | Primary 33.5mm helical spring group mark.134
Fra:1 Mem:503.48M (Peak 503.48M) | Time:00:01.04 | Mem:0.00M, Peak:0.00M | Scene, ViewLayer | Synchronizing object | Primary 33.5mm helical spring group mark.135
Fra:1 Mem:503.48M (Peak 503.48M) | Time:00:01.04 | Mem:0.00M, Peak:0.00M | Scene, ViewLayer | Synchronizing object | Primary 33.5mm helical spring group mark.136
Fra:1 Mem:503.48M (Peak 503.48M) | Time:00:01.04 | Mem:0.00M, Peak:0.00M | Scene, ViewLayer | Synchronizing object | Primary 33.5mm helical spring group mark.137
Fra:1 Mem:503.49M (Peak 503.49M) | Time:00:01.04 | Mem:0.00M, Peak:0.00M | Scene, ViewLayer | Synchronizing object | Primary 33.5mm helical spring group mark.138
Fra:1 Mem:503.49M (Peak 503.49M) | Time:00:01.04 | Mem:0.00M, Peak:0.00M | Scene, ViewLayer | Synchronizing object | Primary 33.5mm helical spring group mark.139
Fra:1 Mem:503.51M (Peak 503.51M) | Time:00:01.04 | Mem:0.00M, Peak:0.00M | Scene, ViewLayer | Synchronizing object | Dashpot oil filling vent screw hex head.009
Fra:1 Mem:503.52M (Peak 503.52M) | Time:00:01.04 | Mem:0.00M, Peak:0.00M | Scene, ViewLayer | Synchronizing object | Dashpot safety U bolt.009
Fra:1 Mem:503.53M (Peak 503.53M) | Time:00:01.04 | Mem:0.00M, Peak:0.00M | Scene, ViewLayer | Synchronizing object | Axlebox wing strengthening rib.009
Fra:1 Mem:503.53M (Peak 503.53M) | Time:00:01.04 | Mem:0.00M, Peak:0.00M | Scene, ViewLayer | Synchronizing object | ICF monobloc 915mm dished wheel.005
Fra:1 Mem:503.53M (Peak 503.53M) | Time:00:01.04 | Mem:0.00M, Peak:0.00M | Scene, ViewLayer | Synchronizing object | Wheel hub machining line.005
Fra:1 Mem:503.59M (Peak 503.59M) | Time:00:01.04 | Mem:0.00M, Peak:0.00M | Scene, ViewLayer | Synchronizing object | Wheel rim witness line.005
Fra:1 Mem:503.75M (Peak 503.75M) | Time:00:01.04 | Mem:0.00M, Peak:0.00M | Scene, ViewLayer | Synchronizing object | Wing-type axlebox casting.005
Fra:1 Mem:503.77M (Peak 503.77M) | Time:00:01.04 | Mem:0.00M, Peak:0.00M | Scene, ViewLayer | Synchronizing object | Axlebox spherical bearing housing.005
Fra:1 Mem:503.96M (Peak 503.96M) | Time:00:01.04 | Mem:0.00M, Peak:0.00M | Scene, ViewLayer | Synchronizing object | Axlebox circular gasket.005
Fra:1 Mem:503.97M (Peak 503.97M) | Time:00:01.04 | Mem:0.00M, Peak:0.00M | Scene, ViewLayer | Synchronizing object | Axlebox bolted front cover.005
Fra:1 Mem:503.99M (Peak 503.99M) | Time:00:01.04 | Mem:0.00M, Peak:0.00M | Scene, ViewLayer | Synchronizing object | Axlebox centre inspection emboss.005
Fra:1 Mem:504.01M (Peak 504.01M) | Time:00:01.04 | Mem:0.00M, Peak:0.00M | Scene, ViewLayer | Synchronizing object | Axlebox cover M20 hex head.030
Fra:1 Mem:504.01M (Peak 504.01M) | Time:00:01.04 | Mem:0.00M, Peak:0.00M | Scene, ViewLayer | Synchronizing object | Axlebox cover M20 hex head.031
Fra:1 Mem:504.02M (Peak 504.02M) | Time:00:01.04 | Mem:0.00M, Peak:0.00M | Scene, ViewLayer | Synchronizing object | Axlebox cover M20 hex head.032
Fra:1 Mem:504.06M (Peak 504.06M) | Time:00:01.04 | Mem:0.00M, Peak:0.00M | Scene, ViewLayer | Synchronizing object | Axlebox cover M20 hex head.033
Fra:1 Mem:504.07M (Peak 504.07M) | Time:00:01.04 | Mem:0.00M, Peak:0.00M | Scene, ViewLayer | Synchronizing object | Axlebox cover M20 hex head.034
Fra:1 Mem:504.08M (Peak 504.08M) | Time:00:01.04 | Mem:0.00M, Peak:0.00M | Scene, ViewLayer | Synchronizing object | Axlebox cover M20 hex head.035
Fra:1 Mem:504.08M (Peak 504.08M) | Time:00:01.04 | Mem:0.00M, Peak:0.00M | Scene, ViewLayer | Synchronizing object | Axlebox crown bump rubber.005
Fra:1 Mem:504.11M (Peak 504.11M) | Time:00:01.04 | Mem:0.00M, Peak:0.00M | Scene, ViewLayer | Synchronizing object | Axlebox crown stop bracket.005
Fra:1 Mem:504.12M (Peak 504.12M) | Time:00:01.04 | Mem:0.00M, Peak:0.00M | Scene, ViewLayer | Synchronizing object | Crown clearance stop bolt.005
Fra:1 Mem:504.12M (Peak 504.12M) | Time:00:01.04 | Mem:0.00M, Peak:0.00M | Scene, ViewLayer | Synchronizing object | Primary lower spring seat cup.010
Fra:1 Mem:504.13M (Peak 504.13M) | Time:00:01.04 | Mem:0.00M, Peak:0.00M | Scene, ViewLayer | Synchronizing object | Primary isolation rubber pad.010
Fra:1 Mem:504.14M (Peak 504.14M) | Time:00:01.04 | Mem:0.00M, Peak:0.00M | Scene, ViewLayer | Synchronizing object | Primary dashpot oil cylinder.010
Fra:1 Mem:504.18M (Peak 504.18M) | Time:00:01.04 | Mem:0.00M, Peak:0.00M | Scene, ViewLayer | Synchronizing object | Telescopic axle guide piston sleeve.010
Fra:1 Mem:504.20M (Peak 504.20M) | Time:00:01.04 | Mem:0.00M, Peak:0.00M | Scene, ViewLayer | Synchronizing object | Dashpot sealing lip.010
Fra:1 Mem:504.22M (Peak 504.22M) | Time:00:01.04 | Mem:0.00M, Peak:0.00M | Scene, ViewLayer | Synchronizing object | Primary upper spring seat.010
Fra:1 Mem:504.31M (Peak 504.31M) | Time:00:01.04 | Mem:0.00M, Peak:0.00M | Scene, ViewLayer | Synchronizing object | Primary 33.5mm helical spring.010
Fra:1 Mem:504.31M (Peak 504.31M) | Time:00:01.04 | Mem:0.00M, Peak:0.00M | Scene, ViewLayer | Synchronizing object | Primary 33.5mm helical spring group mark.140
Fra:1 Mem:504.34M (Peak 504.34M) | Time:00:01.04 | Mem:0.00M, Peak:0.00M | Scene, ViewLayer | Synchronizing object | Primary 33.5mm helical spring group mark.141
Fra:1 Mem:504.30M (Peak 504.34M) | Time:00:01.04 | Mem:0.00M, Peak:0.00M | Scene, ViewLayer | Synchronizing object | Primary 33.5mm helical spring group mark.142
Fra:1 Mem:504.37M (Peak 504.37M) | Time:00:01.04 | Mem:0.00M, Peak:0.00M | Scene, ViewLayer | Synchronizing object | Primary 33.5mm helical spring group mark.143
Fra:1 Mem:504.37M (Peak 504.37M) | Time:00:01.04 | Mem:0.00M, Peak:0.00M | Scene, ViewLayer | Synchronizing object | Primary 33.5mm helical spring group mark.144
Fra:1 Mem:504.40M (Peak 504.40M) | Time:00:01.04 | Mem:0.00M, Peak:0.00M | Scene, ViewLayer | Synchronizing object | Primary 33.5mm helical spring group mark.145
Fra:1 Mem:504.40M (Peak 504.40M) | Time:00:01.04 | Mem:0.00M, Peak:0.00M | Scene, ViewLayer | Synchronizing object | Primary 33.5mm helical spring group mark.146
Fra:1 Mem:504.41M (Peak 504.41M) | Time:00:01.04 | Mem:0.00M, Peak:0.00M | Scene, ViewLayer | Synchronizing object | Primary 33.5mm helical spring group mark.147
Fra:1 Mem:504.42M (Peak 504.42M) | Time:00:01.04 | Mem:0.00M, Peak:0.00M | Scene, ViewLayer | Synchronizing object | Primary 33.5mm helical spring group mark.148
Fra:1 Mem:504.43M (Peak 504.43M) | Time:00:01.04 | Mem:0.00M, Peak:0.00M | Scene, ViewLayer | Synchronizing object | Primary 33.5mm helical spring group mark.149
Fra:1 Mem:504.44M (Peak 504.44M) | Time:00:01.04 | Mem:0.00M, Peak:0.00M | Scene, ViewLayer | Synchronizing object | Primary 33.5mm helical spring group mark.150
Fra:1 Mem:504.47M (Peak 504.47M) | Time:00:01.04 | Mem:0.00M, Peak:0.00M | Scene, ViewLayer | Synchronizing object | Primary 33.5mm helical spring group mark.151
Fra:1 Mem:504.47M (Peak 504.47M) | Time:00:01.04 | Mem:0.00M, Peak:0.00M | Scene, ViewLayer | Synchronizing object | Primary 33.5mm helical spring group mark.152
Fra:1 Mem:504.48M (Peak 504.48M) | Time:00:01.04 | Mem:0.00M, Peak:0.00M | Scene, ViewLayer | Synchronizing object | Primary 33.5mm helical spring group mark.153
Fra:1 Mem:504.48M (Peak 504.48M) | Time:00:01.04 | Mem:0.00M, Peak:0.00M | Scene, ViewLayer | Synchronizing object | Dashpot oil filling vent screw hex head.010
Fra:1 Mem:504.49M (Peak 504.49M) | Time:00:01.04 | Mem:0.00M, Peak:0.00M | Scene, ViewLayer | Synchronizing object | Dashpot safety U bolt.010
Fra:1 Mem:504.50M (Peak 504.50M) | Time:00:01.04 | Mem:0.00M, Peak:0.00M | Scene, ViewLayer | Synchronizing object | Primary lower spring seat cup.011
Fra:1 Mem:504.51M (Peak 504.51M) | Time:00:01.04 | Mem:0.00M, Peak:0.00M | Scene, ViewLayer | Synchronizing object | Primary isolation rubber pad.011
Fra:1 Mem:504.52M (Peak 504.52M) | Time:00:01.04 | Mem:0.00M, Peak:0.00M | Scene, ViewLayer | Synchronizing object | Primary dashpot oil cylinder.011
Fra:1 Mem:504.55M (Peak 504.55M) | Time:00:01.04 | Mem:0.00M, Peak:0.00M | Scene, ViewLayer | Synchronizing object | Telescopic axle guide piston sleeve.011
Fra:1 Mem:504.55M (Peak 504.55M) | Time:00:01.04 | Mem:0.00M, Peak:0.00M | Scene, ViewLayer | Synchronizing object | Dashpot sealing lip.011
Fra:1 Mem:504.58M (Peak 504.58M) | Time:00:01.04 | Mem:0.00M, Peak:0.00M | Scene, ViewLayer | Synchronizing object | Primary upper spring seat.011
Fra:1 Mem:504.63M (Peak 504.63M) | Time:00:01.04 | Mem:0.00M, Peak:0.00M | Scene, ViewLayer | Synchronizing object | Primary 33.5mm helical spring.011
Fra:1 Mem:504.66M (Peak 504.66M) | Time:00:01.04 | Mem:0.00M, Peak:0.00M | Scene, ViewLayer | Synchronizing object | Primary 33.5mm helical spring group mark.154
Fra:1 Mem:504.73M (Peak 504.73M) | Time:00:01.04 | Mem:0.00M, Peak:0.00M | Scene, ViewLayer | Synchronizing object | Primary 33.5mm helical spring group mark.155
Fra:1 Mem:504.75M (Peak 504.75M) | Time:00:01.04 | Mem:0.00M, Peak:0.00M | Scene, ViewLayer | Synchronizing object | Primary 33.5mm helical spring group mark.156
Fra:1 Mem:504.75M (Peak 504.75M) | Time:00:01.04 | Mem:0.00M, Peak:0.00M | Scene, ViewLayer | Synchronizing object | Primary 33.5mm helical spring group mark.157
Fra:1 Mem:504.76M (Peak 504.76M) | Time:00:01.04 | Mem:0.00M, Peak:0.00M | Scene, ViewLayer | Synchronizing object | Primary 33.5mm helical spring group mark.158
Fra:1 Mem:504.79M (Peak 504.79M) | Time:00:01.04 | Mem:0.00M, Peak:0.00M | Scene, ViewLayer | Synchronizing object | Primary 33.5mm helical spring group mark.159
Fra:1 Mem:504.81M (Peak 504.81M) | Time:00:01.04 | Mem:0.00M, Peak:0.00M | Scene, ViewLayer | Synchronizing object | Primary 33.5mm helical spring group mark.160
Fra:1 Mem:504.81M (Peak 504.81M) | Time:00:01.04 | Mem:0.00M, Peak:0.00M | Scene, ViewLayer | Synchronizing object | Primary 33.5mm helical spring group mark.161
Fra:1 Mem:504.81M (Peak 504.81M) | Time:00:01.04 | Mem:0.00M, Peak:0.00M | Scene, ViewLayer | Synchronizing object | Primary 33.5mm helical spring group mark.162
Fra:1 Mem:504.82M (Peak 504.82M) | Time:00:01.04 | Mem:0.00M, Peak:0.00M | Scene, ViewLayer | Synchronizing object | Primary 33.5mm helical spring group mark.163
Fra:1 Mem:504.82M (Peak 504.82M) | Time:00:01.04 | Mem:0.00M, Peak:0.00M | Scene, ViewLayer | Synchronizing object | Primary 33.5mm helical spring group mark.164
Fra:1 Mem:504.83M (Peak 504.83M) | Time:00:01.04 | Mem:0.00M, Peak:0.00M | Scene, ViewLayer | Synchronizing object | Primary 33.5mm helical spring group mark.165
Fra:1 Mem:504.85M (Peak 504.85M) | Time:00:01.04 | Mem:0.00M, Peak:0.00M | Scene, ViewLayer | Synchronizing object | Primary 33.5mm helical spring group mark.166
Fra:1 Mem:504.85M (Peak 504.85M) | Time:00:01.04 | Mem:0.00M, Peak:0.00M | Scene, ViewLayer | Synchronizing object | Primary 33.5mm helical spring group mark.167
Fra:1 Mem:504.89M (Peak 504.89M) | Time:00:01.04 | Mem:0.00M, Peak:0.00M | Scene, ViewLayer | Synchronizing object | Dashpot oil filling vent screw hex head.011
Fra:1 Mem:504.89M (Peak 504.89M) | Time:00:01.04 | Mem:0.00M, Peak:0.00M | Scene, ViewLayer | Synchronizing object | Dashpot safety U bolt.011
Fra:1 Mem:504.89M (Peak 504.89M) | Time:00:01.04 | Mem:0.00M, Peak:0.00M | Scene, ViewLayer | Synchronizing object | Axlebox wing strengthening rib.010
Fra:1 Mem:504.88M (Peak 504.89M) | Time:00:01.04 | Mem:0.00M, Peak:0.00M | Scene, ViewLayer | Synchronizing object | Axlebox wing strengthening rib.011
Fra:1 Mem:504.88M (Peak 504.89M) | Time:00:01.04 | Mem:0.00M, Peak:0.00M | Scene, ViewLayer | Synchronizing object | ICF monobloc 915mm dished wheel.006
Fra:1 Mem:505.04M (Peak 505.04M) | Time:00:01.04 | Mem:0.00M, Peak:0.00M | Scene, ViewLayer | Synchronizing object | Wheel hub machining line.006
Fra:1 Mem:505.24M (Peak 505.24M) | Time:00:01.04 | Mem:0.00M, Peak:0.00M | Scene, ViewLayer | Synchronizing object | Wheel rim witness line.006
Fra:1 Mem:505.35M (Peak 505.35M) | Time:00:01.04 | Mem:0.00M, Peak:0.00M | Scene, ViewLayer | Synchronizing object | Wing-type axlebox casting.006
Fra:1 Mem:505.36M (Peak 505.36M) | Time:00:01.04 | Mem:0.00M, Peak:0.00M | Scene, ViewLayer | Synchronizing object | Axlebox spherical bearing housing.006
Fra:1 Mem:505.37M (Peak 505.37M) | Time:00:01.04 | Mem:0.00M, Peak:0.00M | Scene, ViewLayer | Synchronizing object | Axlebox circular gasket.006
Fra:1 Mem:505.40M (Peak 505.40M) | Time:00:01.04 | Mem:0.00M, Peak:0.00M | Scene, ViewLayer | Synchronizing object | Axlebox bolted front cover.006
Fra:1 Mem:505.42M (Peak 505.42M) | Time:00:01.04 | Mem:0.00M, Peak:0.00M | Scene, ViewLayer | Synchronizing object | Axlebox centre inspection emboss.006
Fra:1 Mem:505.48M (Peak 505.48M) | Time:00:01.04 | Mem:0.00M, Peak:0.00M | Scene, ViewLayer | Synchronizing object | Axlebox cover M20 hex head.036
Fra:1 Mem:505.48M (Peak 505.48M) | Time:00:01.04 | Mem:0.00M, Peak:0.00M | Scene, ViewLayer | Synchronizing object | Axlebox cover M20 hex head.037
Fra:1 Mem:505.47M (Peak 505.48M) | Time:00:01.04 | Mem:0.00M, Peak:0.00M | Scene, ViewLayer | Synchronizing object | Axlebox cover M20 hex head.038
Fra:1 Mem:505.50M (Peak 505.50M) | Time:00:01.04 | Mem:0.00M, Peak:0.00M | Scene, ViewLayer | Synchronizing object | Axlebox cover M20 hex head.039
Fra:1 Mem:505.51M (Peak 505.51M) | Time:00:01.04 | Mem:0.00M, Peak:0.00M | Scene, ViewLayer | Synchronizing object | Axlebox cover M20 hex head.040
Fra:1 Mem:505.51M (Peak 505.51M) | Time:00:01.04 | Mem:0.00M, Peak:0.00M | Scene, ViewLayer | Synchronizing object | Axlebox cover M20 hex head.041
Fra:1 Mem:505.51M (Peak 505.51M) | Time:00:01.04 | Mem:0.00M, Peak:0.00M | Scene, ViewLayer | Synchronizing object | Axlebox crown bump rubber.006
Fra:1 Mem:505.56M (Peak 505.56M) | Time:00:01.04 | Mem:0.00M, Peak:0.00M | Scene, ViewLayer | Synchronizing object | Axlebox crown stop bracket.006
Fra:1 Mem:505.56M (Peak 505.56M) | Time:00:01.04 | Mem:0.00M, Peak:0.00M | Scene, ViewLayer | Synchronizing object | Crown clearance stop bolt.006
Fra:1 Mem:505.57M (Peak 505.57M) | Time:00:01.04 | Mem:0.00M, Peak:0.00M | Scene, ViewLayer | Synchronizing object | Primary lower spring seat cup.012
Fra:1 Mem:505.58M (Peak 505.58M) | Time:00:01.04 | Mem:0.00M, Peak:0.00M | Scene, ViewLayer | Synchronizing object | Primary isolation rubber pad.012
Fra:1 Mem:505.61M (Peak 505.61M) | Time:00:01.04 | Mem:0.00M, Peak:0.00M | Scene, ViewLayer | Synchronizing object | Primary dashpot oil cylinder.012
Fra:1 Mem:505.62M (Peak 505.62M) | Time:00:01.04 | Mem:0.00M, Peak:0.00M | Scene, ViewLayer | Synchronizing object | Telescopic axle guide piston sleeve.012
Fra:1 Mem:505.67M (Peak 505.67M) | Time:00:01.04 | Mem:0.00M, Peak:0.00M | Scene, ViewLayer | Synchronizing object | Dashpot sealing lip.012
Fra:1 Mem:505.70M (Peak 505.70M) | Time:00:01.04 | Mem:0.00M, Peak:0.00M | Scene, ViewLayer | Synchronizing object | Primary upper spring seat.012
Fra:1 Mem:505.72M (Peak 505.72M) | Time:00:01.04 | Mem:0.00M, Peak:0.00M | Scene, ViewLayer | Synchronizing object | Primary 33.5mm helical spring.012
Fra:1 Mem:505.71M (Peak 505.72M) | Time:00:01.04 | Mem:0.00M, Peak:0.00M | Scene, ViewLayer | Synchronizing object | Primary 33.5mm helical spring group mark.168
Fra:1 Mem:505.78M (Peak 505.78M) | Time:00:01.04 | Mem:0.00M, Peak:0.00M | Scene, ViewLayer | Synchronizing object | Primary 33.5mm helical spring group mark.169
Fra:1 Mem:505.79M (Peak 505.79M) | Time:00:01.04 | Mem:0.00M, Peak:0.00M | Scene, ViewLayer | Synchronizing object | Primary 33.5mm helical spring group mark.170
Fra:1 Mem:505.79M (Peak 505.79M) | Time:00:01.04 | Mem:0.00M, Peak:0.00M | Scene, ViewLayer | Synchronizing object | Primary 33.5mm helical spring group mark.171
Fra:1 Mem:505.82M (Peak 505.82M) | Time:00:01.04 | Mem:0.00M, Peak:0.00M | Scene, ViewLayer | Synchronizing object | Primary 33.5mm helical spring group mark.172
Fra:1 Mem:505.83M (Peak 505.83M) | Time:00:01.04 | Mem:0.00M, Peak:0.00M | Scene, ViewLayer | Synchronizing object | Primary 33.5mm helical spring group mark.173
Fra:1 Mem:505.87M (Peak 505.87M) | Time:00:01.04 | Mem:0.00M, Peak:0.00M | Scene, ViewLayer | Synchronizing object | Primary 33.5mm helical spring group mark.174
Fra:1 Mem:505.88M (Peak 505.88M) | Time:00:01.04 | Mem:0.00M, Peak:0.00M | Scene, ViewLayer | Synchronizing object | Primary 33.5mm helical spring group mark.175
Fra:1 Mem:505.88M (Peak 505.88M) | Time:00:01.04 | Mem:0.00M, Peak:0.00M | Scene, ViewLayer | Synchronizing object | Primary 33.5mm helical spring group mark.176
Fra:1 Mem:505.89M (Peak 505.89M) | Time:00:01.04 | Mem:0.00M, Peak:0.00M | Scene, ViewLayer | Synchronizing object | Primary 33.5mm helical spring group mark.177
Fra:1 Mem:505.91M (Peak 505.91M) | Time:00:01.04 | Mem:0.00M, Peak:0.00M | Scene, ViewLayer | Synchronizing object | Primary 33.5mm helical spring group mark.178
Fra:1 Mem:505.91M (Peak 505.91M) | Time:00:01.04 | Mem:0.00M, Peak:0.00M | Scene, ViewLayer | Synchronizing object | Primary 33.5mm helical spring group mark.179
Fra:1 Mem:505.92M (Peak 505.92M) | Time:00:01.04 | Mem:0.00M, Peak:0.00M | Scene, ViewLayer | Synchronizing object | Primary 33.5mm helical spring group mark.180
Fra:1 Mem:505.95M (Peak 505.95M) | Time:00:01.04 | Mem:0.00M, Peak:0.00M | Scene, ViewLayer | Synchronizing object | Primary 33.5mm helical spring group mark.181
Fra:1 Mem:505.93M (Peak 505.95M) | Time:00:01.04 | Mem:0.00M, Peak:0.00M | Scene, ViewLayer | Synchronizing object | Dashpot oil filling vent screw hex head.012
Fra:1 Mem:505.93M (Peak 505.95M) | Time:00:01.04 | Mem:0.00M, Peak:0.00M | Scene, ViewLayer | Synchronizing object | Dashpot safety U bolt.012
Fra:1 Mem:505.94M (Peak 505.95M) | Time:00:01.04 | Mem:0.00M, Peak:0.00M | Scene, ViewLayer | Synchronizing object | Primary lower spring seat cup.013
Fra:1 Mem:505.94M (Peak 505.95M) | Time:00:01.04 | Mem:0.00M, Peak:0.00M | Scene, ViewLayer | Synchronizing object | Primary isolation rubber pad.013
Fra:1 Mem:505.96M (Peak 505.96M) | Time:00:01.04 | Mem:0.00M, Peak:0.00M | Scene, ViewLayer | Synchronizing object | Primary dashpot oil cylinder.013
Fra:1 Mem:505.97M (Peak 505.97M) | Time:00:01.04 | Mem:0.00M, Peak:0.00M | Scene, ViewLayer | Synchronizing object | Telescopic axle guide piston sleeve.013
Fra:1 Mem:505.97M (Peak 505.97M) | Time:00:01.04 | Mem:0.00M, Peak:0.00M | Scene, ViewLayer | Synchronizing object | Dashpot sealing lip.013
Fra:1 Mem:505.98M (Peak 505.98M) | Time:00:01.04 | Mem:0.00M, Peak:0.00M | Scene, ViewLayer | Synchronizing object | Primary upper spring seat.013
Fra:1 Mem:505.99M (Peak 505.99M) | Time:00:01.04 | Mem:0.00M, Peak:0.00M | Scene, ViewLayer | Synchronizing object | Primary 33.5mm helical spring.013
Fra:1 Mem:506.02M (Peak 506.02M) | Time:00:01.04 | Mem:0.00M, Peak:0.00M | Scene, ViewLayer | Synchronizing object | Primary 33.5mm helical spring group mark.182
Fra:1 Mem:506.06M (Peak 506.06M) | Time:00:01.04 | Mem:0.00M, Peak:0.00M | Scene, ViewLayer | Synchronizing object | Primary 33.5mm helical spring group mark.183
Fra:1 Mem:506.14M (Peak 506.14M) | Time:00:01.04 | Mem:0.00M, Peak:0.00M | Scene, ViewLayer | Synchronizing object | Primary 33.5mm helical spring group mark.184
Fra:1 Mem:506.16M (Peak 506.16M) | Time:00:01.04 | Mem:0.00M, Peak:0.00M | Scene, ViewLayer | Synchronizing object | Primary 33.5mm helical spring group mark.185
Fra:1 Mem:506.17M (Peak 506.17M) | Time:00:01.04 | Mem:0.00M, Peak:0.00M | Scene, ViewLayer | Synchronizing object | Primary 33.5mm helical spring group mark.186
Fra:1 Mem:506.21M (Peak 506.21M) | Time:00:01.04 | Mem:0.00M, Peak:0.00M | Scene, ViewLayer | Synchronizing object | Primary 33.5mm helical spring group mark.187
Fra:1 Mem:506.21M (Peak 506.21M) | Time:00:01.04 | Mem:0.00M, Peak:0.00M | Scene, ViewLayer | Synchronizing object | Primary 33.5mm helical spring group mark.188
Fra:1 Mem:506.22M (Peak 506.22M) | Time:00:01.04 | Mem:0.00M, Peak:0.00M | Scene, ViewLayer | Synchronizing object | Primary 33.5mm helical spring group mark.190
Fra:1 Mem:506.23M (Peak 506.23M) | Time:00:01.04 | Mem:0.00M, Peak:0.00M | Scene, ViewLayer | Synchronizing object | Primary 33.5mm helical spring group mark.189
Fra:1 Mem:506.23M (Peak 506.23M) | Time:00:01.04 | Mem:0.00M, Peak:0.00M | Scene, ViewLayer | Synchronizing object | Primary 33.5mm helical spring group mark.191
Fra:1 Mem:506.24M (Peak 506.24M) | Time:00:01.04 | Mem:0.00M, Peak:0.00M | Scene, ViewLayer | Synchronizing object | Primary 33.5mm helical spring group mark.192
Fra:1 Mem:506.24M (Peak 506.24M) | Time:00:01.04 | Mem:0.00M, Peak:0.00M | Scene, ViewLayer | Synchronizing object | Primary 33.5mm helical spring group mark.193
Fra:1 Mem:506.24M (Peak 506.24M) | Time:00:01.04 | Mem:0.00M, Peak:0.00M | Scene, ViewLayer | Synchronizing object | Primary 33.5mm helical spring group mark.194
Fra:1 Mem:506.24M (Peak 506.24M) | Time:00:01.04 | Mem:0.00M, Peak:0.00M | Scene, ViewLayer | Synchronizing object | Primary 33.5mm helical spring group mark.195
Fra:1 Mem:506.27M (Peak 506.27M) | Time:00:01.04 | Mem:0.00M, Peak:0.00M | Scene, ViewLayer | Synchronizing object | Dashpot oil filling vent screw hex head.013
Fra:1 Mem:506.27M (Peak 506.27M) | Time:00:01.04 | Mem:0.00M, Peak:0.00M | Scene, ViewLayer | Synchronizing object | Dashpot safety U bolt.013
Fra:1 Mem:506.29M (Peak 506.29M) | Time:00:01.04 | Mem:0.00M, Peak:0.00M | Scene, ViewLayer | Synchronizing object | Axlebox wing strengthening rib.012
Fra:1 Mem:506.29M (Peak 506.29M) | Time:00:01.04 | Mem:0.00M, Peak:0.00M | Scene, ViewLayer | Synchronizing object | Axlebox wing strengthening rib.013
Fra:1 Mem:506.31M (Peak 506.31M) | Time:00:01.04 | Mem:0.00M, Peak:0.00M | Scene, ViewLayer | Synchronizing object | ICF monobloc 915mm dished wheel.007
Fra:1 Mem:506.29M (Peak 506.31M) | Time:00:01.04 | Mem:0.00M, Peak:0.00M | Scene, ViewLayer | Synchronizing object | Wheel hub machining line.007
Fra:1 Mem:506.36M (Peak 506.36M) | Time:00:01.04 | Mem:0.00M, Peak:0.00M | Scene, ViewLayer | Synchronizing object | Wheel rim witness line.007
Fra:1 Mem:506.76M (Peak 506.76M) | Time:00:01.04 | Mem:0.00M, Peak:0.00M | Scene, ViewLayer | Synchronizing object | Wing-type axlebox casting.007
Fra:1 Mem:506.80M (Peak 506.80M) | Time:00:01.04 | Mem:0.00M, Peak:0.00M | Scene, ViewLayer | Synchronizing object | Axlebox spherical bearing housing.007
Fra:1 Mem:506.81M (Peak 506.81M) | Time:00:01.04 | Mem:0.00M, Peak:0.00M | Scene, ViewLayer | Synchronizing object | Axlebox circular gasket.007
Fra:1 Mem:506.82M (Peak 506.82M) | Time:00:01.04 | Mem:0.00M, Peak:0.00M | Scene, ViewLayer | Synchronizing object | Axlebox bolted front cover.007
Fra:1 Mem:506.86M (Peak 506.86M) | Time:00:01.04 | Mem:0.00M, Peak:0.00M | Scene, ViewLayer | Synchronizing object | Axlebox centre inspection emboss.007
Fra:1 Mem:506.88M (Peak 506.88M) | Time:00:01.04 | Mem:0.00M, Peak:0.00M | Scene, ViewLayer | Synchronizing object | Axlebox cover M20 hex head.042
Fra:1 Mem:506.89M (Peak 506.89M) | Time:00:01.04 | Mem:0.00M, Peak:0.00M | Scene, ViewLayer | Synchronizing object | Axlebox cover M20 hex head.043
Fra:1 Mem:506.89M (Peak 506.89M) | Time:00:01.04 | Mem:0.00M, Peak:0.00M | Scene, ViewLayer | Synchronizing object | Axlebox cover M20 hex head.044
Fra:1 Mem:506.91M (Peak 506.91M) | Time:00:01.04 | Mem:0.00M, Peak:0.00M | Scene, ViewLayer | Synchronizing object | Axlebox cover M20 hex head.045
Fra:1 Mem:506.91M (Peak 506.91M) | Time:00:01.04 | Mem:0.00M, Peak:0.00M | Scene, ViewLayer | Synchronizing object | Axlebox cover M20 hex head.046
Fra:1 Mem:506.92M (Peak 506.92M) | Time:00:01.04 | Mem:0.00M, Peak:0.00M | Scene, ViewLayer | Synchronizing object | Axlebox cover M20 hex head.047
Fra:1 Mem:506.96M (Peak 506.96M) | Time:00:01.04 | Mem:0.00M, Peak:0.00M | Scene, ViewLayer | Synchronizing object | Axlebox crown bump rubber.007
Fra:1 Mem:506.96M (Peak 506.96M) | Time:00:01.04 | Mem:0.00M, Peak:0.00M | Scene, ViewLayer | Synchronizing object | Axlebox crown stop bracket.007
Fra:1 Mem:506.94M (Peak 506.96M) | Time:00:01.04 | Mem:0.00M, Peak:0.00M | Scene, ViewLayer | Synchronizing object | Crown clearance stop bolt.007
Fra:1 Mem:506.94M (Peak 506.96M) | Time:00:01.04 | Mem:0.00M, Peak:0.00M | Scene, ViewLayer | Synchronizing object | Primary isolation rubber pad.014
Fra:1 Mem:506.95M (Peak 506.96M) | Time:00:01.04 | Mem:0.00M, Peak:0.00M | Scene, ViewLayer | Synchronizing object | Primary dashpot oil cylinder.014
Fra:1 Mem:506.96M (Peak 506.96M) | Time:00:01.04 | Mem:0.00M, Peak:0.00M | Scene, ViewLayer | Synchronizing object | Telescopic axle guide piston sleeve.014
Fra:1 Mem:506.97M (Peak 506.97M) | Time:00:01.04 | Mem:0.00M, Peak:0.00M | Scene, ViewLayer | Synchronizing object | Dashpot sealing lip.014
Fra:1 Mem:506.98M (Peak 506.98M) | Time:00:01.04 | Mem:0.00M, Peak:0.00M | Scene, ViewLayer | Synchronizing object | Primary 33.5mm helical spring.014
Fra:1 Mem:507.05M (Peak 507.05M) | Time:00:01.04 | Mem:0.00M, Peak:0.00M | Scene, ViewLayer | Synchronizing object | Primary 33.5mm helical spring group mark.196
Fra:1 Mem:507.12M (Peak 507.12M) | Time:00:01.04 | Mem:0.00M, Peak:0.00M | Scene, ViewLayer | Synchronizing object | Primary 33.5mm helical spring group mark.197
Fra:1 Mem:507.14M (Peak 507.14M) | Time:00:01.04 | Mem:0.00M, Peak:0.00M | Scene, ViewLayer | Synchronizing object | Primary 33.5mm helical spring group mark.198
Fra:1 Mem:507.16M (Peak 507.16M) | Time:00:01.04 | Mem:0.00M, Peak:0.00M | Scene, ViewLayer | Synchronizing object | Primary 33.5mm helical spring group mark.199
Fra:1 Mem:507.17M (Peak 507.17M) | Time:00:01.04 | Mem:0.00M, Peak:0.00M | Scene, ViewLayer | Synchronizing object | Primary 33.5mm helical spring group mark.200
Fra:1 Mem:507.18M (Peak 507.18M) | Time:00:01.04 | Mem:0.00M, Peak:0.00M | Scene, ViewLayer | Synchronizing object | Primary 33.5mm helical spring group mark.201
Fra:1 Mem:507.21M (Peak 507.21M) | Time:00:01.04 | Mem:0.00M, Peak:0.00M | Scene, ViewLayer | Synchronizing object | Primary 33.5mm helical spring group mark.202
Fra:1 Mem:507.21M (Peak 507.21M) | Time:00:01.04 | Mem:0.00M, Peak:0.00M | Scene, ViewLayer | Synchronizing object | Primary 33.5mm helical spring group mark.203
Fra:1 Mem:507.21M (Peak 507.21M) | Time:00:01.04 | Mem:0.00M, Peak:0.00M | Scene, ViewLayer | Synchronizing object | Primary 33.5mm helical spring group mark.204
Fra:1 Mem:507.21M (Peak 507.21M) | Time:00:01.04 | Mem:0.00M, Peak:0.00M | Scene, ViewLayer | Synchronizing object | Primary 33.5mm helical spring group mark.205
Fra:1 Mem:507.23M (Peak 507.23M) | Time:00:01.04 | Mem:0.00M, Peak:0.00M | Scene, ViewLayer | Synchronizing object | Primary 33.5mm helical spring group mark.206
Fra:1 Mem:507.23M (Peak 507.23M) | Time:00:01.04 | Mem:0.00M, Peak:0.00M | Scene, ViewLayer | Synchronizing object | Primary 33.5mm helical spring group mark.207
Fra:1 Mem:507.24M (Peak 507.24M) | Time:00:01.04 | Mem:0.00M, Peak:0.00M | Scene, ViewLayer | Synchronizing object | Primary 33.5mm helical spring group mark.208
Fra:1 Mem:507.24M (Peak 507.24M) | Time:00:01.04 | Mem:0.00M, Peak:0.00M | Scene, ViewLayer | Synchronizing object | Primary 33.5mm helical spring group mark.209
Fra:1 Mem:507.26M (Peak 507.26M) | Time:00:01.04 | Mem:0.00M, Peak:0.00M | Scene, ViewLayer | Synchronizing object | Dashpot oil filling vent screw hex head.014
Fra:1 Mem:507.27M (Peak 507.27M) | Time:00:01.04 | Mem:0.00M, Peak:0.00M | Scene, ViewLayer | Synchronizing object | Dashpot safety U bolt.014
Fra:1 Mem:507.28M (Peak 507.27M) | Time:00:01.04 | Mem:0.00M, Peak:0.00M | Scene, ViewLayer | Synchronizing object | Primary lower spring seat cup.015
Fra:1 Mem:507.28M (Peak 507.28M) | Time:00:01.04 | Mem:0.00M, Peak:0.00M | Scene, ViewLayer | Synchronizing object | Primary isolation rubber pad.015
Fra:1 Mem:507.29M (Peak 507.29M) | Time:00:01.04 | Mem:0.00M, Peak:0.00M | Scene, ViewLayer | Synchronizing object | Primary dashpot oil cylinder.015
Fra:1 Mem:507.33M (Peak 507.33M) | Time:00:01.04 | Mem:0.00M, Peak:0.00M | Scene, ViewLayer | Synchronizing object | Telescopic axle guide piston sleeve.015
Fra:1 Mem:507.33M (Peak 507.33M) | Time:00:01.04 | Mem:0.00M, Peak:0.00M | Scene, ViewLayer | Synchronizing object | Dashpot sealing lip.015
Fra:1 Mem:507.37M (Peak 507.37M) | Time:00:01.04 | Mem:0.00M, Peak:0.00M | Scene, ViewLayer | Synchronizing object | Primary upper spring seat.015
Fra:1 Mem:507.36M (Peak 507.37M) | Time:00:01.04 | Mem:0.00M, Peak:0.00M | Scene, ViewLayer | Synchronizing object | Primary 33.5mm helical spring.015
Fra:1 Mem:507.40M (Peak 507.40M) | Time:00:01.04 | Mem:0.00M, Peak:0.00M | Scene, ViewLayer | Synchronizing object | Primary 33.5mm helical spring group mark.210
Fra:1 Mem:507.40M (Peak 507.40M) | Time:00:01.04 | Mem:0.00M, Peak:0.00M | Scene, ViewLayer | Synchronizing object | Primary 33.5mm helical spring group mark.211
Fra:1 Mem:507.47M (Peak 507.47M) | Time:00:01.04 | Mem:0.00M, Peak:0.00M | Scene, ViewLayer | Synchronizing object | Primary 33.5mm helical spring group mark.212
Fra:1 Mem:507.49M (Peak 507.49M) | Time:00:01.04 | Mem:0.00M, Peak:0.00M | Scene, ViewLayer | Synchronizing object | Primary 33.5mm helical spring group mark.213
Fra:1 Mem:507.51M (Peak 507.51M) | Time:00:01.04 | Mem:0.00M, Peak:0.00M | Scene, ViewLayer | Synchronizing object | Primary 33.5mm helical spring group mark.214
Fra:1 Mem:507.55M (Peak 507.55M) | Time:00:01.04 | Mem:0.00M, Peak:0.00M | Scene, ViewLayer | Synchronizing object | Primary 33.5mm helical spring group mark.215
Fra:1 Mem:507.55M (Peak 507.55M) | Time:00:01.04 | Mem:0.00M, Peak:0.00M | Scene, ViewLayer | Synchronizing object | Primary 33.5mm helical spring group mark.216
Fra:1 Mem:507.55M (Peak 507.55M) | Time:00:01.04 | Mem:0.00M, Peak:0.00M | Scene, ViewLayer | Synchronizing object | Primary 33.5mm helical spring group mark.217
Fra:1 Mem:507.55M (Peak 507.55M) | Time:00:01.04 | Mem:0.00M, Peak:0.00M | Scene, ViewLayer | Synchronizing object | Primary 33.5mm helical spring group mark.218
Fra:1 Mem:507.55M (Peak 507.55M) | Time:00:01.04 | Mem:0.00M, Peak:0.00M | Scene, ViewLayer | Synchronizing object | Primary 33.5mm helical spring group mark.219
Fra:1 Mem:507.58M (Peak 507.58M) | Time:00:01.04 | Mem:0.00M, Peak:0.00M | Scene, ViewLayer | Synchronizing object | Primary 33.5mm helical spring group mark.220
Fra:1 Mem:507.58M (Peak 507.58M) | Time:00:01.04 | Mem:0.00M, Peak:0.00M | Scene, ViewLayer | Synchronizing object | Primary 33.5mm helical spring group mark.221
Fra:1 Mem:507.58M (Peak 507.58M) | Time:00:01.04 | Mem:0.00M, Peak:0.00M | Scene, ViewLayer | Synchronizing object | Primary 33.5mm helical spring group mark.222
Fra:1 Mem:507.58M (Peak 507.58M) | Time:00:01.04 | Mem:0.00M, Peak:0.00M | Scene, ViewLayer | Synchronizing object | Primary 33.5mm helical spring group mark.223
Fra:1 Mem:507.61M (Peak 507.61M) | Time:00:01.04 | Mem:0.00M, Peak:0.00M | Scene, ViewLayer | Synchronizing object | Dashpot oil filling vent screw hex head.015
Fra:1 Mem:507.61M (Peak 507.61M) | Time:00:01.04 | Mem:0.00M, Peak:0.00M | Scene, ViewLayer | Synchronizing object | Dashpot safety U bolt.015
Fra:1 Mem:507.62M (Peak 507.62M) | Time:00:01.04 | Mem:0.00M, Peak:0.00M | Scene, ViewLayer | Synchronizing object | Axlebox wing strengthening rib.014
Fra:1 Mem:507.62M (Peak 507.62M) | Time:00:01.04 | Mem:0.00M, Peak:0.00M | Scene, ViewLayer | Synchronizing object | Axlebox wing strengthening rib.015
Fra:1 Mem:507.62M (Peak 507.62M) | Time:00:01.04 | Mem:0.00M, Peak:0.00M | Scene, ViewLayer | Synchronizing object | Brake transverse channel beam.004
Fra:1 Mem:507.64M (Peak 507.64M) | Time:00:01.04 | Mem:0.00M, Peak:0.00M | Scene, ViewLayer | Synchronizing object | Brake beam tension truss.008
Fra:1 Mem:507.66M (Peak 507.66M) | Time:00:01.04 | Mem:0.00M, Peak:0.00M | Scene, ViewLayer | Synchronizing object | Brake beam tension truss.009
Fra:1 Mem:507.68M (Peak 507.68M) | Time:00:01.04 | Mem:0.00M, Peak:0.00M | Scene, ViewLayer | Synchronizing object | Curved K-type composition tread brake block.008
Fra:1 Mem:507.68M (Peak 507.68M) | Time:00:01.04 | Mem:0.00M, Peak:0.00M | Scene, ViewLayer | Synchronizing object | Brake head cast backplate.008
Fra:1 Mem:507.68M (Peak 507.68M) | Time:00:01.04 | Mem:0.00M, Peak:0.00M | Scene, ViewLayer | Synchronizing object | Brake head shoe retaining pin pin.008
Fra:1 Mem:507.66M (Peak 507.68M) | Time:00:01.04 | Mem:0.00M, Peak:0.00M | Scene, ViewLayer | Synchronizing object | Brake head shoe retaining pin retaining washer.016
Fra:1 Mem:507.67M (Peak 507.68M) | Time:00:01.04 | Mem:0.00M, Peak:0.00M | Scene, ViewLayer | Synchronizing object | Brake head shoe retaining pin retaining hex head.016
Fra:1 Mem:507.67M (Peak 507.68M) | Time:00:01.04 | Mem:0.00M, Peak:0.00M | Scene, ViewLayer | Synchronizing object | Brake head shoe retaining pin retaining washer.017
Fra:1 Mem:507.68M (Peak 507.68M) | Time:00:01.04 | Mem:0.00M, Peak:0.00M | Scene, ViewLayer | Synchronizing object | Brake head shoe retaining pin retaining hex head.017
Fra:1 Mem:507.70M (Peak 507.70M) | Time:00:01.04 | Mem:0.00M, Peak:0.00M | Scene, ViewLayer | Synchronizing object | Brake block suspension hanger strap.008
Fra:1 Mem:507.68M (Peak 507.70M) | Time:00:01.04 | Mem:0.00M, Peak:0.00M | Scene, ViewLayer | Synchronizing object | Brake block suspension hanger eye.017
Fra:1 Mem:507.70M (Peak 507.70M) | Time:00:01.04 | Mem:0.00M, Peak:0.00M | Scene, ViewLayer | Synchronizing object | Brake hanger upper pivot pin.008
Fra:1 Mem:507.70M (Peak 507.70M) | Time:00:01.04 | Mem:0.00M, Peak:0.00M | Scene, ViewLayer | Synchronizing object | Brake hanger upper pivot retaining washer.016
Fra:1 Mem:507.71M (Peak 507.71M) | Time:00:01.04 | Mem:0.00M, Peak:0.00M | Scene, ViewLayer | Synchronizing object | Brake hanger upper pivot retaining hex head.016
Fra:1 Mem:507.71M (Peak 507.71M) | Time:00:01.04 | Mem:0.00M, Peak:0.00M | Scene, ViewLayer | Synchronizing object | Brake hanger upper pivot retaining washer.017
Fra:1 Mem:507.71M (Peak 507.71M) | Time:00:01.04 | Mem:0.00M, Peak:0.00M | Scene, ViewLayer | Synchronizing object | Brake hanger upper pivot retaining hex head.017
Fra:1 Mem:507.71M (Peak 507.71M) | Time:00:01.04 | Mem:0.00M, Peak:0.00M | Scene, ViewLayer | Synchronizing object | Brake beam safety wire rope.008
Fra:1 Mem:507.72M (Peak 507.72M) | Time:00:01.04 | Mem:0.00M, Peak:0.00M | Scene, ViewLayer | Synchronizing object | Curved K-type composition tread brake block.009
Fra:1 Mem:507.72M (Peak 507.72M) | Time:00:01.04 | Mem:0.00M, Peak:0.00M | Scene, ViewLayer | Synchronizing object | Brake head cast backplate.009
Fra:1 Mem:507.73M (Peak 507.73M) | Time:00:01.04 | Mem:0.00M, Peak:0.00M | Scene, ViewLayer | Synchronizing object | Brake head shoe retaining pin pin.009
Fra:1 Mem:507.74M (Peak 507.74M) | Time:00:01.04 | Mem:0.00M, Peak:0.00M | Scene, ViewLayer | Synchronizing object | Brake head shoe retaining pin retaining washer.018
Fra:1 Mem:507.75M (Peak 507.75M) | Time:00:01.04 | Mem:0.00M, Peak:0.00M | Scene, ViewLayer | Synchronizing object | Brake head shoe retaining pin retaining washer.019
Fra:1 Mem:507.75M (Peak 507.75M) | Time:00:01.04 | Mem:0.00M, Peak:0.00M | Scene, ViewLayer | Synchronizing object | Brake head shoe retaining pin retaining hex head.019
Fra:1 Mem:507.76M (Peak 507.76M) | Time:00:01.04 | Mem:0.00M, Peak:0.00M | Scene, ViewLayer | Synchronizing object | Brake block suspension hanger strap.009
Fra:1 Mem:507.76M (Peak 507.76M) | Time:00:01.04 | Mem:0.00M, Peak:0.00M | Scene, ViewLayer | Synchronizing object | Brake block suspension hanger eye.019
Fra:1 Mem:507.76M (Peak 507.76M) | Time:00:01.04 | Mem:0.00M, Peak:0.00M | Scene, ViewLayer | Synchronizing object | Brake hanger upper pivot pin.009
Fra:1 Mem:507.78M (Peak 507.78M) | Time:00:01.04 | Mem:0.00M, Peak:0.00M | Scene, ViewLayer | Synchronizing object | Brake hanger upper pivot retaining washer.018
Fra:1 Mem:507.78M (Peak 507.78M) | Time:00:01.04 | Mem:0.00M, Peak:0.00M | Scene, ViewLayer | Synchronizing object | Brake hanger upper pivot retaining hex head.018
Fra:1 Mem:507.78M (Peak 507.78M) | Time:00:01.05 | Mem:0.00M, Peak:0.00M | Scene, ViewLayer | Synchronizing object | Brake hanger upper pivot retaining hex head.019
Fra:1 Mem:507.79M (Peak 507.79M) | Time:00:01.05 | Mem:0.00M, Peak:0.00M | Scene, ViewLayer | Synchronizing object | Brake beam safety wire rope.009
Fra:1 Mem:507.80M (Peak 507.80M) | Time:00:01.05 | Mem:0.00M, Peak:0.00M | Scene, ViewLayer | Synchronizing object | Brake transverse channel beam.005
Fra:1 Mem:507.80M (Peak 507.80M) | Time:00:01.05 | Mem:0.00M, Peak:0.00M | Scene, ViewLayer | Synchronizing object | Brake beam tension truss.010
Fra:1 Mem:507.81M (Peak 507.81M) | Time:00:01.05 | Mem:0.00M, Peak:0.00M | Scene, ViewLayer | Synchronizing object | Brake beam tension truss.011
Fra:1 Mem:507.81M (Peak 507.81M) | Time:00:01.05 | Mem:0.00M, Peak:0.00M | Scene, ViewLayer | Synchronizing object | Curved K-type composition tread brake block.010
Fra:1 Mem:507.82M (Peak 507.82M) | Time:00:01.05 | Mem:0.00M, Peak:0.00M | Scene, ViewLayer | Synchronizing object | Brake head cast backplate.010
Fra:1 Mem:507.82M (Peak 507.82M) | Time:00:01.05 | Mem:0.00M, Peak:0.00M | Scene, ViewLayer | Synchronizing object | Brake head shoe retaining pin pin.010
Fra:1 Mem:507.82M (Peak 507.82M) | Time:00:01.05 | Mem:0.00M, Peak:0.00M | Scene, ViewLayer | Synchronizing object | Brake head shoe retaining pin retaining washer.020
Fra:1 Mem:507.84M (Peak 507.84M) | Time:00:01.05 | Mem:0.00M, Peak:0.00M | Scene, ViewLayer | Synchronizing object | Brake head shoe retaining pin retaining hex head.020
Fra:1 Mem:507.84M (Peak 507.84M) | Time:00:01.05 | Mem:0.00M, Peak:0.00M | Scene, ViewLayer | Synchronizing object | Brake head shoe retaining pin retaining washer.021
Fra:1 Mem:507.84M (Peak 507.84M) | Time:00:01.05 | Mem:0.00M, Peak:0.00M | Scene, ViewLayer | Synchronizing object | Brake head shoe retaining pin retaining hex head.021
Fra:1 Mem:507.85M (Peak 507.85M) | Time:00:01.05 | Mem:0.00M, Peak:0.00M | Scene, ViewLayer | Synchronizing object | Brake block suspension hanger strap.010
Fra:1 Mem:507.85M (Peak 507.85M) | Time:00:01.05 | Mem:0.00M, Peak:0.00M | Scene, ViewLayer | Synchronizing object | Brake block suspension hanger eye.021
Fra:1 Mem:507.86M (Peak 507.86M) | Time:00:01.05 | Mem:0.00M, Peak:0.00M | Scene, ViewLayer | Synchronizing object | Brake hanger upper pivot pin.010
Fra:1 Mem:507.87M (Peak 507.87M) | Time:00:01.05 | Mem:0.00M, Peak:0.00M | Scene, ViewLayer | Synchronizing object | Brake hanger upper pivot retaining washer.020
Fra:1 Mem:507.87M (Peak 507.87M) | Time:00:01.05 | Mem:0.00M, Peak:0.00M | Scene, ViewLayer | Synchronizing object | Brake hanger upper pivot retaining hex head.020
Fra:1 Mem:507.88M (Peak 507.88M) | Time:00:01.05 | Mem:0.00M, Peak:0.00M | Scene, ViewLayer | Synchronizing object | Brake hanger upper pivot retaining hex head.021
Fra:1 Mem:507.89M (Peak 507.89M) | Time:00:01.05 | Mem:0.00M, Peak:0.00M | Scene, ViewLayer | Synchronizing object | Brake beam safety wire rope.010
Fra:1 Mem:507.89M (Peak 507.89M) | Time:00:01.05 | Mem:0.00M, Peak:0.00M | Scene, ViewLayer | Synchronizing object | Curved K-type composition tread brake block.011
Fra:1 Mem:507.89M (Peak 507.89M) | Time:00:01.05 | Mem:0.00M, Peak:0.00M | Scene, ViewLayer | Synchronizing object | Brake head cast backplate.011
Fra:1 Mem:507.90M (Peak 507.90M) | Time:00:01.05 | Mem:0.00M, Peak:0.00M | Scene, ViewLayer | Synchronizing object | Brake head shoe retaining pin pin.011
Fra:1 Mem:507.91M (Peak 507.91M) | Time:00:01.05 | Mem:0.00M, Peak:0.00M | Scene, ViewLayer | Synchronizing object | Brake head shoe retaining pin retaining washer.022
Fra:1 Mem:507.91M (Peak 507.91M) | Time:00:01.05 | Mem:0.00M, Peak:0.00M | Scene, ViewLayer | Synchronizing object | Brake head shoe retaining pin retaining hex head.022
Fra:1 Mem:507.92M (Peak 507.92M) | Time:00:01.05 | Mem:0.00M, Peak:0.00M | Scene, ViewLayer | Synchronizing object | Brake head shoe retaining pin retaining washer.023
Fra:1 Mem:507.93M (Peak 507.93M) | Time:00:01.05 | Mem:0.00M, Peak:0.00M | Scene, ViewLayer | Synchronizing object | Brake head shoe retaining pin retaining hex head.023
Fra:1 Mem:507.93M (Peak 507.93M) | Time:00:01.05 | Mem:0.00M, Peak:0.00M | Scene, ViewLayer | Synchronizing object | Brake block suspension hanger strap.011
Fra:1 Mem:507.93M (Peak 507.93M) | Time:00:01.05 | Mem:0.00M, Peak:0.00M | Scene, ViewLayer | Synchronizing object | Brake block suspension hanger eye.023
Fra:1 Mem:507.94M (Peak 507.94M) | Time:00:01.05 | Mem:0.00M, Peak:0.00M | Scene, ViewLayer | Synchronizing object | Brake hanger upper pivot pin.011
Fra:1 Mem:507.94M (Peak 507.94M) | Time:00:01.05 | Mem:0.00M, Peak:0.00M | Scene, ViewLayer | Synchronizing object | Brake hanger upper pivot retaining washer.022
Fra:1 Mem:507.95M (Peak 507.95M) | Time:00:01.05 | Mem:0.00M, Peak:0.00M | Scene, ViewLayer | Synchronizing object | Brake hanger upper pivot retaining washer.023
Fra:1 Mem:507.96M (Peak 507.96M) | Time:00:01.05 | Mem:0.00M, Peak:0.00M | Scene, ViewLayer | Synchronizing object | Brake hanger upper pivot retaining hex head.023
Fra:1 Mem:507.96M (Peak 507.96M) | Time:00:01.05 | Mem:0.00M, Peak:0.00M | Scene, ViewLayer | Synchronizing object | Brake beam safety wire rope.011
Fra:1 Mem:507.96M (Peak 507.96M) | Time:00:01.05 | Mem:0.00M, Peak:0.00M | Scene, ViewLayer | Synchronizing object | Brake transverse channel beam.006
Fra:1 Mem:507.97M (Peak 507.97M) | Time:00:01.05 | Mem:0.00M, Peak:0.00M | Scene, ViewLayer | Synchronizing object | Brake beam tension truss.012
Fra:1 Mem:507.97M (Peak 507.97M) | Time:00:01.05 | Mem:0.00M, Peak:0.00M | Scene, ViewLayer | Synchronizing object | Brake beam tension truss.013
Fra:1 Mem:507.98M (Peak 507.98M) | Time:00:01.05 | Mem:0.00M, Peak:0.00M | Scene, ViewLayer | Synchronizing object | Curved K-type composition tread brake block.012
Fra:1 Mem:507.98M (Peak 507.98M) | Time:00:01.05 | Mem:0.00M, Peak:0.00M | Scene, ViewLayer | Synchronizing object | Brake head cast backplate.012
Fra:1 Mem:508.00M (Peak 508.00M) | Time:00:01.05 | Mem:0.00M, Peak:0.00M | Scene, ViewLayer | Synchronizing object | Brake head shoe retaining pin pin.012
Fra:1 Mem:508.00M (Peak 508.00M) | Time:00:01.05 | Mem:0.00M, Peak:0.00M | Scene, ViewLayer | Synchronizing object | Brake head shoe retaining pin retaining washer.024
Fra:1 Mem:508.01M (Peak 508.01M) | Time:00:01.05 | Mem:0.00M, Peak:0.00M | Scene, ViewLayer | Synchronizing object | Brake head shoe retaining pin retaining hex head.024
Fra:1 Mem:508.01M (Peak 508.01M) | Time:00:01.05 | Mem:0.00M, Peak:0.00M | Scene, ViewLayer | Synchronizing object | Brake head shoe retaining pin retaining hex head.025
Fra:1 Mem:508.01M (Peak 508.01M) | Time:00:01.05 | Mem:0.00M, Peak:0.00M | Scene, ViewLayer | Synchronizing object | Brake block suspension hanger strap.012
Fra:1 Mem:508.01M (Peak 508.01M) | Time:00:01.05 | Mem:0.00M, Peak:0.00M | Scene, ViewLayer | Synchronizing object | Brake block suspension hanger eye.024
Fra:1 Mem:508.02M (Peak 508.02M) | Time:00:01.05 | Mem:0.00M, Peak:0.00M | Scene, ViewLayer | Synchronizing object | Brake block suspension hanger eye.025
Fra:1 Mem:508.03M (Peak 508.03M) | Time:00:01.05 | Mem:0.00M, Peak:0.00M | Scene, ViewLayer | Synchronizing object | Brake hanger upper pivot pin.012
Fra:1 Mem:508.03M (Peak 508.03M) | Time:00:01.05 | Mem:0.00M, Peak:0.00M | Scene, ViewLayer | Synchronizing object | Brake hanger upper pivot retaining washer.024
Fra:1 Mem:508.04M (Peak 508.04M) | Time:00:01.05 | Mem:0.00M, Peak:0.00M | Scene, ViewLayer | Synchronizing object | Brake hanger upper pivot retaining hex head.024
Fra:1 Mem:508.04M (Peak 508.04M) | Time:00:01.05 | Mem:0.00M, Peak:0.00M | Scene, ViewLayer | Synchronizing object | Brake hanger upper pivot retaining washer.025
Fra:1 Mem:508.05M (Peak 508.05M) | Time:00:01.05 | Mem:0.00M, Peak:0.00M | Scene, ViewLayer | Synchronizing object | Brake hanger upper pivot retaining hex head.025
Fra:1 Mem:508.05M (Peak 508.05M) | Time:00:01.05 | Mem:0.00M, Peak:0.00M | Scene, ViewLayer | Synchronizing object | Brake beam safety wire rope.012
Fra:1 Mem:508.05M (Peak 508.05M) | Time:00:01.05 | Mem:0.00M, Peak:0.00M | Scene, ViewLayer | Synchronizing object | Curved K-type composition tread brake block.013
Fra:1 Mem:508.06M (Peak 508.06M) | Time:00:01.05 | Mem:0.00M, Peak:0.00M | Scene, ViewLayer | Synchronizing object | Brake head cast backplate.013
Fra:1 Mem:508.07M (Peak 508.07M) | Time:00:01.05 | Mem:0.00M, Peak:0.00M | Scene, ViewLayer | Synchronizing object | Brake head shoe retaining pin pin.013
Fra:1 Mem:508.07M (Peak 508.07M) | Time:00:01.05 | Mem:0.00M, Peak:0.00M | Scene, ViewLayer | Synchronizing object | Brake head shoe retaining pin retaining washer.026
Fra:1 Mem:508.09M (Peak 508.09M) | Time:00:01.05 | Mem:0.00M, Peak:0.00M | Scene, ViewLayer | Synchronizing object | Brake head shoe retaining pin retaining hex head.026
Fra:1 Mem:508.09M (Peak 508.09M) | Time:00:01.05 | Mem:0.00M, Peak:0.00M | Scene, ViewLayer | Synchronizing object | Brake head shoe retaining pin retaining washer.027
Fra:1 Mem:508.09M (Peak 508.09M) | Time:00:01.05 | Mem:0.00M, Peak:0.00M | Scene, ViewLayer | Synchronizing object | Brake head shoe retaining pin retaining hex head.027
Fra:1 Mem:508.10M (Peak 508.10M) | Time:00:01.05 | Mem:0.00M, Peak:0.00M | Scene, ViewLayer | Synchronizing object | Brake block suspension hanger strap.013
Fra:1 Mem:508.10M (Peak 508.10M) | Time:00:01.05 | Mem:0.00M, Peak:0.00M | Scene, ViewLayer | Synchronizing object | Brake block suspension hanger eye.026
Fra:1 Mem:508.10M (Peak 508.10M) | Time:00:01.05 | Mem:0.00M, Peak:0.00M | Scene, ViewLayer | Synchronizing object | Brake block suspension hanger eye.027
Fra:1 Mem:508.11M (Peak 508.11M) | Time:00:01.05 | Mem:0.00M, Peak:0.00M | Scene, ViewLayer | Synchronizing object | Brake hanger upper pivot pin.013
Fra:1 Mem:508.11M (Peak 508.11M) | Time:00:01.05 | Mem:0.00M, Peak:0.00M | Scene, ViewLayer | Synchronizing object | Brake hanger upper pivot retaining washer.026
Fra:1 Mem:508.12M (Peak 508.12M) | Time:00:01.05 | Mem:0.00M, Peak:0.00M | Scene, ViewLayer | Synchronizing object | Brake hanger upper pivot retaining washer.027
Fra:1 Mem:508.12M (Peak 508.12M) | Time:00:01.05 | Mem:0.00M, Peak:0.00M | Scene, ViewLayer | Synchronizing object | Brake hanger upper pivot retaining hex head.027
Fra:1 Mem:508.13M (Peak 508.13M) | Time:00:01.05 | Mem:0.00M, Peak:0.00M | Scene, ViewLayer | Synchronizing object | Brake beam safety wire rope.013
Fra:1 Mem:508.13M (Peak 508.13M) | Time:00:01.05 | Mem:0.00M, Peak:0.00M | Scene, ViewLayer | Synchronizing object | Brake transverse channel beam.007
Fra:1 Mem:508.13M (Peak 508.13M) | Time:00:01.05 | Mem:0.00M, Peak:0.00M | Scene, ViewLayer | Synchronizing object | Brake beam tension truss.014
Fra:1 Mem:508.14M (Peak 508.14M) | Time:00:01.05 | Mem:0.00M, Peak:0.00M | Scene, ViewLayer | Synchronizing object | Brake beam tension truss.015
Fra:1 Mem:508.15M (Peak 508.15M) | Time:00:01.05 | Mem:0.00M, Peak:0.00M | Scene, ViewLayer | Synchronizing object | Curved K-type composition tread brake block.014
Fra:1 Mem:508.15M (Peak 508.15M) | Time:00:01.05 | Mem:0.00M, Peak:0.00M | Scene, ViewLayer | Synchronizing object | Brake head cast backplate.014
Fra:1 Mem:508.16M (Peak 508.16M) | Time:00:01.05 | Mem:0.00M, Peak:0.00M | Scene, ViewLayer | Synchronizing object | Brake head shoe retaining pin pin.014
Fra:1 Mem:508.17M (Peak 508.17M) | Time:00:01.05 | Mem:0.00M, Peak:0.00M | Scene, ViewLayer | Synchronizing object | Brake head shoe retaining pin retaining washer.028
Fra:1 Mem:508.17M (Peak 508.17M) | Time:00:01.05 | Mem:0.00M, Peak:0.00M | Scene, ViewLayer | Synchronizing object | Brake head shoe retaining pin retaining hex head.028
Fra:1 Mem:508.18M (Peak 508.18M) | Time:00:01.05 | Mem:0.00M, Peak:0.00M | Scene, ViewLayer | Synchronizing object | Brake head shoe retaining pin retaining hex head.029
Fra:1 Mem:508.20M (Peak 508.20M) | Time:00:01.05 | Mem:0.00M, Peak:0.00M | Scene, ViewLayer | Synchronizing object | Brake block suspension hanger strap.014
Fra:1 Mem:508.19M (Peak 508.20M) | Time:00:01.05 | Mem:0.00M, Peak:0.00M | Scene, ViewLayer | Synchronizing object | Brake block suspension hanger eye.028
Fra:1 Mem:508.19M (Peak 508.20M) | Time:00:01.05 | Mem:0.00M, Peak:0.00M | Scene, ViewLayer | Synchronizing object | Brake block suspension hanger eye.029
Fra:1 Mem:508.20M (Peak 508.20M) | Time:00:01.05 | Mem:0.00M, Peak:0.00M | Scene, ViewLayer | Synchronizing object | Brake hanger upper pivot pin.014
Fra:1 Mem:508.20M (Peak 508.20M) | Time:00:01.05 | Mem:0.00M, Peak:0.00M | Scene, ViewLayer | Synchronizing object | Brake hanger upper pivot retaining washer.028
Fra:1 Mem:508.20M (Peak 508.20M) | Time:00:01.05 | Mem:0.00M, Peak:0.00M | Scene, ViewLayer | Synchronizing object | Brake hanger upper pivot retaining hex head.028
Fra:1 Mem:508.21M (Peak 508.21M) | Time:00:01.05 | Mem:0.00M, Peak:0.00M | Scene, ViewLayer | Synchronizing object | Brake hanger upper pivot retaining washer.029
Fra:1 Mem:508.21M (Peak 508.21M) | Time:00:01.05 | Mem:0.00M, Peak:0.00M | Scene, ViewLayer | Synchronizing object | Brake beam safety wire rope.014
Fra:1 Mem:508.22M (Peak 508.22M) | Time:00:01.05 | Mem:0.00M, Peak:0.00M | Scene, ViewLayer | Synchronizing object | Curved K-type composition tread brake block.015
Fra:1 Mem:508.23M (Peak 508.23M) | Time:00:01.05 | Mem:0.00M, Peak:0.00M | Scene, ViewLayer | Synchronizing object | Brake head cast backplate.015
Fra:1 Mem:508.24M (Peak 508.24M) | Time:00:01.05 | Mem:0.00M, Peak:0.00M | Scene, ViewLayer | Synchronizing object | Brake head shoe retaining pin pin.015
Fra:1 Mem:508.24M (Peak 508.24M) | Time:00:01.05 | Mem:0.00M, Peak:0.00M | Scene, ViewLayer | Synchronizing object | Brake head shoe retaining pin retaining washer.030
Fra:1 Mem:508.25M (Peak 508.25M) | Time:00:01.05 | Mem:0.00M, Peak:0.00M | Scene, ViewLayer | Synchronizing object | Brake head shoe retaining pin retaining hex head.030
Fra:1 Mem:508.25M (Peak 508.25M) | Time:00:01.05 | Mem:0.00M, Peak:0.00M | Scene, ViewLayer | Synchronizing object | Brake head shoe retaining pin retaining washer.031
Fra:1 Mem:508.26M (Peak 508.26M) | Time:00:01.05 | Mem:0.00M, Peak:0.00M | Scene, ViewLayer | Synchronizing object | Brake head shoe retaining pin retaining hex head.031
Fra:1 Mem:508.26M (Peak 508.26M) | Time:00:01.05 | Mem:0.00M, Peak:0.00M | Scene, ViewLayer | Synchronizing object | Brake block suspension hanger strap.015
Fra:1 Mem:508.27M (Peak 508.27M) | Time:00:01.05 | Mem:0.00M, Peak:0.00M | Scene, ViewLayer | Synchronizing object | Brake block suspension hanger eye.031
Fra:1 Mem:508.27M (Peak 508.27M) | Time:00:01.05 | Mem:0.00M, Peak:0.00M | Scene, ViewLayer | Synchronizing object | Brake hanger upper pivot pin.015
Fra:1 Mem:508.28M (Peak 508.28M) | Time:00:01.05 | Mem:0.00M, Peak:0.00M | Scene, ViewLayer | Synchronizing object | Brake hanger upper pivot retaining washer.030
Fra:1 Mem:508.29M (Peak 508.29M) | Time:00:01.05 | Mem:0.00M, Peak:0.00M | Scene, ViewLayer | Synchronizing object | Brake hanger upper pivot retaining hex head.030
Fra:1 Mem:508.29M (Peak 508.29M) | Time:00:01.05 | Mem:0.00M, Peak:0.00M | Scene, ViewLayer | Synchronizing object | Brake hanger upper pivot retaining hex head.031
Fra:1 Mem:508.29M (Peak 508.29M) | Time:00:01.05 | Mem:0.00M, Peak:0.00M | Scene, ViewLayer | Synchronizing object | Brake beam safety wire rope.015
Fra:1 Mem:508.30M (Peak 508.30M) | Time:00:01.05 | Mem:0.00M, Peak:0.00M | Scene, ViewLayer | Synchronizing object | Bogie mounted 8-inch air brake cylinder.002
Fra:1 Mem:508.31M (Peak 508.31M) | Time:00:01.05 | Mem:0.00M, Peak:0.00M | Scene, ViewLayer | Synchronizing object | Brake cylinder end flange.002
Fra:1 Mem:508.32M (Peak 508.32M) | Time:00:01.05 | Mem:0.00M, Peak:0.00M | Scene, ViewLayer | Synchronizing object | Brake cylinder piston guide.002
Fra:1 Mem:508.32M (Peak 508.32M) | Time:00:01.05 | Mem:0.00M, Peak:0.00M | Scene, ViewLayer | Synchronizing object | Brake cylinder piston rod.002
Fra:1 Mem:508.33M (Peak 508.33M) | Time:00:01.05 | Mem:0.00M, Peak:0.00M | Scene, ViewLayer | Synchronizing object | Brake cylinder flange hex head.012
Fra:1 Mem:508.33M (Peak 508.33M) | Time:00:01.05 | Mem:0.00M, Peak:0.00M | Scene, ViewLayer | Synchronizing object | Brake cylinder flange hex head.014
Fra:1 Mem:508.34M (Peak 508.34M) | Time:00:01.05 | Mem:0.00M, Peak:0.00M | Scene, ViewLayer | Synchronizing object | Brake cylinder flange hex head.015
Fra:1 Mem:508.34M (Peak 508.34M) | Time:00:01.05 | Mem:0.00M, Peak:0.00M | Scene, ViewLayer | Synchronizing object | Brake cylinder flange hex head.017
Fra:1 Mem:508.34M (Peak 508.34M) | Time:00:01.05 | Mem:0.00M, Peak:0.00M | Scene, ViewLayer | Synchronizing object | Brake cylinder transom support.002
Fra:1 Mem:508.35M (Peak 508.35M) | Time:00:01.05 | Mem:0.00M, Peak:0.00M | Scene, ViewLayer | Synchronizing object | Brake cylinder air flex hose.002
Fra:1 Mem:508.36M (Peak 508.36M) | Time:00:01.05 | Mem:0.00M, Peak:0.00M | Scene, ViewLayer | Synchronizing object | Brake live lever strap.004
Fra:1 Mem:508.36M (Peak 508.36M) | Time:00:01.05 | Mem:0.00M, Peak:0.00M | Scene, ViewLayer | Synchronizing object | Brake live lever eye.008
Fra:1 Mem:508.36M (Peak 508.36M) | Time:00:01.05 | Mem:0.00M, Peak:0.00M | Scene, ViewLayer | Synchronizing object | Brake live lever eye.009
Fra:1 Mem:508.37M (Peak 508.37M) | Time:00:01.05 | Mem:0.00M, Peak:0.00M | Scene, ViewLayer | Synchronizing object | Brake lever fulcrum pin.004
Fra:1 Mem:508.37M (Peak 508.37M) | Time:00:01.05 | Mem:0.00M, Peak:0.00M | Scene, ViewLayer | Synchronizing object | Brake lever fulcrum retaining washer.008
Fra:1 Mem:508.38M (Peak 508.38M) | Time:00:01.05 | Mem:0.00M, Peak:0.00M | Scene, ViewLayer | Synchronizing object | Brake lever fulcrum retaining hex head.008
Fra:1 Mem:508.39M (Peak 508.39M) | Time:00:01.05 | Mem:0.00M, Peak:0.00M | Scene, ViewLayer | Synchronizing object | Brake lever fulcrum retaining hex head.009
Fra:1 Mem:508.39M (Peak 508.39M) | Time:00:01.05 | Mem:0.00M, Peak:0.00M | Scene, ViewLayer | Synchronizing object | Curved brake pull rod.004
Fra:1 Mem:508.41M (Peak 508.41M) | Time:00:01.05 | Mem:0.00M, Peak:0.00M | Scene, ViewLayer | Synchronizing object | Brake rigging safety cradle.004
Fra:1 Mem:508.40M (Peak 508.41M) | Time:00:01.05 | Mem:0.00M, Peak:0.00M | Scene, ViewLayer | Synchronizing object | Brake live lever eye.010
Fra:1 Mem:508.41M (Peak 508.41M) | Time:00:01.05 | Mem:0.00M, Peak:0.00M | Scene, ViewLayer | Synchronizing object | Brake live lever eye.011
Fra:1 Mem:508.42M (Peak 508.42M) | Time:00:01.05 | Mem:0.00M, Peak:0.00M | Scene, ViewLayer | Synchronizing object | Brake lever fulcrum pin.005
Fra:1 Mem:508.42M (Peak 508.42M) | Time:00:01.05 | Mem:0.00M, Peak:0.00M | Scene, ViewLayer | Synchronizing object | Brake lever fulcrum retaining washer.010
Fra:1 Mem:508.43M (Peak 508.43M) | Time:00:01.05 | Mem:0.00M, Peak:0.00M | Scene, ViewLayer | Synchronizing object | Brake lever fulcrum retaining hex head.010
Fra:1 Mem:508.43M (Peak 508.43M) | Time:00:01.05 | Mem:0.00M, Peak:0.00M | Scene, ViewLayer | Synchronizing object | Brake lever fulcrum retaining washer.011
Fra:1 Mem:508.44M (Peak 508.44M) | Time:00:01.05 | Mem:0.00M, Peak:0.00M | Scene, ViewLayer | Synchronizing object | Curved brake pull rod.005
Fra:1 Mem:508.44M (Peak 508.44M) | Time:00:01.05 | Mem:0.00M, Peak:0.00M | Scene, ViewLayer | Synchronizing object | Brake rigging safety cradle.005
Fra:1 Mem:508.45M (Peak 508.45M) | Time:00:01.05 | Mem:0.00M, Peak:0.00M | Scene, ViewLayer | Synchronizing object | Brake cross balance spindle.002
Fra:1 Mem:508.45M (Peak 508.45M) | Time:00:01.05 | Mem:0.00M, Peak:0.00M | Scene, ViewLayer | Synchronizing object | Bogie mounted 8-inch air brake cylinder.003
Fra:1 Mem:508.46M (Peak 508.46M) | Time:00:01.05 | Mem:0.00M, Peak:0.00M | Scene, ViewLayer | Synchronizing object | Brake cylinder end flange.003
Fra:1 Mem:508.46M (Peak 508.46M) | Time:00:01.05 | Mem:0.00M, Peak:0.00M | Scene, ViewLayer | Synchronizing object | Brake cylinder piston guide.003
Fra:1 Mem:508.48M (Peak 508.48M) | Time:00:01.05 | Mem:0.00M, Peak:0.00M | Scene, ViewLayer | Synchronizing object | Brake cylinder piston rod.003
Fra:1 Mem:508.49M (Peak 508.49M) | Time:00:01.05 | Mem:0.00M, Peak:0.00M | Scene, ViewLayer | Synchronizing object | Brake cylinder flange hex head.018
Fra:1 Mem:508.49M (Peak 508.49M) | Time:00:01.05 | Mem:0.00M, Peak:0.00M | Scene, ViewLayer | Synchronizing object | Brake cylinder flange hex head.019
Fra:1 Mem:508.49M (Peak 508.49M) | Time:00:01.05 | Mem:0.00M, Peak:0.00M | Scene, ViewLayer | Synchronizing object | Brake cylinder flange hex head.020
Fra:1 Mem:508.51M (Peak 508.51M) | Time:00:01.05 | Mem:0.00M, Peak:0.00M | Scene, ViewLayer | Synchronizing object | Brake cylinder flange hex head.021
Fra:1 Mem:508.50M (Peak 508.51M) | Time:00:01.05 | Mem:0.00M, Peak:0.00M | Scene, ViewLayer | Synchronizing object | Brake cylinder flange hex head.023
Fra:1 Mem:508.50M (Peak 508.51M) | Time:00:01.05 | Mem:0.00M, Peak:0.00M | Scene, ViewLayer | Synchronizing object | Brake cylinder transom support.003
Fra:1 Mem:508.50M (Peak 508.51M) | Time:00:01.05 | Mem:0.00M, Peak:0.00M | Scene, ViewLayer | Synchronizing object | Brake live lever strap.006
Fra:1 Mem:508.52M (Peak 508.52M) | Time:00:01.05 | Mem:0.00M, Peak:0.00M | Scene, ViewLayer | Synchronizing object | Brake live lever eye.012
Fra:1 Mem:508.52M (Peak 508.52M) | Time:00:01.05 | Mem:0.00M, Peak:0.00M | Scene, ViewLayer | Synchronizing object | Brake lever fulcrum pin.006
Fra:1 Mem:508.53M (Peak 508.53M) | Time:00:01.05 | Mem:0.00M, Peak:0.00M | Scene, ViewLayer | Synchronizing object | Brake lever fulcrum retaining washer.012
Fra:1 Mem:508.54M (Peak 508.54M) | Time:00:01.05 | Mem:0.00M, Peak:0.00M | Scene, ViewLayer | Synchronizing object | Brake lever fulcrum retaining hex head.012
Fra:1 Mem:508.54M (Peak 508.54M) | Time:00:01.05 | Mem:0.00M, Peak:0.00M | Scene, ViewLayer | Synchronizing object | Brake lever fulcrum retaining washer.013
Fra:1 Mem:508.54M (Peak 508.54M) | Time:00:01.05 | Mem:0.00M, Peak:0.00M | Scene, ViewLayer | Synchronizing object | Curved brake pull rod.006
Fra:1 Mem:508.55M (Peak 508.55M) | Time:00:01.05 | Mem:0.00M, Peak:0.00M | Scene, ViewLayer | Synchronizing object | Brake rigging safety cradle.006
Fra:1 Mem:508.56M (Peak 508.56M) | Time:00:01.05 | Mem:0.00M, Peak:0.00M | Scene, ViewLayer | Synchronizing object | Brake live lever strap.007
Fra:1 Mem:508.56M (Peak 508.56M) | Time:00:01.05 | Mem:0.00M, Peak:0.00M | Scene, ViewLayer | Synchronizing object | Brake live lever eye.014
Fra:1 Mem:508.56M (Peak 508.56M) | Time:00:01.05 | Mem:0.00M, Peak:0.00M | Scene, ViewLayer | Synchronizing object | Brake lever fulcrum pin.007
Fra:1 Mem:508.58M (Peak 508.58M) | Time:00:01.05 | Mem:0.00M, Peak:0.00M | Scene, ViewLayer | Synchronizing object | Brake lever fulcrum retaining washer.014
Fra:1 Mem:508.58M (Peak 508.58M) | Time:00:01.05 | Mem:0.00M, Peak:0.00M | Scene, ViewLayer | Synchronizing object | Brake lever fulcrum retaining hex head.014
Fra:1 Mem:508.59M (Peak 508.59M) | Time:00:01.05 | Mem:0.00M, Peak:0.00M | Scene, ViewLayer | Synchronizing object | Brake lever fulcrum retaining hex head.015
Fra:1 Mem:508.59M (Peak 508.59M) | Time:00:01.05 | Mem:0.00M, Peak:0.00M | Scene, ViewLayer | Synchronizing object | Curved brake pull rod.007
Fra:1 Mem:508.60M (Peak 508.60M) | Time:00:01.05 | Mem:0.00M, Peak:0.00M | Scene, ViewLayer | Synchronizing object | Brake rigging safety cradle.007
Fra:1 Mem:508.60M (Peak 508.60M) | Time:00:01.05 | Mem:0.00M, Peak:0.00M | Scene, ViewLayer | Synchronizing object | Brake cross balance spindle.003
Fra:1 Mem:508.61M (Peak 508.61M) | Time:00:01.05 | Mem:0.00M, Peak:0.00M | Scene, ViewLayer | Synchronizing object | 18kW split-AC self-generating alternator barrel.001
Fra:1 Mem:508.63M (Peak 508.63M) | Time:00:01.05 | Mem:0.00M, Peak:0.00M | Scene, ViewLayer | Synchronizing object | Alternator bolted end shield.002
Fra:1 Mem:508.64M (Peak 508.64M) | Time:00:01.05 | Mem:0.00M, Peak:0.00M | Scene, ViewLayer | Synchronizing object | Alternator end shield hex head.016
Fra:1 Mem:508.64M (Peak 508.64M) | Time:00:01.05 | Mem:0.00M, Peak:0.00M | Scene, ViewLayer | Synchronizing object | Alternator end shield hex head.017
Fra:1 Mem:508.64M (Peak 508.64M) | Time:00:01.05 | Mem:0.00M, Peak:0.00M | Scene, ViewLayer | Synchronizing object | Alternator end shield hex head.018
Fra:1 Mem:508.64M (Peak 508.64M) | Time:00:01.05 | Mem:0.00M, Peak:0.00M | Scene, ViewLayer | Synchronizing object | Alternator end shield hex head.019
Fra:1 Mem:508.65M (Peak 508.65M) | Time:00:01.05 | Mem:0.00M, Peak:0.00M | Scene, ViewLayer | Synchronizing object | Alternator end shield hex head.020
Fra:1 Mem:508.65M (Peak 508.65M) | Time:00:01.05 | Mem:0.00M, Peak:0.00M | Scene, ViewLayer | Synchronizing object | Alternator end shield hex head.021
Fra:1 Mem:508.65M (Peak 508.65M) | Time:00:01.05 | Mem:0.00M, Peak:0.00M | Scene, ViewLayer | Synchronizing object | Alternator end shield hex head.022
Fra:1 Mem:508.65M (Peak 508.65M) | Time:00:01.05 | Mem:0.00M, Peak:0.00M | Scene, ViewLayer | Synchronizing object | Alternator bolted end shield.003
Fra:1 Mem:508.66M (Peak 508.66M) | Time:00:01.05 | Mem:0.00M, Peak:0.00M | Scene, ViewLayer | Synchronizing object | Alternator end shield hex head.024
Fra:1 Mem:508.67M (Peak 508.67M) | Time:00:01.05 | Mem:0.00M, Peak:0.00M | Scene, ViewLayer | Synchronizing object | Alternator end shield hex head.025
Fra:1 Mem:508.69M (Peak 508.69M) | Time:00:01.05 | Mem:0.00M, Peak:0.00M | Scene, ViewLayer | Synchronizing object | Alternator end shield hex head.026
Fra:1 Mem:508.67M (Peak 508.69M) | Time:00:01.05 | Mem:0.00M, Peak:0.00M | Scene, ViewLayer | Synchronizing object | Alternator end shield hex head.028
Fra:1 Mem:508.67M (Peak 508.69M) | Time:00:01.05 | Mem:0.00M, Peak:0.00M | Scene, ViewLayer | Synchronizing object | Alternator end shield hex head.029
Fra:1 Mem:508.68M (Peak 508.69M) | Time:00:01.05 | Mem:0.00M, Peak:0.00M | Scene, ViewLayer | Synchronizing object | Alternator end shield hex head.030
Fra:1 Mem:508.70M (Peak 508.70M) | Time:00:01.05 | Mem:0.00M, Peak:0.00M | Scene, ViewLayer | Synchronizing object | Alternator end shield hex head.031
Fra:1 Mem:508.68M (Peak 508.70M) | Time:00:01.05 | Mem:0.00M, Peak:0.00M | Scene, ViewLayer | Synchronizing object | Alternator longitudinal cooling fin.018
Fra:1 Mem:508.69M (Peak 508.70M) | Time:00:01.05 | Mem:0.00M, Peak:0.00M | Scene, ViewLayer | Synchronizing object | Alternator longitudinal cooling fin.019
Fra:1 Mem:508.69M (Peak 508.70M) | Time:00:01.05 | Mem:0.00M, Peak:0.00M | Scene, ViewLayer | Synchronizing object | Alternator longitudinal cooling fin.020
Fra:1 Mem:508.69M (Peak 508.70M) | Time:00:01.05 | Mem:0.00M, Peak:0.00M | Scene, ViewLayer | Synchronizing object | Alternator longitudinal cooling fin.022
Fra:1 Mem:508.69M (Peak 508.70M) | Time:00:01.05 | Mem:0.00M, Peak:0.00M | Scene, ViewLayer | Synchronizing object | Alternator longitudinal cooling fin.023
Fra:1 Mem:508.69M (Peak 508.70M) | Time:00:01.05 | Mem:0.00M, Peak:0.00M | Scene, ViewLayer | Synchronizing object | Alternator longitudinal cooling fin.024
Fra:1 Mem:508.70M (Peak 508.70M) | Time:00:01.05 | Mem:0.00M, Peak:0.00M | Scene, ViewLayer | Synchronizing object | Alternator longitudinal cooling fin.025
Fra:1 Mem:508.70M (Peak 508.70M) | Time:00:01.05 | Mem:0.00M, Peak:0.00M | Scene, ViewLayer | Synchronizing object | Alternator longitudinal cooling fin.026
Fra:1 Mem:508.70M (Peak 508.70M) | Time:00:01.05 | Mem:0.00M, Peak:0.00M | Scene, ViewLayer | Synchronizing object | Alternator longitudinal cooling fin.027
Fra:1 Mem:508.70M (Peak 508.70M) | Time:00:01.05 | Mem:0.00M, Peak:0.00M | Scene, ViewLayer | Synchronizing object | Alternator longitudinal cooling fin.028
Fra:1 Mem:508.70M (Peak 508.70M) | Time:00:01.05 | Mem:0.00M, Peak:0.00M | Scene, ViewLayer | Synchronizing object | Alternator longitudinal cooling fin.030
Fra:1 Mem:508.70M (Peak 508.70M) | Time:00:01.05 | Mem:0.00M, Peak:0.00M | Scene, ViewLayer | Synchronizing object | Alternator longitudinal cooling fin.031
Fra:1 Mem:508.71M (Peak 508.71M) | Time:00:01.05 | Mem:0.00M, Peak:0.00M | Scene, ViewLayer | Synchronizing object | Alternator longitudinal cooling fin.032
Fra:1 Mem:508.71M (Peak 508.71M) | Time:00:01.05 | Mem:0.00M, Peak:0.00M | Scene, ViewLayer | Synchronizing object | Alternator longitudinal cooling fin.033
Fra:1 Mem:508.71M (Peak 508.71M) | Time:00:01.05 | Mem:0.00M, Peak:0.00M | Scene, ViewLayer | Synchronizing object | Alternator longitudinal cooling fin.034
Fra:1 Mem:508.71M (Peak 508.71M) | Time:00:01.05 | Mem:0.00M, Peak:0.00M | Scene, ViewLayer | Synchronizing object | Alternator longitudinal cooling fin.035
Fra:1 Mem:508.71M (Peak 508.71M) | Time:00:01.05 | Mem:0.00M, Peak:0.00M | Scene, ViewLayer | Synchronizing object | Alternator field terminal box.001
Fra:1 Mem:508.72M (Peak 508.72M) | Time:00:01.05 | Mem:0.00M, Peak:0.00M | Scene, ViewLayer | Synchronizing object | Alternator flexible cable.001
Fra:1 Mem:508.72M (Peak 508.72M) | Time:00:01.05 | Mem:0.00M, Peak:0.00M | Scene, ViewLayer | Synchronizing object | Alternator suspension crossbar.001
Fra:1 Mem:508.73M (Peak 508.73M) | Time:00:01.05 | Mem:0.00M, Peak:0.00M | Scene, ViewLayer | Synchronizing object | Alternator suspension arm strap.002
Fra:1 Mem:508.73M (Peak 508.73M) | Time:00:01.05 | Mem:0.00M, Peak:0.00M | Scene, ViewLayer | Synchronizing object | Alternator suspension arm eye.004
Fra:1 Mem:508.74M (Peak 508.74M) | Time:00:01.05 | Mem:0.00M, Peak:0.00M | Scene, ViewLayer | Synchronizing object | Alternator suspension arm eye.005
Fra:1 Mem:508.74M (Peak 508.74M) | Time:00:01.05 | Mem:0.00M, Peak:0.00M | Scene, ViewLayer | Synchronizing object | Alternator suspension pin pin.002
Fra:1 Mem:508.75M (Peak 508.75M) | Time:00:01.05 | Mem:0.00M, Peak:0.00M | Scene, ViewLayer | Synchronizing object | Alternator suspension pin retaining washer.004
Fra:1 Mem:508.75M (Peak 508.75M) | Time:00:01.05 | Mem:0.00M, Peak:0.00M | Scene, ViewLayer | Synchronizing object | Alternator suspension pin retaining hex head.004
Fra:1 Mem:508.76M (Peak 508.76M) | Time:00:01.05 | Mem:0.00M, Peak:0.00M | Scene, ViewLayer | Synchronizing object | Alternator suspension pin retaining washer.005
Fra:1 Mem:508.76M (Peak 508.76M) | Time:00:01.05 | Mem:0.00M, Peak:0.00M | Scene, ViewLayer | Synchronizing object | Alternator suspension arm strap.003
Fra:1 Mem:508.77M (Peak 508.77M) | Time:00:01.05 | Mem:0.00M, Peak:0.00M | Scene, ViewLayer | Synchronizing object | Alternator suspension arm eye.006
Fra:1 Mem:508.77M (Peak 508.77M) | Time:00:01.05 | Mem:0.00M, Peak:0.00M | Scene, ViewLayer | Synchronizing object | Alternator suspension arm eye.007
Fra:1 Mem:508.78M (Peak 508.78M) | Time:00:01.05 | Mem:0.00M, Peak:0.00M | Scene, ViewLayer | Synchronizing object | Alternator suspension pin pin.003
Fra:1 Mem:508.78M (Peak 508.78M) | Time:00:01.05 | Mem:0.00M, Peak:0.00M | Scene, ViewLayer | Synchronizing object | Alternator suspension pin retaining washer.006
Fra:1 Mem:508.79M (Peak 508.79M) | Time:00:01.05 | Mem:0.00M, Peak:0.00M | Scene, ViewLayer | Synchronizing object | Alternator suspension pin retaining hex head.006
Fra:1 Mem:508.79M (Peak 508.79M) | Time:00:01.05 | Mem:0.00M, Peak:0.00M | Scene, ViewLayer | Synchronizing object | Alternator suspension pin retaining hex head.007
Fra:1 Mem:508.80M (Peak 508.80M) | Time:00:01.05 | Mem:0.00M, Peak:0.00M | Scene, ViewLayer | Synchronizing object | Split axle V-belt drive pulley.002
Fra:1 Mem:508.80M (Peak 508.80M) | Time:00:01.05 | Mem:0.00M, Peak:0.00M | Scene, ViewLayer | Synchronizing object | Matched alternator V belt 01.002
Fra:1 Mem:508.97M (Peak 508.97M) | Time:00:01.05 | Mem:0.00M, Peak:0.00M | Scene, ViewLayer | Synchronizing object | Matched alternator V belt 02.002
Fra:1 Mem:509.19M (Peak 509.19M) | Time:00:01.05 | Mem:0.00M, Peak:0.00M | Scene, ViewLayer | Synchronizing object | Matched alternator V belt 03.002
Fra:1 Mem:509.22M (Peak 509.22M) | Time:00:01.05 | Mem:0.00M, Peak:0.00M | Scene, ViewLayer | Synchronizing object | Matched alternator V belt 04.002
Fra:1 Mem:509.27M (Peak 509.27M) | Time:00:01.05 | Mem:0.00M, Peak:0.00M | Scene, ViewLayer | Synchronizing object | Matched alternator V belt 05.002
Fra:1 Mem:509.32M (Peak 509.32M) | Time:00:01.05 | Mem:0.00M, Peak:0.00M | Scene, ViewLayer | Synchronizing object | Matched alternator V belt 06.002
Fra:1 Mem:509.33M (Peak 509.33M) | Time:00:01.05 | Mem:0.00M, Peak:0.00M | Scene, ViewLayer | Synchronizing object | Split axle pulley fixing hex head.012
Fra:1 Mem:509.36M (Peak 509.36M) | Time:00:01.05 | Mem:0.00M, Peak:0.00M | Scene, ViewLayer | Synchronizing object | Split axle pulley fixing hex head.013
Fra:1 Mem:509.36M (Peak 509.36M) | Time:00:01.05 | Mem:0.00M, Peak:0.00M | Scene, ViewLayer | Synchronizing object | Split axle pulley fixing hex head.015
Fra:1 Mem:509.37M (Peak 509.37M) | Time:00:01.05 | Mem:0.00M, Peak:0.00M | Scene, ViewLayer | Synchronizing object | Split axle pulley fixing hex head.016
Fra:1 Mem:509.37M (Peak 509.37M) | Time:00:01.05 | Mem:0.00M, Peak:0.00M | Scene, ViewLayer | Synchronizing object | Split axle pulley fixing hex head.017
Fra:1 Mem:509.38M (Peak 509.38M) | Time:00:01.05 | Mem:0.00M, Peak:0.00M | Scene, ViewLayer | Synchronizing object | Split axle V-belt drive pulley.003
Fra:1 Mem:509.41M (Peak 509.41M) | Time:00:01.05 | Mem:0.00M, Peak:0.00M | Scene, ViewLayer | Synchronizing object | Matched alternator V belt 01.003
Fra:1 Mem:509.60M (Peak 509.60M) | Time:00:01.05 | Mem:0.00M, Peak:0.00M | Scene, ViewLayer | Synchronizing object | Matched alternator V belt 02.003
Fra:1 Mem:509.69M (Peak 509.69M) | Time:00:01.05 | Mem:0.00M, Peak:0.00M | Scene, ViewLayer | Synchronizing object | Matched alternator V belt 03.003
Fra:1 Mem:509.78M (Peak 509.78M) | Time:00:01.05 | Mem:0.00M, Peak:0.00M | Scene, ViewLayer | Synchronizing object | Matched alternator V belt 04.003
Fra:1 Mem:509.86M (Peak 509.86M) | Time:00:01.05 | Mem:0.00M, Peak:0.00M | Scene, ViewLayer | Synchronizing object | Matched alternator V belt 05.003
Fra:1 Mem:509.88M (Peak 509.88M) | Time:00:01.05 | Mem:0.00M, Peak:0.00M | Scene, ViewLayer | Synchronizing object | Matched alternator V belt 06.003
Fra:1 Mem:509.91M (Peak 509.91M) | Time:00:01.05 | Mem:0.00M, Peak:0.00M | Scene, ViewLayer | Synchronizing object | Split axle pulley fixing hex head.018
Fra:1 Mem:509.91M (Peak 509.91M) | Time:00:01.05 | Mem:0.00M, Peak:0.00M | Scene, ViewLayer | Synchronizing object | Split axle pulley fixing hex head.019
Fra:1 Mem:509.91M (Peak 509.91M) | Time:00:01.05 | Mem:0.00M, Peak:0.00M | Scene, ViewLayer | Synchronizing object | Split axle pulley fixing hex head.020
Fra:1 Mem:509.93M (Peak 509.93M) | Time:00:01.05 | Mem:0.00M, Peak:0.00M | Scene, ViewLayer | Synchronizing object | Split axle pulley fixing hex head.021
Fra:1 Mem:509.95M (Peak 509.95M) | Time:00:01.05 | Mem:0.00M, Peak:0.00M | Scene, ViewLayer | Synchronizing object | Split axle pulley fixing hex head.022
Fra:1 Mem:509.97M (Peak 509.97M) | Time:00:01.05 | Mem:0.00M, Peak:0.00M | Scene, ViewLayer | Synchronizing object | Split axle pulley fixing hex head.023
Fra:1 Mem:509.97M (Peak 509.97M) | Time:00:01.05 | Mem:0.00M, Peak:0.00M | Scene, ViewLayer | Synchronizing object | Alternator spring tension screw.001
Fra:1 Mem:509.98M (Peak 509.98M) | Time:00:01.05 | Mem:0.00M, Peak:0.00M | Scene, ViewLayer | Synchronizing object | Alternator tension rod clevis.001
Fra:1 Mem:509.96M (Peak 509.98M) | Time:00:01.05 | Mem:0.00M, Peak:0.00M | Scene, ViewLayer | Synchronizing object | Alternator safety chain link.020
Fra:1 Mem:509.96M (Peak 509.98M) | Time:00:01.05 | Mem:0.00M, Peak:0.00M | Scene, ViewLayer | Synchronizing object | Alternator tension bracket vertical support.001
Fra:1 Mem:510.07M (Peak 510.07M) | Time:00:01.05 | Mem:0.00M, Peak:0.00M | Scene, ViewLayer | Synchronizing object | Alternator safety chain link.021
Fra:1 Mem:510.05M (Peak 510.07M) | Time:00:01.05 | Mem:0.00M, Peak:0.00M | Scene, ViewLayer | Synchronizing object | Alternator safety chain link.022
Fra:1 Mem:510.07M (Peak 510.07M) | Time:00:01.05 | Mem:0.00M, Peak:0.00M | Scene, ViewLayer | Synchronizing object | Alternator safety chain link.023
Fra:1 Mem:510.08M (Peak 510.08M) | Time:00:01.05 | Mem:0.00M, Peak:0.00M | Scene, ViewLayer | Synchronizing object | Alternator safety chain link.024
Fra:1 Mem:510.08M (Peak 510.08M) | Time:00:01.05 | Mem:0.00M, Peak:0.00M | Scene, ViewLayer | Synchronizing object | Alternator safety chain link.025
Fra:1 Mem:510.10M (Peak 510.10M) | Time:00:01.05 | Mem:0.00M, Peak:0.00M | Scene, ViewLayer | Synchronizing object | Alternator safety chain link.026
Fra:1 Mem:510.11M (Peak 510.11M) | Time:00:01.05 | Mem:0.00M, Peak:0.00M | Scene, ViewLayer | Synchronizing object | Alternator safety chain link.027
Fra:1 Mem:510.12M (Peak 510.12M) | Time:00:01.05 | Mem:0.00M, Peak:0.00M | Scene, ViewLayer | Synchronizing object | Alternator safety chain link.028
Fra:1 Mem:510.14M (Peak 510.14M) | Time:00:01.05 | Mem:0.00M, Peak:0.00M | Scene, ViewLayer | Synchronizing object | Alternator safety chain link.029
Fra:1 Mem:510.16M (Peak 510.16M) | Time:00:01.05 | Mem:0.00M, Peak:0.00M | Scene, ViewLayer | Synchronizing object | Alternator safety chain link.030
Fra:1 Mem:510.16M (Peak 510.16M) | Time:00:01.05 | Mem:0.00M, Peak:0.00M | Scene, ViewLayer | Synchronizing object | Alternator safety chain link.032
Fra:1 Mem:510.17M (Peak 510.17M) | Time:00:01.05 | Mem:0.00M, Peak:0.00M | Scene, ViewLayer | Synchronizing object | Alternator safety chain link.031
Fra:1 Mem:510.19M (Peak 510.19M) | Time:00:01.05 | Mem:0.00M, Peak:0.00M | Scene, ViewLayer | Synchronizing object | Alternator safety chain link.033
Fra:1 Mem:510.20M (Peak 510.20M) | Time:00:01.05 | Mem:0.00M, Peak:0.00M | Scene, ViewLayer | Synchronizing object | Alternator safety chain link.034
Fra:1 Mem:510.20M (Peak 510.20M) | Time:00:01.05 | Mem:0.00M, Peak:0.00M | Scene, ViewLayer | Synchronizing object | Alternator safety chain link.035
Fra:1 Mem:510.23M (Peak 510.23M) | Time:00:01.05 | Mem:0.00M, Peak:0.00M | Scene, ViewLayer | Synchronizing object | Alternator safety chain link.036
Fra:1 Mem:510.24M (Peak 510.24M) | Time:00:01.05 | Mem:0.00M, Peak:0.00M | Scene, ViewLayer | Synchronizing object | Alternator safety chain link.037
Fra:1 Mem:510.24M (Peak 510.24M) | Time:00:01.05 | Mem:0.00M, Peak:0.00M | Scene, ViewLayer | Synchronizing object | Alternator safety chain link.038
Fra:1 Mem:510.26M (Peak 510.26M) | Time:00:01.05 | Mem:0.00M, Peak:0.00M | Scene, ViewLayer | Synchronizing object | Alternator safety chain link.039
Fra:1 Mem:510.28M (Peak 510.28M) | Time:00:01.05 | Mem:0.00M, Peak:0.00M | Scene, ViewLayer | Synchronizing object | Battery box enclosure
Fra:1 Mem:510.28M (Peak 510.28M) | Time:00:01.05 | Mem:0.00M, Peak:0.00M | Scene, ViewLayer | Synchronizing object | Battery box service panel
Fra:1 Mem:510.29M (Peak 510.29M) | Time:00:01.05 | Mem:0.00M, Peak:0.00M | Scene, ViewLayer | Synchronizing object | Battery box exposed hinge
Fra:1 Mem:510.30M (Peak 510.30M) | Time:00:01.05 | Mem:0.00M, Peak:0.00M | Scene, ViewLayer | Synchronizing object | Battery box exposed hinge.001
Fra:1 Mem:510.32M (Peak 510.32M) | Time:00:01.05 | Mem:0.00M, Peak:0.00M | Scene, ViewLayer | Synchronizing object | Battery box lifting handle
Fra:1 Mem:510.32M (Peak 510.32M) | Time:00:01.05 | Mem:0.00M, Peak:0.00M | Scene, ViewLayer | Synchronizing object | Battery box turn latch
Fra:1 Mem:510.32M (Peak 510.32M) | Time:00:01.05 | Mem:0.00M, Peak:0.00M | Scene, ViewLayer | Synchronizing object | Battery box ventilation louver
Fra:1 Mem:510.33M (Peak 510.33M) | Time:00:01.05 | Mem:0.00M, Peak:0.00M | Scene, ViewLayer | Synchronizing object | Battery box ventilation louver.001
Fra:1 Mem:510.35M (Peak 510.35M) | Time:00:01.05 | Mem:0.00M, Peak:0.00M | Scene, ViewLayer | Synchronizing object | Battery box ventilation louver.002
Fra:1 Mem:510.35M (Peak 510.35M) | Time:00:01.05 | Mem:0.00M, Peak:0.00M | Scene, ViewLayer | Synchronizing object | Battery box ventilation louver.003
Fra:1 Mem:510.36M (Peak 510.36M) | Time:00:01.05 | Mem:0.00M, Peak:0.00M | Scene, ViewLayer | Synchronizing object | Battery box panel captive bolt hex head
Fra:1 Mem:510.36M (Peak 510.36M) | Time:00:01.05 | Mem:0.00M, Peak:0.00M | Scene, ViewLayer | Synchronizing object | Battery box service panel.001
Fra:1 Mem:510.38M (Peak 510.38M) | Time:00:01.05 | Mem:0.00M, Peak:0.00M | Scene, ViewLayer | Synchronizing object | Battery box exposed hinge.002
Fra:1 Mem:510.38M (Peak 510.38M) | Time:00:01.05 | Mem:0.00M, Peak:0.00M | Scene, ViewLayer | Synchronizing object | Battery box exposed hinge.003
Fra:1 Mem:510.39M (Peak 510.39M) | Time:00:01.05 | Mem:0.00M, Peak:0.00M | Scene, ViewLayer | Synchronizing object | Battery box lifting handle.001
Fra:1 Mem:510.40M (Peak 510.40M) | Time:00:01.05 | Mem:0.00M, Peak:0.00M | Scene, ViewLayer | Synchronizing object | Battery box turn latch.001
Fra:1 Mem:510.40M (Peak 510.40M) | Time:00:01.05 | Mem:0.00M, Peak:0.00M | Scene, ViewLayer | Synchronizing object | Battery box ventilation louver.004
Fra:1 Mem:510.41M (Peak 510.41M) | Time:00:01.05 | Mem:0.00M, Peak:0.00M | Scene, ViewLayer | Synchronizing object | Battery box ventilation louver.005
Fra:1 Mem:510.42M (Peak 510.42M) | Time:00:01.05 | Mem:0.00M, Peak:0.00M | Scene, ViewLayer | Synchronizing object | Battery box ventilation louver.006
Fra:1 Mem:510.43M (Peak 510.43M) | Time:00:01.05 | Mem:0.00M, Peak:0.00M | Scene, ViewLayer | Synchronizing object | Battery box ventilation louver.007
Fra:1 Mem:510.44M (Peak 510.44M) | Time:00:01.05 | Mem:0.00M, Peak:0.00M | Scene, ViewLayer | Synchronizing object | Battery box panel captive bolt hex head.002
Fra:1 Mem:510.44M (Peak 510.44M) | Time:00:01.05 | Mem:0.00M, Peak:0.00M | Scene, ViewLayer | Synchronizing object | Battery box panel captive bolt hex head.003
Fra:1 Mem:510.45M (Peak 510.45M) | Time:00:01.05 | Mem:0.00M, Peak:0.00M | Scene, ViewLayer | Synchronizing object | Battery box service panel.002
Fra:1 Mem:510.45M (Peak 510.45M) | Time:00:01.05 | Mem:0.00M, Peak:0.00M | Scene, ViewLayer | Synchronizing object | Battery box exposed hinge.005
Fra:1 Mem:510.46M (Peak 510.46M) | Time:00:01.05 | Mem:0.00M, Peak:0.00M | Scene, ViewLayer | Synchronizing object | Battery box lifting handle.002
Fra:1 Mem:510.47M (Peak 510.47M) | Time:00:01.05 | Mem:0.00M, Peak:0.00M | Scene, ViewLayer | Synchronizing object | Battery box turn latch.002
Fra:1 Mem:510.48M (Peak 510.48M) | Time:00:01.05 | Mem:0.00M, Peak:0.00M | Scene, ViewLayer | Synchronizing object | Battery box ventilation louver.008
Fra:1 Mem:510.49M (Peak 510.49M) | Time:00:01.05 | Mem:0.00M, Peak:0.00M | Scene, ViewLayer | Synchronizing object | Battery box ventilation louver.010
Fra:1 Mem:510.51M (Peak 510.51M) | Time:00:01.05 | Mem:0.00M, Peak:0.00M | Scene, ViewLayer | Synchronizing object | Battery box ventilation louver.011
Fra:1 Mem:510.51M (Peak 510.51M) | Time:00:01.05 | Mem:0.00M, Peak:0.00M | Scene, ViewLayer | Synchronizing object | Battery box panel captive bolt hex head.004
Fra:1 Mem:510.52M (Peak 510.52M) | Time:00:01.05 | Mem:0.00M, Peak:0.00M | Scene, ViewLayer | Synchronizing object | Battery box service panel.003
Fra:1 Mem:510.53M (Peak 510.53M) | Time:00:01.05 | Mem:0.00M, Peak:0.00M | Scene, ViewLayer | Synchronizing object | Battery box exposed hinge.006
Fra:1 Mem:510.54M (Peak 510.54M) | Time:00:01.05 | Mem:0.00M, Peak:0.00M | Scene, ViewLayer | Synchronizing object | Battery box exposed hinge.007
Fra:1 Mem:510.55M (Peak 510.55M) | Time:00:01.05 | Mem:0.00M, Peak:0.00M | Scene, ViewLayer | Synchronizing object | Battery box lifting handle.003
Fra:1 Mem:510.55M (Peak 510.55M) | Time:00:01.05 | Mem:0.00M, Peak:0.00M | Scene, ViewLayer | Synchronizing object | Battery box turn latch.003
Fra:1 Mem:510.56M (Peak 510.56M) | Time:00:01.05 | Mem:0.00M, Peak:0.00M | Scene, ViewLayer | Synchronizing object | Battery box ventilation louver.012
Fra:1 Mem:510.57M (Peak 510.57M) | Time:00:01.05 | Mem:0.00M, Peak:0.00M | Scene, ViewLayer | Synchronizing object | Battery box ventilation louver.013
Fra:1 Mem:510.58M (Peak 510.58M) | Time:00:01.05 | Mem:0.00M, Peak:0.00M | Scene, ViewLayer | Synchronizing object | Battery box ventilation louver.014
Fra:1 Mem:510.58M (Peak 510.58M) | Time:00:01.05 | Mem:0.00M, Peak:0.00M | Scene, ViewLayer | Synchronizing object | Battery box ventilation louver.015
Fra:1 Mem:510.60M (Peak 510.60M) | Time:00:01.05 | Mem:0.00M, Peak:0.00M | Scene, ViewLayer | Synchronizing object | Battery box panel captive bolt hex head.006
Fra:1 Mem:510.60M (Peak 510.60M) | Time:00:01.05 | Mem:0.00M, Peak:0.00M | Scene, ViewLayer | Synchronizing object | Battery box panel captive bolt hex head.007
Fra:1 Mem:510.60M (Peak 510.60M) | Time:00:01.05 | Mem:0.00M, Peak:0.00M | Scene, ViewLayer | Synchronizing object | Battery box hanger channel
Fra:1 Mem:510.61M (Peak 510.61M) | Time:00:01.05 | Mem:0.00M, Peak:0.00M | Scene, ViewLayer | Synchronizing object | Battery box lower cradle
Fra:1 Mem:510.62M (Peak 510.62M) | Time:00:01.05 | Mem:0.00M, Peak:0.00M | Scene, ViewLayer | Synchronizing object | Battery box hanger channel.001
Fra:1 Mem:510.63M (Peak 510.63M) | Time:00:01.05 | Mem:0.00M, Peak:0.00M | Scene, ViewLayer | Synchronizing object | Battery box lower cradle.001
Fra:1 Mem:510.63M (Peak 510.63M) | Time:00:01.05 | Mem:0.00M, Peak:0.00M | Scene, ViewLayer | Synchronizing object | Battery box data plate
Fra:1 Mem:510.65M (Peak 510.65M) | Time:00:01.05 | Mem:0.00M, Peak:0.00M | Scene, ViewLayer | Synchronizing object | Battery box enclosure.001
Fra:1 Mem:510.65M (Peak 510.65M) | Time:00:01.05 | Mem:0.00M, Peak:0.00M | Scene, ViewLayer | Synchronizing object | Battery box service panel.004
Fra:1 Mem:510.66M (Peak 510.66M) | Time:00:01.05 | Mem:0.00M, Peak:0.00M | Scene, ViewLayer | Synchronizing object | Battery box exposed hinge.009
Fra:1 Mem:510.68M (Peak 510.68M) | Time:00:01.05 | Mem:0.00M, Peak:0.00M | Scene, ViewLayer | Synchronizing object | Battery box lifting handle.004
Fra:1 Mem:510.68M (Peak 510.68M) | Time:00:01.05 | Mem:0.00M, Peak:0.00M | Scene, ViewLayer | Synchronizing object | Battery box turn latch.004
Fra:1 Mem:510.69M (Peak 510.69M) | Time:00:01.05 | Mem:0.00M, Peak:0.00M | Scene, ViewLayer | Synchronizing object | Battery box ventilation louver.016
Fra:1 Mem:510.70M (Peak 510.70M) | Time:00:01.05 | Mem:0.00M, Peak:0.00M | Scene, ViewLayer | Synchronizing object | Battery box ventilation louver.017
Fra:1 Mem:510.70M (Peak 510.70M) | Time:00:01.05 | Mem:0.00M, Peak:0.00M | Scene, ViewLayer | Synchronizing object | Battery box ventilation louver.018
Fra:1 Mem:510.72M (Peak 510.72M) | Time:00:01.05 | Mem:0.00M, Peak:0.00M | Scene, ViewLayer | Synchronizing object | Battery box ventilation louver.019
Fra:1 Mem:510.73M (Peak 510.73M) | Time:00:01.05 | Mem:0.00M, Peak:0.00M | Scene, ViewLayer | Synchronizing object | Battery box panel captive bolt hex head.008
Fra:1 Mem:510.73M (Peak 510.73M) | Time:00:01.05 | Mem:0.00M, Peak:0.00M | Scene, ViewLayer | Synchronizing object | Battery box panel captive bolt hex head.009
Fra:1 Mem:510.73M (Peak 510.73M) | Time:00:01.05 | Mem:0.00M, Peak:0.00M | Scene, ViewLayer | Synchronizing object | Battery box service panel.005
Fra:1 Mem:510.74M (Peak 510.74M) | Time:00:01.05 | Mem:0.00M, Peak:0.00M | Scene, ViewLayer | Synchronizing object | Battery box exposed hinge.010
Fra:1 Mem:510.75M (Peak 510.75M) | Time:00:01.05 | Mem:0.00M, Peak:0.00M | Scene, ViewLayer | Synchronizing object | Battery box exposed hinge.011
Fra:1 Mem:510.75M (Peak 510.75M) | Time:00:01.05 | Mem:0.00M, Peak:0.00M | Scene, ViewLayer | Synchronizing object | Battery box lifting handle.005
Fra:1 Mem:510.76M (Peak 510.76M) | Time:00:01.05 | Mem:0.00M, Peak:0.00M | Scene, ViewLayer | Synchronizing object | Battery box turn latch.005
Fra:1 Mem:510.77M (Peak 510.77M) | Time:00:01.05 | Mem:0.00M, Peak:0.00M | Scene, ViewLayer | Synchronizing object | Battery box ventilation louver.020
Fra:1 Mem:510.78M (Peak 510.78M) | Time:00:01.05 | Mem:0.00M, Peak:0.00M | Scene, ViewLayer | Synchronizing object | Battery box ventilation louver.021
Fra:1 Mem:510.79M (Peak 510.79M) | Time:00:01.05 | Mem:0.00M, Peak:0.00M | Scene, ViewLayer | Synchronizing object | Battery box ventilation louver.022
Fra:1 Mem:510.79M (Peak 510.79M) | Time:00:01.05 | Mem:0.00M, Peak:0.00M | Scene, ViewLayer | Synchronizing object | Battery box ventilation louver.023
Fra:1 Mem:510.81M (Peak 510.81M) | Time:00:01.05 | Mem:0.00M, Peak:0.00M | Scene, ViewLayer | Synchronizing object | Battery box panel captive bolt hex head.010
Fra:1 Mem:510.81M (Peak 510.81M) | Time:00:01.05 | Mem:0.00M, Peak:0.00M | Scene, ViewLayer | Synchronizing object | Battery box panel captive bolt hex head.011
Fra:1 Mem:510.81M (Peak 510.81M) | Time:00:01.05 | Mem:0.00M, Peak:0.00M | Scene, ViewLayer | Synchronizing object | Battery box service panel.006
Fra:1 Mem:510.81M (Peak 510.81M) | Time:00:01.05 | Mem:0.00M, Peak:0.00M | Scene, ViewLayer | Synchronizing object | Battery box exposed hinge.012
Fra:1 Mem:510.83M (Peak 510.83M) | Time:00:01.05 | Mem:0.00M, Peak:0.00M | Scene, ViewLayer | Synchronizing object | Battery box exposed hinge.013
Fra:1 Mem:510.83M (Peak 510.83M) | Time:00:01.05 | Mem:0.00M, Peak:0.00M | Scene, ViewLayer | Synchronizing object | Battery box lifting handle.006
Fra:1 Mem:510.84M (Peak 510.84M) | Time:00:01.05 | Mem:0.00M, Peak:0.00M | Scene, ViewLayer | Synchronizing object | Battery box turn latch.006
Fra:1 Mem:510.85M (Peak 510.85M) | Time:00:01.05 | Mem:0.00M, Peak:0.00M | Scene, ViewLayer | Synchronizing object | Battery box ventilation louver.024
Fra:1 Mem:510.86M (Peak 510.86M) | Time:00:01.05 | Mem:0.00M, Peak:0.00M | Scene, ViewLayer | Synchronizing object | Battery box ventilation louver.025
Fra:1 Mem:510.87M (Peak 510.87M) | Time:00:01.05 | Mem:0.00M, Peak:0.00M | Scene, ViewLayer | Synchronizing object | Battery box ventilation louver.026
Fra:1 Mem:510.88M (Peak 510.88M) | Time:00:01.05 | Mem:0.00M, Peak:0.00M | Scene, ViewLayer | Synchronizing object | Battery box ventilation louver.027
Fra:1 Mem:510.89M (Peak 510.89M) | Time:00:01.05 | Mem:0.00M, Peak:0.00M | Scene, ViewLayer | Synchronizing object | Battery box panel captive bolt hex head.013
Fra:1 Mem:510.89M (Peak 510.89M) | Time:00:01.05 | Mem:0.00M, Peak:0.00M | Scene, ViewLayer | Synchronizing object | Battery box service panel.007
Fra:1 Mem:510.89M (Peak 510.89M) | Time:00:01.05 | Mem:0.00M, Peak:0.00M | Scene, ViewLayer | Synchronizing object | Battery box exposed hinge.014
Fra:1 Mem:510.90M (Peak 510.90M) | Time:00:01.05 | Mem:0.00M, Peak:0.00M | Scene, ViewLayer | Synchronizing object | Battery box exposed hinge.015
Fra:1 Mem:510.91M (Peak 510.91M) | Time:00:01.05 | Mem:0.00M, Peak:0.00M | Scene, ViewLayer | Synchronizing object | Battery box lifting handle.007
Fra:1 Mem:510.92M (Peak 510.92M) | Time:00:01.05 | Mem:0.00M, Peak:0.00M | Scene, ViewLayer | Synchronizing object | Battery box turn latch.007
Fra:1 Mem:510.92M (Peak 510.92M) | Time:00:01.05 | Mem:0.00M, Peak:0.00M | Scene, ViewLayer | Synchronizing object | Battery box ventilation louver.028
Fra:1 Mem:510.94M (Peak 510.94M) | Time:00:01.05 | Mem:0.00M, Peak:0.00M | Scene, ViewLayer | Synchronizing object | Battery box ventilation louver.030
Fra:1 Mem:510.96M (Peak 510.96M) | Time:00:01.05 | Mem:0.00M, Peak:0.00M | Scene, ViewLayer | Synchronizing object | Battery box ventilation louver.031
Fra:1 Mem:510.97M (Peak 510.97M) | Time:00:01.05 | Mem:0.00M, Peak:0.00M | Scene, ViewLayer | Synchronizing object | Battery box panel captive bolt hex head.014
Fra:1 Mem:510.97M (Peak 510.97M) | Time:00:01.05 | Mem:0.00M, Peak:0.00M | Scene, ViewLayer | Synchronizing object | Battery box panel captive bolt hex head.015
Fra:1 Mem:510.97M (Peak 510.97M) | Time:00:01.05 | Mem:0.00M, Peak:0.00M | Scene, ViewLayer | Synchronizing object | Battery box hanger channel.002
Fra:1 Mem:510.97M (Peak 510.97M) | Time:00:01.05 | Mem:0.00M, Peak:0.00M | Scene, ViewLayer | Synchronizing object | Battery box lower cradle.002
Fra:1 Mem:510.99M (Peak 510.99M) | Time:00:01.05 | Mem:0.00M, Peak:0.00M | Scene, ViewLayer | Synchronizing object | Battery box hanger channel.003
Fra:1 Mem:511.00M (Peak 511.00M) | Time:00:01.05 | Mem:0.00M, Peak:0.00M | Scene, ViewLayer | Synchronizing object | Battery box lower cradle.003
Fra:1 Mem:511.00M (Peak 511.00M) | Time:00:01.05 | Mem:0.00M, Peak:0.00M | Scene, ViewLayer | Synchronizing object | Battery box data plate.001
Fra:1 Mem:511.02M (Peak 511.02M) | Time:00:01.05 | Mem:0.00M, Peak:0.00M | Scene, ViewLayer | Synchronizing object | Rectifier regulator unit enclosure
Fra:1 Mem:511.02M (Peak 511.02M) | Time:00:01.05 | Mem:0.00M, Peak:0.00M | Scene, ViewLayer | Synchronizing object | Rectifier regulator unit service panel
Fra:1 Mem:511.03M (Peak 511.03M) | Time:00:01.05 | Mem:0.00M, Peak:0.00M | Scene, ViewLayer | Synchronizing object | Rectifier regulator unit exposed hinge
Fra:1 Mem:511.04M (Peak 511.04M) | Time:00:01.05 | Mem:0.00M, Peak:0.00M | Scene, ViewLayer | Synchronizing object | Rectifier regulator unit exposed hinge.001
Fra:1 Mem:511.05M (Peak 511.05M) | Time:00:01.05 | Mem:0.00M, Peak:0.00M | Scene, ViewLayer | Synchronizing object | Rectifier regulator unit lifting handle
Fra:1 Mem:511.05M (Peak 511.05M) | Time:00:01.05 | Mem:0.00M, Peak:0.00M | Scene, ViewLayer | Synchronizing object | Rectifier regulator unit turn latch
Fra:1 Mem:511.06M (Peak 511.06M) | Time:00:01.05 | Mem:0.00M, Peak:0.00M | Scene, ViewLayer | Synchronizing object | Rectifier regulator unit ventilation louver
Fra:1 Mem:511.07M (Peak 511.07M) | Time:00:01.05 | Mem:0.00M, Peak:0.00M | Scene, ViewLayer | Synchronizing object | Rectifier regulator unit ventilation louver.001
Fra:1 Mem:511.08M (Peak 511.08M) | Time:00:01.05 | Mem:0.00M, Peak:0.00M | Scene, ViewLayer | Synchronizing object | Rectifier regulator unit ventilation louver.002
Fra:1 Mem:511.08M (Peak 511.08M) | Time:00:01.05 | Mem:0.00M, Peak:0.00M | Scene, ViewLayer | Synchronizing object | Rectifier regulator unit ventilation louver.003
Fra:1 Mem:511.10M (Peak 511.10M) | Time:00:01.05 | Mem:0.00M, Peak:0.00M | Scene, ViewLayer | Synchronizing object | Rectifier regulator unit panel captive bolt hex head
Fra:1 Mem:511.10M (Peak 511.10M) | Time:00:01.05 | Mem:0.00M, Peak:0.00M | Scene, ViewLayer | Synchronizing object | Rectifier regulator unit panel captive bolt hex head.001
Fra:1 Mem:511.10M (Peak 511.10M) | Time:00:01.05 | Mem:0.00M, Peak:0.00M | Scene, ViewLayer | Synchronizing object | Rectifier regulator unit service panel.001
Fra:1 Mem:511.11M (Peak 511.11M) | Time:00:01.05 | Mem:0.00M, Peak:0.00M | Scene, ViewLayer | Synchronizing object | Rectifier regulator unit exposed hinge.002
Fra:1 Mem:511.11M (Peak 511.11M) | Time:00:01.05 | Mem:0.00M, Peak:0.00M | Scene, ViewLayer | Synchronizing object | Rectifier regulator unit exposed hinge.003
Fra:1 Mem:511.13M (Peak 511.13M) | Time:00:01.05 | Mem:0.00M, Peak:0.00M | Scene, ViewLayer | Synchronizing object | Rectifier regulator unit lifting handle.001
Fra:1 Mem:511.13M (Peak 511.13M) | Time:00:01.05 | Mem:0.00M, Peak:0.00M | Scene, ViewLayer | Synchronizing object | Rectifier regulator unit turn latch.001
Fra:1 Mem:511.13M (Peak 511.13M) | Time:00:01.05 | Mem:0.00M, Peak:0.00M | Scene, ViewLayer | Synchronizing object | Rectifier regulator unit ventilation louver.004
Fra:1 Mem:511.15M (Peak 511.15M) | Time:00:01.05 | Mem:0.00M, Peak:0.00M | Scene, ViewLayer | Synchronizing object | Rectifier regulator unit ventilation louver.005
Fra:1 Mem:511.15M (Peak 511.15M) | Time:00:01.05 | Mem:0.00M, Peak:0.00M | Scene, ViewLayer | Synchronizing object | Rectifier regulator unit ventilation louver.006
Fra:1 Mem:511.17M (Peak 511.17M) | Time:00:01.05 | Mem:0.00M, Peak:0.00M | Scene, ViewLayer | Synchronizing object | Rectifier regulator unit ventilation louver.007
Fra:1 Mem:511.18M (Peak 511.18M) | Time:00:01.05 | Mem:0.00M, Peak:0.00M | Scene, ViewLayer | Synchronizing object | Rectifier regulator unit panel captive bolt hex head.002
Fra:1 Mem:511.18M (Peak 511.18M) | Time:00:01.05 | Mem:0.00M, Peak:0.00M | Scene, ViewLayer | Synchronizing object | Rectifier regulator unit panel captive bolt hex head.003
Fra:1 Mem:511.18M (Peak 511.18M) | Time:00:01.05 | Mem:0.00M, Peak:0.00M | Scene, ViewLayer | Synchronizing object | Rectifier regulator unit hanger channel
Fra:1 Mem:511.18M (Peak 511.18M) | Time:00:01.05 | Mem:0.00M, Peak:0.00M | Scene, ViewLayer | Synchronizing object | Rectifier regulator unit lower cradle
Fra:1 Mem:511.20M (Peak 511.20M) | Time:00:01.05 | Mem:0.00M, Peak:0.00M | Scene, ViewLayer | Synchronizing object | Rectifier regulator unit hanger channel.001
Fra:1 Mem:511.20M (Peak 511.20M) | Time:00:01.05 | Mem:0.00M, Peak:0.00M | Scene, ViewLayer | Synchronizing object | Rectifier regulator unit lower cradle.001
Fra:1 Mem:511.22M (Peak 511.22M) | Time:00:01.05 | Mem:0.00M, Peak:0.00M | Scene, ViewLayer | Synchronizing object | Rectifier regulator unit data plate
Fra:1 Mem:511.22M (Peak 511.22M) | Time:00:01.05 | Mem:0.00M, Peak:0.00M | Scene, ViewLayer | Synchronizing object | Train lighting junction box enclosure
Fra:1 Mem:511.23M (Peak 511.23M) | Time:00:01.05 | Mem:0.00M, Peak:0.00M | Scene, ViewLayer | Synchronizing object | Train lighting junction box service panel
Fra:1 Mem:511.24M (Peak 511.24M) | Time:00:01.05 | Mem:0.00M, Peak:0.00M | Scene, ViewLayer | Synchronizing object | Train lighting junction box exposed hinge
Fra:1 Mem:511.25M (Peak 511.25M) | Time:00:01.05 | Mem:0.00M, Peak:0.00M | Scene, ViewLayer | Synchronizing object | Train lighting junction box exposed hinge.001
Fra:1 Mem:511.26M (Peak 511.26M) | Time:00:01.05 | Mem:0.00M, Peak:0.00M | Scene, ViewLayer | Synchronizing object | Train lighting junction box lifting handle
Fra:1 Mem:511.26M (Peak 511.26M) | Time:00:01.05 | Mem:0.00M, Peak:0.00M | Scene, ViewLayer | Synchronizing object | Train lighting junction box turn latch
Fra:1 Mem:511.27M (Peak 511.27M) | Time:00:01.05 | Mem:0.00M, Peak:0.00M | Scene, ViewLayer | Synchronizing object | Train lighting junction box panel captive bolt hex head
Fra:1 Mem:511.28M (Peak 511.28M) | Time:00:01.05 | Mem:0.00M, Peak:0.00M | Scene, ViewLayer | Synchronizing object | Train lighting junction box panel captive bolt hex head.001
Fra:1 Mem:511.28M (Peak 511.28M) | Time:00:01.05 | Mem:0.00M, Peak:0.00M | Scene, ViewLayer | Synchronizing object | Train lighting junction box hanger channel
Fra:1 Mem:511.29M (Peak 511.29M) | Time:00:01.05 | Mem:0.00M, Peak:0.00M | Scene, ViewLayer | Synchronizing object | Train lighting junction box lower cradle
Fra:1 Mem:511.29M (Peak 511.29M) | Time:00:01.05 | Mem:0.00M, Peak:0.00M | Scene, ViewLayer | Synchronizing object | Train lighting junction box hanger channel.001
Fra:1 Mem:511.30M (Peak 511.30M) | Time:00:01.05 | Mem:0.00M, Peak:0.00M | Scene, ViewLayer | Synchronizing object | Train lighting junction box lower cradle.001
Fra:1 Mem:511.30M (Peak 511.30M) | Time:00:01.05 | Mem:0.00M, Peak:0.00M | Scene, ViewLayer | Synchronizing object | Train lighting junction box data plate
Fra:1 Mem:511.31M (Peak 511.31M) | Time:00:01.05 | Mem:0.00M, Peak:0.00M | Scene, ViewLayer | Synchronizing object | Auxiliary air reservoir
Fra:1 Mem:511.34M (Peak 511.34M) | Time:00:01.05 | Mem:0.00M, Peak:0.00M | Scene, ViewLayer | Synchronizing object | Auxiliary air reservoir retaining strap
Fra:1 Mem:511.39M (Peak 511.39M) | Time:00:01.05 | Mem:0.00M, Peak:0.00M | Scene, ViewLayer | Synchronizing object | Auxiliary air reservoir hanging bracket
Fra:1 Mem:511.41M (Peak 511.41M) | Time:00:01.05 | Mem:0.00M, Peak:0.00M | Scene, ViewLayer | Synchronizing object | Auxiliary air reservoir hanging bracket.001
Fra:1 Mem:511.41M (Peak 511.41M) | Time:00:01.05 | Mem:0.00M, Peak:0.00M | Scene, ViewLayer | Synchronizing object | Auxiliary air reservoir retaining strap.001
Fra:1 Mem:511.43M (Peak 511.43M) | Time:00:01.05 | Mem:0.00M, Peak:0.00M | Scene, ViewLayer | Synchronizing object | Auxiliary air reservoir hanging bracket.002
Fra:1 Mem:511.46M (Peak 511.46M) | Time:00:01.05 | Mem:0.00M, Peak:0.00M | Scene, ViewLayer | Synchronizing object | Auxiliary air reservoir hanging bracket.003
Fra:1 Mem:511.47M (Peak 511.47M) | Time:00:01.05 | Mem:0.00M, Peak:0.00M | Scene, ViewLayer | Synchronizing object | Auxiliary air reservoir drain cock
Fra:1 Mem:511.48M (Peak 511.48M) | Time:00:01.05 | Mem:0.00M, Peak:0.00M | Scene, ViewLayer | Synchronizing object | Auxiliary air reservoir drain handle
Fra:1 Mem:511.48M (Peak 511.48M) | Time:00:01.05 | Mem:0.00M, Peak:0.00M | Scene, ViewLayer | Synchronizing object | Control reservoir
Fra:1 Mem:511.52M (Peak 511.52M) | Time:00:01.05 | Mem:0.00M, Peak:0.00M | Scene, ViewLayer | Synchronizing object | Control reservoir retaining strap
Fra:1 Mem:511.56M (Peak 511.56M) | Time:00:01.05 | Mem:0.00M, Peak:0.00M | Scene, ViewLayer | Synchronizing object | Control reservoir hanging bracket
Fra:1 Mem:511.57M (Peak 511.57M) | Time:00:01.05 | Mem:0.00M, Peak:0.00M | Scene, ViewLayer | Synchronizing object | Control reservoir hanging bracket.001
Fra:1 Mem:511.58M (Peak 511.58M) | Time:00:01.05 | Mem:0.00M, Peak:0.00M | Scene, ViewLayer | Synchronizing object | Control reservoir retaining strap.001
Fra:1 Mem:511.62M (Peak 511.62M) | Time:00:01.05 | Mem:0.00M, Peak:0.00M | Scene, ViewLayer | Synchronizing object | Control reservoir hanging bracket.002
Fra:1 Mem:511.63M (Peak 511.63M) | Time:00:01.05 | Mem:0.00M, Peak:0.00M | Scene, ViewLayer | Synchronizing object | Control reservoir drain cock
Fra:1 Mem:511.64M (Peak 511.64M) | Time:00:01.05 | Mem:0.00M, Peak:0.00M | Scene, ViewLayer | Synchronizing object | Control reservoir drain handle
Fra:1 Mem:511.65M (Peak 511.65M) | Time:00:01.05 | Mem:0.00M, Peak:0.00M | Scene, ViewLayer | Synchronizing object | Distributor valve mounting bracket
Fra:1 Mem:511.66M (Peak 511.66M) | Time:00:01.05 | Mem:0.00M, Peak:0.00M | Scene, ViewLayer | Synchronizing object | Distributor valve cast body
Fra:1 Mem:511.67M (Peak 511.67M) | Time:00:01.05 | Mem:0.00M, Peak:0.00M | Scene, ViewLayer | Synchronizing object | Distributor valve diaphragm cover
Fra:1 Mem:511.68M (Peak 511.68M) | Time:00:01.05 | Mem:0.00M, Peak:0.00M | Scene, ViewLayer | Synchronizing object | Distributor cover bolt hex head
Fra:1 Mem:511.68M (Peak 511.68M) | Time:00:01.05 | Mem:0.00M, Peak:0.00M | Scene, ViewLayer | Synchronizing object | Distributor cover bolt hex head.001
Fra:1 Mem:511.68M (Peak 511.68M) | Time:00:01.05 | Mem:0.00M, Peak:0.00M | Scene, ViewLayer | Synchronizing object | Distributor cover bolt hex head.002
Fra:1 Mem:511.69M (Peak 511.69M) | Time:00:01.05 | Mem:0.00M, Peak:0.00M | Scene, ViewLayer | Synchronizing object | Distributor cover bolt hex head.003
Fra:1 Mem:511.69M (Peak 511.69M) | Time:00:01.05 | Mem:0.00M, Peak:0.00M | Scene, ViewLayer | Synchronizing object | Distributor cover bolt hex head.004
Fra:1 Mem:511.69M (Peak 511.69M) | Time:00:01.05 | Mem:0.00M, Peak:0.00M | Scene, ViewLayer | Synchronizing object | Distributor cover bolt hex head.005
Fra:1 Mem:511.69M (Peak 511.69M) | Time:00:01.05 | Mem:0.00M, Peak:0.00M | Scene, ViewLayer | Synchronizing object | Brake manual release rod
Fra:1 Mem:511.70M (Peak 511.70M) | Time:00:01.05 | Mem:0.00M, Peak:0.00M | Scene, ViewLayer | Synchronizing object | Manual brake release pull ring
Fra:1 Mem:511.70M (Peak 511.70M) | Time:00:01.05 | Mem:0.00M, Peak:0.00M | Scene, ViewLayer | Synchronizing object | Continuous brake pipe
Fra:1 Mem:511.72M (Peak 511.72M) | Time:00:01.05 | Mem:0.00M, Peak:0.00M | Scene, ViewLayer | Synchronizing object | Train pipe saddle clip
Fra:1 Mem:511.74M (Peak 511.74M) | Time:00:01.05 | Mem:0.00M, Peak:0.00M | Scene, ViewLayer | Synchronizing object | Train pipe threaded union
Fra:1 Mem:511.74M (Peak 511.74M) | Time:00:01.05 | Mem:0.00M, Peak:0.00M | Scene, ViewLayer | Synchronizing object | Train pipe saddle clip.001
Fra:1 Mem:511.74M (Peak 511.74M) | Time:00:01.05 | Mem:0.00M, Peak:0.00M | Scene, ViewLayer | Synchronizing object | Train pipe threaded union.001
Fra:1 Mem:511.75M (Peak 511.75M) | Time:00:01.05 | Mem:0.00M, Peak:0.00M | Scene, ViewLayer | Synchronizing object | Train pipe saddle clip.002
Fra:1 Mem:511.75M (Peak 511.75M) | Time:00:01.05 | Mem:0.00M, Peak:0.00M | Scene, ViewLayer | Synchronizing object | Train pipe threaded union.002
Fra:1 Mem:511.76M (Peak 511.76M) | Time:00:01.05 | Mem:0.00M, Peak:0.00M | Scene, ViewLayer | Synchronizing object | Train pipe saddle clip.003
Fra:1 Mem:511.76M (Peak 511.76M) | Time:00:01.05 | Mem:0.00M, Peak:0.00M | Scene, ViewLayer | Synchronizing object | Train pipe threaded union.003
Fra:1 Mem:511.77M (Peak 511.77M) | Time:00:01.05 | Mem:0.00M, Peak:0.00M | Scene, ViewLayer | Synchronizing object | Train pipe saddle clip.004
Fra:1 Mem:511.77M (Peak 511.77M) | Time:00:01.05 | Mem:0.00M, Peak:0.00M | Scene, ViewLayer | Synchronizing object | Train pipe threaded union.004
Fra:1 Mem:511.78M (Peak 511.78M) | Time:00:01.05 | Mem:0.00M, Peak:0.00M | Scene, ViewLayer | Synchronizing object | Train pipe saddle clip.005
Fra:1 Mem:511.79M (Peak 511.79M) | Time:00:01.05 | Mem:0.00M, Peak:0.00M | Scene, ViewLayer | Synchronizing object | Train pipe threaded union.005
Fra:1 Mem:511.80M (Peak 511.80M) | Time:00:01.05 | Mem:0.00M, Peak:0.00M | Scene, ViewLayer | Synchronizing object | Train pipe saddle clip.006
Fra:1 Mem:511.80M (Peak 511.80M) | Time:00:01.05 | Mem:0.00M, Peak:0.00M | Scene, ViewLayer | Synchronizing object | Train pipe threaded union.006
Fra:1 Mem:511.81M (Peak 511.81M) | Time:00:01.05 | Mem:0.00M, Peak:0.00M | Scene, ViewLayer | Synchronizing object | Train pipe saddle clip.007
Fra:1 Mem:511.83M (Peak 511.83M) | Time:00:01.05 | Mem:0.00M, Peak:0.00M | Scene, ViewLayer | Synchronizing object | Train pipe threaded union.007
Fra:1 Mem:511.83M (Peak 511.83M) | Time:00:01.05 | Mem:0.00M, Peak:0.00M | Scene, ViewLayer | Synchronizing object | Train pipe threaded union.008
Fra:1 Mem:511.83M (Peak 511.83M) | Time:00:01.05 | Mem:0.00M, Peak:0.00M | Scene, ViewLayer | Synchronizing object | Train pipe saddle clip.009
Fra:1 Mem:511.85M (Peak 511.85M) | Time:00:01.05 | Mem:0.00M, Peak:0.00M | Scene, ViewLayer | Synchronizing object | Train pipe threaded union.009
Fra:1 Mem:511.85M (Peak 511.85M) | Time:00:01.05 | Mem:0.00M, Peak:0.00M | Scene, ViewLayer | Synchronizing object | Train pipe saddle clip.010
Fra:1 Mem:511.85M (Peak 511.85M) | Time:00:01.05 | Mem:0.00M, Peak:0.00M | Scene, ViewLayer | Synchronizing object | Train pipe threaded union.010
Fra:1 Mem:511.86M (Peak 511.86M) | Time:00:01.05 | Mem:0.00M, Peak:0.00M | Scene, ViewLayer | Synchronizing object | Train pipe saddle clip.011
Fra:1 Mem:511.86M (Peak 511.86M) | Time:00:01.05 | Mem:0.00M, Peak:0.00M | Scene, ViewLayer | Synchronizing object | Train pipe threaded union.011
Fra:1 Mem:511.87M (Peak 511.87M) | Time:00:01.05 | Mem:0.00M, Peak:0.00M | Scene, ViewLayer | Synchronizing object | Train pipe saddle clip.012
Fra:1 Mem:511.88M (Peak 511.88M) | Time:00:01.05 | Mem:0.00M, Peak:0.00M | Scene, ViewLayer | Synchronizing object | Train pipe threaded union.012
Fra:1 Mem:511.88M (Peak 511.88M) | Time:00:01.05 | Mem:0.00M, Peak:0.00M | Scene, ViewLayer | Synchronizing object | Train pipe saddle clip.013
Fra:1 Mem:511.88M (Peak 511.88M) | Time:00:01.05 | Mem:0.00M, Peak:0.00M | Scene, ViewLayer | Synchronizing object | Body to bogie flexible brake feed
Fra:1 Mem:511.90M (Peak 511.90M) | Time:00:01.05 | Mem:0.00M, Peak:0.00M | Scene, ViewLayer | Synchronizing object | Body to bogie flexible brake feed.001
Fra:1 Mem:511.90M (Peak 511.90M) | Time:00:01.05 | Mem:0.00M, Peak:0.00M | Scene, ViewLayer | Synchronizing object | Underframe pneumatic equipment pipe.001
Fra:1 Mem:511.91M (Peak 511.91M) | Time:00:01.05 | Mem:0.00M, Peak:0.00M | Scene, ViewLayer | Synchronizing object | Underframe pneumatic equipment pipe.002
Fra:1 Mem:511.91M (Peak 511.91M) | Time:00:01.05 | Mem:0.00M, Peak:0.00M | Scene, ViewLayer | Synchronizing object | Battery terminal cable
Fra:1 Mem:511.92M (Peak 511.92M) | Time:00:01.05 | Mem:0.00M, Peak:0.00M | Scene, ViewLayer | Synchronizing object | Battery terminal cable.001
Fra:1 Mem:511.92M (Peak 511.92M) | Time:00:01.05 | Mem:0.00M, Peak:0.00M | Scene, ViewLayer | Synchronizing object | Battery terminal cable.002
Fra:1 Mem:511.93M (Peak 511.93M) | Time:00:01.05 | Mem:0.00M, Peak:0.00M | Scene, ViewLayer | Synchronizing object | Battery terminal cable.003
Fra:1 Mem:511.93M (Peak 511.93M) | Time:00:01.05 | Mem:0.00M, Peak:0.00M | Scene, ViewLayer | Synchronizing object | Under-slung AC condenser enclosure
Fra:1 Mem:511.93M (Peak 511.93M) | Time:00:01.05 | Mem:0.00M, Peak:0.00M | Scene, ViewLayer | Synchronizing object | Under-slung AC condenser service panel
Fra:1 Mem:511.95M (Peak 511.95M) | Time:00:01.05 | Mem:0.00M, Peak:0.00M | Scene, ViewLayer | Synchronizing object | Under-slung AC condenser exposed hinge
Fra:1 Mem:511.95M (Peak 511.95M) | Time:00:01.05 | Mem:0.00M, Peak:0.00M | Scene, ViewLayer | Synchronizing object | Under-slung AC condenser exposed hinge.001
Fra:1 Mem:511.96M (Peak 511.96M) | Time:00:01.05 | Mem:0.00M, Peak:0.00M | Scene, ViewLayer | Synchronizing object | Under-slung AC condenser lifting handle
Fra:1 Mem:511.97M (Peak 511.97M) | Time:00:01.05 | Mem:0.00M, Peak:0.00M | Scene, ViewLayer | Synchronizing object | Under-slung AC condenser turn latch
Fra:1 Mem:511.98M (Peak 511.98M) | Time:00:01.05 | Mem:0.00M, Peak:0.00M | Scene, ViewLayer | Synchronizing object | Under-slung AC condenser ventilation louver
Fra:1 Mem:511.98M (Peak 511.98M) | Time:00:01.05 | Mem:0.00M, Peak:0.00M | Scene, ViewLayer | Synchronizing object | Under-slung AC condenser ventilation louver.002
Fra:1 Mem:512.01M (Peak 512.01M) | Time:00:01.05 | Mem:0.00M, Peak:0.00M | Scene, ViewLayer | Synchronizing object | Under-slung AC condenser ventilation louver.003
Fra:1 Mem:512.01M (Peak 512.01M) | Time:00:01.05 | Mem:0.00M, Peak:0.00M | Scene, ViewLayer | Synchronizing object | Under-slung AC condenser panel captive bolt hex head
Fra:1 Mem:512.02M (Peak 512.02M) | Time:00:01.05 | Mem:0.00M, Peak:0.00M | Scene, ViewLayer | Synchronizing object | Under-slung AC condenser panel captive bolt hex head.001
Fra:1 Mem:512.02M (Peak 512.02M) | Time:00:01.05 | Mem:0.00M, Peak:0.00M | Scene, ViewLayer | Synchronizing object | Under-slung AC condenser service panel.001
Fra:1 Mem:512.02M (Peak 512.02M) | Time:00:01.05 | Mem:0.00M, Peak:0.00M | Scene, ViewLayer | Synchronizing object | Under-slung AC condenser exposed hinge.002
Fra:1 Mem:512.03M (Peak 512.03M) | Time:00:01.05 | Mem:0.00M, Peak:0.00M | Scene, ViewLayer | Synchronizing object | Under-slung AC condenser exposed hinge.003
Fra:1 Mem:512.04M (Peak 512.04M) | Time:00:01.05 | Mem:0.00M, Peak:0.00M | Scene, ViewLayer | Synchronizing object | Under-slung AC condenser lifting handle.001
Fra:1 Mem:512.05M (Peak 512.05M) | Time:00:01.05 | Mem:0.00M, Peak:0.00M | Scene, ViewLayer | Synchronizing object | Under-slung AC condenser turn latch.001
Fra:1 Mem:512.06M (Peak 512.06M) | Time:00:01.05 | Mem:0.00M, Peak:0.00M | Scene, ViewLayer | Synchronizing object | Under-slung AC condenser ventilation louver.004
Fra:1 Mem:512.06M (Peak 512.06M) | Time:00:01.05 | Mem:0.00M, Peak:0.00M | Scene, ViewLayer | Synchronizing object | Under-slung AC condenser ventilation louver.006
Fra:1 Mem:512.08M (Peak 512.08M) | Time:00:01.05 | Mem:0.00M, Peak:0.00M | Scene, ViewLayer | Synchronizing object | Under-slung AC condenser ventilation louver.007
Fra:1 Mem:512.09M (Peak 512.09M) | Time:00:01.05 | Mem:0.00M, Peak:0.00M | Scene, ViewLayer | Synchronizing object | Under-slung AC condenser panel captive bolt hex head.002
Fra:1 Mem:512.10M (Peak 512.10M) | Time:00:01.05 | Mem:0.00M, Peak:0.00M | Scene, ViewLayer | Synchronizing object | Under-slung AC condenser panel captive bolt hex head.003
Fra:1 Mem:512.10M (Peak 512.10M) | Time:00:01.05 | Mem:0.00M, Peak:0.00M | Scene, ViewLayer | Synchronizing object | Under-slung AC condenser lower cradle
Fra:1 Mem:512.11M (Peak 512.11M) | Time:00:01.05 | Mem:0.00M, Peak:0.00M | Scene, ViewLayer | Synchronizing object | Under-slung AC condenser hanger channel.001
Fra:1 Mem:512.12M (Peak 512.12M) | Time:00:01.05 | Mem:0.00M, Peak:0.00M | Scene, ViewLayer | Synchronizing object | Under-slung AC condenser lower cradle.001
Fra:1 Mem:512.12M (Peak 512.12M) | Time:00:01.05 | Mem:0.00M, Peak:0.00M | Scene, ViewLayer | Synchronizing object | Under-slung AC condenser data plate
Fra:1 Mem:512.14M (Peak 512.14M) | Time:00:01.05 | Mem:0.00M, Peak:0.00M | Scene, ViewLayer | Synchronizing object | Condenser underside fan shroud
Fra:1 Mem:512.14M (Peak 512.14M) | Time:00:01.05 | Mem:0.00M, Peak:0.00M | Scene, ViewLayer | Synchronizing object | Condenser circular fan guard
Fra:1 Mem:512.18M (Peak 512.18M) | Time:00:01.05 | Mem:0.00M, Peak:0.00M | Scene, ViewLayer | Synchronizing object | Condenser circular fan guard.002
Fra:1 Mem:512.22M (Peak 512.22M) | Time:00:01.05 | Mem:0.00M, Peak:0.00M | Scene, ViewLayer | Synchronizing object | Condenser grille radial wire
Fra:1 Mem:512.25M (Peak 512.25M) | Time:00:01.05 | Mem:0.00M, Peak:0.00M | Scene, ViewLayer | Synchronizing object | Condenser grille radial wire.001
Fra:1 Mem:512.27M (Peak 512.27M) | Time:00:01.05 | Mem:0.00M, Peak:0.00M | Scene, ViewLayer | Synchronizing object | Condenser grille radial wire.002
Fra:1 Mem:512.27M (Peak 512.27M) | Time:00:01.05 | Mem:0.00M, Peak:0.00M | Scene, ViewLayer | Synchronizing object | Condenser grille radial wire.003
Fra:1 Mem:512.28M (Peak 512.28M) | Time:00:01.05 | Mem:0.00M, Peak:0.00M | Scene, ViewLayer | Synchronizing object | Condenser grille radial wire.004
Fra:1 Mem:512.28M (Peak 512.28M) | Time:00:01.05 | Mem:0.00M, Peak:0.00M | Scene, ViewLayer | Synchronizing object | Condenser grille radial wire.005
Fra:1 Mem:512.28M (Peak 512.28M) | Time:00:01.05 | Mem:0.00M, Peak:0.00M | Scene, ViewLayer | Synchronizing object | Condenser grille radial wire.006
Fra:1 Mem:512.28M (Peak 512.28M) | Time:00:01.05 | Mem:0.00M, Peak:0.00M | Scene, ViewLayer | Synchronizing object | Condenser grille radial wire.007
Fra:1 Mem:512.28M (Peak 512.28M) | Time:00:01.05 | Mem:0.00M, Peak:0.00M | Scene, ViewLayer | Synchronizing object | Condenser underside fan shroud.001
Fra:1 Mem:512.29M (Peak 512.29M) | Time:00:01.05 | Mem:0.00M, Peak:0.00M | Scene, ViewLayer | Synchronizing object | Condenser circular fan guard.003
Fra:1 Mem:512.30M (Peak 512.30M) | Time:00:01.05 | Mem:0.00M, Peak:0.00M | Scene, ViewLayer | Synchronizing object | Condenser circular fan guard.004
Fra:1 Mem:512.31M (Peak 512.31M) | Time:00:01.05 | Mem:0.00M, Peak:0.00M | Scene, ViewLayer | Synchronizing object | Condenser circular fan guard.005
Fra:1 Mem:512.41M (Peak 512.41M) | Time:00:01.05 | Mem:0.00M, Peak:0.00M | Scene, ViewLayer | Synchronizing object | Condenser grille radial wire.008
Fra:1 Mem:512.41M (Peak 512.41M) | Time:00:01.05 | Mem:0.00M, Peak:0.00M | Scene, ViewLayer | Synchronizing object | Condenser grille radial wire.009
Fra:1 Mem:512.42M (Peak 512.42M) | Time:00:01.05 | Mem:0.00M, Peak:0.00M | Scene, ViewLayer | Synchronizing object | Condenser grille radial wire.010
Fra:1 Mem:512.43M (Peak 512.43M) | Time:00:01.05 | Mem:0.00M, Peak:0.00M | Scene, ViewLayer | Synchronizing object | Condenser grille radial wire.011
Fra:1 Mem:512.43M (Peak 512.43M) | Time:00:01.05 | Mem:0.00M, Peak:0.00M | Scene, ViewLayer | Synchronizing object | Condenser grille radial wire.012
Fra:1 Mem:512.43M (Peak 512.43M) | Time:00:01.05 | Mem:0.00M, Peak:0.00M | Scene, ViewLayer | Synchronizing object | Condenser grille radial wire.014
Fra:1 Mem:512.43M (Peak 512.43M) | Time:00:01.05 | Mem:0.00M, Peak:0.00M | Scene, ViewLayer | Synchronizing object | Condenser grille radial wire.015
Fra:1 Mem:512.45M (Peak 512.45M) | Time:00:01.05 | Mem:0.00M, Peak:0.00M | Scene, ViewLayer | Synchronizing object | Condenser fan hub.001
Fra:1 Mem:512.44M (Peak 512.45M) | Time:00:01.05 | Mem:0.00M, Peak:0.00M | Scene, ViewLayer | Synchronizing object | Under-slung AC condenser enclosure.001
Fra:1 Mem:512.44M (Peak 512.45M) | Time:00:01.05 | Mem:0.00M, Peak:0.00M | Scene, ViewLayer | Synchronizing object | Under-slung AC condenser exposed hinge.004
Fra:1 Mem:512.46M (Peak 512.46M) | Time:00:01.05 | Mem:0.00M, Peak:0.00M | Scene, ViewLayer | Synchronizing object | Under-slung AC condenser exposed hinge.005
Fra:1 Mem:512.46M (Peak 512.46M) | Time:00:01.05 | Mem:0.00M, Peak:0.00M | Scene, ViewLayer | Synchronizing object | Under-slung AC condenser lifting handle.002
Fra:1 Mem:512.47M (Peak 512.47M) | Time:00:01.05 | Mem:0.00M, Peak:0.00M | Scene, ViewLayer | Synchronizing object | Under-slung AC condenser turn latch.002
Fra:1 Mem:512.48M (Peak 512.48M) | Time:00:01.05 | Mem:0.00M, Peak:0.00M | Scene, ViewLayer | Synchronizing object | Under-slung AC condenser ventilation louver.008
Fra:1 Mem:512.49M (Peak 512.49M) | Time:00:01.05 | Mem:0.00M, Peak:0.00M | Scene, ViewLayer | Synchronizing object | Under-slung AC condenser ventilation louver.009
Fra:1 Mem:512.50M (Peak 512.50M) | Time:00:01.05 | Mem:0.00M, Peak:0.00M | Scene, ViewLayer | Synchronizing object | Under-slung AC condenser ventilation louver.010
Fra:1 Mem:512.50M (Peak 512.50M) | Time:00:01.05 | Mem:0.00M, Peak:0.00M | Scene, ViewLayer | Synchronizing object | Under-slung AC condenser ventilation louver.011
Fra:1 Mem:512.51M (Peak 512.51M) | Time:00:01.05 | Mem:0.00M, Peak:0.00M | Scene, ViewLayer | Synchronizing object | Under-slung AC condenser panel captive bolt hex head.004
Fra:1 Mem:512.52M (Peak 512.52M) | Time:00:01.05 | Mem:0.00M, Peak:0.00M | Scene, ViewLayer | Synchronizing object | Under-slung AC condenser panel captive bolt hex head.005
Fra:1 Mem:512.52M (Peak 512.52M) | Time:00:01.05 | Mem:0.00M, Peak:0.00M | Scene, ViewLayer | Synchronizing object | Under-slung AC condenser service panel.003
Fra:1 Mem:512.53M (Peak 512.53M) | Time:00:01.05 | Mem:0.00M, Peak:0.00M | Scene, ViewLayer | Synchronizing object | Under-slung AC condenser exposed hinge.006
Fra:1 Mem:512.53M (Peak 512.53M) | Time:00:01.05 | Mem:0.00M, Peak:0.00M | Scene, ViewLayer | Synchronizing object | Under-slung AC condenser exposed hinge.007
Fra:1 Mem:512.55M (Peak 512.55M) | Time:00:01.05 | Mem:0.00M, Peak:0.00M | Scene, ViewLayer | Synchronizing object | Under-slung AC condenser lifting handle.003
Fra:1 Mem:512.55M (Peak 512.55M) | Time:00:01.05 | Mem:0.00M, Peak:0.00M | Scene, ViewLayer | Synchronizing object | Under-slung AC condenser turn latch.003
Fra:1 Mem:512.56M (Peak 512.56M) | Time:00:01.05 | Mem:0.00M, Peak:0.00M | Scene, ViewLayer | Synchronizing object | Under-slung AC condenser ventilation louver.012
Fra:1 Mem:512.56M (Peak 512.56M) | Time:00:01.05 | Mem:0.00M, Peak:0.00M | Scene, ViewLayer | Synchronizing object | Under-slung AC condenser ventilation louver.013
Fra:1 Mem:512.58M (Peak 512.58M) | Time:00:01.05 | Mem:0.00M, Peak:0.00M | Scene, ViewLayer | Synchronizing object | Under-slung AC condenser ventilation louver.014
Fra:1 Mem:512.59M (Peak 512.59M) | Time:00:01.05 | Mem:0.00M, Peak:0.00M | Scene, ViewLayer | Synchronizing object | Under-slung AC condenser ventilation louver.015
Fra:1 Mem:512.59M (Peak 512.59M) | Time:00:01.05 | Mem:0.00M, Peak:0.00M | Scene, ViewLayer | Synchronizing object | Under-slung AC condenser panel captive bolt hex head.006
Fra:1 Mem:512.61M (Peak 512.61M) | Time:00:01.05 | Mem:0.00M, Peak:0.00M | Scene, ViewLayer | Synchronizing object | Under-slung AC condenser panel captive bolt hex head.007
Fra:1 Mem:512.60M (Peak 512.61M) | Time:00:01.05 | Mem:0.00M, Peak:0.00M | Scene, ViewLayer | Synchronizing object | Under-slung AC condenser hanger channel.002
Fra:1 Mem:512.60M (Peak 512.61M) | Time:00:01.05 | Mem:0.00M, Peak:0.00M | Scene, ViewLayer | Synchronizing object | Under-slung AC condenser lower cradle.002
Fra:1 Mem:512.61M (Peak 512.61M) | Time:00:01.05 | Mem:0.00M, Peak:0.00M | Scene, ViewLayer | Synchronizing object | Under-slung AC condenser hanger channel.003
Fra:1 Mem:512.63M (Peak 512.63M) | Time:00:01.05 | Mem:0.00M, Peak:0.00M | Scene, ViewLayer | Synchronizing object | Under-slung AC condenser lower cradle.003
Fra:1 Mem:512.63M (Peak 512.63M) | Time:00:01.05 | Mem:0.00M, Peak:0.00M | Scene, ViewLayer | Synchronizing object | Under-slung AC condenser data plate.001
Fra:1 Mem:512.63M (Peak 512.63M) | Time:00:01.05 | Mem:0.00M, Peak:0.00M | Scene, ViewLayer | Synchronizing object | Condenser underside fan shroud.002
Fra:1 Mem:512.65M (Peak 512.65M) | Time:00:01.05 | Mem:0.00M, Peak:0.00M | Scene, ViewLayer | Synchronizing object | Condenser circular fan guard.006
Fra:1 Mem:512.66M (Peak 512.66M) | Time:00:01.05 | Mem:0.00M, Peak:0.00M | Scene, ViewLayer | Synchronizing object | Condenser circular fan guard.007
Fra:1 Mem:512.72M (Peak 512.72M) | Time:00:01.05 | Mem:0.00M, Peak:0.00M | Scene, ViewLayer | Synchronizing object | Condenser circular fan guard.008
Fra:1 Mem:512.77M (Peak 512.77M) | Time:00:01.05 | Mem:0.00M, Peak:0.00M | Scene, ViewLayer | Synchronizing object | Condenser grille radial wire.016
Fra:1 Mem:512.77M (Peak 512.77M) | Time:00:01.05 | Mem:0.00M, Peak:0.00M | Scene, ViewLayer | Synchronizing object | Condenser grille radial wire.017
Fra:1 Mem:512.77M (Peak 512.77M) | Time:00:01.05 | Mem:0.00M, Peak:0.00M | Scene, ViewLayer | Synchronizing object | Condenser grille radial wire.018
Fra:1 Mem:512.77M (Peak 512.77M) | Time:00:01.05 | Mem:0.00M, Peak:0.00M | Scene, ViewLayer | Synchronizing object | Condenser grille radial wire.019
Fra:1 Mem:512.78M (Peak 512.78M) | Time:00:01.05 | Mem:0.00M, Peak:0.00M | Scene, ViewLayer | Synchronizing object | Condenser grille radial wire.020
Fra:1 Mem:512.78M (Peak 512.78M) | Time:00:01.05 | Mem:0.00M, Peak:0.00M | Scene, ViewLayer | Synchronizing object | Condenser grille radial wire.021
Fra:1 Mem:512.78M (Peak 512.78M) | Time:00:01.05 | Mem:0.00M, Peak:0.00M | Scene, ViewLayer | Synchronizing object | Condenser grille radial wire.022
Fra:1 Mem:512.79M (Peak 512.79M) | Time:00:01.05 | Mem:0.00M, Peak:0.00M | Scene, ViewLayer | Synchronizing object | Condenser grille radial wire.023
Fra:1 Mem:512.79M (Peak 512.79M) | Time:00:01.05 | Mem:0.00M, Peak:0.00M | Scene, ViewLayer | Synchronizing object | Condenser underside fan shroud.003
Fra:1 Mem:512.81M (Peak 512.81M) | Time:00:01.05 | Mem:0.00M, Peak:0.00M | Scene, ViewLayer | Synchronizing object | Condenser circular fan guard.009
Fra:1 Mem:512.81M (Peak 512.81M) | Time:00:01.05 | Mem:0.00M, Peak:0.00M | Scene, ViewLayer | Synchronizing object | Condenser circular fan guard.011
Fra:1 Mem:512.91M (Peak 512.91M) | Time:00:01.05 | Mem:0.00M, Peak:0.00M | Scene, ViewLayer | Synchronizing object | Condenser grille radial wire.024
Fra:1 Mem:512.93M (Peak 512.93M) | Time:00:01.05 | Mem:0.00M, Peak:0.00M | Scene, ViewLayer | Synchronizing object | Condenser grille radial wire.025
Fra:1 Mem:512.93M (Peak 512.93M) | Time:00:01.05 | Mem:0.00M, Peak:0.00M | Scene, ViewLayer | Synchronizing object | Condenser grille radial wire.027
Fra:1 Mem:512.93M (Peak 512.93M) | Time:00:01.05 | Mem:0.00M, Peak:0.00M | Scene, ViewLayer | Synchronizing object | Condenser grille radial wire.028
Fra:1 Mem:512.93M (Peak 512.93M) | Time:00:01.05 | Mem:0.00M, Peak:0.00M | Scene, ViewLayer | Synchronizing object | Condenser grille radial wire.029
Fra:1 Mem:512.93M (Peak 512.93M) | Time:00:01.05 | Mem:0.00M, Peak:0.00M | Scene, ViewLayer | Synchronizing object | Condenser grille radial wire.030
Fra:1 Mem:512.93M (Peak 512.93M) | Time:00:01.05 | Mem:0.00M, Peak:0.00M | Scene, ViewLayer | Synchronizing object | Condenser grille radial wire.031
Fra:1 Mem:512.94M (Peak 512.94M) | Time:00:01.05 | Mem:0.00M, Peak:0.00M | Scene, ViewLayer | Synchronizing object | Condenser fan hub.003
Fra:1 Mem:512.94M (Peak 512.94M) | Time:00:01.05 | Mem:0.00M, Peak:0.00M | Scene, ViewLayer | Synchronizing object | Refrigeration compressor housing
Fra:1 Mem:512.94M (Peak 512.94M) | Time:00:01.05 | Mem:0.00M, Peak:0.00M | Scene, ViewLayer | Synchronizing object | Compressor upper terminal head
Fra:1 Mem:512.97M (Peak 512.97M) | Time:00:01.05 | Mem:0.00M, Peak:0.00M | Scene, ViewLayer | Synchronizing object | Refrigerant formed copper pipe
Fra:1 Mem:512.97M (Peak 512.97M) | Time:00:01.05 | Mem:0.00M, Peak:0.00M | Scene, ViewLayer | Synchronizing object | Refrigeration compressor housing.001
Fra:1 Mem:512.98M (Peak 512.98M) | Time:00:01.05 | Mem:0.00M, Peak:0.00M | Scene, ViewLayer | Synchronizing object | Compressor steel mounting skid.001
Fra:1 Mem:512.99M (Peak 512.99M) | Time:00:01.05 | Mem:0.00M, Peak:0.00M | Scene, ViewLayer | Synchronizing object | Refrigerant formed copper pipe.001
Fra:1 Mem:513.00M (Peak 513.00M) | Time:00:01.05 | Mem:0.00M, Peak:0.00M | Scene, ViewLayer | Synchronizing object | AC battery charger precooling box enclosure
Fra:1 Mem:513.01M (Peak 513.01M) | Time:00:01.05 | Mem:0.00M, Peak:0.00M | Scene, ViewLayer | Synchronizing object | AC battery charger precooling box service panel
Fra:1 Mem:513.01M (Peak 513.01M) | Time:00:01.05 | Mem:0.00M, Peak:0.00M | Scene, ViewLayer | Synchronizing object | AC battery charger precooling box exposed hinge
Fra:1 Mem:513.03M (Peak 513.03M) | Time:00:01.05 | Mem:0.00M, Peak:0.00M | Scene, ViewLayer | Synchronizing object | AC battery charger precooling box exposed hinge.001
Fra:1 Mem:513.03M (Peak 513.03M) | Time:00:01.05 | Mem:0.00M, Peak:0.00M | Scene, ViewLayer | Synchronizing object | AC battery charger precooling box lifting handle
Fra:1 Mem:513.04M (Peak 513.04M) | Time:00:01.05 | Mem:0.00M, Peak:0.00M | Scene, ViewLayer | Synchronizing object | AC battery charger precooling box turn latch
Fra:1 Mem:513.05M (Peak 513.05M) | Time:00:01.05 | Mem:0.00M, Peak:0.00M | Scene, ViewLayer | Synchronizing object | AC battery charger precooling box ventilation louver
Fra:1 Mem:513.05M (Peak 513.05M) | Time:00:01.05 | Mem:0.00M, Peak:0.00M | Scene, ViewLayer | Synchronizing object | AC battery charger precooling box ventilation louver.001
Fra:1 Mem:513.07M (Peak 513.07M) | Time:00:01.05 | Mem:0.00M, Peak:0.00M | Scene, ViewLayer | Synchronizing object | AC battery charger precooling box ventilation louver.002
Fra:1 Mem:513.08M (Peak 513.08M) | Time:00:01.05 | Mem:0.00M, Peak:0.00M | Scene, ViewLayer | Synchronizing object | AC battery charger precooling box panel captive bolt hex head
Fra:1 Mem:513.09M (Peak 513.09M) | Time:00:01.05 | Mem:0.00M, Peak:0.00M | Scene, ViewLayer | Synchronizing object | AC battery charger precooling box panel captive bolt hex he
Fra:1 Mem:513.09M (Peak 513.09M) | Time:00:01.05 | Mem:0.00M, Peak:0.00M | Scene, ViewLayer | Synchronizing object | AC battery charger precooling box service panel.001
Fra:1 Mem:513.09M (Peak 513.09M) | Time:00:01.05 | Mem:0.00M, Peak:0.00M | Scene, ViewLayer | Synchronizing object | AC battery charger precooling box exposed hinge.003
Fra:1 Mem:513.11M (Peak 513.11M) | Time:00:01.05 | Mem:0.00M, Peak:0.00M | Scene, ViewLayer | Synchronizing object | AC battery charger precooling box lifting handle.001
Fra:1 Mem:513.11M (Peak 513.11M) | Time:00:01.05 | Mem:0.00M, Peak:0.00M | Scene, ViewLayer | Synchronizing object | AC battery charger precooling box turn latch.001
Fra:1 Mem:513.13M (Peak 513.13M) | Time:00:01.05 | Mem:0.00M, Peak:0.00M | Scene, ViewLayer | Synchronizing object | AC battery charger precooling box ventilation louver.004
Fra:1 Mem:513.14M (Peak 513.14M) | Time:00:01.05 | Mem:0.00M, Peak:0.00M | Scene, ViewLayer | Synchronizing object | AC battery charger precooling box ventilation louver.005
Fra:1 Mem:513.14M (Peak 513.14M) | Time:00:01.05 | Mem:0.00M, Peak:0.00M | Scene, ViewLayer | Synchronizing object | AC battery charger precooling box ventilation louver.006
Fra:1 Mem:513.14M (Peak 513.14M) | Time:00:01.05 | Mem:0.00M, Peak:0.00M | Scene, ViewLayer | Synchronizing object | AC battery charger precooling box ventilation louver.007
Fra:1 Mem:513.16M (Peak 513.16M) | Time:00:01.05 | Mem:0.00M, Peak:0.00M | Scene, ViewLayer | Synchronizing object | AC battery charger precooling box panel captive bolt hex he.001
Fra:1 Mem:513.17M (Peak 513.17M) | Time:00:01.05 | Mem:0.00M, Peak:0.00M | Scene, ViewLayer | Synchronizing object | AC battery charger precooling box panel captive bolt hex he.002
Fra:1 Mem:513.17M (Peak 513.17M) | Time:00:01.05 | Mem:0.00M, Peak:0.00M | Scene, ViewLayer | Synchronizing object | AC battery charger precooling box service panel.002
Fra:1 Mem:513.17M (Peak 513.17M) | Time:00:01.05 | Mem:0.00M, Peak:0.00M | Scene, ViewLayer | Synchronizing object | AC battery charger precooling box exposed hinge.004
Fra:1 Mem:513.17M (Peak 513.17M) | Time:00:01.05 | Mem:0.00M, Peak:0.00M | Scene, ViewLayer | Synchronizing object | AC battery charger precooling box exposed hinge.005
Fra:1 Mem:513.19M (Peak 513.19M) | Time:00:01.05 | Mem:0.00M, Peak:0.00M | Scene, ViewLayer | Synchronizing object | AC battery charger precooling box lifting handle.002
Fra:1 Mem:513.21M (Peak 513.21M) | Time:00:01.05 | Mem:0.00M, Peak:0.00M | Scene, ViewLayer | Synchronizing object | AC battery charger precooling box turn latch.002
Fra:1 Mem:513.20M (Peak 513.21M) | Time:00:01.05 | Mem:0.00M, Peak:0.00M | Scene, ViewLayer | Synchronizing object | AC battery charger precooling box ventilation louver.009
Fra:1 Mem:513.22M (Peak 513.22M) | Time:00:01.05 | Mem:0.00M, Peak:0.00M | Scene, ViewLayer | Synchronizing object | AC battery charger precooling box ventilation louver.010
Fra:1 Mem:513.23M (Peak 513.23M) | Time:00:01.05 | Mem:0.00M, Peak:0.00M | Scene, ViewLayer | Synchronizing object | AC battery charger precooling box ventilation louver.011
Fra:1 Mem:513.24M (Peak 513.24M) | Time:00:01.05 | Mem:0.00M, Peak:0.00M | Scene, ViewLayer | Synchronizing object | AC battery charger precooling box panel captive bolt hex he.003
Fra:1 Mem:513.24M (Peak 513.24M) | Time:00:01.05 | Mem:0.00M, Peak:0.00M | Scene, ViewLayer | Synchronizing object | AC battery charger precooling box panel captive bolt hex he.004
Fra:1 Mem:513.25M (Peak 513.25M) | Time:00:01.05 | Mem:0.00M, Peak:0.00M | Scene, ViewLayer | Synchronizing object | AC battery charger precooling box hanger channel
Fra:1 Mem:513.25M (Peak 513.25M) | Time:00:01.05 | Mem:0.00M, Peak:0.00M | Scene, ViewLayer | Synchronizing object | AC battery charger precooling box lower cradle
Fra:1 Mem:513.26M (Peak 513.26M) | Time:00:01.05 | Mem:0.00M, Peak:0.00M | Scene, ViewLayer | Synchronizing object | AC battery charger precooling box hanger channel.001
Fra:1 Mem:513.27M (Peak 513.27M) | Time:00:01.05 | Mem:0.00M, Peak:0.00M | Scene, ViewLayer | Synchronizing object | AC battery charger precooling box lower cradle.001
Fra:1 Mem:513.28M (Peak 513.28M) | Time:00:01.05 | Mem:0.00M, Peak:0.00M | Scene, ViewLayer | Synchronizing object | AC battery charger precooling box data plate
Fra:1 Mem:513.29M (Peak 513.29M) | Time:00:01.05 | Mem:0.00M, Peak:0.00M | Scene, ViewLayer | Synchronizing object | Headstock buffer beam
Fra:1 Mem:513.29M (Peak 513.29M) | Time:00:01.05 | Mem:0.00M, Peak:0.00M | Scene, ViewLayer | Synchronizing object | Headstock steel upper flange
Fra:1 Mem:513.30M (Peak 513.30M) | Time:00:01.05 | Mem:0.00M, Peak:0.00M | Scene, ViewLayer | Synchronizing object | Buffer housing square baseplate
Fra:1 Mem:513.31M (Peak 513.31M) | Time:00:01.05 | Mem:0.00M, Peak:0.00M | Scene, ViewLayer | Synchronizing object | Buffer spring case
Fra:1 Mem:513.32M (Peak 513.32M) | Time:00:01.05 | Mem:0.00M, Peak:0.00M | Scene, ViewLayer | Synchronizing object | Buffer sliding ram
Fra:1 Mem:513.33M (Peak 513.33M) | Time:00:01.05 | Mem:0.00M, Peak:0.00M | Scene, ViewLayer | Synchronizing object | Buffer dust collar
Fra:1 Mem:513.34M (Peak 513.34M) | Time:00:01.05 | Mem:0.00M, Peak:0.00M | Scene, ViewLayer | Synchronizing object | Buffer head shallow crowned forged disc
Fra:1 Mem:513.36M (Peak 513.36M) | Time:00:01.05 | Mem:0.00M, Peak:0.00M | Scene, ViewLayer | Synchronizing object | Buffer mounting hex nut
Fra:1 Mem:513.39M (Peak 513.39M) | Time:00:01.05 | Mem:0.00M, Peak:0.00M | Scene, ViewLayer | Synchronizing object | Buffer mounting stud
Fra:1 Mem:513.41M (Peak 513.41M) | Time:00:01.05 | Mem:0.00M, Peak:0.00M | Scene, ViewLayer | Synchronizing object | Buffer mounting hex nut.001
Fra:1 Mem:513.41M (Peak 513.41M) | Time:00:01.05 | Mem:0.00M, Peak:0.00M | Scene, ViewLayer | Synchronizing object | Buffer mounting stud.001
Fra:1 Mem:513.42M (Peak 513.42M) | Time:00:01.05 | Mem:0.00M, Peak:0.00M | Scene, ViewLayer | Synchronizing object | Buffer mounting hex nut.002
Fra:1 Mem:513.42M (Peak 513.42M) | Time:00:01.05 | Mem:0.00M, Peak:0.00M | Scene, ViewLayer | Synchronizing object | Buffer mounting stud.002
Fra:1 Mem:513.44M (Peak 513.44M) | Time:00:01.05 | Mem:0.00M, Peak:0.00M | Scene, ViewLayer | Synchronizing object | Buffer mounting hex nut.003
Fra:1 Mem:513.43M (Peak 513.44M) | Time:00:01.05 | Mem:0.00M, Peak:0.00M | Scene, ViewLayer | Synchronizing object | Buffer mounting stud.003
Fra:1 Mem:513.43M (Peak 513.44M) | Time:00:01.05 | Mem:0.00M, Peak:0.00M | Scene, ViewLayer | Synchronizing object | Buffer grease nipple
Fra:1 Mem:513.43M (Peak 513.44M) | Time:00:01.05 | Mem:0.00M, Peak:0.00M | Scene, ViewLayer | Synchronizing object | Buffer housing square baseplate.001
Fra:1 Mem:513.45M (Peak 513.45M) | Time:00:01.05 | Mem:0.00M, Peak:0.00M | Scene, ViewLayer | Synchronizing object | Buffer sliding ram.001
Fra:1 Mem:513.45M (Peak 513.45M) | Time:00:01.05 | Mem:0.00M, Peak:0.00M | Scene, ViewLayer | Synchronizing object | Buffer dust collar.001
Fra:1 Mem:513.49M (Peak 513.49M) | Time:00:01.05 | Mem:0.00M, Peak:0.00M | Scene, ViewLayer | Synchronizing object | Buffer head shallow crowned forged disc.001
Fra:1 Mem:513.50M (Peak 513.50M) | Time:00:01.05 | Mem:0.00M, Peak:0.00M | Scene, ViewLayer | Synchronizing object | Buffer mounting hex nut.004
Fra:1 Mem:513.50M (Peak 513.50M) | Time:00:01.05 | Mem:0.00M, Peak:0.00M | Scene, ViewLayer | Synchronizing object | Buffer mounting stud.004
Fra:1 Mem:513.53M (Peak 513.53M) | Time:00:01.05 | Mem:0.00M, Peak:0.00M | Scene, ViewLayer | Synchronizing object | Buffer mounting hex nut.005
Fra:1 Mem:513.55M (Peak 513.55M) | Time:00:01.05 | Mem:0.00M, Peak:0.00M | Scene, ViewLayer | Synchronizing object | Buffer mounting stud.005
Fra:1 Mem:513.55M (Peak 513.55M) | Time:00:01.05 | Mem:0.00M, Peak:0.00M | Scene, ViewLayer | Synchronizing object | Buffer mounting hex nut.006
Fra:1 Mem:513.56M (Peak 513.56M) | Time:00:01.05 | Mem:0.00M, Peak:0.00M | Scene, ViewLayer | Synchronizing object | Buffer mounting stud.006
Fra:1 Mem:513.56M (Peak 513.56M) | Time:00:01.05 | Mem:0.00M, Peak:0.00M | Scene, ViewLayer | Synchronizing object | Buffer mounting hex nut.007
Fra:1 Mem:513.57M (Peak 513.57M) | Time:00:01.05 | Mem:0.00M, Peak:0.00M | Scene, ViewLayer | Synchronizing object | Buffer grease nipple.001
Fra:1 Mem:513.57M (Peak 513.57M) | Time:00:01.05 | Mem:0.00M, Peak:0.00M | Scene, ViewLayer | Synchronizing object | Forged central drawhook
Fra:1 Mem:513.59M (Peak 513.59M) | Time:00:01.05 | Mem:0.00M, Peak:0.00M | Scene, ViewLayer | Synchronizing object | Drawhook pocket opening
Fra:1 Mem:513.60M (Peak 513.60M) | Time:00:01.05 | Mem:0.00M, Peak:0.00M | Scene, ViewLayer | Synchronizing object | Drawhook trunnion pin
Fra:1 Mem:513.61M (Peak 513.61M) | Time:00:01.05 | Mem:0.00M, Peak:0.00M | Scene, ViewLayer | Synchronizing object | Coupling shackle cheek
Fra:1 Mem:513.61M (Peak 513.61M) | Time:00:01.06 | Mem:0.00M, Peak:0.00M | Scene, ViewLayer | Synchronizing object | Coupling shackle cheek.001
Fra:1 Mem:513.62M (Peak 513.62M) | Time:00:01.06 | Mem:0.00M, Peak:0.00M | Scene, ViewLayer | Synchronizing object | Coupling trunnion retaining nut
Fra:1 Mem:513.63M (Peak 513.63M) | Time:00:01.06 | Mem:0.00M, Peak:0.00M | Scene, ViewLayer | Synchronizing object | Coupling shackle cheek.003
Fra:1 Mem:513.63M (Peak 513.63M) | Time:00:01.06 | Mem:0.00M, Peak:0.00M | Scene, ViewLayer | Synchronizing object | Coupling trunnion retaining nut.001
Fra:1 Mem:513.63M (Peak 513.63M) | Time:00:01.06 | Mem:0.00M, Peak:0.00M | Scene, ViewLayer | Synchronizing object | Screw coupling upper trunnion
Fra:1 Mem:513.63M (Peak 513.63M) | Time:00:01.06 | Mem:0.00M, Peak:0.00M | Scene, ViewLayer | Synchronizing object | Screw coupling turnbuckle barrel
Fra:1 Mem:513.65M (Peak 513.65M) | Time:00:01.06 | Mem:0.00M, Peak:0.00M | Scene, ViewLayer | Synchronizing object | Turnbuckle screw thread
Fra:1 Mem:513.65M (Peak 513.65M) | Time:00:01.06 | Mem:0.00M, Peak:0.00M | Scene, ViewLayer | Synchronizing object | Turnbuckle screw thread.001
Fra:1 Mem:513.66M (Peak 513.66M) | Time:00:01.06 | Mem:0.00M, Peak:0.00M | Scene, ViewLayer | Synchronizing object | Turnbuckle screw thread.002
Fra:1 Mem:513.67M (Peak 513.67M) | Time:00:01.06 | Mem:0.00M, Peak:0.00M | Scene, ViewLayer | Synchronizing object | Turnbuckle screw thread.003
Fra:1 Mem:513.70M (Peak 513.70M) | Time:00:01.06 | Mem:0.00M, Peak:0.00M | Scene, ViewLayer | Synchronizing object | Turnbuckle screw thread.004
Fra:1 Mem:513.70M (Peak 513.70M) | Time:00:01.06 | Mem:0.00M, Peak:0.00M | Scene, ViewLayer | Synchronizing object | Turnbuckle screw thread.005
Fra:1 Mem:513.71M (Peak 513.71M) | Time:00:01.06 | Mem:0.00M, Peak:0.00M | Scene, ViewLayer | Synchronizing object | Turnbuckle screw thread.006
Fra:1 Mem:513.73M (Peak 513.73M) | Time:00:01.06 | Mem:0.00M, Peak:0.00M | Scene, ViewLayer | Synchronizing object | Turnbuckle screw thread.007
Fra:1 Mem:513.75M (Peak 513.75M) | Time:00:01.06 | Mem:0.00M, Peak:0.00M | Scene, ViewLayer | Synchronizing object | Turnbuckle screw thread.008
Fra:1 Mem:513.75M (Peak 513.75M) | Time:00:01.06 | Mem:0.00M, Peak:0.00M | Scene, ViewLayer | Synchronizing object | Turnbuckle screw thread.010
Fra:1 Mem:513.78M (Peak 513.78M) | Time:00:01.06 | Mem:0.00M, Peak:0.00M | Scene, ViewLayer | Synchronizing object | Turnbuckle screw thread.011
Fra:1 Mem:513.79M (Peak 513.79M) | Time:00:01.06 | Mem:0.00M, Peak:0.00M | Scene, ViewLayer | Synchronizing object | Turnbuckle screw thread.012
Fra:1 Mem:513.81M (Peak 513.81M) | Time:00:01.06 | Mem:0.00M, Peak:0.00M | Scene, ViewLayer | Synchronizing object | Turnbuckle screw thread.013
Fra:1 Mem:513.81M (Peak 513.81M) | Time:00:01.06 | Mem:0.00M, Peak:0.00M | Scene, ViewLayer | Synchronizing object | Turnbuckle screw thread.014
Fra:1 Mem:513.82M (Peak 513.82M) | Time:00:01.06 | Mem:0.00M, Peak:0.00M | Scene, ViewLayer | Synchronizing object | Turnbuckle screw thread.015
Fra:1 Mem:513.84M (Peak 513.84M) | Time:00:01.06 | Mem:0.00M, Peak:0.00M | Scene, ViewLayer | Synchronizing object | Turnbuckle screw thread.016
Fra:1 Mem:513.84M (Peak 513.84M) | Time:00:01.06 | Mem:0.00M, Peak:0.00M | Scene, ViewLayer | Synchronizing object | Turnbuckle screw thread.017
Fra:1 Mem:513.84M (Peak 513.84M) | Time:00:01.06 | Mem:0.00M, Peak:0.00M | Scene, ViewLayer | Synchronizing object | Turnbuckle screw thread.018
Fra:1 Mem:513.88M (Peak 513.88M) | Time:00:01.06 | Mem:0.00M, Peak:0.00M | Scene, ViewLayer | Synchronizing object | Turnbuckle cross handle
Fra:1 Mem:513.88M (Peak 513.88M) | Time:00:01.06 | Mem:0.00M, Peak:0.00M | Scene, ViewLayer | Synchronizing object | Turnbuckle handle end stop
Fra:1 Mem:513.88M (Peak 513.88M) | Time:00:01.06 | Mem:0.00M, Peak:0.00M | Scene, ViewLayer | Synchronizing object | Turnbuckle handle end stop.001
Fra:1 Mem:513.89M (Peak 513.89M) | Time:00:01.06 | Mem:0.00M, Peak:0.00M | Scene, ViewLayer | Synchronizing object | Screw coupling forged lower bow
Fra:1 Mem:513.89M (Peak 513.89M) | Time:00:01.06 | Mem:0.00M, Peak:0.00M | Scene, ViewLayer | Synchronizing object | Brake pipe end feed
Fra:1 Mem:513.91M (Peak 513.91M) | Time:00:01.06 | Mem:0.00M, Peak:0.00M | Scene, ViewLayer | Synchronizing object | Brake pipe cock body
Fra:1 Mem:513.95M (Peak 513.95M) | Time:00:01.06 | Mem:0.00M, Peak:0.00M | Scene, ViewLayer | Synchronizing object | Brake isolation cock lever
Fra:1 Mem:513.98M (Peak 513.98M) | Time:00:01.06 | Mem:0.00M, Peak:0.00M | Scene, ViewLayer | Synchronizing object | Rubber pneumatic end hose
Fra:1 Mem:513.98M (Peak 513.98M) | Time:00:01.06 | Mem:0.00M, Peak:0.00M | Scene, ViewLayer | Synchronizing object | Pneumatic hose gladhand
Fra:1 Mem:514.00M (Peak 514.00M) | Time:00:01.06 | Mem:0.00M, Peak:0.00M | Scene, ViewLayer | Synchronizing object | Hose moulded collar.001
Fra:1 Mem:514.02M (Peak 514.02M) | Time:00:01.06 | Mem:0.00M, Peak:0.00M | Scene, ViewLayer | Synchronizing object | Brake pipe end feed.001
Fra:1 Mem:514.04M (Peak 514.04M) | Time:00:01.06 | Mem:0.00M, Peak:0.00M | Scene, ViewLayer | Synchronizing object | Brake pipe cock body.001
Fra:1 Mem:514.04M (Peak 514.04M) | Time:00:01.06 | Mem:0.00M, Peak:0.00M | Scene, ViewLayer | Synchronizing object | Brake isolation cock lever.001
Fra:1 Mem:514.04M (Peak 514.04M) | Time:00:01.06 | Mem:0.00M, Peak:0.00M | Scene, ViewLayer | Synchronizing object | Rubber pneumatic end hose.001
Fra:1 Mem:514.05M (Peak 514.05M) | Time:00:01.06 | Mem:0.00M, Peak:0.00M | Scene, ViewLayer | Synchronizing object | Hose moulded collar.002
Fra:1 Mem:514.06M (Peak 514.06M) | Time:00:01.06 | Mem:0.00M, Peak:0.00M | Scene, ViewLayer | Synchronizing object | Hose moulded collar.003
Fra:1 Mem:514.07M (Peak 514.07M) | Time:00:01.06 | Mem:0.00M, Peak:0.00M | Scene, ViewLayer | Synchronizing object | Buffer beam corner handhold
Fra:1 Mem:514.07M (Peak 514.07M) | Time:00:01.06 | Mem:0.00M, Peak:0.00M | Scene, ViewLayer | Synchronizing object | Buffer beam corner handhold.001
Fra:1 Mem:514.07M (Peak 514.07M) | Time:00:01.06 | Mem:0.00M, Peak:0.00M | Scene, ViewLayer | Synchronizing object | Headstock buffer beam.001
Fra:1 Mem:514.09M (Peak 514.09M) | Time:00:01.06 | Mem:0.00M, Peak:0.00M | Scene, ViewLayer | Synchronizing object | Headstock steel upper flange.001
Fra:1 Mem:514.10M (Peak 514.10M) | Time:00:01.06 | Mem:0.00M, Peak:0.00M | Scene, ViewLayer | Synchronizing object | Buffer spring case.002
Fra:1 Mem:514.10M (Peak 514.10M) | Time:00:01.06 | Mem:0.00M, Peak:0.00M | Scene, ViewLayer | Synchronizing object | Buffer sliding ram.002
Fra:1 Mem:514.11M (Peak 514.11M) | Time:00:01.06 | Mem:0.00M, Peak:0.00M | Scene, ViewLayer | Synchronizing object | Buffer dust collar.002
Fra:1 Mem:514.14M (Peak 514.14M) | Time:00:01.06 | Mem:0.00M, Peak:0.00M | Scene, ViewLayer | Synchronizing object | Buffer head shallow crowned forged disc.002
Fra:1 Mem:514.15M (Peak 514.15M) | Time:00:01.06 | Mem:0.00M, Peak:0.00M | Scene, ViewLayer | Synchronizing object | Buffer mounting hex nut.008
Fra:1 Mem:514.17M (Peak 514.17M) | Time:00:01.06 | Mem:0.00M, Peak:0.00M | Scene, ViewLayer | Synchronizing object | Buffer mounting stud.008
Fra:1 Mem:514.19M (Peak 514.19M) | Time:00:01.06 | Mem:0.00M, Peak:0.00M | Scene, ViewLayer | Synchronizing object | Buffer mounting hex nut.009
Fra:1 Mem:514.20M (Peak 514.20M) | Time:00:01.06 | Mem:0.00M, Peak:0.00M | Scene, ViewLayer | Synchronizing object | Buffer mounting stud.009
Fra:1 Mem:514.21M (Peak 514.21M) | Time:00:01.06 | Mem:0.00M, Peak:0.00M | Scene, ViewLayer | Synchronizing object | Buffer mounting hex nut.010
Fra:1 Mem:514.22M (Peak 514.22M) | Time:00:01.06 | Mem:0.00M, Peak:0.00M | Scene, ViewLayer | Synchronizing object | Buffer mounting stud.010
Fra:1 Mem:514.22M (Peak 514.22M) | Time:00:01.06 | Mem:0.00M, Peak:0.00M | Scene, ViewLayer | Synchronizing object | Buffer mounting hex nut.011
Fra:1 Mem:514.22M (Peak 514.22M) | Time:00:01.06 | Mem:0.00M, Peak:0.00M | Scene, ViewLayer | Synchronizing object | Buffer mounting stud.011
Fra:1 Mem:514.23M (Peak 514.23M) | Time:00:01.06 | Mem:0.00M, Peak:0.00M | Scene, ViewLayer | Synchronizing object | Buffer grease nipple.002
Fra:1 Mem:514.23M (Peak 514.23M) | Time:00:01.06 | Mem:0.00M, Peak:0.00M | Scene, ViewLayer | Synchronizing object | Buffer housing square baseplate.003
Fra:1 Mem:514.23M (Peak 514.23M) | Time:00:01.06 | Mem:0.00M, Peak:0.00M | Scene, ViewLayer | Synchronizing object | Buffer sliding ram.003
Fra:1 Mem:514.26M (Peak 514.26M) | Time:00:01.06 | Mem:0.00M, Peak:0.00M | Scene, ViewLayer | Synchronizing object | Buffer dust collar.003
Fra:1 Mem:514.28M (Peak 514.28M) | Time:00:01.06 | Mem:0.00M, Peak:0.00M | Scene, ViewLayer | Synchronizing object | Buffer head shallow crowned forged disc.003
Fra:1 Mem:514.28M (Peak 514.28M) | Time:00:01.06 | Mem:0.00M, Peak:0.00M | Scene, ViewLayer | Synchronizing object | Buffer mounting hex nut.012
Fra:1 Mem:514.28M (Peak 514.28M) | Time:00:01.06 | Mem:0.00M, Peak:0.00M | Scene, ViewLayer | Synchronizing object | Buffer mounting stud.012
Fra:1 Mem:514.29M (Peak 514.29M) | Time:00:01.06 | Mem:0.00M, Peak:0.00M | Scene, ViewLayer | Synchronizing object | Buffer mounting hex nut.013
Fra:1 Mem:514.31M (Peak 514.31M) | Time:00:01.06 | Mem:0.00M, Peak:0.00M | Scene, ViewLayer | Synchronizing object | Buffer mounting stud.013
Fra:1 Mem:514.32M (Peak 514.32M) | Time:00:01.06 | Mem:0.00M, Peak:0.00M | Scene, ViewLayer | Synchronizing object | Buffer mounting hex nut.014
Fra:1 Mem:514.33M (Peak 514.33M) | Time:00:01.06 | Mem:0.00M, Peak:0.00M | Scene, ViewLayer | Synchronizing object | Buffer mounting stud.014
Fra:1 Mem:514.34M (Peak 514.34M) | Time:00:01.06 | Mem:0.00M, Peak:0.00M | Scene, ViewLayer | Synchronizing object | Buffer mounting hex nut.015
Fra:1 Mem:514.35M (Peak 514.35M) | Time:00:01.06 | Mem:0.00M, Peak:0.00M | Scene, ViewLayer | Synchronizing object | Buffer mounting stud.015
Fra:1 Mem:514.35M (Peak 514.35M) | Time:00:01.06 | Mem:0.00M, Peak:0.00M | Scene, ViewLayer | Synchronizing object | Buffer grease nipple.003
Fra:1 Mem:514.35M (Peak 514.35M) | Time:00:01.06 | Mem:0.00M, Peak:0.00M | Scene, ViewLayer | Synchronizing object | Forged central drawhook.001
Fra:1 Mem:514.39M (Peak 514.39M) | Time:00:01.06 | Mem:0.00M, Peak:0.00M | Scene, ViewLayer | Synchronizing object | Drawhook pocket opening.001
Fra:1 Mem:514.40M (Peak 514.40M) | Time:00:01.06 | Mem:0.00M, Peak:0.00M | Scene, ViewLayer | Synchronizing object | Drawhook trunnion pin.001
Fra:1 Mem:514.40M (Peak 514.40M) | Time:00:01.06 | Mem:0.00M, Peak:0.00M | Scene, ViewLayer | Synchronizing object | Coupling shackle cheek.004
Fra:1 Mem:514.40M (Peak 514.40M) | Time:00:01.06 | Mem:0.00M, Peak:0.00M | Scene, ViewLayer | Synchronizing object | Coupling shackle cheek.005
Fra:1 Mem:514.42M (Peak 514.42M) | Time:00:01.06 | Mem:0.00M, Peak:0.00M | Scene, ViewLayer | Synchronizing object | Coupling trunnion retaining nut.002
Fra:1 Mem:514.42M (Peak 514.42M) | Time:00:01.06 | Mem:0.00M, Peak:0.00M | Scene, ViewLayer | Synchronizing object | Coupling shackle cheek.006
Fra:1 Mem:514.42M (Peak 514.42M) | Time:00:01.06 | Mem:0.00M, Peak:0.00M | Scene, ViewLayer | Synchronizing object | Coupling trunnion retaining nut.003
Fra:1 Mem:514.43M (Peak 514.43M) | Time:00:01.06 | Mem:0.00M, Peak:0.00M | Scene, ViewLayer | Synchronizing object | Screw coupling upper trunnion.001
Fra:1 Mem:514.43M (Peak 514.43M) | Time:00:01.06 | Mem:0.00M, Peak:0.00M | Scene, ViewLayer | Synchronizing object | Screw coupling turnbuckle barrel.001
Fra:1 Mem:514.44M (Peak 514.44M) | Time:00:01.06 | Mem:0.00M, Peak:0.00M | Scene, ViewLayer | Synchronizing object | Turnbuckle screw thread.019
Fra:1 Mem:514.45M (Peak 514.45M) | Time:00:01.06 | Mem:0.00M, Peak:0.00M | Scene, ViewLayer | Synchronizing object | Turnbuckle screw thread.020
Fra:1 Mem:514.47M (Peak 514.47M) | Time:00:01.06 | Mem:0.00M, Peak:0.00M | Scene, ViewLayer | Synchronizing object | Turnbuckle screw thread.021
Fra:1 Mem:514.47M (Peak 514.47M) | Time:00:01.06 | Mem:0.00M, Peak:0.00M | Scene, ViewLayer | Synchronizing object | Turnbuckle screw thread.022
Fra:1 Mem:514.50M (Peak 514.50M) | Time:00:01.06 | Mem:0.00M, Peak:0.00M | Scene, ViewLayer | Synchronizing object | Turnbuckle screw thread.023
Fra:1 Mem:514.50M (Peak 514.50M) | Time:00:01.06 | Mem:0.00M, Peak:0.00M | Scene, ViewLayer | Synchronizing object | Turnbuckle screw thread.024
Fra:1 Mem:514.52M (Peak 514.52M) | Time:00:01.06 | Mem:0.00M, Peak:0.00M | Scene, ViewLayer | Synchronizing object | Turnbuckle screw thread.025
Fra:1 Mem:514.52M (Peak 514.52M) | Time:00:01.06 | Mem:0.00M, Peak:0.00M | Scene, ViewLayer | Synchronizing object | Turnbuckle screw thread.026
Fra:1 Mem:514.54M (Peak 514.54M) | Time:00:01.06 | Mem:0.00M, Peak:0.00M | Scene, ViewLayer | Synchronizing object | Turnbuckle screw thread.027
Fra:1 Mem:514.55M (Peak 514.55M) | Time:00:01.06 | Mem:0.00M, Peak:0.00M | Scene, ViewLayer | Synchronizing object | Turnbuckle screw thread.028
Fra:1 Mem:514.56M (Peak 514.56M) | Time:00:01.06 | Mem:0.00M, Peak:0.00M | Scene, ViewLayer | Synchronizing object | Turnbuckle screw thread.029
Fra:1 Mem:514.58M (Peak 514.58M) | Time:00:01.06 | Mem:0.00M, Peak:0.00M | Scene, ViewLayer | Synchronizing object | Turnbuckle screw thread.030
Fra:1 Mem:514.58M (Peak 514.58M) | Time:00:01.06 | Mem:0.00M, Peak:0.00M | Scene, ViewLayer | Synchronizing object | Turnbuckle screw thread.031
Fra:1 Mem:514.60M (Peak 514.60M) | Time:00:01.06 | Mem:0.00M, Peak:0.00M | Scene, ViewLayer | Synchronizing object | Turnbuckle screw thread.032
Fra:1 Mem:514.60M (Peak 514.60M) | Time:00:01.06 | Mem:0.00M, Peak:0.00M | Scene, ViewLayer | Synchronizing object | Turnbuckle screw thread.033
Fra:1 Mem:514.62M (Peak 514.62M) | Time:00:01.06 | Mem:0.00M, Peak:0.00M | Scene, ViewLayer | Synchronizing object | Turnbuckle screw thread.034
Fra:1 Mem:514.63M (Peak 514.63M) | Time:00:01.06 | Mem:0.00M, Peak:0.00M | Scene, ViewLayer | Synchronizing object | Turnbuckle screw thread.035
Fra:1 Mem:514.64M (Peak 514.64M) | Time:00:01.06 | Mem:0.00M, Peak:0.00M | Scene, ViewLayer | Synchronizing object | Turnbuckle screw thread.036
Fra:1 Mem:514.66M (Peak 514.66M) | Time:00:01.06 | Mem:0.00M, Peak:0.00M | Scene, ViewLayer | Synchronizing object | Turnbuckle screw thread.037
Fra:1 Mem:514.67M (Peak 514.67M) | Time:00:01.06 | Mem:0.00M, Peak:0.00M | Scene, ViewLayer | Synchronizing object | Turnbuckle cross handle.001
Fra:1 Mem:514.67M (Peak 514.67M) | Time:00:01.06 | Mem:0.00M, Peak:0.00M | Scene, ViewLayer | Synchronizing object | Turnbuckle handle end stop.002
Fra:1 Mem:514.68M (Peak 514.68M) | Time:00:01.06 | Mem:0.00M, Peak:0.00M | Scene, ViewLayer | Synchronizing object | Turnbuckle handle end stop.003
Fra:1 Mem:514.68M (Peak 514.68M) | Time:00:01.06 | Mem:0.00M, Peak:0.00M | Scene, ViewLayer | Synchronizing object | Screw coupling forged lower bow.001
Fra:1 Mem:514.73M (Peak 514.73M) | Time:00:01.06 | Mem:0.00M, Peak:0.00M | Scene, ViewLayer | Synchronizing object | Brake pipe end feed.002
Fra:1 Mem:514.75M (Peak 514.75M) | Time:00:01.06 | Mem:0.00M, Peak:0.00M | Scene, ViewLayer | Synchronizing object | Brake pipe cock body.002
Fra:1 Mem:514.77M (Peak 514.77M) | Time:00:01.06 | Mem:0.00M, Peak:0.00M | Scene, ViewLayer | Synchronizing object | Brake isolation cock lever.002
Fra:1 Mem:514.77M (Peak 514.77M) | Time:00:01.06 | Mem:0.00M, Peak:0.00M | Scene, ViewLayer | Synchronizing object | Rubber pneumatic end hose.002
Fra:1 Mem:514.79M (Peak 514.79M) | Time:00:01.06 | Mem:0.00M, Peak:0.00M | Scene, ViewLayer | Synchronizing object | Pneumatic hose gladhand.002
Fra:1 Mem:514.79M (Peak 514.79M) | Time:00:01.06 | Mem:0.00M, Peak:0.00M | Scene, ViewLayer | Synchronizing object | Hose moulded collar.004
Fra:1 Mem:514.81M (Peak 514.81M) | Time:00:01.06 | Mem:0.00M, Peak:0.00M | Scene, ViewLayer | Synchronizing object | Hose moulded collar.005
Fra:1 Mem:514.81M (Peak 514.81M) | Time:00:01.06 | Mem:0.00M, Peak:0.00M | Scene, ViewLayer | Synchronizing object | Brake pipe end feed.003
Fra:1 Mem:514.82M (Peak 514.82M) | Time:00:01.06 | Mem:0.00M, Peak:0.00M | Scene, ViewLayer | Synchronizing object | Brake pipe cock body.003
Fra:1 Mem:514.82M (Peak 514.82M) | Time:00:01.06 | Mem:0.00M, Peak:0.00M | Scene, ViewLayer | Synchronizing object | Brake isolation cock lever.003
Fra:1 Mem:514.83M (Peak 514.83M) | Time:00:01.06 | Mem:0.00M, Peak:0.00M | Scene, ViewLayer | Synchronizing object | Rubber pneumatic end hose.003
Fra:1 Mem:514.83M (Peak 514.83M) | Time:00:01.06 | Mem:0.00M, Peak:0.00M | Scene, ViewLayer | Synchronizing object | Pneumatic hose gladhand.003
Fra:1 Mem:514.85M (Peak 514.85M) | Time:00:01.06 | Mem:0.00M, Peak:0.00M | Scene, ViewLayer | Synchronizing object | Hose moulded collar.006
Fra:1 Mem:514.85M (Peak 514.85M) | Time:00:01.06 | Mem:0.00M, Peak:0.00M | Scene, ViewLayer | Synchronizing object | Hose moulded collar.007
Fra:1 Mem:514.86M (Peak 514.86M) | Time:00:01.06 | Mem:0.00M, Peak:0.00M | Scene, ViewLayer | Synchronizing object | Buffer beam corner handhold.002
Fra:1 Mem:514.86M (Peak 514.86M) | Time:00:01.06 | Mem:0.00M, Peak:0.00M | Scene, ViewLayer | Synchronizing object | Saloon end bulkhead
Fra:1 Mem:514.87M (Peak 514.87M) | Time:00:01.06 | Mem:0.00M, Peak:0.00M | Scene, ViewLayer | Synchronizing object | Saloon end bulkhead.001
Fra:1 Mem:514.88M (Peak 514.88M) | Time:00:01.06 | Mem:0.00M, Peak:0.00M | Scene, ViewLayer | Synchronizing object | Saloon doorway header
Fra:1 Mem:514.88M (Peak 514.88M) | Time:00:01.06 | Mem:0.00M, Peak:0.00M | Scene, ViewLayer | Synchronizing object | Saloon sliding door parked panel
Fra:1 Mem:514.88M (Peak 514.88M) | Time:00:01.06 | Mem:0.00M, Peak:0.00M | Scene, ViewLayer | Synchronizing object | Saloon door handle
Fra:1 Mem:514.89M (Peak 514.89M) | Time:00:01.06 | Mem:0.00M, Peak:0.00M | Scene, ViewLayer | Synchronizing object | Lavatory cross partition
Fra:1 Mem:514.89M (Peak 514.89M) | Time:00:01.06 | Mem:0.00M, Peak:0.00M | Scene, ViewLayer | Synchronizing object | Lavatory door jamb
Fra:1 Mem:514.89M (Peak 514.89M) | Time:00:01.06 | Mem:0.00M, Peak:0.00M | Scene, ViewLayer | Synchronizing object | Lavatory door jamb.001
Fra:1 Mem:514.89M (Peak 514.89M) | Time:00:01.06 | Mem:0.00M, Peak:0.00M | Scene, ViewLayer | Synchronizing object | Lavatory door head
Fra:1 Mem:514.89M (Peak 514.89M) | Time:00:01.06 | Mem:0.00M, Peak:0.00M | Scene, ViewLayer | Synchronizing object | Lavatory door leaf
Fra:1 Mem:514.90M (Peak 514.90M) | Time:00:01.06 | Mem:0.00M, Peak:0.00M | Scene, ViewLayer | Synchronizing object | Lavatory hinge knuckle
Fra:1 Mem:514.90M (Peak 514.90M) | Time:00:01.06 | Mem:0.00M, Peak:0.00M | Scene, ViewLayer | Synchronizing object | Lavatory hinge knuckle.001
Fra:1 Mem:514.91M (Peak 514.91M) | Time:00:01.06 | Mem:0.00M, Peak:0.00M | Scene, ViewLayer | Synchronizing object | Lavatory hinge knuckle.002
Fra:1 Mem:514.91M (Peak 514.91M) | Time:00:01.06 | Mem:0.00M, Peak:0.00M | Scene, ViewLayer | Synchronizing object | Lavatory inside pull
Fra:1 Mem:514.91M (Peak 514.91M) | Time:00:01.06 | Mem:0.00M, Peak:0.00M | Scene, ViewLayer | Synchronizing object | Lavatory rotary latch plate
Fra:1 Mem:514.92M (Peak 514.92M) | Time:00:01.06 | Mem:0.00M, Peak:0.00M | Scene, ViewLayer | Synchronizing object | Lavatory occupied indicator
Fra:1 Mem:514.94M (Peak 514.94M) | Time:00:01.06 | Mem:0.00M, Peak:0.00M | Scene, ViewLayer | Synchronizing object | Lavatory style label
Fra:1 Mem:514.94M (Peak 514.94M) | Time:00:01.06 | Mem:0.00M, Peak:0.00M | Scene, ViewLayer | Synchronizing object | Lavatory nonslip tray
Fra:1 Mem:514.95M (Peak 514.95M) | Time:00:01.06 | Mem:0.00M, Peak:0.00M | Scene, ViewLayer | Synchronizing object | Indian stainless squatting pan
Fra:1 Mem:514.95M (Peak 514.95M) | Time:00:01.06 | Mem:0.00M, Peak:0.00M | Scene, ViewLayer | Synchronizing object | Indian stainless squatting pan drain
Fra:1 Mem:514.99M (Peak 514.99M) | Time:00:01.06 | Mem:0.00M, Peak:0.00M | Scene, ViewLayer | Synchronizing object | Indian stainless squatting pan drain slot
Fra:1 Mem:515.00M (Peak 515.00M) | Time:00:01.06 | Mem:0.00M, Peak:0.00M | Scene, ViewLayer | Synchronizing object | Indian stainless squatting pan drain slot.001
Fra:1 Mem:515.00M (Peak 515.00M) | Time:00:01.06 | Mem:0.00M, Peak:0.00M | Scene, ViewLayer | Synchronizing object | Indian stainless squatting pan drain slot.002
Fra:1 Mem:515.01M (Peak 515.01M) | Time:00:01.06 | Mem:0.00M, Peak:0.00M | Scene, ViewLayer | Synchronizing object | Indian pan foot pad
Fra:1 Mem:515.01M (Peak 515.01M) | Time:00:01.06 | Mem:0.00M, Peak:0.00M | Scene, ViewLayer | Synchronizing object | Squat footpad antislip ridge
Fra:1 Mem:515.02M (Peak 515.02M) | Time:00:01.06 | Mem:0.00M, Peak:0.00M | Scene, ViewLayer | Synchronizing object | Squat footpad antislip ridge.001
Fra:1 Mem:515.02M (Peak 515.02M) | Time:00:01.06 | Mem:0.00M, Peak:0.00M | Scene, ViewLayer | Synchronizing object | Squat footpad antislip ridge.002
Fra:1 Mem:515.04M (Peak 515.04M) | Time:00:01.06 | Mem:0.00M, Peak:0.00M | Scene, ViewLayer | Synchronizing object | Squat footpad antislip ridge.003
Fra:1 Mem:515.05M (Peak 515.05M) | Time:00:01.06 | Mem:0.00M, Peak:0.00M | Scene, ViewLayer | Synchronizing object | Squat footpad antislip ridge.004
Fra:1 Mem:515.05M (Peak 515.05M) | Time:00:01.06 | Mem:0.00M, Peak:0.00M | Scene, ViewLayer | Synchronizing object | Squat footpad antislip ridge.005
Fra:1 Mem:515.06M (Peak 515.06M) | Time:00:01.06 | Mem:0.00M, Peak:0.00M | Scene, ViewLayer | Synchronizing object | Squat footpad antislip ridge.006
Fra:1 Mem:515.07M (Peak 515.07M) | Time:00:01.06 | Mem:0.00M, Peak:0.00M | Scene, ViewLayer | Synchronizing object | Indian pan foot pad.001
Fra:1 Mem:515.08M (Peak 515.08M) | Time:00:01.06 | Mem:0.00M, Peak:0.00M | Scene, ViewLayer | Synchronizing object | Squat footpad antislip ridge.007
Fra:1 Mem:515.08M (Peak 515.08M) | Time:00:01.06 | Mem:0.00M, Peak:0.00M | Scene, ViewLayer | Synchronizing object | Squat footpad antislip ridge.008
Fra:1 Mem:515.10M (Peak 515.10M) | Time:00:01.06 | Mem:0.00M, Peak:0.00M | Scene, ViewLayer | Synchronizing object | Squat footpad antislip ridge.009
Fra:1 Mem:515.10M (Peak 515.10M) | Time:00:01.06 | Mem:0.00M, Peak:0.00M | Scene, ViewLayer | Synchronizing object | Squat footpad antislip ridge.010
Fra:1 Mem:515.12M (Peak 515.12M) | Time:00:01.06 | Mem:0.00M, Peak:0.00M | Scene, ViewLayer | Synchronizing object | Squat footpad antislip ridge.011
Fra:1 Mem:515.12M (Peak 515.12M) | Time:00:01.06 | Mem:0.00M, Peak:0.00M | Scene, ViewLayer | Synchronizing object | Squat footpad antislip ridge.013
Fra:1 Mem:515.13M (Peak 515.13M) | Time:00:01.06 | Mem:0.00M, Peak:0.00M | Scene, ViewLayer | Synchronizing object | Lavatory flush valve mount
Fra:1 Mem:515.15M (Peak 515.15M) | Time:00:01.06 | Mem:0.00M, Peak:0.00M | Scene, ViewLayer | Synchronizing object | Lavatory flush pushbutton
Fra:1 Mem:515.15M (Peak 515.15M) | Time:00:01.06 | Mem:0.00M, Peak:0.00M | Scene, ViewLayer | Synchronizing object | Lavatory flush pipe
Fra:1 Mem:515.16M (Peak 515.16M) | Time:00:01.06 | Mem:0.00M, Peak:0.00M | Scene, ViewLayer | Synchronizing object | Lavatory grab handle
Fra:1 Mem:515.17M (Peak 515.17M) | Time:00:01.06 | Mem:0.00M, Peak:0.00M | Scene, ViewLayer | Synchronizing object | Lavatory stainless floor drain
Fra:1 Mem:515.17M (Peak 515.17M) | Time:00:01.06 | Mem:0.00M, Peak:0.00M | Scene, ViewLayer | Synchronizing object | Lavatory drain perforation
Fra:1 Mem:515.19M (Peak 515.19M) | Time:00:01.06 | Mem:0.00M, Peak:0.00M | Scene, ViewLayer | Synchronizing object | Lavatory drain perforation.001
Fra:1 Mem:515.20M (Peak 515.20M) | Time:00:01.06 | Mem:0.00M, Peak:0.00M | Scene, ViewLayer | Synchronizing object | Lavatory drain perforation.002
Fra:1 Mem:515.20M (Peak 515.20M) | Time:00:01.06 | Mem:0.00M, Peak:0.00M | Scene, ViewLayer | Synchronizing object | Lavatory drain perforation.003
Fra:1 Mem:515.20M (Peak 515.20M) | Time:00:01.06 | Mem:0.00M, Peak:0.00M | Scene, ViewLayer | Synchronizing object | Lavatory drain perforation.004
Fra:1 Mem:515.21M (Peak 515.21M) | Time:00:01.06 | Mem:0.00M, Peak:0.00M | Scene, ViewLayer | Synchronizing object | Washbasin undercounter cabinet
Fra:1 Mem:515.22M (Peak 515.22M) | Time:00:01.06 | Mem:0.00M, Peak:0.00M | Scene, ViewLayer | Synchronizing object | Vestibule handwash bowl drain
Fra:1 Mem:515.23M (Peak 515.23M) | Time:00:01.06 | Mem:0.00M, Peak:0.00M | Scene, ViewLayer | Synchronizing object | Vestibule handwash bowl drain slot
Fra:1 Mem:515.24M (Peak 515.24M) | Time:00:01.06 | Mem:0.00M, Peak:0.00M | Scene, ViewLayer | Synchronizing object | Vestibule handwash bowl drain slot.001
Fra:1 Mem:515.26M (Peak 515.26M) | Time:00:01.06 | Mem:0.00M, Peak:0.00M | Scene, ViewLayer | Synchronizing object | Vestibule handwash bowl drain slot.002
Fra:1 Mem:515.26M (Peak 515.26M) | Time:00:01.06 | Mem:0.00M, Peak:0.00M | Scene, ViewLayer | Synchronizing object | Washbasin bent tap
Fra:1 Mem:515.26M (Peak 515.26M) | Time:00:01.06 | Mem:0.00M, Peak:0.00M | Scene, ViewLayer | Synchronizing object | Washbasin mirror
Fra:1 Mem:515.28M (Peak 515.28M) | Time:00:01.06 | Mem:0.00M, Peak:0.00M | Scene, ViewLayer | Synchronizing object | Washbasin mirror horizontal trim
Fra:1 Mem:515.27M (Peak 515.28M) | Time:00:01.06 | Mem:0.00M, Peak:0.00M | Scene, ViewLayer | Synchronizing object | Lavatory cross partition.001
Fra:1 Mem:515.28M (Peak 515.28M) | Time:00:01.06 | Mem:0.00M, Peak:0.00M | Scene, ViewLayer | Synchronizing object | Lavatory door jamb.002
Fra:1 Mem:515.29M (Peak 515.29M) | Time:00:01.06 | Mem:0.00M, Peak:0.00M | Scene, ViewLayer | Synchronizing object | Lavatory door jamb.003
Fra:1 Mem:515.29M (Peak 515.29M) | Time:00:01.06 | Mem:0.00M, Peak:0.00M | Scene, ViewLayer | Synchronizing object | Lavatory door head.001
Fra:1 Mem:515.30M (Peak 515.30M) | Time:00:01.06 | Mem:0.00M, Peak:0.00M | Scene, ViewLayer | Synchronizing object | Lavatory door leaf.001
Fra:1 Mem:515.30M (Peak 515.30M) | Time:00:01.06 | Mem:0.00M, Peak:0.00M | Scene, ViewLayer | Synchronizing object | Lavatory hinge knuckle.003
Fra:1 Mem:515.30M (Peak 515.30M) | Time:00:01.06 | Mem:0.00M, Peak:0.00M | Scene, ViewLayer | Synchronizing object | Lavatory hinge knuckle.004
Fra:1 Mem:515.32M (Peak 515.32M) | Time:00:01.06 | Mem:0.00M, Peak:0.00M | Scene, ViewLayer | Synchronizing object | Lavatory hinge knuckle.005
Fra:1 Mem:515.31M (Peak 515.32M) | Time:00:01.06 | Mem:0.00M, Peak:0.00M | Scene, ViewLayer | Synchronizing object | Lavatory rotary latch plate.001
Fra:1 Mem:515.33M (Peak 515.33M) | Time:00:01.06 | Mem:0.00M, Peak:0.00M | Scene, ViewLayer | Synchronizing object | Lavatory occupied indicator.001
Fra:1 Mem:515.33M (Peak 515.33M) | Time:00:01.06 | Mem:0.00M, Peak:0.00M | Scene, ViewLayer | Synchronizing object | Lavatory style label.001
Fra:1 Mem:515.35M (Peak 515.35M) | Time:00:01.06 | Mem:0.00M, Peak:0.00M | Scene, ViewLayer | Synchronizing object | Lavatory nonslip tray.001
Fra:1 Mem:515.35M (Peak 515.35M) | Time:00:01.06 | Mem:0.00M, Peak:0.00M | Scene, ViewLayer | Synchronizing object | Western toilet ceramic pedestal
Fra:1 Mem:515.41M (Peak 515.41M) | Time:00:01.06 | Mem:0.00M, Peak:0.00M | Scene, ViewLayer | Synchronizing object | Western toilet hollow bowl
Fra:1 Mem:515.42M (Peak 515.42M) | Time:00:01.06 | Mem:0.00M, Peak:0.00M | Scene, ViewLayer | Synchronizing object | Western toilet hollow bowl drain
Fra:1 Mem:515.45M (Peak 515.45M) | Time:00:01.06 | Mem:0.00M, Peak:0.00M | Scene, ViewLayer | Synchronizing object | Western toilet hollow bowl drain slot
Fra:1 Mem:515.45M (Peak 515.45M) | Time:00:01.06 | Mem:0.00M, Peak:0.00M | Scene, ViewLayer | Synchronizing object | Western toilet hollow bowl drain slot.001
Fra:1 Mem:515.45M (Peak 515.45M) | Time:00:01.06 | Mem:0.00M, Peak:0.00M | Scene, ViewLayer | Synchronizing object | Western toilet hollow bowl drain slot.002
Fra:1 Mem:515.45M (Peak 515.45M) | Time:00:01.06 | Mem:0.00M, Peak:0.00M | Scene, ViewLayer | Synchronizing object | Toilet seat hinge
Fra:1 Mem:515.46M (Peak 515.46M) | Time:00:01.06 | Mem:0.00M, Peak:0.00M | Scene, ViewLayer | Synchronizing object | Toilet seat hinge.001
Fra:1 Mem:515.47M (Peak 515.47M) | Time:00:01.06 | Mem:0.00M, Peak:0.00M | Scene, ViewLayer | Synchronizing object | Western toilet open seat ring
Fra:1 Mem:515.50M (Peak 515.50M) | Time:00:01.06 | Mem:0.00M, Peak:0.00M | Scene, ViewLayer | Synchronizing object | Toilet tissue roll
Fra:1 Mem:515.52M (Peak 515.52M) | Time:00:01.06 | Mem:0.00M, Peak:0.00M | Scene, ViewLayer | Synchronizing object | Lavatory flush valve mount.001
Fra:1 Mem:515.52M (Peak 515.52M) | Time:00:01.06 | Mem:0.00M, Peak:0.00M | Scene, ViewLayer | Synchronizing object | Lavatory flush pushbutton.001
Fra:1 Mem:515.54M (Peak 515.54M) | Time:00:01.06 | Mem:0.00M, Peak:0.00M | Scene, ViewLayer | Synchronizing object | Lavatory flush pipe.001
Fra:1 Mem:515.54M (Peak 515.54M) | Time:00:01.06 | Mem:0.00M, Peak:0.00M | Scene, ViewLayer | Synchronizing object | Lavatory grab handle.001
Fra:1 Mem:515.54M (Peak 515.54M) | Time:00:01.06 | Mem:0.00M, Peak:0.00M | Scene, ViewLayer | Synchronizing object | Lavatory wash spray hose.001
Fra:1 Mem:515.55M (Peak 515.55M) | Time:00:01.06 | Mem:0.00M, Peak:0.00M | Scene, ViewLayer | Synchronizing object | Lavatory stainless floor drain.001
Fra:1 Mem:515.55M (Peak 515.55M) | Time:00:01.06 | Mem:0.00M, Peak:0.00M | Scene, ViewLayer | Synchronizing object | Lavatory drain perforation.005
Fra:1 Mem:515.57M (Peak 515.57M) | Time:00:01.06 | Mem:0.00M, Peak:0.00M | Scene, ViewLayer | Synchronizing object | Lavatory drain perforation.006
Fra:1 Mem:515.57M (Peak 515.57M) | Time:00:01.06 | Mem:0.00M, Peak:0.00M | Scene, ViewLayer | Synchronizing object | Lavatory drain perforation.007
Fra:1 Mem:515.58M (Peak 515.58M) | Time:00:01.06 | Mem:0.00M, Peak:0.00M | Scene, ViewLayer | Synchronizing object | Lavatory drain perforation.008
Fra:1 Mem:515.59M (Peak 515.59M) | Time:00:01.06 | Mem:0.00M, Peak:0.00M | Scene, ViewLayer | Synchronizing object | Lavatory drain perforation.009
Fra:1 Mem:515.60M (Peak 515.60M) | Time:00:01.06 | Mem:0.00M, Peak:0.00M | Scene, ViewLayer | Synchronizing object | Washbasin undercounter cabinet.001
Fra:1 Mem:515.61M (Peak 515.61M) | Time:00:01.06 | Mem:0.00M, Peak:0.00M | Scene, ViewLayer | Synchronizing object | Vestibule handwash bowl.001
Fra:1 Mem:515.62M (Peak 515.62M) | Time:00:01.06 | Mem:0.00M, Peak:0.00M | Scene, ViewLayer | Synchronizing object | Vestibule handwash bowl drain slot.003
Fra:1 Mem:515.64M (Peak 515.64M) | Time:00:01.06 | Mem:0.00M, Peak:0.00M | Scene, ViewLayer | Synchronizing object | Vestibule handwash bowl drain slot.004
Fra:1 Mem:515.65M (Peak 515.65M) | Time:00:01.06 | Mem:0.00M, Peak:0.00M | Scene, ViewLayer | Synchronizing object | Vestibule handwash bowl drain slot.005
Fra:1 Mem:515.65M (Peak 515.65M) | Time:00:01.06 | Mem:0.00M, Peak:0.00M | Scene, ViewLayer | Synchronizing object | Washbasin bent tap.001
Fra:1 Mem:515.65M (Peak 515.65M) | Time:00:01.06 | Mem:0.00M, Peak:0.00M | Scene, ViewLayer | Synchronizing object | Washbasin mirror.001
Fra:1 Mem:515.65M (Peak 515.65M) | Time:00:01.06 | Mem:0.00M, Peak:0.00M | Scene, ViewLayer | Synchronizing object | Washbasin mirror horizontal trim.002
Fra:1 Mem:515.67M (Peak 515.67M) | Time:00:01.06 | Mem:0.00M, Peak:0.00M | Scene, ViewLayer | Synchronizing object | Washbasin mirror horizontal trim.003
Fra:1 Mem:515.67M (Peak 515.67M) | Time:00:01.06 | Mem:0.00M, Peak:0.00M | Scene, ViewLayer | Synchronizing object | Vestibule interior grab pole.001
Fra:1 Mem:515.68M (Peak 515.68M) | Time:00:01.06 | Mem:0.00M, Peak:0.00M | Scene, ViewLayer | Synchronizing object | Interior emergency instructions
Fra:1 Mem:515.70M (Peak 515.70M) | Time:00:01.06 | Mem:0.00M, Peak:0.00M | Scene, ViewLayer | Synchronizing object | Electrical distribution cupboard
Fra:1 Mem:515.74M (Peak 515.74M) | Time:00:01.06 | Mem:0.00M, Peak:0.00M | Scene, ViewLayer | Synchronizing object | Distribution cupboard access panel
Fra:1 Mem:515.77M (Peak 515.77M) | Time:00:01.06 | Mem:0.00M, Peak:0.00M | Scene, ViewLayer | Synchronizing object | Distribution panel quarter turn latch
Fra:1 Mem:515.80M (Peak 515.80M) | Time:00:01.06 | Mem:0.00M, Peak:0.00M | Scene, ViewLayer | Synchronizing object | Distribution cupboard access panel.001
Fra:1 Mem:515.79M (Peak 515.80M) | Time:00:01.06 | Mem:0.00M, Peak:0.00M | Scene, ViewLayer | Synchronizing object | Distribution panel quarter turn latch.001
Fra:1 Mem:515.82M (Peak 515.82M) | Time:00:01.06 | Mem:0.00M, Peak:0.00M | Scene, ViewLayer | Synchronizing object | Distribution cupboard access panel.002
Fra:1 Mem:515.82M (Peak 515.82M) | Time:00:01.06 | Mem:0.00M, Peak:0.00M | Scene, ViewLayer | Synchronizing object | Distribution panel quarter turn latch.002
Fra:1 Mem:515.83M (Peak 515.83M) | Time:00:01.06 | Mem:0.00M, Peak:0.00M | Scene, ViewLayer | Synchronizing object | Distribution cupboard access panel.003
Fra:1 Mem:515.84M (Peak 515.84M) | Time:00:01.06 | Mem:0.00M, Peak:0.00M | Scene, ViewLayer | Synchronizing object | Distribution panel quarter turn latch.003
Fra:1 Mem:515.84M (Peak 515.84M) | Time:00:01.06 | Mem:0.00M, Peak:0.00M | Scene, ViewLayer | Synchronizing object | Saloon end bulkhead.002
Fra:1 Mem:515.87M (Peak 515.87M) | Time:00:01.06 | Mem:0.00M, Peak:0.00M | Scene, ViewLayer | Synchronizing object | Saloon end bulkhead.003
Fra:1 Mem:515.88M (Peak 515.88M) | Time:00:01.06 | Mem:0.00M, Peak:0.00M | Scene, ViewLayer | Synchronizing object | Saloon doorway header.001
Fra:1 Mem:515.87M (Peak 515.88M) | Time:00:01.06 | Mem:0.00M, Peak:0.00M | Scene, ViewLayer | Synchronizing object | Saloon door handle.001
Fra:1 Mem:515.87M (Peak 515.88M) | Time:00:01.06 | Mem:0.00M, Peak:0.00M | Scene, ViewLayer | Synchronizing object | Lavatory cross partition.002
Fra:1 Mem:515.88M (Peak 515.88M) | Time:00:01.06 | Mem:0.00M, Peak:0.00M | Scene, ViewLayer | Synchronizing object | Lavatory door jamb.004
Fra:1 Mem:515.88M (Peak 515.88M) | Time:00:01.06 | Mem:0.00M, Peak:0.00M | Scene, ViewLayer | Synchronizing object | Lavatory door jamb.005
Fra:1 Mem:515.88M (Peak 515.88M) | Time:00:01.06 | Mem:0.00M, Peak:0.00M | Scene, ViewLayer | Synchronizing object | Lavatory door head.002
Fra:1 Mem:515.88M (Peak 515.88M) | Time:00:01.06 | Mem:0.00M, Peak:0.00M | Scene, ViewLayer | Synchronizing object | Lavatory door leaf.002
Fra:1 Mem:515.89M (Peak 515.89M) | Time:00:01.06 | Mem:0.00M, Peak:0.00M | Scene, ViewLayer | Synchronizing object | Lavatory hinge knuckle.006
Fra:1 Mem:515.90M (Peak 515.90M) | Time:00:01.06 | Mem:0.00M, Peak:0.00M | Scene, ViewLayer | Synchronizing object | Lavatory hinge knuckle.008
Fra:1 Mem:515.90M (Peak 515.90M) | Time:00:01.06 | Mem:0.00M, Peak:0.00M | Scene, ViewLayer | Synchronizing object | Lavatory inside pull.002
Fra:1 Mem:515.91M (Peak 515.91M) | Time:00:01.06 | Mem:0.00M, Peak:0.00M | Scene, ViewLayer | Synchronizing object | Lavatory rotary latch plate.002
Fra:1 Mem:515.91M (Peak 515.91M) | Time:00:01.06 | Mem:0.00M, Peak:0.00M | Scene, ViewLayer | Synchronizing object | Lavatory style label.002
Fra:1 Mem:515.95M (Peak 515.95M) | Time:00:01.06 | Mem:0.00M, Peak:0.00M | Scene, ViewLayer | Synchronizing object | Lavatory nonslip tray.002
Fra:1 Mem:515.96M (Peak 515.96M) | Time:00:01.06 | Mem:0.00M, Peak:0.00M | Scene, ViewLayer | Synchronizing object | Indian stainless squatting pan.001
Fra:1 Mem:515.97M (Peak 515.97M) | Time:00:01.06 | Mem:0.00M, Peak:0.00M | Scene, ViewLayer | Synchronizing object | Indian stainless squatting pan drain.001
Fra:1 Mem:515.99M (Peak 515.99M) | Time:00:01.06 | Mem:0.00M, Peak:0.00M | Scene, ViewLayer | Synchronizing object | Indian stainless squatting pan drain slot.003
Fra:1 Mem:516.00M (Peak 516.00M) | Time:00:01.06 | Mem:0.00M, Peak:0.00M | Scene, ViewLayer | Synchronizing object | Indian stainless squatting pan drain slot.004
Fra:1 Mem:516.00M (Peak 516.00M) | Time:00:01.06 | Mem:0.00M, Peak:0.00M | Scene, ViewLayer | Synchronizing object | Indian pan foot pad.002
Fra:1 Mem:516.00M (Peak 516.00M) | Time:00:01.06 | Mem:0.00M, Peak:0.00M | Scene, ViewLayer | Synchronizing object | Squat footpad antislip ridge.014
Fra:1 Mem:516.01M (Peak 516.01M) | Time:00:01.06 | Mem:0.00M, Peak:0.00M | Scene, ViewLayer | Synchronizing object | Squat footpad antislip ridge.015
Fra:1 Mem:516.02M (Peak 516.02M) | Time:00:01.06 | Mem:0.00M, Peak:0.00M | Scene, ViewLayer | Synchronizing object | Squat footpad antislip ridge.016
Fra:1 Mem:516.04M (Peak 516.04M) | Time:00:01.06 | Mem:0.00M, Peak:0.00M | Scene, ViewLayer | Synchronizing object | Squat footpad antislip ridge.017
Fra:1 Mem:516.04M (Peak 516.04M) | Time:00:01.06 | Mem:0.00M, Peak:0.00M | Scene, ViewLayer | Synchronizing object | Squat footpad antislip ridge.018
Fra:1 Mem:516.04M (Peak 516.04M) | Time:00:01.06 | Mem:0.00M, Peak:0.00M | Scene, ViewLayer | Synchronizing object | Squat footpad antislip ridge.019
Fra:1 Mem:516.05M (Peak 516.05M) | Time:00:01.06 | Mem:0.00M, Peak:0.00M | Scene, ViewLayer | Synchronizing object | Squat footpad antislip ridge.020
Fra:1 Mem:516.07M (Peak 516.07M) | Time:00:01.06 | Mem:0.00M, Peak:0.00M | Scene, ViewLayer | Synchronizing object | Indian pan foot pad.003
Fra:1 Mem:516.07M (Peak 516.07M) | Time:00:01.06 | Mem:0.00M, Peak:0.00M | Scene, ViewLayer | Synchronizing object | Squat footpad antislip ridge.021
Fra:1 Mem:516.08M (Peak 516.08M) | Time:00:01.06 | Mem:0.00M, Peak:0.00M | Scene, ViewLayer | Synchronizing object | Squat footpad antislip ridge.022
Fra:1 Mem:516.09M (Peak 516.09M) | Time:00:01.06 | Mem:0.00M, Peak:0.00M | Scene, ViewLayer | Synchronizing object | Squat footpad antislip ridge.023
Fra:1 Mem:516.09M (Peak 516.09M) | Time:00:01.06 | Mem:0.00M, Peak:0.00M | Scene, ViewLayer | Synchronizing object | Squat footpad antislip ridge.024
Fra:1 Mem:516.11M (Peak 516.11M) | Time:00:01.06 | Mem:0.00M, Peak:0.00M | Scene, ViewLayer | Synchronizing object | Squat footpad antislip ridge.025
Fra:1 Mem:516.11M (Peak 516.11M) | Time:00:01.06 | Mem:0.00M, Peak:0.00M | Scene, ViewLayer | Synchronizing object | Squat footpad antislip ridge.027
Fra:1 Mem:516.14M (Peak 516.14M) | Time:00:01.06 | Mem:0.00M, Peak:0.00M | Scene, ViewLayer | Synchronizing object | Lavatory flush valve mount.002
Fra:1 Mem:516.14M (Peak 516.14M) | Time:00:01.06 | Mem:0.00M, Peak:0.00M | Scene, ViewLayer | Synchronizing object | Lavatory flush pushbutton.002
Fra:1 Mem:516.16M (Peak 516.16M) | Time:00:01.06 | Mem:0.00M, Peak:0.00M | Scene, ViewLayer | Synchronizing object | Lavatory flush pipe.002
Fra:1 Mem:516.15M (Peak 516.16M) | Time:00:01.06 | Mem:0.00M, Peak:0.00M | Scene, ViewLayer | Synchronizing object | Lavatory grab handle.002
Fra:1 Mem:516.16M (Peak 516.16M) | Time:00:01.06 | Mem:0.00M, Peak:0.00M | Scene, ViewLayer | Synchronizing object | Lavatory wash spray hose.002
Fra:1 Mem:516.16M (Peak 516.16M) | Time:00:01.06 | Mem:0.00M, Peak:0.00M | Scene, ViewLayer | Synchronizing object | Lavatory stainless floor drain.002
Fra:1 Mem:516.17M (Peak 516.17M) | Time:00:01.06 | Mem:0.00M, Peak:0.00M | Scene, ViewLayer | Synchronizing object | Lavatory drain perforation.010
Fra:1 Mem:516.18M (Peak 516.18M) | Time:00:01.06 | Mem:0.00M, Peak:0.00M | Scene, ViewLayer | Synchronizing object | Lavatory drain perforation.011
Fra:1 Mem:516.18M (Peak 516.18M) | Time:00:01.06 | Mem:0.00M, Peak:0.00M | Scene, ViewLayer | Synchronizing object | Lavatory drain perforation.012
Fra:1 Mem:516.20M (Peak 516.20M) | Time:00:01.06 | Mem:0.00M, Peak:0.00M | Scene, ViewLayer | Synchronizing object | Lavatory drain perforation.013
Fra:1 Mem:516.20M (Peak 516.20M) | Time:00:01.06 | Mem:0.00M, Peak:0.00M | Scene, ViewLayer | Synchronizing object | Lavatory drain perforation.014
Fra:1 Mem:516.20M (Peak 516.20M) | Time:00:01.06 | Mem:0.00M, Peak:0.00M | Scene, ViewLayer | Synchronizing object | Washbasin undercounter cabinet.002
Fra:1 Mem:516.22M (Peak 516.22M) | Time:00:01.06 | Mem:0.00M, Peak:0.00M | Scene, ViewLayer | Synchronizing object | Vestibule handwash bowl.002
Fra:1 Mem:516.22M (Peak 516.22M) | Time:00:01.06 | Mem:0.00M, Peak:0.00M | Scene, ViewLayer | Synchronizing object | Vestibule handwash bowl drain slot.006
Fra:1 Mem:516.24M (Peak 516.24M) | Time:00:01.06 | Mem:0.00M, Peak:0.00M | Scene, ViewLayer | Synchronizing object | Vestibule handwash bowl drain slot.007
Fra:1 Mem:516.25M (Peak 516.25M) | Time:00:01.06 | Mem:0.00M, Peak:0.00M | Scene, ViewLayer | Synchronizing object | Vestibule handwash bowl drain slot.008
Fra:1 Mem:516.26M (Peak 516.26M) | Time:00:01.06 | Mem:0.00M, Peak:0.00M | Scene, ViewLayer | Synchronizing object | Washbasin bent tap.002
Fra:1 Mem:516.26M (Peak 516.26M) | Time:00:01.06 | Mem:0.00M, Peak:0.00M | Scene, ViewLayer | Synchronizing object | Washbasin mirror.002
Fra:1 Mem:516.26M (Peak 516.26M) | Time:00:01.06 | Mem:0.00M, Peak:0.00M | Scene, ViewLayer | Synchronizing object | Washbasin mirror horizontal trim.004
Fra:1 Mem:516.27M (Peak 516.27M) | Time:00:01.06 | Mem:0.00M, Peak:0.00M | Scene, ViewLayer | Synchronizing object | Washbasin mirror horizontal trim.005
Fra:1 Mem:516.27M (Peak 516.27M) | Time:00:01.06 | Mem:0.00M, Peak:0.00M | Scene, ViewLayer | Synchronizing object | Lavatory cross partition.003
Fra:1 Mem:516.28M (Peak 516.28M) | Time:00:01.06 | Mem:0.00M, Peak:0.00M | Scene, ViewLayer | Synchronizing object | Lavatory door jamb.006
Fra:1 Mem:516.29M (Peak 516.29M) | Time:00:01.06 | Mem:0.00M, Peak:0.00M | Scene, ViewLayer | Synchronizing object | Lavatory door jamb.007
Fra:1 Mem:516.29M (Peak 516.29M) | Time:00:01.06 | Mem:0.00M, Peak:0.00M | Scene, ViewLayer | Synchronizing object | Lavatory door head.003
Fra:1 Mem:516.29M (Peak 516.29M) | Time:00:01.06 | Mem:0.00M, Peak:0.00M | Scene, ViewLayer | Synchronizing object | Lavatory door leaf.003
Fra:1 Mem:516.29M (Peak 516.29M) | Time:00:01.06 | Mem:0.00M, Peak:0.00M | Scene, ViewLayer | Synchronizing object | Lavatory hinge knuckle.009
Fra:1 Mem:516.30M (Peak 516.30M) | Time:00:01.06 | Mem:0.00M, Peak:0.00M | Scene, ViewLayer | Synchronizing object | Lavatory hinge knuckle.010
Fra:1 Mem:516.31M (Peak 516.31M) | Time:00:01.06 | Mem:0.00M, Peak:0.00M | Scene, ViewLayer | Synchronizing object | Lavatory inside pull.003
Fra:1 Mem:516.31M (Peak 516.31M) | Time:00:01.06 | Mem:0.00M, Peak:0.00M | Scene, ViewLayer | Synchronizing object | Lavatory rotary latch plate.003
Fra:1 Mem:516.32M (Peak 516.32M) | Time:00:01.06 | Mem:0.00M, Peak:0.00M | Scene, ViewLayer | Synchronizing object | Lavatory occupied indicator.003
Fra:1 Mem:516.32M (Peak 516.32M) | Time:00:01.06 | Mem:0.00M, Peak:0.00M | Scene, ViewLayer | Synchronizing object | Lavatory nonslip tray.003
Fra:1 Mem:516.35M (Peak 516.35M) | Time:00:01.06 | Mem:0.00M, Peak:0.00M | Scene, ViewLayer | Synchronizing object | Western toilet ceramic pedestal.001
Fra:1 Mem:516.36M (Peak 516.36M) | Time:00:01.06 | Mem:0.00M, Peak:0.00M | Scene, ViewLayer | Synchronizing object | Western toilet hollow bowl.001
Fra:1 Mem:516.40M (Peak 516.40M) | Time:00:01.06 | Mem:0.00M, Peak:0.00M | Scene, ViewLayer | Synchronizing object | Western toilet hollow bowl drain.001
Fra:1 Mem:516.42M (Peak 516.42M) | Time:00:01.06 | Mem:0.00M, Peak:0.00M | Scene, ViewLayer | Synchronizing object | Western toilet hollow bowl drain slot.003
Fra:1 Mem:516.41M (Peak 516.42M) | Time:00:01.06 | Mem:0.00M, Peak:0.00M | Scene, ViewLayer | Synchronizing object | Western toilet hollow bowl drain slot.004
Fra:1 Mem:516.42M (Peak 516.42M) | Time:00:01.06 | Mem:0.00M, Peak:0.00M | Scene, ViewLayer | Synchronizing object | Western toilet hollow bowl drain slot.005
Fra:1 Mem:516.42M (Peak 516.42M) | Time:00:01.06 | Mem:0.00M, Peak:0.00M | Scene, ViewLayer | Synchronizing object | Toilet seat hinge.002
Fra:1 Mem:516.42M (Peak 516.42M) | Time:00:01.06 | Mem:0.00M, Peak:0.00M | Scene, ViewLayer | Synchronizing object | Toilet seat hinge.003
Fra:1 Mem:516.43M (Peak 516.43M) | Time:00:01.06 | Mem:0.00M, Peak:0.00M | Scene, ViewLayer | Synchronizing object | Western toilet open seat ring.001
Fra:1 Mem:516.46M (Peak 516.46M) | Time:00:01.06 | Mem:0.00M, Peak:0.00M | Scene, ViewLayer | Synchronizing object | Toilet tissue roll.001
Fra:1 Mem:516.48M (Peak 516.48M) | Time:00:01.06 | Mem:0.00M, Peak:0.00M | Scene, ViewLayer | Synchronizing object | Lavatory flush valve mount.003
Fra:1 Mem:516.50M (Peak 516.50M) | Time:00:01.06 | Mem:0.00M, Peak:0.00M | Scene, ViewLayer | Synchronizing object | Lavatory flush pushbutton.003
Fra:1 Mem:516.52M (Peak 516.52M) | Time:00:01.06 | Mem:0.00M, Peak:0.00M | Scene, ViewLayer | Synchronizing object | Lavatory flush pipe.003
Fra:1 Mem:516.53M (Peak 516.53M) | Time:00:01.06 | Mem:0.00M, Peak:0.00M | Scene, ViewLayer | Synchronizing object | Lavatory grab handle.003
Fra:1 Mem:516.54M (Peak 516.54M) | Time:00:01.06 | Mem:0.00M, Peak:0.00M | Scene, ViewLayer | Synchronizing object | Lavatory wash spray hose.003
Fra:1 Mem:516.54M (Peak 516.54M) | Time:00:01.06 | Mem:0.00M, Peak:0.00M | Scene, ViewLayer | Synchronizing object | Lavatory stainless floor drain.003
Fra:1 Mem:516.55M (Peak 516.55M) | Time:00:01.06 | Mem:0.00M, Peak:0.00M | Scene, ViewLayer | Synchronizing object | Lavatory drain perforation.015
Fra:1 Mem:516.56M (Peak 516.56M) | Time:00:01.06 | Mem:0.00M, Peak:0.00M | Scene, ViewLayer | Synchronizing object | Lavatory drain perforation.016
Fra:1 Mem:516.57M (Peak 516.57M) | Time:00:01.06 | Mem:0.00M, Peak:0.00M | Scene, ViewLayer | Synchronizing object | Lavatory drain perforation.017
Fra:1 Mem:516.57M (Peak 516.57M) | Time:00:01.06 | Mem:0.00M, Peak:0.00M | Scene, ViewLayer | Synchronizing object | Lavatory drain perforation.018
Fra:1 Mem:516.58M (Peak 516.58M) | Time:00:01.06 | Mem:0.00M, Peak:0.00M | Scene, ViewLayer | Synchronizing object | Lavatory drain perforation.019
Fra:1 Mem:516.59M (Peak 516.59M) | Time:00:01.06 | Mem:0.00M, Peak:0.00M | Scene, ViewLayer | Synchronizing object | Washbasin undercounter cabinet.003
Fra:1 Mem:516.59M (Peak 516.59M) | Time:00:01.06 | Mem:0.00M, Peak:0.00M | Scene, ViewLayer | Synchronizing object | Vestibule handwash bowl.003
Fra:1 Mem:516.63M (Peak 516.63M) | Time:00:01.06 | Mem:0.00M, Peak:0.00M | Scene, ViewLayer | Synchronizing object | Vestibule handwash bowl drain.003
Fra:1 Mem:516.63M (Peak 516.63M) | Time:00:01.06 | Mem:0.00M, Peak:0.00M | Scene, ViewLayer | Synchronizing object | Vestibule handwash bowl drain slot.009
Fra:1 Mem:516.64M (Peak 516.64M) | Time:00:01.06 | Mem:0.00M, Peak:0.00M | Scene, ViewLayer | Synchronizing object | Vestibule handwash bowl drain slot.010
Fra:1 Mem:516.64M (Peak 516.64M) | Time:00:01.06 | Mem:0.00M, Peak:0.00M | Scene, ViewLayer | Synchronizing object | Vestibule handwash bowl drain slot.011
Fra:1 Mem:516.64M (Peak 516.64M) | Time:00:01.06 | Mem:0.00M, Peak:0.00M | Scene, ViewLayer | Synchronizing object | Washbasin mirror.003
Fra:1 Mem:516.64M (Peak 516.64M) | Time:00:01.06 | Mem:0.00M, Peak:0.00M | Scene, ViewLayer | Synchronizing object | Washbasin mirror horizontal trim.006
Fra:1 Mem:516.66M (Peak 516.66M) | Time:00:01.06 | Mem:0.00M, Peak:0.00M | Scene, ViewLayer | Synchronizing object | Washbasin mirror horizontal trim.007
Fra:1 Mem:516.67M (Peak 516.67M) | Time:00:01.06 | Mem:0.00M, Peak:0.00M | Scene, ViewLayer | Synchronizing object | Vestibule interior grab pole.002
Fra:1 Mem:516.67M (Peak 516.67M) | Time:00:01.06 | Mem:0.00M, Peak:0.00M | Scene, ViewLayer | Synchronizing object | Vestibule interior grab pole.003
Fra:1 Mem:516.68M (Peak 516.68M) | Time:00:01.06 | Mem:0.00M, Peak:0.00M | Scene, ViewLayer | Synchronizing object | Interior emergency instructions.001
Fra:1 Mem:516.68M (Peak 516.68M) | Time:00:01.06 | Mem:0.00M, Peak:0.00M | Scene, ViewLayer | Synchronizing object | Electrical distribution cupboard.001
Fra:1 Mem:516.70M (Peak 516.70M) | Time:00:01.06 | Mem:0.00M, Peak:0.00M | Scene, ViewLayer | Synchronizing object | Distribution cupboard access panel.004
Fra:1 Mem:516.75M (Peak 516.75M) | Time:00:01.06 | Mem:0.00M, Peak:0.00M | Scene, ViewLayer | Synchronizing object | Distribution panel quarter turn latch.004
Fra:1 Mem:516.77M (Peak 516.77M) | Time:00:01.06 | Mem:0.00M, Peak:0.00M | Scene, ViewLayer | Synchronizing object | Distribution cupboard access panel.005
Fra:1 Mem:516.79M (Peak 516.79M) | Time:00:01.06 | Mem:0.00M, Peak:0.00M | Scene, ViewLayer | Synchronizing object | Distribution panel quarter turn latch.005
Fra:1 Mem:516.81M (Peak 516.81M) | Time:00:01.06 | Mem:0.00M, Peak:0.00M | Scene, ViewLayer | Synchronizing object | Distribution cupboard access panel.006
Fra:1 Mem:516.81M (Peak 516.81M) | Time:00:01.06 | Mem:0.00M, Peak:0.00M | Scene, ViewLayer | Synchronizing object | Distribution panel quarter turn latch.006
Fra:1 Mem:516.83M (Peak 516.83M) | Time:00:01.06 | Mem:0.00M, Peak:0.00M | Scene, ViewLayer | Synchronizing object | Distribution cupboard access panel.007
Fra:1 Mem:516.83M (Peak 516.83M) | Time:00:01.06 | Mem:0.00M, Peak:0.00M | Scene, ViewLayer | Synchronizing object | Distribution panel quarter turn latch.007
Fra:1 Mem:516.84M (Peak 516.84M) | Time:00:01.06 | Mem:0.00M, Peak:0.00M | Scene, ViewLayer | Synchronizing object | Bay_01_lower_cushion
Fra:1 Mem:516.89M (Peak 516.89M) | Time:00:01.06 | Mem:0.00M, Peak:0.00M | Scene, ViewLayer | Synchronizing object | Bay_01_lower_cushion_stitched_edge_welt
Fra:1 Mem:516.90M (Peak 516.90M) | Time:00:01.06 | Mem:0.00M, Peak:0.00M | Scene, ViewLayer | Synchronizing object | Bay_01_lower_cushion_subtle_cover_stitch
Fra:1 Mem:516.93M (Peak 516.93M) | Time:00:01.06 | Mem:0.00M, Peak:0.00M | Scene, ViewLayer | Synchronizing object | Bay_01_lower_cushion_subtle_cover_stitch.001
Fra:1 Mem:516.94M (Peak 516.94M) | Time:00:01.06 | Mem:0.00M, Peak:0.00M | Scene, ViewLayer | Synchronizing object | Bay_01_upper_cushion
Fra:1 Mem:516.95M (Peak 516.95M) | Time:00:01.06 | Mem:0.00M, Peak:0.00M | Scene, ViewLayer | Synchronizing object | Bay_01_upper_cushion_stitched_edge_welt
Fra:1 Mem:516.99M (Peak 516.99M) | Time:00:01.06 | Mem:0.00M, Peak:0.00M | Scene, ViewLayer | Synchronizing object | Bay_01_upper_cushion_subtle_cover_stitch
Fra:1 Mem:517.02M (Peak 517.02M) | Time:00:01.06 | Mem:0.00M, Peak:0.00M | Scene, ViewLayer | Synchronizing object | Bay_01_upper_cushion_subtle_cover_stitch.001
Fra:1 Mem:517.02M (Peak 517.02M) | Time:00:01.06 | Mem:0.00M, Peak:0.00M | Scene, ViewLayer | Synchronizing object | Bay_01_lower_pan
Fra:1 Mem:517.04M (Peak 517.04M) | Time:00:01.06 | Mem:0.00M, Peak:0.00M | Scene, ViewLayer | Synchronizing object | Bay_01_lower_leg
Fra:1 Mem:517.05M (Peak 517.05M) | Time:00:01.06 | Mem:0.00M, Peak:0.00M | Scene, ViewLayer | Synchronizing object | Bay_01_lower_leg.001
Fra:1 Mem:517.06M (Peak 517.06M) | Time:00:01.06 | Mem:0.00M, Peak:0.00M | Scene, ViewLayer | Synchronizing object | Bay_01_folded_middle_backrest
Fra:1 Mem:517.05M (Peak 517.06M) | Time:00:01.06 | Mem:0.00M, Peak:0.00M | Scene, ViewLayer | Synchronizing object | Bay_01_upper_hanger_ceiling_plate
Fra:1 Mem:517.06M (Peak 517.06M) | Time:00:01.06 | Mem:0.00M, Peak:0.00M | Scene, ViewLayer | Synchronizing object | Bay_01_upper_support.001
Fra:1 Mem:517.07M (Peak 517.07M) | Time:00:01.06 | Mem:0.00M, Peak:0.00M | Scene, ViewLayer | Synchronizing object | Bay_01_upper_hanger_ceiling_plate.001
Fra:1 Mem:517.07M (Peak 517.07M) | Time:00:01.06 | Mem:0.00M, Peak:0.00M | Scene, ViewLayer | Synchronizing object | Bay_01_luggage_rack_rail
Fra:1 Mem:518.08M (Peak 519.08M) | Time:00:01.06 | Mem:0.00M, Peak:0.00M | Scene, ViewLayer | Synchronizing object | Bay_01_luggage_rack_rail.001
Fra:1 Mem:519.08M (Peak 519.08M) | Time:00:01.06 | Mem:0.00M, Peak:0.00M | Scene, ViewLayer | Synchronizing object | Bay_01_underseat_rack
Fra:1 Mem:519.09M (Peak 519.09M) | Time:00:01.06 | Mem:0.00M, Peak:0.00M | Scene, ViewLayer | Synchronizing object | Bay_01_underseat_rack.001
Fra:1 Mem:519.09M (Peak 519.09M) | Time:00:01.06 | Mem:0.00M, Peak:0.00M | Scene, ViewLayer | Synchronizing object | Bay_01_underseat_rack.002
Fra:1 Mem:519.09M (Peak 519.09M) | Time:00:01.06 | Mem:0.00M, Peak:0.00M | Scene, ViewLayer | Synchronizing object | Bay_01_underseat_rack.003
Fra:1 Mem:519.09M (Peak 519.09M) | Time:00:01.06 | Mem:0.00M, Peak:0.00M | Scene, ViewLayer | Synchronizing object | Bay_01_underseat_rack.004
Fra:1 Mem:519.10M (Peak 519.10M) | Time:00:01.06 | Mem:0.00M, Peak:0.00M | Scene, ViewLayer | Synchronizing object | Bay_01_ladder
Fra:1 Mem:519.10M (Peak 519.10M) | Time:00:01.06 | Mem:0.00M, Peak:0.00M | Scene, ViewLayer | Synchronizing object | Bay_01_ladder.001
Fra:1 Mem:519.11M (Peak 519.11M) | Time:00:01.06 | Mem:0.00M, Peak:0.00M | Scene, ViewLayer | Synchronizing object | Bay_01_ladder_step
Fra:1 Mem:519.11M (Peak 519.11M) | Time:00:01.06 | Mem:0.00M, Peak:0.00M | Scene, ViewLayer | Synchronizing object | Bay_01_ladder_step.001
Fra:1 Mem:519.11M (Peak 519.11M) | Time:00:01.06 | Mem:0.00M, Peak:0.00M | Scene, ViewLayer | Synchronizing object | Bay_01_ladder_step.002
Fra:1 Mem:519.12M (Peak 519.12M) | Time:00:01.06 | Mem:0.00M, Peak:0.00M | Scene, ViewLayer | Synchronizing object | Bay_01_ladder_step.003
Fra:1 Mem:519.12M (Peak 519.12M) | Time:00:01.06 | Mem:0.00M, Peak:0.00M | Scene, ViewLayer | Synchronizing object | Bay_01_ladder_step.004
Fra:1 Mem:519.13M (Peak 519.13M) | Time:00:01.06 | Mem:0.00M, Peak:0.00M | Scene, ViewLayer | Synchronizing object | Bay_01_individual_reading_lamp
Fra:1 Mem:519.13M (Peak 519.13M) | Time:00:01.06 | Mem:0.00M, Peak:0.00M | Scene, ViewLayer | Synchronizing object | Bay_01_lower_cushion.001
Fra:1 Mem:519.16M (Peak 519.16M) | Time:00:01.06 | Mem:0.00M, Peak:0.00M | Scene, ViewLayer | Synchronizing object | Bay_01_lower_cushion_stitched_edge_welt.001
Fra:1 Mem:519.23M (Peak 519.23M) | Time:00:01.06 | Mem:0.00M, Peak:0.00M | Scene, ViewLayer | Synchronizing object | Bay_01_lower_cushion_subtle_cover_stitch.002
Fra:1 Mem:519.24M (Peak 519.24M) | Time:00:01.06 | Mem:0.00M, Peak:0.00M | Scene, ViewLayer | Synchronizing object | Bay_01_lower_cushion_subtle_cover_stitch.003
Fra:1 Mem:519.27M (Peak 519.27M) | Time:00:01.06 | Mem:0.00M, Peak:0.00M | Scene, ViewLayer | Synchronizing object | Bay_01_upper_cushion.001
Fra:1 Mem:519.28M (Peak 519.28M) | Time:00:01.06 | Mem:0.00M, Peak:0.00M | Scene, ViewLayer | Synchronizing object | Bay_01_upper_cushion_stitched_edge_welt.001
Fra:1 Mem:519.34M (Peak 519.34M) | Time:00:01.06 | Mem:0.00M, Peak:0.00M | Scene, ViewLayer | Synchronizing object | Bay_01_upper_cushion_subtle_cover_stitch.002
Fra:1 Mem:519.38M (Peak 519.38M) | Time:00:01.06 | Mem:0.00M, Peak:0.00M | Scene, ViewLayer | Synchronizing object | Bay_01_upper_cushion_subtle_cover_stitch.003
Fra:1 Mem:519.39M (Peak 519.39M) | Time:00:01.06 | Mem:0.00M, Peak:0.00M | Scene, ViewLayer | Synchronizing object | Bay_01_lower_pan.001
Fra:1 Mem:519.40M (Peak 519.40M) | Time:00:01.06 | Mem:0.00M, Peak:0.00M | Scene, ViewLayer | Synchronizing object | Bay_01_lower_leg.002
Fra:1 Mem:519.41M (Peak 519.41M) | Time:00:01.06 | Mem:0.00M, Peak:0.00M | Scene, ViewLayer | Synchronizing object | Bay_01_lower_leg.003
Fra:1 Mem:519.41M (Peak 519.41M) | Time:00:01.06 | Mem:0.00M, Peak:0.00M | Scene, ViewLayer | Synchronizing object | Bay_01_folded_middle_backrest.001
Fra:1 Mem:519.41M (Peak 519.41M) | Time:00:01.06 | Mem:0.00M, Peak:0.00M | Scene, ViewLayer | Synchronizing object | Bay_01_upper_support.002
Fra:1 Mem:519.41M (Peak 519.41M) | Time:00:01.06 | Mem:0.00M, Peak:0.00M | Scene, ViewLayer | Synchronizing object | Bay_01_upper_hanger_ceiling_plate.002
Fra:1 Mem:519.46M (Peak 519.46M) | Time:00:01.06 | Mem:0.00M, Peak:0.00M | Scene, ViewLayer | Synchronizing object | Bay_01_upper_support.003
Fra:1 Mem:519.44M (Peak 519.46M) | Time:00:01.06 | Mem:0.00M, Peak:0.00M | Scene, ViewLayer | Synchronizing object | Bay_01_upper_hanger_ceiling_plate.003
Fra:1 Mem:519.45M (Peak 519.46M) | Time:00:01.06 | Mem:0.00M, Peak:0.00M | Scene, ViewLayer | Synchronizing object | Bay_01_luggage_rack_rail.002
Fra:1 Mem:519.44M (Peak 519.46M) | Time:00:01.06 | Mem:0.00M, Peak:0.00M | Scene, ViewLayer | Synchronizing object | Bay_01_luggage_rack_rail.003
Fra:1 Mem:519.45M (Peak 519.46M) | Time:00:01.06 | Mem:0.00M, Peak:0.00M | Scene, ViewLayer | Synchronizing object | Bay_01_underseat_rack.005
Fra:1 Mem:519.48M (Peak 519.48M) | Time:00:01.06 | Mem:0.00M, Peak:0.00M | Scene, ViewLayer | Synchronizing object | Bay_01_underseat_rack.006
Fra:1 Mem:519.49M (Peak 519.49M) | Time:00:01.06 | Mem:0.00M, Peak:0.00M | Scene, ViewLayer | Synchronizing object | Bay_01_underseat_rack.007
Fra:1 Mem:519.49M (Peak 519.49M) | Time:00:01.06 | Mem:0.00M, Peak:0.00M | Scene, ViewLayer | Synchronizing object | Bay_01_underseat_rack.008
Fra:1 Mem:519.49M (Peak 519.49M) | Time:00:01.06 | Mem:0.00M, Peak:0.00M | Scene, ViewLayer | Synchronizing object | Bay_01_underseat_rack.009
Fra:1 Mem:519.48M (Peak 519.49M) | Time:00:01.06 | Mem:0.00M, Peak:0.00M | Scene, ViewLayer | Synchronizing object | Bay_01_ladder.002
Fra:1 Mem:519.49M (Peak 519.49M) | Time:00:01.06 | Mem:0.00M, Peak:0.00M | Scene, ViewLayer | Synchronizing object | Bay_01_ladder.003
Fra:1 Mem:519.45M (Peak 519.49M) | Time:00:01.06 | Mem:0.00M, Peak:0.00M | Scene, ViewLayer | Synchronizing object | Bay_01_ladder_step.005
Fra:1 Mem:519.46M (Peak 519.49M) | Time:00:01.06 | Mem:0.00M, Peak:0.00M | Scene, ViewLayer | Synchronizing object | Bay_01_ladder_step.006
Fra:1 Mem:519.46M (Peak 519.49M) | Time:00:01.06 | Mem:0.00M, Peak:0.00M | Scene, ViewLayer | Synchronizing object | Bay_01_ladder_step.008
Fra:1 Mem:519.47M (Peak 519.49M) | Time:00:01.06 | Mem:0.00M, Peak:0.00M | Scene, ViewLayer | Synchronizing object | Bay_01_ladder_step.009
Fra:1 Mem:519.47M (Peak 519.49M) | Time:00:01.06 | Mem:0.00M, Peak:0.00M | Scene, ViewLayer | Synchronizing object | Bay_01_individual_reading_lamp.001
Fra:1 Mem:519.48M (Peak 519.49M) | Time:00:01.06 | Mem:0.00M, Peak:0.00M | Scene, ViewLayer | Synchronizing object | Compartment end partition
Fra:1 Mem:519.48M (Peak 519.49M) | Time:00:01.06 | Mem:0.00M, Peak:0.00M | Scene, ViewLayer | Synchronizing object | Shared compartment partition
Fra:1 Mem:519.48M (Peak 519.49M) | Time:00:01.06 | Mem:0.00M, Peak:0.00M | Scene, ViewLayer | Synchronizing object | Bay_01_side_LOWER
Fra:1 Mem:519.48M (Peak 519.49M) | Time:00:01.06 | Mem:0.00M, Peak:0.00M | Scene, ViewLayer | Synchronizing object | Bay_01_side_LOWER_support_pan
Fra:1 Mem:519.54M (Peak 519.54M) | Time:00:01.06 | Mem:0.00M, Peak:0.00M | Scene, ViewLayer | Synchronizing object | Bay_01_side_LOWER_wall_bracket
Fra:1 Mem:519.56M (Peak 519.56M) | Time:00:01.06 | Mem:0.00M, Peak:0.00M | Scene, ViewLayer | Synchronizing object | Bay_01_side_LOWER_diagonal_brace
Fra:1 Mem:519.56M (Peak 519.56M) | Time:00:01.06 | Mem:0.00M, Peak:0.00M | Scene, ViewLayer | Synchronizing object | Bay_01_side_lower_floor_leg
Fra:1 Mem:519.57M (Peak 519.57M) | Time:00:01.06 | Mem:0.00M, Peak:0.00M | Scene, ViewLayer | Synchronizing object | Bay_01_side_LOWER_wall_bracket.001
Fra:1 Mem:519.57M (Peak 519.57M) | Time:00:01.06 | Mem:0.00M, Peak:0.00M | Scene, ViewLayer | Synchronizing object | Bay_01_side_LOWER_diagonal_brace.001
Fra:1 Mem:519.58M (Peak 519.58M) | Time:00:01.06 | Mem:0.00M, Peak:0.00M | Scene, ViewLayer | Synchronizing object | Bay_01_side_lower_floor_leg.001
Fra:1 Mem:519.58M (Peak 519.58M) | Time:00:01.06 | Mem:0.00M, Peak:0.00M | Scene, ViewLayer | Synchronizing object | Bay_01_side_UPPER
Fra:1 Mem:519.58M (Peak 519.58M) | Time:00:01.06 | Mem:0.00M, Peak:0.00M | Scene, ViewLayer | Synchronizing object | Bay_01_side_UPPER_stitched_edge_welt
Fra:1 Mem:519.62M (Peak 519.62M) | Time:00:01.06 | Mem:0.00M, Peak:0.00M | Scene, ViewLayer | Synchronizing object | Bay_01_side_UPPER_support_pan
Fra:1 Mem:519.64M (Peak 519.64M) | Time:00:01.06 | Mem:0.00M, Peak:0.00M | Scene, ViewLayer | Synchronizing object | Bay_01_side_UPPER_wall_bracket
Fra:1 Mem:519.65M (Peak 519.65M) | Time:00:01.06 | Mem:0.00M, Peak:0.00M | Scene, ViewLayer | Synchronizing object | Bay_01_side_UPPER_diagonal_brace
Fra:1 Mem:519.67M (Peak 519.67M) | Time:00:01.06 | Mem:0.00M, Peak:0.00M | Scene, ViewLayer | Synchronizing object | Bay_01_side_UPPER_wall_bracket.001
Fra:1 Mem:519.67M (Peak 519.67M) | Time:00:01.06 | Mem:0.00M, Peak:0.00M | Scene, ViewLayer | Synchronizing object | Bay_01_side_UPPER_diagonal_brace.001
Fra:1 Mem:519.67M (Peak 519.67M) | Time:00:01.06 | Mem:0.00M, Peak:0.00M | Scene, ViewLayer | Synchronizing object | Bay_01_side_seat_back
Fra:1 Mem:519.68M (Peak 519.68M) | Time:00:01.06 | Mem:0.00M, Peak:0.00M | Scene, ViewLayer | Synchronizing object | Bay_01_side_berth_support
Fra:1 Mem:519.68M (Peak 519.68M) | Time:00:01.06 | Mem:0.00M, Peak:0.00M | Scene, ViewLayer | Synchronizing object | Bay_01_side_seat_back.001
Fra:1 Mem:519.69M (Peak 519.69M) | Time:00:01.06 | Mem:0.00M, Peak:0.00M | Scene, ViewLayer | Synchronizing object | Bay_01_side_berth_support.001
Fra:1 Mem:519.69M (Peak 519.69M) | Time:00:01.06 | Mem:0.00M, Peak:0.00M | Scene, ViewLayer | Synchronizing object | Bay_01_side_cushion_seam
Fra:1 Mem:519.70M (Peak 519.70M) | Time:00:01.06 | Mem:0.00M, Peak:0.00M | Scene, ViewLayer | Synchronizing object | Bay_01_window_table
Fra:1 Mem:519.70M (Peak 519.70M) | Time:00:01.06 | Mem:0.00M, Peak:0.00M | Scene, ViewLayer | Synchronizing object | Bay_01_table_brace
Fra:1 Mem:519.71M (Peak 519.71M) | Time:00:01.06 | Mem:0.00M, Peak:0.00M | Scene, ViewLayer | Synchronizing object | Fan ceiling stem
Fra:1 Mem:519.71M (Peak 519.71M) | Time:00:01.06 | Mem:0.00M, Peak:0.00M | Scene, ViewLayer | Synchronizing object | Fan pressed ceiling flange
Fra:1 Mem:519.72M (Peak 519.72M) | Time:00:01.06 | Mem:0.00M, Peak:0.00M | Scene, ViewLayer | Synchronizing object | Fan round motor housing
Fra:1 Mem:519.74M (Peak 519.74M) | Time:00:01.06 | Mem:0.00M, Peak:0.00M | Scene, ViewLayer | Synchronizing object | Fan concentric safety grille
Fra:1 Mem:519.74M (Peak 519.74M) | Time:00:01.06 | Mem:0.00M, Peak:0.00M | Scene, ViewLayer | Synchronizing object | Fan concentric safety grille.001
Fra:1 Mem:519.75M (Peak 519.75M) | Time:00:01.06 | Mem:0.00M, Peak:0.00M | Scene, ViewLayer | Synchronizing object | Fan concentric safety grille.002
Fra:1 Mem:519.90M (Peak 519.90M) | Time:00:01.06 | Mem:0.00M, Peak:0.00M | Scene, ViewLayer | Synchronizing object | Fan concentric safety grille.003
Fra:1 Mem:519.91M (Peak 519.91M) | Time:00:01.06 | Mem:0.00M, Peak:0.00M | Scene, ViewLayer | Synchronizing object | Fan concentric safety grille.004
Fra:1 Mem:520.00M (Peak 520.00M) | Time:00:01.06 | Mem:0.00M, Peak:0.00M | Scene, ViewLayer | Synchronizing object | Fan concentric safety grille.005
Fra:1 Mem:520.06M (Peak 520.06M) | Time:00:01.06 | Mem:0.00M, Peak:0.00M | Scene, ViewLayer | Synchronizing object | Fan radial cage wire
Fra:1 Mem:520.07M (Peak 520.07M) | Time:00:01.06 | Mem:0.00M, Peak:0.00M | Scene, ViewLayer | Synchronizing object | Fan radial cage wire.001
Fra:1 Mem:520.08M (Peak 520.08M) | Time:00:01.06 | Mem:0.00M, Peak:0.00M | Scene, ViewLayer | Synchronizing object | Fan radial cage wire.002
Fra:1 Mem:520.11M (Peak 520.11M) | Time:00:01.06 | Mem:0.00M, Peak:0.00M | Scene, ViewLayer | Synchronizing object | Fan radial cage wire.003
Fra:1 Mem:520.11M (Peak 520.11M) | Time:00:01.06 | Mem:0.00M, Peak:0.00M | Scene, ViewLayer | Synchronizing object | Fan radial cage wire.004
Fra:1 Mem:520.11M (Peak 520.11M) | Time:00:01.06 | Mem:0.00M, Peak:0.00M | Scene, ViewLayer | Synchronizing object | Fan radial cage wire.006
Fra:1 Mem:520.12M (Peak 520.12M) | Time:00:01.06 | Mem:0.00M, Peak:0.00M | Scene, ViewLayer | Synchronizing object | Fan radial cage wire.007
Fra:1 Mem:520.13M (Peak 520.13M) | Time:00:01.06 | Mem:0.00M, Peak:0.00M | Scene, ViewLayer | Synchronizing object | Fan radial cage wire.008
Fra:1 Mem:520.15M (Peak 520.15M) | Time:00:01.06 | Mem:0.00M, Peak:0.00M | Scene, ViewLayer | Synchronizing object | Fan radial cage wire.009
Fra:1 Mem:520.15M (Peak 520.15M) | Time:00:01.06 | Mem:0.00M, Peak:0.00M | Scene, ViewLayer | Synchronizing object | Fan radial cage wire.010
Fra:1 Mem:520.15M (Peak 520.15M) | Time:00:01.06 | Mem:0.00M, Peak:0.00M | Scene, ViewLayer | Synchronizing object | Fan radial cage wire.011
Fra:1 Mem:520.15M (Peak 520.15M) | Time:00:01.06 | Mem:0.00M, Peak:0.00M | Scene, ViewLayer | Synchronizing object | Fan radial cage wire.013
Fra:1 Mem:520.17M (Peak 520.17M) | Time:00:01.06 | Mem:0.00M, Peak:0.00M | Scene, ViewLayer | Synchronizing object | Fan radial cage wire.014
Fra:1 Mem:520.17M (Peak 520.17M) | Time:00:01.06 | Mem:0.00M, Peak:0.00M | Scene, ViewLayer | Synchronizing object | Fan radial cage wire.015
Fra:1 Mem:520.17M (Peak 520.17M) | Time:00:01.06 | Mem:0.00M, Peak:0.00M | Scene, ViewLayer | Synchronizing object | Fan radial cage wire.016
Fra:1 Mem:520.18M (Peak 520.18M) | Time:00:01.06 | Mem:0.00M, Peak:0.00M | Scene, ViewLayer | Synchronizing object | Fan radial cage wire.017
Fra:1 Mem:520.18M (Peak 520.18M) | Time:00:01.06 | Mem:0.00M, Peak:0.00M | Scene, ViewLayer | Synchronizing object | Fan radial cage wire.018
Fra:1 Mem:520.19M (Peak 520.19M) | Time:00:01.06 | Mem:0.00M, Peak:0.00M | Scene, ViewLayer | Synchronizing object | Fan radial cage wire.019
Fra:1 Mem:520.20M (Peak 520.20M) | Time:00:01.06 | Mem:0.00M, Peak:0.00M | Scene, ViewLayer | Synchronizing object | Fan radial cage wire.020
Fra:1 Mem:520.20M (Peak 520.20M) | Time:00:01.06 | Mem:0.00M, Peak:0.00M | Scene, ViewLayer | Synchronizing object | Fan radial cage wire.022
Fra:1 Mem:520.21M (Peak 520.21M) | Time:00:01.06 | Mem:0.00M, Peak:0.00M | Scene, ViewLayer | Synchronizing object | Fan radial cage wire.023
Fra:1 Mem:520.22M (Peak 520.22M) | Time:00:01.06 | Mem:0.00M, Peak:0.00M | Scene, ViewLayer | Synchronizing object | Fan swept three blade rotor
Fra:1 Mem:520.22M (Peak 520.22M) | Time:00:01.06 | Mem:0.00M, Peak:0.00M | Scene, ViewLayer | Synchronizing object | Fan swept three blade rotor.001
Fra:1 Mem:520.22M (Peak 520.22M) | Time:00:01.06 | Mem:0.00M, Peak:0.00M | Scene, ViewLayer | Synchronizing object | Fan swept three blade rotor.002
Fra:1 Mem:520.23M (Peak 520.23M) | Time:00:01.06 | Mem:0.00M, Peak:0.00M | Scene, ViewLayer | Synchronizing object | Fan centre decorative cap
Fra:1 Mem:520.23M (Peak 520.23M) | Time:00:01.06 | Mem:0.00M, Peak:0.00M | Scene, ViewLayer | Synchronizing object | Fan grille locking clip
Fra:1 Mem:520.24M (Peak 520.24M) | Time:00:01.06 | Mem:0.00M, Peak:0.00M | Scene, ViewLayer | Synchronizing object | Fan grille locking clip.002
Fra:1 Mem:520.25M (Peak 520.25M) | Time:00:01.06 | Mem:0.00M, Peak:0.00M | Scene, ViewLayer | Synchronizing object | Fan grille locking clip.003
Fra:1 Mem:520.26M (Peak 520.26M) | Time:00:01.06 | Mem:0.00M, Peak:0.00M | Scene, ViewLayer | Synchronizing object | Bay_01_number_plate
Fra:1 Mem:520.27M (Peak 520.27M) | Time:00:01.06 | Mem:0.00M, Peak:0.00M | Scene, ViewLayer | Synchronizing object | Bay_02_lower_cushion
Fra:1 Mem:520.28M (Peak 520.28M) | Time:00:01.06 | Mem:0.00M, Peak:0.00M | Scene, ViewLayer | Synchronizing object | Bay_02_lower_cushion_stitched_edge_welt
Fra:1 Mem:520.32M (Peak 520.32M) | Time:00:01.06 | Mem:0.00M, Peak:0.00M | Scene, ViewLayer | Synchronizing object | Bay_02_lower_cushion_subtle_cover_stitch
Fra:1 Mem:520.34M (Peak 520.34M) | Time:00:01.06 | Mem:0.00M, Peak:0.00M | Scene, ViewLayer | Synchronizing object | Bay_02_lower_cushion_subtle_cover_stitch.001
Fra:1 Mem:520.35M (Peak 520.35M) | Time:00:01.06 | Mem:0.00M, Peak:0.00M | Scene, ViewLayer | Synchronizing object | Bay_02_upper_cushion
Fra:1 Mem:520.36M (Peak 520.36M) | Time:00:01.06 | Mem:0.00M, Peak:0.00M | Scene, ViewLayer | Synchronizing object | Bay_02_upper_cushion_stitched_edge_welt
Fra:1 Mem:520.39M (Peak 520.39M) | Time:00:01.06 | Mem:0.00M, Peak:0.00M | Scene, ViewLayer | Synchronizing object | Bay_02_upper_cushion_subtle_cover_stitch
Fra:1 Mem:520.43M (Peak 520.43M) | Time:00:01.06 | Mem:0.00M, Peak:0.00M | Scene, ViewLayer | Synchronizing object | Bay_02_upper_cushion_subtle_cover_stitch.001
Fra:1 Mem:520.44M (Peak 520.44M) | Time:00:01.06 | Mem:0.00M, Peak:0.00M | Scene, ViewLayer | Synchronizing object | Bay_02_lower_pan
Fra:1 Mem:520.45M (Peak 520.45M) | Time:00:01.06 | Mem:0.00M, Peak:0.00M | Scene, ViewLayer | Synchronizing object | Bay_02_lower_leg
Fra:1 Mem:520.45M (Peak 520.45M) | Time:00:01.06 | Mem:0.00M, Peak:0.00M | Scene, ViewLayer | Synchronizing object | Bay_02_lower_leg.001
Fra:1 Mem:520.46M (Peak 520.46M) | Time:00:01.06 | Mem:0.00M, Peak:0.00M | Scene, ViewLayer | Synchronizing object | Bay_02_folded_middle_backrest
Fra:1 Mem:520.46M (Peak 520.46M) | Time:00:01.06 | Mem:0.00M, Peak:0.00M | Scene, ViewLayer | Synchronizing object | Bay_02_upper_support
Fra:1 Mem:520.47M (Peak 520.47M) | Time:00:01.06 | Mem:0.00M, Peak:0.00M | Scene, ViewLayer | Synchronizing object | Bay_02_upper_hanger_ceiling_plate
Fra:1 Mem:520.47M (Peak 520.47M) | Time:00:01.06 | Mem:0.00M, Peak:0.00M | Scene, ViewLayer | Synchronizing object | Bay_02_upper_support.001
Fra:1 Mem:520.52M (Peak 520.52M) | Time:00:01.06 | Mem:0.00M, Peak:0.00M | Scene, ViewLayer | Synchronizing object | Bay_02_upper_hanger_ceiling_plate.001
Fra:1 Mem:520.54M (Peak 520.54M) | Time:00:01.06 | Mem:0.00M, Peak:0.00M | Scene, ViewLayer | Synchronizing object | Bay_02_luggage_rack_rail
Fra:1 Mem:520.54M (Peak 520.54M) | Time:00:01.06 | Mem:0.00M, Peak:0.00M | Scene, ViewLayer | Synchronizing object | Bay_02_luggage_rack_rail.001
Fra:1 Mem:520.54M (Peak 520.54M) | Time:00:01.06 | Mem:0.00M, Peak:0.00M | Scene, ViewLayer | Synchronizing object | Bay_02_underseat_rack
Fra:1 Mem:520.54M (Peak 520.54M) | Time:00:01.06 | Mem:0.00M, Peak:0.00M | Scene, ViewLayer | Synchronizing object | Bay_02_underseat_rack.001
Fra:1 Mem:520.56M (Peak 520.56M) | Time:00:01.06 | Mem:0.00M, Peak:0.00M | Scene, ViewLayer | Synchronizing object | Bay_02_underseat_rack.002
Fra:1 Mem:520.58M (Peak 520.58M) | Time:00:01.06 | Mem:0.00M, Peak:0.00M | Scene, ViewLayer | Synchronizing object | Bay_02_underseat_rack.003
Fra:1 Mem:520.59M (Peak 520.59M) | Time:00:01.06 | Mem:0.00M, Peak:0.00M | Scene, ViewLayer | Synchronizing object | Bay_02_underseat_rack.004
Fra:1 Mem:520.59M (Peak 520.59M) | Time:00:01.06 | Mem:0.00M, Peak:0.00M | Scene, ViewLayer | Synchronizing object | Bay_02_ladder
Fra:1 Mem:520.58M (Peak 520.59M) | Time:00:01.06 | Mem:0.00M, Peak:0.00M | Scene, ViewLayer | Synchronizing object | Bay_02_ladder.001
Fra:1 Mem:520.55M (Peak 520.59M) | Time:00:01.06 | Mem:0.00M, Peak:0.00M | Scene, ViewLayer | Synchronizing object | Bay_02_ladder_step
Fra:1 Mem:520.55M (Peak 520.59M) | Time:00:01.06 | Mem:0.00M, Peak:0.00M | Scene, ViewLayer | Synchronizing object | Bay_02_ladder_step.001
Fra:1 Mem:520.56M (Peak 520.59M) | Time:00:01.06 | Mem:0.00M, Peak:0.00M | Scene, ViewLayer | Synchronizing object | Bay_02_ladder_step.002
Fra:1 Mem:520.56M (Peak 520.59M) | Time:00:01.06 | Mem:0.00M, Peak:0.00M | Scene, ViewLayer | Synchronizing object | Bay_02_ladder_step.003
Fra:1 Mem:520.56M (Peak 520.59M) | Time:00:01.06 | Mem:0.00M, Peak:0.00M | Scene, ViewLayer | Synchronizing object | Bay_02_ladder_step.004
Fra:1 Mem:520.57M (Peak 520.59M) | Time:00:01.06 | Mem:0.00M, Peak:0.00M | Scene, ViewLayer | Synchronizing object | Bay_02_lower_cushion.001
Fra:1 Mem:520.57M (Peak 520.59M) | Time:00:01.06 | Mem:0.00M, Peak:0.00M | Scene, ViewLayer | Synchronizing object | Bay_02_individual_reading_lamp
Fra:1 Mem:520.60M (Peak 520.60M) | Time:00:01.06 | Mem:0.00M, Peak:0.00M | Scene, ViewLayer | Synchronizing object | Bay_02_lower_cushion_stitched_edge_welt.001
Fra:1 Mem:520.62M (Peak 520.62M) | Time:00:01.06 | Mem:0.00M, Peak:0.00M | Scene, ViewLayer | Synchronizing object | Bay_02_lower_cushion_subtle_cover_stitch.002
Fra:1 Mem:520.65M (Peak 520.65M) | Time:00:01.06 | Mem:0.00M, Peak:0.00M | Scene, ViewLayer | Synchronizing object | Bay_02_lower_cushion_subtle_cover_stitch.003
Fra:1 Mem:520.67M (Peak 520.67M) | Time:00:01.06 | Mem:0.00M, Peak:0.00M | Scene, ViewLayer | Synchronizing object | Bay_02_upper_cushion.001
Fra:1 Mem:520.67M (Peak 520.67M) | Time:00:01.06 | Mem:0.00M, Peak:0.00M | Scene, ViewLayer | Synchronizing object | Bay_02_upper_cushion_stitched_edge_welt.001
Fra:1 Mem:520.69M (Peak 520.69M) | Time:00:01.06 | Mem:0.00M, Peak:0.00M | Scene, ViewLayer | Synchronizing object | Bay_02_upper_cushion_subtle_cover_stitch.002
Fra:1 Mem:520.74M (Peak 520.74M) | Time:00:01.06 | Mem:0.00M, Peak:0.00M | Scene, ViewLayer | Synchronizing object | Bay_02_upper_cushion_subtle_cover_stitch.003
Fra:1 Mem:520.75M (Peak 520.75M) | Time:00:01.06 | Mem:0.00M, Peak:0.00M | Scene, ViewLayer | Synchronizing object | Bay_02_lower_pan.001
Fra:1 Mem:520.76M (Peak 520.76M) | Time:00:01.06 | Mem:0.00M, Peak:0.00M | Scene, ViewLayer | Synchronizing object | Bay_02_lower_leg.002
Fra:1 Mem:520.76M (Peak 520.76M) | Time:00:01.06 | Mem:0.00M, Peak:0.00M | Scene, ViewLayer | Synchronizing object | Bay_02_lower_leg.003
Fra:1 Mem:520.76M (Peak 520.76M) | Time:00:01.06 | Mem:0.00M, Peak:0.00M | Scene, ViewLayer | Synchronizing object | Bay_02_folded_middle_backrest.001
Fra:1 Mem:520.77M (Peak 520.77M) | Time:00:01.06 | Mem:0.00M, Peak:0.00M | Scene, ViewLayer | Synchronizing object | Bay_02_upper_hanger_ceiling_plate.002
Fra:1 Mem:520.82M (Peak 520.82M) | Time:00:01.06 | Mem:0.00M, Peak:0.00M | Scene, ViewLayer | Synchronizing object | Bay_02_upper_support.003
Fra:1 Mem:520.82M (Peak 520.82M) | Time:00:01.06 | Mem:0.00M, Peak:0.00M | Scene, ViewLayer | Synchronizing object | Bay_02_upper_hanger_ceiling_plate.003
Fra:1 Mem:520.85M (Peak 520.85M) | Time:00:01.06 | Mem:0.00M, Peak:0.00M | Scene, ViewLayer | Synchronizing object | Bay_02_luggage_rack_rail.002
Fra:1 Mem:520.86M (Peak 520.86M) | Time:00:01.06 | Mem:0.00M, Peak:0.00M | Scene, ViewLayer | Synchronizing object | Bay_02_luggage_rack_rail.003
Fra:1 Mem:520.84M (Peak 520.86M) | Time:00:01.06 | Mem:0.00M, Peak:0.00M | Scene, ViewLayer | Synchronizing object | Bay_02_underseat_rack.005
Fra:1 Mem:520.85M (Peak 520.86M) | Time:00:01.06 | Mem:0.00M, Peak:0.00M | Scene, ViewLayer | Synchronizing object | Bay_02_underseat_rack.006
Fra:1 Mem:520.85M (Peak 520.86M) | Time:00:01.06 | Mem:0.00M, Peak:0.00M | Scene, ViewLayer | Synchronizing object | Bay_02_underseat_rack.007
Fra:1 Mem:520.86M (Peak 520.86M) | Time:00:01.06 | Mem:0.00M, Peak:0.00M | Scene, ViewLayer | Synchronizing object | Bay_02_underseat_rack.008
Fra:1 Mem:520.89M (Peak 520.89M) | Time:00:01.06 | Mem:0.00M, Peak:0.00M | Scene, ViewLayer | Synchronizing object | Bay_02_underseat_rack.009
Fra:1 Mem:520.90M (Peak 520.90M) | Time:00:01.06 | Mem:0.00M, Peak:0.00M | Scene, ViewLayer | Synchronizing object | Bay_02_ladder.002
Fra:1 Mem:520.90M (Peak 520.90M) | Time:00:01.06 | Mem:0.00M, Peak:0.00M | Scene, ViewLayer | Synchronizing object | Bay_02_ladder.003
Fra:1 Mem:520.90M (Peak 520.90M) | Time:00:01.06 | Mem:0.00M, Peak:0.00M | Scene, ViewLayer | Synchronizing object | Bay_02_ladder_step.005
Fra:1 Mem:520.91M (Peak 520.91M) | Time:00:01.06 | Mem:0.00M, Peak:0.00M | Scene, ViewLayer | Synchronizing object | Bay_02_ladder_step.006
Fra:1 Mem:520.91M (Peak 520.91M) | Time:00:01.06 | Mem:0.00M, Peak:0.00M | Scene, ViewLayer | Synchronizing object | Bay_02_ladder_step.007
Fra:1 Mem:520.88M (Peak 520.91M) | Time:00:01.06 | Mem:0.00M, Peak:0.00M | Scene, ViewLayer | Synchronizing object | Bay_02_ladder_step.008
Fra:1 Mem:520.87M (Peak 520.91M) | Time:00:01.06 | Mem:0.00M, Peak:0.00M | Scene, ViewLayer | Synchronizing object | Bay_02_individual_reading_lamp.001
Fra:1 Mem:520.88M (Peak 520.91M) | Time:00:01.06 | Mem:0.00M, Peak:0.00M | Scene, ViewLayer | Synchronizing object | Bay_02_side_LOWER
Fra:1 Mem:520.88M (Peak 520.91M) | Time:00:01.06 | Mem:0.00M, Peak:0.00M | Scene, ViewLayer | Synchronizing object | Bay_02_side_LOWER_stitched_edge_welt
Fra:1 Mem:520.88M (Peak 520.91M) | Time:00:01.06 | Mem:0.00M, Peak:0.00M | Scene, ViewLayer | Synchronizing object | Bay_02_side_LOWER_support_pan
Fra:1 Mem:520.94M (Peak 520.94M) | Time:00:01.06 | Mem:0.00M, Peak:0.00M | Scene, ViewLayer | Synchronizing object | Bay_02_side_LOWER_wall_bracket
Fra:1 Mem:520.96M (Peak 520.96M) | Time:00:01.06 | Mem:0.00M, Peak:0.00M | Scene, ViewLayer | Synchronizing object | Bay_02_side_LOWER_diagonal_brace
Fra:1 Mem:520.96M (Peak 520.96M) | Time:00:01.06 | Mem:0.00M, Peak:0.00M | Scene, ViewLayer | Synchronizing object | Bay_02_side_lower_floor_leg
Fra:1 Mem:520.97M (Peak 520.97M) | Time:00:01.06 | Mem:0.00M, Peak:0.00M | Scene, ViewLayer | Synchronizing object | Bay_02_side_LOWER_wall_bracket.001
Fra:1 Mem:520.97M (Peak 520.97M) | Time:00:01.06 | Mem:0.00M, Peak:0.00M | Scene, ViewLayer | Synchronizing object | Bay_02_side_lower_floor_leg.001
Fra:1 Mem:520.98M (Peak 520.98M) | Time:00:01.06 | Mem:0.00M, Peak:0.00M | Scene, ViewLayer | Synchronizing object | Bay_02_side_UPPER
Fra:1 Mem:520.99M (Peak 520.99M) | Time:00:01.06 | Mem:0.00M, Peak:0.00M | Scene, ViewLayer | Synchronizing object | Bay_02_side_UPPER_stitched_edge_welt
Fra:1 Mem:521.01M (Peak 521.01M) | Time:00:01.06 | Mem:0.00M, Peak:0.00M | Scene, ViewLayer | Synchronizing object | Bay_02_side_UPPER_support_pan
Fra:1 Mem:521.05M (Peak 521.05M) | Time:00:01.06 | Mem:0.00M, Peak:0.00M | Scene, ViewLayer | Synchronizing object | Bay_02_side_UPPER_wall_bracket
Fra:1 Mem:521.05M (Peak 521.05M) | Time:00:01.06 | Mem:0.00M, Peak:0.00M | Scene, ViewLayer | Synchronizing object | Bay_02_side_UPPER_wall_bracket.001
Fra:1 Mem:521.07M (Peak 521.07M) | Time:00:01.06 | Mem:0.00M, Peak:0.00M | Scene, ViewLayer | Synchronizing object | Bay_02_side_UPPER_diagonal_brace.001
Fra:1 Mem:521.07M (Peak 521.07M) | Time:00:01.06 | Mem:0.00M, Peak:0.00M | Scene, ViewLayer | Synchronizing object | Bay_02_side_berth_support
Fra:1 Mem:521.08M (Peak 521.08M) | Time:00:01.06 | Mem:0.00M, Peak:0.00M | Scene, ViewLayer | Synchronizing object | Bay_02_side_seat_back.001
Fra:1 Mem:521.10M (Peak 521.10M) | Time:00:01.06 | Mem:0.00M, Peak:0.00M | Scene, ViewLayer | Synchronizing object | Bay_02_side_berth_support.001
Fra:1 Mem:521.10M (Peak 521.10M) | Time:00:01.06 | Mem:0.00M, Peak:0.00M | Scene, ViewLayer | Synchronizing object | Bay_02_window_table
Fra:1 Mem:521.11M (Peak 521.11M) | Time:00:01.06 | Mem:0.00M, Peak:0.00M | Scene, ViewLayer | Synchronizing object | Bay_02_table_brace
Fra:1 Mem:521.11M (Peak 521.11M) | Time:00:01.06 | Mem:0.00M, Peak:0.00M | Scene, ViewLayer | Synchronizing object | Fan ceiling stem.001
Fra:1 Mem:521.11M (Peak 521.11M) | Time:00:01.06 | Mem:0.00M, Peak:0.00M | Scene, ViewLayer | Synchronizing object | Fan pressed ceiling flange.001
Fra:1 Mem:521.13M (Peak 521.13M) | Time:00:01.06 | Mem:0.00M, Peak:0.00M | Scene, ViewLayer | Synchronizing object | Fan round motor housing.001
Fra:1 Mem:521.13M (Peak 521.13M) | Time:00:01.06 | Mem:0.00M, Peak:0.00M | Scene, ViewLayer | Synchronizing object | Fan concentric safety grille.006
Fra:1 Mem:521.18M (Peak 521.18M) | Time:00:01.06 | Mem:0.00M, Peak:0.00M | Scene, ViewLayer | Synchronizing object | Fan concentric safety grille.007
Fra:1 Mem:521.20M (Peak 521.20M) | Time:00:01.06 | Mem:0.00M, Peak:0.00M | Scene, ViewLayer | Synchronizing object | Fan concentric safety grille.008
Fra:1 Mem:521.30M (Peak 521.30M) | Time:00:01.06 | Mem:0.00M, Peak:0.00M | Scene, ViewLayer | Synchronizing object | Fan concentric safety grille.009
Fra:1 Mem:521.32M (Peak 521.32M) | Time:00:01.06 | Mem:0.00M, Peak:0.00M | Scene, ViewLayer | Synchronizing object | Fan concentric safety grille.010
Fra:1 Mem:521.42M (Peak 521.42M) | Time:00:01.06 | Mem:0.00M, Peak:0.00M | Scene, ViewLayer | Synchronizing object | Fan concentric safety grille.011
Fra:1 Mem:521.44M (Peak 521.44M) | Time:00:01.06 | Mem:0.00M, Peak:0.00M | Scene, ViewLayer | Synchronizing object | Fan radial cage wire.024
Fra:1 Mem:521.47M (Peak 521.47M) | Time:00:01.06 | Mem:0.00M, Peak:0.00M | Scene, ViewLayer | Synchronizing object | Fan radial cage wire.025
Fra:1 Mem:521.48M (Peak 521.48M) | Time:00:01.06 | Mem:0.00M, Peak:0.00M | Scene, ViewLayer | Synchronizing object | Fan radial cage wire.026
Fra:1 Mem:521.49M (Peak 521.49M) | Time:00:01.06 | Mem:0.00M, Peak:0.00M | Scene, ViewLayer | Synchronizing object | Fan radial cage wire.027
Fra:1 Mem:521.50M (Peak 521.50M) | Time:00:01.06 | Mem:0.00M, Peak:0.00M | Scene, ViewLayer | Synchronizing object | Fan radial cage wire.028
Fra:1 Mem:521.50M (Peak 521.50M) | Time:00:01.06 | Mem:0.00M, Peak:0.00M | Scene, ViewLayer | Synchronizing object | Fan radial cage wire.029
Fra:1 Mem:521.51M (Peak 521.51M) | Time:00:01.06 | Mem:0.00M, Peak:0.00M | Scene, ViewLayer | Synchronizing object | Fan radial cage wire.030
Fra:1 Mem:521.52M (Peak 521.52M) | Time:00:01.06 | Mem:0.00M, Peak:0.00M | Scene, ViewLayer | Synchronizing object | Fan radial cage wire.031
Fra:1 Mem:521.53M (Peak 521.53M) | Time:00:01.06 | Mem:0.00M, Peak:0.00M | Scene, ViewLayer | Synchronizing object | Fan radial cage wire.032
Fra:1 Mem:521.54M (Peak 521.54M) | Time:00:01.06 | Mem:0.00M, Peak:0.00M | Scene, ViewLayer | Synchronizing object | Fan radial cage wire.033
Fra:1 Mem:521.56M (Peak 521.56M) | Time:00:01.06 | Mem:0.00M, Peak:0.00M | Scene, ViewLayer | Synchronizing object | Fan radial cage wire.034
Fra:1 Mem:521.54M (Peak 521.56M) | Time:00:01.06 | Mem:0.00M, Peak:0.00M | Scene, ViewLayer | Synchronizing object | Fan radial cage wire.036
Fra:1 Mem:521.56M (Peak 521.56M) | Time:00:01.06 | Mem:0.00M, Peak:0.00M | Scene, ViewLayer | Synchronizing object | Fan radial cage wire.037
Fra:1 Mem:521.56M (Peak 521.56M) | Time:00:01.06 | Mem:0.00M, Peak:0.00M | Scene, ViewLayer | Synchronizing object | Fan radial cage wire.038
Fra:1 Mem:521.57M (Peak 521.57M) | Time:00:01.06 | Mem:0.00M, Peak:0.00M | Scene, ViewLayer | Synchronizing object | Fan radial cage wire.039
Fra:1 Mem:521.58M (Peak 521.58M) | Time:00:01.06 | Mem:0.00M, Peak:0.00M | Scene, ViewLayer | Synchronizing object | Fan radial cage wire.040
Fra:1 Mem:521.58M (Peak 521.58M) | Time:00:01.06 | Mem:0.00M, Peak:0.00M | Scene, ViewLayer | Synchronizing object | Fan radial cage wire.041
Fra:1 Mem:521.59M (Peak 521.59M) | Time:00:01.06 | Mem:0.00M, Peak:0.00M | Scene, ViewLayer | Synchronizing object | Fan radial cage wire.042
Fra:1 Mem:521.59M (Peak 521.59M) | Time:00:01.06 | Mem:0.00M, Peak:0.00M | Scene, ViewLayer | Synchronizing object | Fan radial cage wire.043
Fra:1 Mem:521.59M (Peak 521.59M) | Time:00:01.06 | Mem:0.00M, Peak:0.00M | Scene, ViewLayer | Synchronizing object | Fan radial cage wire.045
Fra:1 Mem:521.61M (Peak 521.61M) | Time:00:01.06 | Mem:0.00M, Peak:0.00M | Scene, ViewLayer | Synchronizing object | Fan radial cage wire.046
Fra:1 Mem:521.61M (Peak 521.61M) | Time:00:01.06 | Mem:0.00M, Peak:0.00M | Scene, ViewLayer | Synchronizing object | Fan radial cage wire.047
Fra:1 Mem:521.62M (Peak 521.62M) | Time:00:01.06 | Mem:0.00M, Peak:0.00M | Scene, ViewLayer | Synchronizing object | Fan swept three blade rotor.003
Fra:1 Mem:521.62M (Peak 521.62M) | Time:00:01.06 | Mem:0.00M, Peak:0.00M | Scene, ViewLayer | Synchronizing object | Fan swept three blade rotor.005
Fra:1 Mem:521.63M (Peak 521.63M) | Time:00:01.06 | Mem:0.00M, Peak:0.00M | Scene, ViewLayer | Synchronizing object | Fan centre decorative cap.001
Fra:1 Mem:521.63M (Peak 521.63M) | Time:00:01.06 | Mem:0.00M, Peak:0.00M | Scene, ViewLayer | Synchronizing object | Fan grille locking clip.004
Fra:1 Mem:521.63M (Peak 521.63M) | Time:00:01.06 | Mem:0.00M, Peak:0.00M | Scene, ViewLayer | Synchronizing object | Fan grille locking clip.005
Fra:1 Mem:521.65M (Peak 521.65M) | Time:00:01.06 | Mem:0.00M, Peak:0.00M | Scene, ViewLayer | Synchronizing object | Fan grille locking clip.006
Fra:1 Mem:521.66M (Peak 521.66M) | Time:00:01.06 | Mem:0.00M, Peak:0.00M | Scene, ViewLayer | Synchronizing object | Fan grille locking clip.007
Fra:1 Mem:521.66M (Peak 521.66M) | Time:00:01.06 | Mem:0.00M, Peak:0.00M | Scene, ViewLayer | Synchronizing object | Bay_02_number_plate
Fra:1 Mem:521.67M (Peak 521.67M) | Time:00:01.06 | Mem:0.00M, Peak:0.00M | Scene, ViewLayer | Synchronizing object | Bay_03_lower_cushion
Fra:1 Mem:521.69M (Peak 521.69M) | Time:00:01.06 | Mem:0.00M, Peak:0.00M | Scene, ViewLayer | Synchronizing object | Bay_03_lower_cushion_stitched_edge_welt
Fra:1 Mem:521.75M (Peak 521.75M) | Time:00:01.06 | Mem:0.00M, Peak:0.00M | Scene, ViewLayer | Synchronizing object | Bay_03_lower_cushion_subtle_cover_stitch
Fra:1 Mem:521.76M (Peak 521.76M) | Time:00:01.06 | Mem:0.00M, Peak:0.00M | Scene, ViewLayer | Synchronizing object | Bay_03_lower_cushion_subtle_cover_stitch.001
Fra:1 Mem:521.78M (Peak 521.78M) | Time:00:01.06 | Mem:0.00M, Peak:0.00M | Scene, ViewLayer | Synchronizing object | Bay_03_upper_cushion
Fra:1 Mem:521.79M (Peak 521.79M) | Time:00:01.06 | Mem:0.00M, Peak:0.00M | Scene, ViewLayer | Synchronizing object | Bay_03_upper_cushion_stitched_edge_welt
Fra:1 Mem:521.80M (Peak 521.80M) | Time:00:01.06 | Mem:0.00M, Peak:0.00M | Scene, ViewLayer | Synchronizing object | Bay_03_upper_cushion_subtle_cover_stitch
Fra:1 Mem:521.85M (Peak 521.85M) | Time:00:01.06 | Mem:0.00M, Peak:0.00M | Scene, ViewLayer | Synchronizing object | Bay_03_upper_cushion_subtle_cover_stitch.001
Fra:1 Mem:521.86M (Peak 521.86M) | Time:00:01.06 | Mem:0.00M, Peak:0.00M | Scene, ViewLayer | Synchronizing object | Bay_03_lower_pan
Fra:1 Mem:521.88M (Peak 521.88M) | Time:00:01.06 | Mem:0.00M, Peak:0.00M | Scene, ViewLayer | Synchronizing object | Bay_03_lower_leg
Fra:1 Mem:521.88M (Peak 521.88M) | Time:00:01.06 | Mem:0.00M, Peak:0.00M | Scene, ViewLayer | Synchronizing object | Bay_03_lower_leg.001
Fra:1 Mem:521.88M (Peak 521.88M) | Time:00:01.06 | Mem:0.00M, Peak:0.00M | Scene, ViewLayer | Synchronizing object | Bay_03_folded_middle_backrest
Fra:1 Mem:521.88M (Peak 521.88M) | Time:00:01.06 | Mem:0.00M, Peak:0.00M | Scene, ViewLayer | Synchronizing object | Bay_03_upper_support
Fra:1 Mem:521.89M (Peak 521.89M) | Time:00:01.06 | Mem:0.00M, Peak:0.00M | Scene, ViewLayer | Synchronizing object | Bay_03_upper_hanger_ceiling_plate
Fra:1 Mem:521.90M (Peak 521.90M) | Time:00:01.06 | Mem:0.00M, Peak:0.00M | Scene, ViewLayer | Synchronizing object | Bay_03_upper_support.001
Fra:1 Mem:521.94M (Peak 521.94M) | Time:00:01.06 | Mem:0.00M, Peak:0.00M | Scene, ViewLayer | Synchronizing object | Bay_03_upper_hanger_ceiling_plate.001
Fra:1 Mem:521.96M (Peak 521.96M) | Time:00:01.06 | Mem:0.00M, Peak:0.00M | Scene, ViewLayer | Synchronizing object | Bay_03_luggage_rack_rail
Fra:1 Mem:521.97M (Peak 521.97M) | Time:00:01.06 | Mem:0.00M, Peak:0.00M | Scene, ViewLayer | Synchronizing object | Bay_03_luggage_rack_rail.001
Fra:1 Mem:521.94M (Peak 521.97M) | Time:00:01.06 | Mem:0.00M, Peak:0.00M | Scene, ViewLayer | Synchronizing object | Bay_03_underseat_rack
Fra:1 Mem:521.94M (Peak 521.97M) | Time:00:01.06 | Mem:0.00M, Peak:0.00M | Scene, ViewLayer | Synchronizing object | Bay_03_underseat_rack.001
Fra:1 Mem:521.96M (Peak 521.97M) | Time:00:01.06 | Mem:0.00M, Peak:0.00M | Scene, ViewLayer | Synchronizing object | Bay_03_underseat_rack.002
Fra:1 Mem:521.97M (Peak 521.97M) | Time:00:01.06 | Mem:0.00M, Peak:0.00M | Scene, ViewLayer | Synchronizing object | Bay_03_underseat_rack.003
Fra:1 Mem:521.97M (Peak 521.97M) | Time:00:01.06 | Mem:0.00M, Peak:0.00M | Scene, ViewLayer | Synchronizing object | Bay_03_underseat_rack.004
Fra:1 Mem:522.01M (Peak 522.01M) | Time:00:01.06 | Mem:0.00M, Peak:0.00M | Scene, ViewLayer | Synchronizing object | Bay_03_ladder
Fra:1 Mem:522.01M (Peak 522.01M) | Time:00:01.06 | Mem:0.00M, Peak:0.00M | Scene, ViewLayer | Synchronizing object | Bay_03_ladder.001
Fra:1 Mem:522.02M (Peak 522.02M) | Time:00:01.06 | Mem:0.00M, Peak:0.00M | Scene, ViewLayer | Synchronizing object | Bay_03_ladder_step
Fra:1 Mem:522.02M (Peak 522.02M) | Time:00:01.06 | Mem:0.00M, Peak:0.00M | Scene, ViewLayer | Synchronizing object | Bay_03_ladder_step.001
Fra:1 Mem:522.02M (Peak 522.02M) | Time:00:01.06 | Mem:0.00M, Peak:0.00M | Scene, ViewLayer | Synchronizing object | Bay_03_ladder_step.002
Fra:1 Mem:521.98M (Peak 522.02M) | Time:00:01.06 | Mem:0.00M, Peak:0.00M | Scene, ViewLayer | Synchronizing object | Bay_03_ladder_step.004
Fra:1 Mem:521.98M (Peak 522.02M) | Time:00:01.06 | Mem:0.00M, Peak:0.00M | Scene, ViewLayer | Synchronizing object | Bay_03_individual_reading_lamp
Fra:1 Mem:522.00M (Peak 522.02M) | Time:00:01.06 | Mem:0.00M, Peak:0.00M | Scene, ViewLayer | Synchronizing object | Bay_03_lower_cushion.001
Fra:1 Mem:522.00M (Peak 522.02M) | Time:00:01.06 | Mem:0.00M, Peak:0.00M | Scene, ViewLayer | Synchronizing object | Bay_03_lower_cushion_stitched_edge_welt.001
Fra:1 Mem:522.02M (Peak 522.02M) | Time:00:01.06 | Mem:0.00M, Peak:0.00M | Scene, ViewLayer | Synchronizing object | Bay_03_lower_cushion_subtle_cover_stitch.002
Fra:1 Mem:522.07M (Peak 522.07M) | Time:00:01.06 | Mem:0.00M, Peak:0.00M | Scene, ViewLayer | Synchronizing object | Bay_03_lower_cushion_subtle_cover_stitch.003
Fra:1 Mem:522.08M (Peak 522.08M) | Time:00:01.06 | Mem:0.00M, Peak:0.00M | Scene, ViewLayer | Synchronizing object | Bay_03_upper_cushion.001
Fra:1 Mem:522.09M (Peak 522.09M) | Time:00:01.06 | Mem:0.00M, Peak:0.00M | Scene, ViewLayer | Synchronizing object | Bay_03_upper_cushion_stitched_edge_welt.001
Fra:1 Mem:522.12M (Peak 522.12M) | Time:00:01.06 | Mem:0.00M, Peak:0.00M | Scene, ViewLayer | Synchronizing object | Bay_03_upper_cushion_subtle_cover_stitch.002
Fra:1 Mem:522.16M (Peak 522.16M) | Time:00:01.06 | Mem:0.00M, Peak:0.00M | Scene, ViewLayer | Synchronizing object | Bay_03_upper_cushion_subtle_cover_stitch.003
Fra:1 Mem:522.18M (Peak 522.18M) | Time:00:01.06 | Mem:0.00M, Peak:0.00M | Scene, ViewLayer | Synchronizing object | Bay_03_lower_pan.001
Fra:1 Mem:522.18M (Peak 522.18M) | Time:00:01.06 | Mem:0.00M, Peak:0.00M | Scene, ViewLayer | Synchronizing object | Bay_03_lower_leg.002
Fra:1 Mem:522.18M (Peak 522.18M) | Time:00:01.06 | Mem:0.00M, Peak:0.00M | Scene, ViewLayer | Synchronizing object | Bay_03_lower_leg.003
Fra:1 Mem:522.18M (Peak 522.18M) | Time:00:01.06 | Mem:0.00M, Peak:0.00M | Scene, ViewLayer | Synchronizing object | Bay_03_folded_middle_backrest.001
Fra:1 Mem:522.19M (Peak 522.19M) | Time:00:01.06 | Mem:0.00M, Peak:0.00M | Scene, ViewLayer | Synchronizing object | Bay_03_upper_support.002
Fra:1 Mem:522.20M (Peak 522.20M) | Time:00:01.06 | Mem:0.00M, Peak:0.00M | Scene, ViewLayer | Synchronizing object | Bay_03_upper_hanger_ceiling_plate.002
Fra:1 Mem:522.26M (Peak 522.26M) | Time:00:01.06 | Mem:0.00M, Peak:0.00M | Scene, ViewLayer | Synchronizing object | Bay_03_upper_support.003
Fra:1 Mem:522.25M (Peak 522.26M) | Time:00:01.06 | Mem:0.00M, Peak:0.00M | Scene, ViewLayer | Synchronizing object | Bay_03_upper_hanger_ceiling_plate.003
Fra:1 Mem:522.25M (Peak 522.26M) | Time:00:01.06 | Mem:0.00M, Peak:0.00M | Scene, ViewLayer | Synchronizing object | Bay_03_luggage_rack_rail.002
Fra:1 Mem:522.30M (Peak 522.30M) | Time:00:01.06 | Mem:0.00M, Peak:0.00M | Scene, ViewLayer | Synchronizing object | Bay_03_luggage_rack_rail.003
Fra:1 Mem:522.30M (Peak 522.30M) | Time:00:01.06 | Mem:0.00M, Peak:0.00M | Scene, ViewLayer | Synchronizing object | Bay_03_underseat_rack.005
Fra:1 Mem:522.30M (Peak 522.30M) | Time:00:01.06 | Mem:0.00M, Peak:0.00M | Scene, ViewLayer | Synchronizing object | Bay_03_underseat_rack.006
Fra:1 Mem:522.27M (Peak 522.30M) | Time:00:01.06 | Mem:0.00M, Peak:0.00M | Scene, ViewLayer | Synchronizing object | Bay_03_underseat_rack.007
Fra:1 Mem:522.31M (Peak 522.31M) | Time:00:01.06 | Mem:0.00M, Peak:0.00M | Scene, ViewLayer | Synchronizing object | Bay_03_underseat_rack.008
Fra:1 Mem:522.27M (Peak 522.31M) | Time:00:01.06 | Mem:0.00M, Peak:0.00M | Scene, ViewLayer | Synchronizing object | Bay_03_underseat_rack.009
Fra:1 Mem:522.27M (Peak 522.31M) | Time:00:01.06 | Mem:0.00M, Peak:0.00M | Scene, ViewLayer | Synchronizing object | Bay_03_ladder.002
Fra:1 Mem:522.27M (Peak 522.31M) | Time:00:01.06 | Mem:0.00M, Peak:0.00M | Scene, ViewLayer | Synchronizing object | Bay_03_ladder_step.005
Fra:1 Mem:522.28M (Peak 522.31M) | Time:00:01.06 | Mem:0.00M, Peak:0.00M | Scene, ViewLayer | Synchronizing object | Bay_03_ladder_step.006
Fra:1 Mem:522.28M (Peak 522.31M) | Time:00:01.06 | Mem:0.00M, Peak:0.00M | Scene, ViewLayer | Synchronizing object | Bay_03_ladder_step.007
Fra:1 Mem:522.29M (Peak 522.31M) | Time:00:01.06 | Mem:0.00M, Peak:0.00M | Scene, ViewLayer | Synchronizing object | Bay_03_ladder_step.008
Fra:1 Mem:522.29M (Peak 522.31M) | Time:00:01.06 | Mem:0.00M, Peak:0.00M | Scene, ViewLayer | Synchronizing object | Bay_03_individual_reading_lamp.001
Fra:1 Mem:522.30M (Peak 522.31M) | Time:00:01.06 | Mem:0.00M, Peak:0.00M | Scene, ViewLayer | Synchronizing object | Shared compartment partition.002
Fra:1 Mem:522.30M (Peak 522.31M) | Time:00:01.06 | Mem:0.00M, Peak:0.00M | Scene, ViewLayer | Synchronizing object | Bay_03_side_LOWER
Fra:1 Mem:522.31M (Peak 522.31M) | Time:00:01.06 | Mem:0.00M, Peak:0.00M | Scene, ViewLayer | Synchronizing object | Bay_03_side_LOWER_stitched_edge_welt
Fra:1 Mem:522.32M (Peak 522.32M) | Time:00:01.06 | Mem:0.00M, Peak:0.00M | Scene, ViewLayer | Synchronizing object | Bay_03_side_LOWER_support_pan
Fra:1 Mem:522.36M (Peak 522.36M) | Time:00:01.06 | Mem:0.00M, Peak:0.00M | Scene, ViewLayer | Synchronizing object | Bay_03_side_LOWER_wall_bracket
Fra:1 Mem:522.38M (Peak 522.38M) | Time:00:01.06 | Mem:0.00M, Peak:0.00M | Scene, ViewLayer | Synchronizing object | Bay_03_side_LOWER_diagonal_brace
Fra:1 Mem:522.38M (Peak 522.38M) | Time:00:01.06 | Mem:0.00M, Peak:0.00M | Scene, ViewLayer | Synchronizing object | Bay_03_side_lower_floor_leg
Fra:1 Mem:522.39M (Peak 522.39M) | Time:00:01.06 | Mem:0.00M, Peak:0.00M | Scene, ViewLayer | Synchronizing object | Bay_03_side_LOWER_wall_bracket.001
Fra:1 Mem:522.39M (Peak 522.39M) | Time:00:01.06 | Mem:0.00M, Peak:0.00M | Scene, ViewLayer | Synchronizing object | Bay_03_side_lower_floor_leg.001
Fra:1 Mem:522.40M (Peak 522.40M) | Time:00:01.06 | Mem:0.00M, Peak:0.00M | Scene, ViewLayer | Synchronizing object | Bay_03_side_UPPER
Fra:1 Mem:522.40M (Peak 522.40M) | Time:00:01.06 | Mem:0.00M, Peak:0.00M | Scene, ViewLayer | Synchronizing object | Bay_03_side_UPPER_support_pan
Fra:1 Mem:522.45M (Peak 522.45M) | Time:00:01.06 | Mem:0.00M, Peak:0.00M | Scene, ViewLayer | Synchronizing object | Bay_03_side_UPPER_wall_bracket
Fra:1 Mem:522.48M (Peak 522.48M) | Time:00:01.06 | Mem:0.00M, Peak:0.00M | Scene, ViewLayer | Synchronizing object | Bay_03_side_UPPER_diagonal_brace
Fra:1 Mem:522.48M (Peak 522.48M) | Time:00:01.06 | Mem:0.00M, Peak:0.00M | Scene, ViewLayer | Synchronizing object | Bay_03_side_UPPER_wall_bracket.001
Fra:1 Mem:522.49M (Peak 522.49M) | Time:00:01.06 | Mem:0.00M, Peak:0.00M | Scene, ViewLayer | Synchronizing object | Bay_03_side_UPPER_diagonal_brace.001
Fra:1 Mem:522.50M (Peak 522.50M) | Time:00:01.06 | Mem:0.00M, Peak:0.00M | Scene, ViewLayer | Synchronizing object | Bay_03_side_seat_back
Fra:1 Mem:522.50M (Peak 522.50M) | Time:00:01.06 | Mem:0.00M, Peak:0.00M | Scene, ViewLayer | Synchronizing object | Bay_03_side_seat_back.001
Fra:1 Mem:522.52M (Peak 522.52M) | Time:00:01.06 | Mem:0.00M, Peak:0.00M | Scene, ViewLayer | Synchronizing object | Bay_03_side_berth_support.001
Fra:1 Mem:522.52M (Peak 522.52M) | Time:00:01.06 | Mem:0.00M, Peak:0.00M | Scene, ViewLayer | Synchronizing object | Bay_03_window_table
Fra:1 Mem:522.52M (Peak 522.52M) | Time:00:01.06 | Mem:0.00M, Peak:0.00M | Scene, ViewLayer | Synchronizing object | Bay_03_table_brace
Fra:1 Mem:522.53M (Peak 522.53M) | Time:00:01.06 | Mem:0.00M, Peak:0.00M | Scene, ViewLayer | Synchronizing object | Fan ceiling stem.002
Fra:1 Mem:522.54M (Peak 522.54M) | Time:00:01.06 | Mem:0.00M, Peak:0.00M | Scene, ViewLayer | Synchronizing object | Fan pressed ceiling flange.002
Fra:1 Mem:522.54M (Peak 522.54M) | Time:00:01.06 | Mem:0.00M, Peak:0.00M | Scene, ViewLayer | Synchronizing object | Fan round motor housing.002
Fra:1 Mem:522.55M (Peak 522.55M) | Time:00:01.06 | Mem:0.00M, Peak:0.00M | Scene, ViewLayer | Synchronizing object | Fan concentric safety grille.012
Fra:1 Mem:522.58M (Peak 522.58M) | Time:00:01.06 | Mem:0.00M, Peak:0.00M | Scene, ViewLayer | Synchronizing object | Fan concentric safety grille.013
Fra:1 Mem:522.64M (Peak 522.64M) | Time:00:01.06 | Mem:0.00M, Peak:0.00M | Scene, ViewLayer | Synchronizing object | Fan concentric safety grille.014
Fra:1 Mem:522.73M (Peak 522.73M) | Time:00:01.07 | Mem:0.00M, Peak:0.00M | Scene, ViewLayer | Synchronizing object | Fan concentric safety grille.015
Fra:1 Mem:522.72M (Peak 522.73M) | Time:00:01.07 | Mem:0.00M, Peak:0.00M | Scene, ViewLayer | Synchronizing object | Fan concentric safety grille.016
Fra:1 Mem:522.86M (Peak 522.86M) | Time:00:01.07 | Mem:0.00M, Peak:0.00M | Scene, ViewLayer | Synchronizing object | Fan concentric safety grille.017
Fra:1 Mem:522.85M (Peak 522.86M) | Time:00:01.07 | Mem:0.00M, Peak:0.00M | Scene, ViewLayer | Synchronizing object | Fan radial cage wire.049
Fra:1 Mem:522.88M (Peak 522.88M) | Time:00:01.07 | Mem:0.00M, Peak:0.00M | Scene, ViewLayer | Synchronizing object | Fan radial cage wire.050
Fra:1 Mem:522.90M (Peak 522.90M) | Time:00:01.07 | Mem:0.00M, Peak:0.00M | Scene, ViewLayer | Synchronizing object | Fan radial cage wire.051
Fra:1 Mem:522.91M (Peak 522.91M) | Time:00:01.07 | Mem:0.00M, Peak:0.00M | Scene, ViewLayer | Synchronizing object | Fan radial cage wire.052
Fra:1 Mem:522.92M (Peak 522.92M) | Time:00:01.07 | Mem:0.00M, Peak:0.00M | Scene, ViewLayer | Synchronizing object | Fan radial cage wire.053
Fra:1 Mem:522.93M (Peak 522.93M) | Time:00:01.07 | Mem:0.00M, Peak:0.00M | Scene, ViewLayer | Synchronizing object | Fan radial cage wire.054
Fra:1 Mem:522.93M (Peak 522.93M) | Time:00:01.07 | Mem:0.00M, Peak:0.00M | Scene, ViewLayer | Synchronizing object | Fan radial cage wire.055
Fra:1 Mem:522.94M (Peak 522.94M) | Time:00:01.07 | Mem:0.00M, Peak:0.00M | Scene, ViewLayer | Synchronizing object | Fan radial cage wire.056
Fra:1 Mem:522.94M (Peak 522.94M) | Time:00:01.07 | Mem:0.00M, Peak:0.00M | Scene, ViewLayer | Synchronizing object | Fan radial cage wire.057
Fra:1 Mem:522.96M (Peak 522.96M) | Time:00:01.07 | Mem:0.00M, Peak:0.00M | Scene, ViewLayer | Synchronizing object | Fan radial cage wire.058
Fra:1 Mem:522.97M (Peak 522.97M) | Time:00:01.07 | Mem:0.00M, Peak:0.00M | Scene, ViewLayer | Synchronizing object | Fan radial cage wire.059
Fra:1 Mem:522.97M (Peak 522.97M) | Time:00:01.07 | Mem:0.00M, Peak:0.00M | Scene, ViewLayer | Synchronizing object | Fan radial cage wire.060
Fra:1 Mem:522.97M (Peak 522.97M) | Time:00:01.07 | Mem:0.00M, Peak:0.00M | Scene, ViewLayer | Synchronizing object | Fan radial cage wire.061
Fra:1 Mem:522.98M (Peak 522.98M) | Time:00:01.07 | Mem:0.00M, Peak:0.00M | Scene, ViewLayer | Synchronizing object | Fan radial cage wire.062
Fra:1 Mem:522.98M (Peak 522.98M) | Time:00:01.07 | Mem:0.00M, Peak:0.00M | Scene, ViewLayer | Synchronizing object | Fan radial cage wire.063
Fra:1 Mem:523.00M (Peak 523.00M) | Time:00:01.07 | Mem:0.00M, Peak:0.00M | Scene, ViewLayer | Synchronizing object | Fan radial cage wire.064
Fra:1 Mem:523.00M (Peak 523.00M) | Time:00:01.07 | Mem:0.00M, Peak:0.00M | Scene, ViewLayer | Synchronizing object | Fan radial cage wire.066
Fra:1 Mem:523.01M (Peak 523.01M) | Time:00:01.07 | Mem:0.00M, Peak:0.00M | Scene, ViewLayer | Synchronizing object | Fan radial cage wire.067
Fra:1 Mem:523.01M (Peak 523.01M) | Time:00:01.07 | Mem:0.00M, Peak:0.00M | Scene, ViewLayer | Synchronizing object | Fan radial cage wire.069
Fra:1 Mem:523.03M (Peak 523.03M) | Time:00:01.07 | Mem:0.00M, Peak:0.00M | Scene, ViewLayer | Synchronizing object | Fan radial cage wire.070
Fra:1 Mem:523.03M (Peak 523.03M) | Time:00:01.07 | Mem:0.00M, Peak:0.00M | Scene, ViewLayer | Synchronizing object | Fan swept three blade rotor.006
Fra:1 Mem:523.04M (Peak 523.04M) | Time:00:01.07 | Mem:0.00M, Peak:0.00M | Scene, ViewLayer | Synchronizing object | Fan swept three blade rotor.007
Fra:1 Mem:523.04M (Peak 523.04M) | Time:00:01.07 | Mem:0.00M, Peak:0.00M | Scene, ViewLayer | Synchronizing object | Fan centre decorative cap.002
Fra:1 Mem:523.06M (Peak 523.06M) | Time:00:01.07 | Mem:0.00M, Peak:0.00M | Scene, ViewLayer | Synchronizing object | Fan grille locking clip.008
Fra:1 Mem:523.06M (Peak 523.06M) | Time:00:01.07 | Mem:0.00M, Peak:0.00M | Scene, ViewLayer | Synchronizing object | Fan grille locking clip.010
Fra:1 Mem:523.08M (Peak 523.08M) | Time:00:01.07 | Mem:0.00M, Peak:0.00M | Scene, ViewLayer | Synchronizing object | Fan grille locking clip.011
Fra:1 Mem:523.09M (Peak 523.09M) | Time:00:01.07 | Mem:0.00M, Peak:0.00M | Scene, ViewLayer | Synchronizing object | Bay_03_number_plate
Fra:1 Mem:523.09M (Peak 523.09M) | Time:00:01.07 | Mem:0.00M, Peak:0.00M | Scene, ViewLayer | Synchronizing object | Bay_04_lower_cushion
Fra:1 Mem:523.11M (Peak 523.11M) | Time:00:01.07 | Mem:0.00M, Peak:0.00M | Scene, ViewLayer | Synchronizing object | Bay_04_lower_cushion_stitched_edge_welt
Fra:1 Mem:523.18M (Peak 523.18M) | Time:00:01.07 | Mem:0.00M, Peak:0.00M | Scene, ViewLayer | Synchronizing object | Bay_04_lower_cushion_subtle_cover_stitch
Fra:1 Mem:523.20M (Peak 523.20M) | Time:00:01.07 | Mem:0.00M, Peak:0.00M | Scene, ViewLayer | Synchronizing object | Bay_04_lower_cushion_subtle_cover_stitch.001
Fra:1 Mem:523.22M (Peak 523.22M) | Time:00:01.07 | Mem:0.00M, Peak:0.00M | Scene, ViewLayer | Synchronizing object | Bay_04_upper_cushion
Fra:1 Mem:523.22M (Peak 523.22M) | Time:00:01.07 | Mem:0.00M, Peak:0.00M | Scene, ViewLayer | Synchronizing object | Bay_04_upper_cushion_subtle_cover_stitch
Fra:1 Mem:523.29M (Peak 523.29M) | Time:00:01.07 | Mem:0.00M, Peak:0.00M | Scene, ViewLayer | Synchronizing object | Bay_04_upper_cushion_subtle_cover_stitch.001
Fra:1 Mem:523.30M (Peak 523.30M) | Time:00:01.07 | Mem:0.00M, Peak:0.00M | Scene, ViewLayer | Synchronizing object | Bay_04_lower_pan
Fra:1 Mem:523.32M (Peak 523.32M) | Time:00:01.07 | Mem:0.00M, Peak:0.00M | Scene, ViewLayer | Synchronizing object | Bay_04_lower_leg
Fra:1 Mem:523.31M (Peak 523.32M) | Time:00:01.07 | Mem:0.00M, Peak:0.00M | Scene, ViewLayer | Synchronizing object | Bay_04_folded_middle_backrest
Fra:1 Mem:523.32M (Peak 523.32M) | Time:00:01.07 | Mem:0.00M, Peak:0.00M | Scene, ViewLayer | Synchronizing object | Bay_04_upper_support
Fra:1 Mem:523.33M (Peak 523.33M) | Time:00:01.07 | Mem:0.00M, Peak:0.00M | Scene, ViewLayer | Synchronizing object | Bay_04_upper_hanger_ceiling_plate
Fra:1 Mem:523.33M (Peak 523.33M) | Time:00:01.07 | Mem:0.00M, Peak:0.00M | Scene, ViewLayer | Synchronizing object | Bay_04_upper_support.001
Fra:1 Mem:523.35M (Peak 523.35M) | Time:00:01.07 | Mem:0.00M, Peak:0.00M | Scene, ViewLayer | Synchronizing object | Bay_04_upper_hanger_ceiling_plate.001
Fra:1 Mem:523.38M (Peak 523.38M) | Time:00:01.07 | Mem:0.00M, Peak:0.00M | Scene, ViewLayer | Synchronizing object | Bay_04_luggage_rack_rail
Fra:1 Mem:523.39M (Peak 523.39M) | Time:00:01.07 | Mem:0.00M, Peak:0.00M | Scene, ViewLayer | Synchronizing object | Bay_04_luggage_rack_rail.001
Fra:1 Mem:523.39M (Peak 523.39M) | Time:00:01.07 | Mem:0.00M, Peak:0.00M | Scene, ViewLayer | Synchronizing object | Bay_04_underseat_rack
Fra:1 Mem:523.41M (Peak 523.41M) | Time:00:01.07 | Mem:0.00M, Peak:0.00M | Scene, ViewLayer | Synchronizing object | Bay_04_underseat_rack.001
Fra:1 Mem:523.41M (Peak 523.41M) | Time:00:01.07 | Mem:0.00M, Peak:0.00M | Scene, ViewLayer | Synchronizing object | Bay_04_underseat_rack.002
Fra:1 Mem:523.38M (Peak 523.41M) | Time:00:01.07 | Mem:0.00M, Peak:0.00M | Scene, ViewLayer | Synchronizing object | Bay_04_underseat_rack.003
Fra:1 Mem:523.39M (Peak 523.41M) | Time:00:01.07 | Mem:0.00M, Peak:0.00M | Scene, ViewLayer | Synchronizing object | Bay_04_underseat_rack.004
Fra:1 Mem:523.41M (Peak 523.41M) | Time:00:01.07 | Mem:0.00M, Peak:0.00M | Scene, ViewLayer | Synchronizing object | Bay_04_ladder
Fra:1 Mem:523.41M (Peak 523.41M) | Time:00:01.07 | Mem:0.00M, Peak:0.00M | Scene, ViewLayer | Synchronizing object | Bay_04_ladder.001
Fra:1 Mem:523.42M (Peak 523.42M) | Time:00:01.07 | Mem:0.00M, Peak:0.00M | Scene, ViewLayer | Synchronizing object | Bay_04_ladder_step
Fra:1 Mem:523.42M (Peak 523.42M) | Time:00:01.07 | Mem:0.00M, Peak:0.00M | Scene, ViewLayer | Synchronizing object | Bay_04_ladder_step.001
Fra:1 Mem:523.46M (Peak 523.46M) | Time:00:01.07 | Mem:0.00M, Peak:0.00M | Scene, ViewLayer | Synchronizing object | Bay_04_ladder_step.002
Fra:1 Mem:523.46M (Peak 523.46M) | Time:00:01.07 | Mem:0.00M, Peak:0.00M | Scene, ViewLayer | Synchronizing object | Bay_04_ladder_step.003
Fra:1 Mem:523.46M (Peak 523.46M) | Time:00:01.07 | Mem:0.00M, Peak:0.00M | Scene, ViewLayer | Synchronizing object | Bay_04_ladder_step.004
Fra:1 Mem:523.47M (Peak 523.47M) | Time:00:01.07 | Mem:0.00M, Peak:0.00M | Scene, ViewLayer | Synchronizing object | Bay_04_lower_cushion.001
Fra:1 Mem:523.50M (Peak 523.50M) | Time:00:01.07 | Mem:0.00M, Peak:0.00M | Scene, ViewLayer | Synchronizing object | Bay_04_lower_cushion_stitched_edge_welt.001
Fra:1 Mem:523.49M (Peak 523.50M) | Time:00:01.07 | Mem:0.00M, Peak:0.00M | Scene, ViewLayer | Synchronizing object | Bay_04_lower_cushion_subtle_cover_stitch.002
Fra:1 Mem:523.51M (Peak 523.51M) | Time:00:01.07 | Mem:0.00M, Peak:0.00M | Scene, ViewLayer | Synchronizing object | Bay_04_lower_cushion_subtle_cover_stitch.003
Fra:1 Mem:523.51M (Peak 523.51M) | Time:00:01.07 | Mem:0.00M, Peak:0.00M | Scene, ViewLayer | Synchronizing object | Bay_04_upper_cushion.001
Fra:1 Mem:523.54M (Peak 523.54M) | Time:00:01.07 | Mem:0.00M, Peak:0.00M | Scene, ViewLayer | Synchronizing object | Bay_04_upper_cushion_stitched_edge_welt.001
Fra:1 Mem:523.57M (Peak 523.57M) | Time:00:01.07 | Mem:0.00M, Peak:0.00M | Scene, ViewLayer | Synchronizing object | Bay_04_upper_cushion_subtle_cover_stitch.002
Fra:1 Mem:523.60M (Peak 523.60M) | Time:00:01.07 | Mem:0.00M, Peak:0.00M | Scene, ViewLayer | Synchronizing object | Bay_04_upper_cushion_subtle_cover_stitch.003
Fra:1 Mem:523.60M (Peak 523.60M) | Time:00:01.07 | Mem:0.00M, Peak:0.00M | Scene, ViewLayer | Synchronizing object | Bay_04_lower_pan.001
Fra:1 Mem:523.61M (Peak 523.61M) | Time:00:01.07 | Mem:0.00M, Peak:0.00M | Scene, ViewLayer | Synchronizing object | Bay_04_lower_leg.002
Fra:1 Mem:523.62M (Peak 523.62M) | Time:00:01.07 | Mem:0.00M, Peak:0.00M | Scene, ViewLayer | Synchronizing object | Bay_04_folded_middle_backrest.001
Fra:1 Mem:523.63M (Peak 523.63M) | Time:00:01.07 | Mem:0.00M, Peak:0.00M | Scene, ViewLayer | Synchronizing object | Bay_04_upper_support.002
Fra:1 Mem:523.64M (Peak 523.64M) | Time:00:01.07 | Mem:0.00M, Peak:0.00M | Scene, ViewLayer | Synchronizing object | Bay_04_upper_hanger_ceiling_plate.002
Fra:1 Mem:523.68M (Peak 523.68M) | Time:00:01.07 | Mem:0.00M, Peak:0.00M | Scene, ViewLayer | Synchronizing object | Bay_04_upper_support.003
Fra:1 Mem:523.70M (Peak 523.70M) | Time:00:01.07 | Mem:0.00M, Peak:0.00M | Scene, ViewLayer | Synchronizing object | Bay_04_upper_hanger_ceiling_plate.003
Fra:1 Mem:523.69M (Peak 523.70M) | Time:00:01.07 | Mem:0.00M, Peak:0.00M | Scene, ViewLayer | Synchronizing object | Bay_04_luggage_rack_rail.002
Fra:1 Mem:523.70M (Peak 523.70M) | Time:00:01.07 | Mem:0.00M, Peak:0.00M | Scene, ViewLayer | Synchronizing object | Bay_04_luggage_rack_rail.003
Fra:1 Mem:523.71M (Peak 523.71M) | Time:00:01.07 | Mem:0.00M, Peak:0.00M | Scene, ViewLayer | Synchronizing object | Bay_04_underseat_rack.005
Fra:1 Mem:523.74M (Peak 523.74M) | Time:00:01.07 | Mem:0.00M, Peak:0.00M | Scene, ViewLayer | Synchronizing object | Bay_04_underseat_rack.006
Fra:1 Mem:523.74M (Peak 523.74M) | Time:00:01.07 | Mem:0.00M, Peak:0.00M | Scene, ViewLayer | Synchronizing object | Bay_04_underseat_rack.007
Fra:1 Mem:523.75M (Peak 523.75M) | Time:00:01.07 | Mem:0.00M, Peak:0.00M | Scene, ViewLayer | Synchronizing object | Bay_04_underseat_rack.008
Fra:1 Mem:523.75M (Peak 523.75M) | Time:00:01.07 | Mem:0.00M, Peak:0.00M | Scene, ViewLayer | Synchronizing object | Bay_04_underseat_rack.009
Fra:1 Mem:523.75M (Peak 523.75M) | Time:00:01.07 | Mem:0.00M, Peak:0.00M | Scene, ViewLayer | Synchronizing object | Bay_04_ladder.002
Fra:1 Mem:523.75M (Peak 523.75M) | Time:00:01.07 | Mem:0.00M, Peak:0.00M | Scene, ViewLayer | Synchronizing object | Bay_04_ladder.003
Fra:1 Mem:523.76M (Peak 523.76M) | Time:00:01.07 | Mem:0.00M, Peak:0.00M | Scene, ViewLayer | Synchronizing object | Bay_04_ladder_step.005
Fra:1 Mem:523.76M (Peak 523.76M) | Time:00:01.07 | Mem:0.00M, Peak:0.00M | Scene, ViewLayer | Synchronizing object | Bay_04_ladder_step.006
Fra:1 Mem:523.77M (Peak 523.77M) | Time:00:01.07 | Mem:0.00M, Peak:0.00M | Scene, ViewLayer | Synchronizing object | Bay_04_ladder_step.007
Fra:1 Mem:523.75M (Peak 523.77M) | Time:00:01.07 | Mem:0.00M, Peak:0.00M | Scene, ViewLayer | Synchronizing object | Bay_04_ladder_step.008
Fra:1 Mem:523.75M (Peak 523.77M) | Time:00:01.07 | Mem:0.00M, Peak:0.00M | Scene, ViewLayer | Synchronizing object | Bay_04_ladder_step.009
Fra:1 Mem:523.73M (Peak 523.77M) | Time:00:01.07 | Mem:0.00M, Peak:0.00M | Scene, ViewLayer | Synchronizing object | Bay_04_individual_reading_lamp.001
Fra:1 Mem:523.73M (Peak 523.77M) | Time:00:01.07 | Mem:0.00M, Peak:0.00M | Scene, ViewLayer | Synchronizing object | Shared compartment partition.003
Fra:1 Mem:523.74M (Peak 523.77M) | Time:00:01.07 | Mem:0.00M, Peak:0.00M | Scene, ViewLayer | Synchronizing object | Bay_04_side_LOWER
Fra:1 Mem:523.74M (Peak 523.77M) | Time:00:01.07 | Mem:0.00M, Peak:0.00M | Scene, ViewLayer | Synchronizing object | Bay_04_side_LOWER_stitched_edge_welt
Fra:1 Mem:523.75M (Peak 523.77M) | Time:00:01.07 | Mem:0.00M, Peak:0.00M | Scene, ViewLayer | Synchronizing object | Bay_04_side_LOWER_support_pan
Fra:1 Mem:523.80M (Peak 523.80M) | Time:00:01.07 | Mem:0.00M, Peak:0.00M | Scene, ViewLayer | Synchronizing object | Bay_04_side_LOWER_wall_bracket
Fra:1 Mem:523.81M (Peak 523.81M) | Time:00:01.07 | Mem:0.00M, Peak:0.00M | Scene, ViewLayer | Synchronizing object | Bay_04_side_LOWER_diagonal_brace
Fra:1 Mem:523.83M (Peak 523.83M) | Time:00:01.07 | Mem:0.00M, Peak:0.00M | Scene, ViewLayer | Synchronizing object | Bay_04_side_lower_floor_leg
Fra:1 Mem:523.83M (Peak 523.83M) | Time:00:01.07 | Mem:0.00M, Peak:0.00M | Scene, ViewLayer | Synchronizing object | Bay_04_side_LOWER_wall_bracket.001
Fra:1 Mem:523.83M (Peak 523.83M) | Time:00:01.07 | Mem:0.00M, Peak:0.00M | Scene, ViewLayer | Synchronizing object | Bay_04_side_lower_floor_leg.001
Fra:1 Mem:523.84M (Peak 523.84M) | Time:00:01.07 | Mem:0.00M, Peak:0.00M | Scene, ViewLayer | Synchronizing object | Bay_04_side_UPPER
Fra:1 Mem:523.85M (Peak 523.85M) | Time:00:01.07 | Mem:0.00M, Peak:0.00M | Scene, ViewLayer | Synchronizing object | Bay_04_side_UPPER_stitched_edge_welt
Fra:1 Mem:523.87M (Peak 523.87M) | Time:00:01.07 | Mem:0.00M, Peak:0.00M | Scene, ViewLayer | Synchronizing object | Bay_04_side_UPPER_support_pan
Fra:1 Mem:523.91M (Peak 523.91M) | Time:00:01.07 | Mem:0.00M, Peak:0.00M | Scene, ViewLayer | Synchronizing object | Bay_04_side_UPPER_wall_bracket
Fra:1 Mem:523.91M (Peak 523.91M) | Time:00:01.07 | Mem:0.00M, Peak:0.00M | Scene, ViewLayer | Synchronizing object | Bay_04_side_UPPER_diagonal_brace
Fra:1 Mem:523.93M (Peak 523.93M) | Time:00:01.07 | Mem:0.00M, Peak:0.00M | Scene, ViewLayer | Synchronizing object | Bay_04_side_UPPER_wall_bracket.001
Fra:1 Mem:523.93M (Peak 523.93M) | Time:00:01.07 | Mem:0.00M, Peak:0.00M | Scene, ViewLayer | Synchronizing object | Bay_04_side_UPPER_diagonal_brace.001
Fra:1 Mem:523.93M (Peak 523.93M) | Time:00:01.07 | Mem:0.00M, Peak:0.00M | Scene, ViewLayer | Synchronizing object | Bay_04_side_seat_back
Fra:1 Mem:523.93M (Peak 523.93M) | Time:00:01.07 | Mem:0.00M, Peak:0.00M | Scene, ViewLayer | Synchronizing object | Bay_04_side_seat_back.001
Fra:1 Mem:523.95M (Peak 523.95M) | Time:00:01.07 | Mem:0.00M, Peak:0.00M | Scene, ViewLayer | Synchronizing object | Bay_04_side_berth_support.001
Fra:1 Mem:523.95M (Peak 523.95M) | Time:00:01.07 | Mem:0.00M, Peak:0.00M | Scene, ViewLayer | Synchronizing object | Bay_04_side_cushion_seam
Fra:1 Mem:523.96M (Peak 523.96M) | Time:00:01.07 | Mem:0.00M, Peak:0.00M | Scene, ViewLayer | Synchronizing object | Bay_04_window_table
Fra:1 Mem:523.96M (Peak 523.96M) | Time:00:01.07 | Mem:0.00M, Peak:0.00M | Scene, ViewLayer | Synchronizing object | Fan ceiling stem.003
Fra:1 Mem:523.98M (Peak 523.98M) | Time:00:01.07 | Mem:0.00M, Peak:0.00M | Scene, ViewLayer | Synchronizing object | Fan pressed ceiling flange.003
Fra:1 Mem:523.98M (Peak 523.98M) | Time:00:01.07 | Mem:0.00M, Peak:0.00M | Scene, ViewLayer | Synchronizing object | Fan round motor housing.003
Fra:1 Mem:523.99M (Peak 523.99M) | Time:00:01.07 | Mem:0.00M, Peak:0.00M | Scene, ViewLayer | Synchronizing object | Fan concentric safety grille.018
Fra:1 Mem:524.00M (Peak 524.00M) | Time:00:01.07 | Mem:0.00M, Peak:0.00M | Scene, ViewLayer | Synchronizing object | Fan concentric safety grille.019
Fra:1 Mem:524.08M (Peak 524.08M) | Time:00:01.07 | Mem:0.00M, Peak:0.00M | Scene, ViewLayer | Synchronizing object | Fan concentric safety grille.020
Fra:1 Mem:524.16M (Peak 524.16M) | Time:00:01.07 | Mem:0.00M, Peak:0.00M | Scene, ViewLayer | Synchronizing object | Fan concentric safety grille.021
Fra:1 Mem:524.20M (Peak 524.20M) | Time:00:01.07 | Mem:0.00M, Peak:0.00M | Scene, ViewLayer | Synchronizing object | Fan concentric safety grille.022
Fra:1 Mem:524.29M (Peak 524.29M) | Time:00:01.07 | Mem:0.00M, Peak:0.00M | Scene, ViewLayer | Synchronizing object | Fan concentric safety grille.023
Fra:1 Mem:524.30M (Peak 524.30M) | Time:00:01.07 | Mem:0.00M, Peak:0.00M | Scene, ViewLayer | Synchronizing object | Fan radial cage wire.072
Fra:1 Mem:524.32M (Peak 524.32M) | Time:00:01.07 | Mem:0.00M, Peak:0.00M | Scene, ViewLayer | Synchronizing object | Fan radial cage wire.073
Fra:1 Mem:524.34M (Peak 524.34M) | Time:00:01.07 | Mem:0.00M, Peak:0.00M | Scene, ViewLayer | Synchronizing object | Fan radial cage wire.074
Fra:1 Mem:524.35M (Peak 524.35M) | Time:00:01.07 | Mem:0.00M, Peak:0.00M | Scene, ViewLayer | Synchronizing object | Fan radial cage wire.075
Fra:1 Mem:524.36M (Peak 524.36M) | Time:00:01.07 | Mem:0.00M, Peak:0.00M | Scene, ViewLayer | Synchronizing object | Fan radial cage wire.076
Fra:1 Mem:524.37M (Peak 524.37M) | Time:00:01.07 | Mem:0.00M, Peak:0.00M | Scene, ViewLayer | Synchronizing object | Fan radial cage wire.078
Fra:1 Mem:524.37M (Peak 524.37M) | Time:00:01.07 | Mem:0.00M, Peak:0.00M | Scene, ViewLayer | Synchronizing object | Fan radial cage wire.079
Fra:1 Mem:524.39M (Peak 524.39M) | Time:00:01.07 | Mem:0.00M, Peak:0.00M | Scene, ViewLayer | Synchronizing object | Fan radial cage wire.080
Fra:1 Mem:524.39M (Peak 524.39M) | Time:00:01.07 | Mem:0.00M, Peak:0.00M | Scene, ViewLayer | Synchronizing object | Fan radial cage wire.082
Fra:1 Mem:524.41M (Peak 524.41M) | Time:00:01.07 | Mem:0.00M, Peak:0.00M | Scene, ViewLayer | Synchronizing object | Fan radial cage wire.083
Fra:1 Mem:524.41M (Peak 524.41M) | Time:00:01.07 | Mem:0.00M, Peak:0.00M | Scene, ViewLayer | Synchronizing object | Fan radial cage wire.085
Fra:1 Mem:524.42M (Peak 524.42M) | Time:00:01.07 | Mem:0.00M, Peak:0.00M | Scene, ViewLayer | Synchronizing object | Fan radial cage wire.086
Fra:1 Mem:524.43M (Peak 524.43M) | Time:00:01.07 | Mem:0.00M, Peak:0.00M | Scene, ViewLayer | Synchronizing object | Fan radial cage wire.087
Fra:1 Mem:524.43M (Peak 524.43M) | Time:00:01.07 | Mem:0.00M, Peak:0.00M | Scene, ViewLayer | Synchronizing object | Fan radial cage wire.088
Fra:1 Mem:524.43M (Peak 524.43M) | Time:00:01.07 | Mem:0.00M, Peak:0.00M | Scene, ViewLayer | Synchronizing object | Fan radial cage wire.089
Fra:1 Mem:524.44M (Peak 524.44M) | Time:00:01.07 | Mem:0.00M, Peak:0.00M | Scene, ViewLayer | Synchronizing object | Fan radial cage wire.090
Fra:1 Mem:524.45M (Peak 524.45M) | Time:00:01.07 | Mem:0.00M, Peak:0.00M | Scene, ViewLayer | Synchronizing object | Fan radial cage wire.091
Fra:1 Mem:524.45M (Peak 524.45M) | Time:00:01.07 | Mem:0.00M, Peak:0.00M | Scene, ViewLayer | Synchronizing object | Fan radial cage wire.092
Fra:1 Mem:524.46M (Peak 524.47M) | Time:00:01.07 | Mem:0.00M, Peak:0.00M | Scene, ViewLayer | Synchronizing object | Fan radial cage wire.093
Fra:1 Mem:524.46M (Peak 524.47M) | Time:00:01.07 | Mem:0.00M, Peak:0.00M | Scene, ViewLayer | Synchronizing object | Fan radial cage wire.094
Fra:1 Mem:524.47M (Peak 524.47M) | Time:00:01.07 | Mem:0.00M, Peak:0.00M | Scene, ViewLayer | Synchronizing object | Fan radial cage wire.095
Fra:1 Mem:524.47M (Peak 524.47M) | Time:00:01.07 | Mem:0.00M, Peak:0.00M | Scene, ViewLayer | Synchronizing object | Fan swept three blade rotor.009
Fra:1 Mem:524.48M (Peak 524.48M) | Time:00:01.07 | Mem:0.00M, Peak:0.00M | Scene, ViewLayer | Synchronizing object | Fan swept three blade rotor.010
Fra:1 Mem:524.48M (Peak 524.48M) | Time:00:01.07 | Mem:0.00M, Peak:0.00M | Scene, ViewLayer | Synchronizing object | Fan swept three blade rotor.011
Fra:1 Mem:524.48M (Peak 524.48M) | Time:00:01.07 | Mem:0.00M, Peak:0.00M | Scene, ViewLayer | Synchronizing object | Fan centre decorative cap.003
Fra:1 Mem:524.48M (Peak 524.48M) | Time:00:01.07 | Mem:0.00M, Peak:0.00M | Scene, ViewLayer | Synchronizing object | Fan grille locking clip.012
Fra:1 Mem:524.49M (Peak 524.49M) | Time:00:01.07 | Mem:0.00M, Peak:0.00M | Scene, ViewLayer | Synchronizing object | Fan grille locking clip.013
Fra:1 Mem:524.50M (Peak 524.50M) | Time:00:01.07 | Mem:0.00M, Peak:0.00M | Scene, ViewLayer | Synchronizing object | Fan grille locking clip.014
Fra:1 Mem:524.52M (Peak 524.52M) | Time:00:01.07 | Mem:0.00M, Peak:0.00M | Scene, ViewLayer | Synchronizing object | Fan grille locking clip.015
Fra:1 Mem:524.52M (Peak 524.52M) | Time:00:01.07 | Mem:0.00M, Peak:0.00M | Scene, ViewLayer | Synchronizing object | Bay_04_number_plate
Fra:1 Mem:524.52M (Peak 524.52M) | Time:00:01.07 | Mem:0.00M, Peak:0.00M | Scene, ViewLayer | Synchronizing object | Bay_05_lower_cushion
Fra:1 Mem:524.55M (Peak 524.55M) | Time:00:01.07 | Mem:0.00M, Peak:0.00M | Scene, ViewLayer | Synchronizing object | Bay_05_lower_cushion_stitched_edge_welt
Fra:1 Mem:524.55M (Peak 524.55M) | Time:00:01.07 | Mem:0.00M, Peak:0.00M | Scene, ViewLayer | Synchronizing object | Bay_05_lower_cushion_subtle_cover_stitch
Fra:1 Mem:524.58M (Peak 524.58M) | Time:00:01.07 | Mem:0.00M, Peak:0.00M | Scene, ViewLayer | Synchronizing object | Bay_05_lower_cushion_subtle_cover_stitch.001
Fra:1 Mem:524.59M (Peak 524.59M) | Time:00:01.07 | Mem:0.00M, Peak:0.00M | Scene, ViewLayer | Synchronizing object | Bay_05_upper_cushion
Fra:1 Mem:524.64M (Peak 524.64M) | Time:00:01.07 | Mem:0.00M, Peak:0.00M | Scene, ViewLayer | Synchronizing object | Bay_05_upper_cushion_stitched_edge_welt
Fra:1 Mem:524.67M (Peak 524.67M) | Time:00:01.07 | Mem:0.00M, Peak:0.00M | Scene, ViewLayer | Synchronizing object | Bay_05_upper_cushion_subtle_cover_stitch
Fra:1 Mem:524.70M (Peak 524.70M) | Time:00:01.07 | Mem:0.00M, Peak:0.00M | Scene, ViewLayer | Synchronizing object | Bay_05_upper_cushion_subtle_cover_stitch.001
Fra:1 Mem:524.69M (Peak 524.70M) | Time:00:01.07 | Mem:0.00M, Peak:0.00M | Scene, ViewLayer | Synchronizing object | Bay_05_lower_pan
Fra:1 Mem:524.71M (Peak 524.71M) | Time:00:01.07 | Mem:0.00M, Peak:0.00M | Scene, ViewLayer | Synchronizing object | Bay_05_lower_leg
Fra:1 Mem:524.72M (Peak 524.72M) | Time:00:01.07 | Mem:0.00M, Peak:0.00M | Scene, ViewLayer | Synchronizing object | Bay_05_lower_leg.001
Fra:1 Mem:524.72M (Peak 524.72M) | Time:00:01.07 | Mem:0.00M, Peak:0.00M | Scene, ViewLayer | Synchronizing object | Bay_05_folded_middle_backrest
Fra:1 Mem:524.72M (Peak 524.72M) | Time:00:01.07 | Mem:0.00M, Peak:0.00M | Scene, ViewLayer | Synchronizing object | Bay_05_upper_support
Fra:1 Mem:524.73M (Peak 524.73M) | Time:00:01.07 | Mem:0.00M, Peak:0.00M | Scene, ViewLayer | Synchronizing object | Bay_05_upper_hanger_ceiling_plate
Fra:1 Mem:524.74M (Peak 524.74M) | Time:00:01.07 | Mem:0.00M, Peak:0.00M | Scene, ViewLayer | Synchronizing object | Bay_05_upper_support.001
Fra:1 Mem:524.78M (Peak 524.78M) | Time:00:01.07 | Mem:0.00M, Peak:0.00M | Scene, ViewLayer | Synchronizing object | Bay_05_upper_hanger_ceiling_plate.001
Fra:1 Mem:524.78M (Peak 524.78M) | Time:00:01.07 | Mem:0.00M, Peak:0.00M | Scene, ViewLayer | Synchronizing object | Bay_05_luggage_rack_rail
Fra:1 Mem:524.79M (Peak 524.79M) | Time:00:01.07 | Mem:0.00M, Peak:0.00M | Scene, ViewLayer | Synchronizing object | Bay_05_luggage_rack_rail.001
Fra:1 Mem:524.80M (Peak 524.80M) | Time:00:01.07 | Mem:0.00M, Peak:0.00M | Scene, ViewLayer | Synchronizing object | Bay_05_underseat_rack
Fra:1 Mem:524.81M (Peak 524.81M) | Time:00:01.07 | Mem:0.00M, Peak:0.00M | Scene, ViewLayer | Synchronizing object | Bay_05_underseat_rack.001
Fra:1 Mem:524.84M (Peak 524.84M) | Time:00:01.07 | Mem:0.00M, Peak:0.00M | Scene, ViewLayer | Synchronizing object | Bay_05_underseat_rack.002
Fra:1 Mem:524.84M (Peak 524.84M) | Time:00:01.07 | Mem:0.00M, Peak:0.00M | Scene, ViewLayer | Synchronizing object | Bay_05_underseat_rack.003
Fra:1 Mem:524.85M (Peak 524.85M) | Time:00:01.07 | Mem:0.00M, Peak:0.00M | Scene, ViewLayer | Synchronizing object | Bay_05_underseat_rack.004
Fra:1 Mem:524.85M (Peak 524.85M) | Time:00:01.07 | Mem:0.00M, Peak:0.00M | Scene, ViewLayer | Synchronizing object | Bay_05_ladder
Fra:1 Mem:524.85M (Peak 524.85M) | Time:00:01.07 | Mem:0.00M, Peak:0.00M | Scene, ViewLayer | Synchronizing object | Bay_05_ladder.001
Fra:1 Mem:524.85M (Peak 524.85M) | Time:00:01.07 | Mem:0.00M, Peak:0.00M | Scene, ViewLayer | Synchronizing object | Bay_05_ladder_step
Fra:1 Mem:524.81M (Peak 524.85M) | Time:00:01.07 | Mem:0.00M, Peak:0.00M | Scene, ViewLayer | Synchronizing object | Bay_05_ladder_step.001
Fra:1 Mem:524.82M (Peak 524.85M) | Time:00:01.07 | Mem:0.00M, Peak:0.00M | Scene, ViewLayer | Synchronizing object | Bay_05_ladder_step.002
Fra:1 Mem:524.82M (Peak 524.85M) | Time:00:01.07 | Mem:0.00M, Peak:0.00M | Scene, ViewLayer | Synchronizing object | Bay_05_ladder_step.003
Fra:1 Mem:524.82M (Peak 524.85M) | Time:00:01.07 | Mem:0.00M, Peak:0.00M | Scene, ViewLayer | Synchronizing object | Bay_05_ladder_step.004
Fra:1 Mem:524.82M (Peak 524.85M) | Time:00:01.07 | Mem:0.00M, Peak:0.00M | Scene, ViewLayer | Synchronizing object | Bay_05_lower_cushion.001
Fra:1 Mem:524.87M (Peak 524.87M) | Time:00:01.07 | Mem:0.00M, Peak:0.00M | Scene, ViewLayer | Synchronizing object | Bay_05_lower_cushion_stitched_edge_welt.001
Fra:1 Mem:524.87M (Peak 524.87M) | Time:00:01.07 | Mem:0.00M, Peak:0.00M | Scene, ViewLayer | Synchronizing object | Bay_05_lower_cushion_subtle_cover_stitch.002
Fra:1 Mem:524.90M (Peak 524.90M) | Time:00:01.07 | Mem:0.00M, Peak:0.00M | Scene, ViewLayer | Synchronizing object | Bay_05_lower_cushion_subtle_cover_stitch.003
Fra:1 Mem:524.92M (Peak 524.92M) | Time:00:01.07 | Mem:0.00M, Peak:0.00M | Scene, ViewLayer | Synchronizing object | Bay_05_upper_cushion.001
Fra:1 Mem:524.95M (Peak 524.95M) | Time:00:01.07 | Mem:0.00M, Peak:0.00M | Scene, ViewLayer | Synchronizing object | Bay_05_upper_cushion_stitched_edge_welt.001
Fra:1 Mem:524.96M (Peak 524.96M) | Time:00:01.07 | Mem:0.00M, Peak:0.00M | Scene, ViewLayer | Synchronizing object | Bay_05_upper_cushion_subtle_cover_stitch.002
Fra:1 Mem:525.00M (Peak 525.00M) | Time:00:01.07 | Mem:0.00M, Peak:0.00M | Scene, ViewLayer | Synchronizing object | Bay_05_upper_cushion_subtle_cover_stitch.003
Fra:1 Mem:525.02M (Peak 525.02M) | Time:00:01.07 | Mem:0.00M, Peak:0.00M | Scene, ViewLayer | Synchronizing object | Bay_05_lower_pan.001
Fra:1 Mem:525.02M (Peak 525.02M) | Time:00:01.07 | Mem:0.00M, Peak:0.00M | Scene, ViewLayer | Synchronizing object | Bay_05_lower_leg.002
Fra:1 Mem:525.02M (Peak 525.02M) | Time:00:01.07 | Mem:0.00M, Peak:0.00M | Scene, ViewLayer | Synchronizing object | Bay_05_folded_middle_backrest.001
Fra:1 Mem:525.04M (Peak 525.04M) | Time:00:01.07 | Mem:0.00M, Peak:0.00M | Scene, ViewLayer | Synchronizing object | Bay_05_upper_support.002
Fra:1 Mem:525.08M (Peak 525.08M) | Time:00:01.07 | Mem:0.00M, Peak:0.00M | Scene, ViewLayer | Synchronizing object | Bay_05_upper_hanger_ceiling_plate.002
Fra:1 Mem:525.09M (Peak 525.09M) | Time:00:01.07 | Mem:0.00M, Peak:0.00M | Scene, ViewLayer | Synchronizing object | Bay_05_upper_support.003
Fra:1 Mem:525.09M (Peak 525.09M) | Time:00:01.07 | Mem:0.00M, Peak:0.00M | Scene, ViewLayer | Synchronizing object | Bay_05_upper_hanger_ceiling_plate.003
Fra:1 Mem:525.13M (Peak 525.13M) | Time:00:01.07 | Mem:0.00M, Peak:0.00M | Scene, ViewLayer | Synchronizing object | Bay_05_luggage_rack_rail.002
Fra:1 Mem:525.14M (Peak 525.14M) | Time:00:01.07 | Mem:0.00M, Peak:0.00M | Scene, ViewLayer | Synchronizing object | Bay_05_luggage_rack_rail.003
Fra:1 Mem:525.14M (Peak 525.14M) | Time:00:01.07 | Mem:0.00M, Peak:0.00M | Scene, ViewLayer | Synchronizing object | Bay_05_underseat_rack.005
Fra:1 Mem:525.14M (Peak 525.14M) | Time:00:01.07 | Mem:0.00M, Peak:0.00M | Scene, ViewLayer | Synchronizing object | Bay_05_underseat_rack.006
Fra:1 Mem:525.14M (Peak 525.14M) | Time:00:01.07 | Mem:0.00M, Peak:0.00M | Scene, ViewLayer | Synchronizing object | Bay_05_underseat_rack.007
Fra:1 Mem:525.14M (Peak 525.14M) | Time:00:01.07 | Mem:0.00M, Peak:0.00M | Scene, ViewLayer | Synchronizing object | Bay_05_underseat_rack.008
Fra:1 Mem:525.12M (Peak 525.14M) | Time:00:01.07 | Mem:0.00M, Peak:0.00M | Scene, ViewLayer | Synchronizing object | Bay_05_underseat_rack.009
Fra:1 Mem:525.11M (Peak 525.14M) | Time:00:01.07 | Mem:0.00M, Peak:0.00M | Scene, ViewLayer | Synchronizing object | Bay_05_ladder.002
Fra:1 Mem:525.11M (Peak 525.14M) | Time:00:01.07 | Mem:0.00M, Peak:0.00M | Scene, ViewLayer | Synchronizing object | Bay_05_ladder.003
Fra:1 Mem:525.11M (Peak 525.14M) | Time:00:01.07 | Mem:0.00M, Peak:0.00M | Scene, ViewLayer | Synchronizing object | Bay_05_ladder_step.006
Fra:1 Mem:525.12M (Peak 525.14M) | Time:00:01.07 | Mem:0.00M, Peak:0.00M | Scene, ViewLayer | Synchronizing object | Bay_05_ladder_step.007
Fra:1 Mem:525.13M (Peak 525.14M) | Time:00:01.07 | Mem:0.00M, Peak:0.00M | Scene, ViewLayer | Synchronizing object | Bay_05_ladder_step.008
Fra:1 Mem:525.13M (Peak 525.14M) | Time:00:01.07 | Mem:0.00M, Peak:0.00M | Scene, ViewLayer | Synchronizing object | Bay_05_ladder_step.009
Fra:1 Mem:525.13M (Peak 525.14M) | Time:00:01.07 | Mem:0.00M, Peak:0.00M | Scene, ViewLayer | Synchronizing object | Bay_05_individual_reading_lamp.001
Fra:1 Mem:525.14M (Peak 525.14M) | Time:00:01.07 | Mem:0.00M, Peak:0.00M | Scene, ViewLayer | Synchronizing object | Shared compartment partition.004
Fra:1 Mem:525.14M (Peak 525.14M) | Time:00:01.07 | Mem:0.00M, Peak:0.00M | Scene, ViewLayer | Synchronizing object | Bay_05_side_LOWER
Fra:1 Mem:525.16M (Peak 525.16M) | Time:00:01.07 | Mem:0.00M, Peak:0.00M | Scene, ViewLayer | Synchronizing object | Bay_05_side_LOWER_stitched_edge_welt
Fra:1 Mem:525.17M (Peak 525.17M) | Time:00:01.07 | Mem:0.00M, Peak:0.00M | Scene, ViewLayer | Synchronizing object | Bay_05_side_LOWER_support_pan
Fra:1 Mem:525.21M (Peak 525.21M) | Time:00:01.07 | Mem:0.00M, Peak:0.00M | Scene, ViewLayer | Synchronizing object | Bay_05_side_LOWER_wall_bracket
Fra:1 Mem:525.21M (Peak 525.21M) | Time:00:01.07 | Mem:0.00M, Peak:0.00M | Scene, ViewLayer | Synchronizing object | Bay_05_side_lower_floor_leg
Fra:1 Mem:525.23M (Peak 525.23M) | Time:00:01.07 | Mem:0.00M, Peak:0.00M | Scene, ViewLayer | Synchronizing object | Bay_05_side_LOWER_wall_bracket.001
Fra:1 Mem:525.23M (Peak 525.23M) | Time:00:01.07 | Mem:0.00M, Peak:0.00M | Scene, ViewLayer | Synchronizing object | Bay_05_side_LOWER_diagonal_brace.001
Fra:1 Mem:525.24M (Peak 525.24M) | Time:00:01.07 | Mem:0.00M, Peak:0.00M | Scene, ViewLayer | Synchronizing object | Bay_05_side_lower_floor_leg.001
Fra:1 Mem:525.26M (Peak 525.26M) | Time:00:01.07 | Mem:0.00M, Peak:0.00M | Scene, ViewLayer | Synchronizing object | Bay_05_side_UPPER
Fra:1 Mem:525.25M (Peak 525.26M) | Time:00:01.07 | Mem:0.00M, Peak:0.00M | Scene, ViewLayer | Synchronizing object | Bay_05_side_UPPER_stitched_edge_welt
Fra:1 Mem:525.25M (Peak 525.26M) | Time:00:01.07 | Mem:0.00M, Peak:0.00M | Scene, ViewLayer | Synchronizing object | Bay_05_side_UPPER_support_pan
Fra:1 Mem:525.31M (Peak 525.31M) | Time:00:01.07 | Mem:0.00M, Peak:0.00M | Scene, ViewLayer | Synchronizing object | Bay_05_side_UPPER_wall_bracket
Fra:1 Mem:525.31M (Peak 525.31M) | Time:00:01.07 | Mem:0.00M, Peak:0.00M | Scene, ViewLayer | Synchronizing object | Bay_05_side_UPPER_diagonal_brace
Fra:1 Mem:525.32M (Peak 525.32M) | Time:00:01.07 | Mem:0.00M, Peak:0.00M | Scene, ViewLayer | Synchronizing object | Bay_05_side_UPPER_wall_bracket.001
Fra:1 Mem:525.33M (Peak 525.33M) | Time:00:01.07 | Mem:0.00M, Peak:0.00M | Scene, ViewLayer | Synchronizing object | Bay_05_side_UPPER_diagonal_brace.001
Fra:1 Mem:525.33M (Peak 525.33M) | Time:00:01.07 | Mem:0.00M, Peak:0.00M | Scene, ViewLayer | Synchronizing object | Bay_05_side_seat_back
Fra:1 Mem:525.34M (Peak 525.34M) | Time:00:01.07 | Mem:0.00M, Peak:0.00M | Scene, ViewLayer | Synchronizing object | Bay_05_side_berth_support
Fra:1 Mem:525.34M (Peak 525.34M) | Time:00:01.07 | Mem:0.00M, Peak:0.00M | Scene, ViewLayer | Synchronizing object | Bay_05_side_seat_back.001
Fra:1 Mem:525.35M (Peak 525.35M) | Time:00:01.07 | Mem:0.00M, Peak:0.00M | Scene, ViewLayer | Synchronizing object | Bay_05_side_berth_support.001
Fra:1 Mem:525.36M (Peak 525.36M) | Time:00:01.07 | Mem:0.00M, Peak:0.00M | Scene, ViewLayer | Synchronizing object | Bay_05_window_table
Fra:1 Mem:525.37M (Peak 525.37M) | Time:00:01.07 | Mem:0.00M, Peak:0.00M | Scene, ViewLayer | Synchronizing object | Bay_05_table_brace
Fra:1 Mem:525.37M (Peak 525.37M) | Time:00:01.07 | Mem:0.00M, Peak:0.00M | Scene, ViewLayer | Synchronizing object | Fan ceiling stem.004
Fra:1 Mem:525.37M (Peak 525.37M) | Time:00:01.07 | Mem:0.00M, Peak:0.00M | Scene, ViewLayer | Synchronizing object | Fan pressed ceiling flange.004
Fra:1 Mem:525.38M (Peak 525.38M) | Time:00:01.07 | Mem:0.00M, Peak:0.00M | Scene, ViewLayer | Synchronizing object | Fan round motor housing.004
Fra:1 Mem:525.40M (Peak 525.40M) | Time:00:01.07 | Mem:0.00M, Peak:0.00M | Scene, ViewLayer | Synchronizing object | Fan concentric safety grille.024
Fra:1 Mem:525.41M (Peak 525.41M) | Time:00:01.07 | Mem:0.00M, Peak:0.00M | Scene, ViewLayer | Synchronizing object | Fan concentric safety grille.025
Fra:1 Mem:525.45M (Peak 525.45M) | Time:00:01.07 | Mem:0.00M, Peak:0.00M | Scene, ViewLayer | Synchronizing object | Fan concentric safety grille.026
Fra:1 Mem:525.55M (Peak 525.55M) | Time:00:01.07 | Mem:0.00M, Peak:0.00M | Scene, ViewLayer | Synchronizing object | Fan concentric safety grille.027
Fra:1 Mem:525.61M (Peak 525.61M) | Time:00:01.07 | Mem:0.00M, Peak:0.00M | Scene, ViewLayer | Synchronizing object | Fan concentric safety grille.028
Fra:1 Mem:525.69M (Peak 525.69M) | Time:00:01.07 | Mem:0.00M, Peak:0.00M | Scene, ViewLayer | Synchronizing object | Fan concentric safety grille.029
Fra:1 Mem:525.68M (Peak 525.69M) | Time:00:01.07 | Mem:0.00M, Peak:0.00M | Scene, ViewLayer | Synchronizing object | Fan radial cage wire.096
Fra:1 Mem:525.73M (Peak 525.73M) | Time:00:01.07 | Mem:0.00M, Peak:0.00M | Scene, ViewLayer | Synchronizing object | Fan radial cage wire.097
Fra:1 Mem:525.74M (Peak 525.74M) | Time:00:01.07 | Mem:0.00M, Peak:0.00M | Scene, ViewLayer | Synchronizing object | Fan radial cage wire.098
Fra:1 Mem:525.75M (Peak 525.75M) | Time:00:01.07 | Mem:0.00M, Peak:0.00M | Scene, ViewLayer | Synchronizing object | Fan radial cage wire.099
Fra:1 Mem:525.76M (Peak 525.76M) | Time:00:01.07 | Mem:0.00M, Peak:0.00M | Scene, ViewLayer | Synchronizing object | Fan radial cage wire.100
Fra:1 Mem:525.77M (Peak 525.77M) | Time:00:01.07 | Mem:0.00M, Peak:0.00M | Scene, ViewLayer | Synchronizing object | Fan radial cage wire.101
Fra:1 Mem:525.77M (Peak 525.77M) | Time:00:01.07 | Mem:0.00M, Peak:0.00M | Scene, ViewLayer | Synchronizing object | Fan radial cage wire.102
Fra:1 Mem:525.77M (Peak 525.77M) | Time:00:01.07 | Mem:0.00M, Peak:0.00M | Scene, ViewLayer | Synchronizing object | Fan radial cage wire.103
Fra:1 Mem:525.79M (Peak 525.79M) | Time:00:01.07 | Mem:0.00M, Peak:0.00M | Scene, ViewLayer | Synchronizing object | Fan radial cage wire.104
Fra:1 Mem:525.80M (Peak 525.80M) | Time:00:01.07 | Mem:0.00M, Peak:0.00M | Scene, ViewLayer | Synchronizing object | Fan radial cage wire.105
Fra:1 Mem:525.80M (Peak 525.80M) | Time:00:01.07 | Mem:0.00M, Peak:0.00M | Scene, ViewLayer | Synchronizing object | Fan radial cage wire.106
Fra:1 Mem:525.80M (Peak 525.80M) | Time:00:01.07 | Mem:0.00M, Peak:0.00M | Scene, ViewLayer | Synchronizing object | Fan radial cage wire.108
Fra:1 Mem:525.82M (Peak 525.82M) | Time:00:01.07 | Mem:0.00M, Peak:0.00M | Scene, ViewLayer | Synchronizing object | Fan radial cage wire.109
Fra:1 Mem:525.82M (Peak 525.82M) | Time:00:01.07 | Mem:0.00M, Peak:0.00M | Scene, ViewLayer | Synchronizing object | Fan radial cage wire.110
Fra:1 Mem:525.83M (Peak 525.83M) | Time:00:01.07 | Mem:0.00M, Peak:0.00M | Scene, ViewLayer | Synchronizing object | Fan radial cage wire.111
Fra:1 Mem:525.83M (Peak 525.83M) | Time:00:01.07 | Mem:0.00M, Peak:0.00M | Scene, ViewLayer | Synchronizing object | Fan radial cage wire.112
Fra:1 Mem:525.84M (Peak 525.84M) | Time:00:01.07 | Mem:0.00M, Peak:0.00M | Scene, ViewLayer | Synchronizing object | Fan radial cage wire.113
Fra:1 Mem:525.85M (Peak 525.85M) | Time:00:01.07 | Mem:0.00M, Peak:0.00M | Scene, ViewLayer | Synchronizing object | Fan radial cage wire.114
Fra:1 Mem:525.85M (Peak 525.85M) | Time:00:01.07 | Mem:0.00M, Peak:0.00M | Scene, ViewLayer | Synchronizing object | Fan radial cage wire.116
Fra:1 Mem:525.86M (Peak 525.86M) | Time:00:01.07 | Mem:0.00M, Peak:0.00M | Scene, ViewLayer | Synchronizing object | Fan radial cage wire.117
Fra:1 Mem:525.87M (Peak 525.87M) | Time:00:01.07 | Mem:0.00M, Peak:0.00M | Scene, ViewLayer | Synchronizing object | Fan radial cage wire.118
Fra:1 Mem:525.87M (Peak 525.87M) | Time:00:01.07 | Mem:0.00M, Peak:0.00M | Scene, ViewLayer | Synchronizing object | Fan radial cage wire.119
Fra:1 Mem:525.88M (Peak 525.88M) | Time:00:01.07 | Mem:0.00M, Peak:0.00M | Scene, ViewLayer | Synchronizing object | Fan swept three blade rotor.012
Fra:1 Mem:525.88M (Peak 525.88M) | Time:00:01.07 | Mem:0.00M, Peak:0.00M | Scene, ViewLayer | Synchronizing object | Fan swept three blade rotor.013
Fra:1 Mem:525.89M (Peak 525.89M) | Time:00:01.07 | Mem:0.00M, Peak:0.00M | Scene, ViewLayer | Synchronizing object | Fan swept three blade rotor.014
Fra:1 Mem:525.89M (Peak 525.89M) | Time:00:01.07 | Mem:0.00M, Peak:0.00M | Scene, ViewLayer | Synchronizing object | Fan centre decorative cap.004
Fra:1 Mem:525.89M (Peak 525.89M) | Time:00:01.07 | Mem:0.00M, Peak:0.00M | Scene, ViewLayer | Synchronizing object | Fan grille locking clip.016
Fra:1 Mem:525.91M (Peak 525.91M) | Time:00:01.07 | Mem:0.00M, Peak:0.00M | Scene, ViewLayer | Synchronizing object | Fan grille locking clip.017
Fra:1 Mem:525.91M (Peak 525.91M) | Time:00:01.07 | Mem:0.00M, Peak:0.00M | Scene, ViewLayer | Synchronizing object | Fan grille locking clip.018
Fra:1 Mem:525.92M (Peak 525.92M) | Time:00:01.07 | Mem:0.00M, Peak:0.00M | Scene, ViewLayer | Synchronizing object | Fan grille locking clip.019
Fra:1 Mem:525.93M (Peak 525.93M) | Time:00:01.07 | Mem:0.00M, Peak:0.00M | Scene, ViewLayer | Synchronizing object | Bay_05_number_plate
Fra:1 Mem:525.94M (Peak 525.94M) | Time:00:01.07 | Mem:0.00M, Peak:0.00M | Scene, ViewLayer | Synchronizing object | Bay_06_lower_cushion
Fra:1 Mem:525.95M (Peak 525.95M) | Time:00:01.07 | Mem:0.00M, Peak:0.00M | Scene, ViewLayer | Synchronizing object | Bay_06_lower_cushion_stitched_edge_welt
Fra:1 Mem:526.00M (Peak 526.00M) | Time:00:01.07 | Mem:0.00M, Peak:0.00M | Scene, ViewLayer | Synchronizing object | Bay_06_lower_cushion_subtle_cover_stitch
Fra:1 Mem:526.02M (Peak 526.02M) | Time:00:01.07 | Mem:0.00M, Peak:0.00M | Scene, ViewLayer | Synchronizing object | Bay_06_lower_cushion_subtle_cover_stitch.001
Fra:1 Mem:526.04M (Peak 526.04M) | Time:00:01.07 | Mem:0.00M, Peak:0.00M | Scene, ViewLayer | Synchronizing object | Bay_06_upper_cushion
Fra:1 Mem:526.07M (Peak 526.07M) | Time:00:01.07 | Mem:0.00M, Peak:0.00M | Scene, ViewLayer | Synchronizing object | Bay_06_upper_cushion_stitched_edge_welt
Fra:1 Mem:526.07M (Peak 526.07M) | Time:00:01.07 | Mem:0.00M, Peak:0.00M | Scene, ViewLayer | Synchronizing object | Bay_06_upper_cushion_subtle_cover_stitch
Fra:1 Mem:526.11M (Peak 526.11M) | Time:00:01.07 | Mem:0.00M, Peak:0.00M | Scene, ViewLayer | Synchronizing object | Bay_06_upper_cushion_subtle_cover_stitch.001
Fra:1 Mem:526.12M (Peak 526.12M) | Time:00:01.07 | Mem:0.00M, Peak:0.00M | Scene, ViewLayer | Synchronizing object | Bay_06_lower_pan
Fra:1 Mem:526.13M (Peak 526.13M) | Time:00:01.07 | Mem:0.00M, Peak:0.00M | Scene, ViewLayer | Synchronizing object | Bay_06_lower_leg
Fra:1 Mem:526.14M (Peak 526.14M) | Time:00:01.07 | Mem:0.00M, Peak:0.00M | Scene, ViewLayer | Synchronizing object | Bay_06_lower_leg.001
Fra:1 Mem:526.14M (Peak 526.14M) | Time:00:01.07 | Mem:0.00M, Peak:0.00M | Scene, ViewLayer | Synchronizing object | Bay_06_upper_support
Fra:1 Mem:526.14M (Peak 526.14M) | Time:00:01.07 | Mem:0.00M, Peak:0.00M | Scene, ViewLayer | Synchronizing object | Bay_06_upper_hanger_ceiling_plate
Fra:1 Mem:526.20M (Peak 526.20M) | Time:00:01.07 | Mem:0.00M, Peak:0.00M | Scene, ViewLayer | Synchronizing object | Bay_06_upper_support.001
Fra:1 Mem:526.20M (Peak 526.20M) | Time:00:01.07 | Mem:0.00M, Peak:0.00M | Scene, ViewLayer | Synchronizing object | Bay_06_upper_hanger_ceiling_plate.001
Fra:1 Mem:526.21M (Peak 526.21M) | Time:00:01.07 | Mem:0.00M, Peak:0.00M | Scene, ViewLayer | Synchronizing object | Bay_06_luggage_rack_rail
Fra:1 Mem:526.22M (Peak 526.22M) | Time:00:01.07 | Mem:0.00M, Peak:0.00M | Scene, ViewLayer | Synchronizing object | Bay_06_luggage_rack_rail.001
Fra:1 Mem:526.22M (Peak 526.22M) | Time:00:01.07 | Mem:0.00M, Peak:0.00M | Scene, ViewLayer | Synchronizing object | Bay_06_underseat_rack
Fra:1 Mem:526.23M (Peak 526.23M) | Time:00:01.07 | Mem:0.00M, Peak:0.00M | Scene, ViewLayer | Synchronizing object | Bay_06_underseat_rack.001
Fra:1 Mem:526.26M (Peak 526.26M) | Time:00:01.07 | Mem:0.00M, Peak:0.00M | Scene, ViewLayer | Synchronizing object | Bay_06_underseat_rack.002
Fra:1 Mem:526.26M (Peak 526.26M) | Time:00:01.07 | Mem:0.00M, Peak:0.00M | Scene, ViewLayer | Synchronizing object | Bay_06_underseat_rack.003
Fra:1 Mem:526.27M (Peak 526.27M) | Time:00:01.07 | Mem:0.00M, Peak:0.00M | Scene, ViewLayer | Synchronizing object | Bay_06_underseat_rack.004
Fra:1 Mem:526.27M (Peak 526.27M) | Time:00:01.07 | Mem:0.00M, Peak:0.00M | Scene, ViewLayer | Synchronizing object | Bay_06_ladder
Fra:1 Mem:526.26M (Peak 526.27M) | Time:00:01.07 | Mem:0.00M, Peak:0.00M | Scene, ViewLayer | Synchronizing object | Bay_06_ladder.001
Fra:1 Mem:526.23M (Peak 526.27M) | Time:00:01.07 | Mem:0.00M, Peak:0.00M | Scene, ViewLayer | Synchronizing object | Bay_06_ladder_step
Fra:1 Mem:526.24M (Peak 526.27M) | Time:00:01.07 | Mem:0.00M, Peak:0.00M | Scene, ViewLayer | Synchronizing object | Bay_06_ladder_step.001
Fra:1 Mem:526.24M (Peak 526.27M) | Time:00:01.07 | Mem:0.00M, Peak:0.00M | Scene, ViewLayer | Synchronizing object | Bay_06_ladder_step.002
Fra:1 Mem:526.24M (Peak 526.27M) | Time:00:01.07 | Mem:0.00M, Peak:0.00M | Scene, ViewLayer | Synchronizing object | Bay_06_ladder_step.004
Fra:1 Mem:526.25M (Peak 526.27M) | Time:00:01.07 | Mem:0.00M, Peak:0.00M | Scene, ViewLayer | Synchronizing object | Bay_06_individual_reading_lamp
Fra:1 Mem:526.26M (Peak 526.27M) | Time:00:01.07 | Mem:0.00M, Peak:0.00M | Scene, ViewLayer | Synchronizing object | Bay_06_lower_cushion.001
Fra:1 Mem:526.26M (Peak 526.27M) | Time:00:01.07 | Mem:0.00M, Peak:0.00M | Scene, ViewLayer | Synchronizing object | Bay_06_lower_cushion_subtle_cover_stitch.002
Fra:1 Mem:526.33M (Peak 526.33M) | Time:00:01.07 | Mem:0.00M, Peak:0.00M | Scene, ViewLayer | Synchronizing object | Bay_06_lower_cushion_subtle_cover_stitch.003
Fra:1 Mem:526.33M (Peak 526.33M) | Time:00:01.07 | Mem:0.00M, Peak:0.00M | Scene, ViewLayer | Synchronizing object | Bay_06_upper_cushion.001
Fra:1 Mem:526.38M (Peak 526.38M) | Time:00:01.07 | Mem:0.00M, Peak:0.00M | Scene, ViewLayer | Synchronizing object | Bay_06_upper_cushion_stitched_edge_welt.001
Fra:1 Mem:526.38M (Peak 526.38M) | Time:00:01.07 | Mem:0.00M, Peak:0.00M | Scene, ViewLayer | Synchronizing object | Bay_06_upper_cushion_subtle_cover_stitch.002
Fra:1 Mem:526.41M (Peak 526.41M) | Time:00:01.07 | Mem:0.00M, Peak:0.00M | Scene, ViewLayer | Synchronizing object | Bay_06_upper_cushion_subtle_cover_stitch.003
Fra:1 Mem:526.43M (Peak 526.43M) | Time:00:01.07 | Mem:0.00M, Peak:0.00M | Scene, ViewLayer | Synchronizing object | Bay_06_lower_pan.001
Fra:1 Mem:526.44M (Peak 526.44M) | Time:00:01.07 | Mem:0.00M, Peak:0.00M | Scene, ViewLayer | Synchronizing object | Bay_06_lower_leg.002
Fra:1 Mem:526.44M (Peak 526.44M) | Time:00:01.07 | Mem:0.00M, Peak:0.00M | Scene, ViewLayer | Synchronizing object | Bay_06_lower_leg.003
Fra:1 Mem:526.45M (Peak 526.45M) | Time:00:01.07 | Mem:0.00M, Peak:0.00M | Scene, ViewLayer | Synchronizing object | Bay_06_upper_support.002
Fra:1 Mem:526.45M (Peak 526.45M) | Time:00:01.07 | Mem:0.00M, Peak:0.00M | Scene, ViewLayer | Synchronizing object | Bay_06_upper_hanger_ceiling_plate.002
Fra:1 Mem:526.46M (Peak 526.46M) | Time:00:01.07 | Mem:0.00M, Peak:0.00M | Scene, ViewLayer | Synchronizing object | Bay_06_upper_support.003
Fra:1 Mem:526.47M (Peak 526.47M) | Time:00:01.07 | Mem:0.00M, Peak:0.00M | Scene, ViewLayer | Synchronizing object | Bay_06_upper_hanger_ceiling_plate.003
Fra:1 Mem:526.52M (Peak 526.52M) | Time:00:01.07 | Mem:0.00M, Peak:0.00M | Scene, ViewLayer | Synchronizing object | Bay_06_luggage_rack_rail.002
Fra:1 Mem:526.53M (Peak 526.53M) | Time:00:01.07 | Mem:0.00M, Peak:0.00M | Scene, ViewLayer | Synchronizing object | Bay_06_luggage_rack_rail.003
Fra:1 Mem:526.51M (Peak 526.53M) | Time:00:01.07 | Mem:0.00M, Peak:0.00M | Scene, ViewLayer | Synchronizing object | Bay_06_underseat_rack.005
Fra:1 Mem:526.53M (Peak 526.53M) | Time:00:01.07 | Mem:0.00M, Peak:0.00M | Scene, ViewLayer | Synchronizing object | Bay_06_underseat_rack.006
Fra:1 Mem:526.53M (Peak 526.53M) | Time:00:01.07 | Mem:0.00M, Peak:0.00M | Scene, ViewLayer | Synchronizing object | Bay_06_underseat_rack.007
Fra:1 Mem:526.54M (Peak 526.54M) | Time:00:01.07 | Mem:0.00M, Peak:0.00M | Scene, ViewLayer | Synchronizing object | Bay_06_underseat_rack.008
Fra:1 Mem:526.54M (Peak 526.54M) | Time:00:01.07 | Mem:0.00M, Peak:0.00M | Scene, ViewLayer | Synchronizing object | Bay_06_underseat_rack.009
Fra:1 Mem:526.54M (Peak 526.54M) | Time:00:01.07 | Mem:0.00M, Peak:0.00M | Scene, ViewLayer | Synchronizing object | Bay_06_ladder.002
Fra:1 Mem:526.55M (Peak 526.55M) | Time:00:01.07 | Mem:0.00M, Peak:0.00M | Scene, ViewLayer | Synchronizing object | Bay_06_ladder.003
Fra:1 Mem:526.55M (Peak 526.55M) | Time:00:01.07 | Mem:0.00M, Peak:0.00M | Scene, ViewLayer | Synchronizing object | Bay_06_ladder_step.005
Fra:1 Mem:526.56M (Peak 526.56M) | Time:00:01.07 | Mem:0.00M, Peak:0.00M | Scene, ViewLayer | Synchronizing object | Bay_06_ladder_step.006
Fra:1 Mem:526.59M (Peak 526.59M) | Time:00:01.07 | Mem:0.00M, Peak:0.00M | Scene, ViewLayer | Synchronizing object | Bay_06_ladder_step.007
Fra:1 Mem:526.59M (Peak 526.59M) | Time:00:01.07 | Mem:0.00M, Peak:0.00M | Scene, ViewLayer | Synchronizing object | Bay_06_ladder_step.008
Fra:1 Mem:526.60M (Peak 526.60M) | Time:00:01.07 | Mem:0.00M, Peak:0.00M | Scene, ViewLayer | Synchronizing object | Bay_06_ladder_step.009
Fra:1 Mem:526.61M (Peak 526.61M) | Time:00:01.07 | Mem:0.00M, Peak:0.00M | Scene, ViewLayer | Synchronizing object | Bay_06_individual_reading_lamp.001
Fra:1 Mem:526.61M (Peak 526.61M) | Time:00:01.07 | Mem:0.00M, Peak:0.00M | Scene, ViewLayer | Synchronizing object | Shared compartment partition.005
Fra:1 Mem:526.61M (Peak 526.61M) | Time:00:01.07 | Mem:0.00M, Peak:0.00M | Scene, ViewLayer | Synchronizing object | Bay_06_side_LOWER
Fra:1 Mem:526.60M (Peak 526.61M) | Time:00:01.07 | Mem:0.00M, Peak:0.00M | Scene, ViewLayer | Synchronizing object | Bay_06_side_LOWER_stitched_edge_welt
Fra:1 Mem:526.62M (Peak 526.62M) | Time:00:01.07 | Mem:0.00M, Peak:0.00M | Scene, ViewLayer | Synchronizing object | Bay_06_side_LOWER_support_pan
Fra:1 Mem:526.63M (Peak 526.63M) | Time:00:01.07 | Mem:0.00M, Peak:0.00M | Scene, ViewLayer | Synchronizing object | Bay_06_side_LOWER_wall_bracket
Fra:1 Mem:526.63M (Peak 526.63M) | Time:00:01.07 | Mem:0.00M, Peak:0.00M | Scene, ViewLayer | Synchronizing object | Bay_06_side_LOWER_diagonal_brace
Fra:1 Mem:526.64M (Peak 526.64M) | Time:00:01.07 | Mem:0.00M, Peak:0.00M | Scene, ViewLayer | Synchronizing object | Bay_06_side_lower_floor_leg
Fra:1 Mem:526.65M (Peak 526.65M) | Time:00:01.07 | Mem:0.00M, Peak:0.00M | Scene, ViewLayer | Synchronizing object | Bay_06_side_LOWER_wall_bracket.001
Fra:1 Mem:526.66M (Peak 526.66M) | Time:00:01.07 | Mem:0.00M, Peak:0.00M | Scene, ViewLayer | Synchronizing object | Bay_06_side_LOWER_diagonal_brace.001
Fra:1 Mem:526.66M (Peak 526.66M) | Time:00:01.07 | Mem:0.00M, Peak:0.00M | Scene, ViewLayer | Synchronizing object | Bay_06_side_lower_floor_leg.001
Fra:1 Mem:526.66M (Peak 526.66M) | Time:00:01.07 | Mem:0.00M, Peak:0.00M | Scene, ViewLayer | Synchronizing object | Bay_06_side_UPPER
Fra:1 Mem:526.69M (Peak 526.69M) | Time:00:01.07 | Mem:0.00M, Peak:0.00M | Scene, ViewLayer | Synchronizing object | Bay_06_side_UPPER_stitched_edge_welt
Fra:1 Mem:526.73M (Peak 526.73M) | Time:00:01.07 | Mem:0.00M, Peak:0.00M | Scene, ViewLayer | Synchronizing object | Bay_06_side_UPPER_support_pan
Fra:1 Mem:526.73M (Peak 526.73M) | Time:00:01.07 | Mem:0.00M, Peak:0.00M | Scene, ViewLayer | Synchronizing object | Bay_06_side_UPPER_wall_bracket
Fra:1 Mem:526.74M (Peak 526.74M) | Time:00:01.07 | Mem:0.00M, Peak:0.00M | Scene, ViewLayer | Synchronizing object | Bay_06_side_UPPER_diagonal_brace
Fra:1 Mem:526.75M (Peak 526.75M) | Time:00:01.07 | Mem:0.00M, Peak:0.00M | Scene, ViewLayer | Synchronizing object | Bay_06_side_UPPER_wall_bracket.001
Fra:1 Mem:526.75M (Peak 526.75M) | Time:00:01.07 | Mem:0.00M, Peak:0.00M | Scene, ViewLayer | Synchronizing object | Bay_06_side_UPPER_diagonal_brace.001
Fra:1 Mem:526.76M (Peak 526.76M) | Time:00:01.07 | Mem:0.00M, Peak:0.00M | Scene, ViewLayer | Synchronizing object | Bay_06_side_seat_back
Fra:1 Mem:526.76M (Peak 526.76M) | Time:00:01.07 | Mem:0.00M, Peak:0.00M | Scene, ViewLayer | Synchronizing object | Bay_06_side_berth_support
Fra:1 Mem:526.77M (Peak 526.77M) | Time:00:01.07 | Mem:0.00M, Peak:0.00M | Scene, ViewLayer | Synchronizing object | Bay_06_side_seat_back.001
Fra:1 Mem:526.77M (Peak 526.77M) | Time:00:01.07 | Mem:0.00M, Peak:0.00M | Scene, ViewLayer | Synchronizing object | Bay_06_side_berth_support.001
Fra:1 Mem:526.78M (Peak 526.78M) | Time:00:01.07 | Mem:0.00M, Peak:0.00M | Scene, ViewLayer | Synchronizing object | Bay_06_side_cushion_seam
Fra:1 Mem:526.78M (Peak 526.78M) | Time:00:01.07 | Mem:0.00M, Peak:0.00M | Scene, ViewLayer | Synchronizing object | Bay_06_window_table
Fra:1 Mem:526.79M (Peak 526.79M) | Time:00:01.07 | Mem:0.00M, Peak:0.00M | Scene, ViewLayer | Synchronizing object | Bay_06_table_brace
Fra:1 Mem:526.79M (Peak 526.79M) | Time:00:01.07 | Mem:0.00M, Peak:0.00M | Scene, ViewLayer | Synchronizing object | Fan ceiling stem.005
Fra:1 Mem:526.81M (Peak 526.81M) | Time:00:01.07 | Mem:0.00M, Peak:0.00M | Scene, ViewLayer | Synchronizing object | Fan pressed ceiling flange.005
Fra:1 Mem:526.80M (Peak 526.81M) | Time:00:01.07 | Mem:0.00M, Peak:0.00M | Scene, ViewLayer | Synchronizing object | Fan round motor housing.005
Fra:1 Mem:526.82M (Peak 526.82M) | Time:00:01.07 | Mem:0.00M, Peak:0.00M | Scene, ViewLayer | Synchronizing object | Fan concentric safety grille.030
Fra:1 Mem:526.83M (Peak 526.83M) | Time:00:01.07 | Mem:0.00M, Peak:0.00M | Scene, ViewLayer | Synchronizing object | Fan concentric safety grille.031
Fra:1 Mem:526.89M (Peak 526.89M) | Time:00:01.07 | Mem:0.00M, Peak:0.00M | Scene, ViewLayer | Synchronizing object | Fan concentric safety grille.032
Fra:1 Mem:526.97M (Peak 526.97M) | Time:00:01.07 | Mem:0.00M, Peak:0.00M | Scene, ViewLayer | Synchronizing object | Fan concentric safety grille.033
Fra:1 Mem:527.04M (Peak 527.04M) | Time:00:01.07 | Mem:0.00M, Peak:0.00M | Scene, ViewLayer | Synchronizing object | Fan concentric safety grille.034
Fra:1 Mem:527.05M (Peak 527.05M) | Time:00:01.07 | Mem:0.00M, Peak:0.00M | Scene, ViewLayer | Synchronizing object | Fan concentric safety grille.035
Fra:1 Mem:527.15M (Peak 527.15M) | Time:00:01.07 | Mem:0.00M, Peak:0.00M | Scene, ViewLayer | Synchronizing object | Fan radial cage wire.120
Fra:1 Mem:527.16M (Peak 527.16M) | Time:00:01.07 | Mem:0.00M, Peak:0.00M | Scene, ViewLayer | Synchronizing object | Fan radial cage wire.121
Fra:1 Mem:527.17M (Peak 527.17M) | Time:00:01.07 | Mem:0.00M, Peak:0.00M | Scene, ViewLayer | Synchronizing object | Fan radial cage wire.122
Fra:1 Mem:527.18M (Peak 527.18M) | Time:00:01.07 | Mem:0.00M, Peak:0.00M | Scene, ViewLayer | Synchronizing object | Fan radial cage wire.123
Fra:1 Mem:527.19M (Peak 527.19M) | Time:00:01.07 | Mem:0.00M, Peak:0.00M | Scene, ViewLayer | Synchronizing object | Fan radial cage wire.124
Fra:1 Mem:527.20M (Peak 527.20M) | Time:00:01.07 | Mem:0.00M, Peak:0.00M | Scene, ViewLayer | Synchronizing object | Fan radial cage wire.125
Fra:1 Mem:527.20M (Peak 527.20M) | Time:00:01.07 | Mem:0.00M, Peak:0.00M | Scene, ViewLayer | Synchronizing object | Fan radial cage wire.127
Fra:1 Mem:527.20M (Peak 527.20M) | Time:00:01.07 | Mem:0.00M, Peak:0.00M | Scene, ViewLayer | Synchronizing object | Fan radial cage wire.128
Fra:1 Mem:527.22M (Peak 527.22M) | Time:00:01.07 | Mem:0.00M, Peak:0.00M | Scene, ViewLayer | Synchronizing object | Fan radial cage wire.129
Fra:1 Mem:527.22M (Peak 527.22M) | Time:00:01.07 | Mem:0.00M, Peak:0.00M | Scene, ViewLayer | Synchronizing object | Fan radial cage wire.131
Fra:1 Mem:527.24M (Peak 527.24M) | Time:00:01.07 | Mem:0.00M, Peak:0.00M | Scene, ViewLayer | Synchronizing object | Fan radial cage wire.132
Fra:1 Mem:527.24M (Peak 527.24M) | Time:00:01.07 | Mem:0.00M, Peak:0.00M | Scene, ViewLayer | Synchronizing object | Fan radial cage wire.133
Fra:1 Mem:527.25M (Peak 527.25M) | Time:00:01.07 | Mem:0.00M, Peak:0.00M | Scene, ViewLayer | Synchronizing object | Fan radial cage wire.135
Fra:1 Mem:527.25M (Peak 527.25M) | Time:00:01.07 | Mem:0.00M, Peak:0.00M | Scene, ViewLayer | Synchronizing object | Fan radial cage wire.136
Fra:1 Mem:527.26M (Peak 527.26M) | Time:00:01.07 | Mem:0.00M, Peak:0.00M | Scene, ViewLayer | Synchronizing object | Fan radial cage wire.137
Fra:1 Mem:527.27M (Peak 527.27M) | Time:00:01.07 | Mem:0.00M, Peak:0.00M | Scene, ViewLayer | Synchronizing object | Fan radial cage wire.138
Fra:1 Mem:527.27M (Peak 527.27M) | Time:00:01.07 | Mem:0.00M, Peak:0.00M | Scene, ViewLayer | Synchronizing object | Fan radial cage wire.139
Fra:1 Mem:527.27M (Peak 527.27M) | Time:00:01.07 | Mem:0.00M, Peak:0.00M | Scene, ViewLayer | Synchronizing object | Fan radial cage wire.140
Fra:1 Mem:527.28M (Peak 527.28M) | Time:00:01.07 | Mem:0.00M, Peak:0.00M | Scene, ViewLayer | Synchronizing object | Fan radial cage wire.141
Fra:1 Mem:527.29M (Peak 527.29M) | Time:00:01.07 | Mem:0.00M, Peak:0.00M | Scene, ViewLayer | Synchronizing object | Fan radial cage wire.142
Fra:1 Mem:527.29M (Peak 527.29M) | Time:00:01.07 | Mem:0.00M, Peak:0.00M | Scene, ViewLayer | Synchronizing object | Fan radial cage wire.143
Fra:1 Mem:527.30M (Peak 527.30M) | Time:00:01.07 | Mem:0.00M, Peak:0.00M | Scene, ViewLayer | Synchronizing object | Fan swept three blade rotor.015
Fra:1 Mem:527.30M (Peak 527.30M) | Time:00:01.07 | Mem:0.00M, Peak:0.00M | Scene, ViewLayer | Synchronizing object | Fan swept three blade rotor.016
Fra:1 Mem:527.30M (Peak 527.30M) | Time:00:01.07 | Mem:0.00M, Peak:0.00M | Scene, ViewLayer | Synchronizing object | Fan swept three blade rotor.017
Fra:1 Mem:527.31M (Peak 527.31M) | Time:00:01.07 | Mem:0.00M, Peak:0.00M | Scene, ViewLayer | Synchronizing object | Fan centre decorative cap.005
Fra:1 Mem:527.31M (Peak 527.31M) | Time:00:01.07 | Mem:0.00M, Peak:0.00M | Scene, ViewLayer | Synchronizing object | Fan grille locking clip.021
Fra:1 Mem:527.33M (Peak 527.33M) | Time:00:01.07 | Mem:0.00M, Peak:0.00M | Scene, ViewLayer | Synchronizing object | Fan grille locking clip.022
Fra:1 Mem:527.33M (Peak 527.33M) | Time:00:01.07 | Mem:0.00M, Peak:0.00M | Scene, ViewLayer | Synchronizing object | Fan grille locking clip.023
Fra:1 Mem:527.35M (Peak 527.35M) | Time:00:01.07 | Mem:0.00M, Peak:0.00M | Scene, ViewLayer | Synchronizing object | Bay_06_number_plate
Fra:1 Mem:527.35M (Peak 527.35M) | Time:00:01.07 | Mem:0.00M, Peak:0.00M | Scene, ViewLayer | Synchronizing object | Bay_07_lower_cushion_stitched_edge_welt
Fra:1 Mem:527.44M (Peak 527.44M) | Time:00:01.07 | Mem:0.00M, Peak:0.00M | Scene, ViewLayer | Synchronizing object | Bay_07_lower_cushion_subtle_cover_stitch
Fra:1 Mem:527.45M (Peak 527.45M) | Time:00:01.07 | Mem:0.00M, Peak:0.00M | Scene, ViewLayer | Synchronizing object | Bay_07_lower_cushion_subtle_cover_stitch.001
Fra:1 Mem:527.47M (Peak 527.47M) | Time:00:01.07 | Mem:0.00M, Peak:0.00M | Scene, ViewLayer | Synchronizing object | Bay_07_upper_cushion
Fra:1 Mem:527.48M (Peak 527.48M) | Time:00:01.07 | Mem:0.00M, Peak:0.00M | Scene, ViewLayer | Synchronizing object | Bay_07_upper_cushion_stitched_edge_welt
Fra:1 Mem:527.49M (Peak 527.49M) | Time:00:01.07 | Mem:0.00M, Peak:0.00M | Scene, ViewLayer | Synchronizing object | Bay_07_upper_cushion_subtle_cover_stitch
Fra:1 Mem:527.54M (Peak 527.54M) | Time:00:01.07 | Mem:0.00M, Peak:0.00M | Scene, ViewLayer | Synchronizing object | Bay_07_upper_cushion_subtle_cover_stitch.001
Fra:1 Mem:527.56M (Peak 527.56M) | Time:00:01.07 | Mem:0.00M, Peak:0.00M | Scene, ViewLayer | Synchronizing object | Bay_07_lower_pan
Fra:1 Mem:527.56M (Peak 527.56M) | Time:00:01.07 | Mem:0.00M, Peak:0.00M | Scene, ViewLayer | Synchronizing object | Bay_07_lower_leg
Fra:1 Mem:527.57M (Peak 527.57M) | Time:00:01.07 | Mem:0.00M, Peak:0.00M | Scene, ViewLayer | Synchronizing object | Bay_07_lower_leg.001
Fra:1 Mem:527.57M (Peak 527.57M) | Time:00:01.07 | Mem:0.00M, Peak:0.00M | Scene, ViewLayer | Synchronizing object | Bay_07_folded_middle_backrest
Fra:1 Mem:527.58M (Peak 527.58M) | Time:00:01.07 | Mem:0.00M, Peak:0.00M | Scene, ViewLayer | Synchronizing object | Bay_07_upper_support
Fra:1 Mem:527.59M (Peak 527.59M) | Time:00:01.07 | Mem:0.00M, Peak:0.00M | Scene, ViewLayer | Synchronizing object | Bay_07_upper_hanger_ceiling_plate
Fra:1 Mem:527.62M (Peak 527.62M) | Time:00:01.07 | Mem:0.00M, Peak:0.00M | Scene, ViewLayer | Synchronizing object | Bay_07_upper_support.001
Fra:1 Mem:527.64M (Peak 527.64M) | Time:00:01.07 | Mem:0.00M, Peak:0.00M | Scene, ViewLayer | Synchronizing object | Bay_07_upper_hanger_ceiling_plate.001
Fra:1 Mem:527.63M (Peak 527.64M) | Time:00:01.07 | Mem:0.00M, Peak:0.00M | Scene, ViewLayer | Synchronizing object | Bay_07_luggage_rack_rail
Fra:1 Mem:527.65M (Peak 527.65M) | Time:00:01.07 | Mem:0.00M, Peak:0.00M | Scene, ViewLayer | Synchronizing object | Bay_07_luggage_rack_rail.001
Fra:1 Mem:527.69M (Peak 527.69M) | Time:00:01.07 | Mem:0.00M, Peak:0.00M | Scene, ViewLayer | Synchronizing object | Bay_07_underseat_rack
Fra:1 Mem:527.69M (Peak 527.69M) | Time:00:01.07 | Mem:0.00M, Peak:0.00M | Scene, ViewLayer | Synchronizing object | Bay_07_underseat_rack.001
Fra:1 Mem:527.69M (Peak 527.69M) | Time:00:01.07 | Mem:0.00M, Peak:0.00M | Scene, ViewLayer | Synchronizing object | Bay_07_underseat_rack.002
Fra:1 Mem:527.69M (Peak 527.69M) | Time:00:01.07 | Mem:0.00M, Peak:0.00M | Scene, ViewLayer | Synchronizing object | Bay_07_underseat_rack.003
Fra:1 Mem:527.69M (Peak 527.69M) | Time:00:01.07 | Mem:0.00M, Peak:0.00M | Scene, ViewLayer | Synchronizing object | Bay_07_underseat_rack.004
Fra:1 Mem:527.67M (Peak 527.69M) | Time:00:01.07 | Mem:0.00M, Peak:0.00M | Scene, ViewLayer | Synchronizing object | Bay_07_ladder
Fra:1 Mem:527.66M (Peak 527.69M) | Time:00:01.07 | Mem:0.00M, Peak:0.00M | Scene, ViewLayer | Synchronizing object | Bay_07_ladder.001
Fra:1 Mem:527.66M (Peak 527.69M) | Time:00:01.07 | Mem:0.00M, Peak:0.00M | Scene, ViewLayer | Synchronizing object | Bay_07_ladder_step.001
Fra:1 Mem:527.67M (Peak 527.69M) | Time:00:01.07 | Mem:0.00M, Peak:0.00M | Scene, ViewLayer | Synchronizing object | Bay_07_ladder_step.002
Fra:1 Mem:527.67M (Peak 527.69M) | Time:00:01.07 | Mem:0.00M, Peak:0.00M | Scene, ViewLayer | Synchronizing object | Bay_07_ladder_step.003
Fra:1 Mem:527.67M (Peak 527.69M) | Time:00:01.07 | Mem:0.00M, Peak:0.00M | Scene, ViewLayer | Synchronizing object | Bay_07_ladder_step.004
Fra:1 Mem:527.68M (Peak 527.69M) | Time:00:01.07 | Mem:0.00M, Peak:0.00M | Scene, ViewLayer | Synchronizing object | Bay_07_individual_reading_lamp
Fra:1 Mem:527.68M (Peak 527.69M) | Time:00:01.07 | Mem:0.00M, Peak:0.00M | Scene, ViewLayer | Synchronizing object | Bay_07_lower_cushion.001
Fra:1 Mem:527.71M (Peak 527.71M) | Time:00:01.07 | Mem:0.00M, Peak:0.00M | Scene, ViewLayer | Synchronizing object | Bay_07_lower_cushion_stitched_edge_welt.001
Fra:1 Mem:527.71M (Peak 527.71M) | Time:00:01.07 | Mem:0.00M, Peak:0.00M | Scene, ViewLayer | Synchronizing object | Bay_07_lower_cushion_subtle_cover_stitch.002
Fra:1 Mem:527.76M (Peak 527.76M) | Time:00:01.07 | Mem:0.00M, Peak:0.00M | Scene, ViewLayer | Synchronizing object | Bay_07_lower_cushion_subtle_cover_stitch.003
Fra:1 Mem:527.76M (Peak 527.76M) | Time:00:01.07 | Mem:0.00M, Peak:0.00M | Scene, ViewLayer | Synchronizing object | Bay_07_upper_cushion.001
Fra:1 Mem:527.81M (Peak 527.81M) | Time:00:01.07 | Mem:0.00M, Peak:0.00M | Scene, ViewLayer | Synchronizing object | Bay_07_upper_cushion_stitched_edge_welt.001
Fra:1 Mem:527.81M (Peak 527.81M) | Time:00:01.07 | Mem:0.00M, Peak:0.00M | Scene, ViewLayer | Synchronizing object | Bay_07_upper_cushion_subtle_cover_stitch.002
Fra:1 Mem:527.84M (Peak 527.84M) | Time:00:01.07 | Mem:0.00M, Peak:0.00M | Scene, ViewLayer | Synchronizing object | Bay_07_upper_cushion_subtle_cover_stitch.003
Fra:1 Mem:527.85M (Peak 527.85M) | Time:00:01.07 | Mem:0.00M, Peak:0.00M | Scene, ViewLayer | Synchronizing object | Bay_07_lower_pan.001
Fra:1 Mem:527.87M (Peak 527.87M) | Time:00:01.07 | Mem:0.00M, Peak:0.00M | Scene, ViewLayer | Synchronizing object | Bay_07_lower_leg.002
Fra:1 Mem:527.87M (Peak 527.87M) | Time:00:01.07 | Mem:0.00M, Peak:0.00M | Scene, ViewLayer | Synchronizing object | Bay_07_lower_leg.003
Fra:1 Mem:527.88M (Peak 527.88M) | Time:00:01.07 | Mem:0.00M, Peak:0.00M | Scene, ViewLayer | Synchronizing object | Bay_07_folded_middle_backrest.001
Fra:1 Mem:527.88M (Peak 527.88M) | Time:00:01.07 | Mem:0.00M, Peak:0.00M | Scene, ViewLayer | Synchronizing object | Bay_07_upper_hanger_ceiling_plate.002
Fra:1 Mem:527.90M (Peak 527.90M) | Time:00:01.07 | Mem:0.00M, Peak:0.00M | Scene, ViewLayer | Synchronizing object | Bay_07_upper_support.003
Fra:1 Mem:527.93M (Peak 527.93M) | Time:00:01.07 | Mem:0.00M, Peak:0.00M | Scene, ViewLayer | Synchronizing object | Bay_07_upper_hanger_ceiling_plate.003
Fra:1 Mem:527.94M (Peak 527.94M) | Time:00:01.07 | Mem:0.00M, Peak:0.00M | Scene, ViewLayer | Synchronizing object | Bay_07_luggage_rack_rail.003
Fra:1 Mem:527.95M (Peak 527.95M) | Time:00:01.07 | Mem:0.00M, Peak:0.00M | Scene, ViewLayer | Synchronizing object | Bay_07_underseat_rack.005
Fra:1 Mem:527.96M (Peak 527.96M) | Time:00:01.07 | Mem:0.00M, Peak:0.00M | Scene, ViewLayer | Synchronizing object | Bay_07_underseat_rack.006
Fra:1 Mem:527.96M (Peak 527.96M) | Time:00:01.07 | Mem:0.00M, Peak:0.00M | Scene, ViewLayer | Synchronizing object | Bay_07_underseat_rack.008
Fra:1 Mem:527.96M (Peak 527.96M) | Time:00:01.07 | Mem:0.00M, Peak:0.00M | Scene, ViewLayer | Synchronizing object | Bay_07_underseat_rack.009
Fra:1 Mem:527.97M (Peak 527.97M) | Time:00:01.07 | Mem:0.00M, Peak:0.00M | Scene, ViewLayer | Synchronizing object | Bay_07_ladder.002
Fra:1 Mem:527.97M (Peak 527.97M) | Time:00:01.07 | Mem:0.00M, Peak:0.00M | Scene, ViewLayer | Synchronizing object | Bay_07_ladder.003
Fra:1 Mem:527.97M (Peak 527.97M) | Time:00:01.07 | Mem:0.00M, Peak:0.00M | Scene, ViewLayer | Synchronizing object | Bay_07_ladder_step.005
Fra:1 Mem:527.97M (Peak 527.97M) | Time:00:01.07 | Mem:0.00M, Peak:0.00M | Scene, ViewLayer | Synchronizing object | Bay_07_ladder_step.006
Fra:1 Mem:527.98M (Peak 527.98M) | Time:00:01.07 | Mem:0.00M, Peak:0.00M | Scene, ViewLayer | Synchronizing object | Bay_07_ladder_step.007
Fra:1 Mem:527.98M (Peak 527.98M) | Time:00:01.07 | Mem:0.00M, Peak:0.00M | Scene, ViewLayer | Synchronizing object | Bay_07_ladder_step.008
Fra:1 Mem:527.99M (Peak 527.99M) | Time:00:01.07 | Mem:0.00M, Peak:0.00M | Scene, ViewLayer | Synchronizing object | Bay_07_ladder_step.009
Fra:1 Mem:527.98M (Peak 527.99M) | Time:00:01.07 | Mem:0.00M, Peak:0.00M | Scene, ViewLayer | Synchronizing object | Bay_07_individual_reading_lamp.001
Fra:1 Mem:528.00M (Peak 528.00M) | Time:00:01.07 | Mem:0.00M, Peak:0.00M | Scene, ViewLayer | Synchronizing object | Shared compartment partition.006
Fra:1 Mem:528.00M (Peak 528.00M) | Time:00:01.07 | Mem:0.00M, Peak:0.00M | Scene, ViewLayer | Synchronizing object | Bay_07_side_LOWER
Fra:1 Mem:528.00M (Peak 528.00M) | Time:00:01.07 | Mem:0.00M, Peak:0.00M | Scene, ViewLayer | Synchronizing object | Bay_07_side_LOWER_stitched_edge_welt
Fra:1 Mem:528.06M (Peak 528.06M) | Time:00:01.07 | Mem:0.00M, Peak:0.00M | Scene, ViewLayer | Synchronizing object | Bay_07_side_LOWER_support_pan
Fra:1 Mem:528.07M (Peak 528.07M) | Time:00:01.07 | Mem:0.00M, Peak:0.00M | Scene, ViewLayer | Synchronizing object | Bay_07_side_LOWER_wall_bracket
Fra:1 Mem:528.07M (Peak 528.07M) | Time:00:01.07 | Mem:0.00M, Peak:0.00M | Scene, ViewLayer | Synchronizing object | Bay_07_side_LOWER_diagonal_brace
Fra:1 Mem:528.08M (Peak 528.08M) | Time:00:01.07 | Mem:0.00M, Peak:0.00M | Scene, ViewLayer | Synchronizing object | Bay_07_side_lower_floor_leg
Fra:1 Mem:528.09M (Peak 528.09M) | Time:00:01.07 | Mem:0.00M, Peak:0.00M | Scene, ViewLayer | Synchronizing object | Bay_07_side_LOWER_wall_bracket.001
Fra:1 Mem:528.09M (Peak 528.09M) | Time:00:01.07 | Mem:0.00M, Peak:0.00M | Scene, ViewLayer | Synchronizing object | Bay_07_side_LOWER_diagonal_brace.001
Fra:1 Mem:528.09M (Peak 528.09M) | Time:00:01.07 | Mem:0.00M, Peak:0.00M | Scene, ViewLayer | Synchronizing object | Bay_07_side_lower_floor_leg.001
Fra:1 Mem:528.10M (Peak 528.10M) | Time:00:01.07 | Mem:0.00M, Peak:0.00M | Scene, ViewLayer | Synchronizing object | Bay_07_side_UPPER
Fra:1 Mem:528.11M (Peak 528.11M) | Time:00:01.07 | Mem:0.00M, Peak:0.00M | Scene, ViewLayer | Synchronizing object | Bay_07_side_UPPER_stitched_edge_welt
Fra:1 Mem:528.12M (Peak 528.12M) | Time:00:01.07 | Mem:0.00M, Peak:0.00M | Scene, ViewLayer | Synchronizing object | Bay_07_side_UPPER_support_pan
Fra:1 Mem:528.16M (Peak 528.16M) | Time:00:01.07 | Mem:0.00M, Peak:0.00M | Scene, ViewLayer | Synchronizing object | Bay_07_side_UPPER_wall_bracket
Fra:1 Mem:528.18M (Peak 528.18M) | Time:00:01.07 | Mem:0.00M, Peak:0.00M | Scene, ViewLayer | Synchronizing object | Bay_07_side_UPPER_diagonal_brace
Fra:1 Mem:528.18M (Peak 528.18M) | Time:00:01.07 | Mem:0.00M, Peak:0.00M | Scene, ViewLayer | Synchronizing object | Bay_07_side_UPPER_wall_bracket.001
Fra:1 Mem:528.19M (Peak 528.19M) | Time:00:01.07 | Mem:0.00M, Peak:0.00M | Scene, ViewLayer | Synchronizing object | Bay_07_side_seat_back
Fra:1 Mem:528.19M (Peak 528.19M) | Time:00:01.07 | Mem:0.00M, Peak:0.00M | Scene, ViewLayer | Synchronizing object | Bay_07_side_berth_support
Fra:1 Mem:528.21M (Peak 528.21M) | Time:00:01.07 | Mem:0.00M, Peak:0.00M | Scene, ViewLayer | Synchronizing object | Bay_07_side_seat_back.001
Fra:1 Mem:528.21M (Peak 528.21M) | Time:00:01.07 | Mem:0.00M, Peak:0.00M | Scene, ViewLayer | Synchronizing object | Bay_07_side_berth_support.001
Fra:1 Mem:528.23M (Peak 528.23M) | Time:00:01.07 | Mem:0.00M, Peak:0.00M | Scene, ViewLayer | Synchronizing object | Bay_07_side_cushion_seam
Fra:1 Mem:528.22M (Peak 528.23M) | Time:00:01.07 | Mem:0.00M, Peak:0.00M | Scene, ViewLayer | Synchronizing object | Bay_07_window_table
Fra:1 Mem:528.22M (Peak 528.23M) | Time:00:01.07 | Mem:0.00M, Peak:0.00M | Scene, ViewLayer | Synchronizing object | Bay_07_table_brace
Fra:1 Mem:528.23M (Peak 528.23M) | Time:00:01.07 | Mem:0.00M, Peak:0.00M | Scene, ViewLayer | Synchronizing object | Fan ceiling stem.006
Fra:1 Mem:528.23M (Peak 528.23M) | Time:00:01.07 | Mem:0.00M, Peak:0.00M | Scene, ViewLayer | Synchronizing object | Fan pressed ceiling flange.006
Fra:1 Mem:528.25M (Peak 528.25M) | Time:00:01.07 | Mem:0.00M, Peak:0.00M | Scene, ViewLayer | Synchronizing object | Fan round motor housing.006
Fra:1 Mem:528.25M (Peak 528.25M) | Time:00:01.07 | Mem:0.00M, Peak:0.00M | Scene, ViewLayer | Synchronizing object | Fan concentric safety grille.036
Fra:1 Mem:528.26M (Peak 528.26M) | Time:00:01.07 | Mem:0.00M, Peak:0.00M | Scene, ViewLayer | Synchronizing object | Fan concentric safety grille.037
Fra:1 Mem:528.26M (Peak 528.26M) | Time:00:01.07 | Mem:0.00M, Peak:0.00M | Scene, ViewLayer | Synchronizing object | Fan concentric safety grille.038
Fra:1 Mem:528.43M (Peak 528.43M) | Time:00:01.07 | Mem:0.00M, Peak:0.00M | Scene, ViewLayer | Synchronizing object | Fan concentric safety grille.039
Fra:1 Mem:528.48M (Peak 528.48M) | Time:00:01.07 | Mem:0.00M, Peak:0.00M | Scene, ViewLayer | Synchronizing object | Fan concentric safety grille.040
Fra:1 Mem:528.56M (Peak 528.56M) | Time:00:01.07 | Mem:0.00M, Peak:0.00M | Scene, ViewLayer | Synchronizing object | Fan concentric safety grille.041
Fra:1 Mem:528.57M (Peak 528.57M) | Time:00:01.07 | Mem:0.00M, Peak:0.00M | Scene, ViewLayer | Synchronizing object | Fan radial cage wire.144
Fra:1 Mem:528.60M (Peak 528.60M) | Time:00:01.07 | Mem:0.00M, Peak:0.00M | Scene, ViewLayer | Synchronizing object | Fan radial cage wire.145
Fra:1 Mem:528.62M (Peak 528.61M) | Time:00:01.07 | Mem:0.00M, Peak:0.00M | Scene, ViewLayer | Synchronizing object | Fan radial cage wire.146
Fra:1 Mem:528.63M (Peak 528.63M) | Time:00:01.07 | Mem:0.00M, Peak:0.00M | Scene, ViewLayer | Synchronizing object | Fan radial cage wire.147
Fra:1 Mem:528.63M (Peak 528.63M) | Time:00:01.07 | Mem:0.00M, Peak:0.00M | Scene, ViewLayer | Synchronizing object | Fan radial cage wire.148
Fra:1 Mem:528.63M (Peak 528.63M) | Time:00:01.07 | Mem:0.00M, Peak:0.00M | Scene, ViewLayer | Synchronizing object | Fan radial cage wire.149
Fra:1 Mem:528.64M (Peak 528.64M) | Time:00:01.07 | Mem:0.00M, Peak:0.00M | Scene, ViewLayer | Synchronizing object | Fan radial cage wire.151
Fra:1 Mem:528.65M (Peak 528.65M) | Time:00:01.07 | Mem:0.00M, Peak:0.00M | Scene, ViewLayer | Synchronizing object | Fan radial cage wire.152
Fra:1 Mem:528.65M (Peak 528.65M) | Time:00:01.07 | Mem:0.00M, Peak:0.00M | Scene, ViewLayer | Synchronizing object | Fan radial cage wire.153
Fra:1 Mem:528.66M (Peak 528.66M) | Time:00:01.07 | Mem:0.00M, Peak:0.00M | Scene, ViewLayer | Synchronizing object | Fan radial cage wire.154
Fra:1 Mem:528.66M (Peak 528.66M) | Time:00:01.07 | Mem:0.00M, Peak:0.00M | Scene, ViewLayer | Synchronizing object | Fan radial cage wire.155
Fra:1 Mem:528.67M (Peak 528.67M) | Time:00:01.07 | Mem:0.00M, Peak:0.00M | Scene, ViewLayer | Synchronizing object | Fan radial cage wire.156
Fra:1 Mem:528.68M (Peak 528.68M) | Time:00:01.07 | Mem:0.00M, Peak:0.00M | Scene, ViewLayer | Synchronizing object | Fan radial cage wire.157
Fra:1 Mem:528.68M (Peak 528.68M) | Time:00:01.07 | Mem:0.00M, Peak:0.00M | Scene, ViewLayer | Synchronizing object | Fan radial cage wire.158
Fra:1 Mem:528.69M (Peak 528.69M) | Time:00:01.07 | Mem:0.00M, Peak:0.00M | Scene, ViewLayer | Synchronizing object | Fan radial cage wire.159
Fra:1 Mem:528.69M (Peak 528.69M) | Time:00:01.07 | Mem:0.00M, Peak:0.00M | Scene, ViewLayer | Synchronizing object | Fan radial cage wire.160
Fra:1 Mem:528.70M (Peak 528.70M) | Time:00:01.07 | Mem:0.00M, Peak:0.00M | Scene, ViewLayer | Synchronizing object | Fan radial cage wire.161
Fra:1 Mem:528.71M (Peak 528.71M) | Time:00:01.07 | Mem:0.00M, Peak:0.00M | Scene, ViewLayer | Synchronizing object | Fan radial cage wire.162
Fra:1 Mem:528.71M (Peak 528.71M) | Time:00:01.07 | Mem:0.00M, Peak:0.00M | Scene, ViewLayer | Synchronizing object | Fan radial cage wire.163
Fra:1 Mem:528.71M (Peak 528.71M) | Time:00:01.07 | Mem:0.00M, Peak:0.00M | Scene, ViewLayer | Synchronizing object | Fan radial cage wire.164
Fra:1 Mem:528.72M (Peak 528.72M) | Time:00:01.07 | Mem:0.00M, Peak:0.00M | Scene, ViewLayer | Synchronizing object | Fan radial cage wire.165
Fra:1 Mem:528.73M (Peak 528.73M) | Time:00:01.07 | Mem:0.00M, Peak:0.00M | Scene, ViewLayer | Synchronizing object | Fan radial cage wire.166
Fra:1 Mem:528.73M (Peak 528.73M) | Time:00:01.07 | Mem:0.00M, Peak:0.00M | Scene, ViewLayer | Synchronizing object | Fan swept three blade rotor.018
Fra:1 Mem:528.74M (Peak 528.74M) | Time:00:01.07 | Mem:0.00M, Peak:0.00M | Scene, ViewLayer | Synchronizing object | Fan swept three blade rotor.019
Fra:1 Mem:528.74M (Peak 528.74M) | Time:00:01.07 | Mem:0.00M, Peak:0.00M | Scene, ViewLayer | Synchronizing object | Fan swept three blade rotor.020
Fra:1 Mem:528.75M (Peak 528.75M) | Time:00:01.07 | Mem:0.00M, Peak:0.00M | Scene, ViewLayer | Synchronizing object | Fan centre decorative cap.006
Fra:1 Mem:528.75M (Peak 528.75M) | Time:00:01.07 | Mem:0.00M, Peak:0.00M | Scene, ViewLayer | Synchronizing object | Fan grille locking clip.024
Fra:1 Mem:528.76M (Peak 528.76M) | Time:00:01.07 | Mem:0.00M, Peak:0.00M | Scene, ViewLayer | Synchronizing object | Fan grille locking clip.025
Fra:1 Mem:528.76M (Peak 528.76M) | Time:00:01.07 | Mem:0.00M, Peak:0.00M | Scene, ViewLayer | Synchronizing object | Fan grille locking clip.026
Fra:1 Mem:528.78M (Peak 528.78M) | Time:00:01.07 | Mem:0.00M, Peak:0.00M | Scene, ViewLayer | Synchronizing object | Fan grille locking clip.027
Fra:1 Mem:528.78M (Peak 528.78M) | Time:00:01.07 | Mem:0.00M, Peak:0.00M | Scene, ViewLayer | Synchronizing object | Bay_07_number_plate
Fra:1 Mem:528.79M (Peak 528.79M) | Time:00:01.07 | Mem:0.00M, Peak:0.00M | Scene, ViewLayer | Synchronizing object | Bay_08_lower_cushion
Fra:1 Mem:528.79M (Peak 528.79M) | Time:00:01.07 | Mem:0.00M, Peak:0.00M | Scene, ViewLayer | Synchronizing object | Bay_08_lower_cushion_stitched_edge_welt
Fra:1 Mem:528.85M (Peak 528.85M) | Time:00:01.07 | Mem:0.00M, Peak:0.00M | Scene, ViewLayer | Synchronizing object | Bay_08_lower_cushion_subtle_cover_stitch
Fra:1 Mem:528.86M (Peak 528.86M) | Time:00:01.07 | Mem:0.00M, Peak:0.00M | Scene, ViewLayer | Synchronizing object | Bay_08_lower_cushion_subtle_cover_stitch.001
Fra:1 Mem:528.86M (Peak 528.86M) | Time:00:01.07 | Mem:0.00M, Peak:0.00M | Scene, ViewLayer | Synchronizing object | Bay_08_upper_cushion
Fra:1 Mem:528.91M (Peak 528.91M) | Time:00:01.07 | Mem:0.00M, Peak:0.00M | Scene, ViewLayer | Synchronizing object | Bay_08_upper_cushion_stitched_edge_welt
Fra:1 Mem:528.92M (Peak 528.92M) | Time:00:01.07 | Mem:0.00M, Peak:0.00M | Scene, ViewLayer | Synchronizing object | Bay_08_upper_cushion_subtle_cover_stitch
Fra:1 Mem:528.95M (Peak 528.95M) | Time:00:01.07 | Mem:0.00M, Peak:0.00M | Scene, ViewLayer | Synchronizing object | Bay_08_upper_cushion_subtle_cover_stitch.001
Fra:1 Mem:528.97M (Peak 528.97M) | Time:00:01.07 | Mem:0.00M, Peak:0.00M | Scene, ViewLayer | Synchronizing object | Bay_08_lower_pan
Fra:1 Mem:528.97M (Peak 528.97M) | Time:00:01.07 | Mem:0.00M, Peak:0.00M | Scene, ViewLayer | Synchronizing object | Bay_08_lower_leg.001
Fra:1 Mem:528.98M (Peak 528.98M) | Time:00:01.07 | Mem:0.00M, Peak:0.00M | Scene, ViewLayer | Synchronizing object | Bay_08_folded_middle_backrest
Fra:1 Mem:528.99M (Peak 528.99M) | Time:00:01.07 | Mem:0.00M, Peak:0.00M | Scene, ViewLayer | Synchronizing object | Bay_08_upper_support
Fra:1 Mem:528.99M (Peak 528.99M) | Time:00:01.07 | Mem:0.00M, Peak:0.00M | Scene, ViewLayer | Synchronizing object | Bay_08_upper_hanger_ceiling_plate
Fra:1 Mem:529.03M (Peak 529.03M) | Time:00:01.07 | Mem:0.00M, Peak:0.00M | Scene, ViewLayer | Synchronizing object | Bay_08_upper_support.001
Fra:1 Mem:529.05M (Peak 529.05M) | Time:00:01.07 | Mem:0.00M, Peak:0.00M | Scene, ViewLayer | Synchronizing object | Bay_08_upper_hanger_ceiling_plate.001
Fra:1 Mem:529.06M (Peak 529.06M) | Time:00:01.07 | Mem:0.00M, Peak:0.00M | Scene, ViewLayer | Synchronizing object | Bay_08_luggage_rack_rail
Fra:1 Mem:529.06M (Peak 529.06M) | Time:00:01.07 | Mem:0.00M, Peak:0.00M | Scene, ViewLayer | Synchronizing object | Bay_08_underseat_rack
Fra:1 Mem:529.10M (Peak 529.10M) | Time:00:01.07 | Mem:0.00M, Peak:0.00M | Scene, ViewLayer | Synchronizing object | Bay_08_underseat_rack.001
Fra:1 Mem:529.10M (Peak 529.10M) | Time:00:01.07 | Mem:0.00M, Peak:0.00M | Scene, ViewLayer | Synchronizing object | Bay_08_underseat_rack.002
Fra:1 Mem:529.08M (Peak 529.10M) | Time:00:01.07 | Mem:0.00M, Peak:0.00M | Scene, ViewLayer | Synchronizing object | Bay_08_underseat_rack.003
Fra:1 Mem:529.09M (Peak 529.10M) | Time:00:01.07 | Mem:0.00M, Peak:0.00M | Scene, ViewLayer | Synchronizing object | Bay_08_underseat_rack.004
Fra:1 Mem:529.10M (Peak 529.10M) | Time:00:01.07 | Mem:0.00M, Peak:0.00M | Scene, ViewLayer | Synchronizing object | Bay_08_ladder
Fra:1 Mem:529.07M (Peak 529.10M) | Time:00:01.07 | Mem:0.00M, Peak:0.00M | Scene, ViewLayer | Synchronizing object | Bay_08_ladder.001
Fra:1 Mem:529.07M (Peak 529.10M) | Time:00:01.07 | Mem:0.00M, Peak:0.00M | Scene, ViewLayer | Synchronizing object | Bay_08_ladder_step
Fra:1 Mem:529.07M (Peak 529.10M) | Time:00:01.07 | Mem:0.00M, Peak:0.00M | Scene, ViewLayer | Synchronizing object | Bay_08_ladder_step.001
Fra:1 Mem:529.08M (Peak 529.10M) | Time:00:01.07 | Mem:0.00M, Peak:0.00M | Scene, ViewLayer | Synchronizing object | Bay_08_ladder_step.002
Fra:1 Mem:529.08M (Peak 529.10M) | Time:00:01.07 | Mem:0.00M, Peak:0.00M | Scene, ViewLayer | Synchronizing object | Bay_08_ladder_step.003
Fra:1 Mem:529.08M (Peak 529.10M) | Time:00:01.07 | Mem:0.00M, Peak:0.00M | Scene, ViewLayer | Synchronizing object | Bay_08_ladder_step.004
Fra:1 Mem:529.09M (Peak 529.10M) | Time:00:01.07 | Mem:0.00M, Peak:0.00M | Scene, ViewLayer | Synchronizing object | Bay_08_individual_reading_lamp
Fra:1 Mem:529.09M (Peak 529.10M) | Time:00:01.07 | Mem:0.00M, Peak:0.00M | Scene, ViewLayer | Synchronizing object | Bay_08_lower_cushion.001
Fra:1 Mem:529.12M (Peak 529.12M) | Time:00:01.07 | Mem:0.00M, Peak:0.00M | Scene, ViewLayer | Synchronizing object | Bay_08_lower_cushion_stitched_edge_welt.001
Fra:1 Mem:529.12M (Peak 529.12M) | Time:00:01.07 | Mem:0.00M, Peak:0.00M | Scene, ViewLayer | Synchronizing object | Bay_08_lower_cushion_subtle_cover_stitch.002
Fra:1 Mem:529.16M (Peak 529.16M) | Time:00:01.07 | Mem:0.00M, Peak:0.00M | Scene, ViewLayer | Synchronizing object | Bay_08_lower_cushion_subtle_cover_stitch.003
Fra:1 Mem:529.17M (Peak 529.17M) | Time:00:01.07 | Mem:0.00M, Peak:0.00M | Scene, ViewLayer | Synchronizing object | Bay_08_upper_cushion.001
Fra:1 Mem:529.22M (Peak 529.22M) | Time:00:01.07 | Mem:0.00M, Peak:0.00M | Scene, ViewLayer | Synchronizing object | Bay_08_upper_cushion_stitched_edge_welt.001
Fra:1 Mem:529.22M (Peak 529.22M) | Time:00:01.07 | Mem:0.00M, Peak:0.00M | Scene, ViewLayer | Synchronizing object | Bay_08_upper_cushion_subtle_cover_stitch.002
Fra:1 Mem:529.24M (Peak 529.24M) | Time:00:01.07 | Mem:0.00M, Peak:0.00M | Scene, ViewLayer | Synchronizing object | Bay_08_upper_cushion_subtle_cover_stitch.003
Fra:1 Mem:529.28M (Peak 529.28M) | Time:00:01.07 | Mem:0.00M, Peak:0.00M | Scene, ViewLayer | Synchronizing object | Bay_08_lower_pan.001
Fra:1 Mem:529.28M (Peak 529.28M) | Time:00:01.07 | Mem:0.00M, Peak:0.00M | Scene, ViewLayer | Synchronizing object | Bay_08_lower_leg.003
Fra:1 Mem:529.29M (Peak 529.29M) | Time:00:01.07 | Mem:0.00M, Peak:0.00M | Scene, ViewLayer | Synchronizing object | Bay_08_folded_middle_backrest.001
Fra:1 Mem:529.29M (Peak 529.29M) | Time:00:01.07 | Mem:0.00M, Peak:0.00M | Scene, ViewLayer | Synchronizing object | Bay_08_upper_hanger_ceiling_plate.002
Fra:1 Mem:529.31M (Peak 529.31M) | Time:00:01.07 | Mem:0.00M, Peak:0.00M | Scene, ViewLayer | Synchronizing object | Bay_08_upper_support.003
Fra:1 Mem:529.35M (Peak 529.35M) | Time:00:01.07 | Mem:0.00M, Peak:0.00M | Scene, ViewLayer | Synchronizing object | Bay_08_upper_hanger_ceiling_plate.003
Fra:1 Mem:529.36M (Peak 529.36M) | Time:00:01.07 | Mem:0.00M, Peak:0.00M | Scene, ViewLayer | Synchronizing object | Bay_08_luggage_rack_rail.002
Fra:1 Mem:529.36M (Peak 529.36M) | Time:00:01.07 | Mem:0.00M, Peak:0.00M | Scene, ViewLayer | Synchronizing object | Bay_08_luggage_rack_rail.003
Fra:1 Mem:529.37M (Peak 529.37M) | Time:00:01.07 | Mem:0.00M, Peak:0.00M | Scene, ViewLayer | Synchronizing object | Bay_08_underseat_rack.005
Fra:1 Mem:529.40M (Peak 529.40M) | Time:00:01.07 | Mem:0.00M, Peak:0.00M | Scene, ViewLayer | Synchronizing object | Bay_08_underseat_rack.006
Fra:1 Mem:529.41M (Peak 529.41M) | Time:00:01.07 | Mem:0.00M, Peak:0.00M | Scene, ViewLayer | Synchronizing object | Bay_08_underseat_rack.007
Fra:1 Mem:529.41M (Peak 529.41M) | Time:00:01.07 | Mem:0.00M, Peak:0.00M | Scene, ViewLayer | Synchronizing object | Bay_08_underseat_rack.008
Fra:1 Mem:529.41M (Peak 529.41M) | Time:00:01.07 | Mem:0.00M, Peak:0.00M | Scene, ViewLayer | Synchronizing object | Bay_08_underseat_rack.009
Fra:1 Mem:529.42M (Peak 529.42M) | Time:00:01.07 | Mem:0.00M, Peak:0.00M | Scene, ViewLayer | Synchronizing object | Bay_08_ladder.002
Fra:1 Mem:529.40M (Peak 529.42M) | Time:00:01.07 | Mem:0.00M, Peak:0.00M | Scene, ViewLayer | Synchronizing object | Bay_08_ladder.003
Fra:1 Mem:529.38M (Peak 529.42M) | Time:00:01.07 | Mem:0.00M, Peak:0.00M | Scene, ViewLayer | Synchronizing object | Bay_08_ladder_step.005
Fra:1 Mem:529.38M (Peak 529.42M) | Time:00:01.07 | Mem:0.00M, Peak:0.00M | Scene, ViewLayer | Synchronizing object | Bay_08_ladder_step.006
Fra:1 Mem:529.38M (Peak 529.42M) | Time:00:01.07 | Mem:0.00M, Peak:0.00M | Scene, ViewLayer | Synchronizing object | Bay_08_ladder_step.008
Fra:1 Mem:529.39M (Peak 529.42M) | Time:00:01.07 | Mem:0.00M, Peak:0.00M | Scene, ViewLayer | Synchronizing object | Bay_08_ladder_step.009
Fra:1 Mem:529.39M (Peak 529.42M) | Time:00:01.07 | Mem:0.00M, Peak:0.00M | Scene, ViewLayer | Synchronizing object | Bay_08_individual_reading_lamp.001
Fra:1 Mem:529.40M (Peak 529.42M) | Time:00:01.07 | Mem:0.00M, Peak:0.00M | Scene, ViewLayer | Synchronizing object | Shared compartment partition.007
Fra:1 Mem:529.40M (Peak 529.42M) | Time:00:01.07 | Mem:0.00M, Peak:0.00M | Scene, ViewLayer | Synchronizing object | Bay_08_side_LOWER
Fra:1 Mem:529.40M (Peak 529.42M) | Time:00:01.07 | Mem:0.00M, Peak:0.00M | Scene, ViewLayer | Synchronizing object | Bay_08_side_LOWER_support_pan
Fra:1 Mem:529.46M (Peak 529.46M) | Time:00:01.07 | Mem:0.00M, Peak:0.00M | Scene, ViewLayer | Synchronizing object | Bay_08_side_LOWER_wall_bracket
Fra:1 Mem:529.47M (Peak 529.47M) | Time:00:01.07 | Mem:0.00M, Peak:0.00M | Scene, ViewLayer | Synchronizing object | Bay_08_side_LOWER_diagonal_brace
Fra:1 Mem:529.48M (Peak 529.48M) | Time:00:01.07 | Mem:0.00M, Peak:0.00M | Scene, ViewLayer | Synchronizing object | Bay_08_side_lower_floor_leg
Fra:1 Mem:529.48M (Peak 529.48M) | Time:00:01.07 | Mem:0.00M, Peak:0.00M | Scene, ViewLayer | Synchronizing object | Bay_08_side_LOWER_wall_bracket.001
Fra:1 Mem:529.49M (Peak 529.49M) | Time:00:01.07 | Mem:0.00M, Peak:0.00M | Scene, ViewLayer | Synchronizing object | Bay_08_side_LOWER_diagonal_brace.001
Fra:1 Mem:529.50M (Peak 529.50M) | Time:00:01.07 | Mem:0.00M, Peak:0.00M | Scene, ViewLayer | Synchronizing object | Bay_08_side_lower_floor_leg.001
Fra:1 Mem:529.50M (Peak 529.50M) | Time:00:01.07 | Mem:0.00M, Peak:0.00M | Scene, ViewLayer | Synchronizing object | Bay_08_side_UPPER_stitched_edge_welt
Fra:1 Mem:529.51M (Peak 529.51M) | Time:00:01.07 | Mem:0.00M, Peak:0.00M | Scene, ViewLayer | Synchronizing object | Bay_08_side_UPPER_support_pan
Fra:1 Mem:529.57M (Peak 529.57M) | Time:00:01.07 | Mem:0.00M, Peak:0.00M | Scene, ViewLayer | Synchronizing object | Bay_08_side_UPPER_wall_bracket
Fra:1 Mem:529.57M (Peak 529.57M) | Time:00:01.07 | Mem:0.00M, Peak:0.00M | Scene, ViewLayer | Synchronizing object | Bay_08_side_UPPER_wall_bracket.001
Fra:1 Mem:529.59M (Peak 529.59M) | Time:00:01.07 | Mem:0.00M, Peak:0.00M | Scene, ViewLayer | Synchronizing object | Bay_08_side_UPPER_diagonal_brace.001
Fra:1 Mem:529.60M (Peak 529.60M) | Time:00:01.07 | Mem:0.00M, Peak:0.00M | Scene, ViewLayer | Synchronizing object | Bay_08_side_seat_back
Fra:1 Mem:529.60M (Peak 529.60M) | Time:00:01.07 | Mem:0.00M, Peak:0.00M | Scene, ViewLayer | Synchronizing object | Bay_08_side_berth_support
Fra:1 Mem:529.62M (Peak 529.62M) | Time:00:01.07 | Mem:0.00M, Peak:0.00M | Scene, ViewLayer | Synchronizing object | Bay_08_side_seat_back.001
Fra:1 Mem:529.62M (Peak 529.62M) | Time:00:01.07 | Mem:0.00M, Peak:0.00M | Scene, ViewLayer | Synchronizing object | Bay_08_side_cushion_seam
Fra:1 Mem:529.62M (Peak 529.62M) | Time:00:01.07 | Mem:0.00M, Peak:0.00M | Scene, ViewLayer | Synchronizing object | Bay_08_window_table
Fra:1 Mem:529.63M (Peak 529.63M) | Time:00:01.07 | Mem:0.00M, Peak:0.00M | Scene, ViewLayer | Synchronizing object | Bay_08_table_brace
Fra:1 Mem:529.64M (Peak 529.64M) | Time:00:01.07 | Mem:0.00M, Peak:0.00M | Scene, ViewLayer | Synchronizing object | Fan pressed ceiling flange.007
Fra:1 Mem:529.64M (Peak 529.64M) | Time:00:01.07 | Mem:0.00M, Peak:0.00M | Scene, ViewLayer | Synchronizing object | Fan round motor housing.007
Fra:1 Mem:529.66M (Peak 529.66M) | Time:00:01.07 | Mem:0.00M, Peak:0.00M | Scene, ViewLayer | Synchronizing object | Fan concentric safety grille.044
Fra:1 Mem:529.67M (Peak 529.67M) | Time:00:01.07 | Mem:0.00M, Peak:0.00M | Scene, ViewLayer | Synchronizing object | Fan concentric safety grille.043
Fra:1 Mem:529.83M (Peak 529.83M) | Time:00:01.07 | Mem:0.00M, Peak:0.00M | Scene, ViewLayer | Synchronizing object | Fan concentric safety grille.045
Fra:1 Mem:529.83M (Peak 529.83M) | Time:00:01.07 | Mem:0.00M, Peak:0.00M | Scene, ViewLayer | Synchronizing object | Fan concentric safety grille.046
Fra:1 Mem:529.94M (Peak 529.94M) | Time:00:01.07 | Mem:0.00M, Peak:0.00M | Scene, ViewLayer | Synchronizing object | Fan concentric safety grille.047
Fra:1 Mem:529.99M (Peak 529.99M) | Time:00:01.07 | Mem:0.00M, Peak:0.00M | Scene, ViewLayer | Synchronizing object | Fan radial cage wire.168
Fra:1 Mem:530.01M (Peak 530.01M) | Time:00:01.07 | Mem:0.00M, Peak:0.00M | Scene, ViewLayer | Synchronizing object | Fan radial cage wire.169
Fra:1 Mem:530.01M (Peak 530.01M) | Time:00:01.07 | Mem:0.00M, Peak:0.00M | Scene, ViewLayer | Synchronizing object | Fan radial cage wire.170
Fra:1 Mem:530.02M (Peak 530.02M) | Time:00:01.07 | Mem:0.00M, Peak:0.00M | Scene, ViewLayer | Synchronizing object | Fan radial cage wire.171
Fra:1 Mem:530.02M (Peak 530.02M) | Time:00:01.07 | Mem:0.00M, Peak:0.00M | Scene, ViewLayer | Synchronizing object | Fan radial cage wire.172
Fra:1 Mem:530.03M (Peak 530.03M) | Time:00:01.07 | Mem:0.00M, Peak:0.00M | Scene, ViewLayer | Synchronizing object | Fan radial cage wire.173
Fra:1 Mem:530.04M (Peak 530.04M) | Time:00:01.07 | Mem:0.00M, Peak:0.00M | Scene, ViewLayer | Synchronizing object | Fan radial cage wire.174
Fra:1 Mem:530.05M (Peak 530.05M) | Time:00:01.07 | Mem:0.00M, Peak:0.00M | Scene, ViewLayer | Synchronizing object | Fan radial cage wire.175
Fra:1 Mem:530.06M (Peak 530.06M) | Time:00:01.07 | Mem:0.00M, Peak:0.00M | Scene, ViewLayer | Synchronizing object | Fan radial cage wire.176
Fra:1 Mem:530.06M (Peak 530.06M) | Time:00:01.07 | Mem:0.00M, Peak:0.00M | Scene, ViewLayer | Synchronizing object | Fan radial cage wire.178
Fra:1 Mem:530.07M (Peak 530.07M) | Time:00:01.08 | Mem:0.00M, Peak:0.00M | Scene, ViewLayer | Synchronizing object | Fan radial cage wire.179
Fra:1 Mem:530.08M (Peak 530.08M) | Time:00:01.08 | Mem:0.00M, Peak:0.00M | Scene, ViewLayer | Synchronizing object | Fan radial cage wire.180
Fra:1 Mem:530.08M (Peak 530.08M) | Time:00:01.08 | Mem:0.00M, Peak:0.00M | Scene, ViewLayer | Synchronizing object | Fan radial cage wire.181
Fra:1 Mem:530.09M (Peak 530.09M) | Time:00:01.08 | Mem:0.00M, Peak:0.00M | Scene, ViewLayer | Synchronizing object | Fan radial cage wire.182
Fra:1 Mem:530.10M (Peak 530.10M) | Time:00:01.08 | Mem:0.00M, Peak:0.00M | Scene, ViewLayer | Synchronizing object | Fan radial cage wire.183
Fra:1 Mem:530.10M (Peak 530.10M) | Time:00:01.08 | Mem:0.00M, Peak:0.00M | Scene, ViewLayer | Synchronizing object | Fan radial cage wire.184
Fra:1 Mem:530.10M (Peak 530.10M) | Time:00:01.08 | Mem:0.00M, Peak:0.00M | Scene, ViewLayer | Synchronizing object | Fan radial cage wire.185
Fra:1 Mem:530.11M (Peak 530.11M) | Time:00:01.08 | Mem:0.00M, Peak:0.00M | Scene, ViewLayer | Synchronizing object | Fan radial cage wire.186
Fra:1 Mem:530.12M (Peak 530.12M) | Time:00:01.08 | Mem:0.00M, Peak:0.00M | Scene, ViewLayer | Synchronizing object | Fan radial cage wire.187
Fra:1 Mem:530.12M (Peak 530.12M) | Time:00:01.08 | Mem:0.00M, Peak:0.00M | Scene, ViewLayer | Synchronizing object | Fan radial cage wire.189
Fra:1 Mem:530.14M (Peak 530.14M) | Time:00:01.08 | Mem:0.00M, Peak:0.00M | Scene, ViewLayer | Synchronizing object | Fan radial cage wire.190
Fra:1 Mem:530.14M (Peak 530.14M) | Time:00:01.08 | Mem:0.00M, Peak:0.00M | Scene, ViewLayer | Synchronizing object | Fan radial cage wire.191
Fra:1 Mem:530.14M (Peak 530.14M) | Time:00:01.08 | Mem:0.00M, Peak:0.00M | Scene, ViewLayer | Synchronizing object | Fan swept three blade rotor.021
Fra:1 Mem:530.15M (Peak 530.15M) | Time:00:01.08 | Mem:0.00M, Peak:0.00M | Scene, ViewLayer | Synchronizing object | Fan swept three blade rotor.022
Fra:1 Mem:530.15M (Peak 530.15M) | Time:00:01.08 | Mem:0.00M, Peak:0.00M | Scene, ViewLayer | Synchronizing object | Fan swept three blade rotor.023
Fra:1 Mem:530.15M (Peak 530.15M) | Time:00:01.08 | Mem:0.00M, Peak:0.00M | Scene, ViewLayer | Synchronizing object | Fan centre decorative cap.007
Fra:1 Mem:530.16M (Peak 530.16M) | Time:00:01.08 | Mem:0.00M, Peak:0.00M | Scene, ViewLayer | Synchronizing object | Fan grille locking clip.028
Fra:1 Mem:530.16M (Peak 530.16M) | Time:00:01.08 | Mem:0.00M, Peak:0.00M | Scene, ViewLayer | Synchronizing object | Fan grille locking clip.029
Fra:1 Mem:530.17M (Peak 530.17M) | Time:00:01.08 | Mem:0.00M, Peak:0.00M | Scene, ViewLayer | Synchronizing object | Fan grille locking clip.030
Fra:1 Mem:530.18M (Peak 530.18M) | Time:00:01.08 | Mem:0.00M, Peak:0.00M | Scene, ViewLayer | Synchronizing object | Fan grille locking clip.031
Fra:1 Mem:530.20M (Peak 530.20M) | Time:00:01.08 | Mem:0.00M, Peak:0.00M | Scene, ViewLayer | Synchronizing object | Bay_08_number_plate
Fra:1 Mem:530.20M (Peak 530.20M) | Time:00:01.08 | Mem:0.00M, Peak:0.00M | Scene, ViewLayer | Synchronizing object | Fluorescent lamp housing
Fra:1 Mem:530.20M (Peak 530.20M) | Time:00:01.08 | Mem:0.00M, Peak:0.00M | Scene, ViewLayer | Synchronizing object | Fluorescent lamp diffuser
Fra:1 Mem:530.24M (Peak 530.24M) | Time:00:01.08 | Mem:0.00M, Peak:0.00M | Scene, ViewLayer | Synchronizing object | Fluorescent lamp housing.001
Fra:1 Mem:530.27M (Peak 530.27M) | Time:00:01.08 | Mem:0.00M, Peak:0.00M | Scene, ViewLayer | Synchronizing object | Fluorescent lamp diffuser.001
Fra:1 Mem:530.27M (Peak 530.27M) | Time:00:01.08 | Mem:0.00M, Peak:0.00M | Scene, ViewLayer | Synchronizing object | Fluorescent lamp housing.002
Fra:1 Mem:530.28M (Peak 530.28M) | Time:00:01.08 | Mem:0.00M, Peak:0.00M | Scene, ViewLayer | Synchronizing object | Fluorescent lamp diffuser.002
Fra:1 Mem:530.29M (Peak 530.29M) | Time:00:01.08 | Mem:0.00M, Peak:0.00M | Scene, ViewLayer | Synchronizing object | Fluorescent lamp housing.003
Fra:1 Mem:530.30M (Peak 530.30M) | Time:00:01.08 | Mem:0.00M, Peak:0.00M | Scene, ViewLayer | Synchronizing object | Fluorescent lamp diffuser.003
Fra:1 Mem:530.31M (Peak 530.31M) | Time:00:01.08 | Mem:0.00M, Peak:0.00M | Scene, ViewLayer | Synchronizing object | Fluorescent lamp housing.004
Fra:1 Mem:530.32M (Peak 530.32M) | Time:00:01.08 | Mem:0.00M, Peak:0.00M | Scene, ViewLayer | Synchronizing object | Fluorescent lamp diffuser.004
Fra:1 Mem:530.32M (Peak 530.32M) | Time:00:01.08 | Mem:0.00M, Peak:0.00M | Scene, ViewLayer | Synchronizing object | Fluorescent lamp diffuser.005
Fra:1 Mem:530.35M (Peak 530.35M) | Time:00:01.08 | Mem:0.00M, Peak:0.00M | Scene, ViewLayer | Synchronizing object | Fluorescent lamp housing.006
Fra:1 Mem:530.36M (Peak 530.36M) | Time:00:01.08 | Mem:0.00M, Peak:0.00M | Scene, ViewLayer | Synchronizing object | Fluorescent lamp diffuser.006
Fra:1 Mem:530.36M (Peak 530.36M) | Time:00:01.08 | Mem:0.00M, Peak:0.00M | Scene, ViewLayer | Synchronizing object | Fluorescent lamp housing.007
Fra:1 Mem:530.37M (Peak 530.37M) | Time:00:01.08 | Mem:0.00M, Peak:0.00M | Scene, ViewLayer | Synchronizing object | Fluorescent lamp diffuser.007
Fra:1 Mem:530.38M (Peak 530.38M) | Time:00:01.08 | Mem:0.00M, Peak:0.00M | Scene, ViewLayer | Synchronizing object | Fluorescent lamp housing.008
Fra:1 Mem:530.39M (Peak 530.39M) | Time:00:01.08 | Mem:0.00M, Peak:0.00M | Scene, ViewLayer | Synchronizing object | Fluorescent lamp diffuser.008
Fra:1 Mem:530.39M (Peak 530.39M) | Time:00:01.08 | Mem:0.00M, Peak:0.00M | Scene, ViewLayer | Synchronizing object | Interior stainless kick strip
Fra:1 Mem:530.40M (Peak 530.40M) | Time:00:01.08 | Mem:0.00M, Peak:0.00M | Scene, ViewLayer | Synchronizing object | Lining panel vertical joint
Fra:1 Mem:530.41M (Peak 530.41M) | Time:00:01.08 | Mem:0.00M, Peak:0.00M | Scene, ViewLayer | Synchronizing object | Lining panel vertical joint.001
Fra:1 Mem:530.41M (Peak 530.41M) | Time:00:01.08 | Mem:0.00M, Peak:0.00M | Scene, ViewLayer | Synchronizing object | Lining panel vertical joint.002
Fra:1 Mem:530.41M (Peak 530.41M) | Time:00:01.08 | Mem:0.00M, Peak:0.00M | Scene, ViewLayer | Synchronizing object | Lining panel vertical joint.003
Fra:1 Mem:530.41M (Peak 530.41M) | Time:00:01.08 | Mem:0.00M, Peak:0.00M | Scene, ViewLayer | Synchronizing object | Lining panel vertical joint.004
Fra:1 Mem:530.41M (Peak 530.41M) | Time:00:01.08 | Mem:0.00M, Peak:0.00M | Scene, ViewLayer | Synchronizing object | Lining panel vertical joint.005
Fra:1 Mem:530.41M (Peak 530.41M) | Time:00:01.08 | Mem:0.00M, Peak:0.00M | Scene, ViewLayer | Synchronizing object | Lining panel vertical joint.006
Fra:1 Mem:530.42M (Peak 530.42M) | Time:00:01.08 | Mem:0.00M, Peak:0.00M | Scene, ViewLayer | Synchronizing object | Lining panel vertical joint.007
Fra:1 Mem:530.42M (Peak 530.42M) | Time:00:01.08 | Mem:0.00M, Peak:0.00M | Scene, ViewLayer | Synchronizing object | Lining panel vertical joint.008
Fra:1 Mem:530.42M (Peak 530.42M) | Time:00:01.08 | Mem:0.00M, Peak:0.00M | Scene, ViewLayer | Synchronizing object | Lining panel vertical joint.010
Fra:1 Mem:530.42M (Peak 530.42M) | Time:00:01.08 | Mem:0.00M, Peak:0.00M | Scene, ViewLayer | Synchronizing object | Lining panel vertical joint.011
Fra:1 Mem:530.42M (Peak 530.42M) | Time:00:01.08 | Mem:0.00M, Peak:0.00M | Scene, ViewLayer | Synchronizing object | Lining panel vertical joint.012
Fra:1 Mem:530.43M (Peak 530.43M) | Time:00:01.08 | Mem:0.00M, Peak:0.00M | Scene, ViewLayer | Synchronizing object | Lining panel vertical joint.013
Fra:1 Mem:530.43M (Peak 530.43M) | Time:00:01.08 | Mem:0.00M, Peak:0.00M | Scene, ViewLayer | Synchronizing object | Lining panel vertical joint.015
Fra:1 Mem:530.43M (Peak 530.43M) | Time:00:01.08 | Mem:0.00M, Peak:0.00M | Scene, ViewLayer | Synchronizing object | Lining panel vertical joint.016
Fra:1 Mem:530.43M (Peak 530.43M) | Time:00:01.08 | Mem:0.00M, Peak:0.00M | Scene, ViewLayer | Synchronizing object | Lining panel vertical joint.018
Fra:1 Mem:530.43M (Peak 530.43M) | Time:00:01.08 | Mem:0.00M, Peak:0.00M | Scene, ViewLayer | Synchronizing object | Interior stainless kick strip.001
Fra:1 Mem:530.43M (Peak 530.43M) | Time:00:01.08 | Mem:0.00M, Peak:0.00M | Scene, ViewLayer | Synchronizing object | Lining panel vertical joint.019
Fra:1 Mem:530.44M (Peak 530.44M) | Time:00:01.08 | Mem:0.00M, Peak:0.00M | Scene, ViewLayer | Synchronizing object | Lining panel vertical joint.020
Fra:1 Mem:530.44M (Peak 530.44M) | Time:00:01.08 | Mem:0.00M, Peak:0.00M | Scene, ViewLayer | Synchronizing object | Lining panel vertical joint.021
Fra:1 Mem:530.44M (Peak 530.44M) | Time:00:01.08 | Mem:0.00M, Peak:0.00M | Scene, ViewLayer | Synchronizing object | Lining panel vertical joint.023
Fra:1 Mem:530.44M (Peak 530.44M) | Time:00:01.08 | Mem:0.00M, Peak:0.00M | Scene, ViewLayer | Synchronizing object | Lining panel vertical joint.024
Fra:1 Mem:530.45M (Peak 530.45M) | Time:00:01.08 | Mem:0.00M, Peak:0.00M | Scene, ViewLayer | Synchronizing object | Lining panel vertical joint.025
Fra:1 Mem:530.45M (Peak 530.45M) | Time:00:01.08 | Mem:0.00M, Peak:0.00M | Scene, ViewLayer | Synchronizing object | Lining panel vertical joint.026
Fra:1 Mem:530.45M (Peak 530.45M) | Time:00:01.08 | Mem:0.00M, Peak:0.00M | Scene, ViewLayer | Synchronizing object | Lining panel vertical joint.027
Fra:1 Mem:530.45M (Peak 530.45M) | Time:00:01.08 | Mem:0.00M, Peak:0.00M | Scene, ViewLayer | Synchronizing object | Lining panel vertical joint.028
Fra:1 Mem:530.45M (Peak 530.45M) | Time:00:01.08 | Mem:0.00M, Peak:0.00M | Scene, ViewLayer | Synchronizing object | Lining panel vertical joint.029
Fra:1 Mem:530.45M (Peak 530.45M) | Time:00:01.08 | Mem:0.00M, Peak:0.00M | Scene, ViewLayer | Synchronizing object | Lining panel vertical joint.030
Fra:1 Mem:530.45M (Peak 530.45M) | Time:00:01.08 | Mem:0.00M, Peak:0.00M | Scene, ViewLayer | Synchronizing object | Lining panel vertical joint.031
Fra:1 Mem:530.46M (Peak 530.46M) | Time:00:01.08 | Mem:0.00M, Peak:0.00M | Scene, ViewLayer | Synchronizing object | Lining panel vertical joint.032
Fra:1 Mem:530.46M (Peak 530.46M) | Time:00:01.08 | Mem:0.00M, Peak:0.00M | Scene, ViewLayer | Synchronizing object | Lining panel vertical joint.034
Fra:1 Mem:530.46M (Peak 530.46M) | Time:00:01.08 | Mem:0.00M, Peak:0.00M | Scene, ViewLayer | Synchronizing object | Lining panel vertical joint.035
Fra:1 Mem:530.46M (Peak 530.46M) | Time:00:01.08 | Mem:0.00M, Peak:0.00M | Scene, ViewLayer | Synchronizing object | Lining panel vertical joint.036
Fra:1 Mem:530.46M (Peak 530.46M) | Time:00:01.08 | Mem:0.00M, Peak:0.00M | Scene, ViewLayer | Synchronizing object | Bottle holder rolled hoop
Fra:1 Mem:530.48M (Peak 530.48M) | Time:00:01.08 | Mem:0.00M, Peak:0.00M | Scene, ViewLayer | Synchronizing object | Bottle holder rolled hoop.001
Fra:1 Mem:530.49M (Peak 530.49M) | Time:00:01.08 | Mem:0.00M, Peak:0.00M | Scene, ViewLayer | Synchronizing object | Bottle holder wire upright
Fra:1 Mem:530.52M (Peak 530.52M) | Time:00:01.08 | Mem:0.00M, Peak:0.00M | Scene, ViewLayer | Synchronizing object | STUDIO fastening clip.195
Fra:1 Mem:530.52M (Peak 530.52M) | Time:00:01.08 | Mem:0.00M, Peak:0.00M | Scene, ViewLayer | Synchronizing object | Bottle holder wire upright.003
Fra:1 Mem:530.53M (Peak 530.53M) | Time:00:01.08 | Mem:0.00M, Peak:0.00M | Scene, ViewLayer | Synchronizing object | Bottle basket bottom wire
Fra:1 Mem:530.53M (Peak 530.53M) | Time:00:01.08 | Mem:0.00M, Peak:0.00M | Scene, ViewLayer | Synchronizing object | Bottle holder wall mounting plate
Fra:1 Mem:530.54M (Peak 530.54M) | Time:00:01.08 | Mem:0.00M, Peak:0.00M | Scene, ViewLayer | Synchronizing object | Bottle basket wall standoff
Fra:1 Mem:530.54M (Peak 530.54M) | Time:00:01.08 | Mem:0.00M, Peak:0.00M | Scene, ViewLayer | Synchronizing object | Bottle basket wall standoff.001
Fra:1 Mem:530.55M (Peak 530.55M) | Time:00:01.08 | Mem:0.00M, Peak:0.00M | Scene, ViewLayer | Synchronizing object | Bottle holder fixing screw.001
Fra:1 Mem:530.55M (Peak 530.55M) | Time:00:01.08 | Mem:0.00M, Peak:0.00M | Scene, ViewLayer | Synchronizing object | STUDIO rail pad.097
Fra:1 Mem:530.55M (Peak 530.55M) | Time:00:01.08 | Mem:0.00M, Peak:0.00M | Scene, ViewLayer | Synchronizing object | Bottle holder rolled hoop.002
Fra:1 Mem:530.56M (Peak 530.56M) | Time:00:01.08 | Mem:0.00M, Peak:0.00M | Scene, ViewLayer | Synchronizing object | STUDIO fastening clip.193
Fra:1 Mem:530.57M (Peak 530.57M) | Time:00:01.08 | Mem:0.00M, Peak:0.00M | Scene, ViewLayer | Synchronizing object | STUDIO fastening clip.192
Fra:1 Mem:530.58M (Peak 530.58M) | Time:00:01.08 | Mem:0.00M, Peak:0.00M | Scene, ViewLayer | Synchronizing object | STUDIO rail pad.096
Fra:1 Mem:530.59M (Peak 530.59M) | Time:00:01.08 | Mem:0.00M, Peak:0.00M | Scene, ViewLayer | Synchronizing object | Bottle holder rolled hoop.003
Fra:1 Mem:530.59M (Peak 530.59M) | Time:00:01.08 | Mem:0.00M, Peak:0.00M | Scene, ViewLayer | Synchronizing object | STUDIO sleeper.048
Fra:1 Mem:530.61M (Peak 530.61M) | Time:00:01.08 | Mem:0.00M, Peak:0.00M | Scene, ViewLayer | Synchronizing object | Bottle holder wire upright.005
Fra:1 Mem:530.61M (Peak 530.61M) | Time:00:01.08 | Mem:0.00M, Peak:0.00M | Scene, ViewLayer | Synchronizing object | STUDIO fastening clip.191
Fra:1 Mem:530.63M (Peak 530.63M) | Time:00:01.08 | Mem:0.00M, Peak:0.00M | Scene, ViewLayer | Synchronizing object | STUDIO fastening clip.190
Fra:1 Mem:530.62M (Peak 530.63M) | Time:00:01.08 | Mem:0.00M, Peak:0.00M | Scene, ViewLayer | Synchronizing object | Bottle basket bottom wire.002
Fra:1 Mem:530.62M (Peak 530.63M) | Time:00:01.08 | Mem:0.00M, Peak:0.00M | Scene, ViewLayer | Synchronizing object | STUDIO rail pad.095
Fra:1 Mem:530.63M (Peak 530.63M) | Time:00:01.08 | Mem:0.00M, Peak:0.00M | Scene, ViewLayer | Synchronizing object | Bottle basket bottom wire.003
Fra:1 Mem:530.63M (Peak 530.63M) | Time:00:01.08 | Mem:0.00M, Peak:0.00M | Scene, ViewLayer | Synchronizing object | STUDIO fastening clip.189
Fra:1 Mem:530.63M (Peak 530.63M) | Time:00:01.08 | Mem:0.00M, Peak:0.00M | Scene, ViewLayer | Synchronizing object | Bottle holder wall mounting plate.001
Fra:1 Mem:530.64M (Peak 530.64M) | Time:00:01.08 | Mem:0.00M, Peak:0.00M | Scene, ViewLayer | Synchronizing object | Bottle basket wall standoff.002
Fra:1 Mem:530.64M (Peak 530.64M) | Time:00:01.08 | Mem:0.00M, Peak:0.00M | Scene, ViewLayer | Synchronizing object | Bottle holder fixing screw.002
Fra:1 Mem:530.64M (Peak 530.64M) | Time:00:01.08 | Mem:0.00M, Peak:0.00M | Scene, ViewLayer | Synchronizing object | Bottle basket wall standoff.003
Fra:1 Mem:530.65M (Peak 530.65M) | Time:00:01.08 | Mem:0.00M, Peak:0.00M | Scene, ViewLayer | Synchronizing object | Bottle holder fixing screw.003
Fra:1 Mem:530.65M (Peak 530.65M) | Time:00:01.08 | Mem:0.00M, Peak:0.00M | Scene, ViewLayer | Synchronizing object | Upper berth guard mesh horizontal.001
Fra:1 Mem:530.65M (Peak 530.65M) | Time:00:01.08 | Mem:0.00M, Peak:0.00M | Scene, ViewLayer | Synchronizing object | STUDIO fastening clip.188
Fra:1 Mem:530.66M (Peak 530.66M) | Time:00:01.08 | Mem:0.00M, Peak:0.00M | Scene, ViewLayer | Synchronizing object | Upper berth guard mesh horizontal.002
Fra:1 Mem:530.66M (Peak 530.66M) | Time:00:01.08 | Mem:0.00M, Peak:0.00M | Scene, ViewLayer | Synchronizing object | Upper berth guard mesh horizontal.003
Fra:1 Mem:530.66M (Peak 530.66M) | Time:00:01.08 | Mem:0.00M, Peak:0.00M | Scene, ViewLayer | Synchronizing object | Upper berth safety rail
Fra:1 Mem:530.67M (Peak 530.67M) | Time:00:01.08 | Mem:0.00M, Peak:0.00M | Scene, ViewLayer | Synchronizing object | Upper berth safety rail.002
Fra:1 Mem:530.67M (Peak 530.67M) | Time:00:01.08 | Mem:0.00M, Peak:0.00M | Scene, ViewLayer | Synchronizing object | Middle berth folding hinge axle
Fra:1 Mem:530.68M (Peak 530.68M) | Time:00:01.08 | Mem:0.00M, Peak:0.00M | Scene, ViewLayer | Synchronizing object | Parked berth support chain link
Fra:1 Mem:530.70M (Peak 530.70M) | Time:00:01.08 | Mem:0.00M, Peak:0.00M | Scene, ViewLayer | Synchronizing object | Parked berth support chain link.001
Fra:1 Mem:530.72M (Peak 530.72M) | Time:00:01.08 | Mem:0.00M, Peak:0.00M | Scene, ViewLayer | Synchronizing object | STUDIO fastening clip.187
Fra:1 Mem:530.73M (Peak 530.73M) | Time:00:01.08 | Mem:0.00M, Peak:0.00M | Scene, ViewLayer | Synchronizing object | Parked berth support chain link.003
Fra:1 Mem:530.73M (Peak 530.73M) | Time:00:01.08 | Mem:0.00M, Peak:0.00M | Scene, ViewLayer | Synchronizing object | STUDIO fastening clip.186
Fra:1 Mem:530.75M (Peak 530.75M) | Time:00:01.08 | Mem:0.00M, Peak:0.00M | Scene, ViewLayer | Synchronizing object | Parked berth support chain link.004
Fra:1 Mem:530.75M (Peak 530.75M) | Time:00:01.08 | Mem:0.00M, Peak:0.00M | Scene, ViewLayer | Synchronizing object | STUDIO rail pad.093
Fra:1 Mem:530.76M (Peak 530.76M) | Time:00:01.08 | Mem:0.00M, Peak:0.00M | Scene, ViewLayer | Synchronizing object | Parked berth support chain link.005
Fra:1 Mem:530.78M (Peak 530.78M) | Time:00:01.08 | Mem:0.00M, Peak:0.00M | Scene, ViewLayer | Synchronizing object | STUDIO fastening clip.185
Fra:1 Mem:530.79M (Peak 530.79M) | Time:00:01.08 | Mem:0.00M, Peak:0.00M | Scene, ViewLayer | Synchronizing object | STUDIO fastening clip.184
Fra:1 Mem:530.80M (Peak 530.80M) | Time:00:01.08 | Mem:0.00M, Peak:0.00M | Scene, ViewLayer | Synchronizing object | Parked berth support chain link.007
Fra:1 Mem:530.81M (Peak 530.81M) | Time:00:01.08 | Mem:0.00M, Peak:0.00M | Scene, ViewLayer | Synchronizing object | STUDIO rail pad.092
Fra:1 Mem:530.83M (Peak 530.83M) | Time:00:01.08 | Mem:0.00M, Peak:0.00M | Scene, ViewLayer | Synchronizing object | Parked berth support chain link.008
Fra:1 Mem:530.83M (Peak 530.83M) | Time:00:01.08 | Mem:0.00M, Peak:0.00M | Scene, ViewLayer | Synchronizing object | STUDIO sleeper.046
Fra:1 Mem:530.85M (Peak 530.85M) | Time:00:01.08 | Mem:0.00M, Peak:0.00M | Scene, ViewLayer | Synchronizing object | Middle berth folding hinge axle.001
Fra:1 Mem:530.86M (Peak 530.86M) | Time:00:01.08 | Mem:0.00M, Peak:0.00M | Scene, ViewLayer | Synchronizing object | STUDIO fastening clip.183
Fra:1 Mem:530.87M (Peak 530.87M) | Time:00:01.08 | Mem:0.00M, Peak:0.00M | Scene, ViewLayer | Synchronizing object | Middle berth retention latch.001
Fra:1 Mem:530.88M (Peak 530.88M) | Time:00:01.08 | Mem:0.00M, Peak:0.00M | Scene, ViewLayer | Synchronizing object | STUDIO fastening clip.182
Fra:1 Mem:530.88M (Peak 530.88M) | Time:00:01.08 | Mem:0.00M, Peak:0.00M | Scene, ViewLayer | Synchronizing object | Parked berth support chain link.009
Fra:1 Mem:530.89M (Peak 530.89M) | Time:00:01.08 | Mem:0.00M, Peak:0.00M | Scene, ViewLayer | Synchronizing object | STUDIO rail pad.091
Fra:1 Mem:530.90M (Peak 530.90M) | Time:00:01.08 | Mem:0.00M, Peak:0.00M | Scene, ViewLayer | Synchronizing object | STUDIO fastening clip.181
Fra:1 Mem:530.93M (Peak 530.93M) | Time:00:01.08 | Mem:0.00M, Peak:0.00M | Scene, ViewLayer | Synchronizing object | Parked berth support chain link.012
Fra:1 Mem:530.93M (Peak 530.93M) | Time:00:01.08 | Mem:0.00M, Peak:0.00M | Scene, ViewLayer | Synchronizing object | STUDIO fastening clip.180
Fra:1 Mem:530.96M (Peak 530.96M) | Time:00:01.08 | Mem:0.00M, Peak:0.00M | Scene, ViewLayer | Synchronizing object | STUDIO rail pad.090
Fra:1 Mem:530.96M (Peak 530.96M) | Time:00:01.08 | Mem:0.00M, Peak:0.00M | Scene, ViewLayer | Synchronizing object | Parked berth support chain link.013
Fra:1 Mem:530.98M (Peak 530.98M) | Time:00:01.08 | Mem:0.00M, Peak:0.00M | Scene, ViewLayer | Synchronizing object | STUDIO sleeper.045
Fra:1 Mem:530.98M (Peak 530.98M) | Time:00:01.08 | Mem:0.00M, Peak:0.00M | Scene, ViewLayer | Synchronizing object | Parked berth support chain link.015
Fra:1 Mem:530.99M (Peak 530.99M) | Time:00:01.08 | Mem:0.00M, Peak:0.00M | Scene, ViewLayer | Synchronizing object | STUDIO fastening clip.179
Fra:1 Mem:531.00M (Peak 531.00M) | Time:00:01.08 | Mem:0.00M, Peak:0.00M | Scene, ViewLayer | Synchronizing object | Parked berth support chain link.016
Fra:1 Mem:531.01M (Peak 531.01M) | Time:00:01.08 | Mem:0.00M, Peak:0.00M | Scene, ViewLayer | Synchronizing object | STUDIO fastening clip.178
Fra:1 Mem:531.02M (Peak 531.02M) | Time:00:01.08 | Mem:0.00M, Peak:0.00M | Scene, ViewLayer | Synchronizing object | Parked berth support chain link.017
Fra:1 Mem:531.05M (Peak 531.05M) | Time:00:01.08 | Mem:0.00M, Peak:0.00M | Scene, ViewLayer | Synchronizing object | Berth individual moulded control plate
Fra:1 Mem:531.05M (Peak 531.05M) | Time:00:01.08 | Mem:0.00M, Peak:0.00M | Scene, ViewLayer | Synchronizing object | Berth toggle switch
Fra:1 Mem:531.08M (Peak 531.08M) | Time:00:01.08 | Mem:0.00M, Peak:0.00M | Scene, ViewLayer | Synchronizing object | STUDIO rail pad.089
Fra:1 Mem:531.08M (Peak 531.08M) | Time:00:01.08 | Mem:0.00M, Peak:0.00M | Scene, ViewLayer | Synchronizing object | Upper berth guard mesh horizontal.005
Fra:1 Mem:531.09M (Peak 531.09M) | Time:00:01.08 | Mem:0.00M, Peak:0.00M | Scene, ViewLayer | Synchronizing object | STUDIO fastening clip.177
Fra:1 Mem:531.09M (Peak 531.09M) | Time:00:01.08 | Mem:0.00M, Peak:0.00M | Scene, ViewLayer | Synchronizing object | Upper berth guard mesh horizontal.007
Fra:1 Mem:531.09M (Peak 531.09M) | Time:00:01.08 | Mem:0.00M, Peak:0.00M | Scene, ViewLayer | Synchronizing object | Upper berth guard mesh horizontal.008
Fra:1 Mem:531.10M (Peak 531.10M) | Time:00:01.08 | Mem:0.00M, Peak:0.00M | Scene, ViewLayer | Synchronizing object | Upper berth guard mesh horizontal.009
Fra:1 Mem:531.10M (Peak 531.10M) | Time:00:01.08 | Mem:0.00M, Peak:0.00M | Scene, ViewLayer | Synchronizing object | Upper berth safety rail.003
Fra:1 Mem:531.10M (Peak 531.10M) | Time:00:01.08 | Mem:0.00M, Peak:0.00M | Scene, ViewLayer | Synchronizing object | Upper berth safety rail.005
Fra:1 Mem:531.11M (Peak 531.11M) | Time:00:01.08 | Mem:0.00M, Peak:0.00M | Scene, ViewLayer | Synchronizing object | Middle berth folding hinge axle.002
Fra:1 Mem:531.12M (Peak 531.12M) | Time:00:01.08 | Mem:0.00M, Peak:0.00M | Scene, ViewLayer | Synchronizing object | Middle berth retention latch.002
Fra:1 Mem:531.12M (Peak 531.12M) | Time:00:01.08 | Mem:0.00M, Peak:0.00M | Scene, ViewLayer | Synchronizing object | STUDIO rail pad.088
Fra:1 Mem:531.14M (Peak 531.14M) | Time:00:01.08 | Mem:0.00M, Peak:0.00M | Scene, ViewLayer | Synchronizing object | Parked berth support chain link.019
Fra:1 Mem:531.14M (Peak 531.14M) | Time:00:01.08 | Mem:0.00M, Peak:0.00M | Scene, ViewLayer | Synchronizing object | Parked berth support chain link.020
Fra:1 Mem:531.17M (Peak 531.17M) | Time:00:01.08 | Mem:0.00M, Peak:0.00M | Scene, ViewLayer | Synchronizing object | Parked berth support chain link.021
Fra:1 Mem:531.19M (Peak 531.19M) | Time:00:01.08 | Mem:0.00M, Peak:0.00M | Scene, ViewLayer | Synchronizing object | STUDIO sleeper.044
Fra:1 Mem:531.20M (Peak 531.20M) | Time:00:01.08 | Mem:0.00M, Peak:0.00M | Scene, ViewLayer | Synchronizing object | Parked berth support chain link.022
Fra:1 Mem:531.22M (Peak 531.22M) | Time:00:01.08 | Mem:0.00M, Peak:0.00M | Scene, ViewLayer | Synchronizing object | STUDIO fastening clip.175
Fra:1 Mem:531.22M (Peak 531.22M) | Time:00:01.08 | Mem:0.00M, Peak:0.00M | Scene, ViewLayer | Synchronizing object | Parked berth support chain link.024
Fra:1 Mem:531.24M (Peak 531.24M) | Time:00:01.08 | Mem:0.00M, Peak:0.00M | Scene, ViewLayer | Synchronizing object | Parked berth support chain link.025
Fra:1 Mem:531.27M (Peak 531.27M) | Time:00:01.08 | Mem:0.00M, Peak:0.00M | Scene, ViewLayer | Synchronizing object | STUDIO fastening clip.174
Fra:1 Mem:531.28M (Peak 531.28M) | Time:00:01.08 | Mem:0.00M, Peak:0.00M | Scene, ViewLayer | Synchronizing object | Parked berth support chain link.026
Fra:1 Mem:531.30M (Peak 531.30M) | Time:00:01.08 | Mem:0.00M, Peak:0.00M | Scene, ViewLayer | Synchronizing object | STUDIO rail pad.087
Fra:1 Mem:531.30M (Peak 531.30M) | Time:00:01.08 | Mem:0.00M, Peak:0.00M | Scene, ViewLayer | Synchronizing object | Middle berth folding hinge axle.003
Fra:1 Mem:531.31M (Peak 531.31M) | Time:00:01.08 | Mem:0.00M, Peak:0.00M | Scene, ViewLayer | Synchronizing object | STUDIO fastening clip.173
Fra:1 Mem:531.31M (Peak 531.31M) | Time:00:01.08 | Mem:0.00M, Peak:0.00M | Scene, ViewLayer | Synchronizing object | Parked berth support chain link.027
Fra:1 Mem:531.31M (Peak 531.31M) | Time:00:01.08 | Mem:0.00M, Peak:0.00M | Scene, ViewLayer | Synchronizing object | Parked berth support chain link.028
Fra:1 Mem:531.33M (Peak 531.33M) | Time:00:01.08 | Mem:0.00M, Peak:0.00M | Scene, ViewLayer | Synchronizing object | STUDIO fastening clip.172
Fra:1 Mem:531.33M (Peak 531.33M) | Time:00:01.08 | Mem:0.00M, Peak:0.00M | Scene, ViewLayer | Synchronizing object | Parked berth support chain link.029
Fra:1 Mem:531.37M (Peak 531.37M) | Time:00:01.08 | Mem:0.00M, Peak:0.00M | Scene, ViewLayer | Synchronizing object | STUDIO rail pad.086
Fra:1 Mem:531.38M (Peak 531.38M) | Time:00:01.08 | Mem:0.00M, Peak:0.00M | Scene, ViewLayer | Synchronizing object | Parked berth support chain link.030
Fra:1 Mem:531.38M (Peak 531.38M) | Time:00:01.08 | Mem:0.00M, Peak:0.00M | Scene, ViewLayer | Synchronizing object | Parked berth support chain link.031
Fra:1 Mem:531.40M (Peak 531.40M) | Time:00:01.08 | Mem:0.00M, Peak:0.00M | Scene, ViewLayer | Synchronizing object | STUDIO sleeper.043
Fra:1 Mem:531.40M (Peak 531.40M) | Time:00:01.08 | Mem:0.00M, Peak:0.00M | Scene, ViewLayer | Synchronizing object | Parked berth support chain link.033
Fra:1 Mem:531.43M (Peak 531.43M) | Time:00:01.08 | Mem:0.00M, Peak:0.00M | Scene, ViewLayer | Synchronizing object | STUDIO fastening clip.171
Fra:1 Mem:531.45M (Peak 531.45M) | Time:00:01.08 | Mem:0.00M, Peak:0.00M | Scene, ViewLayer | Synchronizing object | STUDIO fastening clip.170
Fra:1 Mem:531.46M (Peak 531.46M) | Time:00:01.08 | Mem:0.00M, Peak:0.00M | Scene, ViewLayer | Synchronizing object | Parked berth support chain link.035
Fra:1 Mem:531.48M (Peak 531.48M) | Time:00:01.08 | Mem:0.00M, Peak:0.00M | Scene, ViewLayer | Synchronizing object | STUDIO rail pad.085
Fra:1 Mem:531.50M (Peak 531.50M) | Time:00:01.08 | Mem:0.00M, Peak:0.00M | Scene, ViewLayer | Synchronizing object | Berth individual moulded control plate.001
Fra:1 Mem:531.50M (Peak 531.50M) | Time:00:01.08 | Mem:0.00M, Peak:0.00M | Scene, ViewLayer | Synchronizing object | Berth toggle switch.002
Fra:1 Mem:531.51M (Peak 531.51M) | Time:00:01.08 | Mem:0.00M, Peak:0.00M | Scene, ViewLayer | Synchronizing object | Berth toggle switch.003
Fra:1 Mem:531.52M (Peak 531.52M) | Time:00:01.08 | Mem:0.00M, Peak:0.00M | Scene, ViewLayer | Synchronizing object | Bay coat hook
Fra:1 Mem:531.53M (Peak 531.53M) | Time:00:01.08 | Mem:0.00M, Peak:0.00M | Scene, ViewLayer | Synchronizing object | STUDIO fastening clip.168
Fra:1 Mem:531.53M (Peak 531.53M) | Time:00:01.08 | Mem:0.00M, Peak:0.00M | Scene, ViewLayer | Synchronizing object | Bottle holder rolled hoop.004
Fra:1 Mem:531.53M (Peak 531.53M) | Time:00:01.08 | Mem:0.00M, Peak:0.00M | Scene, ViewLayer | Synchronizing object | Bottle holder rolled hoop.005
Fra:1 Mem:531.53M (Peak 531.53M) | Time:00:01.08 | Mem:0.00M, Peak:0.00M | Scene, ViewLayer | Synchronizing object | STUDIO rail pad.084
Fra:1 Mem:531.58M (Peak 531.58M) | Time:00:01.08 | Mem:0.00M, Peak:0.00M | Scene, ViewLayer | Synchronizing object | STUDIO sleeper.042
Fra:1 Mem:531.59M (Peak 531.59M) | Time:00:01.08 | Mem:0.00M, Peak:0.00M | Scene, ViewLayer | Synchronizing object | Bottle holder wire upright.008
Fra:1 Mem:531.60M (Peak 531.60M) | Time:00:01.08 | Mem:0.00M, Peak:0.00M | Scene, ViewLayer | Synchronizing object | STUDIO fastening clip.167
Fra:1 Mem:531.60M (Peak 531.60M) | Time:00:01.08 | Mem:0.00M, Peak:0.00M | Scene, ViewLayer | Synchronizing object | Bottle holder wire upright.009
Fra:1 Mem:531.60M (Peak 531.60M) | Time:00:01.08 | Mem:0.00M, Peak:0.00M | Scene, ViewLayer | Synchronizing object | STUDIO fastening clip.166
Fra:1 Mem:531.60M (Peak 531.60M) | Time:00:01.08 | Mem:0.00M, Peak:0.00M | Scene, ViewLayer | Synchronizing object | Bottle holder wire upright.011
Fra:1 Mem:531.60M (Peak 531.60M) | Time:00:01.08 | Mem:0.00M, Peak:0.00M | Scene, ViewLayer | Synchronizing object | Bottle basket bottom wire.004
Fra:1 Mem:531.62M (Peak 531.62M) | Time:00:01.08 | Mem:0.00M, Peak:0.00M | Scene, ViewLayer | Synchronizing object | STUDIO rail pad.083
Fra:1 Mem:531.61M (Peak 531.62M) | Time:00:01.08 | Mem:0.00M, Peak:0.00M | Scene, ViewLayer | Synchronizing object | Bottle basket bottom wire.005
Fra:1 Mem:531.61M (Peak 531.62M) | Time:00:01.08 | Mem:0.00M, Peak:0.00M | Scene, ViewLayer | Synchronizing object | Bottle basket wall standoff.004
Fra:1 Mem:531.61M (Peak 531.62M) | Time:00:01.08 | Mem:0.00M, Peak:0.00M | Scene, ViewLayer | Synchronizing object | STUDIO fastening clip.165
Fra:1 Mem:531.62M (Peak 531.62M) | Time:00:01.08 | Mem:0.00M, Peak:0.00M | Scene, ViewLayer | Synchronizing object | Bottle holder fixing screw.004
Fra:1 Mem:531.63M (Peak 531.63M) | Time:00:01.08 | Mem:0.00M, Peak:0.00M | Scene, ViewLayer | Synchronizing object | Bottle basket wall standoff.005
Fra:1 Mem:531.63M (Peak 531.63M) | Time:00:01.08 | Mem:0.00M, Peak:0.00M | Scene, ViewLayer | Synchronizing object | Bottle holder fixing screw.005
Fra:1 Mem:531.63M (Peak 531.63M) | Time:00:01.08 | Mem:0.00M, Peak:0.00M | Scene, ViewLayer | Synchronizing object | Bottle holder rolled hoop.007
Fra:1 Mem:531.66M (Peak 531.66M) | Time:00:01.08 | Mem:0.00M, Peak:0.00M | Scene, ViewLayer | Synchronizing object | Bottle holder wire upright.012
Fra:1 Mem:531.68M (Peak 531.68M) | Time:00:01.08 | Mem:0.00M, Peak:0.00M | Scene, ViewLayer | Synchronizing object | STUDIO rail pad.082
Fra:1 Mem:531.69M (Peak 531.69M) | Time:00:01.08 | Mem:0.00M, Peak:0.00M | Scene, ViewLayer | Synchronizing object | Bottle holder wire upright.013
Fra:1 Mem:531.70M (Peak 531.70M) | Time:00:01.08 | Mem:0.00M, Peak:0.00M | Scene, ViewLayer | Synchronizing object | Bottle holder wire upright.014
Fra:1 Mem:531.70M (Peak 531.70M) | Time:00:01.08 | Mem:0.00M, Peak:0.00M | Scene, ViewLayer | Synchronizing object | Bottle basket bottom wire.006
Fra:1 Mem:531.70M (Peak 531.70M) | Time:00:01.08 | Mem:0.00M, Peak:0.00M | Scene, ViewLayer | Synchronizing object | STUDIO fastening clip.163
Fra:1 Mem:531.70M (Peak 531.70M) | Time:00:01.08 | Mem:0.00M, Peak:0.00M | Scene, ViewLayer | Synchronizing object | Bottle basket bottom wire.007
Fra:1 Mem:531.71M (Peak 531.71M) | Time:00:01.08 | Mem:0.00M, Peak:0.00M | Scene, ViewLayer | Synchronizing object | STUDIO fastening clip.162
Fra:1 Mem:531.71M (Peak 531.71M) | Time:00:01.08 | Mem:0.00M, Peak:0.00M | Scene, ViewLayer | Synchronizing object | Bottle holder wall mounting plate.003
Fra:1 Mem:531.71M (Peak 531.71M) | Time:00:01.08 | Mem:0.00M, Peak:0.00M | Scene, ViewLayer | Synchronizing object | STUDIO rail pad.081
Fra:1 Mem:531.72M (Peak 531.72M) | Time:00:01.08 | Mem:0.00M, Peak:0.00M | Scene, ViewLayer | Synchronizing object | Bottle basket wall standoff.007
Fra:1 Mem:531.72M (Peak 531.72M) | Time:00:01.08 | Mem:0.00M, Peak:0.00M | Scene, ViewLayer | Synchronizing object | STUDIO fastening clip.161
Fra:1 Mem:531.72M (Peak 531.72M) | Time:00:01.08 | Mem:0.00M, Peak:0.00M | Scene, ViewLayer | Synchronizing object | Bottle holder fixing screw.007
Fra:1 Mem:531.73M (Peak 531.73M) | Time:00:01.08 | Mem:0.00M, Peak:0.00M | Scene, ViewLayer | Synchronizing object | Upper berth guard mesh horizontal.010
Fra:1 Mem:531.73M (Peak 531.73M) | Time:00:01.08 | Mem:0.00M, Peak:0.00M | Scene, ViewLayer | Synchronizing object | STUDIO fastening clip.160
Fra:1 Mem:531.73M (Peak 531.73M) | Time:00:01.08 | Mem:0.00M, Peak:0.00M | Scene, ViewLayer | Synchronizing object | Upper berth guard mesh horizontal.011
Fra:1 Mem:531.73M (Peak 531.73M) | Time:00:01.08 | Mem:0.00M, Peak:0.00M | Scene, ViewLayer | Synchronizing object | Upper berth guard mesh horizontal.012
Fra:1 Mem:531.74M (Peak 531.74M) | Time:00:01.08 | Mem:0.00M, Peak:0.00M | Scene, ViewLayer | Synchronizing object | Upper berth guard mesh horizontal.013
Fra:1 Mem:531.74M (Peak 531.74M) | Time:00:01.08 | Mem:0.00M, Peak:0.00M | Scene, ViewLayer | Synchronizing object | STUDIO sleeper.040
Fra:1 Mem:531.74M (Peak 531.74M) | Time:00:01.08 | Mem:0.00M, Peak:0.00M | Scene, ViewLayer | Synchronizing object | Upper berth guard mesh horizontal.014
Fra:1 Mem:531.74M (Peak 531.74M) | Time:00:01.08 | Mem:0.00M, Peak:0.00M | Scene, ViewLayer | Synchronizing object | Upper berth safety rail.006
Fra:1 Mem:531.74M (Peak 531.74M) | Time:00:01.08 | Mem:0.00M, Peak:0.00M | Scene, ViewLayer | Synchronizing object | Upper berth safety rail.007
Fra:1 Mem:531.75M (Peak 531.75M) | Time:00:01.08 | Mem:0.00M, Peak:0.00M | Scene, ViewLayer | Synchronizing object | Upper berth safety rail.008
Fra:1 Mem:531.75M (Peak 531.75M) | Time:00:01.08 | Mem:0.00M, Peak:0.00M | Scene, ViewLayer | Synchronizing object | STUDIO fastening clip.158
Fra:1 Mem:531.75M (Peak 531.75M) | Time:00:01.08 | Mem:0.00M, Peak:0.00M | Scene, ViewLayer | Synchronizing object | Middle berth retention latch.004
Fra:1 Mem:531.77M (Peak 531.77M) | Time:00:01.08 | Mem:0.00M, Peak:0.00M | Scene, ViewLayer | Synchronizing object | Parked berth support chain link.036
Fra:1 Mem:531.77M (Peak 531.77M) | Time:00:01.08 | Mem:0.00M, Peak:0.00M | Scene, ViewLayer | Synchronizing object | Parked berth support chain link.037
Fra:1 Mem:531.79M (Peak 531.79M) | Time:00:01.08 | Mem:0.00M, Peak:0.00M | Scene, ViewLayer | Synchronizing object | Parked berth support chain link.038
Fra:1 Mem:531.80M (Peak 531.80M) | Time:00:01.08 | Mem:0.00M, Peak:0.00M | Scene, ViewLayer | Synchronizing object | Parked berth support chain link.039
Fra:1 Mem:531.83M (Peak 531.83M) | Time:00:01.08 | Mem:0.00M, Peak:0.00M | Scene, ViewLayer | Synchronizing object | Parked berth support chain link.040
Fra:1 Mem:531.86M (Peak 531.86M) | Time:00:01.08 | Mem:0.00M, Peak:0.00M | Scene, ViewLayer | Synchronizing object | Parked berth support chain link.041
Fra:1 Mem:531.87M (Peak 531.87M) | Time:00:01.08 | Mem:0.00M, Peak:0.00M | Scene, ViewLayer | Synchronizing object | Parked berth support chain link.042
Fra:1 Mem:531.87M (Peak 531.87M) | Time:00:01.08 | Mem:0.00M, Peak:0.00M | Scene, ViewLayer | Synchronizing object | Parked berth support chain link.043
Fra:1 Mem:531.90M (Peak 531.90M) | Time:00:01.08 | Mem:0.00M, Peak:0.00M | Scene, ViewLayer | Synchronizing object | STUDIO fastening clip.156
Fra:1 Mem:531.91M (Peak 531.91M) | Time:00:01.08 | Mem:0.00M, Peak:0.00M | Scene, ViewLayer | Synchronizing object | Parked berth support chain link.044
Fra:1 Mem:531.92M (Peak 531.92M) | Time:00:01.08 | Mem:0.00M, Peak:0.00M | Scene, ViewLayer | Synchronizing object | STUDIO rail pad.078
Fra:1 Mem:531.93M (Peak 531.93M) | Time:00:01.08 | Mem:0.00M, Peak:0.00M | Scene, ViewLayer | Synchronizing object | Middle berth folding hinge axle.005
Fra:1 Mem:531.94M (Peak 531.94M) | Time:00:01.08 | Mem:0.00M, Peak:0.00M | Scene, ViewLayer | Synchronizing object | STUDIO sleeper.039
Fra:1 Mem:531.95M (Peak 531.95M) | Time:00:01.08 | Mem:0.00M, Peak:0.00M | Scene, ViewLayer | Synchronizing object | Middle berth retention latch.005
Fra:1 Mem:531.95M (Peak 531.95M) | Time:00:01.08 | Mem:0.00M, Peak:0.00M | Scene, ViewLayer | Synchronizing object | STUDIO fastening clip.155
Fra:1 Mem:531.96M (Peak 531.96M) | Time:00:01.08 | Mem:0.00M, Peak:0.00M | Scene, ViewLayer | Synchronizing object | Parked berth support chain link.046
Fra:1 Mem:531.96M (Peak 531.96M) | Time:00:01.08 | Mem:0.00M, Peak:0.00M | Scene, ViewLayer | Synchronizing object | STUDIO fastening clip.154
Fra:1 Mem:531.98M (Peak 531.98M) | Time:00:01.08 | Mem:0.00M, Peak:0.00M | Scene, ViewLayer | Synchronizing object | STUDIO rail pad.077
Fra:1 Mem:531.99M (Peak 531.99M) | Time:00:01.08 | Mem:0.00M, Peak:0.00M | Scene, ViewLayer | Synchronizing object | STUDIO fastening clip.153
Fra:1 Mem:532.00M (Peak 532.00M) | Time:00:01.08 | Mem:0.00M, Peak:0.00M | Scene, ViewLayer | Synchronizing object | Parked berth support chain link.047
Fra:1 Mem:532.00M (Peak 532.00M) | Time:00:01.08 | Mem:0.00M, Peak:0.00M | Scene, ViewLayer | Synchronizing object | Parked berth support chain link.049
Fra:1 Mem:532.05M (Peak 532.05M) | Time:00:01.08 | Mem:0.00M, Peak:0.00M | Scene, ViewLayer | Synchronizing object | STUDIO rail pad.076
Fra:1 Mem:532.06M (Peak 532.06M) | Time:00:01.08 | Mem:0.00M, Peak:0.00M | Scene, ViewLayer | Synchronizing object | Parked berth support chain link.050
Fra:1 Mem:532.07M (Peak 532.07M) | Time:00:01.08 | Mem:0.00M, Peak:0.00M | Scene, ViewLayer | Synchronizing object | Parked berth support chain link.051
Fra:1 Mem:532.09M (Peak 532.09M) | Time:00:01.08 | Mem:0.00M, Peak:0.00M | Scene, ViewLayer | Synchronizing object | STUDIO sleeper.038
Fra:1 Mem:532.10M (Peak 532.10M) | Time:00:01.08 | Mem:0.00M, Peak:0.00M | Scene, ViewLayer | Synchronizing object | Parked berth support chain link.053
Fra:1 Mem:532.12M (Peak 532.12M) | Time:00:01.08 | Mem:0.00M, Peak:0.00M | Scene, ViewLayer | Synchronizing object | STUDIO fastening clip.151
Fra:1 Mem:532.12M (Peak 532.12M) | Time:00:01.08 | Mem:0.00M, Peak:0.00M | Scene, ViewLayer | Synchronizing object | Berth individual moulded control plate.002
Fra:1 Mem:532.13M (Peak 532.13M) | Time:00:01.08 | Mem:0.00M, Peak:0.00M | Scene, ViewLayer | Synchronizing object | Berth toggle switch.004
Fra:1 Mem:532.15M (Peak 532.15M) | Time:00:01.08 | Mem:0.00M, Peak:0.00M | Scene, ViewLayer | Synchronizing object | STUDIO fastening clip.150
Fra:1 Mem:532.16M (Peak 532.16M) | Time:00:01.08 | Mem:0.00M, Peak:0.00M | Scene, ViewLayer | Synchronizing object | Berth toggle switch.005
Fra:1 Mem:532.16M (Peak 532.16M) | Time:00:01.08 | Mem:0.00M, Peak:0.00M | Scene, ViewLayer | Synchronizing object | STUDIO rail pad.075
Fra:1 Mem:532.18M (Peak 532.18M) | Time:00:01.08 | Mem:0.00M, Peak:0.00M | Scene, ViewLayer | Synchronizing object | Upper berth guard mesh horizontal.016
Fra:1 Mem:532.17M (Peak 532.18M) | Time:00:01.08 | Mem:0.00M, Peak:0.00M | Scene, ViewLayer | Synchronizing object | STUDIO fastening clip.149
Fra:1 Mem:532.17M (Peak 532.18M) | Time:00:01.08 | Mem:0.00M, Peak:0.00M | Scene, ViewLayer | Synchronizing object | Upper berth guard mesh horizontal.019
Fra:1 Mem:532.18M (Peak 532.18M) | Time:00:01.08 | Mem:0.00M, Peak:0.00M | Scene, ViewLayer | Synchronizing object | STUDIO fastening clip.148
Fra:1 Mem:532.18M (Peak 532.18M) | Time:00:01.08 | Mem:0.00M, Peak:0.00M | Scene, ViewLayer | Synchronizing object | Upper berth safety rail.009
Fra:1 Mem:532.18M (Peak 532.18M) | Time:00:01.08 | Mem:0.00M, Peak:0.00M | Scene, ViewLayer | Synchronizing object | Upper berth safety rail.010
Fra:1 Mem:532.18M (Peak 532.18M) | Time:00:01.08 | Mem:0.00M, Peak:0.00M | Scene, ViewLayer | Synchronizing object | Upper berth safety rail.011
Fra:1 Mem:532.19M (Peak 532.19M) | Time:00:01.08 | Mem:0.00M, Peak:0.00M | Scene, ViewLayer | Synchronizing object | Middle berth folding hinge axle.006
Fra:1 Mem:532.19M (Peak 532.19M) | Time:00:01.08 | Mem:0.00M, Peak:0.00M | Scene, ViewLayer | Synchronizing object | STUDIO rail pad.074
Fra:1 Mem:532.20M (Peak 532.20M) | Time:00:01.08 | Mem:0.00M, Peak:0.00M | Scene, ViewLayer | Synchronizing object | Parked berth support chain link.054
Fra:1 Mem:532.20M (Peak 532.20M) | Time:00:01.08 | Mem:0.00M, Peak:0.00M | Scene, ViewLayer | Synchronizing object | Parked berth support chain link.055
Fra:1 Mem:532.20M (Peak 532.20M) | Time:00:01.08 | Mem:0.00M, Peak:0.00M | Scene, ViewLayer | Synchronizing object | STUDIO sleeper.037
Fra:1 Mem:532.23M (Peak 532.23M) | Time:00:01.08 | Mem:0.00M, Peak:0.00M | Scene, ViewLayer | Synchronizing object | Parked berth support chain link.056
Fra:1 Mem:532.25M (Peak 532.25M) | Time:00:01.08 | Mem:0.00M, Peak:0.00M | Scene, ViewLayer | Synchronizing object | STUDIO fastening clip.147
Fra:1 Mem:532.26M (Peak 532.26M) | Time:00:01.08 | Mem:0.00M, Peak:0.00M | Scene, ViewLayer | Synchronizing object | Parked berth support chain link.058
Fra:1 Mem:532.27M (Peak 532.27M) | Time:00:01.08 | Mem:0.00M, Peak:0.00M | Scene, ViewLayer | Synchronizing object | Parked berth support chain link.059
Fra:1 Mem:532.28M (Peak 532.28M) | Time:00:01.08 | Mem:0.00M, Peak:0.00M | Scene, ViewLayer | Synchronizing object | STUDIO fastening clip.146
Fra:1 Mem:532.32M (Peak 532.32M) | Time:00:01.08 | Mem:0.00M, Peak:0.00M | Scene, ViewLayer | Synchronizing object | STUDIO rail pad.073
Fra:1 Mem:532.32M (Peak 532.32M) | Time:00:01.08 | Mem:0.00M, Peak:0.00M | Scene, ViewLayer | Synchronizing object | Parked berth support chain link.060
Fra:1 Mem:532.33M (Peak 532.33M) | Time:00:01.08 | Mem:0.00M, Peak:0.00M | Scene, ViewLayer | Synchronizing object | STUDIO fastening clip.145
Fra:1 Mem:532.34M (Peak 532.34M) | Time:00:01.08 | Mem:0.00M, Peak:0.00M | Scene, ViewLayer | Synchronizing object | Parked berth support chain link.062
Fra:1 Mem:532.38M (Peak 532.37M) | Time:00:01.08 | Mem:0.00M, Peak:0.00M | Scene, ViewLayer | Synchronizing object | STUDIO fastening clip.144
Fra:1 Mem:532.38M (Peak 532.38M) | Time:00:01.08 | Mem:0.00M, Peak:0.00M | Scene, ViewLayer | Synchronizing object | Middle berth folding hinge axle.007
Fra:1 Mem:532.39M (Peak 532.39M) | Time:00:01.08 | Mem:0.00M, Peak:0.00M | Scene, ViewLayer | Synchronizing object | Middle berth retention latch.007
Fra:1 Mem:532.39M (Peak 532.39M) | Time:00:01.08 | Mem:0.00M, Peak:0.00M | Scene, ViewLayer | Synchronizing object | STUDIO rail pad.072
Fra:1 Mem:532.40M (Peak 532.40M) | Time:00:01.08 | Mem:0.00M, Peak:0.00M | Scene, ViewLayer | Synchronizing object | Parked berth support chain link.064
Fra:1 Mem:532.42M (Peak 532.42M) | Time:00:01.08 | Mem:0.00M, Peak:0.00M | Scene, ViewLayer | Synchronizing object | Parked berth support chain link.065
Fra:1 Mem:532.44M (Peak 532.44M) | Time:00:01.08 | Mem:0.00M, Peak:0.00M | Scene, ViewLayer | Synchronizing object | STUDIO sleeper.036
Fra:1 Mem:532.45M (Peak 532.45M) | Time:00:01.08 | Mem:0.00M, Peak:0.00M | Scene, ViewLayer | Synchronizing object | Parked berth support chain link.066
Fra:1 Mem:532.47M (Peak 532.47M) | Time:00:01.08 | Mem:0.00M, Peak:0.00M | Scene, ViewLayer | Synchronizing object | STUDIO fastening clip.143
Fra:1 Mem:532.47M (Peak 532.47M) | Time:00:01.08 | Mem:0.00M, Peak:0.00M | Scene, ViewLayer | Synchronizing object | Parked berth support chain link.068
Fra:1 Mem:532.51M (Peak 532.51M) | Time:00:01.08 | Mem:0.00M, Peak:0.00M | Scene, ViewLayer | Synchronizing object | STUDIO fastening clip.142
Fra:1 Mem:532.51M (Peak 532.51M) | Time:00:01.08 | Mem:0.00M, Peak:0.00M | Scene, ViewLayer | Synchronizing object | Parked berth support chain link.069
Fra:1 Mem:532.52M (Peak 532.52M) | Time:00:01.08 | Mem:0.00M, Peak:0.00M | Scene, ViewLayer | Synchronizing object | STUDIO rail pad.071
Fra:1 Mem:532.53M (Peak 532.53M) | Time:00:01.08 | Mem:0.00M, Peak:0.00M | Scene, ViewLayer | Synchronizing object | Parked berth support chain link.070
Fra:1 Mem:532.54M (Peak 532.54M) | Time:00:01.08 | Mem:0.00M, Peak:0.00M | Scene, ViewLayer | Synchronizing object | STUDIO fastening clip.141
Fra:1 Mem:532.56M (Peak 532.56M) | Time:00:01.08 | Mem:0.00M, Peak:0.00M | Scene, ViewLayer | Synchronizing object | Berth individual moulded control plate.003
Fra:1 Mem:532.56M (Peak 532.56M) | Time:00:01.08 | Mem:0.00M, Peak:0.00M | Scene, ViewLayer | Synchronizing object | STUDIO fastening clip.140
Fra:1 Mem:532.58M (Peak 532.58M) | Time:00:01.08 | Mem:0.00M, Peak:0.00M | Scene, ViewLayer | Synchronizing object | Berth toggle switch.006
Fra:1 Mem:532.58M (Peak 532.58M) | Time:00:01.08 | Mem:0.00M, Peak:0.00M | Scene, ViewLayer | Synchronizing object | Berth toggle switch.007
Fra:1 Mem:532.59M (Peak 532.59M) | Time:00:01.08 | Mem:0.00M, Peak:0.00M | Scene, ViewLayer | Synchronizing object | STUDIO rail pad.070
Fra:1 Mem:532.61M (Peak 532.61M) | Time:00:01.08 | Mem:0.00M, Peak:0.00M | Scene, ViewLayer | Synchronizing object | Bay coat hook.001
Fra:1 Mem:532.60M (Peak 532.61M) | Time:00:01.08 | Mem:0.00M, Peak:0.00M | Scene, ViewLayer | Synchronizing object | Window table wall hinge.001
Fra:1 Mem:532.60M (Peak 532.61M) | Time:00:01.08 | Mem:0.00M, Peak:0.00M | Scene, ViewLayer | Synchronizing object | Bottle holder rolled hoop.008
Fra:1 Mem:532.62M (Peak 532.62M) | Time:00:01.08 | Mem:0.00M, Peak:0.00M | Scene, ViewLayer | Synchronizing object | Bottle holder rolled hoop.009
Fra:1 Mem:532.66M (Peak 532.66M) | Time:00:01.08 | Mem:0.00M, Peak:0.00M | Scene, ViewLayer | Synchronizing object | Bottle holder wire upright.016
Fra:1 Mem:532.67M (Peak 532.67M) | Time:00:01.08 | Mem:0.00M, Peak:0.00M | Scene, ViewLayer | Synchronizing object | STUDIO fastening clip.139
Fra:1 Mem:532.67M (Peak 532.67M) | Time:00:01.08 | Mem:0.00M, Peak:0.00M | Scene, ViewLayer | Synchronizing object | Bottle holder wire upright.017
Fra:1 Mem:532.68M (Peak 532.68M) | Time:00:01.08 | Mem:0.00M, Peak:0.00M | Scene, ViewLayer | Synchronizing object | Bottle holder wire upright.018
Fra:1 Mem:532.68M (Peak 532.68M) | Time:00:01.08 | Mem:0.00M, Peak:0.00M | Scene, ViewLayer | Synchronizing object | STUDIO rail pad.069
Fra:1 Mem:532.68M (Peak 532.68M) | Time:00:01.08 | Mem:0.00M, Peak:0.00M | Scene, ViewLayer | Synchronizing object | Bottle holder wire upright.019
Fra:1 Mem:532.69M (Peak 532.69M) | Time:00:01.08 | Mem:0.00M, Peak:0.00M | Scene, ViewLayer | Synchronizing object | STUDIO fastening clip.137
Fra:1 Mem:532.69M (Peak 532.69M) | Time:00:01.08 | Mem:0.00M, Peak:0.00M | Scene, ViewLayer | Synchronizing object | Bottle basket bottom wire.008
Fra:1 Mem:532.69M (Peak 532.69M) | Time:00:01.08 | Mem:0.00M, Peak:0.00M | Scene, ViewLayer | Synchronizing object | Bottle basket bottom wire.009
Fra:1 Mem:532.69M (Peak 532.69M) | Time:00:01.08 | Mem:0.00M, Peak:0.00M | Scene, ViewLayer | Synchronizing object | Bottle holder wall mounting plate.004
Fra:1 Mem:532.70M (Peak 532.70M) | Time:00:01.08 | Mem:0.00M, Peak:0.00M | Scene, ViewLayer | Synchronizing object | Bottle basket wall standoff.008
Fra:1 Mem:532.70M (Peak 532.70M) | Time:00:01.08 | Mem:0.00M, Peak:0.00M | Scene, ViewLayer | Synchronizing object | STUDIO rail pad.068
Fra:1 Mem:532.71M (Peak 532.71M) | Time:00:01.08 | Mem:0.00M, Peak:0.00M | Scene, ViewLayer | Synchronizing object | STUDIO sleeper.034
Fra:1 Mem:532.71M (Peak 532.71M) | Time:00:01.08 | Mem:0.00M, Peak:0.00M | Scene, ViewLayer | Synchronizing object | Bottle holder rolled hoop.010
Fra:1 Mem:532.74M (Peak 532.74M) | Time:00:01.08 | Mem:0.00M, Peak:0.00M | Scene, ViewLayer | Synchronizing object | Bottle holder wire upright.020
Fra:1 Mem:532.75M (Peak 532.75M) | Time:00:01.08 | Mem:0.00M, Peak:0.00M | Scene, ViewLayer | Synchronizing object | Bottle holder wire upright.021
Fra:1 Mem:532.75M (Peak 532.75M) | Time:00:01.08 | Mem:0.00M, Peak:0.00M | Scene, ViewLayer | Synchronizing object | Bottle holder wire upright.022
Fra:1 Mem:532.77M (Peak 532.77M) | Time:00:01.08 | Mem:0.00M, Peak:0.00M | Scene, ViewLayer | Synchronizing object | STUDIO fastening clip.135
Fra:1 Mem:532.77M (Peak 532.77M) | Time:00:01.08 | Mem:0.00M, Peak:0.00M | Scene, ViewLayer | Synchronizing object | Bottle basket bottom wire.010
Fra:1 Mem:532.78M (Peak 532.78M) | Time:00:01.08 | Mem:0.00M, Peak:0.00M | Scene, ViewLayer | Synchronizing object | Bottle basket bottom wire.011
Fra:1 Mem:532.78M (Peak 532.78M) | Time:00:01.08 | Mem:0.00M, Peak:0.00M | Scene, ViewLayer | Synchronizing object | STUDIO fastening clip.134
Fra:1 Mem:532.79M (Peak 532.79M) | Time:00:01.08 | Mem:0.00M, Peak:0.00M | Scene, ViewLayer | Synchronizing object | Bottle basket wall standoff.010
Fra:1 Mem:532.79M (Peak 532.79M) | Time:00:01.08 | Mem:0.00M, Peak:0.00M | Scene, ViewLayer | Synchronizing object | Bottle holder fixing screw.010
Fra:1 Mem:532.79M (Peak 532.79M) | Time:00:01.08 | Mem:0.00M, Peak:0.00M | Scene, ViewLayer | Synchronizing object | STUDIO rail pad.067
Fra:1 Mem:532.80M (Peak 532.80M) | Time:00:01.08 | Mem:0.00M, Peak:0.00M | Scene, ViewLayer | Synchronizing object | Upper berth guard mesh horizontal.020
Fra:1 Mem:532.80M (Peak 532.80M) | Time:00:01.08 | Mem:0.00M, Peak:0.00M | Scene, ViewLayer | Synchronizing object | STUDIO fastening clip.133
Fra:1 Mem:532.80M (Peak 532.80M) | Time:00:01.08 | Mem:0.00M, Peak:0.00M | Scene, ViewLayer | Synchronizing object | Upper berth guard mesh horizontal.021
Fra:1 Mem:532.81M (Peak 532.81M) | Time:00:01.08 | Mem:0.00M, Peak:0.00M | Scene, ViewLayer | Synchronizing object | Upper berth guard mesh horizontal.022
Fra:1 Mem:532.81M (Peak 532.81M) | Time:00:01.08 | Mem:0.00M, Peak:0.00M | Scene, ViewLayer | Synchronizing object | Upper berth guard mesh horizontal.023
Fra:1 Mem:532.81M (Peak 532.81M) | Time:00:01.08 | Mem:0.00M, Peak:0.00M | Scene, ViewLayer | Synchronizing object | Upper berth guard mesh horizontal.024
Fra:1 Mem:532.81M (Peak 532.81M) | Time:00:01.08 | Mem:0.00M, Peak:0.00M | Scene, ViewLayer | Synchronizing object | Upper berth safety rail.012
Fra:1 Mem:532.82M (Peak 532.82M) | Time:00:01.08 | Mem:0.00M, Peak:0.00M | Scene, ViewLayer | Synchronizing object | Upper berth safety rail.013
Fra:1 Mem:532.82M (Peak 532.82M) | Time:00:01.08 | Mem:0.00M, Peak:0.00M | Scene, ViewLayer | Synchronizing object | Upper berth safety rail.014
Fra:1 Mem:532.82M (Peak 532.82M) | Time:00:01.08 | Mem:0.00M, Peak:0.00M | Scene, ViewLayer | Synchronizing object | Middle berth folding hinge axle.008
Fra:1 Mem:532.83M (Peak 532.83M) | Time:00:01.08 | Mem:0.00M, Peak:0.00M | Scene, ViewLayer | Synchronizing object | Middle berth retention latch.008
Fra:1 Mem:532.83M (Peak 532.83M) | Time:00:01.08 | Mem:0.00M, Peak:0.00M | Scene, ViewLayer | Synchronizing object | STUDIO sleeper.033
Fra:1 Mem:532.84M (Peak 532.84M) | Time:00:01.08 | Mem:0.00M, Peak:0.00M | Scene, ViewLayer | Synchronizing object | STUDIO fastening clip.131
Fra:1 Mem:532.86M (Peak 532.86M) | Time:00:01.08 | Mem:0.00M, Peak:0.00M | Scene, ViewLayer | Synchronizing object | Parked berth support chain link.074
Fra:1 Mem:532.88M (Peak 532.88M) | Time:00:01.08 | Mem:0.00M, Peak:0.00M | Scene, ViewLayer | Synchronizing object | STUDIO fastening clip.130
Fra:1 Mem:532.89M (Peak 532.89M) | Time:00:01.08 | Mem:0.00M, Peak:0.00M | Scene, ViewLayer | Synchronizing object | Parked berth support chain link.075
Fra:1 Mem:532.91M (Peak 532.91M) | Time:00:01.08 | Mem:0.00M, Peak:0.00M | Scene, ViewLayer | Synchronizing object | STUDIO rail pad.065
Fra:1 Mem:532.92M (Peak 532.92M) | Time:00:01.08 | Mem:0.00M, Peak:0.00M | Scene, ViewLayer | Synchronizing object | Parked berth support chain link.076
Fra:1 Mem:532.92M (Peak 532.92M) | Time:00:01.08 | Mem:0.00M, Peak:0.00M | Scene, ViewLayer | Synchronizing object | Parked berth support chain link.077
Fra:1 Mem:532.93M (Peak 532.93M) | Time:00:01.08 | Mem:0.00M, Peak:0.00M | Scene, ViewLayer | Synchronizing object | Parked berth support chain link.078
Fra:1 Mem:532.96M (Peak 532.96M) | Time:00:01.08 | Mem:0.00M, Peak:0.00M | Scene, ViewLayer | Synchronizing object | STUDIO fastening clip.129
Fra:1 Mem:532.97M (Peak 532.97M) | Time:00:01.08 | Mem:0.00M, Peak:0.00M | Scene, ViewLayer | Synchronizing object | Parked berth support chain link.079
Fra:1 Mem:532.98M (Peak 532.98M) | Time:00:01.08 | Mem:0.00M, Peak:0.00M | Scene, ViewLayer | Synchronizing object | Parked berth support chain link.080
Fra:1 Mem:532.98M (Peak 532.98M) | Time:00:01.08 | Mem:0.00M, Peak:0.00M | Scene, ViewLayer | Synchronizing object | STUDIO fastening clip.128
Fra:1 Mem:533.02M (Peak 533.02M) | Time:00:01.08 | Mem:0.00M, Peak:0.00M | Scene, ViewLayer | Synchronizing object | STUDIO rail pad.064
Fra:1 Mem:533.02M (Peak 533.02M) | Time:00:01.08 | Mem:0.00M, Peak:0.00M | Scene, ViewLayer | Synchronizing object | Middle berth retention latch.009
Fra:1 Mem:533.02M (Peak 533.02M) | Time:00:01.08 | Mem:0.00M, Peak:0.00M | Scene, ViewLayer | Synchronizing object | Parked berth support chain link.081
Fra:1 Mem:533.03M (Peak 533.03M) | Time:00:01.08 | Mem:0.00M, Peak:0.00M | Scene, ViewLayer | Synchronizing object | STUDIO sleeper.032
Fra:1 Mem:533.04M (Peak 533.04M) | Time:00:01.08 | Mem:0.00M, Peak:0.00M | Scene, ViewLayer | Synchronizing object | Parked berth support chain link.082
Fra:1 Mem:533.05M (Peak 533.05M) | Time:00:01.08 | Mem:0.00M, Peak:0.00M | Scene, ViewLayer | Synchronizing object | STUDIO fastening clip.127
Fra:1 Mem:533.07M (Peak 533.07M) | Time:00:01.08 | Mem:0.00M, Peak:0.00M | Scene, ViewLayer | Synchronizing object | Parked berth support chain link.083
Fra:1 Mem:533.07M (Peak 533.07M) | Time:00:01.08 | Mem:0.00M, Peak:0.00M | Scene, ViewLayer | Synchronizing object | Parked berth support chain link.084
Fra:1 Mem:533.09M (Peak 533.09M) | Time:00:01.08 | Mem:0.00M, Peak:0.00M | Scene, ViewLayer | Synchronizing object | Parked berth support chain link.085
Fra:1 Mem:533.14M (Peak 533.14M) | Time:00:01.08 | Mem:0.00M, Peak:0.00M | Scene, ViewLayer | Synchronizing object | STUDIO rail pad.063
Fra:1 Mem:533.14M (Peak 533.14M) | Time:00:01.08 | Mem:0.00M, Peak:0.00M | Scene, ViewLayer | Synchronizing object | Parked berth support chain link.086
Fra:1 Mem:533.14M (Peak 533.14M) | Time:00:01.08 | Mem:0.00M, Peak:0.00M | Scene, ViewLayer | Synchronizing object | Parked berth support chain link.088
Fra:1 Mem:533.15M (Peak 533.15M) | Time:00:01.08 | Mem:0.00M, Peak:0.00M | Scene, ViewLayer | Synchronizing object | STUDIO fastening clip.125
Fra:1 Mem:533.18M (Peak 533.18M) | Time:00:01.08 | Mem:0.00M, Peak:0.00M | Scene, ViewLayer | Synchronizing object | Parked berth support chain link.089
Fra:1 Mem:533.19M (Peak 533.19M) | Time:00:01.08 | Mem:0.00M, Peak:0.00M | Scene, ViewLayer | Synchronizing object | STUDIO fastening clip.124
Fra:1 Mem:533.21M (Peak 533.21M) | Time:00:01.08 | Mem:0.00M, Peak:0.00M | Scene, ViewLayer | Synchronizing object | STUDIO rail pad.062
Fra:1 Mem:533.22M (Peak 533.22M) | Time:00:01.08 | Mem:0.00M, Peak:0.00M | Scene, ViewLayer | Synchronizing object | Berth individual moulded control plate.004
Fra:1 Mem:533.22M (Peak 533.22M) | Time:00:01.08 | Mem:0.00M, Peak:0.00M | Scene, ViewLayer | Synchronizing object | STUDIO sleeper.031
Fra:1 Mem:533.22M (Peak 533.22M) | Time:00:01.08 | Mem:0.00M, Peak:0.00M | Scene, ViewLayer | Synchronizing object | Berth toggle switch.009
Fra:1 Mem:533.23M (Peak 533.23M) | Time:00:01.08 | Mem:0.00M, Peak:0.00M | Scene, ViewLayer | Synchronizing object | STUDIO fastening clip.123
Fra:1 Mem:533.23M (Peak 533.23M) | Time:00:01.08 | Mem:0.00M, Peak:0.00M | Scene, ViewLayer | Synchronizing object | Upper berth guard mesh horizontal.025
Fra:1 Mem:533.23M (Peak 533.23M) | Time:00:01.08 | Mem:0.00M, Peak:0.00M | Scene, ViewLayer | Synchronizing object | Upper berth guard mesh horizontal.026
Fra:1 Mem:533.24M (Peak 533.24M) | Time:00:01.08 | Mem:0.00M, Peak:0.00M | Scene, ViewLayer | Synchronizing object | STUDIO fastening clip.122
Fra:1 Mem:533.24M (Peak 533.24M) | Time:00:01.08 | Mem:0.00M, Peak:0.00M | Scene, ViewLayer | Synchronizing object | Upper berth guard mesh horizontal.027
Fra:1 Mem:533.25M (Peak 533.25M) | Time:00:01.08 | Mem:0.00M, Peak:0.00M | Scene, ViewLayer | Synchronizing object | Upper berth guard mesh horizontal.028
Fra:1 Mem:533.25M (Peak 533.25M) | Time:00:01.08 | Mem:0.00M, Peak:0.00M | Scene, ViewLayer | Synchronizing object | STUDIO rail pad.061
Fra:1 Mem:533.25M (Peak 533.25M) | Time:00:01.08 | Mem:0.00M, Peak:0.00M | Scene, ViewLayer | Synchronizing object | Upper berth safety rail.015
Fra:1 Mem:533.25M (Peak 533.25M) | Time:00:01.08 | Mem:0.00M, Peak:0.00M | Scene, ViewLayer | Synchronizing object | Upper berth safety rail.016
Fra:1 Mem:533.26M (Peak 533.26M) | Time:00:01.08 | Mem:0.00M, Peak:0.00M | Scene, ViewLayer | Synchronizing object | STUDIO fastening clip.121
Fra:1 Mem:533.26M (Peak 533.26M) | Time:00:01.08 | Mem:0.00M, Peak:0.00M | Scene, ViewLayer | Synchronizing object | Middle berth folding hinge axle.010
Fra:1 Mem:533.27M (Peak 533.27M) | Time:00:01.08 | Mem:0.00M, Peak:0.00M | Scene, ViewLayer | Synchronizing object | Middle berth retention latch.010
Fra:1 Mem:533.27M (Peak 533.27M) | Time:00:01.08 | Mem:0.00M, Peak:0.00M | Scene, ViewLayer | Synchronizing object | Parked berth support chain link.090
Fra:1 Mem:533.27M (Peak 533.27M) | Time:00:01.08 | Mem:0.00M, Peak:0.00M | Scene, ViewLayer | Synchronizing object | Parked berth support chain link.091
Fra:1 Mem:533.31M (Peak 533.31M) | Time:00:01.08 | Mem:0.00M, Peak:0.00M | Scene, ViewLayer | Synchronizing object | Parked berth support chain link.092
Fra:1 Mem:533.33M (Peak 533.33M) | Time:00:01.08 | Mem:0.00M, Peak:0.00M | Scene, ViewLayer | Synchronizing object | STUDIO rail pad.060
Fra:1 Mem:533.33M (Peak 533.33M) | Time:00:01.08 | Mem:0.00M, Peak:0.00M | Scene, ViewLayer | Synchronizing object | Parked berth support chain link.093
Fra:1 Mem:533.34M (Peak 533.34M) | Time:00:01.08 | Mem:0.00M, Peak:0.00M | Scene, ViewLayer | Synchronizing object | Parked berth support chain link.094
Fra:1 Mem:533.35M (Peak 533.35M) | Time:00:01.08 | Mem:0.00M, Peak:0.00M | Scene, ViewLayer | Synchronizing object | STUDIO sleeper.030
Fra:1 Mem:533.38M (Peak 533.38M) | Time:00:01.08 | Mem:0.00M, Peak:0.00M | Scene, ViewLayer | Synchronizing object | STUDIO fastening clip.119
Fra:1 Mem:533.38M (Peak 533.38M) | Time:00:01.08 | Mem:0.00M, Peak:0.00M | Scene, ViewLayer | Synchronizing object | Parked berth support chain link.095
Fra:1 Mem:533.38M (Peak 533.38M) | Time:00:01.08 | Mem:0.00M, Peak:0.00M | Scene, ViewLayer | Synchronizing object | Parked berth support chain link.096
Fra:1 Mem:533.39M (Peak 533.39M) | Time:00:01.08 | Mem:0.00M, Peak:0.00M | Scene, ViewLayer | Synchronizing object | STUDIO fastening clip.118
Fra:1 Mem:533.41M (Peak 533.41M) | Time:00:01.08 | Mem:0.00M, Peak:0.00M | Scene, ViewLayer | Synchronizing object | Parked berth support chain link.098
Fra:1 Mem:533.42M (Peak 533.42M) | Time:00:01.08 | Mem:0.00M, Peak:0.00M | Scene, ViewLayer | Synchronizing object | STUDIO rail pad.059
Fra:1 Mem:533.44M (Peak 533.44M) | Time:00:01.08 | Mem:0.00M, Peak:0.00M | Scene, ViewLayer | Synchronizing object | STUDIO fastening clip.117
Fra:1 Mem:533.46M (Peak 533.46M) | Time:00:01.08 | Mem:0.00M, Peak:0.00M | Scene, ViewLayer | Synchronizing object | Middle berth folding hinge axle.011
Fra:1 Mem:533.46M (Peak 533.46M) | Time:00:01.08 | Mem:0.00M, Peak:0.00M | Scene, ViewLayer | Synchronizing object | STUDIO fastening clip.116
Fra:1 Mem:533.46M (Peak 533.46M) | Time:00:01.08 | Mem:0.00M, Peak:0.00M | Scene, ViewLayer | Synchronizing object | STUDIO rail pad.058
Fra:1 Mem:533.47M (Peak 533.47M) | Time:00:01.08 | Mem:0.00M, Peak:0.00M | Scene, ViewLayer | Synchronizing object | Parked berth support chain link.100
Fra:1 Mem:533.48M (Peak 533.48M) | Time:00:01.08 | Mem:0.00M, Peak:0.00M | Scene, ViewLayer | Synchronizing object | STUDIO sleeper.029
Fra:1 Mem:533.50M (Peak 533.50M) | Time:00:01.08 | Mem:0.00M, Peak:0.00M | Scene, ViewLayer | Synchronizing object | Parked berth support chain link.101
Fra:1 Mem:533.52M (Peak 533.52M) | Time:00:01.08 | Mem:0.00M, Peak:0.00M | Scene, ViewLayer | Synchronizing object | STUDIO fastening clip.115
Fra:1 Mem:533.53M (Peak 533.53M) | Time:00:01.08 | Mem:0.00M, Peak:0.00M | Scene, ViewLayer | Synchronizing object | STUDIO fastening clip.114
Fra:1 Mem:533.54M (Peak 533.54M) | Time:00:01.08 | Mem:0.00M, Peak:0.00M | Scene, ViewLayer | Synchronizing object | Parked berth support chain link.102
Fra:1 Mem:533.54M (Peak 533.54M) | Time:00:01.08 | Mem:0.00M, Peak:0.00M | Scene, ViewLayer | Synchronizing object | STUDIO rail pad.057
Fra:1 Mem:533.56M (Peak 533.56M) | Time:00:01.08 | Mem:0.00M, Peak:0.00M | Scene, ViewLayer | Synchronizing object | STUDIO fastening clip.113
Fra:1 Mem:533.57M (Peak 533.57M) | Time:00:01.08 | Mem:0.00M, Peak:0.00M | Scene, ViewLayer | Synchronizing object | STUDIO fastening clip.112
Fra:1 Mem:533.57M (Peak 533.57M) | Time:00:01.08 | Mem:0.00M, Peak:0.00M | Scene, ViewLayer | Synchronizing object | Parked berth support chain link.104
Fra:1 Mem:533.59M (Peak 533.59M) | Time:00:01.08 | Mem:0.00M, Peak:0.00M | Scene, ViewLayer | Synchronizing object | Parked berth support chain link.105
Fra:1 Mem:533.61M (Peak 533.61M) | Time:00:01.08 | Mem:0.00M, Peak:0.00M | Scene, ViewLayer | Synchronizing object | Parked berth support chain link.106
Fra:1 Mem:533.63M (Peak 533.63M) | Time:00:01.08 | Mem:0.00M, Peak:0.00M | Scene, ViewLayer | Synchronizing object | STUDIO sleeper.028
Fra:1 Mem:533.64M (Peak 533.64M) | Time:00:01.08 | Mem:0.00M, Peak:0.00M | Scene, ViewLayer | Synchronizing object | Parked berth support chain link.107
Fra:1 Mem:533.64M (Peak 533.64M) | Time:00:01.08 | Mem:0.00M, Peak:0.00M | Scene, ViewLayer | Synchronizing object | STUDIO fastening clip.111
Fra:1 Mem:533.66M (Peak 533.66M) | Time:00:01.08 | Mem:0.00M, Peak:0.00M | Scene, ViewLayer | Synchronizing object | Berth toggle switch.010
Fra:1 Mem:533.66M (Peak 533.66M) | Time:00:01.08 | Mem:0.00M, Peak:0.00M | Scene, ViewLayer | Synchronizing object | STUDIO fastening clip.110
Fra:1 Mem:533.67M (Peak 533.67M) | Time:00:01.08 | Mem:0.00M, Peak:0.00M | Scene, ViewLayer | Synchronizing object | Berth toggle switch.011
Fra:1 Mem:533.67M (Peak 533.67M) | Time:00:01.08 | Mem:0.00M, Peak:0.00M | Scene, ViewLayer | Synchronizing object | STUDIO rail pad.055
Fra:1 Mem:533.68M (Peak 533.68M) | Time:00:01.08 | Mem:0.00M, Peak:0.00M | Scene, ViewLayer | Synchronizing object | Bay coat hook.002
Fra:1 Mem:533.69M (Peak 533.69M) | Time:00:01.08 | Mem:0.00M, Peak:0.00M | Scene, ViewLayer | Synchronizing object | Window table wall hinge.002
Fra:1 Mem:533.69M (Peak 533.69M) | Time:00:01.08 | Mem:0.00M, Peak:0.00M | Scene, ViewLayer | Synchronizing object | Bottle holder rolled hoop.012
Fra:1 Mem:533.72M (Peak 533.72M) | Time:00:01.08 | Mem:0.00M, Peak:0.00M | Scene, ViewLayer | Synchronizing object | STUDIO fastening clip.108
Fra:1 Mem:533.72M (Peak 533.72M) | Time:00:01.08 | Mem:0.00M, Peak:0.00M | Scene, ViewLayer | Synchronizing object | Bottle holder rolled hoop.013
Fra:1 Mem:533.73M (Peak 533.73M) | Time:00:01.08 | Mem:0.00M, Peak:0.00M | Scene, ViewLayer | Synchronizing object | STUDIO rail pad.054
Fra:1 Mem:533.75M (Peak 533.75M) | Time:00:01.08 | Mem:0.00M, Peak:0.00M | Scene, ViewLayer | Synchronizing object | Bottle holder wire upright.024
Fra:1 Mem:533.76M (Peak 533.76M) | Time:00:01.08 | Mem:0.00M, Peak:0.00M | Scene, ViewLayer | Synchronizing object | STUDIO sleeper.027
Fra:1 Mem:533.76M (Peak 533.76M) | Time:00:01.08 | Mem:0.00M, Peak:0.00M | Scene, ViewLayer | Synchronizing object | Bottle holder wire upright.025
Fra:1 Mem:533.76M (Peak 533.76M) | Time:00:01.08 | Mem:0.00M, Peak:0.00M | Scene, ViewLayer | Synchronizing object | Bottle holder wire upright.026
Fra:1 Mem:533.76M (Peak 533.76M) | Time:00:01.08 | Mem:0.00M, Peak:0.00M | Scene, ViewLayer | Synchronizing object | STUDIO fastening clip.107
Fra:1 Mem:533.77M (Peak 533.77M) | Time:00:01.08 | Mem:0.00M, Peak:0.00M | Scene, ViewLayer | Synchronizing object | Bottle holder wire upright.027
Fra:1 Mem:533.77M (Peak 533.77M) | Time:00:01.08 | Mem:0.00M, Peak:0.00M | Scene, ViewLayer | Synchronizing object | Bottle basket bottom wire.012
Fra:1 Mem:533.77M (Peak 533.77M) | Time:00:01.08 | Mem:0.00M, Peak:0.00M | Scene, ViewLayer | Synchronizing object | Bottle basket bottom wire.013
Fra:1 Mem:533.77M (Peak 533.77M) | Time:00:01.08 | Mem:0.00M, Peak:0.00M | Scene, ViewLayer | Synchronizing object | Bottle holder wall mounting plate.006
Fra:1 Mem:533.78M (Peak 533.78M) | Time:00:01.08 | Mem:0.00M, Peak:0.00M | Scene, ViewLayer | Synchronizing object | Bottle basket wall standoff.012
Fra:1 Mem:533.78M (Peak 533.78M) | Time:00:01.08 | Mem:0.00M, Peak:0.00M | Scene, ViewLayer | Synchronizing object | Bottle holder fixing screw.012
Fra:1 Mem:533.79M (Peak 533.79M) | Time:00:01.08 | Mem:0.00M, Peak:0.00M | Scene, ViewLayer | Synchronizing object | Bottle basket wall standoff.013
Fra:1 Mem:533.79M (Peak 533.79M) | Time:00:01.08 | Mem:0.00M, Peak:0.00M | Scene, ViewLayer | Synchronizing object | Bottle holder fixing screw.013
Fra:1 Mem:533.79M (Peak 533.79M) | Time:00:01.08 | Mem:0.00M, Peak:0.00M | Scene, ViewLayer | Synchronizing object | STUDIO fastening clip.105
Fra:1 Mem:533.79M (Peak 533.79M) | Time:00:01.08 | Mem:0.00M, Peak:0.00M | Scene, ViewLayer | Synchronizing object | Bottle holder rolled hoop.014
Fra:1 Mem:533.79M (Peak 533.79M) | Time:00:01.08 | Mem:0.00M, Peak:0.00M | Scene, ViewLayer | Synchronizing object | Bottle holder rolled hoop.015
Fra:1 Mem:533.80M (Peak 533.80M) | Time:00:01.08 | Mem:0.00M, Peak:0.00M | Scene, ViewLayer | Synchronizing object | STUDIO fastening clip.104
Fra:1 Mem:533.84M (Peak 533.84M) | Time:00:01.08 | Mem:0.00M, Peak:0.00M | Scene, ViewLayer | Synchronizing object | STUDIO rail pad.052
Fra:1 Mem:533.85M (Peak 533.85M) | Time:00:01.08 | Mem:0.00M, Peak:0.00M | Scene, ViewLayer | Synchronizing object | STUDIO sleeper.026
Fra:1 Mem:533.85M (Peak 533.85M) | Time:00:01.08 | Mem:0.00M, Peak:0.00M | Scene, ViewLayer | Synchronizing object | Bottle holder wire upright.028
Fra:1 Mem:533.86M (Peak 533.86M) | Time:00:01.08 | Mem:0.00M, Peak:0.00M | Scene, ViewLayer | Synchronizing object | STUDIO fastening clip.103
Fra:1 Mem:533.86M (Peak 533.86M) | Time:00:01.08 | Mem:0.00M, Peak:0.00M | Scene, ViewLayer | Synchronizing object | Bottle holder wire upright.029
Fra:1 Mem:533.86M (Peak 533.86M) | Time:00:01.08 | Mem:0.00M, Peak:0.00M | Scene, ViewLayer | Synchronizing object | STUDIO fastening clip.102
Fra:1 Mem:533.86M (Peak 533.86M) | Time:00:01.08 | Mem:0.00M, Peak:0.00M | Scene, ViewLayer | Synchronizing object | Bottle basket bottom wire.014
Fra:1 Mem:533.86M (Peak 533.86M) | Time:00:01.08 | Mem:0.00M, Peak:0.00M | Scene, ViewLayer | Synchronizing object | STUDIO rail pad.051
Fra:1 Mem:533.87M (Peak 533.87M) | Time:00:01.08 | Mem:0.00M, Peak:0.00M | Scene, ViewLayer | Synchronizing object | Bottle basket bottom wire.015
Fra:1 Mem:533.87M (Peak 533.87M) | Time:00:01.08 | Mem:0.00M, Peak:0.00M | Scene, ViewLayer | Synchronizing object | Bottle holder wall mounting plate.007
Fra:1 Mem:533.87M (Peak 533.87M) | Time:00:01.08 | Mem:0.00M, Peak:0.00M | Scene, ViewLayer | Synchronizing object | STUDIO fastening clip.101
Fra:1 Mem:533.88M (Peak 533.88M) | Time:00:01.08 | Mem:0.00M, Peak:0.00M | Scene, ViewLayer | Synchronizing object | Bottle basket wall standoff.014
Fra:1 Mem:533.88M (Peak 533.88M) | Time:00:01.08 | Mem:0.00M, Peak:0.00M | Scene, ViewLayer | Synchronizing object | STUDIO fastening clip.100
Fra:1 Mem:533.88M (Peak 533.88M) | Time:00:01.08 | Mem:0.00M, Peak:0.00M | Scene, ViewLayer | Synchronizing object | Bottle basket wall standoff.015
Fra:1 Mem:533.88M (Peak 533.88M) | Time:00:01.08 | Mem:0.00M, Peak:0.00M | Scene, ViewLayer | Synchronizing object | STUDIO rail pad.050
Fra:1 Mem:533.89M (Peak 533.89M) | Time:00:01.08 | Mem:0.00M, Peak:0.00M | Scene, ViewLayer | Synchronizing object | Upper berth guard mesh horizontal.030
Fra:1 Mem:533.89M (Peak 533.89M) | Time:00:01.08 | Mem:0.00M, Peak:0.00M | Scene, ViewLayer | Synchronizing object | STUDIO sleeper.025
Fra:1 Mem:533.89M (Peak 533.89M) | Time:00:01.08 | Mem:0.00M, Peak:0.00M | Scene, ViewLayer | Synchronizing object | Upper berth guard mesh horizontal.032
Fra:1 Mem:533.90M (Peak 533.90M) | Time:00:01.08 | Mem:0.00M, Peak:0.00M | Scene, ViewLayer | Synchronizing object | Upper berth guard mesh horizontal.033
Fra:1 Mem:533.90M (Peak 533.90M) | Time:00:01.08 | Mem:0.00M, Peak:0.00M | Scene, ViewLayer | Synchronizing object | STUDIO fastening clip.099
Fra:1 Mem:533.90M (Peak 533.90M) | Time:00:01.08 | Mem:0.00M, Peak:0.00M | Scene, ViewLayer | Synchronizing object | Upper berth guard mesh horizontal.034
Fra:1 Mem:533.90M (Peak 533.90M) | Time:00:01.08 | Mem:0.00M, Peak:0.00M | Scene, ViewLayer | Synchronizing object | STUDIO fastening clip.098
Fra:1 Mem:533.90M (Peak 533.90M) | Time:00:01.08 | Mem:0.00M, Peak:0.00M | Scene, ViewLayer | Synchronizing object | Upper berth safety rail.019
Fra:1 Mem:533.91M (Peak 533.91M) | Time:00:01.08 | Mem:0.00M, Peak:0.00M | Scene, ViewLayer | Synchronizing object | STUDIO rail pad.049
Fra:1 Mem:533.91M (Peak 533.91M) | Time:00:01.08 | Mem:0.00M, Peak:0.00M | Scene, ViewLayer | Synchronizing object | Upper berth safety rail.020
Fra:1 Mem:533.92M (Peak 533.92M) | Time:00:01.08 | Mem:0.00M, Peak:0.00M | Scene, ViewLayer | Synchronizing object | Middle berth folding hinge axle.012
Fra:1 Mem:533.92M (Peak 533.92M) | Time:00:01.08 | Mem:0.00M, Peak:0.00M | Scene, ViewLayer | Synchronizing object | STUDIO fastening clip.097
Fra:1 Mem:533.92M (Peak 533.92M) | Time:00:01.08 | Mem:0.00M, Peak:0.00M | Scene, ViewLayer | Synchronizing object | Middle berth retention latch.012
Fra:1 Mem:533.93M (Peak 533.93M) | Time:00:01.08 | Mem:0.00M, Peak:0.00M | Scene, ViewLayer | Synchronizing object | STUDIO fastening clip.096
Fra:1 Mem:533.93M (Peak 533.93M) | Time:00:01.08 | Mem:0.00M, Peak:0.00M | Scene, ViewLayer | Synchronizing object | Parked berth support chain link.108
Fra:1 Mem:533.93M (Peak 533.93M) | Time:00:01.08 | Mem:0.00M, Peak:0.00M | Scene, ViewLayer | Synchronizing object | Parked berth support chain link.109
Fra:1 Mem:533.93M (Peak 533.93M) | Time:00:01.08 | Mem:0.00M, Peak:0.00M | Scene, ViewLayer | Synchronizing object | STUDIO rail pad.048
Fra:1 Mem:533.96M (Peak 533.96M) | Time:00:01.08 | Mem:0.00M, Peak:0.00M | Scene, ViewLayer | Synchronizing object | STUDIO sleeper.024
Fra:1 Mem:533.97M (Peak 533.97M) | Time:00:01.08 | Mem:0.00M, Peak:0.00M | Scene, ViewLayer | Synchronizing object | Parked berth support chain link.110
Fra:1 Mem:533.97M (Peak 533.97M) | Time:00:01.08 | Mem:0.00M, Peak:0.00M | Scene, ViewLayer | Synchronizing object | STUDIO fastening clip.095
Fra:1 Mem:533.99M (Peak 533.99M) | Time:00:01.08 | Mem:0.00M, Peak:0.00M | Scene, ViewLayer | Synchronizing object | Parked berth support chain link.111
Fra:1 Mem:533.99M (Peak 533.99M) | Time:00:01.08 | Mem:0.00M, Peak:0.00M | Scene, ViewLayer | Synchronizing object | STUDIO fastening clip.094
Fra:1 Mem:534.01M (Peak 534.01M) | Time:00:01.08 | Mem:0.00M, Peak:0.00M | Scene, ViewLayer | Synchronizing object | Parked berth support chain link.112
Fra:1 Mem:534.02M (Peak 534.02M) | Time:00:01.08 | Mem:0.00M, Peak:0.00M | Scene, ViewLayer | Synchronizing object | STUDIO rail pad.047
Fra:1 Mem:534.03M (Peak 534.03M) | Time:00:01.08 | Mem:0.00M, Peak:0.00M | Scene, ViewLayer | Synchronizing object | STUDIO fastening clip.093
Fra:1 Mem:534.03M (Peak 534.03M) | Time:00:01.08 | Mem:0.00M, Peak:0.00M | Scene, ViewLayer | Synchronizing object | Parked berth support chain link.114
Fra:1 Mem:534.05M (Peak 534.05M) | Time:00:01.08 | Mem:0.00M, Peak:0.00M | Scene, ViewLayer | Synchronizing object | STUDIO fastening clip.092
Fra:1 Mem:534.07M (Peak 534.07M) | Time:00:01.08 | Mem:0.00M, Peak:0.00M | Scene, ViewLayer | Synchronizing object | Parked berth support chain link.115
Fra:1 Mem:534.08M (Peak 534.08M) | Time:00:01.08 | Mem:0.00M, Peak:0.00M | Scene, ViewLayer | Synchronizing object | STUDIO rail pad.046
Fra:1 Mem:534.09M (Peak 534.09M) | Time:00:01.08 | Mem:0.00M, Peak:0.00M | Scene, ViewLayer | Synchronizing object | Parked berth support chain link.116
Fra:1 Mem:534.09M (Peak 534.09M) | Time:00:01.08 | Mem:0.00M, Peak:0.00M | Scene, ViewLayer | Synchronizing object | STUDIO sleeper.023
Fra:1 Mem:534.10M (Peak 534.10M) | Time:00:01.08 | Mem:0.00M, Peak:0.00M | Scene, ViewLayer | Synchronizing object | Middle berth folding hinge axle.013
Fra:1 Mem:534.11M (Peak 534.11M) | Time:00:01.08 | Mem:0.00M, Peak:0.00M | Scene, ViewLayer | Synchronizing object | STUDIO fastening clip.091
Fra:1 Mem:534.12M (Peak 534.12M) | Time:00:01.08 | Mem:0.00M, Peak:0.00M | Scene, ViewLayer | Synchronizing object | Middle berth retention latch.013
Fra:1 Mem:534.12M (Peak 534.12M) | Time:00:01.08 | Mem:0.00M, Peak:0.00M | Scene, ViewLayer | Synchronizing object | Parked berth support chain link.117
Fra:1 Mem:534.14M (Peak 534.14M) | Time:00:01.08 | Mem:0.00M, Peak:0.00M | Scene, ViewLayer | Synchronizing object | Parked berth support chain link.118
Fra:1 Mem:534.14M (Peak 534.14M) | Time:00:01.08 | Mem:0.00M, Peak:0.00M | Scene, ViewLayer | Synchronizing object | STUDIO rail pad.045
Fra:1 Mem:534.17M (Peak 534.17M) | Time:00:01.08 | Mem:0.00M, Peak:0.00M | Scene, ViewLayer | Synchronizing object | STUDIO fastening clip.089
Fra:1 Mem:534.17M (Peak 534.17M) | Time:00:01.08 | Mem:0.00M, Peak:0.00M | Scene, ViewLayer | Synchronizing object | Parked berth support chain link.119
Fra:1 Mem:534.17M (Peak 534.17M) | Time:00:01.08 | Mem:0.00M, Peak:0.00M | Scene, ViewLayer | Synchronizing object | STUDIO fastening clip.088
Fra:1 Mem:534.20M (Peak 534.20M) | Time:00:01.08 | Mem:0.00M, Peak:0.00M | Scene, ViewLayer | Synchronizing object | STUDIO rail pad.044
Fra:1 Mem:534.21M (Peak 534.21M) | Time:00:01.08 | Mem:0.00M, Peak:0.00M | Scene, ViewLayer | Synchronizing object | STUDIO sleeper.022
Fra:1 Mem:534.21M (Peak 534.21M) | Time:00:01.08 | Mem:0.00M, Peak:0.00M | Scene, ViewLayer | Synchronizing object | Parked berth support chain link.121
Fra:1 Mem:534.21M (Peak 534.21M) | Time:00:01.08 | Mem:0.00M, Peak:0.00M | Scene, ViewLayer | Synchronizing object | Parked berth support chain link.122
Fra:1 Mem:534.25M (Peak 534.25M) | Time:00:01.08 | Mem:0.00M, Peak:0.00M | Scene, ViewLayer | Synchronizing object | Parked berth support chain link.123
Fra:1 Mem:534.25M (Peak 534.25M) | Time:00:01.08 | Mem:0.00M, Peak:0.00M | Scene, ViewLayer | Synchronizing object | Parked berth support chain link.124
Fra:1 Mem:534.25M (Peak 534.25M) | Time:00:01.08 | Mem:0.00M, Peak:0.00M | Scene, ViewLayer | Synchronizing object | STUDIO fastening clip.086
Fra:1 Mem:534.29M (Peak 534.29M) | Time:00:01.08 | Mem:0.00M, Peak:0.00M | Scene, ViewLayer | Synchronizing object | STUDIO rail pad.043
Fra:1 Mem:534.29M (Peak 534.29M) | Time:00:01.08 | Mem:0.00M, Peak:0.00M | Scene, ViewLayer | Synchronizing object | Parked berth support chain link.125
Fra:1 Mem:534.29M (Peak 534.29M) | Time:00:01.08 | Mem:0.00M, Peak:0.00M | Scene, ViewLayer | Synchronizing object | STUDIO fastening clip.085
Fra:1 Mem:534.30M (Peak 534.30M) | Time:00:01.08 | Mem:0.00M, Peak:0.00M | Scene, ViewLayer | Synchronizing object | Berth individual moulded control plate.006
Fra:1 Mem:534.30M (Peak 534.30M) | Time:00:01.08 | Mem:0.00M, Peak:0.00M | Scene, ViewLayer | Synchronizing object | STUDIO fastening clip.084
Fra:1 Mem:534.31M (Peak 534.31M) | Time:00:01.08 | Mem:0.00M, Peak:0.00M | Scene, ViewLayer | Synchronizing object | STUDIO rail pad.042
Fra:1 Mem:534.31M (Peak 534.31M) | Time:00:01.08 | Mem:0.00M, Peak:0.00M | Scene, ViewLayer | Synchronizing object | Berth toggle switch.012
Fra:1 Mem:534.32M (Peak 534.32M) | Time:00:01.08 | Mem:0.00M, Peak:0.00M | Scene, ViewLayer | Synchronizing object | STUDIO sleeper.021
Fra:1 Mem:534.33M (Peak 534.33M) | Time:00:01.08 | Mem:0.00M, Peak:0.00M | Scene, ViewLayer | Synchronizing object | STUDIO fastening clip.083
Fra:1 Mem:534.33M (Peak 534.33M) | Time:00:01.08 | Mem:0.00M, Peak:0.00M | Scene, ViewLayer | Synchronizing object | Upper berth guard mesh horizontal.035
Fra:1 Mem:534.34M (Peak 534.34M) | Time:00:01.08 | Mem:0.00M, Peak:0.00M | Scene, ViewLayer | Synchronizing object | Upper berth guard mesh horizontal.036
Fra:1 Mem:534.35M (Peak 534.35M) | Time:00:01.08 | Mem:0.00M, Peak:0.00M | Scene, ViewLayer | Synchronizing object | STUDIO fastening clip.082
Fra:1 Mem:534.35M (Peak 534.35M) | Time:00:01.08 | Mem:0.00M, Peak:0.00M | Scene, ViewLayer | Synchronizing object | Upper berth guard mesh horizontal.038
Fra:1 Mem:534.35M (Peak 534.35M) | Time:00:01.08 | Mem:0.00M, Peak:0.00M | Scene, ViewLayer | Synchronizing object | STUDIO rail pad.041
Fra:1 Mem:534.35M (Peak 534.35M) | Time:00:01.08 | Mem:0.00M, Peak:0.00M | Scene, ViewLayer | Synchronizing object | STUDIO fastening clip.081
Fra:1 Mem:534.35M (Peak 534.35M) | Time:00:01.08 | Mem:0.00M, Peak:0.00M | Scene, ViewLayer | Synchronizing object | Upper berth safety rail.021
Fra:1 Mem:534.36M (Peak 534.36M) | Time:00:01.08 | Mem:0.00M, Peak:0.00M | Scene, ViewLayer | Synchronizing object | STUDIO fastening clip.080
Fra:1 Mem:534.36M (Peak 534.36M) | Time:00:01.08 | Mem:0.00M, Peak:0.00M | Scene, ViewLayer | Synchronizing object | Upper berth safety rail.022
Fra:1 Mem:534.36M (Peak 534.36M) | Time:00:01.08 | Mem:0.00M, Peak:0.00M | Scene, ViewLayer | Synchronizing object | Upper berth safety rail.023
Fra:1 Mem:534.36M (Peak 534.36M) | Time:00:01.08 | Mem:0.00M, Peak:0.00M | Scene, ViewLayer | Synchronizing object | Middle berth folding hinge axle.014
Fra:1 Mem:534.37M (Peak 534.37M) | Time:00:01.08 | Mem:0.00M, Peak:0.00M | Scene, ViewLayer | Synchronizing object | Middle berth retention latch.014
Fra:1 Mem:534.38M (Peak 534.38M) | Time:00:01.08 | Mem:0.00M, Peak:0.00M | Scene, ViewLayer | Synchronizing object | Parked berth support chain link.126
Fra:1 Mem:534.38M (Peak 534.38M) | Time:00:01.08 | Mem:0.00M, Peak:0.00M | Scene, ViewLayer | Synchronizing object | Parked berth support chain link.127
Fra:1 Mem:534.38M (Peak 534.38M) | Time:00:01.08 | Mem:0.00M, Peak:0.00M | Scene, ViewLayer | Synchronizing object | Parked berth support chain link.128
Fra:1 Mem:534.43M (Peak 534.43M) | Time:00:01.08 | Mem:0.00M, Peak:0.00M | Scene, ViewLayer | Synchronizing object | STUDIO fastening clip.079
Fra:1 Mem:534.44M (Peak 534.44M) | Time:00:01.08 | Mem:0.00M, Peak:0.00M | Scene, ViewLayer | Synchronizing object | Parked berth support chain link.129
Fra:1 Mem:534.44M (Peak 534.44M) | Time:00:01.08 | Mem:0.00M, Peak:0.00M | Scene, ViewLayer | Synchronizing object | Parked berth support chain link.131
Fra:1 Mem:534.47M (Peak 534.47M) | Time:00:01.08 | Mem:0.00M, Peak:0.00M | Scene, ViewLayer | Synchronizing object | Parked berth support chain link.132
Fra:1 Mem:534.48M (Peak 534.48M) | Time:00:01.08 | Mem:0.00M, Peak:0.00M | Scene, ViewLayer | Synchronizing object | STUDIO rail pad.039
Fra:1 Mem:534.52M (Peak 534.52M) | Time:00:01.08 | Mem:0.00M, Peak:0.00M | Scene, ViewLayer | Synchronizing object | STUDIO fastening clip.077
Fra:1 Mem:534.52M (Peak 534.52M) | Time:00:01.08 | Mem:0.00M, Peak:0.00M | Scene, ViewLayer | Synchronizing object | Parked berth support chain link.133
Fra:1 Mem:534.52M (Peak 534.52M) | Time:00:01.08 | Mem:0.00M, Peak:0.00M | Scene, ViewLayer | Synchronizing object | Middle berth folding hinge axle.015
Fra:1 Mem:534.53M (Peak 534.53M) | Time:00:01.08 | Mem:0.00M, Peak:0.00M | Scene, ViewLayer | Synchronizing object | STUDIO fastening clip.076
Fra:1 Mem:534.55M (Peak 534.55M) | Time:00:01.08 | Mem:0.00M, Peak:0.00M | Scene, ViewLayer | Synchronizing object | Middle berth retention latch.015
Fra:1 Mem:534.56M (Peak 534.56M) | Time:00:01.08 | Mem:0.00M, Peak:0.00M | Scene, ViewLayer | Synchronizing object | Parked berth support chain link.135
Fra:1 Mem:534.58M (Peak 534.58M) | Time:00:01.08 | Mem:0.00M, Peak:0.00M | Scene, ViewLayer | Synchronizing object | Parked berth support chain link.136
Fra:1 Mem:534.60M (Peak 534.60M) | Time:00:01.08 | Mem:0.00M, Peak:0.00M | Scene, ViewLayer | Synchronizing object | STUDIO sleeper.019
Fra:1 Mem:534.61M (Peak 534.61M) | Time:00:01.08 | Mem:0.00M, Peak:0.00M | Scene, ViewLayer | Synchronizing object | Parked berth support chain link.138
Fra:1 Mem:534.63M (Peak 534.63M) | Time:00:01.08 | Mem:0.00M, Peak:0.00M | Scene, ViewLayer | Synchronizing object | Parked berth support chain link.139
Fra:1 Mem:534.64M (Peak 534.64M) | Time:00:01.08 | Mem:0.00M, Peak:0.00M | Scene, ViewLayer | Synchronizing object | STUDIO fastening clip.075
Fra:1 Mem:534.67M (Peak 534.67M) | Time:00:01.08 | Mem:0.00M, Peak:0.00M | Scene, ViewLayer | Synchronizing object | STUDIO fastening clip.074
Fra:1 Mem:534.67M (Peak 534.67M) | Time:00:01.08 | Mem:0.00M, Peak:0.00M | Scene, ViewLayer | Synchronizing object | Parked berth support chain link.140
Fra:1 Mem:534.67M (Peak 534.67M) | Time:00:01.08 | Mem:0.00M, Peak:0.00M | Scene, ViewLayer | Synchronizing object | Parked berth support chain link.142
Fra:1 Mem:534.68M (Peak 534.68M) | Time:00:01.08 | Mem:0.00M, Peak:0.00M | Scene, ViewLayer | Synchronizing object | STUDIO rail pad.037
Fra:1 Mem:534.72M (Peak 534.72M) | Time:00:01.08 | Mem:0.00M, Peak:0.00M | Scene, ViewLayer | Synchronizing object | STUDIO fastening clip.073
Fra:1 Mem:534.73M (Peak 534.73M) | Time:00:01.08 | Mem:0.00M, Peak:0.00M | Scene, ViewLayer | Synchronizing object | Parked berth support chain link.143
Fra:1 Mem:534.73M (Peak 534.73M) | Time:00:01.08 | Mem:0.00M, Peak:0.00M | Scene, ViewLayer | Synchronizing object | Berth individual moulded control plate.007
Fra:1 Mem:534.75M (Peak 534.75M) | Time:00:01.08 | Mem:0.00M, Peak:0.00M | Scene, ViewLayer | Synchronizing object | STUDIO fastening clip.072
Fra:1 Mem:534.76M (Peak 534.76M) | Time:00:01.08 | Mem:0.00M, Peak:0.00M | Scene, ViewLayer | Synchronizing object | Berth toggle switch.014
Fra:1 Mem:534.76M (Peak 534.76M) | Time:00:01.08 | Mem:0.00M, Peak:0.00M | Scene, ViewLayer | Synchronizing object | STUDIO rail pad.036
Fra:1 Mem:534.78M (Peak 534.78M) | Time:00:01.08 | Mem:0.00M, Peak:0.00M | Scene, ViewLayer | Synchronizing object | Window table wall hinge.003
Fra:1 Mem:534.78M (Peak 534.78M) | Time:00:01.08 | Mem:0.00M, Peak:0.00M | Scene, ViewLayer | Synchronizing object | Bottle holder rolled hoop.017
Fra:1 Mem:534.81M (Peak 534.81M) | Time:00:01.08 | Mem:0.00M, Peak:0.00M | Scene, ViewLayer | Synchronizing object | STUDIO fastening clip.071
Fra:1 Mem:534.85M (Peak 534.85M) | Time:00:01.08 | Mem:0.00M, Peak:0.00M | Scene, ViewLayer | Synchronizing object | STUDIO fastening clip.070
Fra:1 Mem:534.85M (Peak 534.85M) | Time:00:01.08 | Mem:0.00M, Peak:0.00M | Scene, ViewLayer | Synchronizing object | Bottle holder wire upright.033
Fra:1 Mem:534.86M (Peak 534.86M) | Time:00:01.08 | Mem:0.00M, Peak:0.00M | Scene, ViewLayer | Synchronizing object | Bottle holder wire upright.034
Fra:1 Mem:534.86M (Peak 534.86M) | Time:00:01.08 | Mem:0.00M, Peak:0.00M | Scene, ViewLayer | Synchronizing object | STUDIO rail pad.035
Fra:1 Mem:534.86M (Peak 534.86M) | Time:00:01.08 | Mem:0.00M, Peak:0.00M | Scene, ViewLayer | Synchronizing object | Bottle basket bottom wire.016
Fra:1 Mem:534.86M (Peak 534.86M) | Time:00:01.08 | Mem:0.00M, Peak:0.00M | Scene, ViewLayer | Synchronizing object | STUDIO fastening clip.069
Fra:1 Mem:534.86M (Peak 534.86M) | Time:00:01.08 | Mem:0.00M, Peak:0.00M | Scene, ViewLayer | Synchronizing object | Bottle holder wall mounting plate.008
Fra:1 Mem:534.87M (Peak 534.87M) | Time:00:01.08 | Mem:0.00M, Peak:0.00M | Scene, ViewLayer | Synchronizing object | STUDIO fastening clip.068
Fra:1 Mem:534.87M (Peak 534.87M) | Time:00:01.08 | Mem:0.00M, Peak:0.00M | Scene, ViewLayer | Synchronizing object | Bottle basket wall standoff.016
Fra:1 Mem:534.88M (Peak 534.88M) | Time:00:01.08 | Mem:0.00M, Peak:0.00M | Scene, ViewLayer | Synchronizing object | STUDIO rail pad.034
Fra:1 Mem:534.88M (Peak 534.88M) | Time:00:01.08 | Mem:0.00M, Peak:0.00M | Scene, ViewLayer | Synchronizing object | Bottle holder fixing screw.017
Fra:1 Mem:534.90M (Peak 534.90M) | Time:00:01.08 | Mem:0.00M, Peak:0.00M | Scene, ViewLayer | Synchronizing object | STUDIO sleeper.017
Fra:1 Mem:534.88M (Peak 534.90M) | Time:00:01.08 | Mem:0.00M, Peak:0.00M | Scene, ViewLayer | Synchronizing object | Bottle holder rolled hoop.018
Fra:1 Mem:534.90M (Peak 534.90M) | Time:00:01.08 | Mem:0.00M, Peak:0.00M | Scene, ViewLayer | Synchronizing object | STUDIO fastening clip.067
Fra:1 Mem:534.91M (Peak 534.91M) | Time:00:01.08 | Mem:0.00M, Peak:0.00M | Scene, ViewLayer | Synchronizing object | STUDIO fastening clip.066
Fra:1 Mem:534.92M (Peak 534.92M) | Time:00:01.08 | Mem:0.00M, Peak:0.00M | Scene, ViewLayer | Synchronizing object | Bottle holder wire upright.036
Fra:1 Mem:534.94M (Peak 534.94M) | Time:00:01.08 | Mem:0.00M, Peak:0.00M | Scene, ViewLayer | Synchronizing object | Bottle holder wire upright.037
Fra:1 Mem:534.94M (Peak 534.94M) | Time:00:01.08 | Mem:0.00M, Peak:0.00M | Scene, ViewLayer | Synchronizing object | STUDIO rail pad.033
Fra:1 Mem:534.96M (Peak 534.96M) | Time:00:01.08 | Mem:0.00M, Peak:0.00M | Scene, ViewLayer | Synchronizing object | Bottle holder wire upright.038
Fra:1 Mem:534.95M (Peak 534.96M) | Time:00:01.08 | Mem:0.00M, Peak:0.00M | Scene, ViewLayer | Synchronizing object | Bottle basket bottom wire.018
Fra:1 Mem:534.96M (Peak 534.96M) | Time:00:01.08 | Mem:0.00M, Peak:0.00M | Scene, ViewLayer | Synchronizing object | STUDIO fastening clip.065
Fra:1 Mem:534.96M (Peak 534.96M) | Time:00:01.08 | Mem:0.00M, Peak:0.00M | Scene, ViewLayer | Synchronizing object | Bottle basket bottom wire.019
Fra:1 Mem:534.96M (Peak 534.96M) | Time:00:01.08 | Mem:0.00M, Peak:0.00M | Scene, ViewLayer | Synchronizing object | Bottle holder wall mounting plate.009
Fra:1 Mem:534.96M (Peak 534.96M) | Time:00:01.08 | Mem:0.00M, Peak:0.00M | Scene, ViewLayer | Synchronizing object | STUDIO fastening clip.064
Fra:1 Mem:534.97M (Peak 534.97M) | Time:00:01.08 | Mem:0.00M, Peak:0.00M | Scene, ViewLayer | Synchronizing object | Bottle holder fixing screw.018
Fra:1 Mem:534.98M (Peak 534.98M) | Time:00:01.08 | Mem:0.00M, Peak:0.00M | Scene, ViewLayer | Synchronizing object | Bottle basket wall standoff.019
Fra:1 Mem:534.98M (Peak 534.98M) | Time:00:01.08 | Mem:0.00M, Peak:0.00M | Scene, ViewLayer | Synchronizing object | Upper berth guard mesh horizontal.040
Fra:1 Mem:534.98M (Peak 534.98M) | Time:00:01.08 | Mem:0.00M, Peak:0.00M | Scene, ViewLayer | Synchronizing object | STUDIO rail pad.032
Fra:1 Mem:534.98M (Peak 534.98M) | Time:00:01.08 | Mem:0.00M, Peak:0.00M | Scene, ViewLayer | Synchronizing object | Upper berth guard mesh horizontal.041
Fra:1 Mem:534.99M (Peak 534.99M) | Time:00:01.08 | Mem:0.00M, Peak:0.00M | Scene, ViewLayer | Synchronizing object | STUDIO sleeper.016
Fra:1 Mem:534.99M (Peak 534.99M) | Time:00:01.08 | Mem:0.00M, Peak:0.00M | Scene, ViewLayer | Synchronizing object | STUDIO fastening clip.063
Fra:1 Mem:534.99M (Peak 534.99M) | Time:00:01.08 | Mem:0.00M, Peak:0.00M | Scene, ViewLayer | Synchronizing object | Upper berth safety rail.024
Fra:1 Mem:534.99M (Peak 534.99M) | Time:00:01.08 | Mem:0.00M, Peak:0.00M | Scene, ViewLayer | Synchronizing object | STUDIO fastening clip.062
Fra:1 Mem:534.99M (Peak 534.99M) | Time:00:01.08 | Mem:0.00M, Peak:0.00M | Scene, ViewLayer | Synchronizing object | Upper berth safety rail.025
Fra:1 Mem:535.00M (Peak 535.00M) | Time:00:01.08 | Mem:0.00M, Peak:0.00M | Scene, ViewLayer | Synchronizing object | Upper berth safety rail.026
Fra:1 Mem:535.02M (Peak 535.00M) | Time:00:01.08 | Mem:0.00M, Peak:0.00M | Scene, ViewLayer | Synchronizing object | Middle berth folding hinge axle.016
Fra:1 Mem:535.01M (Peak 535.01M) | Time:00:01.08 | Mem:0.00M, Peak:0.00M | Scene, ViewLayer | Synchronizing object | STUDIO rail pad.031
Fra:1 Mem:535.01M (Peak 535.01M) | Time:00:01.08 | Mem:0.00M, Peak:0.00M | Scene, ViewLayer | Synchronizing object | Parked berth support chain link.145
Fra:1 Mem:535.02M (Peak 535.02M) | Time:00:01.08 | Mem:0.00M, Peak:0.00M | Scene, ViewLayer | Synchronizing object | STUDIO fastening clip.061
Fra:1 Mem:535.03M (Peak 535.03M) | Time:00:01.08 | Mem:0.00M, Peak:0.00M | Scene, ViewLayer | Synchronizing object | STUDIO fastening clip.060
Fra:1 Mem:535.06M (Peak 535.06M) | Time:00:01.08 | Mem:0.00M, Peak:0.00M | Scene, ViewLayer | Synchronizing object | Parked berth support chain link.146
Fra:1 Mem:535.06M (Peak 535.06M) | Time:00:01.08 | Mem:0.00M, Peak:0.00M | Scene, ViewLayer | Synchronizing object | Parked berth support chain link.147
Fra:1 Mem:535.07M (Peak 535.07M) | Time:00:01.08 | Mem:0.00M, Peak:0.00M | Scene, ViewLayer | Synchronizing object | Parked berth support chain link.148
Fra:1 Mem:535.12M (Peak 535.12M) | Time:00:01.08 | Mem:0.00M, Peak:0.00M | Scene, ViewLayer | Synchronizing object | Parked berth support chain link.149
Fra:1 Mem:535.12M (Peak 535.12M) | Time:00:01.08 | Mem:0.00M, Peak:0.00M | Scene, ViewLayer | Synchronizing object | STUDIO sleeper.015
Fra:1 Mem:535.13M (Peak 535.13M) | Time:00:01.08 | Mem:0.00M, Peak:0.00M | Scene, ViewLayer | Synchronizing object | Parked berth support chain link.150
Fra:1 Mem:535.15M (Peak 535.15M) | Time:00:01.08 | Mem:0.00M, Peak:0.00M | Scene, ViewLayer | Synchronizing object | STUDIO fastening clip.059
Fra:1 Mem:535.16M (Peak 535.16M) | Time:00:01.08 | Mem:0.00M, Peak:0.00M | Scene, ViewLayer | Synchronizing object | Parked berth support chain link.152
Fra:1 Mem:535.17M (Peak 535.17M) | Time:00:01.08 | Mem:0.00M, Peak:0.00M | Scene, ViewLayer | Synchronizing object | Middle berth folding hinge axle.017
Fra:1 Mem:535.18M (Peak 535.18M) | Time:00:01.08 | Mem:0.00M, Peak:0.00M | Scene, ViewLayer | Synchronizing object | STUDIO fastening clip.058
Fra:1 Mem:535.20M (Peak 535.20M) | Time:00:01.08 | Mem:0.00M, Peak:0.00M | Scene, ViewLayer | Synchronizing object | Middle berth retention latch.017
Fra:1 Mem:535.20M (Peak 535.20M) | Time:00:01.08 | Mem:0.00M, Peak:0.00M | Scene, ViewLayer | Synchronizing object | Parked berth support chain link.153
Fra:1 Mem:535.23M (Peak 535.23M) | Time:00:01.08 | Mem:0.00M, Peak:0.00M | Scene, ViewLayer | Synchronizing object | Parked berth support chain link.154
Fra:1 Mem:535.23M (Peak 535.23M) | Time:00:01.08 | Mem:0.00M, Peak:0.00M | Scene, ViewLayer | Synchronizing object | Parked berth support chain link.155
Fra:1 Mem:535.25M (Peak 535.25M) | Time:00:01.08 | Mem:0.00M, Peak:0.00M | Scene, ViewLayer | Synchronizing object | Parked berth support chain link.156
Fra:1 Mem:535.26M (Peak 535.26M) | Time:00:01.08 | Mem:0.00M, Peak:0.00M | Scene, ViewLayer | Synchronizing object | STUDIO fastening clip.057
Fra:1 Mem:535.29M (Peak 535.29M) | Time:00:01.08 | Mem:0.00M, Peak:0.00M | Scene, ViewLayer | Synchronizing object | STUDIO fastening clip.056
Fra:1 Mem:535.29M (Peak 535.29M) | Time:00:01.08 | Mem:0.00M, Peak:0.00M | Scene, ViewLayer | Synchronizing object | Parked berth support chain link.157
Fra:1 Mem:535.30M (Peak 535.30M) | Time:00:01.08 | Mem:0.00M, Peak:0.00M | Scene, ViewLayer | Synchronizing object | Parked berth support chain link.158
Fra:1 Mem:535.31M (Peak 535.31M) | Time:00:01.08 | Mem:0.00M, Peak:0.00M | Scene, ViewLayer | Synchronizing object | STUDIO rail pad.028
Fra:1 Mem:535.35M (Peak 535.35M) | Time:00:01.08 | Mem:0.00M, Peak:0.00M | Scene, ViewLayer | Synchronizing object | Parked berth support chain link.160
Fra:1 Mem:535.35M (Peak 535.35M) | Time:00:01.08 | Mem:0.00M, Peak:0.00M | Scene, ViewLayer | Synchronizing object | Parked berth support chain link.161
Fra:1 Mem:535.37M (Peak 535.37M) | Time:00:01.08 | Mem:0.00M, Peak:0.00M | Scene, ViewLayer | Synchronizing object | STUDIO sleeper.014
Fra:1 Mem:535.39M (Peak 535.39M) | Time:00:01.08 | Mem:0.00M, Peak:0.00M | Scene, ViewLayer | Synchronizing object | STUDIO fastening clip.055
Fra:1 Mem:535.39M (Peak 535.39M) | Time:00:01.08 | Mem:0.00M, Peak:0.00M | Scene, ViewLayer | Synchronizing object | Berth toggle switch.016
Fra:1 Mem:535.40M (Peak 535.40M) | Time:00:01.08 | Mem:0.00M, Peak:0.00M | Scene, ViewLayer | Synchronizing object | Berth toggle switch.017
Fra:1 Mem:535.40M (Peak 535.40M) | Time:00:01.08 | Mem:0.00M, Peak:0.00M | Scene, ViewLayer | Synchronizing object | STUDIO fastening clip.054
Fra:1 Mem:535.41M (Peak 535.41M) | Time:00:01.08 | Mem:0.00M, Peak:0.00M | Scene, ViewLayer | Synchronizing object | Upper berth guard mesh horizontal.046
Fra:1 Mem:535.41M (Peak 535.41M) | Time:00:01.08 | Mem:0.00M, Peak:0.00M | Scene, ViewLayer | Synchronizing object | STUDIO rail pad.027
Fra:1 Mem:535.41M (Peak 535.41M) | Time:00:01.08 | Mem:0.00M, Peak:0.00M | Scene, ViewLayer | Synchronizing object | Upper berth guard mesh horizontal.047
Fra:1 Mem:535.42M (Peak 535.42M) | Time:00:01.08 | Mem:0.00M, Peak:0.00M | Scene, ViewLayer | Synchronizing object | STUDIO fastening clip.053
Fra:1 Mem:535.42M (Peak 535.42M) | Time:00:01.08 | Mem:0.00M, Peak:0.00M | Scene, ViewLayer | Synchronizing object | Upper berth guard mesh horizontal.048
Fra:1 Mem:535.42M (Peak 535.42M) | Time:00:01.08 | Mem:0.00M, Peak:0.00M | Scene, ViewLayer | Synchronizing object | STUDIO fastening clip.052
Fra:1 Mem:535.43M (Peak 535.43M) | Time:00:01.08 | Mem:0.00M, Peak:0.00M | Scene, ViewLayer | Synchronizing object | Upper berth safety rail.027
Fra:1 Mem:535.43M (Peak 535.43M) | Time:00:01.08 | Mem:0.00M, Peak:0.00M | Scene, ViewLayer | Synchronizing object | STUDIO rail pad.026
Fra:1 Mem:535.43M (Peak 535.43M) | Time:00:01.08 | Mem:0.00M, Peak:0.00M | Scene, ViewLayer | Synchronizing object | Upper berth safety rail.028
Fra:1 Mem:535.43M (Peak 535.43M) | Time:00:01.08 | Mem:0.00M, Peak:0.00M | Scene, ViewLayer | Synchronizing object | Upper berth safety rail.029
Fra:1 Mem:535.44M (Peak 535.44M) | Time:00:01.08 | Mem:0.00M, Peak:0.00M | Scene, ViewLayer | Synchronizing object | STUDIO sleeper.013
Fra:1 Mem:535.44M (Peak 535.44M) | Time:00:01.08 | Mem:0.00M, Peak:0.00M | Scene, ViewLayer | Synchronizing object | Parked berth support chain link.162
Fra:1 Mem:535.46M (Peak 535.46M) | Time:00:01.08 | Mem:0.00M, Peak:0.00M | Scene, ViewLayer | Synchronizing object | STUDIO fastening clip.051
Fra:1 Mem:535.47M (Peak 535.47M) | Time:00:01.08 | Mem:0.00M, Peak:0.00M | Scene, ViewLayer | Synchronizing object | Parked berth support chain link.163
Fra:1 Mem:535.47M (Peak 535.47M) | Time:00:01.08 | Mem:0.00M, Peak:0.00M | Scene, ViewLayer | Synchronizing object | Parked berth support chain link.164
Fra:1 Mem:535.49M (Peak 535.49M) | Time:00:01.08 | Mem:0.00M, Peak:0.00M | Scene, ViewLayer | Synchronizing object | STUDIO fastening clip.050
Fra:1 Mem:535.51M (Peak 535.51M) | Time:00:01.08 | Mem:0.00M, Peak:0.00M | Scene, ViewLayer | Synchronizing object | Parked berth support chain link.165
Fra:1 Mem:535.52M (Peak 535.52M) | Time:00:01.08 | Mem:0.00M, Peak:0.00M | Scene, ViewLayer | Synchronizing object | Parked berth support chain link.166
Fra:1 Mem:535.52M (Peak 535.52M) | Time:00:01.08 | Mem:0.00M, Peak:0.00M | Scene, ViewLayer | Synchronizing object | Parked berth support chain link.167
Fra:1 Mem:535.57M (Peak 535.57M) | Time:00:01.08 | Mem:0.00M, Peak:0.00M | Scene, ViewLayer | Synchronizing object | STUDIO fastening clip.049
Fra:1 Mem:535.58M (Peak 535.58M) | Time:00:01.08 | Mem:0.00M, Peak:0.00M | Scene, ViewLayer | Synchronizing object | Parked berth support chain link.168
Fra:1 Mem:535.58M (Peak 535.58M) | Time:00:01.08 | Mem:0.00M, Peak:0.00M | Scene, ViewLayer | Synchronizing object | Parked berth support chain link.170
Fra:1 Mem:535.59M (Peak 535.59M) | Time:00:01.08 | Mem:0.00M, Peak:0.00M | Scene, ViewLayer | Synchronizing object | Parked berth support chain link.169
Fra:1 Mem:535.59M (Peak 535.59M) | Time:00:01.08 | Mem:0.00M, Peak:0.00M | Scene, ViewLayer | Synchronizing object | STUDIO rail pad.024
Fra:1 Mem:535.62M (Peak 535.62M) | Time:00:01.08 | Mem:0.00M, Peak:0.00M | Scene, ViewLayer | Synchronizing object | STUDIO sleeper.012
Fra:1 Mem:535.63M (Peak 535.63M) | Time:00:01.08 | Mem:0.00M, Peak:0.00M | Scene, ViewLayer | Synchronizing object | STUDIO fastening clip.047
Fra:1 Mem:535.64M (Peak 535.64M) | Time:00:01.08 | Mem:0.00M, Peak:0.00M | Scene, ViewLayer | Synchronizing object | Middle berth folding hinge axle.019
Fra:1 Mem:535.64M (Peak 535.64M) | Time:00:01.08 | Mem:0.00M, Peak:0.00M | Scene, ViewLayer | Synchronizing object | Middle berth retention latch.019
Fra:1 Mem:535.65M (Peak 535.65M) | Time:00:01.08 | Mem:0.00M, Peak:0.00M | Scene, ViewLayer | Synchronizing object | Parked berth support chain link.172
Fra:1 Mem:535.67M (Peak 535.67M) | Time:00:01.08 | Mem:0.00M, Peak:0.00M | Scene, ViewLayer | Synchronizing object | Parked berth support chain link.173
Fra:1 Mem:535.70M (Peak 535.70M) | Time:00:01.08 | Mem:0.00M, Peak:0.00M | Scene, ViewLayer | Synchronizing object | STUDIO rail pad.023
Fra:1 Mem:535.71M (Peak 535.71M) | Time:00:01.08 | Mem:0.00M, Peak:0.00M | Scene, ViewLayer | Synchronizing object | Parked berth support chain link.174
Fra:1 Mem:535.71M (Peak 535.71M) | Time:00:01.08 | Mem:0.00M, Peak:0.00M | Scene, ViewLayer | Synchronizing object | STUDIO fastening clip.045
Fra:1 Mem:535.73M (Peak 535.73M) | Time:00:01.08 | Mem:0.00M, Peak:0.00M | Scene, ViewLayer | Synchronizing object | Parked berth support chain link.175
Fra:1 Mem:535.73M (Peak 535.73M) | Time:00:01.08 | Mem:0.00M, Peak:0.00M | Scene, ViewLayer | Synchronizing object | Parked berth support chain link.176
Fra:1 Mem:535.74M (Peak 535.74M) | Time:00:01.08 | Mem:0.00M, Peak:0.00M | Scene, ViewLayer | Synchronizing object | STUDIO fastening clip.044
Fra:1 Mem:535.76M (Peak 535.76M) | Time:00:01.08 | Mem:0.00M, Peak:0.00M | Scene, ViewLayer | Synchronizing object | Parked berth support chain link.177
Fra:1 Mem:535.78M (Peak 535.78M) | Time:00:01.08 | Mem:0.00M, Peak:0.00M | Scene, ViewLayer | Synchronizing object | STUDIO rail pad.022
Fra:1 Mem:535.78M (Peak 535.78M) | Time:00:01.08 | Mem:0.00M, Peak:0.00M | Scene, ViewLayer | Synchronizing object | Parked berth support chain link.178
Fra:1 Mem:535.79M (Peak 535.79M) | Time:00:01.08 | Mem:0.00M, Peak:0.00M | Scene, ViewLayer | Synchronizing object | STUDIO sleeper.011
Fra:1 Mem:535.80M (Peak 535.80M) | Time:00:01.08 | Mem:0.00M, Peak:0.00M | Scene, ViewLayer | Synchronizing object | Parked berth support chain link.179
Fra:1 Mem:535.80M (Peak 535.80M) | Time:00:01.08 | Mem:0.00M, Peak:0.00M | Scene, ViewLayer | Synchronizing object | STUDIO fastening clip.043
Fra:1 Mem:535.82M (Peak 535.82M) | Time:00:01.08 | Mem:0.00M, Peak:0.00M | Scene, ViewLayer | Synchronizing object | STUDIO fastening clip.042
Fra:1 Mem:535.82M (Peak 535.82M) | Time:00:01.08 | Mem:0.00M, Peak:0.00M | Scene, ViewLayer | Synchronizing object | Berth toggle switch.018
Fra:1 Mem:535.83M (Peak 535.83M) | Time:00:01.08 | Mem:0.00M, Peak:0.00M | Scene, ViewLayer | Synchronizing object | STUDIO rail pad.021
Fra:1 Mem:535.84M (Peak 535.84M) | Time:00:01.08 | Mem:0.00M, Peak:0.00M | Scene, ViewLayer | Synchronizing object | Berth toggle switch.019
Fra:1 Mem:535.84M (Peak 535.84M) | Time:00:01.08 | Mem:0.00M, Peak:0.00M | Scene, ViewLayer | Synchronizing object | STUDIO fastening clip.041
Fra:1 Mem:535.84M (Peak 535.84M) | Time:00:01.08 | Mem:0.00M, Peak:0.00M | Scene, ViewLayer | Synchronizing object | Window table wall hinge.004
Fra:1 Mem:535.85M (Peak 535.85M) | Time:00:01.08 | Mem:0.00M, Peak:0.00M | Scene, ViewLayer | Synchronizing object | Bottle holder rolled hoop.020
Fra:1 Mem:535.87M (Peak 535.87M) | Time:00:01.08 | Mem:0.00M, Peak:0.00M | Scene, ViewLayer | Synchronizing object | STUDIO fastening clip.040
Fra:1 Mem:535.88M (Peak 535.88M) | Time:00:01.08 | Mem:0.00M, Peak:0.00M | Scene, ViewLayer | Synchronizing object | STUDIO rail pad.020
Fra:1 Mem:535.89M (Peak 535.89M) | Time:00:01.08 | Mem:0.00M, Peak:0.00M | Scene, ViewLayer | Synchronizing object | Bottle holder rolled hoop.021
Fra:1 Mem:535.89M (Peak 535.89M) | Time:00:01.08 | Mem:0.00M, Peak:0.00M | Scene, ViewLayer | Synchronizing object | Bottle holder wire upright.040
Fra:1 Mem:535.93M (Peak 535.93M) | Time:00:01.08 | Mem:0.00M, Peak:0.00M | Scene, ViewLayer | Synchronizing object | STUDIO fastening clip.039
Fra:1 Mem:535.94M (Peak 535.94M) | Time:00:01.08 | Mem:0.00M, Peak:0.00M | Scene, ViewLayer | Synchronizing object | Bottle holder wire upright.041
Fra:1 Mem:535.94M (Peak 535.94M) | Time:00:01.08 | Mem:0.00M, Peak:0.00M | Scene, ViewLayer | Synchronizing object | Bottle holder wire upright.042
Fra:1 Mem:535.96M (Peak 535.96M) | Time:00:01.08 | Mem:0.00M, Peak:0.00M | Scene, ViewLayer | Synchronizing object | Bottle basket bottom wire.020
Fra:1 Mem:535.94M (Peak 535.96M) | Time:00:01.08 | Mem:0.00M, Peak:0.00M | Scene, ViewLayer | Synchronizing object | Bottle basket bottom wire.021
Fra:1 Mem:535.95M (Peak 535.96M) | Time:00:01.08 | Mem:0.00M, Peak:0.00M | Scene, ViewLayer | Synchronizing object | STUDIO rail pad.019
Fra:1 Mem:535.95M (Peak 535.96M) | Time:00:01.08 | Mem:0.00M, Peak:0.00M | Scene, ViewLayer | Synchronizing object | Bottle basket wall standoff.020
Fra:1 Mem:535.95M (Peak 535.96M) | Time:00:01.08 | Mem:0.00M, Peak:0.00M | Scene, ViewLayer | Synchronizing object | STUDIO fastening clip.037
Fra:1 Mem:535.95M (Peak 535.96M) | Time:00:01.08 | Mem:0.00M, Peak:0.00M | Scene, ViewLayer | Synchronizing object | Bottle holder fixing screw.020
Fra:1 Mem:535.95M (Peak 535.96M) | Time:00:01.08 | Mem:0.00M, Peak:0.00M | Scene, ViewLayer | Synchronizing object | STUDIO fastening clip.036
Fra:1 Mem:535.96M (Peak 535.96M) | Time:00:01.08 | Mem:0.00M, Peak:0.00M | Scene, ViewLayer | Synchronizing object | STUDIO rail pad.018
Fra:1 Mem:535.96M (Peak 535.96M) | Time:00:01.08 | Mem:0.00M, Peak:0.00M | Scene, ViewLayer | Synchronizing object | Bottle basket wall standoff.021
Fra:1 Mem:535.96M (Peak 535.96M) | Time:00:01.08 | Mem:0.00M, Peak:0.00M | Scene, ViewLayer | Synchronizing object | Bottle holder fixing screw.021
Fra:1 Mem:535.97M (Peak 535.98M) | Time:00:01.08 | Mem:0.00M, Peak:0.00M | Scene, ViewLayer | Synchronizing object | STUDIO sleeper.009
Fra:1 Mem:535.97M (Peak 535.98M) | Time:00:01.08 | Mem:0.00M, Peak:0.00M | Scene, ViewLayer | Synchronizing object | Bottle holder rolled hoop.022
Fra:1 Mem:535.98M (Peak 535.98M) | Time:00:01.08 | Mem:0.00M, Peak:0.00M | Scene, ViewLayer | Synchronizing object | Bottle holder rolled hoop.023
Fra:1 Mem:536.00M (Peak 536.00M) | Time:00:01.08 | Mem:0.00M, Peak:0.00M | Scene, ViewLayer | Synchronizing object | STUDIO fastening clip.035
Fra:1 Mem:536.01M (Peak 536.01M) | Time:00:01.08 | Mem:0.00M, Peak:0.00M | Scene, ViewLayer | Synchronizing object | Bottle holder wire upright.044
Fra:1 Mem:536.02M (Peak 536.02M) | Time:00:01.08 | Mem:0.00M, Peak:0.00M | Scene, ViewLayer | Synchronizing object | STUDIO fastening clip.034
Fra:1 Mem:536.03M (Peak 536.03M) | Time:00:01.08 | Mem:0.00M, Peak:0.00M | Scene, ViewLayer | Synchronizing object | Bottle holder wire upright.045
Fra:1 Mem:536.03M (Peak 536.03M) | Time:00:01.08 | Mem:0.00M, Peak:0.00M | Scene, ViewLayer | Synchronizing object | Bottle holder wire upright.046
Fra:1 Mem:536.03M (Peak 536.03M) | Time:00:01.08 | Mem:0.00M, Peak:0.00M | Scene, ViewLayer | Synchronizing object | STUDIO rail pad.017
Fra:1 Mem:536.04M (Peak 536.04M) | Time:00:01.08 | Mem:0.00M, Peak:0.00M | Scene, ViewLayer | Synchronizing object | Bottle holder wire upright.047
Fra:1 Mem:536.04M (Peak 536.04M) | Time:00:01.08 | Mem:0.00M, Peak:0.00M | Scene, ViewLayer | Synchronizing object | Bottle basket bottom wire.022
Fra:1 Mem:536.04M (Peak 536.04M) | Time:00:01.08 | Mem:0.00M, Peak:0.00M | Scene, ViewLayer | Synchronizing object | Bottle holder wall mounting plate.011
Fra:1 Mem:536.05M (Peak 536.05M) | Time:00:01.08 | Mem:0.00M, Peak:0.00M | Scene, ViewLayer | Synchronizing object | Bottle basket wall standoff.022
Fra:1 Mem:536.05M (Peak 536.05M) | Time:00:01.08 | Mem:0.00M, Peak:0.00M | Scene, ViewLayer | Synchronizing object | Bottle holder fixing screw.022
Fra:1 Mem:536.06M (Peak 536.06M) | Time:00:01.08 | Mem:0.00M, Peak:0.00M | Scene, ViewLayer | Synchronizing object | Bottle basket wall standoff.023
Fra:1 Mem:536.06M (Peak 536.06M) | Time:00:01.08 | Mem:0.00M, Peak:0.00M | Scene, ViewLayer | Synchronizing object | Bottle holder fixing screw.023
Fra:1 Mem:536.06M (Peak 536.06M) | Time:00:01.08 | Mem:0.00M, Peak:0.00M | Scene, ViewLayer | Synchronizing object | STUDIO fastening clip.032
Fra:1 Mem:536.07M (Peak 536.07M) | Time:00:01.08 | Mem:0.00M, Peak:0.00M | Scene, ViewLayer | Synchronizing object | Upper berth guard mesh horizontal.052
Fra:1 Mem:536.08M (Peak 536.08M) | Time:00:01.08 | Mem:0.00M, Peak:0.00M | Scene, ViewLayer | Synchronizing object | STUDIO rail pad.016
Fra:1 Mem:536.07M (Peak 536.08M) | Time:00:01.08 | Mem:0.00M, Peak:0.00M | Scene, ViewLayer | Synchronizing object | Upper berth guard mesh horizontal.053
Fra:1 Mem:536.07M (Peak 536.08M) | Time:00:01.09 | Mem:0.00M, Peak:0.00M | Scene, ViewLayer | Synchronizing object | Upper berth guard mesh horizontal.054
Fra:1 Mem:536.07M (Peak 536.08M) | Time:00:01.09 | Mem:0.00M, Peak:0.00M | Scene, ViewLayer | Synchronizing object | Upper berth safety rail.030
Fra:1 Mem:536.08M (Peak 536.08M) | Time:00:01.09 | Mem:0.00M, Peak:0.00M | Scene, ViewLayer | Synchronizing object | Upper berth safety rail.031
Fra:1 Mem:536.08M (Peak 536.08M) | Time:00:01.09 | Mem:0.00M, Peak:0.00M | Scene, ViewLayer | Synchronizing object | Upper berth safety rail.032
Fra:1 Mem:536.08M (Peak 536.08M) | Time:00:01.09 | Mem:0.00M, Peak:0.00M | Scene, ViewLayer | Synchronizing object | STUDIO sleeper.008
Fra:1 Mem:536.09M (Peak 536.09M) | Time:00:01.09 | Mem:0.00M, Peak:0.00M | Scene, ViewLayer | Synchronizing object | Middle berth retention latch.020
Fra:1 Mem:536.11M (Peak 536.11M) | Time:00:01.09 | Mem:0.00M, Peak:0.00M | Scene, ViewLayer | Synchronizing object | STUDIO fastening clip.031
Fra:1 Mem:536.12M (Peak 536.12M) | Time:00:01.09 | Mem:0.00M, Peak:0.00M | Scene, ViewLayer | Synchronizing object | Parked berth support chain link.181
Fra:1 Mem:536.12M (Peak 536.12M) | Time:00:01.09 | Mem:0.00M, Peak:0.00M | Scene, ViewLayer | Synchronizing object | STUDIO fastening clip.030
Fra:1 Mem:536.12M (Peak 536.12M) | Time:00:01.09 | Mem:0.00M, Peak:0.00M | Scene, ViewLayer | Synchronizing object | STUDIO rail pad.015
Fra:1 Mem:536.12M (Peak 536.12M) | Time:00:01.09 | Mem:0.00M, Peak:0.00M | Scene, ViewLayer | Synchronizing object | STUDIO fastening clip.029
Fra:1 Mem:536.12M (Peak 536.12M) | Time:00:01.09 | Mem:0.00M, Peak:0.00M | Scene, ViewLayer | Synchronizing object | STUDIO fastening clip.028
Fra:1 Mem:536.15M (Peak 536.15M) | Time:00:01.09 | Mem:0.00M, Peak:0.00M | Scene, ViewLayer | Synchronizing object | STUDIO rail pad.014
Fra:1 Mem:536.16M (Peak 536.16M) | Time:00:01.09 | Mem:0.00M, Peak:0.00M | Scene, ViewLayer | Synchronizing object | Parked berth support chain link.184
Fra:1 Mem:536.17M (Peak 536.17M) | Time:00:01.09 | Mem:0.00M, Peak:0.00M | Scene, ViewLayer | Synchronizing object | STUDIO sleeper.007
Fra:1 Mem:536.18M (Peak 536.18M) | Time:00:01.09 | Mem:0.00M, Peak:0.00M | Scene, ViewLayer | Synchronizing object | Parked berth support chain link.185
Fra:1 Mem:536.21M (Peak 536.21M) | Time:00:01.09 | Mem:0.00M, Peak:0.00M | Scene, ViewLayer | Synchronizing object | STUDIO fastening clip.027
Fra:1 Mem:536.21M (Peak 536.21M) | Time:00:01.09 | Mem:0.00M, Peak:0.00M | Scene, ViewLayer | Synchronizing object | Parked berth support chain link.186
Fra:1 Mem:536.24M (Peak 536.24M) | Time:00:01.09 | Mem:0.00M, Peak:0.00M | Scene, ViewLayer | Synchronizing object | Parked berth support chain link.187
Fra:1 Mem:536.24M (Peak 536.24M) | Time:00:01.09 | Mem:0.00M, Peak:0.00M | Scene, ViewLayer | Synchronizing object | STUDIO fastening clip.026
Fra:1 Mem:536.26M (Peak 536.26M) | Time:00:01.09 | Mem:0.00M, Peak:0.00M | Scene, ViewLayer | Synchronizing object | STUDIO rail pad.013
Fra:1 Mem:536.27M (Peak 536.27M) | Time:00:01.09 | Mem:0.00M, Peak:0.00M | Scene, ViewLayer | Synchronizing object | Middle berth folding hinge axle.021
Fra:1 Mem:536.27M (Peak 536.27M) | Time:00:01.09 | Mem:0.00M, Peak:0.00M | Scene, ViewLayer | Synchronizing object | Middle berth retention latch.021
Fra:1 Mem:536.28M (Peak 536.28M) | Time:00:01.09 | Mem:0.00M, Peak:0.00M | Scene, ViewLayer | Synchronizing object | STUDIO fastening clip.025
Fra:1 Mem:536.29M (Peak 536.29M) | Time:00:01.09 | Mem:0.00M, Peak:0.00M | Scene, ViewLayer | Synchronizing object | Parked berth support chain link.190
Fra:1 Mem:536.30M (Peak 536.30M) | Time:00:01.09 | Mem:0.00M, Peak:0.00M | Scene, ViewLayer | Synchronizing object | STUDIO fastening clip.024
Fra:1 Mem:536.34M (Peak 536.34M) | Time:00:01.09 | Mem:0.00M, Peak:0.00M | Scene, ViewLayer | Synchronizing object | STUDIO rail pad.012
Fra:1 Mem:536.34M (Peak 536.34M) | Time:00:01.09 | Mem:0.00M, Peak:0.00M | Scene, ViewLayer | Synchronizing object | Parked berth support chain link.193
Fra:1 Mem:536.35M (Peak 536.35M) | Time:00:01.09 | Mem:0.00M, Peak:0.00M | Scene, ViewLayer | Synchronizing object | STUDIO sleeper.006
Fra:1 Mem:536.39M (Peak 536.39M) | Time:00:01.09 | Mem:0.00M, Peak:0.00M | Scene, ViewLayer | Synchronizing object | STUDIO fastening clip.023
Fra:1 Mem:536.40M (Peak 536.40M) | Time:00:01.09 | Mem:0.00M, Peak:0.00M | Scene, ViewLayer | Synchronizing object | Parked berth support chain link.194
Fra:1 Mem:536.40M (Peak 536.40M) | Time:00:01.09 | Mem:0.00M, Peak:0.00M | Scene, ViewLayer | Synchronizing object | Parked berth support chain link.195
Fra:1 Mem:536.41M (Peak 536.41M) | Time:00:01.09 | Mem:0.00M, Peak:0.00M | Scene, ViewLayer | Synchronizing object | STUDIO fastening clip.022
Fra:1 Mem:536.45M (Peak 536.45M) | Time:00:01.09 | Mem:0.00M, Peak:0.00M | Scene, ViewLayer | Synchronizing object | STUDIO rail pad.011
Fra:1 Mem:536.45M (Peak 536.45M) | Time:00:01.09 | Mem:0.00M, Peak:0.00M | Scene, ViewLayer | Synchronizing object | Parked berth support chain link.197
Fra:1 Mem:536.47M (Peak 536.47M) | Time:00:01.09 | Mem:0.00M, Peak:0.00M | Scene, ViewLayer | Synchronizing object | STUDIO fastening clip.021
Fra:1 Mem:536.48M (Peak 536.48M) | Time:00:01.09 | Mem:0.00M, Peak:0.00M | Scene, ViewLayer | Synchronizing object | Berth individual moulded control plate.010
Fra:1 Mem:536.48M (Peak 536.48M) | Time:00:01.09 | Mem:0.00M, Peak:0.00M | Scene, ViewLayer | Synchronizing object | Berth toggle switch.021
Fra:1 Mem:536.50M (Peak 536.50M) | Time:00:01.09 | Mem:0.00M, Peak:0.00M | Scene, ViewLayer | Synchronizing object | Upper berth guard mesh horizontal.055
Fra:1 Mem:536.50M (Peak 536.50M) | Time:00:01.09 | Mem:0.00M, Peak:0.00M | Scene, ViewLayer | Synchronizing object | Upper berth guard mesh horizontal.056
Fra:1 Mem:536.51M (Peak 536.51M) | Time:00:01.09 | Mem:0.00M, Peak:0.00M | Scene, ViewLayer | Synchronizing object | Upper berth guard mesh horizontal.058
Fra:1 Mem:536.51M (Peak 536.51M) | Time:00:01.09 | Mem:0.00M, Peak:0.00M | Scene, ViewLayer | Synchronizing object | Upper berth guard mesh horizontal.059
Fra:1 Mem:536.51M (Peak 536.51M) | Time:00:01.09 | Mem:0.00M, Peak:0.00M | Scene, ViewLayer | Synchronizing object | Upper berth safety rail.033
Fra:1 Mem:536.52M (Peak 536.52M) | Time:00:01.09 | Mem:0.00M, Peak:0.00M | Scene, ViewLayer | Synchronizing object | STUDIO rail pad.010
Fra:1 Mem:536.52M (Peak 536.52M) | Time:00:01.09 | Mem:0.00M, Peak:0.00M | Scene, ViewLayer | Synchronizing object | Upper berth safety rail.034
Fra:1 Mem:536.52M (Peak 536.52M) | Time:00:01.09 | Mem:0.00M, Peak:0.00M | Scene, ViewLayer | Synchronizing object | Upper berth safety rail.035
Fra:1 Mem:536.52M (Peak 536.52M) | Time:00:01.09 | Mem:0.00M, Peak:0.00M | Scene, ViewLayer | Synchronizing object | STUDIO sleeper.005
Fra:1 Mem:536.53M (Peak 536.53M) | Time:00:01.09 | Mem:0.00M, Peak:0.00M | Scene, ViewLayer | Synchronizing object | Middle berth retention latch.022
Fra:1 Mem:536.54M (Peak 536.54M) | Time:00:01.09 | Mem:0.00M, Peak:0.00M | Scene, ViewLayer | Synchronizing object | STUDIO fastening clip.019
Fra:1 Mem:536.54M (Peak 536.54M) | Time:00:01.09 | Mem:0.00M, Peak:0.00M | Scene, ViewLayer | Synchronizing object | Parked berth support chain link.198
Fra:1 Mem:536.54M (Peak 536.54M) | Time:00:01.09 | Mem:0.00M, Peak:0.00M | Scene, ViewLayer | Synchronizing object | Parked berth support chain link.200
Fra:1 Mem:536.55M (Peak 536.55M) | Time:00:01.09 | Mem:0.00M, Peak:0.00M | Scene, ViewLayer | Synchronizing object | STUDIO fastening clip.018
Fra:1 Mem:536.58M (Peak 536.58M) | Time:00:01.09 | Mem:0.00M, Peak:0.00M | Scene, ViewLayer | Synchronizing object | STUDIO rail pad.009
Fra:1 Mem:536.58M (Peak 536.58M) | Time:00:01.09 | Mem:0.00M, Peak:0.00M | Scene, ViewLayer | Synchronizing object | Parked berth support chain link.201
Fra:1 Mem:536.59M (Peak 536.59M) | Time:00:01.09 | Mem:0.00M, Peak:0.00M | Scene, ViewLayer | Synchronizing object | Parked berth support chain link.202
Fra:1 Mem:536.60M (Peak 536.60M) | Time:00:01.09 | Mem:0.00M, Peak:0.00M | Scene, ViewLayer | Synchronizing object | STUDIO fastening clip.017
Fra:1 Mem:536.62M (Peak 536.62M) | Time:00:01.09 | Mem:0.00M, Peak:0.00M | Scene, ViewLayer | Synchronizing object | STUDIO fastening clip.016
Fra:1 Mem:536.62M (Peak 536.62M) | Time:00:01.09 | Mem:0.00M, Peak:0.00M | Scene, ViewLayer | Synchronizing object | Parked berth support chain link.203
Fra:1 Mem:536.63M (Peak 536.63M) | Time:00:01.09 | Mem:0.00M, Peak:0.00M | Scene, ViewLayer | Synchronizing object | Parked berth support chain link.204
Fra:1 Mem:536.64M (Peak 536.64M) | Time:00:01.09 | Mem:0.00M, Peak:0.00M | Scene, ViewLayer | Synchronizing object | STUDIO rail pad.008
Fra:1 Mem:536.66M (Peak 536.66M) | Time:00:01.09 | Mem:0.00M, Peak:0.00M | Scene, ViewLayer | Synchronizing object | Parked berth support chain link.205
Fra:1 Mem:536.67M (Peak 536.67M) | Time:00:01.09 | Mem:0.00M, Peak:0.00M | Scene, ViewLayer | Synchronizing object | STUDIO sleeper.004
Fra:1 Mem:536.68M (Peak 536.68M) | Time:00:01.09 | Mem:0.00M, Peak:0.00M | Scene, ViewLayer | Synchronizing object | Parked berth support chain link.206
Fra:1 Mem:536.70M (Peak 536.70M) | Time:00:01.09 | Mem:0.00M, Peak:0.00M | Scene, ViewLayer | Synchronizing object | STUDIO fastening clip.015
Fra:1 Mem:536.72M (Peak 536.72M) | Time:00:01.09 | Mem:0.00M, Peak:0.00M | Scene, ViewLayer | Synchronizing object | STUDIO fastening clip.014
Fra:1 Mem:536.72M (Peak 536.72M) | Time:00:01.09 | Mem:0.00M, Peak:0.00M | Scene, ViewLayer | Synchronizing object | Parked berth support chain link.207
Fra:1 Mem:536.74M (Peak 536.74M) | Time:00:01.09 | Mem:0.00M, Peak:0.00M | Scene, ViewLayer | Synchronizing object | Parked berth support chain link.208
Fra:1 Mem:536.75M (Peak 536.75M) | Time:00:01.09 | Mem:0.00M, Peak:0.00M | Scene, ViewLayer | Synchronizing object | STUDIO rail pad.007
Fra:1 Mem:536.77M (Peak 536.77M) | Time:00:01.09 | Mem:0.00M, Peak:0.00M | Scene, ViewLayer | Synchronizing object | STUDIO fastening clip.013
Fra:1 Mem:536.78M (Peak 536.78M) | Time:00:01.09 | Mem:0.00M, Peak:0.00M | Scene, ViewLayer | Synchronizing object | Parked berth support chain link.210
Fra:1 Mem:536.79M (Peak 536.79M) | Time:00:01.09 | Mem:0.00M, Peak:0.00M | Scene, ViewLayer | Synchronizing object | Parked berth support chain link.211
Fra:1 Mem:536.81M (Peak 536.81M) | Time:00:01.09 | Mem:0.00M, Peak:0.00M | Scene, ViewLayer | Synchronizing object | STUDIO fastening clip.012
Fra:1 Mem:536.83M (Peak 536.83M) | Time:00:01.09 | Mem:0.00M, Peak:0.00M | Scene, ViewLayer | Synchronizing object | STUDIO rail pad.006
Fra:1 Mem:536.84M (Peak 536.84M) | Time:00:01.09 | Mem:0.00M, Peak:0.00M | Scene, ViewLayer | Synchronizing object | Parked berth support chain link.212
Fra:1 Mem:536.84M (Peak 536.84M) | Time:00:01.09 | Mem:0.00M, Peak:0.00M | Scene, ViewLayer | Synchronizing object | Parked berth support chain link.213
Fra:1 Mem:536.85M (Peak 536.85M) | Time:00:01.09 | Mem:0.00M, Peak:0.00M | Scene, ViewLayer | Synchronizing object | Parked berth support chain link.214
Fra:1 Mem:536.87M (Peak 536.87M) | Time:00:01.09 | Mem:0.00M, Peak:0.00M | Scene, ViewLayer | Synchronizing object | STUDIO sleeper.003
Fra:1 Mem:536.89M (Peak 536.89M) | Time:00:01.09 | Mem:0.00M, Peak:0.00M | Scene, ViewLayer | Synchronizing object | STUDIO fastening clip.011
Fra:1 Mem:536.90M (Peak 536.90M) | Time:00:01.09 | Mem:0.00M, Peak:0.00M | Scene, ViewLayer | Synchronizing object | Parked berth support chain link.215
Fra:1 Mem:536.89M (Peak 536.90M) | Time:00:01.09 | Mem:0.00M, Peak:0.00M | Scene, ViewLayer | Synchronizing object | Berth individual moulded control plate.011
Fra:1 Mem:536.92M (Peak 536.92M) | Time:00:01.09 | Mem:0.00M, Peak:0.00M | Scene, ViewLayer | Synchronizing object | STUDIO fastening clip.010
Fra:1 Mem:536.92M (Peak 536.92M) | Time:00:01.09 | Mem:0.00M, Peak:0.00M | Scene, ViewLayer | Synchronizing object | Berth toggle switch.022
Fra:1 Mem:536.93M (Peak 536.93M) | Time:00:01.09 | Mem:0.00M, Peak:0.00M | Scene, ViewLayer | Synchronizing object | Bay coat hook.005
Fra:1 Mem:536.93M (Peak 536.93M) | Time:00:01.09 | Mem:0.00M, Peak:0.00M | Scene, ViewLayer | Synchronizing object | STUDIO rail pad.005
Fra:1 Mem:536.95M (Peak 536.95M) | Time:00:01.09 | Mem:0.00M, Peak:0.00M | Scene, ViewLayer | Synchronizing object | Window table wall hinge.005
Fra:1 Mem:536.95M (Peak 536.95M) | Time:00:01.09 | Mem:0.00M, Peak:0.00M | Scene, ViewLayer | Synchronizing object | Bottle holder rolled hoop.024
Fra:1 Mem:536.96M (Peak 536.96M) | Time:00:01.09 | Mem:0.00M, Peak:0.00M | Scene, ViewLayer | Synchronizing object | STUDIO fastening clip.009
Fra:1 Mem:536.96M (Peak 536.96M) | Time:00:01.09 | Mem:0.00M, Peak:0.00M | Scene, ViewLayer | Synchronizing object | Bottle holder wire upright.048
Fra:1 Mem:537.00M (Peak 537.00M) | Time:00:01.09 | Mem:0.00M, Peak:0.00M | Scene, ViewLayer | Synchronizing object | Bottle holder wire upright.049
Fra:1 Mem:537.01M (Peak 537.01M) | Time:00:01.09 | Mem:0.00M, Peak:0.00M | Scene, ViewLayer | Synchronizing object | STUDIO fastening clip.008
Fra:1 Mem:537.01M (Peak 537.01M) | Time:00:01.09 | Mem:0.00M, Peak:0.00M | Scene, ViewLayer | Synchronizing object | Bottle holder wire upright.050
Fra:1 Mem:537.02M (Peak 537.02M) | Time:00:01.09 | Mem:0.00M, Peak:0.00M | Scene, ViewLayer | Synchronizing object | STUDIO rail pad.004
Fra:1 Mem:537.02M (Peak 537.02M) | Time:00:01.09 | Mem:0.00M, Peak:0.00M | Scene, ViewLayer | Synchronizing object | Bottle basket bottom wire.025
Fra:1 Mem:537.03M (Peak 537.03M) | Time:00:01.09 | Mem:0.00M, Peak:0.00M | Scene, ViewLayer | Synchronizing object | STUDIO sleeper.002
Fra:1 Mem:537.03M (Peak 537.03M) | Time:00:01.09 | Mem:0.00M, Peak:0.00M | Scene, ViewLayer | Synchronizing object | Bottle holder wall mounting plate.012
Fra:1 Mem:537.03M (Peak 537.03M) | Time:00:01.09 | Mem:0.00M, Peak:0.00M | Scene, ViewLayer | Synchronizing object | Bottle basket wall standoff.024
Fra:1 Mem:537.04M (Peak 537.04M) | Time:00:01.09 | Mem:0.00M, Peak:0.00M | Scene, ViewLayer | Synchronizing object | STUDIO fastening clip.007
Fra:1 Mem:537.04M (Peak 537.04M) | Time:00:01.09 | Mem:0.00M, Peak:0.00M | Scene, ViewLayer | Synchronizing object | Bottle holder fixing screw.024
Fra:1 Mem:537.04M (Peak 537.04M) | Time:00:01.09 | Mem:0.00M, Peak:0.00M | Scene, ViewLayer | Synchronizing object | Bottle basket wall standoff.025
Fra:1 Mem:537.05M (Peak 537.05M) | Time:00:01.09 | Mem:0.00M, Peak:0.00M | Scene, ViewLayer | Synchronizing object | Bottle holder fixing screw.025
Fra:1 Mem:537.05M (Peak 537.05M) | Time:00:01.09 | Mem:0.00M, Peak:0.00M | Scene, ViewLayer | Synchronizing object | STUDIO fastening clip.006
Fra:1 Mem:537.05M (Peak 537.05M) | Time:00:01.09 | Mem:0.00M, Peak:0.00M | Scene, ViewLayer | Synchronizing object | Bottle holder rolled hoop.027
Fra:1 Mem:537.06M (Peak 537.06M) | Time:00:01.09 | Mem:0.00M, Peak:0.00M | Scene, ViewLayer | Synchronizing object | Bottle holder wire upright.052
Fra:1 Mem:537.07M (Peak 537.07M) | Time:00:01.09 | Mem:0.00M, Peak:0.00M | Scene, ViewLayer | Synchronizing object | STUDIO rail pad.003
Fra:1 Mem:537.08M (Peak 537.08M) | Time:00:01.09 | Mem:0.00M, Peak:0.00M | Scene, ViewLayer | Synchronizing object | Bottle holder wire upright.053
Fra:1 Mem:537.09M (Peak 537.09M) | Time:00:01.09 | Mem:0.00M, Peak:0.00M | Scene, ViewLayer | Synchronizing object | STUDIO fastening clip.005
Fra:1 Mem:537.09M (Peak 537.09M) | Time:00:01.09 | Mem:0.00M, Peak:0.00M | Scene, ViewLayer | Synchronizing object | Bottle holder wire upright.054
Fra:1 Mem:537.09M (Peak 537.09M) | Time:00:01.09 | Mem:0.00M, Peak:0.00M | Scene, ViewLayer | Synchronizing object | STUDIO fastening clip.004
Fra:1 Mem:537.09M (Peak 537.09M) | Time:00:01.09 | Mem:0.00M, Peak:0.00M | Scene, ViewLayer | Synchronizing object | Bottle holder wire upright.055
Fra:1 Mem:537.09M (Peak 537.09M) | Time:00:01.09 | Mem:0.00M, Peak:0.00M | Scene, ViewLayer | Synchronizing object | STUDIO rail pad.002
Fra:1 Mem:537.09M (Peak 537.09M) | Time:00:01.09 | Mem:0.00M, Peak:0.00M | Scene, ViewLayer | Synchronizing object | Bottle basket bottom wire.027
Fra:1 Mem:537.09M (Peak 537.09M) | Time:00:01.09 | Mem:0.00M, Peak:0.00M | Scene, ViewLayer | Synchronizing object | STUDIO sleeper.001
Fra:1 Mem:537.10M (Peak 537.10M) | Time:00:01.09 | Mem:0.00M, Peak:0.00M | Scene, ViewLayer | Synchronizing object | Bottle holder wall mounting plate.013
Fra:1 Mem:537.10M (Peak 537.10M) | Time:00:01.09 | Mem:0.00M, Peak:0.00M | Scene, ViewLayer | Synchronizing object | STUDIO fastening clip.003
Fra:1 Mem:537.11M (Peak 537.11M) | Time:00:01.09 | Mem:0.00M, Peak:0.00M | Scene, ViewLayer | Synchronizing object | Bottle basket wall standoff.026
Fra:1 Mem:537.11M (Peak 537.11M) | Time:00:01.09 | Mem:0.00M, Peak:0.00M | Scene, ViewLayer | Synchronizing object | STUDIO fastening clip.002
Fra:1 Mem:537.11M (Peak 537.11M) | Time:00:01.09 | Mem:0.00M, Peak:0.00M | Scene, ViewLayer | Synchronizing object | Bottle basket wall standoff.027
Fra:1 Mem:537.12M (Peak 537.12M) | Time:00:01.09 | Mem:0.00M, Peak:0.00M | Scene, ViewLayer | Synchronizing object | Bottle holder fixing screw.027
Fra:1 Mem:537.14M (Peak 537.14M) | Time:00:01.09 | Mem:0.00M, Peak:0.00M | Scene, ViewLayer | Synchronizing object | Upper berth guard mesh horizontal.060
Fra:1 Mem:537.14M (Peak 537.14M) | Time:00:01.09 | Mem:0.00M, Peak:0.00M | Scene, ViewLayer | Synchronizing object | Upper berth guard mesh horizontal.061
Fra:1 Mem:537.15M (Peak 537.15M) | Time:00:01.09 | Mem:0.00M, Peak:0.00M | Scene, ViewLayer | Synchronizing object | Upper berth guard mesh horizontal.062
Fra:1 Mem:537.15M (Peak 537.15M) | Time:00:01.09 | Mem:0.00M, Peak:0.00M | Scene, ViewLayer | Synchronizing object | Upper berth guard mesh horizontal.063
Fra:1 Mem:537.15M (Peak 537.15M) | Time:00:01.09 | Mem:0.00M, Peak:0.00M | Scene, ViewLayer | Synchronizing object | Upper berth guard mesh horizontal.064
Fra:1 Mem:537.16M (Peak 537.16M) | Time:00:01.09 | Mem:0.00M, Peak:0.00M | Scene, ViewLayer | Synchronizing object | Upper berth safety rail.036
Fra:1 Mem:537.16M (Peak 537.16M) | Time:00:01.09 | Mem:0.00M, Peak:0.00M | Scene, ViewLayer | Synchronizing object | Upper berth safety rail.037
Fra:1 Mem:537.18M (Peak 537.18M) | Time:00:01.09 | Mem:0.00M, Peak:0.00M | Scene, ViewLayer | Synchronizing object | STUDIO fastening clip.001
Fra:1 Mem:537.16M (Peak 537.18M) | Time:00:01.09 | Mem:0.00M, Peak:0.00M | Scene, ViewLayer | Synchronizing object | Middle berth folding hinge axle.024
Fra:1 Mem:537.17M (Peak 537.18M) | Time:00:01.09 | Mem:0.00M, Peak:0.00M | Scene, ViewLayer | Synchronizing object | Middle berth retention latch.024
Fra:1 Mem:537.18M (Peak 537.18M) | Time:00:01.09 | Mem:0.00M, Peak:0.00M | Scene, ViewLayer | Synchronizing object | STUDIO fastening clip
Fra:1 Mem:537.18M (Peak 537.18M) | Time:00:01.09 | Mem:0.00M, Peak:0.00M | Scene, ViewLayer | Synchronizing object | Parked berth support chain link.216
Fra:1 Mem:537.19M (Peak 537.19M) | Time:00:01.09 | Mem:0.00M, Peak:0.00M | Scene, ViewLayer | Synchronizing object | Parked berth support chain link.217
Fra:1 Mem:537.20M (Peak 537.20M) | Time:00:01.09 | Mem:0.00M, Peak:0.00M | Scene, ViewLayer | Synchronizing object | STUDIO rail pad
Fra:1 Mem:537.23M (Peak 537.23M) | Time:00:01.09 | Mem:0.00M, Peak:0.00M | Scene, ViewLayer | Synchronizing object | STUDIO sleeper
Fra:1 Mem:537.24M (Peak 537.24M) | Time:00:01.09 | Mem:0.00M, Peak:0.00M | Scene, ViewLayer | Synchronizing object | Parked berth support chain link.219
Fra:1 Mem:537.25M (Peak 537.25M) | Time:00:01.09 | Mem:0.00M, Peak:0.00M | Scene, ViewLayer | Synchronizing object | STUDIO rail base.001
Fra:1 Mem:537.26M (Peak 537.26M) | Time:00:01.09 | Mem:0.00M, Peak:0.00M | Scene, ViewLayer | Synchronizing object | Parked berth support chain link.220
Fra:1 Mem:537.27M (Peak 537.27M) | Time:00:01.09 | Mem:0.00M, Peak:0.00M | Scene, ViewLayer | Synchronizing object | STUDIO rail web.001
Fra:1 Mem:537.28M (Peak 537.28M) | Time:00:01.09 | Mem:0.00M, Peak:0.00M | Scene, ViewLayer | Synchronizing object | Parked berth support chain link.221
Fra:1 Mem:537.29M (Peak 537.29M) | Time:00:01.09 | Mem:0.00M, Peak:0.00M | Scene, ViewLayer | Synchronizing object | STUDIO rail head.001
Fra:1 Mem:537.29M (Peak 537.29M) | Time:00:01.09 | Mem:0.00M, Peak:0.00M | Scene, ViewLayer | Synchronizing object | Parked berth support chain link.223
Fra:1 Mem:537.33M (Peak 537.33M) | Time:00:01.09 | Mem:0.00M, Peak:0.00M | Scene, ViewLayer | Synchronizing object | STUDIO rail base
Fra:1 Mem:537.34M (Peak 537.34M) | Time:00:01.09 | Mem:0.00M, Peak:0.00M | Scene, ViewLayer | Synchronizing object | Parked berth support chain link.224
Fra:1 Mem:537.34M (Peak 537.34M) | Time:00:01.09 | Mem:0.00M, Peak:0.00M | Scene, ViewLayer | Synchronizing object | Middle berth retention latch.025
Fra:1 Mem:537.36M (Peak 537.36M) | Time:00:01.09 | Mem:0.00M, Peak:0.00M | Scene, ViewLayer | Synchronizing object | Parked berth support chain link.225
Fra:1 Mem:537.38M (Peak 537.38M) | Time:00:01.09 | Mem:0.00M, Peak:0.00M | Scene, ViewLayer | Synchronizing object | STUDIO rail head
Fra:1 Mem:537.39M (Peak 537.39M) | Time:00:01.09 | Mem:0.00M, Peak:0.00M | Scene, ViewLayer | Synchronizing object | Parked berth support chain link.226
Fra:1 Mem:537.40M (Peak 537.40M) | Time:00:01.09 | Mem:0.00M, Peak:0.00M | Scene, ViewLayer | Synchronizing object | STUDIO ground
Fra:1 Mem:537.40M (Peak 537.40M) | Time:00:01.09 | Mem:0.00M, Peak:0.00M | Scene, ViewLayer | Synchronizing object | Parked berth support chain link.228
Fra:1 Mem:537.45M (Peak 537.45M) | Time:00:01.09 | Mem:0.00M, Peak:0.00M | Scene, ViewLayer | Synchronizing object | Extinguisher fine print line.009
Fra:1 Mem:537.46M (Peak 537.46M) | Time:00:01.09 | Mem:0.00M, Peak:0.00M | Scene, ViewLayer | Synchronizing object | Parked berth support chain link.229
Fra:1 Mem:537.46M (Peak 537.46M) | Time:00:01.09 | Mem:0.00M, Peak:0.00M | Scene, ViewLayer | Synchronizing object | Extinguisher fine print line.008
Fra:1 Mem:537.47M (Peak 537.47M) | Time:00:01.09 | Mem:0.00M, Peak:0.00M | Scene, ViewLayer | Synchronizing object | Parked berth support chain link.231
Fra:1 Mem:537.48M (Peak 537.48M) | Time:00:01.09 | Mem:0.00M, Peak:0.00M | Scene, ViewLayer | Synchronizing object | Extinguisher fine print line.007
Fra:1 Mem:537.49M (Peak 537.49M) | Time:00:01.09 | Mem:0.00M, Peak:0.00M | Scene, ViewLayer | Synchronizing object | Parked berth support chain link.232
Fra:1 Mem:537.51M (Peak 537.51M) | Time:00:01.09 | Mem:0.00M, Peak:0.00M | Scene, ViewLayer | Synchronizing object | Extinguisher fine print line.006
Fra:1 Mem:537.54M (Peak 537.54M) | Time:00:01.09 | Mem:0.00M, Peak:0.00M | Scene, ViewLayer | Synchronizing object | Extinguisher fine print line.005
Fra:1 Mem:537.54M (Peak 537.54M) | Time:00:01.09 | Mem:0.00M, Peak:0.00M | Scene, ViewLayer | Synchronizing object | Berth individual moulded control plate.012
Fra:1 Mem:537.54M (Peak 537.54M) | Time:00:01.09 | Mem:0.00M, Peak:0.00M | Scene, ViewLayer | Synchronizing object | Berth toggle switch.024
Fra:1 Mem:537.57M (Peak 537.57M) | Time:00:01.09 | Mem:0.00M, Peak:0.00M | Scene, ViewLayer | Synchronizing object | Extinguisher instruction label.001
Fra:1 Mem:537.58M (Peak 537.58M) | Time:00:01.09 | Mem:0.00M, Peak:0.00M | Scene, ViewLayer | Synchronizing object | Upper berth guard mesh horizontal.066
Fra:1 Mem:537.59M (Peak 537.59M) | Time:00:01.09 | Mem:0.00M, Peak:0.00M | Scene, ViewLayer | Synchronizing object | Upper berth guard mesh horizontal.067
Fra:1 Mem:537.59M (Peak 537.59M) | Time:00:01.09 | Mem:0.00M, Peak:0.00M | Scene, ViewLayer | Synchronizing object | Upper berth guard mesh horizontal.069
Fra:1 Mem:537.61M (Peak 537.61M) | Time:00:01.09 | Mem:0.00M, Peak:0.00M | Scene, ViewLayer | Synchronizing object | Extinguisher mounting strap.003
Fra:1 Mem:537.61M (Peak 537.61M) | Time:00:01.09 | Mem:0.00M, Peak:0.00M | Scene, ViewLayer | Synchronizing object | Upper berth safety rail.039
Fra:1 Mem:537.61M (Peak 537.61M) | Time:00:01.09 | Mem:0.00M, Peak:0.00M | Scene, ViewLayer | Synchronizing object | Upper berth safety rail.041
Fra:1 Mem:537.64M (Peak 537.64M) | Time:00:01.09 | Mem:0.00M, Peak:0.00M | Scene, ViewLayer | Synchronizing object | Middle berth folding hinge axle.026
Fra:1 Mem:537.65M (Peak 537.65M) | Time:00:01.09 | Mem:0.00M, Peak:0.00M | Scene, ViewLayer | Synchronizing object | Parked berth support chain link.234
Fra:1 Mem:537.67M (Peak 537.67M) | Time:00:01.09 | Mem:0.00M, Peak:0.00M | Scene, ViewLayer | Synchronizing object | Parked berth support chain link.235
Fra:1 Mem:537.70M (Peak 537.70M) | Time:00:01.09 | Mem:0.00M, Peak:0.00M | Scene, ViewLayer | Synchronizing object | Parked berth support chain link.236
Fra:1 Mem:537.73M (Peak 537.73M) | Time:00:01.09 | Mem:0.00M, Peak:0.00M | Scene, ViewLayer | Synchronizing object | Parked berth support chain link.237
Fra:1 Mem:537.73M (Peak 537.73M) | Time:00:01.09 | Mem:0.00M, Peak:0.00M | Scene, ViewLayer | Synchronizing object | Parked berth support chain link.238
Fra:1 Mem:537.75M (Peak 537.75M) | Time:00:01.09 | Mem:0.00M, Peak:0.00M | Scene, ViewLayer | Synchronizing object | Parked berth support chain link.239
Fra:1 Mem:537.79M (Peak 537.79M) | Time:00:01.09 | Mem:0.00M, Peak:0.00M | Scene, ViewLayer | Synchronizing object | Extinguisher mounting strap.002
Fra:1 Mem:537.82M (Peak 537.82M) | Time:00:01.09 | Mem:0.00M, Peak:0.00M | Scene, ViewLayer | Synchronizing object | Parked berth support chain link.240
Fra:1 Mem:537.83M (Peak 537.83M) | Time:00:01.09 | Mem:0.00M, Peak:0.00M | Scene, ViewLayer | Synchronizing object | Parked berth support chain link.241
Fra:1 Mem:537.88M (Peak 537.88M) | Time:00:01.09 | Mem:0.00M, Peak:0.00M | Scene, ViewLayer | Synchronizing object | Parked berth support chain link.242
Fra:1 Mem:537.89M (Peak 537.89M) | Time:00:01.09 | Mem:0.00M, Peak:0.00M | Scene, ViewLayer | Synchronizing object | Middle berth folding hinge axle.027
Fra:1 Mem:537.91M (Peak 537.91M) | Time:00:01.09 | Mem:0.00M, Peak:0.00M | Scene, ViewLayer | Synchronizing object | Middle berth retention latch.027
Fra:1 Mem:537.91M (Peak 537.91M) | Time:00:01.09 | Mem:0.00M, Peak:0.00M | Scene, ViewLayer | Synchronizing object | Parked berth support chain link.243
Fra:1 Mem:537.93M (Peak 537.93M) | Time:00:01.09 | Mem:0.00M, Peak:0.00M | Scene, ViewLayer | Synchronizing object | Extinguisher black hose.001
Fra:1 Mem:537.94M (Peak 537.94M) | Time:00:01.09 | Mem:0.00M, Peak:0.00M | Scene, ViewLayer | Synchronizing object | Parked berth support chain link.244
Fra:1 Mem:537.95M (Peak 537.95M) | Time:00:01.09 | Mem:0.00M, Peak:0.00M | Scene, ViewLayer | Synchronizing object | Parked berth support chain link.245
Fra:1 Mem:537.96M (Peak 537.96M) | Time:00:01.09 | Mem:0.00M, Peak:0.00M | Scene, ViewLayer | Synchronizing object | Extinguisher squeeze handle.001
Fra:1 Mem:537.99M (Peak 537.99M) | Time:00:01.09 | Mem:0.00M, Peak:0.00M | Scene, ViewLayer | Synchronizing object | Parked berth support chain link.246
Fra:1 Mem:538.00M (Peak 538.00M) | Time:00:01.09 | Mem:0.00M, Peak:0.00M | Scene, ViewLayer | Synchronizing object | Parked berth support chain link.247
Fra:1 Mem:538.00M (Peak 538.00M) | Time:00:01.09 | Mem:0.00M, Peak:0.00M | Scene, ViewLayer | Synchronizing object | Parked berth support chain link.248
Fra:1 Mem:538.03M (Peak 538.03M) | Time:00:01.09 | Mem:0.00M, Peak:0.00M | Scene, ViewLayer | Synchronizing object | Extinguisher valve neck.001
Fra:1 Mem:538.05M (Peak 538.05M) | Time:00:01.09 | Mem:0.00M, Peak:0.00M | Scene, ViewLayer | Synchronizing object | Parked berth support chain link.249
Fra:1 Mem:538.06M (Peak 538.06M) | Time:00:01.09 | Mem:0.00M, Peak:0.00M | Scene, ViewLayer | Synchronizing object | Parked berth support chain link.250
Fra:1 Mem:538.08M (Peak 538.08M) | Time:00:01.09 | Mem:0.00M, Peak:0.00M | Scene, ViewLayer | Synchronizing object | Vestibule fire extinguisher steel bottle.001
Fra:1 Mem:538.09M (Peak 538.09M) | Time:00:01.09 | Mem:0.00M, Peak:0.00M | Scene, ViewLayer | Synchronizing object | Parked berth support chain link.251
Fra:1 Mem:538.10M (Peak 538.10M) | Time:00:01.09 | Mem:0.00M, Peak:0.00M | Scene, ViewLayer | Synchronizing object | Berth individual moulded control plate.013
Fra:1 Mem:538.11M (Peak 538.11M) | Time:00:01.09 | Mem:0.00M, Peak:0.00M | Scene, ViewLayer | Synchronizing object | Berth toggle switch.026
Fra:1 Mem:538.14M (Peak 538.14M) | Time:00:01.09 | Mem:0.00M, Peak:0.00M | Scene, ViewLayer | Synchronizing object | Extinguisher steel mounting backplate.001
Fra:1 Mem:538.14M (Peak 538.14M) | Time:00:01.09 | Mem:0.00M, Peak:0.00M | Scene, ViewLayer | Synchronizing object | Berth toggle switch.027
Fra:1 Mem:538.15M (Peak 538.15M) | Time:00:01.09 | Mem:0.00M, Peak:0.00M | Scene, ViewLayer | Synchronizing object | Window table wall hinge.006
Fra:1 Mem:538.15M (Peak 538.15M) | Time:00:01.09 | Mem:0.00M, Peak:0.00M | Scene, ViewLayer | Synchronizing object | Extinguisher fine print line.004
Fra:1 Mem:538.16M (Peak 538.16M) | Time:00:01.09 | Mem:0.00M, Peak:0.00M | Scene, ViewLayer | Synchronizing object | Bottle holder rolled hoop.028
Fra:1 Mem:538.19M (Peak 538.19M) | Time:00:01.09 | Mem:0.00M, Peak:0.00M | Scene, ViewLayer | Synchronizing object | Extinguisher fine print line.003
Fra:1 Mem:538.19M (Peak 538.19M) | Time:00:01.09 | Mem:0.00M, Peak:0.00M | Scene, ViewLayer | Synchronizing object | Bottle holder wire upright.056
Fra:1 Mem:538.20M (Peak 538.20M) | Time:00:01.09 | Mem:0.00M, Peak:0.00M | Scene, ViewLayer | Synchronizing object | Extinguisher fine print line.002
Fra:1 Mem:538.22M (Peak 538.22M) | Time:00:01.09 | Mem:0.00M, Peak:0.00M | Scene, ViewLayer | Synchronizing object | Bottle holder wire upright.057
Fra:1 Mem:538.23M (Peak 538.23M) | Time:00:01.09 | Mem:0.00M, Peak:0.00M | Scene, ViewLayer | Synchronizing object | Extinguisher fine print line.001
Fra:1 Mem:538.23M (Peak 538.23M) | Time:00:01.09 | Mem:0.00M, Peak:0.00M | Scene, ViewLayer | Synchronizing object | Bottle holder wire upright.058
Fra:1 Mem:538.24M (Peak 538.24M) | Time:00:01.09 | Mem:0.00M, Peak:0.00M | Scene, ViewLayer | Synchronizing object | Bottle holder wire upright.059
Fra:1 Mem:538.24M (Peak 538.24M) | Time:00:01.09 | Mem:0.00M, Peak:0.00M | Scene, ViewLayer | Synchronizing object | Bottle basket bottom wire.028
Fra:1 Mem:538.24M (Peak 538.24M) | Time:00:01.09 | Mem:0.00M, Peak:0.00M | Scene, ViewLayer | Synchronizing object | Bottle basket bottom wire.029
Fra:1 Mem:538.24M (Peak 538.24M) | Time:00:01.09 | Mem:0.00M, Peak:0.00M | Scene, ViewLayer | Synchronizing object | Bottle holder wall mounting plate.014
Fra:1 Mem:538.24M (Peak 538.24M) | Time:00:01.09 | Mem:0.00M, Peak:0.00M | Scene, ViewLayer | Synchronizing object | Bottle holder fixing screw.028
Fra:1 Mem:538.24M (Peak 538.24M) | Time:00:01.09 | Mem:0.00M, Peak:0.00M | Scene, ViewLayer | Synchronizing object | Extinguisher instruction label
Fra:1 Mem:538.26M (Peak 538.26M) | Time:00:01.09 | Mem:0.00M, Peak:0.00M | Scene, ViewLayer | Synchronizing object | Bottle holder fixing screw.029
Fra:1 Mem:538.26M (Peak 538.26M) | Time:00:01.09 | Mem:0.00M, Peak:0.00M | Scene, ViewLayer | Synchronizing object | Bottle holder rolled hoop.030
Fra:1 Mem:538.28M (Peak 538.28M) | Time:00:01.09 | Mem:0.00M, Peak:0.00M | Scene, ViewLayer | Synchronizing object | Extinguisher mounting strap.001
Fra:1 Mem:538.30M (Peak 538.30M) | Time:00:01.09 | Mem:0.00M, Peak:0.00M | Scene, ViewLayer | Synchronizing object | Bottle holder rolled hoop.031
Fra:1 Mem:538.30M (Peak 538.30M) | Time:00:01.09 | Mem:0.00M, Peak:0.00M | Scene, ViewLayer | Synchronizing object | Bottle holder wire upright.060
Fra:1 Mem:538.36M (Peak 538.36M) | Time:00:01.09 | Mem:0.00M, Peak:0.00M | Scene, ViewLayer | Synchronizing object | Bottle holder wire upright.061
Fra:1 Mem:538.36M (Peak 538.36M) | Time:00:01.09 | Mem:0.00M, Peak:0.00M | Scene, ViewLayer | Synchronizing object | Bottle holder wire upright.062
Fra:1 Mem:538.37M (Peak 538.37M) | Time:00:01.09 | Mem:0.00M, Peak:0.00M | Scene, ViewLayer | Synchronizing object | Bottle holder wire upright.063
Fra:1 Mem:538.38M (Peak 538.38M) | Time:00:01.09 | Mem:0.00M, Peak:0.00M | Scene, ViewLayer | Synchronizing object | Bottle basket bottom wire.030
Fra:1 Mem:538.38M (Peak 538.38M) | Time:00:01.09 | Mem:0.00M, Peak:0.00M | Scene, ViewLayer | Synchronizing object | Bottle basket bottom wire.031
Fra:1 Mem:538.39M (Peak 538.39M) | Time:00:01.09 | Mem:0.00M, Peak:0.00M | Scene, ViewLayer | Synchronizing object | Bottle holder wall mounting plate.015
Fra:1 Mem:538.39M (Peak 538.39M) | Time:00:01.09 | Mem:0.00M, Peak:0.00M | Scene, ViewLayer | Synchronizing object | Bottle basket wall standoff.030
Fra:1 Mem:538.39M (Peak 538.39M) | Time:00:01.09 | Mem:0.00M, Peak:0.00M | Scene, ViewLayer | Synchronizing object | Bottle holder fixing screw.030
Fra:1 Mem:538.41M (Peak 538.41M) | Time:00:01.09 | Mem:0.00M, Peak:0.00M | Scene, ViewLayer | Synchronizing object | Bottle basket wall standoff.031
Fra:1 Mem:538.41M (Peak 538.41M) | Time:00:01.09 | Mem:0.00M, Peak:0.00M | Scene, ViewLayer | Synchronizing object | Bottle holder fixing screw.031
Fra:1 Mem:538.42M (Peak 538.42M) | Time:00:01.09 | Mem:0.00M, Peak:0.00M | Scene, ViewLayer | Synchronizing object | Upper berth guard mesh horizontal.071
Fra:1 Mem:538.41M (Peak 538.42M) | Time:00:01.09 | Mem:0.00M, Peak:0.00M | Scene, ViewLayer | Synchronizing object | Extinguisher mounting strap
Fra:1 Mem:538.43M (Peak 538.43M) | Time:00:01.09 | Mem:0.00M, Peak:0.00M | Scene, ViewLayer | Synchronizing object | Upper berth guard mesh horizontal.073
Fra:1 Mem:538.45M (Peak 538.45M) | Time:00:01.09 | Mem:0.00M, Peak:0.00M | Scene, ViewLayer | Synchronizing object | Upper berth guard mesh horizontal.072
Fra:1 Mem:538.45M (Peak 538.45M) | Time:00:01.09 | Mem:0.00M, Peak:0.00M | Scene, ViewLayer | Synchronizing object | Upper berth guard mesh horizontal.074
Fra:1 Mem:538.47M (Peak 538.47M) | Time:00:01.09 | Mem:0.00M, Peak:0.00M | Scene, ViewLayer | Synchronizing object | Upper berth safety rail.042
Fra:1 Mem:538.47M (Peak 538.47M) | Time:00:01.09 | Mem:0.00M, Peak:0.00M | Scene, ViewLayer | Synchronizing object | Upper berth safety rail.043
Fra:1 Mem:538.48M (Peak 538.48M) | Time:00:01.09 | Mem:0.00M, Peak:0.00M | Scene, ViewLayer | Synchronizing object | Upper berth safety rail.044
Fra:1 Mem:538.48M (Peak 538.48M) | Time:00:01.09 | Mem:0.00M, Peak:0.00M | Scene, ViewLayer | Synchronizing object | Middle berth folding hinge axle.028
Fra:1 Mem:538.49M (Peak 538.49M) | Time:00:01.09 | Mem:0.00M, Peak:0.00M | Scene, ViewLayer | Synchronizing object | Parked berth support chain link.252
Fra:1 Mem:538.49M (Peak 538.49M) | Time:00:01.09 | Mem:0.00M, Peak:0.00M | Scene, ViewLayer | Synchronizing object | Parked berth support chain link.253
Fra:1 Mem:538.53M (Peak 538.53M) | Time:00:01.09 | Mem:0.00M, Peak:0.00M | Scene, ViewLayer | Synchronizing object | Parked berth support chain link.254
Fra:1 Mem:538.54M (Peak 538.54M) | Time:00:01.09 | Mem:0.00M, Peak:0.00M | Scene, ViewLayer | Synchronizing object | Parked berth support chain link.255
Fra:1 Mem:538.57M (Peak 538.57M) | Time:00:01.09 | Mem:0.00M, Peak:0.00M | Scene, ViewLayer | Synchronizing object | Parked berth support chain link.256
Fra:1 Mem:538.59M (Peak 538.59M) | Time:00:01.09 | Mem:0.00M, Peak:0.00M | Scene, ViewLayer | Synchronizing object | Parked berth support chain link.257
Fra:1 Mem:538.61M (Peak 538.61M) | Time:00:01.09 | Mem:0.00M, Peak:0.00M | Scene, ViewLayer | Synchronizing object | Parked berth support chain link.258
Fra:1 Mem:538.62M (Peak 538.62M) | Time:00:01.09 | Mem:0.00M, Peak:0.00M | Scene, ViewLayer | Synchronizing object | Parked berth support chain link.259
Fra:1 Mem:538.65M (Peak 538.65M) | Time:00:01.09 | Mem:0.00M, Peak:0.00M | Scene, ViewLayer | Synchronizing object | Parked berth support chain link.260
Fra:1 Mem:538.68M (Peak 538.68M) | Time:00:01.09 | Mem:0.00M, Peak:0.00M | Scene, ViewLayer | Synchronizing object | Middle berth folding hinge axle.029
Fra:1 Mem:538.68M (Peak 538.68M) | Time:00:01.09 | Mem:0.00M, Peak:0.00M | Scene, ViewLayer | Synchronizing object | Extinguisher black hose
Fra:1 Mem:538.68M (Peak 538.68M) | Time:00:01.09 | Mem:0.00M, Peak:0.00M | Scene, ViewLayer | Synchronizing object | Parked berth support chain link.261
Fra:1 Mem:538.69M (Peak 538.69M) | Time:00:01.09 | Mem:0.00M, Peak:0.00M | Scene, ViewLayer | Synchronizing object | Parked berth support chain link.262
Fra:1 Mem:538.72M (Peak 538.72M) | Time:00:01.09 | Mem:0.00M, Peak:0.00M | Scene, ViewLayer | Synchronizing object | Extinguisher squeeze handle
Fra:1 Mem:538.73M (Peak 538.73M) | Time:00:01.09 | Mem:0.00M, Peak:0.00M | Scene, ViewLayer | Synchronizing object | Parked berth support chain link.263
Fra:1 Mem:538.76M (Peak 538.76M) | Time:00:01.09 | Mem:0.00M, Peak:0.00M | Scene, ViewLayer | Synchronizing object | Parked berth support chain link.264
Fra:1 Mem:538.76M (Peak 538.76M) | Time:00:01.09 | Mem:0.00M, Peak:0.00M | Scene, ViewLayer | Synchronizing object | Parked berth support chain link.265
Fra:1 Mem:538.78M (Peak 538.78M) | Time:00:01.09 | Mem:0.00M, Peak:0.00M | Scene, ViewLayer | Synchronizing object | Extinguisher valve neck
Fra:1 Mem:538.79M (Peak 538.79M) | Time:00:01.09 | Mem:0.00M, Peak:0.00M | Scene, ViewLayer | Synchronizing object | Parked berth support chain link.266
Fra:1 Mem:538.82M (Peak 538.82M) | Time:00:01.09 | Mem:0.00M, Peak:0.00M | Scene, ViewLayer | Synchronizing object | Parked berth support chain link.267
Fra:1 Mem:538.83M (Peak 538.83M) | Time:00:01.09 | Mem:0.00M, Peak:0.00M | Scene, ViewLayer | Synchronizing object | Parked berth support chain link.268
Fra:1 Mem:538.88M (Peak 538.88M) | Time:00:01.09 | Mem:0.00M, Peak:0.00M | Scene, ViewLayer | Synchronizing object | Berth individual moulded control plate.014
Fra:1 Mem:538.89M (Peak 538.89M) | Time:00:01.09 | Mem:0.00M, Peak:0.00M | Scene, ViewLayer | Synchronizing object | Berth toggle switch.028
Fra:1 Mem:538.91M (Peak 538.91M) | Time:00:01.09 | Mem:0.00M, Peak:0.00M | Scene, ViewLayer | Synchronizing object | Extinguisher steel mounting backplate
Fra:1 Mem:538.91M (Peak 538.91M) | Time:00:01.09 | Mem:0.00M, Peak:0.00M | Scene, ViewLayer | Synchronizing object | Upper berth guard mesh horizontal.076
Fra:1 Mem:538.92M (Peak 538.92M) | Time:00:01.09 | Mem:0.00M, Peak:0.00M | Scene, ViewLayer | Synchronizing object | Window table wall hinge.007
Fra:1 Mem:538.93M (Peak 538.93M) | Time:00:01.09 | Mem:0.00M, Peak:0.00M | Scene, ViewLayer | Synchronizing object | Upper berth guard mesh horizontal.077
Fra:1 Mem:538.93M (Peak 538.93M) | Time:00:01.09 | Mem:0.00M, Peak:0.00M | Scene, ViewLayer | Synchronizing object | Upper berth guard mesh horizontal.078
Fra:1 Mem:538.94M (Peak 538.94M) | Time:00:01.09 | Mem:0.00M, Peak:0.00M | Scene, ViewLayer | Synchronizing object | Upper berth guard mesh horizontal.079
Fra:1 Mem:538.94M (Peak 538.94M) | Time:00:01.09 | Mem:0.00M, Peak:0.00M | Scene, ViewLayer | Synchronizing object | Upper berth safety rail.045
Fra:1 Mem:538.94M (Peak 538.94M) | Time:00:01.09 | Mem:0.00M, Peak:0.00M | Scene, ViewLayer | Synchronizing object | Upper berth safety rail.046
Fra:1 Mem:538.95M (Peak 538.95M) | Time:00:01.09 | Mem:0.00M, Peak:0.00M | Scene, ViewLayer | Synchronizing object | Upper berth safety rail.047
Fra:1 Mem:538.95M (Peak 538.95M) | Time:00:01.09 | Mem:0.00M, Peak:0.00M | Scene, ViewLayer | Synchronizing object | Middle berth folding hinge axle.030
Fra:1 Mem:538.96M (Peak 538.96M) | Time:00:01.09 | Mem:0.00M, Peak:0.00M | Scene, ViewLayer | Synchronizing object | Middle berth retention latch.030
Fra:1 Mem:538.96M (Peak 538.96M) | Time:00:01.09 | Mem:0.00M, Peak:0.00M | Scene, ViewLayer | Synchronizing object | Berth toggle switch.031
Fra:1 Mem:538.97M (Peak 538.97M) | Time:00:01.09 | Mem:0.00M, Peak:0.00M | Scene, ViewLayer | Synchronizing object | Parked berth support chain link.271
Fra:1 Mem:539.01M (Peak 539.01M) | Time:00:01.09 | Mem:0.00M, Peak:0.00M | Scene, ViewLayer | Synchronizing object | Parked berth support chain link.272
Fra:1 Mem:539.03M (Peak 539.03M) | Time:00:01.09 | Mem:0.00M, Peak:0.00M | Scene, ViewLayer | Synchronizing object | Berth toggle switch.030
Fra:1 Mem:539.03M (Peak 539.03M) | Time:00:01.09 | Mem:0.00M, Peak:0.00M | Scene, ViewLayer | Synchronizing object | Parked berth support chain link.273
Fra:1 Mem:539.04M (Peak 539.04M) | Time:00:01.09 | Mem:0.00M, Peak:0.00M | Scene, ViewLayer | Synchronizing object | Parked berth support chain link.274
Fra:1 Mem:539.08M (Peak 539.08M) | Time:00:01.09 | Mem:0.00M, Peak:0.00M | Scene, ViewLayer | Synchronizing object | Berth individual moulded control plate.015
Fra:1 Mem:539.08M (Peak 539.08M) | Time:00:01.09 | Mem:0.00M, Peak:0.00M | Scene, ViewLayer | Synchronizing object | Parked berth support chain link.277
Fra:1 Mem:539.14M (Peak 539.14M) | Time:00:01.09 | Mem:0.00M, Peak:0.00M | Scene, ViewLayer | Synchronizing object | Parked berth support chain link.287
Fra:1 Mem:539.15M (Peak 539.15M) | Time:00:01.09 | Mem:0.00M, Peak:0.00M | Scene, ViewLayer | Synchronizing object | Middle berth folding hinge axle.031
Fra:1 Mem:539.18M (Peak 539.18M) | Time:00:01.09 | Mem:0.00M, Peak:0.00M | Scene, ViewLayer | Synchronizing object | Middle berth retention latch.031
Fra:1 Mem:539.19M (Peak 539.19M) | Time:00:01.09 | Mem:0.00M, Peak:0.00M | Scene, ViewLayer | Synchronizing object | Parked berth support chain link.279
Fra:1 Mem:539.21M (Peak 539.21M) | Time:00:01.09 | Mem:0.00M, Peak:0.00M | Scene, ViewLayer | Synchronizing object | Parked berth support chain link.280
Fra:1 Mem:539.23M (Peak 539.23M) | Time:00:01.09 | Mem:0.00M, Peak:0.00M | Scene, ViewLayer | Synchronizing object | Parked berth support chain link.281
Fra:1 Mem:539.24M (Peak 539.24M) | Time:00:01.09 | Mem:0.00M, Peak:0.00M | Scene, ViewLayer | Synchronizing object | Parked berth support chain link.286
Fra:1 Mem:539.25M (Peak 539.25M) | Time:00:01.09 | Mem:0.00M, Peak:0.00M | Scene, ViewLayer | Synchronizing object | Parked berth support chain link.282
Fra:1 Mem:539.26M (Peak 539.26M) | Time:00:01.09 | Mem:0.00M, Peak:0.00M | Scene, ViewLayer | Synchronizing object | Parked berth support chain link.283
Fra:1 Mem:539.31M (Peak 539.31M) | Time:00:01.09 | Mem:0.00M, Peak:0.00M | Scene, ViewLayer | Synchronizing object | Parked berth support chain link.284
Fra:1 Mem:539.32M (Peak 539.32M) | Time:00:01.09 | Mem:0.00M, Peak:0.00M | Scene, ViewLayer | Synchronizing object | Parked berth support chain link.285
Fra:1 Mem:539.35M (Peak 539.35M) | Time:00:01.09 | Mem:0.00M, Peak:0.00M | Scene, ViewLayer | Initializing
Fra:1 Mem:514.35M (Peak 539.35M) | Time:00:01.13 | Mem:0.00M, Peak:0.00M | Scene, ViewLayer | Updating Images | Loading class_hi_3A.png
Fra:1 Mem:335.14M (Peak 539.35M) | Time:00:01.29 | Mem:0.60M, Peak:0.60M | Scene, ViewLayer | Waiting for render to start
Fra:1 Mem:335.15M (Peak 539.35M) | Time:00:01.29 | Mem:0.60M, Peak:0.60M | Scene, ViewLayer | Loading render kernels (may take a few minutes the first time)
Fra:1 Mem:335.15M (Peak 539.35M) | Time:00:01.29 | Mem:0.60M, Peak:0.60M | Scene, ViewLayer | Updating Scene
Fra:1 Mem:335.15M (Peak 539.35M) | Time:00:01.29 | Mem:0.60M, Peak:0.60M | Scene, ViewLayer | Updating Shaders
Fra:1 Mem:335.28M (Peak 539.35M) | Time:00:01.30 | Mem:0.65M, Peak:0.65M | Scene, ViewLayer | Updating Procedurals
Fra:1 Mem:335.28M (Peak 539.35M) | Time:00:01.30 | Mem:0.65M, Peak:0.65M | Scene, ViewLayer | Updating Background
Fra:1 Mem:335.28M (Peak 539.35M) | Time:00:01.30 | Mem:0.65M, Peak:0.65M | Scene, ViewLayer | Updating Camera
Fra:1 Mem:335.28M (Peak 539.35M) | Time:00:01.30 | Mem:0.65M, Peak:0.65M | Scene, ViewLayer | Updating Meshes Flags
Fra:1 Mem:335.28M (Peak 539.35M) | Time:00:01.30 | Mem:0.65M, Peak:0.65M | Scene, ViewLayer | Updating Objects
Fra:1 Mem:335.28M (Peak 539.35M) | Time:00:01.30 | Mem:0.65M, Peak:0.65M | Scene, ViewLayer | Updating Objects | Copying Transformations to device
Fra:1 Mem:336.78M (Peak 539.35M) | Time:00:01.30 | Mem:2.11M, Peak:2.11M | Scene, ViewLayer | Updating Objects | Applying Static Transformations
Fra:1 Mem:336.78M (Peak 539.35M) | Time:00:01.30 | Mem:2.11M, Peak:2.11M | Scene, ViewLayer | Updating Particle Systems
Fra:1 Mem:336.78M (Peak 539.35M) | Time:00:01.30 | Mem:2.11M, Peak:2.11M | Scene, ViewLayer | Updating Particle Systems | Copying Particles to device
Fra:1 Mem:336.78M (Peak 539.35M) | Time:00:01.30 | Mem:2.11M, Peak:2.11M | Scene, ViewLayer | Updating Meshes
Fra:1 Mem:348.60M (Peak 539.35M) | Time:00:01.34 | Mem:2.11M, Peak:2.11M | Scene, ViewLayer | Updating Mesh | Computing attributes
Fra:1 Mem:354.62M (Peak 539.35M) | Time:00:01.35 | Mem:2.50M, Peak:2.50M | Scene, ViewLayer | Updating Mesh | Copying Attributes to device
Fra:1 Mem:353.65M (Peak 539.35M) | Time:00:01.36 | Mem:7.17M, Peak:7.17M | Scene, ViewLayer | Updating Scene BVH | Building
Fra:1 Mem:353.75M (Peak 539.35M) | Time:00:01.36 | Mem:7.17M, Peak:7.17M | Scene, ViewLayer | Updating Scene BVH | Building BVH
Fra:1 Mem:353.75M (Peak 539.35M) | Time:00:01.36 | Mem:30.80M, Peak:30.80M | Scene, ViewLayer | Updating Scene BVH | Building BVH 0%
Fra:1 Mem:353.75M (Peak 539.35M) | Time:00:01.51 | Mem:55.17M, Peak:78.80M | Scene, ViewLayer | Updating Scene BVH | Copying BVH to device
Fra:1 Mem:353.75M (Peak 539.35M) | Time:00:01.51 | Mem:55.17M, Peak:78.80M | Scene, ViewLayer | Updating Mesh | Computing normals
Fra:1 Mem:380.97M (Peak 539.35M) | Time:00:01.54 | Mem:55.17M, Peak:78.80M | Scene, ViewLayer | Updating Mesh | Copying Mesh to device
Fra:1 Mem:380.97M (Peak 539.35M) | Time:00:01.54 | Mem:82.38M, Peak:82.38M | Scene, ViewLayer | Updating Objects Flags
Fra:1 Mem:380.97M (Peak 539.35M) | Time:00:01.54 | Mem:82.43M, Peak:82.43M | Scene, ViewLayer | Updating Primitive Offsets
Fra:1 Mem:380.99M (Peak 539.35M) | Time:00:01.54 | Mem:82.46M, Peak:82.46M | Scene, ViewLayer | Updating Images
Fra:1 Mem:380.99M (Peak 539.35M) | Time:00:01.54 | Mem:82.46M, Peak:82.46M | Scene, ViewLayer | Updating Camera Volume
Fra:1 Mem:380.99M (Peak 539.35M) | Time:00:01.54 | Mem:82.46M, Peak:82.46M | Scene, ViewLayer | Updating Lookup Tables
Fra:1 Mem:380.99M (Peak 539.35M) | Time:00:01.54 | Mem:82.54M, Peak:82.54M | Scene, ViewLayer | Updating Lights
Fra:1 Mem:380.99M (Peak 539.35M) | Time:00:01.54 | Mem:82.54M, Peak:82.54M | Scene, ViewLayer | Updating Lights | Computing tree
Fra:1 Mem:381.49M (Peak 539.35M) | Time:00:01.55 | Mem:83.04M, Peak:83.04M | Scene, ViewLayer | Updating Integrator
Fra:1 Mem:381.49M (Peak 539.35M) | Time:00:01.55 | Mem:83.04M, Peak:83.04M | Scene, ViewLayer | Updating Film
Fra:1 Mem:381.50M (Peak 539.35M) | Time:00:01.55 | Mem:82.96M, Peak:83.04M | Scene, ViewLayer | Updating Lookup Tables
Fra:1 Mem:381.50M (Peak 539.35M) | Time:00:01.55 | Mem:83.04M, Peak:83.04M | Scene, ViewLayer | Updating Baking
Fra:1 Mem:381.50M (Peak 539.35M) | Time:00:01.55 | Mem:83.04M, Peak:83.04M | Scene, ViewLayer | Updating Device | Writing constant memory
Fra:1 Mem:381.60M (Peak 539.35M) | Time:00:01.55 | Mem:83.04M, Peak:83.04M | Scene, ViewLayer | Sample 0/64
Fra:1 Mem:403.93M (Peak 539.35M) | Time:00:03.28 | Remaining:01:49.00 | Mem:105.37M, Peak:105.37M | Scene, ViewLayer | Sample 1/64
Fra:1 Mem:403.93M (Peak 539.35M) | Time:00:24.80 | Remaining:01:04.29 | Mem:105.37M, Peak:105.37M | Scene, ViewLayer | Sample 17/64
Fra:1 Mem:403.93M (Peak 539.35M) | Time:00:46.90 | Remaining:00:42.60 | Mem:105.37M, Peak:105.37M | Scene, ViewLayer | Sample 33/64
Fra:1 Mem:403.93M (Peak 539.35M) | Time:01:08.67 | Remaining:00:20.54 | Mem:105.37M, Peak:105.37M | Scene, ViewLayer | Sample 49/64
Fra:1 Mem:413.85M (Peak 539.35M) | Time:01:27.46 | Mem:105.37M, Peak:105.37M | Scene, ViewLayer | Sample 64/64
Fra:1 Mem:413.85M (Peak 539.35M) | Time:01:27.46 | Mem:105.37M, Peak:105.37M | Scene, ViewLayer | Finished
Saved: '/workspace/shared/icf-detail/icf_detail_v02/3A/renders/side_berth_r12_review.png'
Time: 01:27.71 (Saving: 00:00.22)

RENDER_COMPLETE 3A side_berth

Blender quit
